Date,open,high,low,close,volume
2021-01-01,468.82209902667796,491.0548995990771,466.4538106441184,487.0433349609375,7815730
2021-01-04,490.08827189700486,493.85817578090405,478.681889991952,482.2584533691406,9998803
2021-01-05,482.25842848144976,487.6716378941729,475.58859433881673,482.79010009765625,5135408
2021-01-06,485.06170266888796,488.1066533323067,473.171999267529,480.2284851074219,5203982
2021-01-07,483.4184284632508,503.5246313046283,482.838436453473,496.7097473144531,10295126
2021-01-08,502.6546302662597,509.759436536674,497.3380909076742,499.75469970703125,7272250
2021-01-11,503.08964224689936,505.07124970426435,487.18834421234305,491.39324951171875,7156036
2021-01-12,490.08826769989685,503.2829754299741,485.78669220919204,494.1965026855469,6751375
2021-01-13,498.6913559027508,521.9874383478416,497.43467227771356,518.7492065429688,11045555
2021-01-14,520.0059502663644,524.3558465821918,512.4177624047633,519.039306640625,6066782
2021-01-15,518.8942804449582,522.95419542556,506.5212539796551,510.3395080566406,5427713
2021-01-18,513.2876920801823,514.544316814618,486.9949774091845,498.3047180175781,6258367
2021-01-19,498.78804980184765,517.1542764418382,498.78804980184765,515.0276489257812,6694907
2021-01-20,511.35441672306536,543.7369743038266,511.35441672306536,539.967041015625,14440729
2021-01-21,543.1086144041703,543.1086144041703,524.5491068297328,529.38232421875,8870257
2021-01-22,531.1705783998194,538.9037260380334,513.9643367046403,517.9275512695312,6843849
2021-01-25,524.8874515967282,529.1890272264205,504.58793689409225,506.18292236328125,5816153
2021-01-27,510.62944147388765,518.120928783727,495.4048059732464,501.54296875,8920054
2021-01-28,498.49805450070767,510.33943713224835,490.13656479792536,501.78460693359375,5707393
2021-01-29,509.952806408913,515.3176664526029,490.1849629915038,492.6982421875,6781488
2021-02-01,497.14473298042395,527.2557011648072,483.4184131809145,524.645751953125,10259084
2021-02-02,530.3972574720073,536.3420791180006,521.9874479004316,532.4271850585938,7160471
2021-02-03,531.2190349946437,543.5437422035052,523.9208868394423,541.4171142578125,7462289
2021-02-04,539.2904887683181,554.2734645885613,535.5688755037442,549.4402465820312,6850462
2021-02-05,551.9534073377185,554.8050173015693,542.9153147226876,548.0385131835938,5586868
2021-02-08,553.0650915919475,574.1862280650151,552.0500687368883,562.6348266601562,8887710
2021-02-09,569.9813130655358,570.1262741781986,554.0800170942096,562.5381469726562,10917915
2021-02-10,565.2447835756858,567.4197314389527,532.1372438792904,557.6082763671875,19987392
2021-02-11,557.6082582067035,573.8962359629016,557.0766161017336,572.10791015625,10595917
2021-02-12,572.542865141752,600.9138838913423,566.5496643548422,596.0322875976562,24953701
2021-02-15,597.3373908914155,618.555228520311,590.4258659396608,606.8104858398438,15146033
2021-02-16,608.7920510504002,622.0350785076757,607.1004249627725,615.31689453125,15120148
2021-02-17,636.0514126834731,647.6511344953298,625.3216936072001,633.87646484375,34868085
2021-02-18,638.7580058282423,647.6511377282385,627.3999448307694,641.8995971679688,13189027
2021-02-19,642.7695560460852,654.0792958971851,607.6804115843504,631.7014770507812,17553743
2021-02-22,636.8247488355374,655.8676382682285,627.3516539956968,651.3244018554688,16739107
2021-02-23,657.3175509818731,659.9275001165009,637.2596992423527,639.91796875,11247164
2021-02-24,644.4612568069069,648.6178122089946,631.604909586815,643.0112915039062,3919187
2021-02-25,647.0711840068998,687.6218317269636,644.8962361268337,680.8070068359375,18596690
2021-02-26,673.8471652704693,679.9853869407413,645.7178628106006,653.3543701171875,19909990
2021-03-01,661.7641043780486,681.1453533974106,650.8410448279856,669.7872924804688,11600468
2021-03-02,674.3305140043984,700.5265894972207,672.7839079306905,696.4666748046875,11486477
2021-03-03,707.5830067281258,729.7674857471126,699.2698966422158,705.5046997070312,19961472
2021-03-04,708.7912652037319,740.1588549863411,691.9716466302315,727.350830078125,30607959
2021-03-05,727.3509648919742,735.615755602509,706.1331267643006,723.9677124023438,17665200
2021-03-08,737.2590257151126,742.1888840755166,719.3761205657322,723.43603515625,15286852
2021-03-09,730.3474573935573,734.0690701293362,714.0112182522095,725.7075805664062,8548163
2021-03-10,732.2324744300887,733.7790804793544,718.2161432363774,720.4877319335938,5235249
2021-03-12,724.0158797016935,727.0124505306738,698.883152235413,703.8613891601562,10961076
2021-03-15,703.523194912024,703.523194912024,682.4986967724483,695.0650634765625,13403522
2021-03-16,707.0031425145805,711.1596981352052,690.4251814122991,693.4217529296875,14979009
2021-03-17,691.1500708389143,693.0350373774128,660.9907832206421,665.2923583984375,8151544
2021-03-18,671.8172014872229,681.9669577686844,652.8710133615215,656.979248046875,10925357
2021-03-19,654.8044193583216,668.4340709582052,635.1815064460528,663.3591918945312,10373422
2021-03-22,663.1174220320082,702.0248217940903,658.2842046702589,697.8199462890625,22864950
2021-03-23,705.891421467533,729.8158482820778,702.846470818714,713.91455078125,30612174
2021-03-24,716.282809646465,725.4659225906504,674.3788389166391,683.2719116210938,21213413
2021-03-25,687.2834970160393,688.5884420815659,660.3625003739655,665.2923583984375,16860086
2021-03-26,674.7172166197244,686.9936018451752,669.4973177052046,679.5987548828125,12350673
2021-03-30,679.598684665113,694.0500164452619,674.0404846726892,686.8485107421875,9109273
2021-03-31,681.4837086363874,695.886721255491,675.2971662632544,678.970458984375,7752226
2021-04-01,689.7001443289739,717.249484361736,681.4836744946414,711.6912841796875,15017049
2021-04-05,707.3414531539449,720.149480833193,691.1501728801785,717.4912109375,15622924
2021-04-06,730.7824773619137,824.2569145068629,718.2161120104523,807.678955078125,64555516
2021-04-07,828.4135040255111,855.4795228268114,768.4816052512034,787.5728149414062,97717880
2021-04-08,790.7144505441695,810.0473221956162,779.1147275533016,795.5476684570312,34025873
2021-04-09,797.2392882223044,809.0806720122082,789.7961208973736,796.1276245117188,21804785
2021-04-12,782.8846501012728,782.8846501012728,710.4830231863916,719.8111572265625,28112240
2021-04-13,724.9827030179779,730.5409037411157,677.9554680825144,706.664794921875,52812517
2021-04-15,711.3529715486254,729.3325169553856,700.8165338537502,725.3209228515625,26108614
2021-04-16,725.8526576524496,768.336594028259,718.2161500881556,730.2991943359375,41791181
2021-04-19,691.1500709656964,706.5197255141378,683.851924673528,696.901611328125,22935238
2021-04-20,719.8593772036686,721.0193611244828,686.3168382391749,696.4182739257812,21315167
2021-04-22,666.5007051140728,720.0527795670235,666.5007051140728,713.1895751953125,26840536
2021-04-23,711.8845625799033,721.9859981772264,696.0799071718718,701.15478515625,18435449
2021-04-26,708.5496425674339,714.97784505263,704.5864280572686,706.3746948242188,9390549
2021-04-27,710.4829814452805,732.2324604691156,703.0881349774814,724.1610107421875,20573107
2021-04-28,729.8157961029103,734.6490132956449,716.3794287074152,721.357666015625,11156977
2021-04-29,728.0759270942486,740.3039324919356,718.6028321895226,721.841064453125,13851910
2021-04-30,714.3495300071339,734.1174009255817,700.3331995807423,705.6980590820312,12600934
2021-05-03,703.3781624290991,738.5156298573008,689.9417942547755,736.0023803710938,25953577
2021-05-04,753.8368967985525,755.9152038871952,734.6973676304119,743.107177734375,31400296
2021-05-05,746.2488557458305,748.9554460134538,708.2597742415195,713.4796142578125,29426971
2021-05-06,720.1494533324512,728.559264117524,711.0629802544662,716.0895385742188,11926793
2021-05-07,722.7593731499143,752.0486600646674,720.3910847213283,742.1405639648438,20782117
2021-05-10,748.5687069554956,753.498564922324,737.0173059948768,739.917236328125,9201326
2021-05-11,725.9492729161735,763.3583883935921,725.3209310376562,737.210693359375,12978165
2021-05-12,737.5490573738608,747.0221527329427,722.7594222827263,726.529296875,10615003
2021-05-14,732.619102496756,733.3440850923132,703.2331176904772,709.081298828125,10876267
2021-05-17,715.3161320803349,734.6490005149386,712.4162018151444,729.04248046875,12271212
2021-05-18,739.4822395488607,753.9818913047206,731.8457326910807,750.0186767578125,9877934
2021-05-19,757.848539573522,765.4850471816757,743.6388676566705,746.635498046875,15666729
2021-05-20,750.5987353837861,753.4986661064537,735.6640803621999,740.1589965820312,6964023
2021-05-21,746.2487652323061,749.3903565367167,741.0772462232014,743.5421752929688,5274817
2021-05-24,744.0255415588165,753.8853174271865,721.6960404746787,740.9805908203125,8354397
2021-05-25,747.2153546398223,750.791947050493,733.682346923189,738.5155639648438,4730725
2021-05-26,742.2371707164299,744.2188370450077,731.7491125835853,733.0057373046875,7375242
2021-05-27,733.0058037358973,739.4823274229794,724.4510317830534,726.3359985351562,7909776
2021-05-28,729.8158423559044,758.7185065998925,728.8491988560952,750.2603759765625,13623565
2021-05-31,753.9335472975148,753.9335472975148,736.292304880908,743.8804321289062,7820165
2021-06-01,747.3120426192438,775.0547219918286,738.8055918880772,771.5748291015625,17847137
2021-06-02,776.166362723339,796.5141953558225,776.166362723339,784.43115234375,27748928
2021-06-03,791.5360721655223,820.6803997126104,783.6579623852587,797.7709350585938,24105079
2021-06-04,803.0874545204708,813.8655537695068,795.547646583561,806.0357055664062,14457348
2021-06-07,809.4672449550242,868.8191171160491,807.7756189252035,849.2929077148438,33684310
2021-06-08,853.932927294501,858.1861234732426,830.4918214369065,845.039794921875,16422574
2021-06-09,849.9212899343246,870.9457858752646,803.5707227152553,824.1602172851562,31225441
2021-06-10,829.9118143049909,835.1317131140123,815.1705000564338,818.5054321289062,11744190
2021-06-11,823.5802746585665,827.8335297236346,793.3243444433753,811.7388916015625,17460610
2021-06-14,730.5891359914855,757.5585128901721,658.3808556814338,742.8171997070312,89771631
2021-06-15,776.1181435549927,776.1181435549927,729.8158930953401,736.4373779296875,45408426
2021-06-16,729.8157557930498,729.8157557930498,674.5237423622601,683.1268920898438,29440056
2021-06-17,660.2175237597429,681.1453795547507,617.0568670182137,625.3217163085938,70812142
2021-06-18,621.745066673034,681.0969379420478,616.8151497749661,671.1888427734375,76266975
2021-06-21,668.9173739845876,719.811183336147,662.2475095171249,706.664794921875,51759617
2021-06-22,715.3162169805074,736.2440731445653,713.3829299075871,718.1195068359375,35597113
2021-06-23,724.0160339785859,731.7491825391049,691.633474381413,694.7267456054688,31168761
2021-06-24,704.7529074451196,705.7263230631377,683.0457510458303,691.0277709960938,21503302
2021-06-25,695.9920920823555,699.8857541359631,687.7180602184394,693.2665405273438,12085421
2021-06-28,699.8858162392288,710.544728939295,694.0453226405705,697.2089233398438,14139292
2021-06-29,698.4256507240435,703.7794361999769,690.1516186248737,692.0984497070312,9303151
2021-06-30,698.5228701079635,698.5228701079635,683.4349313467717,684.992431640625,9100756
2021-07-01,687.2313761166847,692.9258333010655,681.3908828352398,684.408447265625,8035542
2021-07-02,686.2579367609131,705.0448442819253,686.2579367609131,691.514404296875,17676086
2021-07-05,697.9390177074591,701.8326802888118,684.3111986727249,691.1737670898438,11105134
2021-07-06,693.0719540849835,712.4916085012004,688.3021935572891,693.7533569335938,14580124
2021-07-07,697.8416606091427,703.7794719462884,687.2314069074407,700.95654296875,8719991
2021-07-08,704.7529074456801,708.6465699177556,690.2489909721688,692.7799072265625,7804439
2021-07-09,693.5585906919586,717.4072720561031,689.5188923285137,709.1332397460938,14924156
2021-07-12,714.8763778500306,716.0931472435577,696.0407519906913,698.9609985351562,8664504
2021-07-13,700.8591946688565,701.7352924272205,683.3377148021351,685.2845458984375,12287372
2021-07-14,690.5409498046849,692.5850985018571,676.8644150870703,678.7139282226562,13812481
2021-07-15,681.0988554709934,687.6207513781503,677.0104983790019,680.5147705078125,7490612
2021-07-16,681.0989212918178,684.2138631587685,667.0330536983347,669.320556640625,6941246
2021-07-19,667.7630379181694,674.5769464683548,643.8170402068306,655.7900390625,13618862
2021-07-20,643.4277022849074,662.7499779001438,642.4542866989998,654.7192993164062,11533588
2021-07-22,659.9757516266117,676.5238161954205,648.9761676486823,673.4088745117188,9740403
2021-07-23,681.390905119836,681.390905119836,659.1970418070185,661.9712524414062,8682097
2021-07-26,661.9225198545275,672.5814311376392,656.5200758764632,664.6480712890625,5339116
2021-07-27,664.6481351547822,668.0550896284648,642.7949438625033,645.5692138671875,7133113
2021-07-28,650.6310011512016,658.7589975255721,636.8084879537805,647.7107543945312,11132158
2021-07-29,653.1618911543301,653.1618911543301,640.4588289987468,642.1136474609375,4572153
2021-07-30,643.6710306200122,669.5152015170238,641.9675534123222,656.5687866210938,13440904
2021-08-02,663.869420928073,676.5238233797812,659.9757586352398,673.6035766601562,8925708
2021-08-03,679.4440726902277,695.9434786015377,676.7671798536974,686.306640625,18429941
2021-08-04,698.9123194457196,698.9123194457196,673.6035167916963,676.2317504882812,14045587
2021-08-05,676.5238302005531,681.8776159071763,665.816258787307,675.1123657226562,5851411
2021-08-06,674.5283311510818,700.7618926465377,673.0682077960015,691.8064575195312,17504802
2021-08-09,695.0186525663455,697.9388990056999,675.6476607536017,681.2935180664062,7521213
2021-08-10,683.0457541651347,687.9614911760602,665.0862240481687,674.5770263671875,5937282
2021-08-11,674.9663979215672,686.2579950683001,666.3516342508257,680.5635375976562,6297975
2021-08-12,682.3642854387306,691.5144151711248,681.3908699102873,685.3331909179688,5068665
2021-08-13,685.7226768793942,690.6384141036062,680.4662085249912,685.4306640625,3390071
2021-08-16,685.2845540220259,697.4035896226852,683.337722902645,688.1074829101562,6385995
2021-08-17,687.0367074090002,695.8948248722885,667.8117496220812,674.236328125,7262774
2021-08-18,677.9353785096288,689.470330829788,670.3914068083435,686.6474609375,7354758
2021-08-20,671.6567038973416,687.6207420738418,662.7012692961968,668.93115234375,6274741
2021-08-23,673.4088336762542,673.4088336762542,647.3213100557682,650.5335693359375,6636881
2021-08-24,655.1086165066652,683.3376653605928,650.7282468569177,676.9131469726562,7640710
2021-08-25,679.9308564619104,705.7263721329779,676.9132916012697,701.58935546875,21275432
2021-08-26,705.726297627105,713.5136222905766,698.6203757542017,702.5140380859375,14969643
2021-08-27,704.7529098741618,712.4915759465932,703.0494325367588,707.6731567382812,6751256
2021-08-30,711.1774093805724,715.8498517629423,707.7704548007617,710.5933837890625,4757858
2021-08-31,712.8321514757238,733.9552794921627,708.7437945350314,728.4067993164062,15419587
2021-09-01,730.1102619877034,731.8623979526224,717.9912274937856,724.951171875,5320381
2021-09-02,725.1945615597278,740.4285381951038,724.2211460408557,733.8092651367188,5788915
2021-09-03,735.8534953412515,741.7426475237223,725.486595990754,734.8314208984375,4491254
2021-09-06,738.2383398187434,744.6628583611459,727.3847332161652,731.229736328125,5260360
2021-09-07,733.8580503179014,735.0748198273736,721.9337091250738,725.6813354492188,3515903
2021-09-08,728.8935334850335,732.9818905739356,718.6240115753094,726.995361328125,4036193
2021-09-09,725.2919061206642,731.0350816590458,722.2743416657949,729.7696533203125,2829060
2021-09-13,728.114798851022,732.6412047212058,720.814182552382,725.2918701171875,2514604
2021-09-14,727.9201819788386,742.4727572449148,725.6326790581578,735.3181762695312,5615411
2021-09-15,738.3844081520288,749.3353338990311,733.5659889408329,745.5877075195312,7039338
2021-09-16,748.5565871574709,752.2068956124,739.7958468656409,749.1893310546875,4625316
2021-09-17,752.7422194342909,765.1046085801222,739.7958047339604,746.70703125,9701785
2021-09-20,739.6010992686229,755.3704425549907,726.2652947791462,728.9909057617188,5570433
2021-09-21,733.9553546056385,738.6277375535047,714.535701709354,729.6723022460938,7766479
2021-09-22,730.0616984938574,739.4064644695495,722.2743737099229,725.4866333007812,4343365
2021-09-23,734.3446988136939,739.7958020108515,730.5970133796502,734.4420166015625,3526253
2021-09-24,735.9022057473188,744.5656284953527,723.2478027384363,724.9999389648438,4445517
2021-09-27,729.7696260231777,733.7606058835695,716.8232115110391,730.3049926757812,3803939
2021-09-28,733.9553186639093,736.7782475007215,713.5135922820233,719.0620727539062,3748173
2021-09-29,718.0400190623602,727.9688103475038,716.4338596066375,722.2743530273438,2734053
2021-09-30,725.9732720403852,736.3888298306152,716.4338119700368,718.2833251953125,4356469
2021-10-01,716.2878425881196,718.624063783668,702.8060603478609,715.4118041992188,4008108
2021-10-04,719.2080239071855,727.6280918115705,716.4824723688664,724.4158325195312,3414151
2021-10-05,724.3671803373678,733.7606044236481,722.2743132119555,724.1724853515625,3270764
2021-10-06,727.8227663788821,729.0881946205434,702.6599405698724,704.7528076171875,3615568
2021-10-07,710.5934260292734,719.1594718851932,707.2351301470306,716.5799560546875,3237419
2021-10-08,720.0354685886347,727.1413899681932,714.0002805109366,720.2301635742188,2878232
2021-10-11,724.1238793362115,726.1680283050171,716.9205802233847,717.8453369140625,2118247
2021-10-12,718.0399981797937,721.2522575852465,709.4738938818264,717.3099365234375,2152513
2021-10-13,720.9115777234883,744.2735523869025,719.451454307025,738.8224487304688,9083125
2021-10-14,745.733678620245,795.9619599838582,743.9328834981676,791.1921997070312,19754735
2021-10-18,799.0769014140689,807.8376419413454,785.5464006124676,789.0020141601562,8883845
2021-10-19,793.3337433159859,798.2008214958386,764.1312742368698,771.1885375976562,5543852
2021-10-20,770.9451374661558,781.5553910271202,756.8306115908284,773.76806640625,5467049
2021-10-21,777.7590486080601,781.5553931360068,754.6890874739674,758.6314086914062,4607499
2021-10-22,759.556099264607,766.3700077331831,733.8579658306606,741.5479125976562,3860760
2021-10-25,744.662871755075,745.1982384078101,718.9160194046899,732.05712890625,2973109
2021-10-26,732.0085655949255,738.3844261919937,720.376236745842,729.9644165039062,3093933
2021-10-27,733.614723238173,736.4375929558131,723.8805668064986,726.0220336914062,3246881
2021-10-28,705.0935022460977,714.9736934564385,663.0419996640784,669.8071899414062,18160551
2021-10-29,678.4706888570414,690.7357019350513,668.7365326324067,674.5770263671875,7612968
2021-11-01,686.257975771366,688.204806908306,671.6567422443156,685.6739501953125,3233662
2021-11-02,688.2048119533146,695.9921365581611,682.0236468132463,683.6784057617188,3028354
2021-11-03,683.3377096996927,700.6644944448918,683.3377096996927,690.3463134765625,3036191
2021-11-04,694.0452818080431,697.4035773122089,694.0452818080431,694.7266845703125,453287
2021-11-08,697.9389814728703,715.5577799737532,690.2489745089072,711.0314331054688,3227351
2021-11-09,711.5667598894174,724.7078696821768,708.4518182782493,717.7479248046875,3456614
2021-11-10,716.8232019372214,725.2432104113396,710.6906367231848,718.2833251953125,2751881
2021-11-11,715.4118235971471,721.8363429402424,709.1332809498734,715.5578002929688,2325810
2021-11-12,718.088686171729,735.4154716354908,714.730390533897,730.3536987304688,4585484
2021-11-15,733.857982629871,736.388839211108,720.8628498197811,729.866943359375,2434426
2021-11-16,732.6898649933931,741.4506045682542,723.6857715414526,726.6060180664062,3378779
2021-11-17,724.6105517508776,725.1945773098577,713.513590829699,715.9957885742188,2444025
2021-11-18,719.7921442569722,721.5929392692686,697.1115737007482,706.7483520507812,2202581
2021-11-22,705.7263439685315,713.9030591671284,685.2846153846153,695.9921875,3557560
2021-11-23,695.0186942920809,714.0976150762475,686.4526494382218,709.86328125,3487221
2021-11-24,716.0931595555143,751.8174620336299,712.5401691003008,742.7647094726562,11647665
2021-11-25,744.4681667354334,753.7156140378269,735.4154144166565,742.1806640625,6140941
2021-11-26,730.0616368672587,745.6362851204268,694.288616660763,698.0849609375,7219931
2021-11-29,688.2048051852607,695.9921297135239,664.5021599173881,683.9217529296875,5930351
2021-11-30,685.2845749423565,693.7046435557539,661.6305880022868,665.6702270507812,6190734
2021-12-01,676.5238338854043,692.1471421954951,664.5994929284313,689.1295776367188,5582125
2021-12-02,691.1251056409501,722.5664189868894,683.6297933169767,719.4514770507812,8478638
2021-12-03,719.3541191922353,726.6547360987871,714.4870412545341,717.8453369140625,5578503
2021-12-06,719.354067681571,724.7078530296748,702.3192961194229,704.2174682617188,3537411
2021-12-07,709.6199515374146,730.0130196403801,706.5050098264783,724.902587890625,3993342
2021-12-08,731.2297195694957,744.0788157723871,728.309473133046,741.1585693359375,4621331
2021-12-09,746.3177155428948,755.1757733003781,739.7958194624878,749.28662109375,4687479
2021-12-10,748.4105299423704,773.8167117195391,742.7160726783446,747.2911376953125,10049545
2021-12-13,754.3971264508875,758.0960940270993,730.1590530747254,738.287109375,4985928
2021-12-14,735.8048315961971,745.6363048004705,730.5483639069884,743.3974609375,2919015
2021-12-15,743.3975113896487,746.2690993145178,723.1991375324102,725.6813354492188,4673906
2021-12-16,732.008510109892,736.3402212876044,719.6947793596371,725.3406372070312,3303620
2021-12-17,724.7079019933655,724.7079019933655,702.0273307779008,704.7042236328125,4973404
2021-12-20,697.9390239924611,697.9390239924611,667.2764308881898,683.0457763671875,4559002
2021-12-21,691.125043845888,708.6465238307132,683.0457066242881,706.310302734375,6943546
2021-12-22,707.673182628238,710.4961117985258,698.1823799726324,703.6334838867188,3626585
2021-12-23,713.3188879422929,727.6281081045893,709.4738847192933,711.8587646484375,6641505
2021-12-24,713.0269081047487,715.363129247868,694.4346944024726,703.1954345703125,3946754
2021-12-27,697.938932943109,707.0890626630392,694.0452708346397,703.97412109375,2663285
2021-12-28,707.7704140777902,719.2567649588913,705.9209602027058,709.86328125,3604123
2021-12-29,709.6199803809236,714.6817534403667,700.9565576784589,703.5361328125,2396416
2021-12-30,703.6821285858828,706.6996930418321,697.4035863726251,704.9962158203125,3654532
2021-12-31,705.7262853592094,715.4604410193365,705.7262853592094,710.8853759765625,2538092
2022-01-03,712.5401954550268,719.0134327443394,711.0800721036845,717.0178833007812,2377227
2022-01-04,723.2477202533184,727.1413822735248,713.1728935410616,719.597412109375,4068551
2022-01-05,719.3540899213003,738.6277058878279,714.5356710765259,734.8314208984375,5409002
2022-01-06,728.9908678726707,728.9908678726707,710.6906095411448,720.1327514648438,5440633
2022-01-07,724.9025369022851,727.8227834110259,711.0800248783981,716.5311279296875,2590751
2022-01-10,717.5045307126006,723.2477058430022,714.5842842556302,719.2080078125,2173107
2022-01-11,719.0133408930496,748.4591580501914,709.1331503794295,744.7601318359375,8959781
2022-01-12,749.0432379992235,754.2997055396839,733.9552975327025,743.2514038085938,5775798
2022-01-13,742.7160134289988,755.370414706295,739.795766980392,751.6714477539062,4049411
2022-01-14,748.5565613068862,773.8653657203831,743.3488118560603,759.3614501953125,9627761
2022-01-17,762.6710664523653,768.4142418345837,753.3263011453537,758.33935546875,3187871
2022-01-18,759.2642053833976,768.9983618626719,739.7958924248488,742.66748046875,4300929
2022-01-19,741.4992627925938,741.4992627925938,716.4338134760079,724.4158325195312,5843870
2022-01-20,724.2212311039126,731.7165433620999,715.4604904050749,718.3807373046875,4741333
2022-01-21,712.5401595126226,714.1463188831087,695.4567290461656,704.655517578125,9244367
2022-01-24,704.6554691183384,705.969556212861,670.6832460953619,683.7756958007812,5349759
2022-01-25,677.4971894300942,693.8992168746895,671.6566964177658,692.1957397460938,4482325
2022-01-27,681.1962094119818,693.3639041335898,672.6301642104843,690.2489624023438,4749083
2022-01-28,694.0453288833494,713.3189460497691,688.6915430364231,691.2711181640625,3543413
2022-01-31,700.5671437729017,704.6555007352255,695.5540302076311,697.2575073242188,2152066
2022-02-01,701.8326518050709,724.5132235384482,701.491980108059,719.1107788085938,6052108
2022-02-02,704.6555428230753,726.9953822420204,702.3193217300469,725.3892822265625,6167378
2022-02-03,724.2697926383377,725.1945492480802,710.009291176503,713.02685546875,2689612
2022-02-04,715.4604340309423,721.4469634684745,704.7528629093908,707.6244506835938,2453595
2022-02-07,709.4252085618009,710.4960012654456,694.3859271185511,696.1381225585938,2610637
2022-02-08,699.8857007415116,703.7793624980708,684.311053715275,698.7175903320312,3207780
2022-02-09,702.8060400213201,715.8498323961626,699.934452213511,713.95166015625,3186942
2022-02-10,717.3099340277757,721.8362806338937,708.6951708652044,711.6154174804688,4752601
2022-02-11,708.5492338375418,714.3897273949467,700.3238601950152,704.4608764648438,3621116
2022-02-14,695.7973989109759,695.7973989109759,672.6301215141316,677.2538452148438,6219506
2022-02-15,681.0988282358023,703.2440305682838,671.6566861280112,701.4431762695312,3319096
2022-02-16,705.6290034467289,730.8890911391004,702.9033921932473,721.0576171875,9382605
2022-02-17,721.3981716327638,725.1945156812216,711.9073709241841,714.681640625,3407347
2022-02-18,710.4960722860909,719.548825510092,706.2130198685164,708.1598510742188,2151557
2022-02-21,703.487395217469,707.4297161182773,690.6869576004224,692.1957397460938,2805791
2022-02-22,679.4440593816586,692.1957794245096,666.7896571295647,686.7933349609375,6112926
2022-02-23,692.0984557423441,700.2751701237374,686.2579624449403,687.9127807617188,2978284
2022-02-24,663.8694185940952,669.7099120128116,634.6182926045383,637.441162109375,9547717
2022-02-25,656.5687462256367,684.3110876154523,652.4317304043484,676.6697998046875,5738223
2022-02-28,671.6568150604571,690.7844568196012,666.3030288534535,688.6915893554688,4288186
2022-03-02,684.262412292221,698.8149853613406,679.0546039123512,691.4169921875,4448558
2022-03-03,699.691085146455,705.3368834514312,684.3111313458057,687.9127807617188,7533817
2022-03-04,681.2935723801845,691.8064485174499,670.7319779349933,681.5369262695312,7941457
2022-03-07,671.6567488288013,673.3115671939373,645.9098949078495,659.7810668945312,4890958
2022-03-08,661.5818565351606,673.6035139806265,652.7723988872974,670.5372314453125,3831397
2022-03-09,678.470645516245,698.9123722821577,674.2849704895484,695.1160278320312,5351552
2022-03-10,708.5491882251865,718.039989645006,701.4432073243947,710.9827270507812,5850213
2022-03-11,710.1066422933254,712.2968272764097,703.0980384649416,710.0579833984375,2864685
2022-03-14,706.6510353482366,714.0003109196329,704.7528631299444,711.1287231445312,1905433
2022-03-15,713.5136697851601,716.4339167283464,697.2089576857039,702.1246948242188,4228582
2022-03-16,706.6996926064398,710.10664704738,701.8326148336682,704.5581665039062,2693057
2022-03-17,711.0800394332811,724.0264540045149,710.155282804071,720.4248046875,4957379
2022-03-21,721.3008408346975,730.499628622592,706.115583740045,715.6063842773438,6662688
2022-03-22,715.4604238035367,724.1238458976143,703.8280961870742,719.5001220703125,5010054
2022-03-23,728.0661648917239,731.0350704056644,712.3454801585849,714.24365234375,4698808
2022-03-24,713.5136112681823,722.5663641671061,711.5667801323892,713.95166015625,2914647
2022-03-25,717.4072418366865,727.0440792980277,710.6419920562555,723.4910888671875,4003497
2022-03-28,727.1414434673667,729.769677434703,707.2350828312944,717.4072875976562,5691095
2022-03-29,721.3009026346087,746.5123884485381,718.4293149588804,741.6939697265625,11423551
2022-03-30,748.361891682578,755.3218368972563,741.8399953647278,746.9991455078125,6913983
2022-03-31,746.9991331657748,760.2375611701626,745.149619815313,753.6183471679688,5468951
2022-04-01,753.910342171281,769.6796859365254,753.910342171281,764.8612670898438,6816743
2022-04-04,769.9716604642281,800.2935770528462,762.8170803045874,796.7892456054688,13743062
2022-04-05,817.6690824272222,838.0134916954996,804.0412643867685,825.5050659179688,21090646
2022-04-06,830.2747035610616,839.7168451220805,817.6689618500278,827.257080078125,8785541
2022-04-07,827.4031826689433,842.9778308132998,791.9708343755049,795.6698608398438,11662093
2022-04-08,801.1210689391845,822.34151793501,795.6699651391365,816.9877319335938,5777924
2022-04-11,817.669150522461,837.1374636301387,816.987747681177,831.8323364257812,6030153
2022-04-12,831.1995212598333,836.1639165570192,812.8019444995472,822.4387817382812,5597246
2022-04-13,827.3058915636782,832.1729692657528,814.2620995570903,818.15576171875,2955807
2022-04-18,809.248939807046,824.2395620432458,799.5635032599448,820.2972412109375,3969878
2022-04-19,826.4298651065665,827.6466346370531,785.5464088822133,797.5194091796875,4472320
2022-04-20,803.65185050425,813.7267370465195,798.200747215126,805.6473999023438,3071216
2022-04-21,810.8551809051891,836.0666682781944,810.173778114351,827.8899536132812,5539106
2022-04-22,824.9210469574624,862.4462057660085,818.3504917780938,850.9112548828125,17864000
2022-04-25,850.7165487851208,857.5304577711249,826.0891467610776,836.6993408203125,10145325
2022-04-26,844.9247837496564,888.7284879763091,842.3939268260359,885.321533203125,21010788
2022-04-27,889.7505378225483,900.0687790681169,856.6057477604678,863.711669921875,20793885
2022-04-28,875.1005136420562,876.3172829880546,853.4906781746113,863.516845703125,8778304
2022-04-29,868.9680909742108,875.0032793890075,829.4473831959153,833.6331176757812,11543840
2022-05-02,827.4032535219648,839.911620119003,815.7709253105237,833.7791137695312,5760499
2022-05-04,837.62413640847,841.225786065199,784.3782904044638,791.1921997070312,7969164
2022-05-05,799.0769286810782,813.2887733674722,784.573011770416,789.78076171875,6597383
2022-05-06,776.6882366987322,799.1254516718675,769.1929256063061,789.829345703125,6150326
2022-05-09,785.9844319999984,785.9844319999984,762.1844088822711,771.5291748046875,4768026
2022-05-10,774.0600509240644,782.5774369170392,744.7115485661004,748.6538696289062,5344522
2022-05-11,750.5034368920279,764.082596562667,729.1369523249735,739.6985473632812,8985117
2022-05-12,738.8223815314271,738.8223815314271,686.5499560939231,694.3372802734375,10570456
2022-05-13,707.6730767268695,716.3364985426107,683.142993959188,687.134033203125,7247809
2022-05-16,695.9920714261239,708.792508812484,685.2845010964912,693.5585327148438,5606071
2022-05-17,700.8591389728097,727.4333694430156,696.3327332685841,724.951171875,4430294
2022-05-18,732.6412496037057,746.8044342082076,722.274350059521,739.6011352539062,9020504
2022-05-19,724.221236786509,727.4821554182997,710.5934178147198,713.3189697265625,4445667
2022-05-20,730.0129909484608,752.2555121153044,725.2918899652705,747.1450805664062,5434279
2022-05-23,754.2510749609467,759.1668714083017,731.2784899243595,733.517333984375,4787481
2022-05-24,736.4861927500302,744.4682122659352,727.628134873125,732.154541015625,4653281
2022-05-25,715.460471827004,724.1725534004735,686.6473935973678,689.0809326171875,7699306
2022-05-26,693.0718765313168,700.1777982143626,650.3876281251397,682.8510131835938,13569693
2022-05-27,695.1160182816074,695.1160182816074,678.4706361945174,684.408447265625,5815428
2022-05-30,695.0186828053576,717.4072398144937,691.1250207168121,715.1683959960938,5546106
2022-05-31,711.6641922419284,729.0883569815526,708.6466273465558,720.1815795898438,6346866
2022-06-01,720.1328059471393,723.9291503252189,709.6685888727019,717.3099365234375,3196984
2022-06-02,717.4072368799289,731.9111518654595,710.8366821323854,728.5528564453125,3536560
2022-06-03,737.8489606370688,738.335668394745,719.1107119665364,720.2301635742188,2960614
2022-06-06,718.8673578220515,725.1945586695035,706.0182611416353,721.5442504882812,2753267
2022-06-07,719.3541111006876,722.7610656187559,694.4346961049889,715.0223999023438,2488075
2022-06-08,715.9958412031954,720.3275525571688,706.0669900827304,709.2305908203125,2839931
2022-06-09,706.6996957453475,717.4072668930044,703.8767668595734,715.9471435546875,2604731
2022-06-10,706.699721325451,712.6862509942702,699.1070915738904,707.089111328125,3377686
2022-06-13,692.0984455590109,695.7000949219304,670.4886087940638,676.7671508789062,4535069
2022-06-14,676.9132499800925,702.6113868549486,675.1123954247278,685.9660034179688,6144330
2022-06-15,692.0012053883097,694.3373672873894,682.9483923650762,685.041259765625,2447673
2022-06-16,693.0232129771895,698.0362674141161,659.0023276088142,663.577392578125,4301251
2022-06-17,659.0023038159312,671.1213388631544,645.3744866026033,651.1663208007812,6103963
2022-06-20,653.1617956659196,655.9847243600539,635.7376345798498,645.5205078125,3507676
2022-06-21,652.6751339700027,673.1655196565691,649.3654972959542,670.7806396484375,3313116
2022-06-22,666.692302347276,669.5638305535598,647.8566767003686,650.5335693359375,2964156
2022-06-23,654.8166774178962,665.134858877596,648.4894761008455,657.3475341796875,2762533
2022-06-24,664.8428898758294,669.6613092325546,659.0997137678012,668.1525268554688,2740927
2022-06-27,679.4440622444112,680.1254650202936,666.6923421478324,669.466552734375,2711512
2022-06-28,662.8960018708867,665.621553579031,652.431784513894,660.0244140625,4596840
2022-06-29,657.05551515861,666.2056453569586,649.2681905345079,659.7810668945312,3332554
2022-06-30,662.4578691726302,667.6656774506072,648.8787118331794,654.183837890625,3502799
2022-07-01,652.188411441944,661.9225668365999,638.5605938894258,659.87841796875,3151179
2022-07-04,661.7764567894604,666.1081673385428,655.2059026323041,663.8693237304688,1874921
2022-07-05,668.2011222322782,675.745092813108,658.953674423519,660.705810546875,2472875
2022-07-06,659.9757320307342,677.7892244198464,659.1483525918886,675.8910522460938,2634839
2022-07-07,682.364284994286,688.2047781611415,676.5237918274305,684.8951416015625,2896584
2022-07-08,691.0277246260783,698.6690129497377,687.7667468769944,696.6735229492188,3880791
2022-07-11,695.9921234349802,712.5401879082594,694.0939512158252,709.8146362304688,3814715
2022-07-12,709.6199422088238,723.1504422381904,707.040367213544,712.44287109375,5846548
2022-07-13,717.4559167832402,719.3540889817413,705.0935274581443,707.4297485351562,2373553
2022-07-14,714.5359446050677,716.3002189232111,702.3329525163219,710.0762329101562,2859869
2022-07-15,723.0632621882534,723.7983813934419,711.6933825868452,716.398193359375,4127381
2022-07-18,722.3281985569157,727.7680691290079,718.064470944291,725.0726318359375,2403691
2022-07-19,722.3281950052723,736.8835323866213,719.4857099441655,734.1390991210938,2864129
2022-07-20,741.9313962582874,741.9313962582874,727.1800146916886,728.7972412109375,2176017
2022-07-21,732.8648827426632,741.8823573411123,726.4938493602158,739.284912109375,2639283
2022-07-22,742.6174765775486,749.7726251806967,736.6384708933732,739.284912109375,2854708
2022-07-25,741.9804220349647,742.225461804461,731.2476681661918,735.0703125,1592179
2022-07-26,735.0212966825952,738.5498453384897,730.2184934003648,734.2371215820312,1803260
2022-07-27,733.8450711303758,747.0772179164514,732.2277848157473,745.5579833984375,2539587
2022-07-28,748.4984317623454,753.3501708718825,742.617477860694,749.33154296875,2696358
2022-07-29,753.7422549408946,760.2603360816845,743.7936173731955,748.5474243164062,3182798
2022-08-01,754.7224475307138,788.0478543047972,749.8706484031845,785.3524169921875,6459641
2022-08-02,784.9603492132538,794.3209159756414,779.2264427153897,786.381591796875,4393310
2022-08-03,786.8716028089732,793.8307673343758,779.5694065764978,791.184326171875,3326267
2022-08-04,794.9579295652658,804.2204439004311,780.6966283567257,791.2333374023438,4641779
2022-08-05,795.0069393436322,802.4561836228846,789.5180728845264,794.173828125,2807602
2022-08-08,796.7712339827186,806.6708154430628,779.5693965595726,785.7444458007812,7519923
2022-08-10,787.0677385630786,791.9685339464103,762.8577974045872,774.86474609375,5541103
2022-08-11,778.932379168038,784.0292179976699,772.6593375586206,777.0210571289062,2140171
2022-08-12,777.7561556978354,783.8331533782642,769.914883806742,772.7083129882812,2281608
2022-08-16,776.5799944249188,809.6113659951208,775.4528474248696,807.798095703125,6820860
2022-08-17,810.9345590116925,815.4433264968458,804.8576208140479,808.3861694335938,3694850
2022-08-18,808.386115800409,819.8539877893261,804.1714441666446,816.5214233398438,3836669
2022-08-19,820.6381422229778,866.3625845876392,817.4036294110573,854.5026245117188,24506694
2022-08-22,858.8153418750147,874.2038503926767,820.7361282048854,823.57861328125,14693558
2022-08-23,819.2168735486116,840.1922999070705,790.1061395213858,815.9823608398438,13515300
2022-08-24,813.7769595602491,821.5202391123449,800.887845575523,819.7069091796875,6558722
2022-08-25,823.8235863330317,825.636856436346,796.1830923520303,799.8096923828125,6287921
2022-08-26,804.7105560217407,828.2343725193311,801.4270472319489,821.0792236328125,8513113
2022-08-29,798.9274991157804,827.8421867980777,798.8295071549927,819.804931640625,6652807
2022-08-30,827.2541270026944,843.5247411159773,822.059296700802,825.4408569335938,9490984
2022-09-01,825.0978209956834,829.7535761709773,814.8551476452053,821.1771850585938,3888408
2022-09-02,825.2939143447409,843.8189441902193,821.422274159408,835.0465087890625,8840020
2022-09-05,837.986966050242,847.7395602633337,831.370892665744,834.017333984375,5434684
2022-09-06,837.7419381406784,841.5155264910859,827.3032205012066,833.4782104492188,3380947
2022-09-07,830.1946184280821,861.3146646324406,828.3322925208369,857.5410766601562,8930248
2022-09-08,863.1279656741204,870.7732535049527,849.79782760218,867.4896850585938,7943521
2022-09-09,871.165259679817,906.6470255077626,869.4009855409572,888.8571166992188,18369177
2022-09-12,896.551379958762,923.3097066254328,892.9247799742774,919.879150390625,12571292
2022-09-13,927.2304202619224,934.9737003438787,914.4883531758707,929.974853515625,9651873
2022-09-14,922.3296358290318,939.7764543825388,920.3693177932633,929.043701171875,8500355
2022-09-15,936.0518650429527,953.4006916792613,931.5431574760744,949.3330078125,8703534
2022-09-16,950.9992266028705,957.0762240919869,907.7742405936647,919.5851440429688,10712402
2022-09-19,924.191939531702,953.3026137991982,916.7426952815225,940.560546875,7922869
2022-09-20,954.8709075841145,968.2500420090648,947.8137508354,950.999267578125,7539047
2022-09-21,954.6748929676694,956.7332029961495,898.9038203625843,914.390380859375,13178269
2022-09-22,915.3705262935063,934.5816190212273,909.6365601721898,927.8675537109375,8855564
2022-09-23,931.1510804485182,931.9841916960977,892.0917669509469,895.6693115234375,6646619
2022-09-26,890.9645126596695,891.8466796711733,838.28096749415,846.269287109375,9880236
2022-09-27,843.9169159128309,857.6391421878363,817.2565786137029,827.4502563476562,11598728
2022-09-28,819.3149615300516,830.1947028921263,807.0139177778121,810.6895141601562,7040943
2022-09-29,822.353413056828,830.684764678977,796.9182746690825,800.2018432617188,7476709
2022-09-30,806.180762863197,813.9730387365539,785.1073447458002,804.3674926757812,10406215
2022-10-03,804.7104619576846,817.8446152298948,757.8098822275706,768.836669921875,12903551
2022-10-04,788.0477721259211,809.9053040894588,774.4235392005506,806.7197875976562,10445528
2022-10-06,816.3744089750778,818.4327188292981,805.9846882667043,807.7489624023438,6175752
2022-10-07,804.7105837602707,809.6113790328667,790.3512296818998,800.6919555664062,6086925
2022-10-10,791.4783348225177,797.8003718766428,783.1469839296491,792.06640625,4642360
2022-10-11,797.8493947617925,804.3184199788476,779.4714142313459,781.5297241210938,6193388
2022-10-12,785.1074049407271,790.4982797561753,770.7480508208233,787.9498901367188,5628537
2022-10-13,790.9882855277109,795.6440406160091,761.5835165489856,769.1797485351562,7491563
2022-10-14,788.047770319403,790.596159577342,762.8086781729793,764.6219482421875,4562526
2022-10-17,766.5823254129903,774.2766094117422,756.3397117832089,770.6010131835938,4602870
2022-10-18,775.7468200021651,798.8295515199031,774.81565702636,793.8797607421875,7372253
2022-10-19,797.8494617753729,807.1119767055334,785.2544419902785,789.0770263671875,5222275
2022-10-20,785.1073413448753,805.9357196264965,779.2753834611901,803.7793579101562,4481441
2022-10-21,807.8470181473003,807.8470181473003,783.5390881643938,785.7444458007812,5266210
2022-10-24,791.9684638811298,793.9287818610335,786.0875099414184,789.51806640625,665021
2022-10-25,790.6942602543445,796.6242101119399,781.2846981622811,784.47021484375,4485050
2022-10-27,789.0279829004946,807.6510036149162,779.2263930507991,804.95556640625,7110289
2022-10-28,807.6509530093278,818.2366574188914,801.0838762566786,804.0243530273438,6898541
2022-10-31,807.6509223308634,814.5120345351305,803.240207342406,807.2098388671875,4487537
2022-11-01,811.2776212993679,828.1363681688196,807.209937494462,825.0978393554688,7769108
2022-11-02,833.1351167745902,833.1351167745902,812.5517785954532,816.864501953125,11859603
2022-11-03,808.6311589440863,821.177181930145,807.1609204732789,817.3055419921875,6632872
2022-11-04,820.3930934857121,849.7978638615441,815.4922984230734,845.7792358398438,11128361
2022-11-07,849.9938301982714,851.7581042952722,828.7733655804714,836.0755615234375,7995787
2022-11-09,842.4466461393584,883.1232439459709,841.9565666477125,873.1256103515625,20088415
2022-11-10,876.262097916525,880.1827337013864,858.9132726036825,875.7230224609375,9906420
2022-11-11,887.0438046825872,889.7882376383218,873.125536334892,876.7521362304688,8777095
2022-11-14,877.2422637827586,889.4942507070988,867.4406742432865,877.291259765625,7653024
2022-11-15,881.0649172476958,897.3355321311155,877.242273355924,888.9061889648438,10675723
2022-11-16,896.8455003328439,897.8256593496012,857.0510681821648,869.7440795898438,11504802
2022-11-17,868.4208136568573,879.8886851248316,863.0299395314479,873.174560546875,5190475
2022-11-18,874.3508316819024,877.1443207509875,862.1478400596504,871.2633666992188,5384458
2022-11-21,867.4407344134512,870.3812114792595,851.7581900624735,854.3065795898438,6108453
2022-11-22,854.306583878949,868.1758580386402,853.2284328790699,864.9413452148438,5466001
2022-11-23,867.8818271662194,869.8911412177213,849.454849322721,856.2669067382812,5319949
2022-11-24,856.5609714495255,864.9903148944715,851.0720451715646,859.2564086914062,5111180
2022-11-25,859.5993768390866,863.5200125373265,854.7965741790815,862.1477661132812,5079099
2022-11-28,858.6192132786272,867.6856832818547,856.1688159804576,861.1676025390625,4168244
2022-11-29,860.5796520245539,874.1058350459846,857.2961431133502,860.7756958007812,3663099
2022-11-30,861.4617705923356,866.60760535167,855.9728442878842,863.5200805664062,3797377
2022-12-01,867.1957048054554,878.7125734479692,864.5002674635905,872.880615234375,4491806
2022-12-02,876.2621195361356,885.6716217222975,866.7055695747516,870.5772094726562,6279538
2022-12-05,873.9097218363503,878.7125247636054,861.11865912392,875.4290161132812,3966501
2022-12-06,876.0661288601466,884.397480613349,868.420900392628,878.66357421875,4836193
2022-12-07,879.9866892059429,884.5934482141048,867.2446229158782,869.1559448242188,2867882
2022-12-08,870.381217823933,880.6728876292835,869.7440905253666,875.1840209960938,2822061
2022-12-09,878.2714296769943,893.9049771523295,864.6962519251218,873.0765991210938,6979639
2022-12-12,874.3507958247037,877.0952289714814,861.1186497508752,863.8140869140625,3412185
2022-12-13,867.3917827538073,880.1828466789078,863.8141782112493,877.0463256835938,3821073
2022-12-14,879.3986811672933,890.4744660838567,873.9588105930326,882.6821899414062,4930906
2022-12-15,882.3881397945692,888.9552170597324,862.8829517639208,866.4115600585938,3679459
2022-12-16,865.4313847014784,873.2726565536706,837.4478577437984,843.3778076171875,7791763
2022-12-19,843.3777738595602,878.2224122931925,842.5446028641198,875.1348876953125,5205837
2022-12-20,876.3601082997164,877.5363110247257,854.0124958211633,866.70556640625,4023275
2022-12-21,869.401003562691,875.281957363566,834.6543562243565,840.6333618164062,4660583
2022-12-22,847.5434824782774,856.9529847622484,828.7734140703766,839.8982543945312,5517570
2022-12-23,836.0755617717151,837.0067247139,774.5215933388157,778.3441772460938,9112806
2022-12-26,782.1668611315959,795.8890867654834,769.7188301988808,790.05712890625,7205540
2022-12-27,794.0267213665276,804.9065213306253,782.264814264251,800.9368896484375,4872234
2022-12-28,799.5646718660723,800.7898705664494,792.7525551271448,794.2717895507812,3624974
2022-12-29,790.9883229999433,806.1807876920117,783.6861263927949,803.289306640625,5308353
2022-12-30,806.1317081132963,810.3463794647021,799.4175836801497,801.8679809570312,3252956
2023-01-02,806.6708033950184,810.3463994007673,800.1037265665831,805.9846801757812,2042294
2023-01-03,805.9357219544968,810.0034056544375,801.5740025251504,804.1714477539062,2166531
2023-01-04,804.5145388164178,805.6907416449652,790.4982763219763,793.9288330078125,3260112
2023-01-05,797.8983865920703,805.298574748982,781.1866883481977,803.3382568359375,3119740
2023-01-06,803.6323820961761,808.0430975636103,787.5577506851974,790.1061401367188,2892006
2023-01-09,794.3698408638575,803.9753867042093,793.0465903737523,800.4468383789062,2040072
2023-01-10,800.7899464126059,804.367550886219,765.6022124753374,780.5986938476562,4545808
2023-01-11,784.1271965126622,787.1656654694858,773.3944435455636,780.6476440429688,3618663
2023-01-12,780.8926370291699,783.5880741057696,770.5029164030572,777.217041015625,2670641
2023-01-13,779.8144649933765,784.3722282059605,770.4049626615245,778.8833618164062,4059998
2023-01-16,781.1867372592551,781.6768167682006,768.83675756349,771.4341430664062,3601251
2023-01-17,772.7082968829411,775.7468255719027,762.6616674818766,769.1797485351562,2948618
2023-01-18,768.4446221392244,780.0594818477637,761.1914219291666,770.89501953125,5585785
2023-01-19,768.395685067278,768.395685067278,756.4377329125745,760.6524047851562,5086667
2023-01-20,760.6034020015937,770.9930637178281,757.1238494340729,759.0841674804688,3328697
2023-01-23,762.9067264134889,762.9067264134889,747.273238372547,753.791259765625,4283589
2023-01-24,753.8893836186072,758.6431312477945,742.9605858990028,746.0971069335938,3011438
2023-01-25,738.05974016304,741.8823842608787,691.9922663414426,699.0004272460938,17085455
2023-01-27,685.1311046785371,685.9642158547076,526.3453550963869,585.1058959960938,64194046
2023-01-30,607.69862700547,643.5724252506442,555.7011999983022,585.1549682617188,58256575
2023-01-31,588.095350528978,614.4616493406883,576.4314354804922,600.494384765625,33272489
2023-02-01,614.5596819121021,616.519999876734,450.3830523741801,485.3257141113281,46557720
2023-02-02,499.88108406459156,523.4048997852782,415.63640705005105,453.2745361328125,115517458
2023-02-03,449.8929606589668,496.9405905317999,387.2608093731732,488.9523010253906,89662866
2023-02-06,488.1191893654145,537.8132633800986,467.2418143152195,534.6277465820312,38363919
2023-02-07,539.0874629391988,586.5761795938564,532.2263497745181,542.1749877929688,46650736
2023-02-08,552.8097426470589,592.9962664919692,551.8295835288903,587.3603515625,31111885
2023-02-09,575.5983195626013,577.3135976541033,535.3628082953419,570.7465209960938,22494005
2023-02-10,562.2191495438609,587.9973777768835,548.8890117593667,572.3638305664062,12527188
2023-02-13,576.2355648646114,584.2728217095945,526.7375297953569,542.714111328125,19528545
2023-02-14,540.0675996516967,569.7174088884732,527.6195686023344,553.8878173828125,17976429
2023-02-15,556.5342617135759,567.3650065718273,550.7513595758359,557.7594604492188,9259895
2023-02-16,568.4922360470115,579.077941580986,561.925158596809,565.747802734375,9909820
2023-02-17,567.5120380541235,574.3731507767124,557.8084404168003,567.1690063476562,8880620
2023-02-20,556.0441259596693,570.1094419162373,548.8889780322927,568.1981201171875,9507162
2023-02-21,573.3929973253164,582.0183842946096,567.7080872653838,571.6287231445312,7702230
2023-02-22,571.9226784606244,571.9716744373939,529.2857692694724,536.244873046875,10994235
2023-02-23,528.7957566269351,547.075745081328,523.0618506654617,540.9006958007812,10711597
2023-02-24,545.9485261468308,554.6719645876354,532.4223448247202,547.8108520507812,8631548
2023-02-27,547.9088274864115,560.6018972615263,542.1258660215633,550.8493041992188,8484384
2023-02-28,551.8294969629743,602.2586876467132,540.9987523710721,580.6951904296875,25360275
2023-03-01,586.1350587127613,603.7779200118076,582.8024943155016,590.1536865234375,18661166
2023-03-02,591.9669921131688,612.5993254287796,573.9810400240881,610.541015625,21080489
2023-03-03,649.8454505921475,690.03197166949,637.6424584465126,671.06591796875,42832968
2023-03-06,676.3097415555443,708.4099503032893,667.5863021188593,677.0448608398438,37435406
2023-03-08,686.1112765935379,700.8136610919709,668.4684151954184,697.9221801757812,20232587
2023-03-09,699.735503077304,702.3818844009168,672.3890442572942,683.4158325195312,17041388
2023-03-10,671.2128288246378,687.8265347897335,667.1452051261448,683.9548950195312,12138642
2023-03-13,689.7378407332653,696.4519053741085,663.7146334941709,667.6842651367188,9693337
2023-03-14,667.6842942324256,670.9678028124471,625.929486722255,641.5140380859375,18147337
2023-03-15,648.4241539958156,674.2023229164278,644.2094823938253,665.8709716796875,15514873
2023-03-16,673.2712363415342,678.6130549950118,661.7543681717285,666.1160278320312,12992236
2023-03-17,674.8394548363152,678.0249715076559,657.9807084877737,666.8511352539062,7625895
2023-03-20,657.6866103101859,664.3026827685968,646.2187394174434,653.5209350585938,5250369
2023-03-21,658.1767573291537,661.019242310573,648.0811317653323,651.6096801757812,5011027
2023-03-22,656.6085384892152,658.5688564905872,641.1710342284108,644.1115112304688,4457720
2023-03-23,642.0041351445726,654.1090746790861,639.1126541741282,641.9551391601562,4491324
2023-03-24,645.1405911023631,647.5419923392793,621.3717381031454,625.3413696289062,6072701
2023-03-27,625.3414815739018,632.0555472191294,613.089493298551,616.6180419921875,5621870
2023-03-28,610.2470001900214,615.3438392114266,560.2098926859973,581.6264038085938,19860622
2023-03-29,581.5773170726345,629.8011517008403,578.3918003316596,624.0182495117188,17057169
2023-03-31,631.1243334423161,642.3961606816321,614.9026559472841,619.3624267578125,9466910
2023-04-03,625.8805203331012,626.3216038499398,609.805948554452,615.3438110351562,6072184
2023-04-05,614.4616692170097,627.1056837678939,612.648339266397,624.1162109375,6622367
2023-04-06,624.3612876135348,638.4265454378028,619.0194090592311,628.8699951171875,7094042
2023-04-10,633.1827057446438,643.9644546040728,630.2422287829814,639.0636596679688,4254629
2023-04-11,642.0041305479388,647.1499651821017,634.5549462452894,640.9749755859375,3798770
2023-04-12,642.9842458309579,648.8651992989239,637.1032923629917,644.6995239257812,4271203
2023-04-13,646.6108948099911,651.707733500296,640.4359051651143,648.522216796875,3306659
2023-04-17,649.8454364353339,653.4720368086284,644.9446412887628,651.51171875,2731225
2023-04-18,654.7462801270435,658.0788450034636,638.132571383538,645.4837646484375,2964854
2023-04-19,645.9247413561187,651.805694995173,641.9061136324267,645.336669921875,2683546
2023-04-20,649.8454420453714,665.0379071308968,648.081167742207,652.8839111328125,5009410
2023-04-21,654.7461241844065,657.2945133129494,645.5816626932218,648.4730834960938,1982614
2023-04-24,651.9037757066336,659.4020165468648,642.984352069481,657.9807739257812,3357178
2023-04-25,661.6072989300917,668.9584911404261,655.5792973879554,658.1277465820312,4814190
2023-04-26,657.6867086698478,658.2747801577725,648.9632693792873,651.51171875,3373385
2023-04-27,654.6481702464035,654.9422059592118,644.1604577791187,646.6598510742188,3197568
2023-04-28,652.981970911186,669.448630982227,649.0123387245129,667.7823486328125,6162262
2023-05-02,670.2327474081617,672.2911173106771,659.254954067229,667.9783935546875,5563089
2023-05-03,661.6073523275571,671.2618949466729,643.7194498387009,656.363525390625,5645727
2023-05-04,656.7065115420421,668.4684192114518,654.4521578702364,666.2630615234375,5124811
2023-05-05,669.2525387405759,679.8382437464804,664.0577081179165,670.3307495117188,5193692
2023-05-08,671.1148692729876,676.9468272009904,665.1358635675109,671.5068969726562,3671007
2023-05-09,671.5069220390637,682.0926873359363,670.9188505555304,676.7998046875,4029312
2023-05-10,678.2699538146708,678.6620413014496,671.9479169913078,677.289794921875,1794579
2023-05-11,680.2303529525026,699.8335331528629,678.5150746849711,694.7366943359375,5979387
2023-05-12,697.8732366071429,697.8732366071429,681.2595289112841,686.111328125,4025355
2023-05-15,685.9152107512756,687.7775366574455,673.8592678155517,680.279296875,2616737
2023-05-16,680.2793103237155,684.9350653570281,671.7029194728766,673.3692016601562,1403759
2023-05-17,673.6141685105299,678.2209270624815,669.0074099585784,671.0167236328125,2295396
2023-05-18,676.0157114881072,676.0157114881072,648.179170425688,651.7567749023438,4405410
2023-05-19,650.8255795945122,680.3773975373902,646.4148640701518,674.4473876953125,6340270
2023-05-22,685.0331601722248,738.4518265411183,679.3972458305526,715.2220458984375,30204070
2023-05-23,729.5322858564706,770.0618938521463,715.5160250027543,719.4856567382812,39497528
2023-05-24,724.337505931436,724.337505931436,694.6876959795741,703.9992065429688,12809164
2023-05-25,702.7739907337765,712.5755805626995,691.6001543991417,710.1251831054688,7458008
2023-05-26,714.6339467522985,715.8591455773602,706.3025947418793,712.4285888671875,4507617
2023-05-29,716.4962151582362,725.3176459878177,713.6047341992643,722.8672485351562,4302323
2023-05-30,725.3176143863536,727.6209639618379,713.21267542727,719.4856567382812,4785799
2023-05-31,721.3970005579366,734.1390671438785,706.9886517613097,724.1904296875,13649365
2023-06-01,716.0060952198478,730.1694036609643,714.5358568313061,717.5253295898438,3771760
2023-06-02,723.3573539742539,729.2383080716055,719.4367179093528,721.985107421875,5554473
2023-06-05,723.3573032638525,729.2382569489245,720.4168264213165,724.1414184570312,5166097
2023-06-06,728.160076363886,732.1787039552647,725.3175916022702,730.6104736328125,5492469
2023-06-07,735.1192185858719,736.0993775439864,727.2289509378812,728.9932250976562,2129238
2023-06-08,730.1694094159085,734.1390411314279,718.4564981967112,721.7890625,2141709
2023-06-09,723.3573931183039,727.2780293953679,718.4565977719739,720.367919921875,1335172
2023-06-12,720.6128548280433,731.7376347157071,718.9955686694316,727.3759155273438,4571836
2023-06-13,726.2977907729498,727.6700372492816,720.4658329847732,723.2102661132812,3636359
2023-06-14,721.7400649545659,728.0131065644888,721.2009894625003,724.6805419921875,3900945
2023-06-15,722.6711530795144,733.8449885940194,722.3771173710594,724.8275146484375,6448934
2023-06-16,726.2978202757248,734.8252155555344,726.1017765105489,732.5708618164062,6800269
2023-06-19,735.021220107508,735.021220107508,716.4961920336119,721.053955078125,5256363
2023-06-20,723.3572986358915,727.2779344008557,715.7120708590422,723.1612548828125,6753358
2023-06-21,725.2196331255004,738.3047312160635,718.750548142357,734.5801391601562,9312613
2023-06-22,740.0200987892019,742.9605760029339,726.2978717917863,730.8065795898438,10061086
2023-06-23,726.2977574898803,726.2977574898803,689.0517186442454,700.1275024414062,15398550
2023-06-26,695.9128479673625,711.8894267375571,691.1100452277852,710.0271606445312,5696079
2023-06-27,709.9781617411037,715.9571676536727,701.7938578591418,705.9595336914062,6935089
2023-06-28,708.6059140684741,743.940631712657,707.4787073634905,741.490234375,17910387
2023-06-30,737.8636616274921,744.8228262181938,723.3573208171289,724.58251953125,6629272
2023-07-03,729.7283306165212,732.6198114535063,718.1624670927356,722.7692260742188,2808490
2023-07-04,725.3666005626576,736.0993527574402,720.4168099556839,726.98388671875,3263045
2023-07-05,726.2977224662624,732.0806837273001,719.4856063568434,728.0130004882812,2212779
2023-07-06,727.6700476715592,731.1006040873683,723.5533680077572,725.3666381835938,1949877
2023-07-07,725.2686241882863,725.3176201707643,701.9898492165894,704.4402465820312,4248724
2023-07-10,707.67476490742,715.5160365407432,693.9525395491044,705.8124389648438,5135483
2023-07-11,709.5860721636052,717.9174231017771,704.783269457821,715.4180297851562,2716491
2023-07-12,717.3293573928204,717.9174887013945,707.6748149413588,709.8311767578125,1349350
2023-07-13,710.5662638259057,714.7809354709822,700.8136700195437,702.9700317382812,1378288
2023-07-14,704.3912837765312,713.0166709443129,700.5196437919471,711.6934204101562,2043145
2023-07-17,715.7120548638507,728.062033317821,715.6140030774254,716.545166015625,2683898
2023-07-18,716.4961878489623,732.6688104201086,711.2033056232892,713.7027587890625,4464508
2023-07-19,717.3783240797535,720.8578762159381,714.5358393351792,716.8882446289062,1039827
2023-07-20,718.8975783624883,721.3479756847245,713.6536921984107,717.9174194335938,1423489
2023-07-21,714.3399189522031,720.7599489021711,711.8895212747983,713.9968872070312,1491198
2023-07-24,715.5159853093946,725.5626138702457,713.9967510040473,720.7108154296875,1919024
2023-07-25,723.0142142430201,737.0794700950951,718.6034993288872,734.384033203125,3210148
2023-07-26,738.0107105316952,750.2137017078385,730.2184347331345,737.7166748046875,5868377
2023-07-27,738.9418242364873,743.7935629689136,727.1799173474013,733.8939819335938,2243079
2023-07-28,740.0612524168331,750.7181224063677,733.2526648040626,745.6857299804688,3257195
2023-07-31,748.5965957405601,769.663647119252,744.4029156120257,767.5421142578125,5854918
2023-08-01,768.6276383872878,770.6504604571763,751.5075183988182,755.2078247070312,2590545
2023-08-02,756.835938031663,763.6445253196139,741.5906649139196,751.3594970703125,3017482
2023-08-03,751.3594774037994,769.1702715174681,743.4161659266601,763.1017456054688,4135776
2023-08-04,766.1607335465535,769.5650272444443,758.5627595519527,764.9766235351562,2758619
2023-08-07,766.752783906977,784.1195907895271,760.9803302208951,780.9126586914062,4175164
2023-08-08,783.2314788424304,794.3323974401972,754.1717287790091,773.8080444335938,11993737
2023-08-09,782.1954106069334,796.1578632936958,773.610688119523,780.6165771484375,7007648
2023-08-10,782.4913780237702,808.936219611589,781.5046297538788,792.1614990234375,8064730
2023-08-11,796.207205918157,799.7101502435531,783.7248161687812,790.4346923828125,9040236
2023-08-14,770.6504070897083,783.6754964379,760.8815750219807,776.7189331054688,17841454
2023-08-16,775.5842013862948,775.5842013862948,762.2137733186056,765.8153686523438,11481440
2023-08-17,767.6901102771395,802.8183225951752,766.5553257408245,798.9207153320312,14011644
2023-08-18,796.3058278167553,838.341278651865,793.6415955297225,824.8228759765625,22502392
2023-08-21,828.9672212086952,852.6491803649641,827.3884480221452,846.778076171875,17432300
2023-08-22,852.4518493738456,857.4842414297926,842.0416070074104,843.1763916015625,8037324
2023-08-23,847.1727766056674,851.0211192283081,809.2322908272117,814.7581176757812,4748732
2023-08-24,822.9480955858002,833.2103021632565,809.330980869576,811.4524536132812,4692796
2023-08-25,812.093828578226,819.3957898880537,792.8522372571136,795.9111328125,4442243
2023-08-28,805.1865633310886,813.0805492460993,787.9184691420028,796.7498779296875,5067265
2023-08-29,798.7727943207474,819.7905222619302,789.4480103096597,812.6365966796875,5935085
2023-08-30,817.0275770504535,821.961318457763,805.7786225512536,807.850830078125,8592012
2023-08-31,793.2469936858284,800.1542318835733,777.2616589543516,781.7020263671875,9998925
2023-09-01,769.663621855945,797.2925723841072,769.3182840648761,788.9052124023438,11900199
2023-09-04,796.848556160083,800.9929109537402,785.0075768789683,790.4346923828125,12522148
2023-09-05,794.3323453870214,800.1541841828761,786.9317334734778,794.2830200195312,10483413
2023-09-06,795.3191509121392,797.7860217276235,789.8427097470317,796.355224609375,6729598
2023-09-07,798.9700577413724,802.1769895043864,794.3816543591427,799.1674194335938,9787939
2023-09-08,800.154255269513,817.8170144698836,799.4141940124107,814.0673828125,11683222
2023-09-11,828.8685654321143,875.443096868329,823.9348239712089,870.7560424804688,20638175
2023-09-12,877.712627933952,877.712627933952,841.7456397355731,847.3701171875,8036897
2023-09-13,847.6167491470917,855.708096865241,831.9768134308948,838.4400024414062,7180448
2023-09-14,842.7323765790377,846.4820080871599,829.8553232633225,838.5386962890625,6234825
2023-09-15,834.789124461481,843.2751363879289,830.3487567781752,834.4437866210938,4013431
2023-09-18,836.8119181819114,836.8119181819114,817.1756623402126,820.2345581054688,2801202
2023-09-20,820.9744999806386,826.5002657938222,804.1997806300726,807.2093505859375,3016411
2023-09-21,810.268389427118,831.2367907708463,809.1336047932758,820.0864868164062,6437320
2023-09-22,822.8494722871077,827.5858523168409,811.2057935883245,816.0902099609375,3156509
2023-09-25,817.7183716991569,820.6786167564293,808.0975752630214,814.7088012695312,2395763
2023-09-26,815.1527527026251,819.9878434997166,808.1468638101901,810.4656982421875,1569635
2023-09-27,814.8566820094596,821.9612813606042,810.613676635938,819.6917724609375,2463842
2023-09-28,822.2080242583424,830.200661429725,808.2948972633175,812.1925048828125,5057959
2023-09-29,815.5474791959737,821.4679690630951,811.4031242437212,814.2153930664062,1468496
2023-10-03,815.0540427604334,825.6615862951485,813.3272333478054,820.3825073242188,2453090
2023-10-04,819.9384951343241,834.2463451912364,808.492178952993,813.672607421875,4096647
2023-10-05,819.8398012336851,820.9745858695924,809.380293340785,814.2647094726562,2083505
2023-10-06,819.0011496576889,825.4150140827189,815.4488796051318,819.7412109375,1877058
2023-10-09,804.1998252650864,807.9494565768838,774.5973777093162,779.5804443359375,5994282
2023-10-10,789.9413062120726,812.784552484428,789.9413062120726,808.6401977539062,7591327
2023-10-11,816.4354960750318,816.4354960750318,801.5848872783433,804.0517578125,3281387
2023-10-12,807.7027823680036,812.3405112708141,801.7822927626287,804.1505126953125,2563606
2023-10-13,801.2396211357527,813.8699873546942,795.1710949885863,802.9664306640625,3801000
2023-10-16,807.653445855496,807.653445855496,792.6055349828065,794.9737548828125,2664794
2023-10-17,801.2396176171226,803.6078376217964,793.3456312366583,794.4310302734375,2162192
2023-10-18,798.2300316940634,798.3286824313492,784.8596045697388,788.0171508789062,2271927
2023-10-19,786.1917263392438,786.7344258716187,777.0149789807399,782.3433837890625,2862500
2023-10-20,781.3072920089312,792.3588850158138,778.1990709992789,783.1328125,2434862
2023-10-23,783.1328140992986,785.2542868131391,759.6975419230141,761.2269897460938,2002377
2023-10-25,762.2631106154512,772.9693062662452,750.964829810899,758.9081420898438,2581498
2023-10-26,753.8756522842845,761.5722764796167,744.5015440425296,760.1414794921875,3855358
2023-10-27,764.6312484242136,775.9788533794818,762.8057280130005,772.0318603515625,2995404
2023-10-30,775.4855096660223,783.8728701793085,769.466308926568,774.597412109375,3522068
2023-10-31,779.3337747461574,780.6165354570677,772.1305243913517,774.3507080078125,2825760
2023-11-01,774.3507780653403,780.0245811540636,757.0333563354611,758.9081420898438,2693768
2023-11-02,766.604827485677,773.1173425924736,761.8190617881962,764.0392456054688,1741799
2023-11-03,769.6636712837195,788.214527212983,766.9994388378548,784.859619140625,4310765
2023-11-06,790.8787912148924,795.5658458103643,788.7079328306692,791.8655395507812,2270316
2023-11-07,792.3588692757874,797.6873340812521,785.4516313119884,786.9810791015625,2394891
2023-11-08,791.3721217324442,812.8832222230465,789.4479505383263,807.850830078125,5123208
2023-11-09,814.067335206784,816.7315676218188,787.5237822470831,795.5164794921875,4982049
2023-11-10,797.2926186709614,807.9494881623851,795.5164837934467,797.8846435546875,3903183
2023-11-13,799.2660783194467,817.0275467265456,796.7992077073496,799.1180419921875,1050882
2023-11-15,807.1600895498478,807.1600895498478,798.3286804367676,800.0061645507812,1694698
2023-11-16,803.6078061632114,807.5547991989318,797.3912439508845,802.818359375,1689762
2023-11-17,800.94358843498,811.0577582735837,798.328681410563,799.3154296875,3218979
2023-11-20,799.3154664586752,805.1866310218103,790.4840569285483,792.950927734375,3227659
2023-11-21,794.3323682159271,804.101200313092,788.7078909547212,790.730712890625,3643664
2023-11-22,793.3456362446617,794.2830591785266,778.1003629058868,781.406005859375,3212329
2023-11-23,784.4649338356106,794.0364048220174,780.9619892580905,782.590087890625,3776615
2023-11-24,785.3529663871266,792.3095295940158,774.5973862329757,785.007568359375,4421350
2023-11-28,795.3191270129415,843.0777686561142,795.3191270129415,826.5990600585938,15929818
2023-11-29,838.736064199153,838.736064199153,822.2573553631493,824.4775390625,8057644
2023-11-30,827.8817701333945,827.8817701333945,812.0937983549269,814.5606689453125,5998210
2023-12-01,828.0792163615255,828.0792163615255,814.5607521008945,816.8302612304688,2932775
2023-12-04,853.5372704487045,871.6440774711571,847.12340656672,867.0064086914062,11064795
2023-12-05,872.2855006708385,1010.7263358927662,868.3385074551334,999.6746826171875,46564412
2023-12-06,1031.1519161693127,1068.1549753619913,994.7408818331835,1004.4603881835938,41008947
2023-12-07,1015.3640310054946,1044.7197938066738,1008.1114548745621,1025.8729248046875,14840081
2023-12-08,1034.1121974070068,1041.0194353667864,979.1503061674932,1009.3941650390625,12202462
2023-12-11,1013.1931937421351,1034.1122093377458,1002.1909262030168,1018.2255859375,7889666
2023-12-12,1023.3073637189292,1034.5561978781082,1009.6901891173189,1028.142333984375,4902289
2023-12-13,1031.1518961014633,1060.7543428794959,1015.1666230223916,1049.40673828125,8151639
2023-12-14,1065.6881883138258,1075.4570207972376,1048.913466831108,1060.4583740234375,8004131
2023-12-15,1064.7013127297412,1072.1019242640073,1052.9097198662087,1064.25732421875,11672787
2023-12-18,1064.701408978922,1087.7913431436982,1058.5342321428532,1079.7987060546875,5448342
2023-12-19,1080.4894150036007,1084.4364083004175,1054.4392351540746,1059.7677001953125,5993252
2023-12-20,1063.7146554201738,1069.4871088196282,991.6820303314237,998.7373046875,8467564
2023-12-21,982.9493551207912,1014.377264768462,976.1407676772384,1005.4472045898438,5352057
2023-12-22,1020.2977138695636,1037.0230489090845,1005.4964897805467,1013.8838500976562,5252106
2023-12-26,1020.3963888636916,1027.2049761970306,1012.5024024952226,1015.1173095703125,2176775
2023-12-27,1023.2579552746492,1023.3073408691827,1004.509738157756,1010.824951171875,2803997
2023-12-28,1015.9066967487493,1017.5347349795326,1001.2041239100654,1003.4736328125,4865603
2023-12-29,1008.2594385519158,1021.1858779005034,1004.115083491862,1010.775634765625,2429250
2024-01-01,1012.9465658365621,1043.9303676326988,1009.4435610165765,1033.9642333984375,3989711
2024-01-02,1033.9641667018282,1068.5497422840251,1017.4361329224016,1064.109375,6344621
2024-01-03,1090.3569344861992,1128.8401204092415,1048.6668164029034,1079.7493896484375,33060778
2024-01-04,1102.1977609791013,1116.0122360495645,1088.9260456103289,1108.3155517578125,9771995
2024-01-05,1114.1374798330596,1144.6280263496317,1110.486559309393,1138.9542236328125,10622789
2024-01-08,1144.6280194740193,1166.3364819123196,1136.7340331328191,1153.3607177734375,8760094
2024-01-09,1166.3364533612573,1213.6017195127085,1162.8828344215242,1181.236328125,14701104
2024-01-10,1203.832964664597,1203.832964664597,1181.1377530356742,1198.2578125,7036728
2024-01-11,1204.8196436048022,1207.3851650289057,1184.0979298327293,1187.0087890625,3721202
2024-01-12,1194.3600770931785,1202.5994006914857,1185.1340052686628,1191.103759765625,3912779
2024-01-15,1197.9123177785252,1199.2444037613052,1173.3422634469011,1187.15673828125,2825654
2024-01-16,1187.6503035153585,1195.9390138404322,1171.0730033178916,1177.5361328125,3173587
2024-01-17,1164.3629710105886,1188.7356053583012,1144.0852456648868,1151.38720703125,5268593
2024-01-18,1155.5315557432791,1168.6059697095482,1128.2972084023536,1138.7568359375,5918594
2024-01-19,1146.8481595975795,1151.3379123397729,1134.7604934714705,1137.177978515625,2732559
2024-01-23,1183.259275771914,1191.202527501505,1115.2722922177195,1122.031494140625,7201014
2024-01-24,1122.9195665991826,1131.553614233403,1103.5299383929414,1105.7501220703125,18373913
2024-01-25,1107.2796237173911,1140.4343423506123,1096.8693810203808,1131.109619140625,4305042
2024-01-29,1139.694268270278,1188.9330317432252,1135.7472751334112,1180.7923583984375,6768033
2024-01-30,1184.097990998246,1201.0700140214835,1165.3497728074403,1171.6156005859375,4683729
2024-01-31,1179.9536632018478,1198.1591211230811,1175.858633673668,1191.6466064453125,5510242
2024-02-01,1197.5176916337068,1223.0744962427461,1184.3940117471582,1202.6981201171875,7433628
2024-02-02,1216.7099668237572,1270.4383603685692,1215.3777603361893,1244.7335205078125,10450227
2024-02-05,1252.6769155741558,1274.1386902206607,1232.3005399226877,1241.8720703125,5611298
2024-02-06,1249.2233591437914,1267.5768535999189,1232.3006015545868,1256.229248046875,4408002
2024-02-07,1263.0377945001524,1269.3036219682715,1235.5568790775387,1239.010498046875,3359763
2024-02-08,1247.2992770264477,1247.7432655946986,1220.3609993865114,1228.698974609375,3354609
2024-02-09,1236.000945002778,1258.5975060502328,1215.772604058811,1254.6505126953125,3538164
2024-02-12,1261.0643077576963,1262.7911172557995,1227.4162153423329,1232.7939453125,2204823
2024-02-13,1233.3859979222837,1254.157097961808,1210.3948346450995,1248.039306640625,2245009
2024-02-14,1245.2269889711124,1264.5673523233731,1232.1033086422785,1251.048828125,3382943
2024-02-15,1258.1039997017247,1260.6202558821944,1245.3749233789154,1250.2593994140625,3382824
2024-02-16,1252.9730304433467,1293.6270119277415,1248.7793501987296,1289.531982421875,5476230
2024-02-19,1295.9951443788243,1309.4148961645826,1284.8942268340982,1289.679931640625,2700240
2024-02-20,1293.627093076431,1295.501939040991,1276.5562983581947,1283.2662353515625,1856718
2024-02-21,1287.5091415588981,1297.5739253462978,1264.4684739748375,1273.8919677734375,2770510
2024-02-22,1278.8257978032464,1299.5475121195027,1264.0245732916349,1293.57763671875,2556009
2024-02-23,1294.6630882661973,1314.3486676524474,1280.7992271868445,1303.1983642578125,2924829
2024-02-26,1302.507730937204,1325.202941400504,1299.3007990239118,1320.417236328125,2802425
2024-02-27,1319.1343585161935,1321.4531927860792,1296.8338724171676,1311.8323974609375,2197456
2024-02-28,1316.81560952868,1317.2103329401675,1277.987087920486,1282.2794189453125,2121625
2024-02-29,1282.7727589720987,1312.276556518991,1275.9149066340467,1303.0010986328125,2672239
2024-03-01,1317.3090337295762,1331.123510487789,1295.008545338997,1304.5799560546875,3301090
2024-03-04,1327.4231345931144,1338.5734384299365,1318.6904363337887,1324.8082275390625,2170214
2024-03-05,1326.2391103832024,1336.9945705688128,1316.322241715446,1320.5653076171875,1815438
2024-03-06,1324.9068380843828,1326.7816838654687,1286.7197286736778,1307.244140625,2758443
2024-03-07,1312.1778270824298,1317.6542074149095,1297.5739052904903,1307.8853759765625,1640786
2024-03-11,1313.36197935784,1324.5615484045793,1304.5306303073141,1309.3656005859375,2217673
2024-03-12,1317.3090349663469,1329.1006294578208,1276.309593225087,1284.0556640625,3139768
2024-03-13,1289.680060440218,1290.6668087649618,1172.3556605376384,1193.521484375,8670336
2024-03-14,1193.9654621452044,1259.0908509894882,1179.8549130478727,1251.048828125,7195603
2024-03-15,1256.920010854003,1271.77050023904,1239.9972537128795,1265.998046875,4024586
2024-03-18,1233.435310780555,1253.2196613465421,1210.986788124349,1249.8153076171875,4858444
2024-03-19,1254.2064865150046,1255.9825611998542,1220.8543454849619,1224.751953125,2311324
2024-03-20,1231.4618838054141,1236.3462397307842,1213.897715807248,1228.8963623046875,2772098
2024-03-21,1243.3028517722412,1251.8875137581708,1234.7181897863113,1245.7203369140625,3155563
2024-03-22,1245.7203234123615,1272.0171892811563,1238.4184824702163,1264.6165771484375,3076926
2024-03-26,1264.616506300783,1296.5871730135682,1264.0244814538667,1286.9169921875,3610644
2024-03-27,1297.5740667222942,1325.2030202342517,1294.7124724465914,1305.270751953125,4938400
2024-03-28,1316.3222869182307,1340.694922760308,1296.5873200978674,1324.0682373046875,4188741
2024-04-01,1338.8201239961445,1363.4394455759737,1332.3568745351608,1357.6669921875,3251462
2024-04-02,1379.2767751371289,1406.0668942112914,1369.8038954163026,1385.5426025390625,5769001
2024-04-03,1381.2995994983219,1383.4211324581756,1370.7907058923236,1378.6846923828125,2727582
2024-04-04,1389.9336814894582,1389.9336814894582,1344.1979202231623,1348.7369384765625,4197697
2024-04-05,1348.8849092328655,1363.5874828095518,1339.3627641664004,1357.3216552734375,1853120
2024-04-08,1363.6368463200026,1363.6368463200026,1319.2825557711474,1330.7781982421875,14038860
2024-04-09,1338.1787100425406,1346.8127575314466,1328.2618416027854,1338.5240478515625,1935801
2024-04-10,1340.9910487791976,1341.879146411972,1330.3341180912698,1334.3798828125,3984001
2024-04-12,1332.110150979605,1340.3988604540116,1323.2294166397407,1326.386962890625,2183230
2024-04-15,1302.5078032021197,1317.3090282385074,1291.2588480839295,1298.1168212890625,3372368
2024-04-16,1284.74622916576,1304.4811942835138,1277.2469665115473,1287.0650634765625,2696593
2024-04-18,1298.5112813389464,1318.7890055879755,1273.8919612525824,1278.3817138671875,6219274
2024-04-19,1263.0378101145038,1298.5607485239743,1253.1703272229843,1292.6402587890625,3899281
2024-04-22,1303.59326171875,1313.3620947787151,1297.5741206867094,1303.59326171875,8903130
2024-04-23,1303.593207714815,1320.8120385171944,1301.4224095481673,1304.5799560546875,3847872
2024-04-24,1313.3619555322025,1315.236801347388,1300.5836135373563,1303.0010986328125,2553035
2024-04-25,1303.0011003805,1319.2330613635813,1299.3501799349815,1312.91796875,6097087
2024-04-26,1322.242700594215,1323.8214737581216,1303.5931339355982,1307.0467529296875,2565490
2024-04-29,1316.6182960363012,1318.0490328806313,1289.6800194459931,1299.794189453125,2191564
2024-04-30,1306.0108093436772,1316.963691791546,1298.807498304016,1307.3428955078125,2321071
2024-05-02,1316.27276841714,1330.8273049775985,1289.2359629652688,1321.05859375,7991511
2024-05-03,1335.0704543441516,1336.0572026474363,1293.0842658583197,1302.8038330078125,3528822
2024-05-06,1304.974663276324,1304.974663276324,1240.3426478172698,1272.85595703125,4000668
2024-05-07,1273.9906591097797,1283.9075273405438,1248.2365535190122,1270.58642578125,3474340
2024-05-08,1276.2108416916642,1276.5561794931348,1252.232931175538,1260.32421875,1627418
2024-05-09,1262.0510471730556,1268.7609836424558,1223.5678643429155,1228.0576171875,2591646
2024-05-10,1233.4353452795046,1261.7549726260538,1229.2416651055544,1249.96337890625,2022402
2024-05-13,1250.210105298724,1295.6005274326953,1244.9310259454169,1289.0880126953125,2495810
2024-05-14,1289.0879720072007,1322.1440392570541,1268.218221876834,1313.608642578125,2989543
2024-05-15,1320.1212158203125,1336.0078396817635,1315.3355105588519,1320.1212158203125,2189768
2024-05-16,1334.2811066790957,1348.6383437399318,1293.1337475552812,1327.2259521484375,4822618
2024-05-17,1312.3752167554646,1325.499017104088,1303.6425185390171,1317.9996337890625,1945123
2024-05-21,1326.1897160321182,1380.2635710871164,1315.3354847253079,1367.1397705078125,4200578
2024-05-22,1375.872409828788,1375.872409828788,1346.121925751402,1359.9364013671875,1878562
2024-05-23,1365.6596566131225,1429.6009950749221,1351.7465295777577,1424.22314453125,7821034
2024-05-24,1415.9837952756436,1425.801892574012,1363.8341722718799,1397.334228515625,19100263
2024-05-27,1425.8512883228855,1437.7416534757822,1404.7348506890223,1412.67822265625,5517078
2024-05-28,1418.944102517795,1418.944102517795,1379.474169207147,1381.9410400390625,4070886
2024-05-29,1387.367948664672,1408.9283724250101,1364.5740896725908,1391.31494140625,3214475
2024-05-30,1391.315213869658,1394.9168695421977,1355.446934396959,1365.1663818359375,3477661
2024-05-31,1372.566904916366,1431.7718037625068,1372.566904916366,1418.35205078125,8238969
2024-06-03,1528.4731551656719,1599.9137579740861,1514.6586786180155,1562.9599609375,23398347
2024-06-04,1537.3539148804493,1537.3539148804493,1172.2570288048614,1232.3992919921875,52109624
2024-06-05,1264.0245220211837,1349.8716207064633,1145.2200073363092,1336.649169921875,20879925
2024-06-06,1365.6595774244033,1385.3945424160854,1326.9790942217733,1335.02099609375,12153840
2024-06-07,1339.7081300475213,1366.64640704618,1337.0933433925686,1360.577880859375,5884018
2024-06-10,1385.3946879108369,1396.5942576292668,1362.9461628752447,1365.7091064453125,4843234
2024-06-11,1372.5669598894049,1399.9986123011925,1365.7091070127979,1384.8519287109375,4122878
2024-06-12,1393.0419516170869,1395.7061239207806,1372.172200395897,1375.477783203125,3258265
2024-06-13,1384.9999110695233,1392.30187269225,1369.6560470403738,1385.838623046875,2839159
2024-06-14,1396.2935912699802,1428.9959961755226,1382.8657372315797,1417.7978515625,5651491
2024-06-18,1433.950835907088,1445.4462019664916,1421.1176684517554,1431.9688720703125,5651898
2024-06-19,1432.9598760013764,1438.9057676030418,1407.640239209828,1435.3382568359375,4484742
2024-06-20,1446.1399108821538,1463.4820938422383,1431.0769136722852,1456.1488037109375,4905603
2024-06-21,1466.603639668204,1485.3828195769331,1456.743417981898,1472.1036376953125,25891893
2024-06-24,1461.5497334586025,1466.3064952997838,1437.122003717611,1447.0814208984375,3009931
2024-06-25,1452.9282524051441,1455.6534528468321,1424.0411035293548,1443.0184326171875,3343186
2024-06-26,1445.7435909439325,1461.202885168915,1437.9644068308926,1454.5633544921875,3217949
2024-06-27,1462.2928925231724,1480.5269839897655,1445.8426168949584,1472.1036376953125,7803408
2024-06-28,1466.6532756277668,1480.527022829651,1431.968907623056,1464.7703857421875,11534763
2024-07-01,1469.6262274089204,1477.9504999576604,1458.3290090191645,1461.202880859375,3372730
2024-07-02,1466.1577728087577,1476.1666661582008,1441.9283128861898,1461.5496826171875,5368562
2024-07-03,1466.4550875567104,1500.3466206931662,1457.5362503134882,1497.02685546875,4435563
2024-07-04,1500.9908897399011,1506.2926191726983,1480.873907030263,1490.090087890625,2980840
2024-07-05,1494.400785376392,1495.887258306143,1480.4279640306272,1486.9188232421875,2111633
2024-07-08,1482.5088818498753,1487.5133886957783,1455.752371281729,1461.99560546875,2177821
2024-07-09,1466.6533507061908,1490.3873210680017,1461.6984407375887,1464.67138671875,2256634
2024-07-10,1478.5451326207997,1480.9729901143214,1446.8337088648577,1474.383056640625,2082079
2024-07-11,1481.5179785218438,1484.9864152608582,1464.57221179084,1470.468505859375,1765496
2024-07-12,1476.5630132278013,1483.4998864443078,1467.7928477122548,1473.292724609375,2018935
2024-07-15,1480.5269255232722,1491.4277261797354,1471.9054315736746,1481.5675048828125,1913095
2024-07-16,1482.5089508997316,1496.977262723976,1479.7837506223423,1485.531494140625,2170314
2024-07-18,1476.5631246665619,1490.6846176373663,1458.923597339801,1480.427978515625,3263419
2024-07-19,1479.0901346636576,1488.6530135556015,1452.2840249487683,1456.0498046875,2568243
2024-07-22,1456.7434358765017,1461.69834552234,1429.5410303086383,1454.1173095703125,1721261
2024-07-23,1454.7613580623135,1503.3194687878267,1406.2032473368004,1493.7564697265625,5987213
2024-07-24,1494.4007668198958,1499.90076497947,1466.6532724757599,1471.4100341796875,2201442
2024-07-25,1457.73437746275,1485.927764179527,1453.621778376626,1473.590087890625,2211808
2024-07-26,1482.409803847781,1533.9408610989356,1476.562986619622,1528.8372802734375,4500728
2024-07-29,1533.9409296282186,1544.9408046851293,1526.1121483098775,1534.733642578125,1928637
2024-07-30,1540.580460929514,1542.8597677218982,1522.1482215036378,1532.3057861328125,2800881
2024-07-31,1542.9588626396812,1563.6704091387587,1533.049043354905,1555.7425537109375,2622023
2024-08-01,1566.6928302069284,1590.476396471689,1554.3551535948734,1575.8099365234375,7160588
2024-08-02,1565.7018682813878,1585.2737616034651,1536.2201555557267,1573.6793212890625,4313297
2024-08-05,1526.1122608899657,1549.3507401111794,1458.2795922271616,1480.37841796875,7147230
2024-08-06,1511.148390901911,1525.864448579361,1474.6802069676226,1480.6260986328125,3159971
2024-08-07,1506.292511708486,1533.8913338639873,1500.5447682102306,1529.8779296875,2258441
2024-08-08,1524.1301698665857,1541.9678441563117,1500.1484561537425,1505.301513671875,2468123
2024-08-09,1527.598652156923,1529.5806160260854,1505.301558628846,1519.9681396484375,1503033
2024-08-12,1486.4728306563477,1510.5041414186253,1444.2074289774584,1487.8602294921875,9230512
2024-08-13,1492.2700397900596,1503.7654054040577,1466.157691446199,1470.072021484375,2485446
2024-08-14,1474.5811190005857,1474.5811190005857,1438.9057693473455,1448.7659912109375,2648057
2024-08-16,1457.9324651221352,1483.697993501185,1443.9101685683402,1479.9818115234375,1985315
2024-08-19,1487.4142525888553,1493.40974154489,1476.5630490390752,1482.954833984375,1343387
2024-08-20,1491.3781667137455,1496.3826737122934,1472.8964509961204,1479.090087890625,990643
2024-08-21,1485.581061346094,1503.319662973894,1479.0902019617442,1489.94140625,1551436
2024-08-22,1493.409793453079,1495.8872483194575,1476.9595173342195,1478.8424072265625,1442064
2024-08-23,1479.535939158842,1489.4457579073942,1472.6981400284476,1477.851318359375,1181075
2024-08-26,1482.0134653624316,1483.4999382464462,1466.6532455609488,1469.1802978515625,1087057
2024-08-27,1471.509168844597,1483.4009526251941,1462.2929880268423,1465.0181884765625,910064
2024-08-28,1466.0586904134077,1472.9955639185698,1453.7704902960832,1456.5452880859375,1225101
2024-08-29,1458.775085714735,1469.6262901096131,1439.5004134414537,1462.739013671875,3359850
2024-08-30,1467.5946274059377,1473.5901164153224,1452.7794960758995,1468.5361328125,1996592
2024-09-02,1476.5630423532118,1485.977370475598,1465.4640933756607,1481.0224609375,2054244
2024-09-03,1481.0224059719117,1484.589916513046,1463.2838062899639,1466.207275390625,882478
2024-09-04,1458.7253888923394,1461.8470061399098,1447.874185236398,1458.824462890625,1122071
2024-09-05,1463.4325674095805,1463.4821648939476,1449.8065658508322,1452.3336181640625,959956
2024-09-06,1452.3830659537266,1455.50468317025,1414.6762767858756,1429.392333984375,3340767
2024-09-09,1418.0950922532409,1428.5994761501117,1398.2754543461376,1422.950927734375,1621371
2024-09-10,1426.0229275322806,1450.797474570715,1422.059000006131,1440.2930908203125,1542798
2024-09-11,1441.829116365751,1444.702988168007,1412.2483298322027,1417.69873046875,1637596
2024-09-12,1430.9778876662976,1461.6983270829564,1427.2121079951764,1459.3199462890625,4003674
2024-09-13,1459.6668325261062,1462.3425564051672,1436.9238448862156,1439.0048828125,1683544
2024-09-16,1441.9778058217273,1447.9732949844433,1425.8248726792326,1427.7076416015625,1673805
2024-09-17,1429.7888438799694,1431.9689558401694,1407.2934804349102,1413.73486328125,1321316
2024-09-18,1417.1041689983451,1426.270751909698,1402.2890374375158,1415.9150390625,1421406
2024-09-19,1420.0771331488784,1425.0320428946875,1381.8747306209,1395.500732421875,2072872
2024-09-20,1406.1538141530734,1439.9463960145602,1396.49173997162,1425.7257080078125,4407151
2024-09-23,1434.941905296107,1445.7931095761273,1430.829305890209,1443.0184326171875,1139915
2024-09-24,1443.0184250288328,1452.6309017848098,1433.9509157766397,1443.513916015625,1537307
2024-09-25,1445.8425905243087,1450.7975000189087,1425.2301186389843,1439.4508056640625,1227806
2024-09-26,1443.7119811015666,1462.4415635204562,1434.9418153329632,1459.3199462890625,2066994
2024-09-27,1471.6081919933872,1471.6081919933872,1439.3516812154387,1443.5633544921875,2694100
2024-09-30,1443.563361241317,1455.5047421519541,1430.9779388373936,1435.1400146484375,2042408
2024-10-01,1435.1399914566257,1459.56772037512,1434.9418434571976,1454.2659912109375,1687795
2024-10-03,1439.64901293661,1455.7524694571537,1401.4466107723915,1412.347412109375,3967953
2024-10-04,1411.9510455616141,1433.356230196296,1391.536721847675,1400.9510498046875,2611371
2024-10-07,1397.2844948178665,1411.0591675776957,1324.9428152989274,1342.9786376953125,4531821
2024-10-08,1329.897732179697,1411.505068824102,1329.897732179697,1405.7574462890625,3031170
2024-10-09,1411.9015705559286,1420.0275743727752,1391.685514048054,1395.4512939453125,1507508
2024-10-10,1404.2214076640382,1417.1537703567087,1394.1629167885694,1404.4195556640625,1628495
2024-10-11,1402.4376916180872,1413.9826562239882,1392.527871521946,1395.5504150390625,1158809
2024-10-14,1405.2124218981132,1413.140277592884,1394.460291805976,1397.5819091796875,762384
2024-10-15,1403.180830999732,1411.8519229836586,1394.3115910153915,1407.49169921875,1018477
2024-10-16,1405.2123981624236,1405.6088151343617,1379.4468675896287,1391.1405029296875,1450465
2024-10-17,1391.1404687781094,1395.3025444575944,1375.037012565442,1382.1224365234375,1418861
2024-10-18,1376.4739182825394,1397.8296275335324,1363.5911530286353,1392.9241943359375,1290065
2024-10-21,1397.1853820484948,1400.15832769965,1358.9335055308575,1363.0955810546875,1644382
2024-10-22,1362.3028040009544,1374.591004065672,1341.6904525412576,1350.5596923828125,2467299
2024-10-23,1350.5101133857102,1358.4379681846412,1323.1589175538263,1328.361572265625,1916219
2024-10-24,1332.8706590075299,1346.7444056440393,1324.1499698767927,1342.1859130859375,1115993
2024-10-25,1347.7353387411956,1355.6631936749673,1292.389025678695,1306.8077392578125,2078274
2024-10-28,1314.8843691991415,1351.7984466411212,1291.39814549633,1340.0057373046875,2126411
2024-10-29,1352.3930669690574,1365.0280872817998,1310.0781845839783,1360.3209228515625,3790528
2024-10-30,1367.505430770117,1402.140320915167,1345.8030238364593,1383.60888671875,2526884
2024-10-31,1395.2529248687915,1395.3025223518339,1359.7262477655884,1363.54150390625,1891761
2024-11-01,1373.9965354320368,1385.3432308817464,1365.9696054701456,1381.8253173828125,243881
2024-11-04,1381.6269877730683,1382.4198217217029,1323.9518866094588,1337.0823974609375,1700308
2024-11-05,1337.8256176403474,1340.8481609420655,1284.213518934729,1317.36181640625,4852958
2024-11-06,1318.0059859004334,1369.5370470033074,1303.3394047372096,1357.645263671875,3645515
2024-11-07,1360.568673365235,1360.568673365235,1337.8256851062217,1340.897705078125,1292794
2024-11-08,1340.89756925272,1354.9695846523318,1326.5283318682134,1349.81640625,1400491
2024-11-11,1342.8795280193517,1345.7038021973922,1326.9743413485623,1335.7445068359375,1269498
2024-11-12,1335.8931913503516,1342.5823191386364,1308.096100820136,1314.0419921875,1038042
2024-11-13,1310.0781039568162,1317.262722908168,1273.2631012742713,1276.28564453125,1437072
2024-11-14,1278.3170843254316,1284.9567357971332,1249.2813865373355,1253.146240234375,2963013
2024-11-18,1252.6012328595368,1277.2767085551754,1249.9256298796704,1267.7633056640625,1445637
2024-11-19,1273.4118071943158,1309.5330509249943,1270.4388613409437,1278.0198974609375,2631778
2024-11-21,1150.2326673423115,1150.2326673423115,986.6711738593333,1104.5980224609375,46926687
2024-11-22,1062.927260322337,1145.476108635733,1044.4950194668188,1126.498779296875,27086168
2024-11-25,1174.3136558257604,1180.6559647431038,1129.4221233798187,1156.27783203125,10532688
2024-11-26,1161.4804136179332,1163.858673462424,1109.2555935872251,1118.669921875,5802555
2024-11-27,1092.062147163934,1220.5924621946194,1092.062147163934,1189.1287841796875,24434211
2024-11-28,1185.8585069621258,1215.8357092382626,1152.6606135323545,1157.0704345703125,15602469
2024-11-29,1164.4037885338741,1204.6376314161282,1158.35882284687,1179.318115234375,9412850
2024-12-02,1191.0612638089337,1209.889921394994,1178.6739890812626,1204.8359375,6941125
2024-12-03,1215.885154746815,1297.6907563509194,1208.9978791509138,1277.02880859375,16753958
2024-12-04,1289.2675305577206,1289.2675305577206,1250.6192340998027,1258.1011962890625,4874025
2024-12-05,1262.5109041700528,1273.2135567690143,1242.889414728446,1265.533447265625,4369917
2024-12-06,1267.4658411589994,1270.9342777845322,1244.7723316151908,1247.69580078125,2232531
2024-12-09,1246.4571012884585,1266.0289941130634,1237.7364120471748,1255.4254150390625,2849557
2024-12-10,1261.4208845366586,1261.4208845366586,1233.177900390403,1237.4886474609375,2406907
2024-12-11,1242.7904450812516,1247.0021183883398,1219.651040635027,1222.673583984375,2595435
2024-12-12,1222.6735270619872,1256.5650599439812,1212.4167675337128,1232.781494140625,5457302
2024-12-13,1230.74997157053,1250.6192078484642,1218.9077857794064,1248.587646484375,2818291
2024-12-16,1246.6552664331932,1250.470522665187,1229.7589761593258,1231.939208984375,1337624
2024-12-17,1223.9617431650058,1248.1417261667355,1217.9663751406483,1220.7906494140625,2684726
2024-12-18,1224.8537518927683,1227.727623886413,1196.3630193952624,1199.1378173828125,1931870
2024-12-19,1176.7909956176252,1198.0971062751232,1174.313540890009,1194.1331787109375,1541271
2024-12-20,1194.1333136498451,1204.935041676757,1165.5929835748193,1171.78662109375,3045185
2024-12-23,1179.2188328508528,1188.187267200411,1163.6604658132464,1181.05224609375,1540796
2024-12-24,1187.1963816301002,1192.250365404747,1169.3587064470103,1171.538818359375,1380778
2024-12-26,1176.2955606029886,1237.736440769278,1171.8857393659403,1232.73193359375,3827047
2024-12-27,1237.1913700847701,1239.6688249657677,1214.696128153103,1219.6014404296875,2595142
2024-12-30,1222.6239489530706,1247.4480945414875,1201.0700921022262,1207.511474609375,8312636
2024-12-31,1210.979891565547,1225.6464721916088,1197.2548163337597,1219.997802734375,1717204
2025-01-01,1211.9708652899408,1220.6915544091694,1195.4709924394012,1207.7095947265625,1937930
2025-01-02,1212.7637357953904,1217.3222284850347,1197.2052468938014,1214.94384765625,3772207
2025-01-03,1223.3671919219385,1226.4392117093787,1186.2053695670802,1188.732421875,3040564
2025-01-06,1188.7323620423017,1190.070163385846,1147.606614039582,1152.5615234375,2298522
2025-01-07,1152.5616375290656,1171.4893691088666,1151.5706555513852,1163.412841796875,2010913
2025-01-08,1172.8767558148315,1172.8767558148315,1130.8094987202148,1141.9085693359375,2900996
2025-01-09,1146.2688149013243,1146.2688149013243,1119.7600467739069,1122.138427734375,1884725
2025-01-10,1124.665406129551,1127.1428609315944,1096.3233473880682,1102.1700439453125,1902237
2025-01-13,1090.9720143765414,1096.4718914229022,1049.4002504621649,1057.0308837890625,2273302
2025-01-14,1069.1208204570687,1121.1969687534715,1065.35516174184,1107.02587890625,6277854
2025-01-15,1114.8547504965695,1131.6518470162582,1108.4133674937004,1118.7196044921875,3135942
2025-01-16,1169.309059998768,1179.2684766134178,1135.070707482137,1140.3724365234375,3997547
2025-01-17,1152.5119553366392,1163.06593681715,1135.169772001823,1153.0074462890625,2464355
2025-01-20,1161.430870708756,1161.430870708756,1136.1608304330962,1138.3409423828125,1312101
2025-01-21,1139.62917637296,1143.8408494160774,1094.0440093180416,1096.22412109375,3134022
2025-01-22,1105.440324810579,1107.9673770784818,1070.7063603451475,1092.309814453125,1906032
2025-01-23,1092.3098489788995,1104.201632320017,1079.8235006646214,1094.0440673828125,1968815
2025-01-24,1094.192655610952,1104.9447847031838,1078.4360196890043,1084.2828369140625,2400140
2025-01-27,1075.314451382115,1083.737797656556,1057.9227913618638,1072.242431640625,2371555
2025-01-28,1077.1974587641337,1086.760459477878,1051.679671677495,1070.9542236328125,2404643
2025-01-29,1075.2154311036884,1092.9044349698859,1064.8101204801044,1087.0576171875,4603700
2025-01-30,1093.9449993808853,1108.4133116646874,1001.6350064953803,1067.337158203125,14097862
2025-01-31,1075.2153472039086,1099.2466579593877,1064.314546448846,1089.4359130859375,4659891
2025-02-01,1095.9269407941176,1107.4223069904594,1053.4137917949515,1074.323486328125,4919797
2025-02-03,1074.2244619752403,1084.1342817351594,1045.4859846714746,1075.0667724609375,3961203
2025-02-04,1090.0801133232626,1117.72853311872,1081.9045124733382,1114.9537353515625,4071098
2025-02-05,1115.845657081993,1144.4850591530367,1113.4177997327927,1134.0301513671875,2979646
2025-02-06,1145.178742063881,1158.8543416582816,1129.818521505733,1153.5526123046875,6263278
2025-02-07,1149.5389542341231,1165.0478444916057,1122.584296108833,1135.7642822265625,4079540
2025-02-10,1139.6293359660635,1148.3995027489486,1117.0844947545609,1133.881591796875,2415627
2025-02-11,1133.88136068118,1149.5389219716824,1104.0033553037783,1129.818359375,4901591
2025-02-12,1129.7194420890714,1133.881517961608,1089.039583966406,1118.76904296875,2862155
2025-02-13,1123.575348684808,1141.2643517534834,1096.0756004194682,1101.5260009765625,3763868
2025-02-14,1109.8997684029591,1109.8997684029591,1032.7518488734877,1053.116455078125,4565339
2025-02-17,1049.4003086529283,1079.4767082154096,1030.6212487108444,1073.1343994140625,2518527
2025-02-18,1073.1344262541134,1078.0893362276115,1052.3732808834673,1075.3641357421875,1715308
2025-02-19,1052.026471281605,1081.8550054089335,1045.0401207349014,1073.0848388671875,1792268
2025-02-20,1064.5127382611415,1115.845650499624,1064.3145902634071,1101.674560546875,3714173
2025-02-21,1101.6745893622885,1109.0078800123777,1070.260509822871,1073.481201171875,2360177
2025-02-24,1073.4811637780076,1073.4811637780076,1056.0893827114242,1060.7470703125,1669749
2025-02-25,1064.9091537288864,1081.5576984772774,1058.1209517281309,1070.6072998046875,1665355
2025-02-27,1073.2334961540976,1078.138808621303,1059.4588222865707,1069.219970703125,1819078
2025-02-28,1064.314596214268,1073.1343596132904,1049.6480152157044,1059.756103515625,2849138
2025-03-03,1065.2559967556765,1071.2514859296598,1031.2157910312703,1043.5535888671875,2274285
2025-03-04,1038.4994822942688,1053.4138089746925,1027.1527873963016,1048.4093017578125,1788886
2025-03-05,1047.26985106327,1108.5620650369337,1045.486035032766,1102.6656494140625,3785743
2025-03-06,1108.1159386552663,1138.3904848110446,1091.9134083972258,1125.95361328125,4020627
2025-03-07,1125.9536344986027,1146.5165098021519,1123.8725966135844,1134.1788330078125,2211623
2025-03-10,1135.6652814799934,1158.1110461848145,1126.6968467070437,1132.59326171875,2430740
2025-03-11,1127.0438332665597,1135.5662539420543,1114.260141768579,1124.7645263671875,2399428
2025-03-12,1128.728458642476,1144.7328415783172,1095.0350718173274,1118.125,2842848
2025-03-13,1124.7644965591921,1129.1743177834626,1104.9944553378577,1109.10693359375,1358839
2025-03-17,1104.746719351223,1138.192359954933,1101.1790875779134,1126.8951416015625,1489537
2025-03-19,1149.538980946421,1173.8180370095135,1148.3498510780566,1162.917236328125,2416781
2025-03-20,1174.3135044014568,1176.2458706411667,1150.728087739616,1166.83154296875,1919013
2025-03-21,1171.3406203118502,1191.705346996939,1161.4803986724792,1178.079345703125,3127446
2025-03-24,1185.2144295886715,1199.9304875681803,1175.3542074292995,1189.97119140625,2135192
2025-03-25,1194.1333136498451,1198.196315668367,1163.9579600454078,1171.78662109375,2090037
2025-03-26,1172.3316127507278,1191.3584172495102,1162.4713910228197,1170.9442138671875,1676081
2025-03-27,1171.3406579260889,1201.0701162490861,1164.4037843173896,1185.9576416015625,2004036
2025-03-28,1186.8989653496762,1194.133181559359,1164.6018727479454,1172.281982421875,1670913
2025-04-01,1168.3676790025138,1191.160263071265,1157.516475409745,1164.156005859375,1584541
2025-04-02,1171.73706979098,1188.1377483126712,1156.8227432094857,1184.6693115234375,1232853
2025-04-03,1159.6967047222054,1194.9261637939337,1159.6967047222054,1189.079345703125,1300511
2025-04-04,1185.2144565014148,1189.2774584543881,1132.6924111882252,1137.994140625,1785093
2025-04-07,1040.481476779421,1108.9088305748949,1032.1077274743102,1100.6341552734375,2192949
2025-04-08,1124.7644469654194,1145.2282472208428,1101.0304790493994,1121.1473388671875,2423486
2025-04-09,1123.6248241403819,1125.3590424978233,1101.9718934142218,1121.5933837890625,1537177
2025-04-11,1152.5120252696177,1159.7462420017496,1137.647295794945,1154.048095703125,3536245
2025-04-15,1189.1783281045812,1214.8447845467335,1168.367707362751,1199.8809814453125,3176522
2025-04-16,1199.0881063676068,1224.3581449728745,1190.7638341625657,1221.7816162109375,1909731
2025-04-17,1221.781702248719,1270.9343840581641,1207.6106116059316,1248.042724609375,4280765
2025-04-21,1248.0425790781542,1248.6371440004518,1198.4934860622632,1231.8895263671875,6049182
2025-04-22,1238.3309851312404,1244.2768766612905,1215.934817895279,1222.078857421875,2932537
2025-04-23,1228.9166410886323,1231.5923648244664,1205.8268351918998,1227.9256591796875,2580999
2025-04-24,1226.835669015694,1236.7454886361763,1220.49336026469,1225.2501220703125,2133285
2025-04-25,1225.1510214918017,1232.1869690758235,1170.5478197918253,1182.241455078125,3628854
2025-04-28,1177.3856799391103,1203.7457767198273,1173.4217519730032,1198.9891357421875,2646406
2025-04-29,1201.0700753225194,1212.8627842493659,1191.6557471743643,1205.430419921875,2381980
2025-04-30,1204.142142093064,1215.4393605060945,1193.0431926515284,1205.529541015625,1824334
2025-05-02,1243.682299224485,1283.3215756937911,1231.4931733223846,1251.709228515625,10694521
2025-05-05,1278.3667361609316,1364.5821672043435,1274.1054653192707,1334.9517822265625,14191797
2025-05-06,1337.8255385354187,1344.0687727697045,1303.1411727215375,1308.888916015625,3604276
2025-05-07,1287.087367104429,1329.2040987378268,1286.9881721367722,1326.1319580078125,3269847
2025-05-08,1327.9158025246422,1354.5732409632485,1304.5286528830286,1321.0780029296875,5077662
2025-05-09,1288.2765406902583,1312.9520155481441,1280.9432500339724,1294.519775390625,2979366
2025-05-12,1347.7353684778618,1362.6000968066617,1333.366131093355,1349.81640625,3662785
2025-05-13,1348.3299965452206,1379.347779498007,1334.9517404229377,1356.8524169921875,3356599
2025-05-14,1367.5550806893814,1369.4379705740807,1349.7174057238676,1359.4290771484375,1557379
2025-05-15,1363.1947747182182,1397.1855047014485,1359.5281898143735,1393.518798828125,3706424
2025-05-16,1398.17644460564,1412.0501917781996,1388.3656991968635,1394.7080078125,2777119
2025-05-19,1394.8071716022368,1397.8791916228815,1379.44695052953,1385.690185546875,1317210
2025-05-20,1386.3838123971634,1394.6090113517157,1368.942553461546,1372.1136474609375,2970441
2025-05-21,1367.5551544732564,1378.4559564292026,1357.8434825247114,1372.1136474609375,1993690
2025-05-22,1367.6540868580444,1395.3025058772039,1346.3479761504025,1359.0325927734375,3186493
2025-05-23,1370.6270363986973,1385.8881817936078,1362.600107233615,1382.816162109375,1715309
2025-05-26,1383.2126521785087,1397.8791124354123,1382.2216702299554,1387.5728759765625,1024835
2025-05-27,1384.4018432774305,1406.2034471085713,1372.906476360362,1391.536865234375,2571237
2025-05-28,1392.3296210750632,1414.9240576198006,1390.3476572016466,1398.2755126953125,2035398
2025-05-29,1408.1853290590905,1428.0049677509846,1397.7800187458458,1425.6265869140625,1662886
2025-05-30,1428.9960141420258,1444.3562348210837,1415.9151004031362,1419.8790283203125,2575127
2025-06-02,1419.8789590283293,1468.6352216424343,1412.4465945463332,1454.761474609375,3164701
2025-06-03,1456.743517353279,1458.7254813224672,1413.8339490325636,1419.383544921875,3677200
2025-06-04,1419.3835580156406,1428.104126978827,1410.2664510915818,1423.248291015625,1446972
2025-06-05,1430.7797841454014,1454.4641559143608,1425.0320404622835,1443.5633544921875,2019939
2025-06-06,1443.5633712018198,1465.5632432720004,1440.5904253249962,1458.4281005859375,1269864
2025-06-09,1468.6351611929726,1470.61712497326,1449.9055792753627,1453.8695068359375,1493331
2025-06-10,1458.725461408041,1480.5270647714763,1456.545349459489,1460.50927734375,2125187
2025-06-11,1460.5092231316403,1462.6893349992695,1435.7346747746067,1443.26611328125,2192673
2025-06-12,1446.6354657309594,1452.3830883271012,1427.1130491832112,1432.76171875,2192452
2025-06-13,1399.103515625,1417.8246646708017,1391.2366459230511,1399.103515625,3380550
2025-06-16,1383.170752193165,1405.2775363263931,1369.2295063107285,1394.7220458984375,2823300
2025-06-17,1394.622447180459,1408.862482233283,1378.1916936078223,1386.4569091796875,1571621
2025-06-18,1381.179068240472,1389.3446060336857,1359.470509388254,1366.8394775390625,1732093
2025-06-19,1364.748371665966,1366.8395342062408,1326.0116004314837,1332.384765625,2950283
2025-06-20,1332.3847041280987,1351.0061756597495,1328.9989488792505,1343.6373291015625,4541583
2025-06-23,1335.3721246847103,1359.1718460730945,1330.0943189691652,1349.1142578125,3921155
2025-06-24,1389.245052841755,1412.7459846055735,1379.2870206064074,1383.6685791015625,7635176
2025-06-25,1393.8256947978061,1398.1076971944683,1379.6853379365639,1387.25341796875,1915989
2025-06-26,1393.128748603831,1426.9860591488848,1389.34464762559,1423.3016357421875,2877806
2025-06-27,1428.878077540092,1450.6861925658231,1421.0112077197398,1434.15576171875,2888390
2025-06-30,1434.753316584131,1447.3999687543087,1426.6872133198979,1444.11376953125,1586196
2025-07-01,1444.2134453127446,1453.6735758157788,1435.9482300395216,1440.92724609375,2134736
2025-07-02,1451.8811334962572,1451.8811334962572,1433.9566750580318,1437.84033203125,1219600
2025-07-03,1437.9398802634453,1445.0100589642184,1420.7124355678318,1425.093994140625,978007
2025-07-04,1425.9901992383889,1433.857068922884,1410.654805465704,1418.422119140625,608462
2025-07-07,1418.4221258410096,1431.7659132532112,1411.053157727584,1429.5750732421875,764520
2025-07-08,1431.9650862894266,1443.815169381867,1423.9986602182753,1442.4210205078125,824935
2025-07-09,1442.3214536661376,1449.6904220382373,1432.2638651384138,1436.944091796875,1008636
2025-07-10,1437.9398262965901,1444.1137575369871,1431.1683158875026,1437.0435791015625,1035509
2025-07-11,1437.9398343486107,1447.7983104331013,1422.305772584506,1425.69140625,819864
2025-07-14,1425.9902807157187,1440.429428111234,1420.1150171190436,1426.986083984375,718442
2025-07-15,1428.3802319755848,1443.2177249808533,1423.002870016613,1439.0352783203125,735108
2025-07-16,1441.4252065608753,1467.8139927258928,1436.8445359155314,1450.5865478515625,2488981
2025-07-17,1448.8936828508229,1457.8559118169105,1442.8193075298545,1446.4041748046875,1168071
2025-07-18,1446.3045975201662,1450.3873663441714,1423.1023342482715,1437.0435791015625,1147990
2025-07-21,1436.0478261400199,1447.0016617651274,1423.9986312640037,1444.41259765625,815780
2025-07-22,1448.3958703767382,1448.3958703767382,1411.1528034029895,1414.7376708984375,976668
2025-07-23,1423.9986213822021,1432.4629488519565,1413.0447858331083,1414.8372802734375,740816
2025-07-24,1417.2270741277682,1420.0153717277162,1399.1035044021326,1405.67578125,598011
2025-07-25,1405.7753355839777,1410.754351607946,1384.1664546631591,1390.4400634765625,744410
2025-07-28,1390.440073553581,1398.207265672458,1367.735711696536,1370.2252197265625,790020
2025-07-29,1370.2252395298626,1392.8299241459954,1367.8352874748944,1390.041748046875,782760
2025-07-30,1392.9295621773863,1397.2114429945711,1385.6601502077824,1388.149658203125,627316
2025-07-31,1376.2996314894044,1389.942208790375,1364.5492262110206,1367.33740234375,1412892
2025-08-01,1365.2462551797876,1370.1257154143523,1337.1646521647217,1341.446533203125,1239941
2025-08-04,1344.1352839823053,1391.1371490566469,1339.5544917568952,1383.0711669921875,1368323
2025-08-05,1386.158145638577,1388.3488641995696,1340.3511954235091,1352.400390625,3000067
2025-08-06,1368.2336153126946,1381.0795010781055,1352.4003199068627,1361.362548828125,2293293
2025-08-07,1345.3301357698763,1352.2012022256765,1309.4812202349278,1339.753662109375,2857406
2025-08-08,1339.7537420481892,1351.2054796384753,1312.1699185698212,1319.4393310546875,1561061
2025-08-11,1319.4393391944216,1342.641604121953,1308.1867135652549,1333.7789306640625,2053173
2025-08-12,1336.3679974486802,1343.9360780406607,1322.6258636058071,1324.916259765625,1260241
2025-08-13,1329.5963953897128,1333.6792857910427,1311.0744800228842,1314.0618896484375,1205658
2025-08-14,1319.240197259272,1323.4225222956916,1285.0840970824604,1294.843017578125,2298528
2025-08-18,1316.3523206720638,1326.409909034068,1289.5651893386773,1321.6300048828125,10225114
2025-08-19,1326.4098893531673,1365.9432285732971,1319.4392668115215,1363.6529541015625,3150673
2025-08-20,1363.6529851223647,1368.8311133621767,1352.3008038418393,1364.847900390625,1594619
2025-08-21,1365.3457356410547,1372.0176899788805,1349.6121181030621,1356.0848388671875,1227167
2025-08-22,1358.2756521050576,1358.2756521050576,1332.58387927048,1335.5712890625,1210284
2025-08-25,1335.6709054112523,1343.2389855591964,1326.9077884664684,1334.774658203125,1214246
2025-08-26,1329.5964703777324,1334.2768186565386,1304.502276730999,1309.879638671875,1652272
2025-08-28,1311.3733435688953,1333.1814593769936,1305.6971920254089,1309.879638671875,1785681
2025-08-29,1312.468655510115,1317.3481156426576,1297.5316070786646,1307.29052734375,1592903
2025-09-01,1312.7675112502025,1332.8826888615895,1310.5766711017232,1329.6961669921875,983914
2025-09-02,1335.272633475556,1343.1395036462056,1322.6258589698741,1330.59228515625,1495993
2025-09-03,1332.3847012296176,1339.1562117125832,1322.0283234854385,1326.8082275390625,1774676
2025-09-04,1332.3847751606665,1342.342807859924,1320.4351359215575,1322.6258544921875,1350147
2025-09-05,1324.4183457875586,1330.094375789156,1307.2905782096025,1316.2528076171875,1135666
2025-09-08,1316.3523708446094,1357.6782066726748,1316.3523708446094,1342.6416015625,1445628
2025-09-09,1349.0146181656876,1379.1875053536703,1342.641574593136,1375.104736328125,3515252
2025-09-10,1394.1245433567553,1399.0040035701065,1379.1874946779328,1383.270263671875,2553605
2025-09-11,1399.0039443888868,1417.127514062649,1382.1748459443888,1387.25341796875,4041646
2025-09-12,1389.6433699678637,1400.5972052022933,1385.26181156249,1387.25341796875,1466190
2025-09-15,1387.2534420409295,1403.0867375570433,1386.3571948309589,1389.3446044921875,1254831
2025-09-16,1394.1245013208247,1406.6715975211102,1390.7387460774437,1402.2900390625,1636246
2025-09-17,1404.0825093232602,1407.1694749257738,1390.3403765662551,1400.1988525390625,1062568
2025-09-18,1404.0825519468433,1409.061568088499,1395.1203228918635,1406.870849609375,1416920
2025-09-19,1441.7239253805822,1453.8726758293778,1419.0195637375778,1421.807861328125,8069167
2025-09-22,1426.9860900527653,1455.5655953615296,1419.0196638696375,1438.1390380859375,5490489
2025-09-23,1446.902108007672,1448.893714488068,1417.1275668141498,1435.5499267578125,2550337
2025-09-24,1438.9357069057298,1446.3046753219019,1423.1024108018769,1425.5919189453125,2603193
2025-09-25,1425.6914916141088,1433.857151354776,1398.207345701119,1401.2943115234375,1970560
2025-09-26,1401.2942413625403,1410.754371944451,1384.465264205339,1386.1580810546875,1899079
2025-09-29,1387.7513977387512,1395.4191557695617,1371.8185455912155,1377.39501953125,1978395
2025-09-30,1383.867729789301,1402.090977912362,1381.3782216609054,1397.60986328125,1999250
2025-10-01,1400.0993822437154,1420.911694669752,1386.8551502749608,1416.729248046875,1602493
2025-10-03,1407.070033488263,1424.9944925135912,1406.5721318486706,1413.1444091796875,1576970
2025-10-06,1413.1443524612716,1413.1443524612716,1389.145518707744,1394.6224365234375,1338654
2025-10-07,1394.9211797051746,1409.061536608359,1391.435868483882,1393.6265869140625,1608151
2025-10-08,1393.5270584680004,1405.1779075864208,1380.1832709309474,1388.448486328125,1704405
2025-10-09,1388.6475607148059,1393.925366291604,1382.573185513779,1389.742919921875,1250770
2025-10-10,1394.6224342954,1412.0489909538571,1389.8425301315895,1403.485107421875,1359246
2025-10-13,1394.9212701956737,1435.8487603091337,1390.14136587319,1431.7659912109375,2245061
2025-10-14,1433.9566430851994,1436.1473615555974,1416.0321850466344,1423.0028076171875,2640234
2025-10-15,1423.9986161381216,1450.1882896595307,1423.9986161381216,1444.6116943359375,2675240
2025-10-16,1447.897910935124,1484.2447291944993,1446.902107695141,1473.2908935546875,6512312
2025-10-17,1473.290840188477,1482.7509706256453,1456.3621857219653,1473.1912841796875,3290072
2025-10-20,1481.7552522686606,1482.7510555295937,1452.9765137160869,1460.8433837890625,2660484
2025-10-21,1470.8013512980626,1475.28246577392,1463.8307287800624,1467.3160400390625,394024
2025-10-23,1472.593925987526,1477.2741527386854,1444.213532759988,1447.001708984375,2999137
2025-10-24,1456.860117245588,1457.3580188577703,1416.330974637148,1423.0028076171875,1907383
2025-10-27,1423.0028330693174,1423.7995242862632,1404.0825714679759,1414.6380615234375,2280976
2025-10-28,1419.915888949326,1428.9776742794954,1404.082592846055,1411.949462890625,2068057
2025-10-29,1418.1233481416234,1458.6526123262342,1415.6338400795962,1448.694580078125,3578596
2025-10-30,1451.8811722266473,1456.860188592308,1443.516400420734,1451.7816162109375,1380931
2025-10-31,1451.7816125090228,1455.5655920024662,1436.9441194655851,1445.408447265625,1141853
2025-11-03,1445.4083512336563,1451.2836144514092,1429.2763879450545,1438.6368408203125,1059573
2025-11-04,1443.5163851783411,1460.146372598858,1425.9902720678808,1438.3382568359375,3554714
2025-11-06,1446.0058582147567,1460.1463371352913,1428.2806335054838,1430.7701416015625,2745063
2025-11-07,1428.977691720678,1457.855986535939,1419.0196590257603,1442.221923828125,2184538
2025-11-10,1446.1054726399982,1457.7564439350754,1434.952524542266,1438.836181640625,1161695
2025-11-11,1446.9020672222919,1469.8055411012408,1431.7659070211469,1468.2122802734375,2258827
2025-11-12,1470.8013865256055,1508.6419096725067,1469.3076816645435,1500.575927734375,4641466
2025-11-13,1508.6419588156427,1508.6419588156427,1481.556158409288,1492.7091064453125,2304918
2025-11-14,1493.7049095556356,1517.2058424877075,1490.7174997365244,1506.3515625,2345593
2025-11-17,1512.5255745207116,1512.6251305336998,1496.6922785991776,1501.27294921875,1750560
2025-11-18,1512.5255516063608,1512.5255516063608,1483.9459259469772,1488.725830078125,1818617
2025-11-19,1492.7090054040914,1493.2069070069613,1471.7971380835536,1477.9710693359375,1746304
2025-11-20,1493.7048360916835,1498.6838522119892,1481.3568518017237,1484.8421630859375,1459401
2025-11-21,1485.738472901926,1486.037262504938,1460.9429472664233,1473.5897216796875,1165365
2025-11-24,1475.7804055422337,1483.9459435083984,1465.1253594695536,1479.6640625,2485518
2025-11-25,1483.7468609404539,1486.1368130817598,1468.3119103736237,1477.6724853515625,1355333
2025-11-26,1478.0707905760219,1516.608327153635,1478.0707905760219,1499.8787841796875,3986754
2025-11-27,1505.4553431672812,1507.5465055989935,1494.7006198641752,1502.7666015625,861910
2025-11-28,1503.6628689862628,1527.8609359646764,1496.7918024256505,1510.533935546875,2612938
2025-12-01,1523.5790026620182,1542.499264786579,1516.608379774022,1524.076904296875,4059126
2025-12-02,1521.6869142853648,1523.5789647623585,1503.6628998635042,1511.7288818359375,1974536
2025-12-03,1507.6460697628966,1517.6041019277768,1482.3526437524984,1491.4144287109375,1958074
2025-12-04,1491.414501962072,1502.7666834992024,1483.9459774715936,1499.2813720703125,1591805
2025-12-05,1498.2855255284503,1507.6461002644157,1487.0330218892893,1503.0654296875,1141428
2025-12-08,1503.065482016322,1504.5591869232765,1466.4198730091657,1474.2867431640625,1070689
2025-12-09,1470.7017718608597,1492.9081103082397,1454.7689206449425,1490.91650390625,1327921
2025-12-10,1493.7047945252918,1514.616661648646,1487.331629757049,1491.812744140625,1677388
2025-12-11,1489.7216842326711,1508.641946265038,1488.7258809678099,1497.6881103515625,1451645
2025-12-12,1505.654456375897,1520.9898501505868,1503.164948346175,1516.4091796875,1152570
2025-12-15,1516.409219084965,1516.409219084965,1501.7708385550775,1506.251953125,850425
2025-12-16,1506.25200664849,1506.25200664849,1487.9292021110068,1492.7091064453125,1122212
2025-12-17,1487.8295701288316,1493.7048334520116,1473.091755373578,1480.0623779296875,964352
2025-12-18,1480.1619544018824,1491.7132476286595,1469.8055764351811,1489.4228515625,683681
2025-12-19,1488.7258462672744,1497.3892858464274,1484.4438437049728,1490.1199951171875,1276175
2025-12-22,1491.215338567731,1508.641895111928,1491.215338567731,1502.3682861328125,1116833
2025-12-23,1502.3682693490425,1507.4469630173096,1484.9417129995268,1487.3316650390625,928446
2025-12-24,1496.6922480330122,1500.8745729572056,1485.7384125517326,1488.02880859375,1318023
2025-12-26,1493.3065495823905,1495.0990440798362,1478.7678462473864,1480.8590087890625,876540
2025-12-29,1480.8589821549176,1480.8589821549176,1444.9105093019439,1448.2962646484375,1568472
2025-12-30,1443.914679431753,1464.3286455892364,1441.2260593415328,1455.067626953125,3463973
2025-12-31,1462.3369990138367,1468.8097198130126,1455.1672645979527,1463.631591796875,707055
2026-01-01,1466.6190613116441,1484.6430756540751,1464.229109222711,1474.8841552734375,981252
2026-01-02,1473.888326754913,1488.7258190963043,1472.0959538874629,1483.2489013671875,1251176
2026-01-05,1481.7552366774114,1490.5183539046232,1472.8925634367567,1486.7342529296875,790039
2026-01-06,1483.7468776033782,1486.734287424056,1464.5278258004766,1467.017333984375,1675609
2026-01-07,1467.0172609182068,1474.1871170655427,1452.876903761145,1459.1505126953125,2124534
2026-01-08,1461.8392011009323,1482.7510697815314,1454.1715645412526,1459.0509033203125,1974347
2026-01-09,1456.8601449490359,1456.8601449490359,1424.994441163411,1429.8739013671875,2280396
2026-01-12,1429.8739360803484,1441.0268840528727,1398.0082315211173,1437.4420166015625,1539180
2026-01-13,1437.4419848568211,1442.9189027069858,1414.0406085879363,1422.6044921875,919873
2026-01-14,1423.0028539697607,1432.8613305237013,1417.02803442895,1423.9986572265625,1278819
2026-01-16,1423.9985989257573,1441.9230568143332,1410.1569099113105,1415.9326171875,1556318
2026-01-19,1415.0363967036317,1415.0363967036317,1389.742970227165,1397.1119384765625,1130162
2026-01-20,1403.0867516844696,1406.9704085947726,1353.8940477893238,1361.8604736328125,1799611
2026-01-21,1365.943264343529,1384.5648579843794,1339.3553662901932,1372.8143310546875,2141532
2026-01-22,1394.1245352014298,1415.7334168738469,1382.6727979479895,1408.264892578125,1689638
2026-01-23,1411.0531391167704,1411.0531391167704,1286.5777387006826,1302.908935546875,6380222
2026-01-27,1328.700274621987,1362.557583835776,1316.4518464890891,1358.176025390625,3838632
2026-01-28,1368.1340382818016,1378.4904158544048,1357.97677272563,1376.1004638671875,2938285
2026-01-29,1379.087903275852,1423.0028009530747,1365.8436718306214,1411.849853515625,3918681
2026-01-30,1411.8498242659207,1422.5048698727762,1401.095101092752,1413.8414306640625,2227414
2026-02-02,1342.3428118280576,1400.0994016544873,1342.3428118280576,1397.2115478515625,2796673
2026-02-03,1471.0004607739293,1530.5495416621943,1471.0004607739293,1524.3756103515625,11977119
2026-02-04,1523.4794226363147,1565.701504918352,1502.1692086886906,1561.3199462890625,6632728
2026-02-05,1561.4195109444256,1571.078753938669,1542.1009033979235,1563.6102294921875,3285127
2026-02-06,1556.4404449257179,1568.8879852722127,1520.5915287278126,1544.1920166015625,4429173
2026-02-09,1569.2863529911467,1577.2527789251758,1547.9761393060164,1555.1458740234375,1761025
2026-02-10,1558.432115257871,1561.419525063477,1518.5999845164558,1548.17529296875,1643366
2026-02-11,1548.1752085483877,1552.8555565900992,1532.7402587277409,1546.8807373046875,1359416
2026-02-12,1535.6281746510722,1544.4908479288692,1526.0684877182412,1537.221435546875,1107584
2026-02-13,1536.5243998383753,1536.5243998383753,1500.675483186281,1512.6251220703125,1838361
2026-02-16,1511.1314670179104,1539.0139586663463,1489.024682977,1533.6365966796875,1644108
2026-02-17,1538.516026647692,1569.883829132742,1529.2550077669953,1559.7266845703125,3168457
2026-02-18,1558.4321057506072,1558.4321057506072,1533.537024189096,1544.291748046875,1326139
2026-02-19,1543.495027084879,1544.2917183027087,1500.3766980276253,1506.9490966796875,984392
2026-02-20,1506.9491106887112,1522.7822851576516,1498.8830070967435,1505.1566162109375,1126987
2026-02-23,1504.6587175289292,1557.9341916439507,1504.4596055012378,1549.270751953125,3113728
2026-02-24,1547.1794980230109,1557.4363203673065,1529.9521743194869,1548.8724365234375,1360612
2026-02-25,1560.423612904462,1577.3522672882375,1512.1271577507503,1522.2843017578125,2153982
2026-02-26,1531.1470867604953,1548.0757423849918,1519.59579311656,1544.092529296875,1353287
2026-02-27,1538.5159765239769,1538.61553253448,1509.8367951345006,1514.61669921875,1596106
2026-03-02,1455.8643012884174,1491.0162034242624,1423.9985983874399,1464.1295166015625,4207514
2026-03-04,1428.977584558412,1444.4125340780324,1403.0867014932421,1428.380126953125,3386838
2026-03-05,1441.126367626045,1499.1817438247958,1441.126367626045,1493.0078125,3236481
2026-03-06,1482.7510538943527,1491.514171204107,1463.8307919574872,1471.29931640625,2576061
2026-03-09,1399.1035635116878,1430.0730202144719,1399.1035635116878,1415.335205078125,4874245
2026-03-10,1443.914742101281,1464.1295971139054,1410.5553325423894,1418.1234130859375,2706284
2026-03-11,1419.0196299750269,1448.7941714348776,1399.8005786440895,1404.8792724609375,2212011
2026-03-12,1396.6139914772727,1412.6463987255884,1369.528192993038,1385.66015625,2699173
2026-03-13,1382.8718635896846,1384.1664563807262,1348.3175409636715,1357.4788818359375,2688559
2026-03-16,1350.9065893154755,1377.2953739691077,1341.3469029601006,1368.134033203125,3322087
2026-03-17,1373.2126304824812,1373.2126304824812,1345.529252542807,1359.769287109375,2605905
2026-03-18,1361.362599812587,1405.177942846355,1361.362599812587,1396.0166015625,1956685
2026-03-19,1371.221072306675,1373.810136439515,1344.8322862383186,1350.3092041015625,2160622
2026-03-20,1359.171898173117,1387.651847187354,1352.300831345839,1359.6697998046875,4213342
2026-03-23,1344.3343211514912,1344.3343211514912,1288.0714403032991,1298.1290283203125,3361416
2026-03-24,1337.3638005115656,1355.2882594908717,1308.0871598670954,1338.5587158203125,3132212
2026-03-25,1353.993646643555,1386.8551542877435,1349.1143079064364,1370.125732421875,1856531
2026-03-27,1369.2295021250525,1369.2295021250525,1324.517910798602,1332.1856689453125,2667313
2026-03-30,1319.4392930821211,1331.6877215580885,1301.6143907734092,1307.09130859375,2856500
2026-04-01,1345.5292721208093,1399.501879975928,1343.0397640525293,1379.5858154296875,3684039
2026-04-02,1348.7158955348632,1378.39075833725,1327.0073368757269,1371.8184814453125,3210456
2026-04-06,1374.009395613466,1385.9590348103663,1342.4423591335112,1381.2786865234375,2519628
2026-04-07,1369.2294044135533,1384.166452461701,1362.65712758397,1375.2042236328125,1812944
2026-04-08,1458.7522212495726,1499.3809213607524,1442.9189250891652,1447.200927734375,7636467
2026-04-09,1430.969305228993,1450.0886794731466,1409.2607452251377,1441.32568359375,3159307
2026-04-10,1435.9482250780222,1471.8966965537413,1432.2638018338273,1469.1085205078125,4026881
2026-04-13,1420.81208857276,1471.6976090056367,1415.0363812505739,1459.1505126953125,3629785
2026-04-15,1478.0707343405247,1508.6418438737064,1474.6849791581835,1505.455322265625,4415637
2026-04-16,1518.5003736352692,1549.2707178328321,1503.662881158592,1543.2958984375,7476052
2026-04-17,1552.4572837315436,1571.875447318949,1542.6983631515902,1566.796875,6024587
2026-04-20,1565.801059388024,1593.7831064867796,1559.5274502706811,1571.77587890625,2998603
2026-04-21,1571.8754059597973,1605.1352583100802,1571.7758499479305,1587.409912109375,4276868
2026-04-22,1582.2317729899871,1596.670919793333,1575.3607064064477,1581.9329833984375,1918773
2026-04-23,1568.3900400404937,1604.2389552414193,1559.6269232570642,1596.1729736328125,2406876
2026-04-24,1605.2347622924947,1612.0062726921178,1549.9676845584788,1578.4476318359375,2290223
2026-04-27,1593.285135861222,1642.9757403474957,1586.3145133918292,1621.66552734375,3787783
2026-04-28,1621.56607549571,1641.0837953521295,1617.6824184159796,1630.7274169921875,2500914
2026-04-29,1638.096375876331,1664.9830641125989,1637.9968198611332,1654.1287841796875,2345365
2026-04-30,1643.0753144269825,1669.9620013903332,1590.0986317001773,1650.3447265625,6313698
2026-05-04,1694.8571549659032,1741.261562746786,1680.218895611437,1735.2867431640625,7171346
2026-05-05,1742.4565895397595,1750.0246699892525,1711.4870109683363,1717.7606201171875,4357699
2026-05-06,1742.6557075462674,1755.0036922999127,1711.387460824977,1740.962890625,3001204
2026-05-07,1740.9629047796063,1748.5309853165925,1700.8319843934858,1725.5279541015625,3280485
2026-05-08,1733.0960197411086,1784.479443696664,1720.4492453917082,1753.0120849609375,4984856
2026-05-11,1749.7257909927673,1778.1061823968846,1725.8265140208791,1759.883056640625,4111229
2026-05-12,1744.6472859130913,1758.4889753355342,1676.135974007454,1681.114990234375,3441070
2026-05-13,1681.115018946763,1744.9461053124949,1680.9159069174907,1730.5069580078125,3018421
2026-05-14,1753.6095348380502,1775.0193048545284,1738.0750283469993,1765.95751953125,3051398
2026-05-15,1789.2593447254221,1816.2455887377118,1758.7876677479728,1787.56640625,5622212
2026-05-18,1778.0066692099974,1785.4751934435874,1737.6766383486113,1780.1973876953125,2562978
2026-05-19,1783.2844679007849,1797.4248251038823,1751.418764630245,1755.4019775390625,2274987
2026-05-20,1741.6598348793439,1770.3390162895837,1736.9796083602193,1765.1607666015625,1283223
2026-05-21,1773.9239646592268,1793.2425723562258,1769.3432939413033,1785.7740478515625,1628329
2026-05-22,1785.7740441151645,1794.7362735020085,1773.0277136973355,1779.40087890625,1487044
2026-05-25,1801.4081158712597,1805.6901185565152,1785.475263547357,1795.333740234375,1516143
2026-05-26,1797.4248235028492,1812.8597735107683,1792.4458073712624,1803.5987548828125,2104926
2026-05-27,1802.4038705488663,1835.0662655554984,1802.3043145361291,1816.843017578125,2102406
2026-05-29,1828.6930806780401,1832.9749616434594,1788.860951373609,1797.0264892578125,3554087
2026-06-01,1801.5075523637493,1807.2832595711752,1769.5422938212917,1776.0150146484375,1224826
2026-06-02,1737.875795434644,1810.1712091368202,1737.875795434644,1806.885009765625,2256569
2026-06-03,1821.7225197757552,1832.278010087482,1774.4218646240404,1796.22998046875,2967709
2026-06-04,1786.7697885048615,1818.7350479530546,1778.7036850760737,1783.384033203125,1369988
2026-06-05,1793.9395049306586,1820.2287343103535,1789.1596008405284,1816.544189453125,1640762
2026-06-08,1798.022262305434,1825.108182712539,1784.081017282927,1797.4248046875,2574439
2026-06-09,1820.3283683341967,1824.9090390413778,1784.877796413471,1818.735107421875,1776339
2026-06-10,1818.3366667403968,1850.0032575335592,1804.5945337792864,1813.5567626953125,2933100
2026-06-11,1806.9845651428636,1812.7602726544392,1774.222613688611,1779.5999755859375,2229041
2026-06-12,1804.0,1818.0,1777.9000244140625,1812.9000244140625,2325897
2026-06-15,1839.0,1840.300048828125,1798.9000244140625,1804.800048828125,1421741
2026-06-16,1804.800048828125,1828.0,1797.0999755859375,1822.0,2215994
2026-06-17,1824.0,1833.0,1806.300048828125,1828.5999755859375,2697924
2026-06-18,1833.0,1849.5,1820.0,1842.0999755859375,1643528
2026-06-19,1842.0999755859375,1849.0,1830.0,1835.300048828125,4382841
2026-06-22,1835.300048828125,1836.800048828125,1808.0999755859375,1827.199951171875,1524494
2026-06-23,1832.5999755859375,1842.0,1779.0999755859375,1784.0,3309685
2026-06-24,1786.0,1818.0,1775.0,1813.300048828125,2141905
2026-06-25,1813.300048828125,1831.4000244140625,1790.9000244140625,1796.0,1850390
2026-06-29,1809.5,1809.5,1770.5,1776.0999755859375,1693498
2026-06-30,1786.9000244140625,1816.300048828125,1782.5999755859375,1810.199951171875,2230098
2026-07-01,1829.5,1881.699951171875,1815.4000244140625,1848.199951171875,4123193
2026-07-02,1858.5,1888.0,1845.5,1883.199951171875,3089068
2026-07-03,1885.0,1891.0999755859375,1865.0,1874.199951171875,1645113
2026-07-06,1872.800048828125,1883.5,1859.300048828125,1864.4000244140625,1042695
2026-07-07,1872.0,1880.5,1828.699951171875,1833.9000244140625,1818238
2026-07-08,1824.9000244140625,1850.4000244140625,1783.199951171875,1791.699951171875,1413919
2026-07-09,1795.300048828125,1821.0,1795.300048828125,1800.0999755859375,1106782
2026-07-10,1800.0999755859375,1852.9000244140625,1800.0999755859375,1828.0999755859375,1489787
2026-07-13,1811.0,1825.9000244140625,1807.0999755859375,1810.300048828125,1156618
2026-07-14,1819.300048828125,1840.9000244140625,1808.5999755859375,1821.9000244140625,1636778
2026-07-15,1826.0,1838.0,1817.199951171875,1829.0999755859375,917984
2026-07-16,1828.5,1859.699951171875,1817.5,1826.4000244140625,1952268
2026-07-17,1825.5999755859375,1841.5,1817.0999755859375,1837.4000244140625,962152
2026-07-20,1836.0999755859375,1853.699951171875,1828.0,1844.0,754950
2026-07-21,1840.0,1857.4000244140625,1833.0,1846.5,1372166
2026-07-22,1837.0999755859375,1847.199951171875,1811.9000244140625,1819.4000244140625,1436881
2026-07-23,1818.300048828125,1825.5,1769.0,1778.5,2592430
2026-07-24,1764.9000244140625,1784.9000244140625,1755.199951171875,1768.300048828125,1685770
2026-07-27,1784.0,1785.0,1752.0999755859375,1770.4000244140625,2266975
2026-07-28,1770.4000244140625,1783.0,1758.9000244140625,1774.699951171875,1776549
2026-07-29,1785.0,1792.0,1705.0999755859375,1719.699951171875,5088460
2026-07-30,1726.699951171875,1727.699951171875,1658.4000244140625,1664.0999755859375,5395211
2026-07-31,1674.0,1708.0999755859375,1650.0,1696.5,4703646
2026-08-03,1713.4000244140625,1715.9000244140625,1692.800048828125,1701.0,1664693
2026-08-04,1703.0999755859375,1713.9000244140625,1690.0,1706.699951171875,1099071
2026-08-05,1708.199951171875,1710.699951171875,1688.0999755859375,1700.0,2333361
2026-08-06,1704.0,1706.0,1685.800048828125,1695.0,1254956
2026-08-07,1695.0,1702.300048828125,1676.699951171875,1693.5,2387389
2026-08-10,1690.0,1690.0,1673.0999755859375,1681.0,2177216
2026-08-11,1700.0,1703.4000244140625,1661.800048828125,1668.199951171875,2263466
2026-08-12,1669.800048828125,1672.699951171875,1640.4000244140625,1665.0,1494540
2026-08-13,1665.0,1669.9000244140625,1641.0999755859375,1658.0,1992956
2026-08-14,1658.0,1700.0,1657.199951171875,1700.0,1978204
2026-08-17,1700.0,1704.0,1678.0999755859375,1691.0,1594217
2026-08-18,1691.5999755859375,1693.699951171875,1667.0,1682.4000244140625,1298165
2026-08-19,1684.0,1684.0,1667.0,1681.9000244140625,1217074
2026-08-20,1690.0,1698.5,1680.4000244140625,1696.0,1661649
2026-08-21,1697.199951171875,1702.0,1684.9000244140625,1700.0,1113535
2026-08-24,1700.0,1700.0,1672.0999755859375,1672.0999755859375,1061245
2026-08-25,1674.0,1702.699951171875,1671.0,1702.699951171875,1300541
2026-08-26,1711.9000244140625,1719.699951171875,1690.5,1691.5,1937255
2026-08-27,1703.0,1719.0,1691.199951171875,1714.0,2044450
2026-08-28,1712.0,1723.9000244140625,1699.199951171875,1707.5,3268356
2026-08-31,1710.0,1711.4000244140625,1593.0999755859375,1593.0999755859375,9621819
2026-09-01,1625.0,1655.5999755859375,1625.0,1647.5,3770354
2026-09-02,1637.0999755859375,1676.699951171875,1632.0999755859375,1672.699951171875,2338937
2026-09-03,1694.9000244140625,1710.800048828125,1681.800048828125,1706.5,3370497
2026-09-04,1699.9000244140625,1716.9000244140625,1692.4000244140625,1707.300048828125,1281968
2026-09-07,1714.0,1716.4000244140625,1685.9000244140625,1694.300048828125,1175225
2026-09-08,1694.0,1713.0999755859375,1685.199951171875,1710.0,1217135
2026-09-09,1719.0,1785.9000244140625,1706.0,1775.0,5527528
2026-09-10,1779.9000244140625,1780.0,1750.4000244140625,1768.0,2777377
2026-09-11,1755.0,1771.9000244140625,1750.800048828125,1764.5999755859375,1674823
2026-09-15,1791.4000244140625,1791.4000244140625,1713.800048828125,1713.800048828125,1610729
2026-09-16,1722.9000244140625,1737.9000244140625,1707.0,1723.800048828125,1060410
2026-09-17,1731.0,1738.800048828125,1725.0999755859375,1738.300048828125,791353
2026-09-18,1748.0,1824.0,1744.0,1824.0,4148803
2026-09-21,1793.699951171875,1796.800048828125,1766.699951171875,1787.0999755859375,2317822
2026-09-22,1796.0,1812.699951171875,1786.0999755859375,1795.0,871935
2026-09-23,1799.0,1810.0999755859375,1790.5,1807.300048828125,1185484
2026-09-24,1802.4000244140625,1802.4000244140625,1775.0,1785.300048828125,1589739
2026-09-25,1791.800048828125,1800.5999755859375,1775.0,1788.0,895306
2026-09-28,1788.0,1791.800048828125,1736.5999755859375,1743.699951171875,1262576
2026-09-29,1755.199951171875,1822.0,1738.4000244140625,1822.0,4214197
2026-09-30,1793.5,1803.199951171875,1775.4000244140625,1798.300048828125,3199507
