Date,open,high,low,close,volume
2021-01-01,2618.1207087594285,2649.435671930527,2609.58026425822,2633.82568359375,1246698
2021-01-04,2639.0923566026468,2648.5817394509186,2604.835591850631,2613.09130859375,1360486
2021-01-05,2613.0916344983507,2661.392738224796,2592.4997174842556,2651.191650390625,1299589
2021-01-06,2658.260757671003,2678.330708925416,2638.0483266749134,2662.10400390625,1697884
2021-01-07,2657.9760613220747,2687.2508992584403,2639.4717652864515,2649.6728515625,1142806
2021-01-08,2674.1079752634146,2704.28425779892,2646.6362593967724,2699.444580078125,1660967
2021-01-11,2699.729333624546,2726.7265806259156,2680.371085905566,2703.809814453125,1517995
2021-01-12,2704.0945621629658,2704.4740447977465,2573.6628128033035,2581.634033203125,6674890
2021-01-13,2619.0695566468657,2621.9163713823514,2541.256620543589,2565.644287109375,2862676
2021-01-14,2574.46917608791,2596.91147044894,2512.7881969335735,2527.876220703125,2124950
2021-01-15,2525.0294302548277,2525.9311068366637,2448.7823889193332,2458.603759765625,2570436
2021-01-18,2459.6480039602816,2486.076027536784,2424.916770493867,2456.0419921875,2395168
2021-01-19,2481.47313327103,2539.9278129424856,2457.749680754099,2509.98876953125,2558693
2021-01-20,2518.482342765201,2568.9183226342398,2509.989390996181,2559.52392578125,2065439
2021-01-21,2587.7067985767217,2673.1112306499326,2557.3882715256013,2577.648193359375,5015712
2021-01-22,2609.5805865768675,2627.4681679946234,2457.7504433578497,2464.060791015625,4945564
2021-01-25,2479.433129535612,2497.1307333036875,2373.294305146313,2385.5830078125,3520087
2021-01-27,2396.06890374391,2396.06890374391,2306.4417390060644,2312.182861328125,2700415
2021-01-28,2296.4303054342563,2328.6467090454576,2278.4479739641765,2317.022216796875,3035457
2021-01-29,2330.5925144206594,2357.162787386367,2277.451968489244,2284.4267578125,2768673
2021-02-01,2302.694075159027,2341.742798684525,2255.531650089121,2322.8115234375,1797359
2021-02-02,2334.388030652723,2391.324324083277,2301.2701793103656,2337.8515625,2679428
2021-02-03,2375.999440545168,2375.999440545168,2313.8439770446234,2328.362548828125,2409356
2021-02-04,2330.5925680537657,2330.5925680537657,2275.5541442153626,2279.16015625,3478562
2021-02-05,2296.4307426435785,2300.1315094351053,2249.743023466861,2255.38916015625,3303319
2021-02-08,2271.75807547474,2310.5695556065457,2252.2098556726705,2293.44140625,3666313
2021-02-09,2308.2922956317543,2403.13862748738,2299.8940994403833,2378.845947265625,7178572
2021-02-10,2399.864912716764,2424.537308023461,2348.622245541317,2382.404541015625,4473123
2021-02-11,2396.0217452451298,2410.3033131797547,2367.696075628342,2377.56494140625,1446286
2021-02-12,2389.426061070408,2394.1707514220175,2338.3731465522264,2359.155029296875,1376085
2021-02-15,2367.6005937881605,2388.9517013473724,2323.5224647396785,2331.3037109375,1634576
2021-02-16,2345.775393614172,2348.717194908603,2298.3284803129145,2325.135986328125,1615849
2021-02-17,2311.6133259700455,2329.690644004312,2260.370666034749,2266.20654296875,3178784
2021-02-18,2300.2264889836083,2352.9875522752673,2272.944512268147,2344.58935546875,4253843
2021-02-19,2344.73140849834,2344.73140849834,2277.451779838689,2293.061767578125,2244567
2021-02-22,2304.7340128574624,2323.0010760576706,2258.473268389402,2265.163330078125,2002642
2021-02-23,2253.7281180907057,2277.4515719653446,2196.791828791572,2251.071044921875,3267268
2021-02-24,2251.8301830317955,2286.3241767353343,2227.3475329370353,2240.775146484375,1708526
2021-02-25,2253.7284091750594,2264.4039647974673,2216.9095576713435,2252.542236328125,2839515
2021-02-26,2218.6656051861037,2239.4947579773207,2144.6009123003155,2160.922607421875,3933813
2021-03-01,2182.5583369789583,2248.889038985205,2182.5583369789583,2241.67724609375,2545806
2021-03-02,2264.1665614348085,2279.871535092291,2238.545229851095,2268.341796875,2033586
2021-03-03,2283.1455909857523,2294.2481229611535,2254.4877001436694,2279.44482421875,1591567
2021-03-04,2258.47349037548,2310.6651046488632,2230.005337135453,2293.67919921875,2149984
2021-03-05,2276.503211741332,2300.1316851292404,2255.721553541095,2265.2109375,1953642
2021-03-08,2261.3201282355653,2290.2627484249,2239.5420390509303,2261.035400390625,1593838
2021-03-09,2277.4518236177414,2319.2051070507337,2273.798318647603,2298.99267578125,1800442
2021-03-10,2321.1028920317062,2321.1028920317062,2292.2077694939862,2307.770263671875,1056102
2021-03-12,2318.066353435474,2338.800514746123,2274.6049361880373,2278.73291015625,1279203
2021-03-15,2279.871321417597,2303.594774364286,2223.4095034044767,2234.749267578125,1524449
2021-03-16,2257.713617845292,2353.366630450069,2254.0603449437626,2342.548828125,4230564
2021-03-17,2334.3884382768415,2334.3884382768415,2287.985443697932,2299.230224609375,1623187
2021-03-18,2342.786307484459,2342.786307484459,2267.9624332815483,2281.76953125,1851739
2021-03-19,2270.809317692133,2309.7157874060395,2235.0818839050935,2288.12744140625,3738079
2021-03-22,2267.962548463027,2313.6065735934826,2267.962548463027,2301.839599609375,1489853
2021-03-23,2305.9198666124967,2309.6681262336388,2275.7435849861504,2287.225830078125,1745466
2021-03-24,2287.2261205990685,2343.8776929977785,2286.941392763015,2318.7783203125,4132092
2021-03-25,2325.800044071961,2342.928424983975,2269.860183297557,2279.539306640625,2272545
2021-03-26,2301.1753546941486,2385.583369307743,2286.0873285434345,2377.232666015625,3084607
2021-03-30,2409.4490599455935,2451.5343298254948,2392.747655069139,2446.41015625,2332884
2021-03-31,2446.4104182033802,2451.0601231799683,2401.762825080654,2407.8359375,1616044
2021-04-01,2402.711594983835,2433.599580661807,2402.711594983835,2421.453125,1219588
2021-04-05,2427.384475236449,2427.384475236449,2357.637501456199,2382.4521484375,1268939
2021-04-06,2397.0183408347334,2486.218548292558,2376.616165724699,2478.24755859375,3372846
2021-04-07,2471.9845991537277,2531.8152132339637,2467.3348935371796,2494.379638671875,1937977
2021-04-08,2495.707497111097,2522.657249657302,2493.8096206874384,2515.302978515625,897483
2021-04-09,2500.452046663636,2519.430809826168,2476.870840764447,2496.466552734375,1185017
2021-04-12,2446.5528715828473,2476.729158236472,2424.5375476222935,2469.327392578125,1427691
2021-04-13,2467.239484321655,2491.911879164871,2433.3624346602683,2439.435546875,1200230
2021-04-15,2457.7502314085596,2461.1190087556,2407.456500804446,2455.567626953125,1209829
2021-04-16,2455.4724686666586,2555.964926861839,2449.873594533594,2527.6865234375,2760777
2021-04-19,2514.686137987349,2514.686137987349,2435.7820222142054,2440.573974609375,1552036
2021-04-20,2467.239733263223,2471.699697215395,2399.6753684410496,2423.25634765625,1489287
2021-04-22,2425.1542553811955,2426.4354148519164,2360.9586672473865,2383.021484375,1690758
2021-04-23,2398.0618298278446,2434.026495117139,2368.7395002972526,2389.37890625,1614593
2021-04-26,2400.8142608902144,2443.516490826997,2400.8142608902144,2427.28955078125,1103980
2021-04-27,2415.0482235447394,2448.1660809738783,2404.6099011639963,2442.899658203125,866331
2021-04-28,2455.852031482846,2486.455288057545,2443.51583503413,2481.04638671875,1065561
2021-04-29,2495.707660314529,2507.0949196011356,2438.771363881498,2480.002685546875,1295346
2021-04-30,2462.494838818476,2472.7434185865864,2395.167714126698,2406.886962890625,1384907
2021-05-03,2381.8349799734997,2462.5897167849807,2377.6597443915034,2450.30078125,1034774
2021-05-04,2471.98404996298,2484.2727535117992,2440.2421130075422,2455.04541015625,1058140
2021-05-05,2483.3712072935737,2483.3712072935737,2416.0915832659102,2436.541015625,1220186
2021-05-06,2448.118457967256,2450.0163344835632,2398.9159166122413,2418.89111328125,1518119
2021-05-07,2424.537434514548,2457.7502760832404,2411.726767052338,2421.3583984375,1416102
2021-05-10,2456.801213604122,2456.801213604122,2412.3433623954134,2426.3876953125,1526814
2021-05-11,2403.66057447662,2431.179783580379,2392.5580433454957,2425.723388671875,1168363
2021-05-12,2445.413988278155,2456.7537545780947,2400.813888375527,2425.676025390625,2085630
2021-05-14,2486.2183765515183,2690.4773481365237,2468.7105110362536,2632.829345703125,10543708
2021-05-17,2639.946499359896,2679.9916515415457,2607.255619417656,2640.658203125,2134352
2021-05-18,2654.180153421503,2699.729187159162,2646.5886477985596,2677.7138671875,1328605
2021-05-19,2661.914289664928,2703.5253285106055,2655.7461904598317,2672.068115234375,1219067
2021-05-20,2670.312245371936,2699.729331230689,2636.6249373723967,2651.428466796875,1211975
2021-05-21,2663.669991604838,2708.2700947774165,2652.28273122035,2687.867919921875,1328308
2021-05-24,2700.677926186776,2703.5247405854266,2664.808018428905,2675.246337890625,813091
2021-05-25,2692.042974989468,2773.4144343471394,2678.615590692331,2765.585693359375,2730112
2021-05-26,2789.736330645108,2797.3750985568527,2761.789912603802,2791.39697265625,1250531
2021-05-27,2799.3679379179966,2813.602012178597,2754.056134855087,2798.751220703125,2415085
2021-05-28,2807.101651088107,2812.463291318919,2781.480317794845,2790.542724609375,711383
2021-05-31,2787.9803214866706,2837.277612694765,2786.1774316476235,2825.46337890625,2093635
2021-06-01,2813.6020367042233,2830.3034433186644,2766.250108587624,2781.338134765625,1194073
2021-06-02,2769.8086833308334,2783.9477715031376,2730.2377703997795,2755.43212890625,2067842
2021-06-03,2770.5200437576177,2791.7761666325937,2755.764008506655,2785.4658203125,1404434
2021-06-04,2802.215066120552,2837.3257865561973,2759.5128385636863,2775.5498046875,1509084
2021-06-07,2780.388765486336,2790.8270850837253,2755.668880468558,2783.33056640625,802415
2021-06-08,2778.491208351132,2793.9114549821793,2759.0379741396573,2776.83056640625,762931
2021-06-09,2781.148594492138,2813.602240100405,2770.5205311848185,2793.24755859375,1340352
2021-06-10,2808.4573980167233,2822.0944363608146,2785.2362734309427,2813.7978515625,1344559
2021-06-11,2822.7621696617334,2833.824438860532,2802.3544552122767,2819.18603515625,878445
2021-06-14,2818.0897084656976,2832.2987910904685,2781.2792674125762,2813.130615234375,746823
2021-06-15,2832.298418462752,2908.589284953331,2823.6679676267554,2901.15087890625,2262031
2021-06-16,2888.5632192562716,2901.1511669126126,2866.152774999909,2878.74072265625,859505
2021-06-17,2878.0257750100563,2931.429392037562,2861.3848730541367,2918.412353515625,1533864
2021-06-18,2919.603957377129,2935.1005403337062,2876.2135250987126,2905.919189453125,2293860
2021-06-21,2883.984973112686,2936.3872070957777,2880.9811138531068,2926.27880859375,720491
2021-06-22,2941.9665187264886,2949.452653077679,2864.912697538868,2871.206787109375,1199238
2021-06-23,2889.5167154209653,2889.5167154209653,2845.17264701599,2848.84423828125,1009007
2021-06-24,2848.844431725424,2908.3034931679517,2837.496024293926,2902.152587890625,985596
2021-06-25,2889.7071327584654,2911.9268932948007,2846.6028414884495,2864.62646484375,786964
2021-06-28,2883.7947465588727,2897.9563317463662,2838.2586357294463,2844.64794921875,891695
2021-06-29,2850.417686095104,2883.6519901170227,2835.2072401557707,2862.338134765625,1242734
2021-06-30,2859.9537528616797,2889.5164625444777,2847.222621853656,2853.94580078125,924522
2021-07-01,2868.536563160073,2886.5601871338768,2858.0465690793676,2881.506103515625,848235
2021-07-02,2892.330103588323,2897.9089670158464,2860.669436660741,2865.676025390625,805542
2021-07-05,2879.9803443639576,2908.589420632474,2867.678534696999,2875.021484375,863343
2021-07-06,2863.7688101712115,2889.0401633079205,2857.0933583992505,2863.2919921875,762630
2021-07-07,2922.893877010179,2926.708420405951,2871.6359501294946,2899.1484375,1234865
2021-07-08,2908.5898510930056,2917.172575243772,2878.836453934608,2887.89599609375,907391
2021-07-09,2881.8877136433134,2898.2424763351187,2867.583175024965,2871.016357421875,547082
2021-07-12,2894.1895239514724,2901.7711156767996,2852.3727290800102,2860.33544921875,765566
2021-07-13,2879.980700997569,2881.0297937191626,2846.9373069441085,2855.043212890625,703484
2021-07-14,2863.7684540492764,2868.298224331239,2845.840053526942,2862.76708984375,470744
2021-07-15,2870.443960170941,2871.397596038107,2833.34761806667,2845.26806640625,635535
2021-07-16,2855.185655086709,2866.629284966816,2827.5302162097837,2850.70361328125,1062548
2021-07-19,2850.7038972063046,2860.621617628353,2827.530497826809,2843.694580078125,837836
2021-07-20,2857.0928865782666,3032.085057702136,2841.4056240690134,3012.583251953125,6755922
2021-07-22,2984.8805319943467,3018.2577903393317,2946.735093885793,2962.70849609375,1982572
2021-07-23,2961.9930566287494,2984.4989566266804,2935.3389802268803,2940.774658203125,815329
2021-07-26,2937.1509373674608,2974.3904670150555,2909.7339043675624,2919.270263671875,1136884
2021-07-27,2936.626021281818,2938.6287496120626,2881.219920392879,2888.22900390625,904289
2021-07-28,2889.850568687054,2892.377610628833,2845.6494527254986,2864.817626953125,996594
2021-07-29,2864.8176483909324,2899.0053550934886,2851.657426645221,2858.475830078125,762683
2021-07-30,2868.53663850674,2869.1564086811077,2815.037574161408,2821.283935546875,1067423
2021-08-02,2847.1751847679384,2848.319501182644,2823.381784906842,2836.16064453125,832285
2021-08-03,2879.9803106675336,2922.893924568209,2855.3764588002286,2886.65576171875,2433031
2021-08-04,2899.625252326203,2911.736381030587,2872.3511739470755,2878.645263671875,659295
2021-08-05,2893.331101722595,2899.052916689746,2841.88249537388,2849.84521484375,693694
2021-08-06,2856.1396831377338,2861.8614988635522,2824.1451503066096,2828.913330078125,744159
2021-08-09,2855.805718398082,2875.2123025237233,2835.2073221921664,2853.80322265625,825462
2021-08-10,2859.0005902706534,2868.823087161723,2823.2869703553774,2839.1171875,724335
2021-08-11,2848.8919461265014,2862.290577798721,2815.6578729358116,2834.7783203125,987941
2021-08-12,2836.1130032636324,2846.841406520766,2820.8548297423754,2837.54345703125,438552
2021-08-13,2842.6934286533597,2862.815241165147,2835.255254190506,2850.1318359375,572250
2021-08-16,2841.834661725463,2845.792157135948,2822.7619458749564,2833.63330078125,461742
2021-08-17,2836.1133237397908,2902.867840438441,2835.255144510748,2875.49853515625,2036757
2021-08-18,2906.682328930145,2906.682328930145,2853.8032629159297,2862.385986328125,1375320
2021-08-20,2862.337938957274,2979.206056292543,2862.337938957274,2968.62060546875,3931334
2021-08-23,3012.583881320215,3017.16138072847,2909.5434639655664,2934.76708984375,1578949
2021-08-24,2949.4052310709926,2949.4052310709926,2893.8559385213557,2904.727294921875,763704
2021-08-25,2885.7020011406435,2927.661977363442,2872.923374237653,2897.193359375,797870
2021-08-26,2921.9406114146,2941.490148795148,2885.8931251925524,2898.719482421875,1319516
2021-08-27,2899.482387084734,2916.1710162642494,2880.4573963843422,2896.001708984375,634375
2021-08-30,2914.9784454065007,2969.8602311708382,2906.729589028813,2964.615234375,1051747
2021-08-31,2964.6160604999877,3061.1717102388293,2959.1803815974686,3052.9228515625,2283290
2021-09-01,3080.2918076322094,3178.4685808701083,3065.9395402032396,3149.62109375,2423168
2021-09-02,3159.3477969699798,3165.1173403432313,3115.1944111897337,3148.524169921875,847517
2021-09-03,3148.5245450899242,3189.864523822324,3134.124549118968,3183.999755859375,832039
2021-09-06,3187.051014274666,3192.4866920615123,3152.6246669225516,3161.827392578125,664394
2021-09-07,3178.945128347169,3237.212372320732,3169.7426354584063,3181.567626953125,1285818
2021-09-08,3189.9120596948173,3205.6947802763943,3144.137536865116,3181.901611328125,702598
2021-09-09,3151.7665268318665,3203.2628634276066,3151.7665268318665,3191.199462890625,591745
2021-09-13,3191.4383756367138,3217.5679092758787,3175.9417904186544,3210.940185546875,610920
2021-09-14,3227.961936117548,3231.490575063911,3201.212636445765,3206.6005859375,569412
2021-09-15,3205.9805593334477,3227.0557705050005,3191.771246433557,3196.873291015625,587855
2021-09-16,3194.6806039370185,3214.7069599616984,3180.37606391939,3187.14697265625,516746
2021-09-17,3196.587411330363,3225.1964872074245,3132.741536895638,3149.906982421875,1545695
2021-09-20,3146.9505968258186,3161.3028630246154,3113.621070218814,3119.867431640625,689288
2021-09-21,3119.867673024076,3180.375826211889,3119.3431266983775,3155.77197265625,922057
2021-09-22,3174.1767613817,3175.559486727923,3135.7929204186194,3163.686767578125,825945
2021-09-23,3185.1438655277825,3185.1438655277825,3161.302968330718,3166.69091796875,694716
2021-09-24,3175.6074334114,3342.4937099420295,3166.8817583670157,3288.708740234375,2775975
2021-09-27,3301.106036890583,3309.116485109318,3259.1935539417736,3271.5908203125,902449
2021-09-28,3266.107716937202,3270.6852161244,3194.6804764285503,3223.00341796875,961271
2021-09-29,3208.98471466136,3224.9103871862153,3156.5347416134036,3168.979736328125,973387
2021-09-30,3175.5120592909752,3192.486824709568,3070.7075680322914,3094.214599609375,2077896
2021-10-01,3097.409179167876,3102.129629967198,3023.0255843479576,3030.51171875,1512332
2021-10-04,3054.305205224391,3080.7208739389193,3030.654987580215,3053.160888671875,921241
2021-10-05,3059.7885036727635,3108.85302400578,3043.6719173218157,3103.846435546875,909337
2021-10-06,3110.760280165285,3127.9257262238307,3052.2546250539044,3063.31689453125,786378
2021-10-07,3070.70751036291,3164.163825895694,3070.70751036291,3138.272705078125,1177283
2021-10-08,3153.674314152272,3174.6543065657434,3112.76342207452,3153.578857421875,882436
2021-10-11,3172.1744176025513,3189.2923685504097,3144.8528417398234,3152.76806640625,460197
2021-10-12,3127.925417748063,3180.3753866432285,3127.925417748063,3169.170166015625,564524
2021-10-13,3188.004835725351,3203.1675535116015,3138.7971298168777,3169.408935546875,770144
2021-10-14,3187.0512965519374,3197.493563481771,3137.4622279042114,3144.900634765625,648597
2021-10-18,3101.700932968919,3131.6927370862536,3082.1513959586614,3091.2109375,1576121
2021-10-19,3109.711347467964,3117.5313484426665,3028.8432059128518,3036.138427734375,1042069
2021-10-20,3042.0983653454655,3070.659712524819,2991.2217995551523,3022.644287109375,1205540
2021-10-21,3045.9125127519155,3047.295237992145,2785.045413005678,2862.814453125,5103543
2021-10-22,2837.0667228229418,2863.7207989151275,2777.1306150627,2844.12353515625,2855592
2021-10-25,2813.226191907471,2813.226191907471,2724.7764531619055,2782.757568359375,2161537
2021-10-26,2782.7570130064632,2883.7946801875423,2763.6365685130613,2832.107666015625,1988263
2021-10-27,2888.7535285558674,2999.1846011332245,2888.7535285558674,2951.1689453125,4609951
2021-10-28,2962.626326495678,3005.2088026415636,2923.4810866032117,2975.32470703125,1791065
2021-10-29,2983.6311457464594,3002.4399098700087,2943.8176183568553,2959.857666015625,1118903
2021-11-01,2986.495649881484,3000.1010089002857,2951.789956619605,2980.576171875,750393
2021-11-02,2978.8576325892777,2997.7619680307203,2940.6671501201845,2962.9609375,881916
2021-11-03,2961.767315345969,3038.9118990396364,2954.988411857351,3027.216064453125,879227
2021-11-04,3035.1883362255926,3045.69071801184,3002.7264288862816,3016.331787109375,263595
2021-11-08,3021.8217873801236,3037.097979670197,2955.131567175294,2996.043212890625,787824
2021-11-09,2997.952941556374,3012.2743728058467,2978.8576998904095,3002.869873046875,668840
2021-11-10,2990.314826333256,2994.7543767545576,2941.1445793485295,2967.68701171875,872975
2021-11-11,2950.214522585737,2966.1112163378943,2913.933567291803,2924.913330078125,958143
2021-11-12,2949.2596399549134,2986.495355707015,2936.656828934976,2981.6259765625,682344
2021-11-15,2984.5857171529847,3036.1428600596582,2984.5857171529847,3025.35400390625,696377
2021-11-16,3021.8216719910965,3063.831199184654,2978.95295225251,3009.123291015625,1400107
2021-11-17,3026.595703578477,3093.333477746978,3021.8696780422874,3084.1201171875,1616452
2021-11-18,3102.8333047719802,3112.524045601868,3068.6049946516573,3080.873779296875,1609821
2021-11-22,3094.383841689824,3158.6871597779855,3069.607812810191,3113.7177734375,2146970
2021-11-23,3113.7178254650726,3139.5441862824996,3028.075713726563,3041.4423828125,1482618
2021-11-24,3041.919722486022,3063.7358958040345,3007.5005034385395,3014.183837890625,1056213
2021-11-25,3013.7063328567897,3029.7941662215594,2972.174184756276,3002.010498046875,728825
2021-11-26,2960.717023384401,3024.0655766362797,2951.1694031864504,3000.91259765625,1029110
2021-11-29,2989.359967770922,3035.092976562536,2932.9334375809044,3002.058349609375,876651
2021-11-30,2975.1813027156754,3044.7358027366363,2975.1813027156754,3001.437255859375,2340489
2021-12-01,3013.1333048095184,3054.9997117792304,2982.77205966382,2996.186279296875,1741820
2021-12-02,3017.048116871862,3049.5100269901036,3009.648710889028,3036.71630859375,939320
2021-12-03,3040.917557709909,3043.2566784427463,2965.491345132489,2969.739990234375,1216263
2021-12-06,2974.0834662327316,2974.0834662327316,2891.2578672935056,2900.853271484375,1107363
2021-12-07,2902.476298939908,2930.1643952126897,2879.9916086232924,2893.262939453125,2056459
2021-12-08,2894.742584773308,2981.7214893072924,2893.883392279988,2967.87744140625,1171484
2021-12-09,3009.7913266857954,3039.054918840374,2970.2642771806813,3034.901611328125,1287243
2021-12-10,3039.9619149090904,3143.0762009675645,3034.901630177728,3134.62646484375,2554394
2021-12-13,3136.4888189865023,3189.859922901631,3122.978796486145,3131.476318359375,1265832
2021-12-14,3125.890487733368,3155.4881068902814,3102.02144002618,3148.327392578125,863179
2021-12-15,3129.852790862402,3164.033315266611,3118.7299073915174,3152.576171875,811946
2021-12-16,3174.5837985692615,3174.5837985692615,3122.644836577015,3149.378173828125,502930
2021-12-17,3126.845769236414,3144.317961680702,3081.685476850796,3096.961669921875,1019403
2021-12-20,3081.016824748185,3126.8453985281394,3037.097774875729,3092.903564453125,948872
2021-12-21,3100.112533648769,3146.8958764725417,3093.4291989596586,3123.361083984375,712026
2021-12-22,3127.513995020352,3137.013830781767,3094.383798563336,3131.715087890625,619865
2021-12-23,3141.1664922716072,3158.2566361795466,3102.9760182014356,3120.066162109375,1051596
2021-12-24,3131.6187568197233,3150.713993141795,3113.4782823137557,3136.20166015625,651404
2021-12-27,3131.7148908958475,3136.1544409027324,3080.2530798714834,3124.363037109375,640701
2021-12-28,3127.752550547927,3222.32177397066,3124.9360492462133,3215.829345703125,1211648
2021-12-29,3219.6481563086836,3232.82391765433,3194.8243459545747,3215.113037109375,598421
2021-12-30,3211.1032625564644,3236.6431457864905,3198.7391414064,3213.4423828125,691223
2021-12-31,3236.6432281944662,3250.9646584077163,3209.336941349392,3229.912109375,570671
2022-01-03,3229.9601041506903,3285.2407351304523,3229.9601041506903,3267.57763671875,696276
2022-01-04,3278.6528235389023,3315.3633771133345,3260.5601296205587,3302.808349609375,790886
2022-01-05,3313.024591345856,3379.8579404508155,3295.886657730329,3367.255126953125,1024506
2022-01-06,3333.2171465188594,3377.5182416276302,3295.98142982077,3355.654052734375,1312743
2022-01-07,3355.654403743295,3419.9577221597397,3338.373350197588,3414.515625,964364
2022-01-10,3418.0477736518574,3427.5953931313315,3367.4453904106426,3392.74658203125,657511
2022-01-11,3389.97808555568,3402.771803249735,3336.941009287024,3378.6640625,734344
2022-01-12,3395.993328033601,3420.387547082068,3374.1293684881684,3383.486083984375,594543
2022-01-13,3398.95305153707,3398.95305153707,3293.929221292947,3299.896484375,1153984
2022-01-14,3305.3860360904932,3305.3860360904932,3194.633644355514,3212.201171875,1558978
2022-01-17,3212.2010385814992,3245.235895570112,3170.7644628385824,3225.806396484375,1103159
2022-01-18,3226.1886364297675,3242.801402267865,3199.407515264669,3221.08056640625,558543
2022-01-19,3217.5477396748174,3217.5477396748174,3119.923331252933,3132.0009765625,1495218
2022-01-20,3133.528609510409,3212.678279138611,3076.2428945285,3156.82470703125,3075678
2022-01-21,3150.7621020598085,3174.535580488579,3095.0994358341486,3126.7021484375,1441694
2022-01-24,3120.1619685821806,3122.071492430762,2993.1786326515103,3012.4169921875,1575665
2022-01-25,2959.761823454473,3014.135465817735,2874.5493257953403,3004.731201171875,2699779
2022-01-27,2998.048438189895,3000.8171549257318,2932.3129771128392,2975.945556640625,1834684
2022-01-28,2988.4051818382013,3026.595663395239,2962.6266067872007,2970.12158203125,892060
2022-01-31,2997.9528464910977,3048.984831605917,2994.5156098617344,3009.648681640625,944530
2022-02-01,3049.5102324806903,3067.03021074298,2999.480790283366,3051.658447265625,1008915
2022-02-02,3059.8211394014547,3097.390882220039,3047.743260894317,3053.042236328125,667265
2022-02-03,3067.5070375491036,3094.9564437301988,3045.8815394304634,3058.1025390625,899753
2022-02-04,3043.7813886639815,3101.8309674133257,3032.37202888594,3090.23046875,705765
2022-02-07,3087.700443516631,3104.122304018135,3000.9126671460635,3031.0830078125,860393
2022-02-08,3035.1884227241644,3077.675332070256,3022.9674224053756,3070.848876953125,799206
2022-02-09,3083.8811722198097,3111.5692694316904,3076.95914791684,3082.305908203125,472725
2022-02-10,3074.333564502123,3101.0668998456194,3032.324037533771,3092.2353515625,728666
2022-02-11,3083.833678451381,3083.833678451381,3038.530265185918,3070.80126953125,587840
2022-02-14,2997.9524558561325,3038.7207435888267,2978.8572172838003,3001.246337890625,681236
2022-02-15,2997.953050755613,3122.0721261053673,2991.126594849864,3116.91650390625,676844
2022-02-16,3131.6192035319987,3136.488582727182,3077.1977722511074,3105.697509765625,624320
2022-02-17,3124.9358296325568,3145.8928075964054,3089.9914493899455,3118.109375,636735
2022-02-18,3089.7529502532384,3123.981261160605,3083.9290419162467,3111.044189453125,423801
2022-02-21,3088.654578001943,3130.1389336745774,3059.200081755333,3104.55126953125,547472
2022-02-22,2978.8577351913686,3090.3739944613653,2978.8577351913686,3081.160400390625,1147209
2022-02-23,3090.4691400044358,3147.7548621443148,3083.8813751968296,3090.755615234375,935896
2022-02-24,2988.404602433141,3053.13750274086,2913.455796908859,2930.2119140625,1823450
2022-02-25,2964.5361754625364,2999.3372056856815,2943.5791950120824,2978.09375,1239456
2022-02-28,2950.2148820543853,3046.168472878484,2878.607724722968,3031.035400390625,1678348
2022-03-02,2966.4452386915036,2970.455192073076,2855.788427145824,2891.926025390625,3014206
2022-03-03,2891.97390639125,2912.9786689995717,2732.5286629553507,2741.980712890625,4406840
2022-03-04,2734.247480082078,2734.247480082078,2541.62424532367,2614.281494140625,6979253
2022-03-07,2530.023449185323,2604.542661616918,2481.760421929842,2585.9248046875,3233760
2022-03-08,2568.3097729942124,2613.1358021526985,2518.6621491296405,2600.19873046875,2611102
2022-03-09,2625.595363200531,2759.2620362361945,2544.488382145627,2744.892822265625,4076068
2022-03-10,2864.2859603469296,2902.4764398182224,2760.407809565777,2781.03076171875,3971987
2022-03-11,2785.040388286846,2806.9521266903025,2751.957982569486,2799.36181640625,1265493
2022-03-14,2816.547799046922,2837.8868222205474,2785.3271293851976,2828.768798828125,1214217
2022-03-15,2862.37659535481,2894.8385047084003,2831.824210080843,2852.017333984375,1857685
2022-03-16,2905.340748322316,2912.024082281651,2874.5496740096655,2904.385986328125,1287234
2022-03-17,2972.65169016356,3020.1988876323744,2937.325493749219,2994.706787109375,2867519
2022-03-21,2976.279575070127,2976.279575070127,2893.0243768040737,2907.96630859375,1259015
2022-03-22,2887.2003744745953,2924.1496183620247,2840.4170350733866,2913.1220703125,1515772
2022-03-23,2921.5715977898185,2940.57126755658,2869.0596899864067,2880.325927734375,948403
2022-03-24,2835.1654682026888,2901.4736356823532,2817.072776777659,2888.489013671875,1243917
2022-03-25,2888.489098573034,2925.9157196150995,2855.69293303442,2909.11181640625,1083275
2022-03-28,2909.1122451471356,2920.235363130225,2860.1329042934576,2890.494384765625,680332
2022-03-29,2930.1646081962754,2948.0186111610283,2876.411460423094,2904.958984375,1120936
2022-03-30,2938.757276979795,2954.3677280735683,2917.6569446830863,2942.146728515625,849545
2022-03-31,2974.083841868816,2987.6892013380393,2927.396069981333,2940.619384765625,1464862
2022-04-01,2969.309559801304,2979.811940880987,2947.9705377327523,2973.271728515625,637392
2022-04-04,2983.5835475105173,3000.8170487047237,2953.556328402183,2976.947998046875,873264
2022-04-05,2969.309836353182,3014.18365060032,2940.6669761954345,2998.716552734375,805874
2022-04-06,2995.0883820025165,3021.82171789543,2972.1740940943046,3011.3193359375,736379
2022-04-07,3011.3191638396397,3063.783285911903,3003.20368733595,3012.27392578125,1025244
2022-04-08,3024.685921052632,3074.3335434941523,3008.6458733369036,3061.20556640625,678898
2022-04-11,3039.9620132042933,3076.24296687947,3007.500107284398,3014.613037109375,672652
2022-04-12,3011.987316749332,3019.052694661024,2973.271675118023,2987.11572265625,794265
2022-04-13,2976.183949947032,2980.671284562192,2927.395753405237,2941.287353515625,1121350
2022-04-18,2917.752834234615,2919.662358340789,2876.698065951863,2884.861328125,1032504
2022-04-19,2892.9288452332707,2920.8078488717265,2835.6431255256816,2855.884033203125,749782
2022-04-20,2855.9796211002636,2949.7372030084334,2845.1907638663643,2943.53125,838182
2022-04-21,2950.0237825841978,3030.796510893555,2946.4434249526785,3015.377197265625,1069035
2022-04-22,2980.2895827389393,3029.7463009538455,2972.412796239629,3021.248779296875,681191
2022-04-25,2992.224124923633,3012.36969647605,2955.0839761520497,2988.97802734375,1096774
2022-04-26,2988.4047723824933,3006.2587734449057,2965.299580825479,2984.25146484375,1703441
2022-04-27,2955.943164675322,3020.8669809537205,2946.347759914938,3005.925048828125,963536
2022-04-28,3045.6907964989346,3120.1622329023567,3026.595556395493,3100.780517578125,2001838
2022-04-29,3102.021853874458,3129.7099529087327,3075.5749921057873,3090.755615234375,1088970
2022-05-02,3050.464471435547,3066.218043823242,3011.3670156744124,3055.23828125,595522
2022-05-04,3034.233772996663,3050.1782524973232,2942.051451115362,2960.573974609375,1120002
2022-05-05,2964.2972883730404,2985.4929579312343,2931.11930922143,2937.373046875,724601
2022-05-06,2883.381383068276,2914.3155801646994,2868.00962086708,2879.801025390625,923941
2022-05-09,2865.097724300624,2901.330896635617,2840.4170326440444,2869.298583984375,998324
2022-05-10,2912.978807026592,2996.7591709454987,2898.6573772968645,2946.729736328125,2460016
2022-05-11,2950.5962913710687,2968.8801229079377,2844.235901421119,2915.5087890625,1883969
2022-05-12,2904.3862639725626,2938.757699049161,2852.829111357665,2902.428955078125,1254245
2022-05-13,2935.320301045442,2975.277185365363,2897.989245412497,2925.390869140625,1121729
2022-05-16,2950.1190096612786,2950.1190096612786,2850.1554749110214,2864.1904296875,733044
2022-05-17,2863.2357373119185,2918.3256925116602,2817.50272965228,2912.024169921875,1179081
2022-05-18,2892.928758915767,2987.2592878389237,2889.1097110492115,2959.857666015625,1379763
2022-05-19,2864.7635863873547,2932.7425990418274,2864.7158016646904,2909.064453125,772390
2022-05-20,2940.6668883070065,2983.631177259544,2931.119268539776,2969.261962890625,778957
2022-05-23,3001.723918488542,3043.7812308604152,2988.452820036629,3030.60546875,813294
2022-05-24,3031.130262684184,3039.627550133298,2931.1189562770123,2947.206787109375,691307
2022-05-25,2901.5219931296015,2901.5219931296015,2698.444143092488,2709.66259765625,3381427
2022-05-26,2721.0714904015676,2730.6191096661346,2595.5680817880707,2711.6669921875,3212196
2022-05-27,2738.2571981370957,2739.2119600611322,2655.1929107459073,2706.60693359375,1879534
2022-05-30,2749.71444818038,2753.533496025075,2689.564444626434,2715.343017578125,2525482
2022-05-31,2715.342980857544,2747.8048870984567,2683.835836564893,2730.284912109375,2408221
2022-06-01,2730.2849508822956,2806.9045983184124,2703.9336605937515,2723.45849609375,1770795
2022-06-02,2740.3576865793143,2786.950116091759,2719.162018029918,2776.972900390625,1164197
2022-06-03,2773.583776711577,2787.380041821589,2726.800435899574,2756.302490234375,1228489
2022-06-06,2741.217261598849,2742.0764541572885,2680.6852111584144,2689.994140625,1193698
2022-06-07,2673.333540289964,2677.152588204664,2607.45496376139,2620.53515625,1403598
2022-06-08,2646.504597940146,2649.464453270561,2577.85730588487,2582.822021484375,1743575
2022-06-09,2573.5075114494302,2590.408251569058,2529.0953015969912,2580.037353515625,1857501
2022-06-10,2559.103922563596,2627.2826762228888,2546.620488794993,2601.115478515625,1592920
2022-06-13,2563.857087913698,2576.3885813115135,2537.4978852462446,2555.022705078125,1674206
2022-06-14,2513.0111658627766,2560.4002932783574,2482.2827144651424,2530.679931640625,2296040
2022-06-15,2544.6996441307256,2576.964608866053,2522.7096919251526,2555.406494140625,928842
2022-06-16,2587.863663150263,2617.1517179031025,2535.097198278535,2551.853759765625,1280628
2022-06-17,2544.795689148406,2551.4214168918406,2458.2758100275164,2477.673095703125,2043251
2022-06-20,2496.6863876114894,2567.1218454377713,2485.49940584278,2554.974365234375,1595360
2022-06-21,2568.658301374842,2602.3156035783895,2535.0971193531173,2571.92333984375,1042074
2022-06-22,2581.1895232924076,2600.346742397705,2521.9893439614225,2560.39990234375,1871760
2022-06-23,2568.658120267627,2657.9626715846475,2568.658120267627,2648.60009765625,1612872
2022-06-24,2664.732442327755,2674.1430758588185,2617.679509111878,2651.192626953125,2215583
2022-06-27,2669.4378052846023,2715.2904113783948,2655.1299654311165,2708.856689453125,1295734
2022-06-28,2669.534038387699,2674.1433526800024,2596.8420972518693,2618.159912109375,1838358
2022-06-29,2598.9545919531333,2610.9578923039235,2571.587067153331,2590.600341796875,1066354
2022-06-30,2606.9728441053026,2618.591897975024,2573.5075495453207,2588.103515625,1291447
2022-07-01,2597.418035780258,2669.5339569543394,2578.3088756915113,2662.9560546875,1477191
2022-07-04,2664.8766637798826,2686.81879092689,2635.7327907535564,2679.4248046875,653147
2022-07-05,2674.3352679148966,2700.550522276424,2650.3286676643143,2656.66650390625,1073043
2022-07-06,2718.0752160602665,2754.997318667945,2693.6843706583054,2747.69921875,2085735
2022-07-07,2786.1099645244653,2815.4941376357388,2762.487610036082,2776.50732421875,1469087
2022-07-08,2765.560414121769,2773.2425263832183,2727.6299848308627,2765.368408203125,1274148
2022-07-11,2759.7988039227976,2823.7044215835017,2738.0489175632815,2816.50244140625,1081885
2022-07-12,2803.9709626905833,2807.091820782619,2770.7457335349723,2778.23583984375,1115524
2022-07-13,2831.81847506735,2850.9756945672507,2809.7804636294354,2824.328369140625,2153712
2022-07-14,2834.795714943688,2837.436441192193,2796.6730430045986,2822.360107421875,882479
2022-07-15,2832.73066143187,2866.3879605872917,2823.6081536846073,2859.81005859375,1668006
2022-07-18,2875.7511532738877,2904.7991447210984,2869.653381954625,2897.933349609375,823390
2022-07-19,2864.8999878316463,2902.8784812740887,2859.810541026199,2899.133544921875,638171
2022-07-20,2912.4813901492225,2923.716434677327,2880.7926707707443,2886.986328125,867436
2022-07-21,2862.5468252164665,2962.366215591662,2862.5468252164665,2944.265380859375,1184060
2022-07-22,2944.2657602755767,2969.8567039780896,2926.8848868240943,2945.513916015625,1268141
2022-07-25,2947.530705444109,2993.3352569108906,2930.3898971896792,2981.572021484375,985844
2022-07-26,2972.9774126136,3024.639663893808,2931.686059660633,2984.980712890625,2876310
2022-07-27,2995.0154094230024,3066.1230067813476,2972.9773971171476,3059.44921875,1976407
2022-07-28,3070.9243698218784,3149.6660203301317,3055.560145332463,3142.367919921875,1332572
2022-07-29,3154.85165349115,3221.062052272436,3144.8650003954585,3201.280517578125,1836550
2022-08-01,3207.329647841289,3221.685546982428,3182.794857071016,3192.445556640625,1076122
2022-08-02,3198.639334595198,3269.458803501351,3193.4540028510696,3261.200439453125,1650536
2022-08-03,3268.738606522086,3310.990221882536,3237.2899609981146,3302.971923828125,1169005
2022-08-04,3317.712443968651,3338.7901939389644,3275.364703657689,3322.993896484375,981434
2022-08-05,3336.917468181741,3353.1938964264195,3314.3993238095286,3335.861083984375,792478
2022-08-08,3327.3149228801653,3338.7900313540094,3299.995457630702,3321.025146484375,724644
2022-08-10,3304.268560133813,3312.7669906597243,3261.0566783535105,3276.084716796875,1089295
2022-08-11,3312.9107424816093,3339.750073927737,3255.294903481929,3269.890869140625,1410533
2022-08-12,3263.9371604548396,3298.3146566937967,3248.5729372811775,3291.640869140625,548472
2022-08-16,3332.1163352044505,3369.9987060179437,3318.000500211219,3361.884521484375,911189
2022-08-17,3378.161098522905,3404.760367636623,3365.3417132435775,3383.6826171875,817912
2022-08-18,3384.930558711076,3401.927184415863,3375.856110909656,3394.869384765625,599877
2022-08-19,3380.1295675811148,3397.8944530925496,3326.3547790059606,3344.167724609375,581829
2022-08-22,3324.5305443705797,3347.0486913726477,3200.752357121964,3216.644775390625,2336567
2022-08-23,3200.560086696613,3249.4854932792246,3185.0519160259096,3223.222412109375,831446
2022-08-24,3206.8980137845756,3250.4939092195896,3170.7919906183415,3244.58837890625,1182154
2022-08-25,3240.8909952950744,3269.8428610772626,3218.0366652403623,3228.8876953125,615392
2022-08-26,3245.068127761169,3250.0133934110277,3174.296485904873,3191.4853515625,1384783
2022-08-29,3117.977652981404,3215.3005170465935,3108.0868854819546,3210.403076171875,1031166
2022-08-30,3198.639449599532,3274.2602411504067,3198.639449599532,3256.83154296875,1426459
2022-09-01,3183.2755953094797,3336.3416040653087,3183.2755953094797,3309.598388671875,1417762
2022-09-02,3350.3611194897585,3350.3611194897585,3288.904223058877,3294.7138671875,740821
2022-09-05,3288.9527125173986,3312.911255725254,3270.22756194156,3288.712646484375,518438
2022-09-06,3284.1032062831346,3298.075095759164,3249.533698848575,3260.336669921875,540937
2022-09-07,3257.215831837169,3298.5071881959534,3251.4061871360022,3265.234130859375,682921
2022-09-08,3312.910985808333,3346.184041498708,3291.208924415367,3313.054931640625,1143090
2022-09-09,3345.271624224618,3345.271624224618,3297.0183585951427,3305.084716796875,702805
2022-09-12,3305.0848036704638,3316.4157315297252,3286.9837331578924,3295.818115234375,641280
2022-09-13,3295.626210724424,3321.5533400045983,3278.965535726007,3286.215576171875,776044
2022-09-14,3245.692769221846,3311.4708623258985,3245.692769221846,3302.30029296875,816678
2022-09-15,3303.3088339448236,3321.3137876182145,3254.4314801485916,3260.48095703125,590182
2022-09-16,3276.804975513916,3284.1030761255374,3178.0419578794936,3190.525390625,1598265
2022-09-19,3188.700653889006,3209.298504861112,3102.9012035678297,3184.4755859375,1013563
2022-09-20,3203.0568514354177,3274.500402811891,3201.5203351832392,3258.367919921875,708184
2022-09-21,3269.6992161064063,3288.808377661165,3214.9641631495588,3222.6943359375,605378
2022-09-22,3222.694221028939,3303.308341367142,3183.89941263525,3299.46728515625,829396
2022-09-23,3298.507167714201,3301.3398999077485,3248.285308636654,3260.336669921875,513370
2022-09-26,3236.0900162779353,3330.1958980569375,3220.7257906813634,3301.43603515625,1429914
2022-09-27,3317.568250378072,3360.924077198145,3294.713919765233,3332.740234375,1455383
2022-09-28,3313.871342232292,3440.5300806907653,3284.103155732958,3428.766845703125,1843428
2022-09-29,3421.8525771405307,3421.8525771405307,3238.3940998493445,3250.301513671875,2624894
2022-09-30,3266.818540941188,3276.3250619670757,3154.7077047698526,3209.634765625,2159720
2022-10-03,3214.963512916783,3219.2847004341443,3155.1870855932857,3171.655517578125,934543
2022-10-04,3197.6795350652574,3234.5057580211565,3180.4428409157904,3205.12158203125,994382
2022-10-06,3205.1210240104074,3232.9686787767323,3180.106101030699,3196.670654296875,922770
2022-10-07,3186.155978678127,3226.103055188391,3156.627860430884,3210.834716796875,774544
2022-10-10,3149.6660979647463,3167.9111149956398,3130.6528228025536,3147.697509765625,734377
2022-10-11,3159.748928373845,3226.487281366394,3143.9045711885638,3167.623046875,1411316
2022-10-12,3202.480354390995,3206.8015422754806,3078.606301702408,3119.12939453125,1812549
2022-10-13,3101.7494612012783,3128.7327443401405,3066.987709889794,3081.48779296875,779890
2022-10-14,3106.454461163132,3117.0173665952166,3053.639934002708,3058.92138671875,845765
2022-10-17,3058.9214813737417,3090.130066570617,3044.133507087019,3070.540771484375,1067773
2022-10-18,3090.1300455109563,3120.8584984184613,3084.3684605907993,3097.668212890625,1015424
2022-10-19,3113.17634920799,3116.7292796464553,3069.340384889601,3085.088623046875,943543
2022-10-20,3070.9244327649803,3113.0321051451265,2978.5470780168534,3016.09326171875,2284352
2022-10-21,3015.229419088349,3038.9959567069595,2950.5555350655472,2969.520751953125,1738731
2022-10-24,3024.831487317889,3033.4738629959397,2992.18251253414,2997.60791015625,178709
2022-10-25,3009.4674161802823,3010.427680193103,2957.517039310896,2962.318359375,1016316
2022-10-27,2998.9044278219485,2998.9044278219485,2912.480669095091,2922.515380859375,2005709
2022-10-28,2937.1592699948837,2949.54681549975,2919.202381182733,2932.06982421875,715736
2022-10-31,2963.8046900108484,2993.615833875331,2943.658173612827,2988.51904296875,814364
2022-11-01,2991.2115057744813,3043.044332667504,2991.2115057744813,3038.236083984375,939335
2022-11-02,3036.889677806705,3038.7648477199714,3002.3665483380532,3011.79052734375,787012
2022-11-03,2985.9226316793693,3027.994810467122,2985.9226316793693,3020.83056640625,563798
2022-11-04,3027.273369805868,3062.854410048186,3006.020816722998,3059.344482421875,609757
2022-11-07,3063.8160497118465,3075.3558465092547,2978.6619188887526,2984.528076171875,1669943
2022-11-09,3025.35049149269,3025.35049149269,2961.881600062773,2968.13232421875,1391333
2022-11-10,2967.651162428984,2967.651162428984,2917.1645499767737,2928.36767578125,1375007
2022-11-11,2972.1708931656667,2979.190983432732,2931.10849499773,2938.224609375,810288
2022-11-14,2938.801797262686,2959.9099634779127,2924.4251796668427,2936.109130859375,811702
2022-11-15,2950.822387242243,2976.306106734477,2925.3386677500093,2961.208251953125,873840
2022-11-16,2961.2082663868237,2974.3828216480724,2933.993530180494,2964.814453125,770953
2022-11-17,2973.42127355306,2977.7968272339303,2942.648479001411,2953.8037109375,706271
2022-11-18,2976.30604034902,2995.3948822087336,2938.5612868486323,2976.786865234375,1258576
2022-11-21,2985.922682835123,2991.0676032689976,2948.610622966843,2976.5947265625,612194
2022-11-22,2984.9608039410477,2999.866374965882,2954.476554026456,2984.816650390625,764079
2022-11-23,2991.692570205979,2995.346886453334,2971.4979241197284,2981.8837890625,488341
2022-11-24,2998.375914750267,3000.587756222067,2973.4211496638513,2995.82763671875,571872
2022-11-25,2995.8273522254826,3000.154775868058,2957.313234851011,2988.951416015625,898769
2022-11-28,2988.9515180546664,3037.8515007962537,2977.9406755882137,3030.3505859375,914689
2022-11-29,3035.9284790749125,3047.4682769047827,3007.2231380619965,3014.8203125,877720
2022-11-30,3019.483926720608,3077.2310406015204,3013.137179299053,3053.382080078125,2547283
2022-12-01,3068.6245129819517,3074.3944117841743,3040.0154314209326,3057.42138671875,761717
2022-12-02,3051.4586542368424,3052.5646922594374,3013.8101623609546,3022.897705078125,932259
2022-12-05,3009.9639886960153,3047.1797904185837,2993.135116554744,3035.832275390625,926122
2022-12-06,3005.15574013096,3047.4683329520044,3005.15574013096,3040.4482421875,958365
2022-12-07,3058.0464663964435,3110.648665262233,3054.5844330894065,3102.76318359375,1832282
2022-12-08,3106.1288911250795,3116.610780159248,3079.827674869609,3097.90673828125,851312
2022-12-09,3110.9371286907362,3118.00534869022,3083.0492842604326,3103.19580078125,847879
2022-12-12,3103.243639205297,3106.128588358571,3021.4071543129794,3044.919677734375,1323816
2022-12-13,3062.8544832007287,3062.8544832007287,3022.1285219855217,3056.603759765625,886601
2022-12-14,3057.0848200396545,3072.4712173723487,3005.155729041812,3025.30224609375,1103870
2022-12-15,3021.5037296444852,3039.967359203624,2997.173942281542,3010.541015625,799124
2022-12-16,2995.5394130654345,2997.4627128491043,2933.3207120192833,2938.705810546875,1192821
2022-12-19,2944.5719476517866,2969.5748446599337,2924.377300068283,2962.795166015625,655594
2022-12-20,2957.121158001185,2970.199453943749,2902.2589919304437,2963.94873046875,739257
2022-12-21,2966.6896410373547,2993.0868811633136,2933.080027391856,2951.92822265625,616324
2022-12-22,2956.111707169429,2974.8638796774976,2921.5404412190874,2970.103759765625,663202
2022-12-23,2960.8716820238287,2968.4688565087613,2919.5688689915128,2940.62890625,1230858
2022-12-26,2940.6287647397735,2954.091861643241,2912.644897042805,2938.849853515625,536884
2022-12-27,2942.6483287984115,3009.0021636634738,2939.090271565551,2993.231201171875,729041
2022-12-28,2990.6828324571666,3023.234773011515,2985.9227127691793,3003.905517578125,972274
2022-12-29,2982.076098536841,3005.1556942688258,2973.950204495096,2995.683349609375,596265
2022-12-30,3010.6853061320658,3010.6853061320658,2953.515268778897,2969.478515625,836220
2023-01-02,2969.4779281448386,2969.4779281448386,2905.143659001584,2930.386962890625,1015990
2023-01-03,2930.1471459511476,2942.600464778347,2908.9908488684678,2912.1162109375,860367
2023-01-04,2918.6071704354563,2933.0319175710515,2886.4400312786356,2901.1533203125,836382
2023-01-05,2922.9825931666237,2929.762270972399,2880.5256151315557,2889.132568359375,1113920
2023-01-06,2894.565962644778,2907.548235234713,2838.790272999131,2864.177734375,1045526
2023-01-09,2878.5060225126076,2901.922051259698,2837.8281942567987,2869.706787109375,808263
2023-01-10,2869.706899585461,2870.5243957533135,2838.9822381844583,2846.81982421875,864325
2023-01-11,2860.812175243381,2860.812175243381,2822.442438390691,2827.63525390625,890426
2023-01-12,2826.2888784919887,2827.106374766739,2784.9379353905406,2804.122802734375,1558620
2023-01-13,2812.8254942690755,2812.8254942690755,2761.617645527254,2797.583251953125,1507864
2023-01-16,2812.8254681521257,2817.2491508336598,2784.93762590378,2804.21875,644073
2023-01-17,2812.8258280019318,2831.9146715492348,2799.506883588992,2828.115966796875,716489
2023-01-18,2834.8954797689826,2846.4834068096934,2817.008934363132,2832.299072265625,893808
2023-01-19,2841.578839814053,2859.5618785147017,2734.547407167356,2756.232421875,2379947
2023-01-20,2738.778225332913,2738.778225332913,2674.3476982622296,2680.886962890625,3171005
2023-01-23,2692.619473013274,2692.619473013274,2661.7025254753253,2677.665771484375,1402260
2023-01-24,2687.8109148905974,2718.679964210641,2677.6654635872474,2702.812744140625,1061471
2023-01-25,2703.1012580033034,2703.197516891892,2660.9811856903902,2668.578125,857953
2023-01-27,2660.5002900019526,2666.510600934349,2582.8470727553918,2618.235595703125,1801498
2023-01-30,2619.5343870514207,2669.540182986323,2592.8486017207756,2660.115966796875,1171912
2023-01-31,2654.153479571399,2673.3383463540486,2613.8123169370942,2621.313232421875,1961805
2023-02-01,2644.3446395132155,2671.46311663582,2601.070398962959,2638.526611328125,1176872
2023-02-02,2635.88186242583,2635.88186242583,2590.6843259303855,2601.887451171875,1308570
2023-02-03,2601.887757960862,2657.903860328701,2596.454530354754,2654.5380859375,1278409
2023-02-06,2654.537865063657,2658.9615478065593,2613.764009742578,2648.57568359375,1120284
2023-02-07,2656.0765456374907,2668.0971672234677,2642.757603009122,2652.278076171875,732250
2023-02-08,2661.8466840008623,2677.2330810182084,2639.055630374476,2659.538818359375,811956
2023-02-09,2675.261419278601,2712.188909775337,2660.067306589839,2706.659423828125,946372
2023-02-10,2721.4690247136878,2722.3825450985814,2685.8879809276787,2697.043212890625,700072
2023-02-13,2706.5633033479744,2720.5072251452902,2673.3863859681537,2683.72412109375,467228
2023-02-14,2697.1872464964017,2697.1872464964017,2658.961667372333,2670.50146484375,524746
2023-02-15,2670.501535216661,2690.984723223754,2648.3835894802605,2679.300537109375,817717
2023-02-16,2689.734102798958,2725.65181156152,2683.098814046735,2698.3408203125,788964
2023-02-17,2695.4559601046753,2736.710872802038,2678.675219916967,2724.9306640625,840526
2023-02-20,2735.893493497576,2742.6250416362345,2704.2553111569887,2717.189453125,646218
2023-02-21,2728.2007035021365,2729.835461338946,2697.4279074104666,2709.06396484375,631934
2023-02-22,2702.187706064364,2706.034305118468,2673.386342602315,2688.724609375,580270
2023-02-23,2697.42747757018,2697.9564318742764,2596.550515368234,2602.176025390625,1790570
2023-02-24,2608.0903242653862,2656.0765518375138,2606.0707659231216,2633.477783203125,1429040
2023-02-27,2635.305000787824,2652.8551095231387,2620.543817320955,2644.440673828125,561317
2023-02-28,2644.536891876205,2730.123722195108,2622.851642407265,2720.31494140625,1815923
2023-03-01,2719.545738749499,2743.875526578594,2708.0540701541177,2731.950927734375,816598
2023-03-02,2722.4305478092297,2739.740243980394,2703.197552063492,2725.21923828125,604523
2023-03-03,2728.248518242699,2742.6251353028442,2702.8608235289107,2720.363037109375,679295
2023-03-06,2733.970733125848,2773.398379998222,2721.7096965984633,2754.6943359375,1050267
2023-03-08,2759.934935677179,2759.934935677179,2718.5839941321897,2749.8857421875,580250
2023-03-09,2752.241861045311,2762.291054987,2728.05646131377,2744.115966796875,774224
2023-03-10,2734.9321919285912,2734.9321919285912,2699.351147237537,2721.661376953125,489978
2023-03-13,2715.2181765951723,2740.1729416398443,2665.8854955119973,2677.42529296875,813217
2023-03-14,2676.223389045294,2680.06998842509,2634.968704608099,2640.305908203125,1060450
2023-03-15,2665.8850059801584,2756.424457767332,2659.153458699822,2718.968017578125,2170346
2023-03-16,2740.7018601013674,2788.7843488750755,2720.218672928212,2782.293212890625,1755487
2023-03-17,2811.8158787678335,2811.8158787678335,2745.558301623579,2752.86669921875,1848073
2023-03-20,2803.208881309763,2803.208881309763,2722.4784357829976,2745.654052734375,1074367
2023-03-21,2748.5394568773695,2776.283149284106,2726.2773565017114,2730.22021484375,691891
2023-03-22,2716.6608121405507,2743.731161366338,2706.9001601248624,2730.94140625,731807
2023-03-23,2709.063794682569,2714.7374346944785,2661.6062822797176,2690.50390625,1016581
2023-03-24,2690.5041381190754,2707.6694479734106,2666.511020061223,2691.17724609375,784111
2023-03-27,2691.1771682473945,2711.852640506576,2679.6373697771537,2696.225830078125,791560
2023-03-28,2683.9646247071596,2702.813054929367,2658.961729600608,2677.665771484375,558581
2023-03-29,2677.66594535249,2686.609336138417,2649.3454035118884,2664.2509765625,1087648
2023-03-31,2650.3548923954786,2668.578108559637,2642.1327399162533,2655.739990234375,1967803
2023-04-03,2641.603841720187,2674.973042452812,2604.772607835025,2670.50146484375,1035295
2023-04-05,2654.1532019149454,2703.726291464235,2646.7004166559454,2700.793212890625,668643
2023-04-06,2699.7836964777093,2716.6606975009267,2679.9257219274446,2702.091796875,627554
2023-04-10,2702.2356389812458,2702.2356389812458,2649.441164714388,2669.876220703125,1215461
2023-04-11,2683.0033312454866,2683.0033312454866,2644.5854631174457,2648.191650390625,1246379
2023-04-12,2649.8742575624274,2698.5817279369294,2645.4987038447844,2679.877685546875,2235399
2023-04-13,2679.829287829778,2705.4092648661913,2675.309581000033,2701.995361328125,602597
2023-04-17,2716.6606950352148,2736.4707748995056,2698.3893487677215,2734.066650390625,754555
2023-04-18,2738.7787495546268,2748.827943446275,2721.565311296844,2745.125732421875,717724
2023-04-19,2727.575372424066,2743.298205028126,2693.2442883997182,2701.947265625,799624
2023-04-20,2711.8521583632446,2741.663299111209,2705.264763996542,2734.78759765625,761101
2023-04-21,2737.913301163721,2776.283035136901,2737.913301163721,2771.571044921875,894930
2023-04-24,2771.5704951188036,2786.860630338966,2742.6247473177127,2780.225341796875,782967
2023-04-25,2780.177908472393,2790.467515143795,2754.309386057554,2786.861328125,636120
2023-04-26,2785.851302236011,2804.603473074043,2777.2927130466883,2798.40087890625,569221
2023-04-27,2803.689784222266,2808.017208001721,2782.8701615055516,2788.736083984375,599461
2023-04-28,2807.9690838446318,2807.9690838446318,2737.4322169734214,2791.044189453125,1080665
2023-05-02,2799.3145207722773,2821.192054366399,2782.0529533096164,2788.351806640625,663800
2023-05-03,2806.094202932971,2848.791361458532,2785.899556510218,2817.345458984375,1237193
2023-05-04,2834.943443778619,2871.630287581268,2810.084703998557,2868.45703125,1008540
2023-05-05,2857.061427547088,2908.990514416002,2837.8765618538496,2897.402587890625,1326561
2023-05-08,2899.3740258368857,2919.280128909465,2878.217731120995,2903.6533203125,941879
2023-05-09,2900.3836189416784,2956.8805387056696,2895.2868285861414,2918.41455078125,1025850
2023-05-10,2926.251834421995,2939.7630593243916,2903.124112760278,2924.76123046875,751851
2023-05-11,2935.0034438013527,3035.111051369875,2915.241492615791,3019.340087890625,3229605
2023-05-12,3018.618667887825,3057.8058965327527,2967.651229404851,3011.021728515625,1998170
2023-05-15,3014.002789659176,3046.506600215517,3001.357188559926,3011.88720703125,810281
2023-05-16,3011.886772777057,3044.2943197686927,3002.6069473531325,3017.7529296875,822404
2023-05-17,3015.733901438223,3027.225570082851,2957.602215504132,2973.85400390625,835371
2023-05-18,2986.547632598307,3005.1556502960543,2974.6232688890464,2989.8173828125,498067
2023-05-19,3004.193693368172,3007.99216276627,2950.3894390612563,2966.160400390625,633262
2023-05-22,2952.2650171141404,2986.4998454256697,2929.185420889144,2966.593505859375,659425
2023-05-23,2968.613032270905,3007.992545947512,2966.6897326063304,3000.924560546875,581204
2023-05-24,2995.538911993189,3012.9927606993137,2979.1908665665806,2982.556640625,439465
2023-05-25,2982.5570481882182,3009.0024194038156,2967.651475321245,3003.761474609375,500313
2023-05-26,3003.232233977315,3016.6472013233874,2992.4136740566473,3008.425048828125,568249
2023-05-29,3026.504048496943,3034.00496350808,2996.5487526732572,3017.079833984375,535712
2023-05-30,3026.2154035918184,3034.00486021854,3007.6076224156145,3023.811279296875,506026
2023-05-31,3031.0721131103774,3095.8874520571103,3016.16654085161,3070.499755859375,2349066
2023-06-01,3111.273771472663,3125.2655882275367,3084.0109057566847,3116.41845703125,1104861
2023-06-02,3115.168283246992,3125.3137356415245,3095.5507211434037,3113.100830078125,781973
2023-06-05,3115.697091740736,3115.697091740736,3072.470982001157,3077.038818359375,492565
2023-06-06,3084.7320343770366,3114.6873306524576,3072.470999870511,3089.540283203125,577698
2023-06-07,3093.6277458911613,3105.4079572331466,3083.2900094073784,3101.128662109375,470038
2023-06-08,3096.5123562631334,3122.4769008653398,3070.547811660927,3089.0595703125,561161
2023-06-09,3107.258931172055,3135.4291531038652,3067.326714535183,3078.943359375,1239045
2023-06-12,3083.4447367462963,3100.0470002532447,3050.482459509538,3092.689697265625,1029156
2023-06-13,3107.4525228300304,3167.471855046685,3102.7573676281963,3158.6142578125,1598821
2023-06-14,3160.6956596914656,3184.8001047954876,3149.0790140815734,3165.7294921875,741615
2023-06-15,3171.344272398189,3198.4497789998827,3168.7790243456043,3189.108154296875,806994
2023-06-16,3186.5906743156725,3215.8742978891664,3181.5568424902926,3210.888916015625,984671
2023-06-19,3212.8253631358207,3238.0914248384406,3197.72362972135,3203.967529296875,516915
2023-06-20,3209.09818003523,3220.569711504887,3172.4090374606176,3212.679931640625,866290
2023-06-21,3212.6798838443556,3226.523099526414,3194.5773262637763,3210.1630859375,742456
2023-06-22,3218.7790499753723,3220.5700441336717,3138.8661574212633,3144.287353515625,871640
2023-06-23,3160.6952777441134,3198.594484930035,3149.1270834904476,3192.3505859375,1260659
2023-06-26,3189.736985082562,3209.4369726832247,3166.8908229139124,3202.466796875,592801
2023-06-27,3170.376084098885,3237.6558208454107,3168.778889921259,3219.746826171875,914141
2023-06-28,3224.586961895323,3248.0622647551136,3217.326558948996,3241.285888671875,713110
2023-06-30,3245.8843296802106,3339.398419518564,3236.9298322004784,3254.645263671875,1436363
2023-07-03,3257.5006409354787,3271.9729962175998,3230.5887012993257,3251.40185546875,474224
2023-07-04,3251.4020089767873,3278.797976747532,3224.5869679793414,3240.75341796875,473663
2023-07-05,3244.2868928727444,3291.3826112889574,3234.0254290187013,3266.600341796875,632406
2023-07-06,3301.0629769931534,3301.0629769931534,3260.2111598540346,3290.801513671875,693995
2023-07-07,3276.861768520922,3304.935325769698,3230.5403045239477,3236.881103515625,620761
2023-07-10,3238.1396266941015,3264.3255265489183,3188.720438037892,3236.3486328125,548838
2023-07-11,3242.9314718001674,3291.334157199478,3238.139653213883,3284.170654296875,772158
2023-07-12,3299.1270593307404,3305.322508567636,3254.8386018881406,3297.9169921875,1025127
2023-07-13,3315.5839774271844,3315.5839774271844,3276.2326884067706,3289.97900390625,750126
2023-07-14,3289.9789011772295,3329.1366254999907,3278.79783383788,3320.18212890625,832843
2023-07-17,3320.1825170818715,3362.0508438881375,3315.5842615366746,3349.853271484375,817694
2023-07-18,3349.465828546286,3410.4532121296434,3345.206486769023,3401.208251953125,962485
2023-07-19,3407.549054925373,3417.229592013229,3371.2470408459126,3402.369873046875,620289
2023-07-20,3397.9170122859296,3422.0699053681583,3383.299306555357,3413.357421875,589848
2023-07-21,3422.989735491216,3424.925843062171,3393.028518098936,3405.32275390625,857975
2023-07-24,3393.996606681573,3454.0159419965353,3386.7362032160536,3430.4921875,680246
2023-07-25,3434.5576991096727,3434.5576991096727,3242.9799624326124,3291.769775390625,2555630
2023-07-26,3291.2374534662067,3303.9672650343723,3257.5006876181255,3265.2451171875,959076
2023-07-27,3281.702255956824,3304.935546264483,3243.9481592068782,3261.76025390625,874078
2023-07-28,3267.1814858355306,3290.414776401472,3257.0169212129313,3282.3798828125,553750
2023-07-31,3217.036288743724,3279.7662212351265,3216.9878387862577,3269.45654296875,933890
2023-08-01,3264.2770362038286,3276.861734148861,3231.3632108091283,3236.155029296875,698667
2023-08-02,3234.4610548979526,3264.228706906695,3224.248040842965,3255.4677734375,857218
2023-08-03,3262.341272925114,3271.973360869208,3211.9540258777074,3229.766357421875,711067
2023-08-04,3231.5086126976757,3265.5358446749133,3216.8426925510153,3232.960693359375,519248
2023-08-07,3210.114612575245,3242.9799893784584,3210.066162620588,3236.20361328125,360358
2023-08-08,3236.203810403575,3252.612274827319,3226.18435917019,3241.092529296875,500258
2023-08-09,3226.087444584064,3249.7078606159043,3197.4814101316233,3224.5869140625,643222
2023-08-10,3204.2582019987576,3213.9387403733763,3126.8138950018088,3134.46142578125,1253219
2023-08-11,3134.46112306324,3145.1581642023552,3078.4109058238882,3083.590087890625,919023
2023-08-14,3083.5901351605353,3107.35566586631,3051.5474612074386,3100.2890625,815534
2023-08-16,3092.8349109351743,3106.3394501682233,3075.4099429867283,3092.01220703125,597686
2023-08-17,3120.908419680373,3121.0053195927903,3060.9859865236986,3081.55712890625,873392
2023-08-18,3073.473595808879,3083.735059559415,3054.209421726559,3062.486328125,592652
2023-08-21,3058.9531481040435,3085.6715278701063,3051.450731055889,3080.6376953125,353330
2023-08-22,3096.416718411817,3096.416718411817,3069.698341245746,3078.120361328125,377068
2023-08-23,3084.219079842258,3093.899616816025,3064.1319656216906,3067.568603515625,370811
2023-08-24,3083.251123329916,3129.620802359354,3069.601471230169,3122.55419921875,1167742
2023-08-25,3121.876300953784,3160.6953490885794,3113.4542809824998,3155.177490234375,1363431
2023-08-28,3160.646979349499,3167.4718054160917,3127.830052430126,3155.564697265625,707315
2023-08-29,3156.8234930202916,3183.9289998600857,3151.063620085088,3180.734375,533163
2023-08-30,3195.8355376402615,3197.3360680545625,3171.7308601343616,3189.4462890625,599080
2023-08-31,3194.6259954397506,3196.5136530847376,3117.1332413485325,3152.080078125,1601967
2023-09-01,3137.559133147277,3159.9210331776785,3114.325842928938,3155.419677734375,650131
2023-09-04,3155.419814664049,3161.905727863209,3113.3579242742358,3132.1865234375,696213
2023-09-05,3141.3343554018793,3145.0614568007177,3117.1330121399233,3120.32763671875,597022
2023-09-06,3106.4845920721555,3126.8137215310257,3092.931839099575,3122.263916015625,754106
2023-09-07,3122.2635363428894,3149.8046158734455,3098.9817984064134,3142.64111328125,923108
2023-09-08,3146.7073620886035,3158.8080347240816,3128.749916629301,3134.606689453125,395918
2023-09-11,3138.4303727305537,3160.6956097980437,3138.4303727305537,3155.2744140625,359345
2023-09-12,3155.854938561736,3175.0224483402644,3139.3980263054327,3152.8056640625,554905
2023-09-13,3141.334568256736,3179.717806734525,3122.2639557423504,3173.038330078125,880907
2023-09-14,3177.1523270231364,3188.962535205736,3120.2791706512267,3136.736083984375,1102554
2023-09-15,3131.6537630414164,3136.4940316087136,3083.2510773684426,3094.52880859375,1568607
2023-09-18,3097.77206359093,3126.716776773607,3088.091525892208,3103.870849609375,673602
2023-09-20,3103.8704509632835,3124.8771678032576,3092.9313975004366,3111.663330078125,901084
2023-09-21,3107.452666240375,3157.0169730255525,3078.9435293900037,3140.56005859375,845739
2023-09-22,3131.6054701225894,3178.701427448774,3118.246280938701,3170.23095703125,896521
2023-09-25,3167.7621836928456,3228.2655402086107,3166.6487801282137,3217.08447265625,1422084
2023-09-26,3216.8421049743874,3218.681312273429,3156.193641618411,3187.60693359375,834560
2023-09-27,3182.9608787169464,3203.290008416781,3167.181554586442,3196.320068359375,516326
2023-09-28,3176.9586276171426,3183.92856687413,3054.209373210058,3069.069091796875,2104381
2023-09-29,3092.9315375958636,3092.9315375958636,3033.8802625431726,3060.066162109375,1550585
2023-10-03,3064.9548679390614,3124.6837330611183,3060.9857532923543,3065.680908203125,1219145
2023-10-04,3063.8412385193205,3087.122975205466,3050.675851172969,3068.633056640625,892584
2023-10-05,3107.452711531433,3128.8467951410976,3072.8932379891953,3103.822509765625,1002610
2023-10-06,3112.0509813486724,3114.2291024181286,3088.0916495846536,3093.657958984375,814257
2023-10-09,3039.7371489803686,3061.9539347193313,3032.6218595592095,3052.079833984375,700012
2023-10-10,3049.36920848703,3063.7931143335363,3039.737121271327,3050.8212890625,847367
2023-10-11,3067.762119488548,3083.2509784067606,3051.353656840312,3062.824951171875,1025317
2023-10-12,3084.2195086213146,3086.639643201212,3049.418020630643,3058.178955078125,992531
2023-10-13,3049.36913669603,3070.6663179681927,3028.313968847415,3048.20751953125,854688
2023-10-16,3024.1997863490087,3028.0720011842827,2997.1911824094673,3012.631591796875,853011
2023-10-17,3036.7847989285115,3036.7847989285115,2993.028814028588,3014.083984375,792640
2023-10-18,3010.6469598540857,3015.68079174701,2991.285886157275,2997.52978515625,481985
2023-10-19,2989.059575833664,3011.518376010426,2977.8302939159094,3002.709228515625,568124
2023-10-20,2993.706513594793,3015.5846250131904,2966.649455913985,3006.630126953125,711434
2023-10-23,2997.1428236581655,3009.5821723902673,2966.1166540781655,2973.861083984375,374476
2023-10-25,2994.5772075006626,3008.7108859932378,2954.4998790384043,2963.018798828125,669290
2023-10-26,2953.628817771685,2957.4041327663795,2846.077954282539,2865.7294921875,1834111
2023-10-27,2839.108279636039,2879.621190042339,2837.3657354984934,2860.744140625,1708185
2023-10-30,2878.9917319181172,2896.3682487345804,2845.206751994645,2872.312255859375,878885
2023-10-31,2874.151547624374,2916.503898654541,2871.2473864108765,2899.99853515625,1152306
2023-11-01,2902.1767607496417,2912.776902293011,2836.3975541594837,2840.80224609375,1029990
2023-11-02,2866.4557297170727,2867.3753335517495,2840.269827360173,2860.986083984375,900125
2023-11-03,2867.531970914157,2892.648236728921,2852.985816174991,2887.751220703125,715997
2023-11-06,2907.2912655716914,2942.2505691345473,2893.5694885561225,2937.644287109375,620959
2023-11-07,2937.6442685016677,2947.0021993288515,2911.3641228335237,2941.57177734375,757998
2023-11-08,2965.476169067018,3005.1871253536933,2954.0331463091266,3001.59912109375,783400
2023-11-09,3006.204875060823,3017.2598563514675,2981.040078376797,2987.00390625,849702
2023-11-10,2977.112633231012,2991.6587861621083,2948.1173964232103,2983.367431640625,364232
2023-11-13,3004.2656928154647,3004.2656928154647,2972.2641538022594,2992.240966796875,405941
2023-11-15,2992.3378584785823,3024.4850017228996,2985.5496530986666,3021.9150390625,700017
2023-11-16,3024.6304723496687,3045.8677637797387,3003.8780527490876,3035.588623046875,675454
2023-11-17,3054.6919624580137,3130.5743897793914,3050.4734836178695,3073.02001953125,1430175
2023-11-20,3073.02046361227,3075.9296944731177,3037.237018725364,3045.33447265625,406431
2023-11-21,3061.3835608228896,3061.3835608228896,3032.388321082343,3038.44921875,409069
2023-11-22,3044.994992506683,3061.4806341858593,3026.763764946007,3038.206787109375,489889
2023-11-23,3052.75306370906,3075.4449708152783,3020.8968895466523,3028.4609375,792460
2023-11-24,3023.660479212061,3044.800936584253,3016.872274159308,3041.26123046875,756329
2023-11-28,3046.1099419992493,3064.389703126064,3041.261224114556,3053.09228515625,647883
2023-11-29,3053.09228515625,3074.08713889545,3046.9343187411687,3053.09228515625,620725
2023-11-30,3053.092324207333,3058.522746255366,3014.3025806336414,3025.5029296875,1793116
2023-12-01,3051.734606209418,3094.064056839185,3045.23737137303,3077.38427734375,960196
2023-12-04,3093.4823942173853,3107.4951432918356,3070.693417332085,3097.894775390625,1018189
2023-12-05,3100.2700120017676,3149.3874262486074,3083.7843722757652,3128.635009765625,1005550
2023-12-06,3166.2126640417728,3189.486509045449,3135.132336175688,3154.139404296875,1229158
2023-12-07,3184.638050755092,3200.105414156322,3148.6121699433556,3153.412353515625,1071725
2023-12-08,3156.5155293681837,3170.8677825053214,3130.1385498683126,3134.21142578125,895852
2023-12-11,3132.2716775428685,3146.817830844151,3089.11808941573,3135.180908203125,910426
2023-12-12,3130.332575139061,3158.503676178733,3112.877189032338,3127.180908203125,1019030
2023-12-13,3141.969075695526,3156.466694295893,3093.7728690147824,3145.508544921875,1052079
2023-12-14,3156.5154701101264,3160.0066418292845,3120.6349563177837,3143.278564453125,923107
2023-12-15,3151.666777910927,3225.7067983027605,3143.9088289191463,3213.63330078125,1631687
2023-12-18,3212.760468379538,3234.8706692706105,3196.274827581937,3231.234130859375,911936
2023-12-19,3235.0162121855624,3252.4230629773606,3200.299342912588,3235.11328125,780448
2023-12-20,3235.1135532558583,3258.290333238796,3183.3290970549883,3197.390380859375,979762
2023-12-21,3180.7590796668132,3219.548824540799,3172.8557638502643,3203.0146484375,1585879
2023-12-22,3209.754254538738,3249.4169099249393,3187.5472207476787,3240.204345703125,930563
2023-12-26,3248.592598711836,3289.2732962982595,3243.9863165079832,3280.982177734375,600190
2023-12-27,3278.751697620791,3306.7771933993845,3252.520085478084,3301.443603515625,837182
2023-12-28,3301.976693939607,3316.4743122494647,3270.993435748112,3294.461181640625,779250
2023-12-29,3306.8257125492332,3319.3838449572722,3281.5153096079625,3299.45556640625,615676
2024-01-01,3300.0375718903215,3308.5713631824997,3286.606527917364,3293.346435546875,283951
2024-01-02,3293.2489587120267,3296.0611201884462,3243.792039720768,3288.73974609375,552394
2024-01-03,3288.740293913211,3296.1587382961075,3263.1874534764347,3271.52734375,379131
2024-01-04,3269.9754002286145,3298.3404003640494,3262.0235501055104,3277.684814453125,777127
2024-01-05,3277.684842563503,3278.1211798339523,3246.7015818082987,3254.023193359375,416956
2024-01-08,3253.489879088804,3274.339367136616,3195.1598944379634,3198.602294921875,545884
2024-01-09,3209.8515572697493,3214.700275634205,3163.546296889196,3168.637451171875,670704
2024-01-10,3192.395940321496,3193.3656839242667,3159.6185591970807,3187.40185546875,691087
2024-01-11,3187.4019256597185,3209.0755536066436,3171.740424077797,3188.7109375,537469
2024-01-12,3195.2567410515367,3195.2567410515367,3145.8483502259705,3178.625732421875,673004
2024-01-15,3182.8924251624435,3187.7411432060017,3160.0066180491363,3174.843505859375,728116
2024-01-16,3175.8616370618724,3219.5486319638285,3174.843358969076,3197.1474609375,748215
2024-01-17,3194.432472628765,3204.372344482611,3096.4398349530143,3144.19970703125,2239241
2024-01-18,3159.3762703727252,3159.3762703727252,2956.3605797340883,3068.12353515625,1979174
2024-01-19,3081.6513773940833,3104.6827887757086,3053.3349105409116,3070.06298828125,936201
2024-01-23,2994.132052495245,3014.933006427164,2930.1289716254496,2962.27587890625,2365225
2024-01-24,2962.566816246501,2962.566816246501,2886.0541378541334,2908.697509765625,2665932
2024-01-25,2918.977015287565,2924.7469428406125,2853.2768808785954,2859.968017578125,2001961
2024-01-29,2851.0946029094966,2898.0300965445845,2851.0946029094966,2886.00537109375,1862723
2024-01-30,2899.5334278678156,2914.0795821882225,2861.7619611665878,2864.7197265625,1273188
2024-01-31,2876.2595168081757,2881.980909345077,2858.8526665437294,2868.356201171875,1771244
2024-02-01,2871.4107960600127,2882.902352407369,2831.602773978328,2840.718505859375,3006472
2024-02-02,2860.7434469782165,2872.7198744153884,2835.5786494309805,2847.4580078125,1881911
2024-02-05,2860.743823196786,2875.2899782299896,2823.8935637793356,2829.081787109375,923435
2024-02-06,2842.3185540630784,2857.8344520040573,2814.8262276973805,2842.27001953125,1471312
2024-02-07,2867.531957555572,2912.091630681534,2847.2158755486116,2890.951171875,1134012
2024-02-08,2908.9883561526253,2908.9883561526253,2831.457402895202,2840.9609375,1633654
2024-02-09,2841.348894677715,2869.4714605294744,2822.4874280347994,2862.34375,1144765
2024-02-12,2862.34362013218,2875.2412574435702,2831.699864232898,2864.4287109375,614469
2024-02-13,2875.24149212852,2891.0483615482963,2856.5739261881245,2881.6904296875,717118
2024-02-14,2880.0413932275264,2890.6117404107663,2847.215714758446,2886.3447265625,750339
2024-02-15,2889.8363366354024,2932.989932937508,2877.666005383703,2925.280517578125,1068730
2024-02-16,2943.1719934599305,2943.1719934599305,2909.2309655287613,2916.891845703125,1179473
2024-02-19,2916.8917257612716,2927.365004157281,2897.1090507106633,2907.388427734375,560700
2024-02-20,2907.3884834763026,2925.8136125202705,2882.175148995083,2920.5283203125,729371
2024-02-21,2920.916435003258,2935.1716194376536,2893.230206192199,2910.9765625,927130
2024-02-22,2892.745162861561,2935.6077826909805,2843.3853082537803,2926.104248046875,2615821
2024-02-23,2908.261158807635,2914.0796206125187,2876.453520256842,2895.60595703125,1650523
2024-02-26,2831.651216924156,2841.3486525985536,2761.635778705764,2781.660888671875,3524491
2024-02-27,2768.6178928424547,2783.164046395042,2763.8662440501303,2773.0302734375,1296180
2024-02-28,2763.9149771318184,2772.8851065686754,2701.221140147644,2709.803466796875,2472196
2024-02-29,2700.736085004787,2752.132498830731,2692.7356998337673,2736.51953125,2284424
2024-03-01,2747.1863994399687,2759.841600078365,2729.8766191792715,2746.0712890625,978174
2024-03-04,2773.466544263706,2774.387753282545,2742.434750761455,2746.0712890625,971299
2024-03-05,2748.2533046500116,2749.0776813942125,2720.1307408409607,2735.064697265625,736381
2024-03-06,2742.386830542048,2753.1025464869285,2693.705740931337,2741.756591796875,1723066
2024-03-07,2739.5256418881363,2806.4379496015104,2739.5256418881363,2783.697509765625,1564364
2024-03-11,2807.9410421784773,2808.910785748724,2766.7754749722667,2789.806884765625,866546
2024-03-12,2792.8615372078593,2812.159339933572,2778.751720632663,2789.1279296875,663186
2024-03-13,2791.5040193551395,2799.8922067866856,2749.223103728549,2773.612060546875,955841
2024-03-14,2773.4667352542356,2810.365527107244,2755.0416065934555,2804.740966796875,1381741
2024-03-15,2807.4077447632003,2809.298697447771,2763.7692824093683,2780.788330078125,1356226
2024-03-18,2779.2852449348434,2779.2852449348434,2732.0102429492977,2760.375244140625,940424
2024-03-19,2754.071813817955,2754.071813817955,2716.251813557779,2729.92529296875,1199135
2024-03-20,2729.92516938527,2751.210993012205,2712.90612268788,2739.428466796875,818910
2024-03-21,2758.9207173597174,2759.308520122843,2721.100714555841,2735.792236328125,1167680
2024-03-22,2735.792233135296,2768.7635175925043,2723.04019870117,2755.526611328125,1652689
2024-03-26,2734.676747965054,2758.095959456217,2724.979312688582,2729.488525390625,1372390
2024-03-27,2732.6888019003186,2756.835558458302,2732.446366011707,2744.859130859375,1156231
2024-03-28,2749.271722673019,2781.224727896944,2733.7072900772264,2760.61767578125,1864623
2024-04-01,2774.388062120667,2799.1165253204863,2766.048408740865,2784.134033203125,558086
2024-04-02,2787.091693705646,2804.8863470503106,2769.5877740434394,2787.237060546875,562473
2024-04-03,2758.920341758575,2797.2737457056605,2758.920341758575,2782.53369140625,816676
2024-04-04,2783.1642642313786,2854.197986306274,2764.981570867498,2830.0029296875,1831347
2024-04-05,2835.530427680668,2839.1669663618586,2792.8617071546932,2796.207275390625,1155672
2024-04-08,2820.014432999438,2820.935642083115,2786.849248710386,2804.49853515625,570695
2024-04-09,2805.4682842334787,2828.208724703413,2758.9205906132897,2770.702880859375,1017670
2024-04-10,2796.0614894235,2811.3834841209605,2771.5269314479588,2809.1044921875,740495
2024-04-12,2802.55895382428,2805.4681845721943,2758.9204926055627,2768.133056640625,1766311
2024-04-15,2744.5683111682647,2767.16338457849,2727.258529823065,2758.338623046875,884519
2024-04-16,2742.0955194544877,2755.4780290885446,2734.6770752815814,2744.37451171875,911249
2024-04-18,2768.6179424797824,2772.6908181967674,2715.379114224338,2722.7490234375,1732434
2024-04-19,2705.5846948592125,2736.713559705892,2682.456214862923,2723.573486328125,1337807
2024-04-22,2760.4722489343744,2760.4722489343744,2728.907047146642,2755.865966796875,676040
2024-04-23,2765.7087378212045,2790.8735368051066,2757.9507890475124,2787.915771484375,929062
2024-04-24,2795.7222329384263,2795.8678365290793,2773.4666649185992,2780.982177734375,718441
2024-04-25,2778.315439897226,2783.0670888799937,2743.45320450303,2774.872802734375,1594152
2024-04-26,2783.1641584056088,2791.1160086502914,2751.2111538332124,2758.09619140625,625507
2024-04-29,2758.096318941406,2786.9947271826154,2753.1022338246194,2781.418701171875,566219
2024-04-30,2768.6179517009195,2823.8933363758592,2768.6179517009195,2788.885498046875,1290649
2024-05-02,2788.109906752457,2897.5938640075788,2788.109906752457,2885.375,2493406
2024-05-03,2892.7938289667563,2906.321705470283,2821.226700580388,2841.1064453125,1594445
2024-05-06,2860.7436116610656,2869.4713040356246,2823.117512739982,2843.43359375,768806
2024-05-07,2857.8345656861484,2878.15064801001,2816.1355883110195,2824.86328125,629534
2024-05-08,2812.2563863770683,2817.105104284615,2735.646643437831,2757.27197265625,1652877
2024-05-09,2742.4349736995487,2767.5997734377193,2621.992862728712,2628.102294921875,3547959
2024-05-10,2617.337882872406,2708.1059752904353,2589.312388535389,2687.40185546875,2478584
2024-05-13,2687.401732921476,2807.4074936608654,2670.7707262356744,2792.134033203125,2748823
2024-05-14,2791.892209885219,2800.619903490279,2756.0116917310847,2779.430908203125,999330
2024-05-15,2779.4303847250108,2787.2854021916864,2721.2457716497734,2728.5673828125,1230520
2024-05-16,2735.695187516133,2751.744491196891,2702.2390338372884,2728.906982421875,1534319
2024-05-17,2729.440552885526,2752.3263608130333,2701.802859053989,2724.882568359375,1325150
2024-05-21,2729.82803915393,2780.2061682273447,2716.251629722969,2765.5146484375,921822
2024-05-22,2765.5149945014996,2807.407872922848,2750.7749383398536,2798.437744140625,933846
2024-05-23,2797.7106159027926,2832.863825548018,2790.243636653057,2815.893310546875,1181894
2024-05-24,2822.147872237353,2822.147872237353,2780.254994659862,2787.7705078125,755822
2024-05-27,2800.522389040641,2810.6078643215383,2769.151326290451,2785.39453125,817091
2024-05-28,2788.8371385176015,2832.6209659706774,2777.345582519692,2823.117431640625,1084544
2024-05-29,2808.377514160687,2833.2998777608673,2793.9284289723664,2812.40185546875,1758297
2024-05-30,2788.255420566247,2822.778389095149,2788.012984654538,2796.44970703125,1344426
2024-05-31,2796.449749779151,2818.0750807849413,2769.20009493879,2794.025390625,2520363
2024-06-03,2860.743558948534,2860.743558948534,2773.515171340847,2779.721435546875,952701
2024-06-04,2792.861854667442,2809.347497559576,2691.766073990678,2771.18798828125,2683847
2024-06-05,2777.83037986443,2935.704676069066,2777.83037986443,2872.137939453125,2410576
2024-06-06,2870.441427388883,2872.138478908454,2795.043852733651,2816.91162109375,1689408
2024-06-07,2816.9113735429746,2854.0526023152343,2801.4440098317837,2839.118408203125,1600180
2024-06-10,2839.409067913986,2862.5858436780236,2826.8024019703785,2848.670166015625,876867
2024-06-11,2854.1535631056568,2859.3919851600476,2834.571034370798,2841.865478515625,855430
2024-06-12,2848.2789088566046,2857.0910471102,2805.833680650633,2845.145751953125,1701770
2024-06-13,2867.861214024914,2867.861214024914,2844.3621805197595,2849.2578125,726380
2024-06-14,2849.258004220651,2870.1624498007072,2844.4603801750054,2860.615966796875,982815
2024-06-18,2860.6159540425224,2866.8822677531266,2844.3623592291096,2857.58056640625,741098
2024-06-19,2857.0909166126817,2859.049169468482,2822.478701768596,2831.33984375,1018294
2024-06-20,2824.779952299,2863.455449046248,2812.4428627820557,2854.643310546875,1129752
2024-06-21,2863.9448853729464,2866.8822647425595,2819.982203092219,2830.5078125,1722379
2024-06-24,2822.821473482917,2839.417618520189,2811.4635113745016,2835.59912109375,892125
2024-06-25,2815.9676524449383,2834.5220507465415,2796.3851235684087,2798.783935546875,1217792
2024-06-26,2800.49715152515,2813.8623696917093,2784.684356516693,2803.58154296875,960622
2024-06-27,2801.0360153066595,2842.404108165772,2785.614773589949,2820.716552734375,1628022
2024-06-28,2805.197308607119,2870.7987814436556,2802.455706709519,2856.160888671875,1206712
2024-07-01,2828.9899134548477,2877.65244700565,2827.717001344783,2866.686279296875,1104110
2024-07-02,2866.6862567847948,2874.7150452739984,2851.2160122063633,2864.5322265625,1064295
2024-07-03,2868.5461885634168,2887.394369281636,2855.132206458571,2864.48291015625,925189
2024-07-04,2878.6315796478766,2906.487677567196,2861.9864310580756,2873.637939453125,968666
2024-07-05,2875.840851291771,2885.38733316446,2852.2930539080858,2874.616943359375,817429
2024-07-08,2874.6170502293767,2874.6170502293767,2830.360585557512,2837.655029296875,828260
2024-07-09,2848.229561839231,2852.390848846916,2829.675165225635,2844.362060546875,685431
2024-07-10,2839.5153925336463,2951.576354432764,2833.9344201998174,2933.903076171875,2299950
2024-07-11,2936.4003250199526,2966.753246018825,2910.943036440253,2958.96923828125,1968980
2024-07-12,2961.857142054739,2988.2935529094425,2908.8863120947312,2936.546630859375,1879930
2024-07-15,2936.399980049256,2936.399980049256,2871.3370806510006,2894.787109375,2425341
2024-07-16,2897.23485048895,2952.996047943766,2880.1001394772716,2912.3623046875,2085611
2024-07-18,2814.9882670425613,2896.157746150954,2782.677097368681,2870.35791015625,5384611
2024-07-19,2863.944761097209,2917.796713869977,2856.3565313883187,2884.555419921875,2164746
2024-07-22,2875.694374848,2911.2857168143782,2856.258619257172,2873.05078125,1616347
2024-07-23,2873.05040436662,2885.7790465079315,2825.7585553711524,2836.626953125,1906312
2024-07-24,2840.4457720414903,2865.9030592090458,2825.954653075666,2851.99951171875,1476148
2024-07-25,2831.682713411636,2847.985073277743,2825.0246057053882,2840.83740234375,1239922
2024-07-26,2841.6202780253097,2902.5708897278732,2840.151588586694,2888.5693359375,1359780
2024-07-29,2891.4089512946493,2903.2074709502863,2874.714800167338,2893.0244140625,854408
2024-07-30,2911.4322458491706,2969.4944870930362,2908.005303572234,2942.32373046875,2144591
2024-07-31,2942.323627090435,3033.3333716957077,2942.323627090435,3020.066162109375,3549501
2024-08-01,3023.5423372686028,3063.63751572626,2998.8683996827003,3034.655517578125,1675122
2024-08-02,3005.917917133954,3063.7353763457113,2996.1266535602276,3041.851806640625,1348780
2024-08-05,3005.8691229684673,3079.3526090310406,2991.5250164488248,3028.82958984375,2019141
2024-08-06,3036.956122827192,3069.561077778044,3021.632891214623,3037.005126953125,885743
2024-08-07,3037.005211500512,3053.405578162117,2996.1756897697787,3036.71142578125,1907105
2024-08-08,3015.709431867347,3025.206910515943,2927.9796073224807,2942.66650390625,1280109
2024-08-09,2975.5648940630776,2989.0278809973875,2904.088672520924,2977.131591796875,1665414
2024-08-12,2956.961800531541,3019.625891668633,2941.0019920111554,2989.46875,1736881
2024-08-13,2991.1332140756795,2995.931076975215,2950.1079125688234,2960.437744140625,502260
2024-08-14,2971.452830690008,2971.452830690008,2931.553430102686,2962.689697265625,454671
2024-08-16,2990.25191061881,2990.25191061881,2940.3164661389283,2984.52392578125,514229
2024-08-19,2990.2028563319955,3023.3953828855997,2974.9286287622595,3012.08642578125,542858
2024-08-20,3031.375386436018,3041.50944046779,3013.751110933483,3038.425048828125,668282
2024-08-21,3036.270981564519,3104.41827496269,3019.6748368105364,3085.765869140625,1186536
2024-08-22,3100.893255785909,3131.882510198292,3090.1718696981125,3120.084228515625,1540888
2024-08-23,3123.4132395089528,3131.8338222301445,3083.0242752049576,3088.801025390625,779284
2024-08-26,3089.144018599137,3111.1253600826362,3075.925811229537,3105.15283203125,472874
2024-08-27,3088.1648125822408,3136.7783450382058,3084.2483067958333,3100.110107421875,1003501
2024-08-28,3087.136492989098,3099.4245769505,3053.6994225027042,3060.259521484375,538366
2024-08-29,3060.25975402824,3078.3245894258002,3028.1443582967177,3050.811279296875,849866
2024-08-30,3064.714631498317,3100.648522515117,3045.768440069131,3061.532470703125,1567031
2024-09-02,3082.289847640968,3117.5383973598614,3074.065281657704,3085.17822265625,702358
2024-09-03,3098.886103691147,3108.2858129061433,3081.800395534344,3088.9970703125,577471
2024-09-04,3089.633226870345,3184.1189205458286,3089.633226870345,3164.193603515625,2379110
2024-09-05,3172.369721300085,3189.0148710723383,3149.8498127846833,3170.65625,1482119
2024-09-06,3170.411203009902,3217.311260765833,3158.0253499809933,3205.365966796875,2131256
2024-09-09,3205.3659101957087,3244.8247502297972,3189.993674184876,3212.268798828125,1272289
2024-09-10,3221.3258716595565,3240.9083997547514,3202.6244617108327,3226.2705078125,928920
2024-09-11,3245.8040473208475,3312.3356390339472,3245.8040473208475,3297.1591796875,2561892
2024-09-12,3299.6559697244697,3322.175876936239,3270.575963438178,3312.62939453125,1643536
2024-09-13,3285.5075063646877,3299.362048746183,3251.580634550987,3287.955322265625,1029400
2024-09-16,3289.8649790678583,3324.0363976671415,3261.078756118835,3266.170166015625,1019280
2024-09-17,3266.169808964826,3279.9753474232057,3232.8795122206266,3243.64990234375,586834
2024-09-18,3243.6497108588196,3255.4482307879075,3183.6782239408626,3206.2958984375,410510
2024-09-19,3225.2422323206792,3250.6995177002595,3206.6388314663704,3225.095458984375,963456
2024-09-20,3235.033500041011,3255.3993761794713,3197.8757024120955,3237.921875,1504277
2024-09-23,3247.713335439624,3255.4973426803335,3204.876554506199,3209.037841796875,522775
2024-09-24,3209.0379092276316,3228.914223807304,3173.4468064909433,3180.59423828125,1057933
2024-09-25,3184.1191744837815,3184.1191744837815,3139.813703190611,3177.0205078125,740636
2024-09-26,3182.1608231130963,3217.2626004258645,3159.738924008051,3208.646240234375,951080
2024-09-27,3222.2560711777446,3268.2750133045993,3208.6463094431497,3241.642822265625,1315996
2024-09-30,3241.6427978407737,3287.906521226102,3236.1595942661793,3259.60986328125,1088162
2024-10-01,3247.7622068074065,3259.4627192551634,3176.3349850997006,3208.93994140625,968660
2024-10-03,3125.6651783140173,3158.5636811251156,3061.238614956061,3083.562744140625,1741363
2024-10-04,3069.5613688879425,3090.857368815634,2990.7906951252285,3008.365966796875,1551818
2024-10-07,3010.813695649262,3033.872170298019,2974.586018660962,2998.329833984375,909812
2024-10-08,2994.168270882283,3034.312449792085,2982.0759652757947,3023.591064453125,817718
2024-10-09,3030.9348596195773,3081.0170807545574,3007.6316028426045,3014.58349609375,1225598
2024-10-10,3025.549519128867,3030.3961469022447,2979.481575128766,2995.24560546875,1161933
2024-10-11,2995.3432698461725,3000.043124115832,2962.8363229681813,2973.802490234375,976017
2024-10-14,2973.606887912446,2991.231163178308,2954.2201373110906,2975.7119140625,716011
2024-10-15,3010.813616059169,3032.15861893477,2984.034413970068,3003.07861328125,1242322
2024-10-16,3023.5423752416177,3038.7678388325867,3002.0996023303546,3017.765625,764001
2024-10-17,3018.54865419464,3020.6049152328696,2973.606848480462,2992.0634765625,674481
2024-10-18,2993.1893117782324,3004.938828213083,2918.384152760825,2929.69287109375,899318
2024-10-21,2944.2819221487002,2993.1892352494165,2937.91760090921,2985.552001953125,806970
2024-10-22,2990.2518937471714,2994.1193950477304,2932.7282202836327,2944.086181640625,541838
2024-10-23,2937.329990209812,2963.3258421185824,2910.0124611803,2927.2939453125,624689
2024-10-24,2927.2941122931275,2939.6312003908815,2889.4019689136367,2909.963623046875,571259
2024-10-25,2913.3903256017184,2952.6043819941683,2890.380857394143,2896.255615234375,1047769
2024-10-28,2925.531426332607,2958.625943649165,2901.2002807869694,2939.1904296875,504961
2024-10-29,2956.961849342435,2964.794860863872,2879.70886883008,2930.378662109375,613459
2024-10-30,2943.254048832852,2943.254048832852,2901.6901796846887,2934.09912109375,812725
2024-10-31,2931.700212860588,2933.9522513847237,2858.0699555454726,2874.372314453125,1031171
2024-11-01,2896.2559119507614,2903.8441416051287,2868.8403725543376,2878.48486328125,112249
2024-11-04,2900.3191944222995,2900.3191944222995,2825.269250851829,2854.447265625,1146008
2024-11-05,2834.570963847689,2857.8742202713024,2812.73639704265,2827.03173828125,935417
2024-11-06,2830.164890643995,2847.152829490549,2800.301535112204,2836.822998046875,1817087
2024-11-07,2839.4664984128735,2844.3131261788453,2766.032020005644,2783.509521484375,1112489
2024-11-08,2783.5098744441934,2787.573153813489,2704.738956048627,2711.641845703125,2060410
2024-11-11,2511.5083795982237,2544.5048935644454,2453.6909141981723,2490.0166015625,8854840
2024-11-12,2482.0852716971294,2482.0852716971294,2418.4420596023315,2423.19091796875,3445898
2024-11-13,2418.442321542641,2445.857862029764,2399.9369273316497,2418.931884765625,1803766
2024-11-14,2430.9750761395044,2449.5294736289966,2414.721482265574,2431.317626953125,1206967
2024-11-18,2467.398289727899,2467.398289727899,2419.2253233087795,2431.85595703125,945471
2024-11-19,2440.2421664298527,2455.1503504239377,2424.8926681984503,2436.024658203125,941508
2024-11-21,2407.5811834490764,2418.6152360227406,2378.4513325454554,2381.540771484375,1377572
2024-11-22,2383.355450368951,2446.077863815995,2376.44072925789,2424.745361328125,3805843
2024-11-25,2456.915853815773,2459.8091798845007,2403.0206816798122,2412.4853515625,1857124
2024-11-26,2412.6813837689556,2469.666232573915,2410.425724524224,2456.915771484375,1152258
2024-11-27,2469.1758347995096,2469.322859722952,2432.3956585115325,2444.067138671875,864653
2024-11-28,2452.01165097183,2457.896478934162,2406.2081212225285,2410.866943359375,1506133
2024-11-29,2410.867028896604,2443.674898059773,2407.9246148110415,2432.00341796875,1030854
2024-12-02,2432.0031134525316,2438.28016693406,2414.103430006616,2431.463623046875,914624
2024-12-03,2446.126914769866,2446.126914769866,2416.2123715058397,2421.9990234375,1341985
2024-12-04,2431.3165931156605,2431.5129456124614,2406.1099610659503,2412.239990234375,1005012
2024-12-05,2417.6834979870496,2419.5469310678895,2377.3723304944847,2405.129150390625,3190834
2024-12-06,2420.6256535461885,2420.6256535461885,2380.4126665950566,2383.060791015625,1735948
2024-12-09,2391.34905763415,2392.1828374715656,2341.1809893581903,2345.93798828125,2301281
2024-12-10,2353.8332861296994,2358.492108815678,2339.2684788787424,2343.04443359375,1657888
2024-12-11,2353.686000121601,2381.3937319700995,2346.7221912027503,2370.899169921875,1337700
2024-12-12,2366.681953292519,2368.6435628683935,2335.001910751288,2343.68212890625,1089028
2024-12-13,2343.681904879696,2365.7009223732866,2308.814250110579,2361.434326171875,1150861
2024-12-16,2373.4981336387937,2373.4981336387937,2340.3468890142485,2356.137939453125,987775
2024-12-17,2342.161629383754,2353.833109560867,2305.381453042929,2310.77587890625,1258218
2024-12-18,2311.560451235801,2327.1551494176,2296.0636898466246,2300.42822265625,855682
2024-12-19,2280.3707553024697,2280.3707553024697,2221.8658551470567,2247.857177734375,2784409
2024-12-20,2252.9082428785946,2273.505140179618,2232.3113455775715,2238.53955078125,1719502
2024-12-23,2255.8507361549114,2258.3518359488926,2222.5524655707823,2235.449951171875,855647
2024-12-24,2238.2945258159666,2250.9468108008496,2233.439350935133,2240.157958984375,601558
2024-12-26,2240.1578889777365,2243.541617232668,2213.1857602794494,2218.972412109375,1267334
2024-12-27,2226.6719750111083,2246.827560435928,2216.6678144909474,2227.7998046875,821790
2024-12-30,2236.47997820152,2254.6739537738313,2213.480155249782,2244.326416015625,1076940
2024-12-31,2236.234655799564,2253.545762506832,2229.3690230843895,2237.558837890625,685486
2025-01-01,2236.2346377260815,2278.605351392144,2236.2346377260815,2260.411376953125,1067328
2025-01-02,2269.582212747053,2302.880486430423,2249.9661175634137,2298.270751953125,1342922
2025-01-03,2299.0061211003162,2303.8610562723675,2277.5754435156923,2291.110595703125,1355319
2025-01-06,2291.110760965597,2295.0830680126287,2213.381986119443,2223.63134765625,1190987
2025-01-07,2228.3881024312896,2271.543505823445,2228.3881024312896,2248.5927734375,740798
2025-01-08,2243.1493945831817,2293.121345211807,2229.0747516227793,2289.54150390625,1439632
2025-01-09,2296.9464313017265,2316.072122953004,2276.7419981529406,2305.087158203125,1362304
2025-01-10,2290.7676831221484,2303.812194809117,2271.5438141293225,2276.20263671875,1214334
2025-01-13,2247.759228497601,2257.7143006745455,2203.279638437558,2209.40966796875,1181928
2025-01-14,2225.445792649132,2242.462849427957,2194.0600432596334,2196.953369140625,1316807
2025-01-15,2205.829724693855,2210.488546922533,2177.386388981929,2186.900146484375,1308999
2025-01-16,2196.0217797097066,2196.8555595078333,2165.420720174505,2173.071044921875,1936087
2025-01-17,2182.9278242686637,2225.4948907413877,2170.030338602855,2217.599365234375,878848
2025-01-20,2228.6334431540586,2243.002135992532,2207.791343619666,2236.774169921875,555716
2025-01-21,2236.774120348776,2270.562793071887,2211.7145133378426,2216.9619140625,1410294
2025-01-22,2226.426483358484,2226.426483358484,2201.808191659471,2218.67822265625,835523
2025-01-23,2218.678318741337,2257.6162158801017,2203.0833809637184,2232.65478515625,1142465
2025-01-24,2239.177084297799,2252.467035601808,2211.7636413843934,2218.972412109375,543202
2025-01-27,2212.0090885109144,2234.0281081329895,2203.0836691493437,2208.281982421875,1097939
2025-01-28,2216.6186643968203,2223.5333855549316,2191.215917962656,2198.76806640625,897501
2025-01-29,2198.768227234155,2203.672251186656,2169.5892847167747,2180.47607421875,1281088
2025-01-30,2180.47565563555,2215.882797557259,2172.482193909186,2206.663330078125,1155718
2025-01-31,2211.714594967762,2260.7548298894417,2191.951476076034,2256.635498046875,1292909
2025-02-01,2267.6203918669285,2343.142351284642,2241.4329551285223,2306.018798828125,1318619
2025-02-03,2306.01881117763,2319.0635612195833,2233.978755835528,2248.24951171875,1070382
2025-02-04,2260.4115281362806,2372.174418827752,2220.29671040911,2309.15771484375,5373733
2025-02-05,2225.445914083573,2251.4863273419555,2194.305364161954,2231.52685546875,3474642
2025-02-06,2243.296570015997,2254.771937667948,2216.8639299685055,2219.953369140625,1285954
2025-02-07,2222.503447209723,2232.6057834969856,2200.141052188956,2227.407470703125,1336756
2025-02-10,2227.4568426232345,2234.2733882566868,2210.7340724892765,2226.573974609375,1181565
2025-02-11,2235.2540313135382,2239.0790740672005,2183.2713794225256,2197.83642578125,1607942
2025-02-12,2198.8170667681698,2204.7998316412377,2143.744740335438,2185.47802734375,1181706
2025-02-13,2185.4779733870987,2206.761386518349,2177.386334980078,2193.471435546875,921923
2025-02-14,2193.4716872063455,2207.3502183450614,2160.712903739357,2188.4697265625,1380052
2025-02-17,2188.469507921254,2216.6185540575925,2183.320283404085,2207.644287109375,923900
2025-02-18,2204.848709413096,2208.7228396370965,2176.1601752714887,2194.6484375,735853
2025-02-19,2194.6486660146306,2206.614435319362,2183.3694121007593,2196.119873046875,645234
2025-02-20,2196.119704103747,2213.774187132552,2188.22417908057,2205.878662109375,637442
2025-02-21,2205.8789641005346,2222.307443612556,2194.0602190084924,2214.264892578125,755585
2025-02-24,2202.788962681297,2215.6375987657107,2197.9831159070195,2203.083251953125,765042
2025-02-25,2203.083378069052,2213.774292529145,2175.130445275953,2182.045166015625,947702
2025-02-27,2171.501580547716,2185.6250722817654,2155.8087055302076,2171.158203125,1027196
2025-02-28,2167.578276205342,2168.902458264366,2134.0348050707535,2137.908935546875,1701193
2025-03-03,2137.909023945707,2151.2480635171437,2088.1331859068287,2124.815185546875,959068
2025-03-04,2112.7024437231626,2118.3911589596355,2083.9648176897913,2091.173828125,2180989
2025-03-05,2091.0756230738875,2140.9005497884536,2083.9647889897947,2122.6083984375,1535212
2025-03-06,2147.8151560567817,2231.3305761243014,2141.1947246770724,2224.170654296875,1985096
2025-03-07,2224.170859021657,2234.224107597683,2204.849053551762,2226.4267578125,921429
2025-03-10,2226.426799709337,2248.985309133705,2218.433336716765,2234.86181640625,1072395
2025-03-11,2230.3499879925585,2246.92549238546,2214.5589358314783,2243.49267578125,601228
2025-03-12,2243.4925997474033,2251.8785279157673,2203.8681852119953,2208.085693359375,749216
2025-03-13,2211.959952863452,2213.8724742700488,2179.8385967138997,2188.4697265625,747470
2025-03-17,2162.6743124205764,2196.2668726021657,2153.8961584537587,2176.945068359375,838015
2025-03-19,2230.3497992399066,2244.031976370776,2224.3179463561214,2236.921142578125,663292
2025-03-20,2246.0426876775055,2262.7163670183427,2225.2005885014587,2243.29638671875,1166849
2025-03-21,2247.661122450764,2270.072606898554,2234.1262083865413,2256.2431640625,1624115
2025-03-24,2258.204432777234,2285.5199368808444,2257.9103829583514,2277.918701171875,1100353
2025-03-25,2280.3708711612076,2299.4965623386884,2263.697191673147,2286.010498046875,1828005
2025-03-26,2295.082805937436,2296.014522433612,2259.773839692245,2278.55615234375,1934287
2025-03-27,2270.562798884561,2304.9891383988142,2246.53308459831,2293.219482421875,1497861
2025-03-28,2298.957162432758,2318.6223448473825,2280.3709609856874,2295.720458984375,1281871
2025-04-01,2297.04437666977,2316.366179428107,2261.490209866064,2271.54345703125,970583
2025-04-02,2283.3133228295655,2283.705548924632,2248.151378841912,2262.373046875,792693
2025-04-03,2250.946809784164,2309.6969161401757,2245.846673182262,2304.302490234375,608846
2025-04-04,2304.302456272972,2318.5732124861197,2258.597101126369,2310.824951171875,1163188
2025-04-07,2147.9623364340778,2308.8143104866754,2147.9623364340778,2296.4072265625,1745817
2025-04-08,2310.77598236216,2373.5474861275156,2310.77598236216,2348.24267578125,1876867
2025-04-09,2353.9313107339253,2382.8159616352013,2345.0058920656825,2364.8671875,1186937
2025-04-11,2392.673138188117,2401.0099783908627,2334.560457951328,2347.654296875,968152
2025-04-15,2368.5451423440904,2378.451365462363,2339.2191779908185,2369.329833984375,1141122
2025-04-16,2358.9334902486225,2421.1164127236184,2357.560219989948,2412.681396484375,1166695
2025-04-17,2412.68115105389,2428.8644270296563,2384.335993762884,2420.527587890625,885840
2025-04-21,2418.566104331728,2423.4701276094634,2394.144164190312,2398.0673828125,541913
2025-04-22,2398.067354904978,2402.971378125643,2367.172008614791,2385.31689453125,543647
2025-04-23,2390.2211549122017,2409.445023626323,2379.0400766413914,2406.01220703125,744684
2025-04-24,2402.9714790163284,2443.1844711141525,2389.1420371717104,2417.094970703125,1203452
2025-04-25,2416.9968230680265,2421.3122675252507,2367.368014538705,2384.924560546875,702217
2025-04-28,2373.4491118364936,2412.5833616225136,2358.835218117182,2405.129150390625,554920
2025-04-29,2412.7796033071086,2424.549259908607,2394.7328922998554,2404.050537109375,1235066
2025-04-30,2402.9715418199903,2414.937311402688,2355.402513339064,2379.137939453125,1479669
2025-05-02,2378.451327881872,2397.969245058867,2351.969601757002,2363.7392578125,744673
2025-05-05,2376.5878898620194,2427.4915564148305,2376.5878898620194,2390.122802734375,1229588
2025-05-06,2395.125005452272,2402.8732665678112,2345.202143503626,2371.585693359375,702802
2025-05-07,2342.1616652061393,2359.521860813671,2273.9957373452403,2289.29638671875,1711738
2025-05-08,2277.428393301136,2304.0082950511696,2249.475460825218,2258.40087890625,2292261
2025-05-09,2203.4758490175027,2287.040358313372,2201.9064657768918,2255.45849609375,1503010
2025-05-12,2285.2748219143054,2332.8438471773284,2276.4475801129197,2311.16796875,940135
2025-05-13,2308.8143229020616,2312.73754180249,2270.661114877108,2279.978759765625,1220489
2025-05-14,2274.4859609248783,2274.4859609248783,2233.3903422767617,2238.490478515625,1549845
2025-05-15,2241.1387228905814,2290.6693598735023,2224.4650431141526,2285.1767578125,1675015
2025-05-16,2289.100074305544,2309.795149987355,2270.562960603281,2308.422119140625,785113
2025-05-19,2308.4222512773326,2333.236420919726,2281.9405219272385,2286.648193359375,552961
2025-05-20,2302.438819676483,2302.634932707437,2247.415585328712,2251.53515625,1095824
2025-05-21,2251.92759399425,2271.739801067979,2246.042765786948,2268.0126953125,469330
2025-05-22,2264.8739640972276,2265.658655678356,2239.2751073744516,2255.06591796875,916504
2025-05-23,2257.6162465132484,2284.294085755304,2250.946726839168,2271.05322265625,458035
2025-05-26,2271.5436001154403,2293.1213027072104,2258.5970264512307,2282.528564453125,1258062
2025-05-27,2268.69947425945,2306.4604556573113,2256.929817719857,2282.921142578125,2485428
2025-05-28,2282.921282051625,2288.2175320363026,2256.1452638973333,2258.989501953125,774808
2025-05-29,2258.989319887841,2264.678034995227,2242.609929413853,2250.26025390625,1414643
2025-05-30,2252.4180854797987,2259.774121030027,2211.7146887685376,2215.736083984375,3610431
2025-06-02,2215.7362127619917,2228.6827881919858,2214.5590554421137,2223.190185546875,702789
2025-06-03,2228.976866217975,2243.3946474767345,2203.5738807103767,2212.401123046875,792587
2025-06-04,2206.3202363485334,2217.599490724176,2197.8852199032976,2205.829833984375,768079
2025-06-05,2207.889514094768,2217.5993846589804,2190.136853579612,2200.435302734375,996614
2025-06-06,2205.92782084708,2209.360637101461,2196.0215981598762,2202.1025390625,822087
2025-06-09,2197.002471273643,2212.499233024373,2193.0792525749403,2204.750732421875,1041851
2025-06-10,2217.272486211869,2217.272486211869,2192.724063924676,2196.386474609375,1809051
2025-06-11,2186.5870825870197,2203.3155154352885,2184.805297383034,2186.38916015625,1430888
2025-06-12,2201.4350162837427,2240.0393173786465,2185.69643634893,2196.881591796875,3417373
2025-06-13,2152.932151905266,2194.605096200665,2152.7342294653854,2191.734375,1786807
2025-06-16,2191.7340611070726,2227.170872658067,2186.8838745386865,2222.023681640625,1301826
2025-06-17,2208.3639365023105,2257.85662893849,2204.4045211074163,2241.821044921875,1540986
2025-06-18,2234.1001045094,2260.826158041413,2232.120396840362,2258.25244140625,1131156
2025-06-19,2246.9679887290563,2261.8157948219796,2241.028866291887,2244.98828125,524926
2025-06-20,2243.9985712801026,2266.666126702171,2240.0391560683156,2262.5087890625,1945026
2025-06-23,2238.257208868643,2249.7396088170535,2231.0312282974974,2241.1279296875,596186
2025-06-24,2281.612964421652,2286.2652288580507,2245.8791462744125,2252.21435546875,1044179
2025-06-25,2253.006327022203,2271.021617818927,2252.313236032559,2256.767578125,807368
2025-06-26,2263.7954998714686,2269.3387774722814,2257.0644461171983,2266.567138671875,921519
2025-06-27,2259.836183469298,2340.5092666724286,2253.9961428230686,2334.76806640625,1555059
2025-06-30,2338.0347724395892,2345.854521118067,2302.49911621314,2317.346923828125,785414
2025-07-01,2356.3471327824136,2375.6492832084828,2326.3545122491983,2345.458740234375,1232160
2025-07-02,2316.2577601988805,2405.344597129607,2303.389661531109,2394.85205078125,1936030
2025-07-03,2404.255888029121,2439.3956992426974,2400.395554730226,2406.235595703125,1547480
2025-07-04,2406.2354877025405,2418.2128152580945,2387.527347688303,2399.603515625,602309
2025-07-07,2398.7127436249625,2440.088680482908,2396.4360315695767,2418.014892578125,869054
2025-07-08,2415.7382195225628,2462.7562754239448,2412.570735668228,2459.390869140625,1136367
2025-07-09,2494.926593821461,2509.2794744445164,2467.6065312804385,2473.545654296875,2328636
2025-07-10,2481.8604847719294,2486.512749306158,2420.2916266528655,2426.32958984375,932859
2025-07-11,2422.6672511448596,2459.5888473703967,2410.7890051739755,2414.451416015625,1050411
2025-07-14,2406.4338435041236,2423.7562862541863,2366.740606594277,2377.233154296875,891618
2025-07-15,2385.448593665743,2390.4969447486355,2362.088188810415,2369.215087890625,610228
2025-07-16,2356.842035799594,2397.8218888536676,2346.9434972200074,2386.042724609375,1200909
2025-07-17,2379.707736082246,2389.507192526197,2369.7101155375785,2374.560302734375,526163
2025-07-18,2376.2430711148772,2380.5983310634733,2348.230160923921,2358.2275390625,599552
2025-07-21,2358.22756047867,2383.567914037501,2336.8468637229585,2351.298583984375,390931
2025-07-22,2351.298608817401,2356.643964310425,2337.341815301031,2341.2021484375,411317
2025-07-23,2339.0244937170323,2360.5042725166427,2328.7301110194885,2351.298583984375,368999
2025-07-24,2351.298753078445,2355.8521774818505,2317.2478770945427,2328.2353515625,506960
2025-07-25,2316.25783056356,2326.651295187884,2302.2019553090836,2312.496337890625,383636
2025-07-28,2312.496455208657,2342.3899923596205,2296.46087159317,2335.6591796875,650364
2025-07-29,2335.065004538179,2393.7633804542284,2301.409976918723,2377.1337890625,1742815
2025-07-30,2384.5577642993003,2419.004724295606,2342.4889785032356,2391.288818359375,1685818
2025-07-31,2377.0348502382585,2392.674588818769,2349.418025516724,2371.788818359375,1274735
2025-08-01,2353.872223766583,2446.9184765142945,2353.872223766583,2406.33447265625,2225293
2025-08-04,2418.4107160183803,2441.969284403293,2414.8473873951507,2424.94384765625,1165898
2025-08-05,2436.920867898437,2438.70265299389,2384.65678285524,2412.07568359375,659094
2025-08-06,2415.243360050098,2480.1778683627604,2415.243360050098,2465.923828125,2019109
2025-08-07,2458.8959745801,2484.5330918907716,2441.8702955199838,2481.068603515625,1502806
2025-08-08,2481.0685636610756,2486.215755117334,2443.454119049418,2450.482177734375,1178226
2025-08-11,2438.9007055038905,2478.791862374858,2427.121541831701,2463.84521484375,721135
2025-08-12,2463.8452548090927,2477.406203891745,2448.898365372008,2453.15478515625,608984
2025-08-13,2454.639355735753,2478.9896127709208,2436.2279794842134,2474.832275390625,350844
2025-08-14,2479.583726564812,2509.1802580128915,2472.357745615771,2503.043212890625,1088550
2025-08-18,2524.127268472607,2568.6706908574174,2510.863323805654,2561.147705078125,1755615
2025-08-19,2561.1475900561763,2568.670575497609,2535.2134691873252,2553.228759765625,698587
2025-08-20,2551.8429412384953,2553.1297994329543,2537.3909799718176,2544.023193359375,308028
2025-08-21,2548.7744310291314,2549.863366865174,2533.3328568800803,2540.558837890625,781082
2025-08-22,2536.797392644195,2543.231442409305,2475.7234608988533,2479.0888671875,523774
2025-08-25,2490.4721647945858,2496.9062145049056,2450.878012731079,2467.6064453125,766497
2025-08-26,2455.9263817194274,2497.6981641187676,2442.9592001585233,2456.22314453125,7106393
2025-08-28,2439.989602689333,2502.350391723584,2439.989602689333,2463.74609375,1485769
2025-08-29,2465.725836660952,2505.913997946369,2464.7359828525773,2493.0458984375,1798653
2025-09-01,2492.451991866285,2551.6453003711945,2489.581512369503,2544.122314453125,1314833
2025-09-02,2542.9342742679623,2545.804753466854,2505.3198319082185,2514.228515625,1024054
2025-09-03,2504.330139433277,2539.074104831537,2501.6575824788406,2527.987548828125,925847
2025-09-04,2527.9875299885935,2556.792372311873,2527.0967582315957,2542.53857421875,933071
2025-09-05,2538.9751511033596,2575.5997439262933,2538.9751511033596,2553.723876953125,1153436
2025-09-08,2553.7237473782398,2563.3255226646506,2500.7665685510233,2505.1220703125,742880
2025-09-09,2514.2287093319874,2525.711110339231,2499.1829795616045,2511.55615234375,702450
2025-09-10,2511.5559946250305,2529.0763578516126,2499.4798270807123,2517.4951171875,520584
2025-09-11,2515.21855988452,2533.5308555782876,2509.9722862990047,2529.96728515625,423961
2025-09-12,2534.0257928242045,2542.241627907083,2511.4570772741577,2520.46484375,547539
2025-09-15,2509.378500912947,2517.693176286382,2472.654827742631,2477.208251953125,583051
2025-09-16,2469.6850616320035,2484.433785575144,2449.3930601236043,2455.72802734375,760790
2025-09-17,2456.816916665378,2471.5656403296753,2455.629140541995,2468.29931640625,359627
2025-09-18,2472.555681514996,2480.7715162918726,2444.246008163312,2453.550537109375,400796
2025-09-19,2449.8880476944364,2484.038002298662,2443.4539982762494,2456.52001953125,3731525
2025-09-22,2468.794488216161,2477.6040904741294,2448.9974119838466,2457.510009765625,872806
2025-09-23,2447.017505402264,2458.598745723832,2403.364859193842,2422.072998046875,1332111
2025-09-24,2421.182484191517,2449.8882454513505,2418.4108451164807,2432.268798828125,637749
2025-09-25,2433.5554274370193,2437.7127648253804,2363.770738547733,2379.6083984375,1518215
2025-09-26,2373.174495777403,2375.64913028812,2315.26804822663,2319.029541015625,1089446
2025-09-29,2319.1283057695373,2339.7173125599843,2305.5673574257466,2318.83154296875,950369
2025-09-30,2328.136201795213,2364.562870972334,2316.257955867686,2326.156494140625,778874
2025-10-01,2329.52186805722,2333.0854384512804,2297.648623594792,2312.1005859375,648279
2025-10-03,2318.435382251186,2338.727383927802,2312.397419433324,2333.877197265625,659872
2025-10-06,2331.1056372658036,2335.2629747830006,2310.4177900590857,2330.90771484375,362107
2025-10-07,2331.1056084583392,2347.339113482409,2322.1969246043586,2328.927978515625,498524
2025-10-08,2336.0549055856777,2345.3594343916707,2296.4607546435473,2304.87451171875,701799
2025-10-09,2304.8745875346162,2317.2477601110313,2300.2223229785895,2312.6943359375,587567
2025-10-10,2315.168952276326,2333.8773340631014,2312.8924818709593,2316.455810546875,1117236
2025-10-13,2316.4559538059325,2342.588240696399,2313.2884697880536,2318.732666015625,667732
2025-10-14,2318.6335776566284,2331.105832918551,2284.5827016458666,2294.580322265625,353345
2025-10-15,2306.359448255162,2359.8115556396165,2301.4101790528975,2351.001953125,753640
2025-10-16,2352.88256042397,2396.238206630707,2342.8849400478784,2385.250732421875,715890
2025-10-17,2396.4361084736693,2518.1881288546115,2396.4361084736693,2482.35546875,3719960
2025-10-20,2482.3551717731507,2511.357933686202,2475.32711379647,2490.471923828125,714986
2025-10-21,2487.5024187915164,2493.639463573223,2458.796660675737,2479.187744140625,107942
2025-10-23,2493.342597184148,2520.1677313672517,2471.466973579269,2477.010009765625,811738
2025-10-24,2469.6851302398836,2481.2663708946784,2461.073450863935,2476.21826171875,327596
2025-10-27,2476.2184587966717,2504.3302111417024,2474.23875111988,2493.243896484375,550089
2025-10-28,2489.4822059889902,2502.944313788174,2466.715569512749,2483.840087890625,1103957
2025-10-29,2494.4316760614374,2524.9192226571176,2487.0077722636356,2512.94189453125,615292
2025-10-30,2509.774486670996,2512.941970721386,2487.7997790959557,2497.896240234375,736486
2025-10-31,2497.796963962423,2504.330095659989,2479.8807553117445,2485.324951171875,609128
2025-11-03,2470.873032398037,2489.7793368360453,2469.6852561586425,2486.710693359375,425210
2025-11-04,2484.5328786749587,2495.421269776721,2454.5402621255826,2461.46923828125,527087
2025-11-06,2534.124927247066,2604.305468247461,2534.124927247066,2576.490478515625,4448622
2025-11-07,2576.490234261984,2592.327894293041,2558.7719487676445,2587.27978515625,791663
2025-11-10,2587.2800390438674,2639.7422930448206,2584.6074819840737,2623.508544921875,1706880
2025-11-11,2623.5084476961592,2637.8613279758315,2606.6809328855093,2630.239501953125,776404
2025-11-12,2633.0112636282392,2809.8980998107063,2615.292976226382,2741.697265625,2859196
2025-11-13,2829.892812411752,2867.705419302586,2811.18467304877,2850.184814453125,5933630
2025-11-14,2836.0303621406333,2880.375621287305,2832.9617185403913,2876.9111328125,2494076
2025-11-17,2876.9109277310713,2897.2029302084065,2850.7788846207886,2858.5986328125,1230683
2025-11-18,2861.1764220981377,2890.918380747806,2837.48209185684,2881.00439453125,1819066
2025-11-19,2888.935498428825,2890.9182956137456,2862.365967742759,2868.81005859375,1387906
2025-11-20,2872.4783482680073,2881.10371014527,2827.964645752369,2835.201904296875,1062883
2025-11-21,2844.3226954020324,2870.693996016735,2829.550952496629,2851.857421875,857340
2025-11-24,2851.2623873259877,2871.5860587238258,2839.8613033711026,2854.434814453125,5404326
2025-11-25,2874.9567705789004,2883.4828955546254,2844.322649938532,2851.064208984375,972417
2025-11-26,2855.228177192067,2871.288787280634,2833.020943741294,2849.27978515625,570376
2025-11-27,2855.2280994648086,2889.4313527396475,2846.701974295966,2854.3359375,1158685
2025-11-28,2855.227954340334,2865.0427036171095,2831.236156743247,2849.676025390625,748446
2025-12-01,2852.947795413725,2862.663550417217,2823.5033044461416,2842.934814453125,499153
2025-12-02,2842.339893028985,2936.522763568836,2836.589732524731,2928.988037109375,2102147
2025-12-03,2943.462626521632,2943.66085784583,2907.3758120528328,2928.095947265625,1252456
2025-12-04,2924.6258944441,2960.0187763517797,2908.763516711522,2931.763916015625,1466098
2025-12-05,2929.5829155349925,2947.923789963892,2915.703334886096,2942.966796875,944978
2025-12-08,2944.453821755753,2948.91511542508,2889.728667820144,2903.112548828125,983544
2025-12-09,2884.9701320664567,2888.4400274143027,2764.515193562651,2771.95068359375,1839391
2025-12-10,2785.830133839031,2799.709714577019,2772.644483729807,2780.37744140625,845073
2025-12-11,2775.9160719797633,2787.416392522806,2739.4325551970373,2755.4931640625,777422
2025-12-12,2770.9592338675175,2772.9420311726108,2722.3806998927384,2741.01904296875,977696
2025-12-15,2749.2475920214038,2777.8989151364117,2734.9713067620355,2756.286376953125,1029674
2025-12-16,2768.9763210091114,2783.847300176722,2752.2217812965405,2766.894287109375,916244
2025-12-17,2775.916061967917,2782.360152826057,2748.156901348238,2761.739013671875,636499
2025-12-18,2756.088086314156,2769.7694352946414,2731.6005894949667,2735.962646484375,417994
2025-12-19,2742.6050408185665,2788.2093772598632,2735.9627184841656,2775.81689453125,3895542
2025-12-22,2761.8383889023835,2798.817606705464,2756.3856963642547,2783.450927734375,463953
2025-12-23,2773.9334147715076,2794.752786362001,2759.1616717450024,2783.649169921875,431068
2025-12-24,2783.6490084418188,2800.403547790722,2758.070876420582,2761.540771484375,512144
2025-12-26,2761.045313886708,2770.3643646289715,2719.406569476208,2722.87646484375,532078
2025-12-29,2722.8762650599865,2769.769467423096,2711.475181117445,2751.527587890625,815529
2025-12-30,2746.4717350000174,2768.3814999924343,2717.423706078166,2734.574951171875,4833527
2025-12-31,2731.3031868660014,2772.74369741969,2731.2039501881377,2745.678466796875,1274705
2026-01-01,2752.0234326268005,2758.764991896357,2722.479946307838,2728.3291015625,327945
2026-01-02,2732.0964076433634,2774.92478028137,2732.0964076433634,2748.751953125,508884
2026-01-05,2746.174205723587,2803.6753262766442,2745.182807093362,2791.382080078125,866733
2026-01-06,2795.7441325994646,2823.899756834903,2787.4164809356535,2821.322265625,875891
2026-01-07,2821.322161393437,2830.145512045567,2777.0066927411867,2785.235107421875,636748
2026-01-08,2770.9591147468823,2780.575632855042,2746.2733861759625,2762.5322265625,620031
2026-01-09,2765.902889951143,2832.1283656204937,2762.234763496008,2801.19677734375,1657381
2026-01-12,2801.6924515836354,2875.0559481926903,2783.847276732784,2871.48681640625,1743901
2026-01-13,2875.0559895993033,2889.4312695473,2846.1071983880256,2861.473876953125,1051986
2026-01-14,2859.193674606754,2859.193674606754,2783.153447410751,2789.696533203125,958254
2026-01-16,2763.9201248983854,2802.188208571498,2726.841913205698,2733.186767578125,1143463
2026-01-19,2733.186726726262,2762.3339910381023,2701.263739943396,2730.311767578125,1342048
2026-01-20,2716.432154439653,2716.531391115573,2646.340322074472,2652.586181640625,911151
2026-01-21,2647.0342883114345,2664.879463288815,2625.223518894636,2638.2109375,914318
2026-01-22,2642.374853390455,2706.4190605473364,2642.374853390455,2680.543701171875,1290346
2026-01-23,2680.5435726133815,2758.9630563425376,2667.6553908637447,2680.4443359375,1786635
2026-01-27,2696.5051440901416,2711.177892805429,2524.1010122974158,2600.240478515625,3818761
2026-01-28,2513.195467623375,2526.5793488119016,2429.917984672541,2490.195068359375,3430002
2026-01-29,2490.1950274985406,2493.2682179040366,2389.270602598885,2395.218994140625,3488159
2026-01-30,2396.2104772047783,2423.969638711495,2379.8523998883206,2407.413330078125,2048843
2026-02-02,2354.4725989007534,2408.603062968766,2351.597639580948,2381.339599609375,1183482
2026-02-03,2503.2815202051024,2503.2815202051024,2370.434104875406,2405.133056640625,2233860
2026-02-04,2409.098571916173,2442.6078926414953,2396.3096269309112,2431.603271484375,970973
2026-02-05,2423.969609356947,2434.6767627880085,2381.9344049720994,2411.1806640625,1047405
2026-02-06,2411.081385424528,2422.9781685762937,2365.576286685293,2380.447265625,1043982
2026-02-09,2383.3222888664236,2405.3312898812637,2376.184267191432,2396.60693359375,669839
2026-02-10,2398.1933923938204,2399.1847910678152,2366.3693981423053,2373.011962890625,1513620
2026-02-11,2378.3652334566027,2385.0075556462834,2355.8605337198996,2371.921142578125,3177710
2026-02-12,2377.3738747553025,2393.1370158909117,2356.5545038754603,2389.766357421875,607767
2026-02-13,2388.180096666005,2391.055297957956,2339.8000364723516,2346.045654296875,675635
2026-02-16,2339.700828939525,2384.413005156297,2336.5284016474056,2376.580810546875,683108
2026-02-17,2378.8609048949324,2431.305793229297,2378.8609048949324,2416.434814453125,1004356
2026-02-18,2419.0126162907773,2427.14203651116,2395.71474887978,2411.1806640625,551809
2026-02-19,2399.184707815805,2407.115896932551,2370.5333839478317,2380.14990234375,971600
2026-02-20,2357.7441514901498,2414.7495721840155,2355.6623596109553,2407.215087890625,790329
2026-02-23,2403.8442762441377,2425.5560520661024,2390.7578623742984,2408.80126953125,634365
2026-02-24,2392.245001597522,2420.4998638211146,2383.0249455164217,2392.34423828125,499660
2026-02-25,2395.219015892177,2407.0165624074957,2379.356638303487,2395.615478515625,526764
2026-02-26,2395.318382184249,2401.3657687427703,2361.5115913027257,2374.300537109375,588742
2026-02-27,2364.4858313259697,2376.977551402081,2338.7094658691667,2355.761474609375,2531619
2026-03-02,2280.2168323371657,2317.7907433233195,2263.8587550617035,2287.255859375,2528308
2026-03-04,2241.254922068388,2271.1951134569463,2197.236917991508,2265.544189453125,1610358
2026-03-05,2265.5440929266383,2293.105023152167,2234.315036191103,2268.121826171875,925040
2026-03-06,2242.2461232483765,2288.0486893030497,2234.314934596808,2259.89306640625,979742
2026-03-09,2181.077101186327,2210.8190616570496,2143.998887282437,2201.6982421875,2198153
2026-03-10,2232.233312704302,2285.2731408487366,2232.233312704302,2260.785400390625,1192174
2026-03-11,2270.3028787592407,2282.199662403394,2206.8533659904233,2212.8017578125,687786
2026-03-12,2189.0080695446873,2230.547573323493,2182.068279469138,2202.094482421875,1384055
2026-03-13,2185.736493312427,2200.6074726410466,2171.162981978515,2177.904541015625,949233
2026-03-16,2166.602530791707,2208.637979123367,2156.3913182449023,2198.624755859375,1111587
2026-03-17,2198.624813304225,2242.0481240756235,2198.1291139621785,2218.948486328125,875461
2026-03-18,2215.8750606338967,2250.871236838399,2209.430969870703,2242.642822265625,844912
2026-03-19,2200.9050648122998,2219.741639691324,2161.844053721548,2167.197509765625,889334
2026-03-20,2191.883035494523,2205.366153071308,2166.205908950689,2176.516357421875,875920
2026-03-23,2161.2490060531636,2161.2490060531636,2096.8080953222207,2103.053955078125,978398
2026-03-24,2165.2146480848346,2205.3662933446494,2134.7787579873834,2198.228271484375,1561016
2026-03-25,2205.9611632253836,2270.005368767247,2202.887730691226,2250.673095703125,1270855
2026-03-27,2226.978883613762,2249.483585042764,2182.167712081868,2188.413330078125,1089010
2026-03-30,2166.503380287283,2183.951850191729,2132.498360349631,2146.576171875,1513565
2026-04-01,2205.6636307072044,2227.276168370157,2179.4905627154985,2206.655029296875,1209900
2026-04-02,2166.206128976487,2166.305365661368,2123.972448135313,2150.34375,1854061
2026-04-06,2150.3435162351893,2174.3353134208273,2127.4421122612302,2165.511962890625,2048228
2026-04-07,2149.0548763211227,2179.7882354882618,2126.550174629453,2167.395751953125,1793007
2026-04-08,2264.850100281215,2316.7992900724025,2225.8880869174877,2262.76806640625,2914767
2026-04-09,2255.431824787587,2269.9063412266696,2232.629656888636,2250.078369140625,1980060
2026-04-10,2248.1946997294717,2356.4553853234625,2248.1946997294717,2340.394775390625,3018178
2026-04-13,2260.2896157134237,2342.1792384979185,2242.5436772411817,2332.166015625,1734562
2026-04-15,2379.8523513508994,2405.1330157789134,2360.520078553006,2402.258056640625,1182431
2026-04-16,2414.0555975912685,2425.5559181989383,2390.8569671041973,2419.31005859375,1496210
2026-04-17,2404.1416069129846,2464.7161582374533,2396.706117407068,2442.80615234375,1286575
2026-04-20,2448.7545957036955,2502.0918899615717,2435.3707143101733,2495.152099609375,1203157
2026-04-21,2494.656448384103,2559.7912906799447,2492.0787151016143,2521.7216796875,1681872
2026-04-22,2478.496591328449,2549.8772931587087,2478.496591328449,2540.85546875,1126584
2026-04-23,2508.238527355777,2519.837842888377,2488.41055480751,2499.71240234375,1378614
2026-04-24,2499.7124304630092,2517.061906637907,2449.4485678958704,2463.724853515625,436871
2026-04-27,2481.470673800435,2498.1262185409096,2454.20721254214,2463.82373046875,452134
2026-04-28,2453.711703700179,2477.5052717360595,2434.974365688199,2441.41845703125,556571
2026-04-29,2448.6554645929264,2456.586653908799,2417.6248800271264,2426.25,603585
2026-04-30,2405.8269334704287,2434.7757241733725,2364.9813595711516,2423.473876953125,823684
2026-05-04,2438.8405150757653,2485.4362484938797,2421.292808558354,2427.04296875,581159
2026-05-05,2409.0986328125,2433.7843614929498,2394.227653597608,2409.0986328125,327682
2026-05-06,2438.840730371055,2507.24723866195,2419.4092196054808,2497.333251953125,1395987
2026-05-07,2512.799090655162,2533.8166934225105,2489.699453926799,2508.83349609375,1053513
2026-05-08,2518.1524303726387,2584.972598834762,2493.7639281283514,2577.537109375,2327900
2026-05-11,2556.7177847784324,2585.468344538891,2533.0234547576356,2544.028076171875,1271257
2026-05-12,2524.2990937915256,2533.717380591815,2478.496526391938,2483.94921875,628802
2026-05-13,2532.0321540727255,2619.6716979847315,2532.0321540727255,2595.085205078125,3515018
2026-05-14,2597.464479177054,2642.7713493560886,2587.5504926153094,2599.6455078125,1040916
2026-05-15,2599.6455492931773,2617.2924940627995,2570.498525152845,2583.1884765625,796240
2026-05-18,2557.907795315493,2596.869569262112,2534.0149906453235,2591.51611328125,898479
2026-05-19,2606.3869513982067,2623.240727805118,2572.7786352618723,2578.330322265625,688639
2026-05-20,2539.963249067585,2591.5159769955762,2539.963249067585,2576.24853515625,586190
2026-05-21,2602.4213727320252,2625.5210089438397,2568.515588398281,2576.44677734375,1031843
2026-05-22,2583.684151755406,2641.7799681669367,2577.8347544208896,2617.09423828125,1556434
2026-05-25,2649.0172659355308,2661.013286747998,2630.378922392816,2634.939453125,815621
2026-05-26,2627.2063736290493,2641.383422468467,2613.227556107807,2624.232177734375,486267
2026-05-27,2622.0512104312984,2666.4659185712258,2619.275245789924,2648.91796875,858457
2026-05-29,2653.081899183728,2724.56159325931,2608.964661335609,2648.62060546875,5062328
2026-06-01,2709.095901351661,2754.8984680974218,2604.106644768003,2609.757568359375,2224344
2026-06-02,2603.511962617927,2649.1162982589444,2585.468314449159,2637.814208984375,1026319
2026-06-03,2629.288299864542,2652.982629371886,2602.1238332482144,2639.49951171875,958774
2026-06-04,2640.9868104093725,2675.5867690885616,2622.15023574918,2638.706787109375,1840743
2026-06-05,2643.0686735140903,2676.577994677205,2642.077274911872,2663.590576171875,1615011
2026-06-08,2620.5640072762417,2651.9912949616705,2607.477593967183,2636.3271484375,1262904
2026-06-09,2643.2668941356555,2695.6127885292044,2638.6073691322094,2684.806640625,1416560
2026-06-10,2687.7809874156337,2720.397906312803,2676.7763655410236,2691.74658203125,1395772
2026-06-11,2670.7285903296975,2683.4185408112085,2648.0256592178175,2667.75439453125,771558
2026-06-12,2702.255252386737,2729.320483944781,2686.0954059806704,2723.7685546875,1078025
2026-06-15,2796.041569265256,2808.3348153056413,2706.518225699372,2715.73828125,2752021
2026-06-16,2717.423619460817,2747.1655780831534,2711.4752277363496,2724.462646484375,962931
2026-06-17,2740.2258274031,2745.083583898793,2708.9967703976017,2714.449462890625,557209
2026-06-18,2721.3892363671166,2741.2172089453834,2704.7336909932365,2731.30322265625,600888
2026-06-19,2729.2212838160262,2729.2212838160262,2695.4147346165373,2709.393310546875,838991
2026-06-22,2719.1090391012117,2732.790388930441,2647.034405385191,2651.0,1033475
2026-06-23,2669.0,2695.39990234375,2650.10009765625,2661.199951171875,1182151
2026-06-24,2662.0,2687.60009765625,2653.60009765625,2667.5,1264476
2026-06-25,2690.0,2690.699951171875,2637.10009765625,2645.199951171875,2050810
2026-06-29,2631.300048828125,2687.800048828125,2630.0,2656.89990234375,4752587
2026-06-30,2658.0,2672.10009765625,2630.300048828125,2635.699951171875,1821479
2026-07-01,2648.0,2723.0,2624.0,2716.39990234375,1097512
2026-07-02,2720.0,2759.89990234375,2711.0,2744.5,1629567
2026-07-03,2744.0,2762.39990234375,2730.0,2737.800048828125,472124
2026-07-06,2724.0,2758.0,2722.0,2754.89990234375,504943
2026-07-07,2750.0,2751.800048828125,2726.39990234375,2731.39990234375,489066
2026-07-08,2676.60009765625,2713.10009765625,2653.300048828125,2665.89990234375,1481672
2026-07-09,2658.0,2722.800048828125,2656.0,2673.800048828125,918568
2026-07-10,2695.0,2728.199951171875,2672.89990234375,2677.800048828125,982095
2026-07-13,2650.5,2664.39990234375,2630.10009765625,2652.10009765625,1107802
2026-07-14,2604.0,2655.89990234375,2579.89990234375,2641.0,975301
2026-07-15,2644.89990234375,2684.0,2644.89990234375,2670.0,809114
2026-07-16,2688.0,2693.10009765625,2660.10009765625,2674.699951171875,455037
2026-07-17,2665.0,2700.0,2665.0,2689.0,452284
2026-07-20,2689.0,2708.5,2666.699951171875,2691.39990234375,571087
2026-07-21,2695.0,2720.0,2680.5,2692.39990234375,1000078
2026-07-22,2683.0,2700.0,2665.60009765625,2692.800048828125,528096
2026-07-23,2671.10009765625,2693.39990234375,2656.0,2668.800048828125,584245
2026-07-24,2620.10009765625,2657.10009765625,2620.10009765625,2637.89990234375,645563
2026-07-27,2665.800048828125,2723.89990234375,2664.300048828125,2710.199951171875,715239
2026-07-28,2712.0,2749.800048828125,2706.300048828125,2736.199951171875,1282146
2026-07-29,2746.199951171875,2864.0,2718.5,2758.39990234375,3803474
2026-07-30,2758.10009765625,2767.89990234375,2666.199951171875,2746.199951171875,2387024
2026-07-31,2773.89990234375,2774.89990234375,2732.39990234375,2747.300048828125,891738
2026-08-03,2770.89990234375,2810.0,2762.10009765625,2810.0,1040453
2026-08-04,2774.89990234375,2807.300048828125,2732.39990234375,2775.0,820097
2026-08-05,2787.0,2787.0,2748.699951171875,2760.0,688876
2026-08-06,2788.0,2788.0,2741.60009765625,2755.0,797083
2026-08-07,2755.0,2755.0,2695.0,2735.0,1067986
2026-08-10,2724.699951171875,2761.5,2713.5,2750.0,977656
2026-08-11,2742.10009765625,2747.60009765625,2720.0,2735.5,951134
2026-08-12,2733.199951171875,2748.39990234375,2698.199951171875,2740.0,648174
2026-08-13,2725.0,2755.5,2720.0,2755.5,579435
2026-08-14,2751.0,2751.0,2690.300048828125,2696.300048828125,667311
2026-08-17,2694.5,2714.60009765625,2687.5,2687.5,312900
2026-08-18,2663.10009765625,2670.10009765625,2610.10009765625,2628.39990234375,1017022
2026-08-19,2625.0,2634.89990234375,2601.0,2630.800048828125,742443
2026-08-20,2635.10009765625,2641.800048828125,2607.0,2625.199951171875,476939
2026-08-21,2620.199951171875,2644.0,2615.5,2640.0,330334
2026-08-24,2640.39990234375,2642.699951171875,2622.0,2640.800048828125,355289
2026-08-25,2631.0,2640.0,2605.199951171875,2639.800048828125,479480
2026-08-26,2660.89990234375,2678.699951171875,2626.5,2626.5,339110
2026-08-27,2637.89990234375,2655.89990234375,2627.89990234375,2631.0,525106
2026-08-28,2645.0,2645.0,2583.800048828125,2608.699951171875,482544
2026-08-31,2590.0,2653.60009765625,2561.10009765625,2653.60009765625,1381178
2026-09-01,2645.300048828125,2645.300048828125,2545.199951171875,2575.5,1046523
2026-09-02,2548.0,2548.0,2510.699951171875,2527.5,497889
2026-09-03,2530.0,2544.0,2515.10009765625,2541.60009765625,589499
2026-09-04,2540.0,2553.89990234375,2519.800048828125,2527.300048828125,399368
2026-09-07,2511.10009765625,2523.5,2489.699951171875,2500.89990234375,240336
2026-09-08,2499.0,2499.0,2474.10009765625,2481.60009765625,373248
2026-09-09,2459.10009765625,2489.0,2457.39990234375,2489.0,432840
2026-09-10,2485.10009765625,2498.10009765625,2468.60009765625,2498.10009765625,549332
2026-09-11,2453.199951171875,2472.5,2442.800048828125,2472.5,653006
2026-09-15,2472.5,2473.0,2402.800048828125,2402.800048828125,539643
2026-09-16,2405.10009765625,2444.5,2397.39990234375,2416.60009765625,591671
2026-09-17,2424.0,2454.0,2421.0,2454.0,486007
2026-09-18,2455.699951171875,2474.0,2438.0,2451.300048828125,1000730
2026-09-21,2450.0,2463.800048828125,2440.300048828125,2440.300048828125,268147
2026-09-22,2475.10009765625,2475.10009765625,2435.60009765625,2448.5,414715
2026-09-23,2469.0,2471.89990234375,2448.199951171875,2455.0,398823
2026-09-24,2430.0,2437.800048828125,2391.0,2392.699951171875,259577
2026-09-25,2401.89990234375,2451.0,2397.0,2444.0,426982
2026-09-28,2437.89990234375,2441.60009765625,2412.89990234375,2420.0,1097754
2026-09-29,2417.5,2425.300048828125,2381.0,2415.0,909789
2026-09-30,2410.0,2430.5,2390.0,2402.60009765625,553695
