Date,open,high,low,close,volume
2021-01-01,617.1949756020813,622.3693752913182,614.5082622312729,620.7274780273438,6047062
2021-01-04,624.7078148423172,629.8822148521482,618.2398300136616,621.6231079101562,14068156
2021-01-05,614.9561381873758,664.6103878785209,614.9561381873758,661.1773681640625,37973963
2021-01-06,658.7393546477957,663.8640128939285,645.952670924653,651.0275268554688,20829645
2021-01-07,655.7541770112363,673.1679829257987,655.7541770112363,667.7945556640625,17887570
2021-01-08,674.6606021657454,675.5063913112244,665.2073931383493,669.38671875,12272794
2021-01-11,672.6703904868069,673.3172132330102,656.8984832876961,663.6649780273438,7928365
2021-01-12,658.0428490930052,681.6261302727053,656.0029582223079,672.3719482421875,13301893
2021-01-13,672.6703644494612,687.7955090514433,665.7545845023725,684.4122314453125,15645903
2021-01-14,675.1580965843426,684.4122779499409,671.3270837788928,672.67041015625,9337503
2021-01-15,674.2625171311382,679.5862026223649,666.3019204200998,671.5260620117188,12339771
2021-01-18,671.1281026903783,671.6753815951413,647.9428757392607,653.7640380859375,13460603
2021-01-19,660.2817158348037,668.6403664793756,656.500444632557,665.4561157226562,9010539
2021-01-20,660.7294448587218,677.5959691898969,660.7294448587218,672.4215698242188,9980614
2021-01-21,677.3970692873901,691.5768830771004,666.4512481163856,672.5211791992188,15849438
2021-01-22,666.6999631042717,670.5807782280945,635.6536243172858,641.3255615234375,21392223
2021-01-25,650.7787522019099,664.7097958270273,636.2008858289572,655.1571044921875,21325345
2021-01-27,656.6994974807984,660.5305104148588,624.3098312465881,628.9866333007812,24462588
2021-01-28,618.9364569160693,671.3769052036151,612.9660087786152,667.3966064453125,64303975
2021-01-29,667.6950283557043,672.5211156677416,649.7836863133755,659.6349487304688,31273252
2021-02-01,661.7245488939502,713.4684233939282,651.1269810727396,705.8560791015625,30648270
2021-02-02,715.7074267400809,741.280856846279,700.7315657240568,710.6823120117188,28703320
2021-02-03,716.4537126352008,733.1709537831154,712.0256185143681,730.1857299804688,23541361
2021-02-04,726.404401751288,741.828056856966,717.0506769417749,740.2359619140625,20490289
2021-02-05,745.3108183206577,762.5255954353639,713.4684335592946,716.0556030273438,31121503
2021-02-08,722.4240785362375,744.1166902351861,722.4240785362375,732.5241088867188,15662890
2021-02-09,732.1261419122869,746.3059550583964,722.6231915647835,738.8428955078125,22307807
2021-02-10,737.8975395192961,742.7236876525258,722.5236251766606,731.1807861328125,15140744
2021-02-11,727.3994364742016,740.4846900287994,727.3994364742016,736.45458984375,11897710
2021-02-12,731.8773441476608,750.9827879840778,730.9320111619505,746.7039794921875,15668442
2021-02-15,756.157213789371,795.0646064047248,750.1867661818261,790.0892333984375,20648115
2021-02-16,795.064592371696,795.064592371696,763.2222056934804,771.2325439453125,23968943
2021-02-17,770.1877208330823,781.1335411549994,760.5354853113943,773.9192504882812,16956357
2021-02-18,771.1827635304808,778.1482852655948,760.2369436610159,773.1729125976562,19685663
2021-02-19,769.0931242966939,773.3719326052317,737.6984744604085,745.9576416015625,15634787
2021-02-22,745.9576345746954,746.1566008901021,711.4782783309971,715.9063720703125,18123202
2021-02-23,728.7428314003936,731.3300617030704,709.0901087951357,712.4236450195312,16804763
2021-02-24,718.4439140360494,751.1818950774907,713.5182822569001,745.708984375,11207286
2021-02-25,761.2319917980918,779.6408700311175,758.3960537695177,766.8541870117188,26635119
2021-02-26,742.3256346902681,754.9630939693011,715.1103692940289,721.2300415039062,31306177
2021-03-01,734.365014451815,739.8379244511171,718.6925903629043,724.9615478515625,14301187
2021-03-02,726.8522678810816,736.8527556590544,718.4438752003205,727.6483154296875,14503453
2021-03-03,736.8527456348268,757.0527479867544,731.479318469402,750.2365112304688,13603791
2021-03-04,727.4989614937278,747.7487645337839,727.4989614937278,733.1708984375,16896947
2021-03-05,728.3945389342072,740.4349161719587,716.9511821066889,727.1506958007812,16358252
2021-03-08,731.3798695820008,748.7936760006198,728.3946456245232,739.6389770507812,13898556
2021-03-09,754.9631199510635,754.9631199510635,736.3552125676498,741.7783813476562,18951683
2021-03-10,746.8034762239283,761.9286220665094,745.4601498276651,757.0029907226562,13377990
2021-03-12,768.7945948219173,772.7748931347089,741.330560757467,746.9029541015625,16343307
2021-03-15,750.2862737316799,750.2862737316799,713.1202604606689,740.7335815429688,22466579
2021-03-16,747.301010168031,748.296084748814,732.3251498741533,734.1162719726562,11358574
2021-03-17,735.3601230060857,738.3453467801294,721.1305684967176,724.3148193359375,12380976
2021-03-18,732.374875,739.4398800709973,703.7664814453125,715.2098388671875,12261544
2021-03-19,705.507876119433,725.7576194970312,700.0349659379706,722.6729125976562,20377672
2021-03-22,715.4585597118037,726.4043791232499,705.8063249929866,712.67236328125,14802230
2021-03-23,714.4636073645219,735.8577125989748,710.5827918886433,726.9517822265625,15949688
2021-03-24,719.6877603865606,721.4291410719065,699.8360084267088,702.9207763671875,14379147
2021-03-25,706.0054697027133,707.3985985174355,676.6507672978788,691.1788330078125,21179280
2021-03-26,703.5176910598359,703.5176910598359,689.735933145474,694.7610473632812,13143312
2021-03-30,701.5275423182072,709.7866487546221,687.5964989246542,691.925048828125,25965218
2021-03-31,692.5719002354157,700.0847010867527,688.6910851213183,694.0147705078125,14924620
2021-04-01,702.8211475005178,713.4684574079046,692.1240960121845,709.4881591796875,13090326
2021-04-05,703.716840802052,704.9606841784929,674.1133684427612,681.8749389648438,16239521
2021-04-06,686.7008956002276,690.0841732307143,672.1728320365502,674.56103515625,12062011
2021-04-07,677.1482791145455,688.492154079786,665.1079005027224,684.860107421875,14433515
2021-04-08,688.0941222408142,692.0744208510285,676.0039409184732,678.2428588867188,9026398
2021-04-09,675.9541164721239,683.4171754514301,663.7147118929676,664.9088134765625,12509114
2021-04-12,647.7935327314962,651.7738309356836,623.5634917073178,632.4693603515625,14649541
2021-04-13,632.4692867125375,661.5752139418257,626.8968941692866,657.7442016601562,12737650
2021-04-15,663.1674604958407,668.0432894567418,649.0871310116349,665.5556030273438,15195951
2021-04-16,665.3567127690886,671.924181399728,659.0876936626596,665.9039916992188,12242522
2021-04-19,646.7984441521044,652.0723270113618,627.8920280922736,644.9575805664062,17292072
2021-04-20,652.7689229118719,658.7393703775292,639.8329534029475,648.5398559570312,12296248
2021-04-22,637.8427361169577,657.6944839667229,631.2752689000474,655.45556640625,19385102
2021-04-23,652.7689635378227,674.163068287919,647.6941071699864,668.0433349609375,19167768
2021-04-26,690.5817568278206,700.3334755410189,681.1285483409845,697.0,21646184
2021-04-27,687.6959782545622,700.432980731086,680.7304565965698,696.1043701171875,46559967
2021-04-28,704.5127628674586,708.990598224667,684.7605578633619,704.6620483398438,54060587
2021-04-29,708.4931131407143,723.3197489314331,703.5177401551756,715.856689453125,25939327
2021-04-30,701.5275825280831,726.2551616751534,701.5275825280831,711.3788452148438,23011654
2021-05-03,702.522688836824,704.5128380969851,688.6911271848911,699.2886962890625,13752878
2021-05-04,700.5324981389223,715.1103649011089,694.6615338749111,696.9004516601562,11980155
2021-05-05,705.5078569997034,715.5083440951768,696.5521860363785,713.66748046875,11155033
2021-05-06,714.4635883401917,719.2896760288982,706.7517599145141,712.2246704101562,9484934
2021-05-07,717.4487936540809,723.3197581456187,710.4832713855947,713.2197265625,7131970
2021-05-10,719.9364155753015,721.4290273560381,710.4832076306361,711.72705078125,7980462
2021-05-11,701.328538811907,710.1847267032414,699.5374167480785,703.865966796875,12736700
2021-05-12,700.5324783761346,702.2738588266434,685.6561018091671,687.89501953125,10856584
2021-05-14,691.576844598255,695.1590888520009,678.0438543790666,681.6260986328125,9377968
2021-05-17,688.0940788626713,706.8014690044389,681.0290735687405,705.7566528320312,12099197
2021-05-18,716.4536229743644,722.4240698324842,705.0102664963017,708.144775390625,19519055
2021-05-19,700.5324673743328,720.1354477133897,698.741345371702,713.2694091796875,20244016
2021-05-20,705.1098094647235,710.8812905047893,701.0797696405289,702.4231567382812,18840413
2021-05-21,703.5177416141172,729.7877353260533,703.5177416141172,727.300048828125,15883692
2021-05-24,726.8025206781509,743.8182722443757,723.170474051639,737.4995727539062,15716900
2021-05-25,740.7335839020648,741.3306043903096,722.2749008024357,727.9468383789062,11344261
2021-05-26,734.3649884198429,737.7482660478377,725.906855084384,731.479248046875,9081086
2021-05-27,733.5689807287871,750.1369357786926,727.3995062850718,746.6541748046875,23040846
2021-05-28,748.8930719232045,755.9581375735169,734.8625452514837,736.2058715820312,17149692
2021-05-31,734.2654999171897,749.2911006158071,730.3846850624202,747.00244140625,9275086
2021-06-01,749.8384485516634,750.2862442661029,737.499560020368,741.4798583984375,6660243
2021-06-02,741.1315033270382,741.6290405957506,730.583737524148,733.3699340820312,9973043
2021-06-03,739.3404139478723,748.5448538254199,735.3601156224463,746.9527587890625,8170508
2021-06-04,747.3010102118427,756.1571982751436,736.4546729868591,738.3950805664062,10336011
2021-06-07,739.4399158428122,750.2365117647362,737.8478207661257,747.4005126953125,6986728
2021-06-08,747.3009488397228,747.4004319958239,735.8575920998335,742.673828125,6426815
2021-06-09,742.3255323210044,747.5496731315745,726.5536267390929,733.12109375,8004726
2021-06-10,735.8078828568541,741.6787862189472,729.2901567480969,740.584228515625,7795125
2021-06-11,742.5743744299521,742.5743744299521,733.3699349479058,734.8128051757812,4840759
2021-06-14,732.2754664246113,737.7483770533916,721.4291283392138,732.6237182617188,5190670
2021-06-15,732.3749023185555,748.2960958472198,728.3946039363894,747.2015380859375,9686490
2021-06-16,745.1117980257776,753.1221358680413,742.5743701140026,746.1068725585938,8614096
2021-06-17,738.2955723060371,741.7285916401513,732.3748666043809,734.9620361328125,6674329
2021-06-18,738.4946236108127,739.5394397725809,718.692615181167,732.6734008789062,8143792
2021-06-21,721.4290265232854,737.2507356746421,716.9511911862443,735.9073486328125,6464497
2021-06-22,739.5394476367027,745.3108681133709,733.4197146127195,735.7083740234375,6727233
2021-06-23,739.5394547355208,740.0867336185169,727.2005054038996,728.7428588867188,6154147
2021-06-24,732.2754070320821,739.2906706676254,727.4990004649159,735.5093994140625,5313822
2021-06-25,733.9172728439515,762.1774163076393,733.9172728439515,757.6000366210938,11170037
2021-06-28,760.7842101976609,765.8093243640636,754.017715625656,758.6448364257812,7672743
2021-06-29,757.2517506363054,759.7891786525036,746.3556719066559,748.246337890625,7500655
2021-06-30,748.7935829806935,756.7541792117174,742.8728773869635,744.6142578125,5459970
2021-07-01,746.3059401364058,750.6842926123525,740.8330299087388,742.7734375,5695690
2021-07-02,743.9177327282991,749.1418742804207,740.3354885292288,746.9527587890625,3557647
2021-07-05,753.3709271049108,758.2468167558146,749.6891998106507,756.6049194335938,4680089
2021-07-06,753.2714197710612,763.2221650784729,751.4802977626331,754.61474609375,5529485
2021-07-07,752.176933676491,760.2370138488757,748.5448869997601,759.1424560546875,3573368
2021-07-08,756.2566583253034,763.3714656546762,747.9975517036569,750.6842651367188,4188267
2021-07-09,748.2960048779125,749.1915961988375,736.6038798016951,743.6688842773438,5782119
2021-07-12,748.7935648970737,754.0674476258552,744.6142398298124,749.8881225585938,4475466
2021-07-13,755.2616690983062,769.1927143781169,751.2813704469318,766.9537963867188,9810976
2021-07-14,767.1527324974566,769.6404188595765,760.236952263857,766.2571411132812,5621924
2021-07-15,766.7049287532934,774.4167563948741,762.7246306157033,770.3369750976562,4239868
2021-07-16,772.1778941854706,772.1778941854706,762.7744270127226,767.351806640625,2913553
2021-07-19,748.5946060588813,762.8739629452388,745.9078925040845,751.4803466796875,5554486
2021-07-20,751.2812828194403,751.4803098757026,740.5344898611147,742.0768432617188,5815740
2021-07-22,746.4053747694469,754.7640250493022,737.3502209117112,743.0718994140625,7876163
2021-07-23,745.3108805464302,760.2369996494963,736.454692251464,751.6793823242188,6604465
2021-07-26,750.2861699079001,756.2566168832946,741.3304994448084,752.5748291015625,7890992
2021-07-27,746.8034589590925,752.2763690513976,725.5088390334017,728.0960693359375,15441543
2021-07-28,731.1807051685546,731.1807051685546,708.5925026527586,719.33935546875,11102486
2021-07-29,716.4536791456082,724.9118128577439,712.4733809281327,713.7172241210938,6855673
2021-07-30,714.5132820957455,715.1103632778413,703.6670057347865,705.4083862304688,10358450
2021-08-02,711.4783503149554,721.9763753650034,708.4931264674801,717.5980834960938,6823345
2021-08-03,720.4339720401791,737.2009538636004,715.757109522294,734.9620361328125,9265839
2021-08-04,736.8527392421487,753.2714700962952,735.0118755311032,750.0872192382812,9744349
2021-08-05,749.291163114401,751.2813122860196,739.8379545492127,745.609375,7246991
2021-08-06,743.3207833590897,753.9183529578238,735.1611588647329,737.2010498046875,6522599
2021-08-09,737.3501680223931,753.6694133088712,736.1063249589275,751.7787475585938,6064688
2021-08-10,751.7788223512661,760.2369560243114,751.2812850763811,757.7990112304688,8309248
2021-08-11,761.2319984192471,765.2122964501975,748.7935670725275,757.0526733398438,6429468
2021-08-12,755.2615872509816,759.6399395868286,749.6393917213746,753.6196899414062,3572081
2021-08-13,753.7690231853267,760.7345455117917,750.4852890926144,756.1572265625,4239376
2021-08-16,752.2763787217027,762.0280974100776,752.2763787217027,758.246826171875,3967629
2021-08-17,755.26156171604,756.256636237405,745.6093267118937,753.0226440429688,5576110
2021-08-18,760.0379294700239,760.0379294700239,746.8034500962372,750.6842651367188,5370460
2021-08-20,742.1265945309211,745.3108452690972,732.5739030509241,736.6039428710938,6092036
2021-08-23,745.8084508860587,745.8084508860587,730.7828479505479,732.4744262695312,3614761
2021-08-24,732.3748313529107,746.0073641377712,727.896996106867,742.673828125,4537435
2021-08-25,744.5147459207247,747.7487380147703,731.5787775445424,735.4097900390625,6726509
2021-08-26,730.4841655107701,746.3058743406019,728.7427851373087,742.673828125,6492155
2021-08-27,742.8231884021526,755.8586413596026,737.3502781058205,748.6941528320312,5841967
2021-08-30,752.2764018799809,785.6114011696361,750.2862526686582,780.188232421875,12517507
2021-08-31,781.0340646287001,785.1138461259089,774.5660798380558,782.6261596679688,12114870
2021-09-01,794.1689796573907,814.9660621927519,791.4823269410833,794.965087890625,19972195
2021-09-02,791.5818496108068,802.1296161477594,788.4971426239246,798.7463989257812,6799617
2021-09-03,800.5374423148936,805.9108689561261,783.8202027142664,794.0694580078125,7509746
2021-09-06,796.9053934338381,801.9305682742227,791.4324836536019,796.8556518554688,4539192
2021-09-07,794.0694518665517,795.4625804618831,778.1980014273261,783.9694213867188,6926921
2021-09-08,786.1088433388771,793.4226165115738,779.1433219422036,790.7857055664062,5903035
2021-09-09,785.113818686467,789.7906812108463,780.33747300106,786.2581787109375,4909325
2021-09-13,782.1285791331064,786.5566729303206,779.6408928127086,784.4669799804688,4814443
2021-09-14,787.1040266759888,797.0547729045096,786.1089520531368,790.4873046875,6301208
2021-09-15,792.0793327440107,793.5222029719203,783.1236618964025,787.5020141601562,4075592
2021-09-16,788.5965611410913,803.4729374382297,785.2132834619425,798.6467895507812,15446511
2021-09-17,804.866024909892,816.6576947598504,793.3231844317897,803.3734130859375,14641298
2021-09-20,796.0596987270544,804.5675746102928,787.6015644280794,791.9301147460938,6306484
2021-09-21,791.333011959008,795.0645414086732,768.496039580151,791.4324951171875,7833561
2021-09-22,788.5965635661411,792.8753718903196,782.1285791331064,784.4669799804688,4359142
2021-09-23,790.4374652656172,810.4882422687176,788.6463431754657,808.1498413085938,9043492
2021-09-24,808.5478442192924,812.9261966996926,791.1837805142169,794.1192626953125,5184626
2021-09-27,798.9454252896911,804.8163290231837,788.8951353304026,793.0247192382812,7715259
2021-09-28,798.0498086155004,801.6320527892883,774.1680188314954,785.3128662109375,7369680
2021-09-29,779.1433965214761,785.6113812946429,774.6655609092837,778.297607421875,14241004
2021-09-30,776.0586962665694,783.4719533671043,761.082775114268,762.7744140625,9178187
2021-10-01,759.6399728054583,767.8990798262836,750.2862472855387,764.3665771484375,6089895
2021-10-04,767.3019725821903,777.3025205455175,766.5059250772994,775.1630859375,5845527
2021-10-05,770.5857981573828,780.1384900684894,767.4015472755026,778.745361328125,3945224
2021-10-06,778.3970761931395,790.2882293569943,772.1778601800911,775.1133422851562,5092479
2021-10-07,786.1089477966001,786.2582332830336,770.2872370851078,773.2724609375,6622698
2021-10-08,778.0488301957745,781.133537067451,772.1778659418369,778.0985717773438,4295686
2021-10-11,778.1483516747662,789.0941724783754,775.1631278192364,783.2730102539062,4417455
2021-10-12,784.1187375129264,795.7611217777273,781.5813095828553,793.2236938476562,5098502
2021-10-13,796.0099035794473,800.5374806643906,789.2931503234067,790.6862182617188,4381414
2021-10-14,795.0645222390409,800.0398947186344,784.1187027839353,798.0994873046875,7157116
2021-10-18,815.9612016623956,815.9612016623956,798.0995997961713,809.294189453125,11014585
2021-10-19,815.9611318025856,822.9266536594369,794.5670289565421,797.7015380859375,10633732
2021-10-20,796.6566732112312,809.7916696287677,788.099056237815,800.8359985351562,9023067
2021-10-21,803.970513507126,809.49316524109,788.3975721438319,803.8212280273438,7405639
2021-10-22,808.000505798863,820.936474487761,802.826106176398,812.6773681640625,10646970
2021-10-25,826.0113813579374,862.6301743474236,821.3843210196172,840.9375,29193770
2021-10-26,844.2212805348909,847.4552728531174,819.4438997106648,837.7532958984375,16771909
2021-10-27,835.8626302083333,836.6586777092446,781.7803521785471,783.6212158203125,39606414
2021-10-28,783.6211929586667,785.1138047547785,750.9330189176313,754.61474609375,19320926
2021-10-29,758.2468284750885,758.2468284750885,710.4832487286262,738.3453369140625,21343427
2021-11-01,751.2812588680877,756.256631443373,736.3551411422316,748.644287109375,11694854
2021-11-02,748.7935997427617,757.599985226655,744.3655058432239,752.1270751953125,11812106
2021-11-03,755.7094005593336,758.8936513564736,744.8133217811597,746.9029541015625,10529505
2021-11-04,753.2714338207311,753.32117540129,747.6990406384587,749.2413940429688,793433
2021-11-08,757.2518353415219,757.2518353415219,737.8478789825735,747.350830078125,13872770
2021-11-09,746.3059414188649,750.2364981905775,739.6886711111378,741.3803100585938,12120207
2021-11-10,739.0419090790622,749.6394170066303,728.394598834439,745.6591186523438,10844883
2021-11-11,744.3157374610813,744.3157374610813,731.4792519196122,734.4147338867188,6195359
2021-11-12,739.1413748972548,739.1413748972548,729.8871935876308,732.4246215820312,9372897
2021-11-15,734.3650933677654,740.3355412813246,724.4143468451671,729.6384887695312,12849161
2021-11-16,729.6384304656491,729.6881720473799,717.7472771744337,722.5734252929688,8978763
2021-11-17,717.4487892444458,721.3296044925636,703.2689761421805,708.8413696289062,18083445
2021-11-18,711.4783301209263,712.473404708508,698.442877317419,702.8709106445312,13458109
2021-11-22,709.4881225981413,709.4881225981413,674.0634944873328,683.0191650390625,16741079
2021-11-23,677.6457672412182,689.2384100201408,674.0137208469207,682.2728881835938,16575348
2021-11-24,686.6014167032946,691.6762724459857,678.6905621465465,681.7753295898438,11463429
2021-11-25,682.6211389362629,683.6162134828172,673.2176723244186,676.5512084960938,9760486
2021-11-26,665.7049529648835,671.5759178005414,657.1970766994597,658.4906616210938,10252753
2021-11-29,661.7743696225257,662.1724237677913,646.15168580615,647.89306640625,12084376
2021-11-30,644.8083700034537,674.1133304475858,644.8083700034537,652.4207153320312,24699809
2021-12-01,661.6251372618452,678.0438684454405,656.749247343812,676.252685546875,16184200
2021-12-02,671.6753397196517,675.4566109667226,664.7595592600762,672.7698974609375,8612601
2021-12-03,675.7551727907907,683.9645386808628,667.6950923925345,669.6852416992188,9505985
2021-12-06,670.6802604510398,675.40686466045,657.8935765151851,659.8339233398438,8022785
2021-12-07,668.6900330922489,688.1437265211675,666.6998841842362,683.6161499023438,15123987
2021-12-08,691.5767497635555,698.0944753302495,684.2629767756935,693.6663818359375,11670826
2021-12-09,694.7113075958792,696.4526880238368,684.6112768199132,690.531982421875,7021395
2021-12-10,686.7009625765087,688.541887041733,680.3822631105389,684.6610717773438,5549743
2021-12-13,695.5570980418812,708.393583801702,689.6861340078017,700.532470703125,13634563
2021-12-14,697.5472967067461,710.4832665458156,694.1640187627144,707.3985595703125,8612512
2021-12-15,708.8911174270354,716.4536595394737,704.0649695296978,708.9906005859375,7692888
2021-12-16,715.4585856288853,718.3940676333783,701.5772838164398,706.1546630859375,7309187
2021-12-17,704.0153224018773,704.5128597321966,681.7256257097555,685.5069580078125,7844705
2021-12-20,677.5960935693564,678.4916243116585,656.8487507219114,671.028564453125,9934646
2021-12-21,679.6358639786325,679.6358639786325,659.2368373145594,662.5703125,10116104
2021-12-22,666.6999844072427,673.5162211480405,660.7295367856854,666.0531616210938,7489534
2021-12-23,673.6655428033318,681.1286027309906,669.2871900186238,675.4566650390625,6884683
2021-12-24,677.7950102625827,678.6407992816596,659.1871052321479,664.2122192382812,6028893
2021-12-27,659.7842614144414,671.2773619432496,652.7192554054359,668.8394775390625,6996729
2021-12-28,673.9639715091002,677.4964739672125,668.6900886118946,672.1231079101562,4645547
2021-12-29,671.1778081087458,676.2526642024117,663.9635173618393,667.197509765625,3969894
2021-12-30,664.7098139351612,669.7846699573204,661.2270529340038,665.5556030273438,5119705
2021-12-31,669.6354315129914,683.1186795375845,667.8940510480376,675.2078247070312,5586980
2022-01-03,676.8994894205433,695.0596006765887,675.6556461838279,692.920166015625,8550860
2022-01-04,697.5472230403468,707.5477095975148,696.6018901204195,705.6571044921875,9705906
2022-01-05,708.3937037085368,727.3001230214736,704.2641194068951,723.31982421875,11312955
2022-01-06,716.4040046217731,729.887253948627,715.4586715597312,726.7030029296875,7955578
2022-01-07,730.3847427141682,737.2507816193269,721.6778401273167,727.00146484375,10454143
2022-01-10,730.0364618061117,740.3354590188113,729.5886661154443,739.141357421875,9595787
2022-01-11,739.2409205584365,743.3704435732272,733.6684665391983,739.5891723632812,7252279
2022-01-12,745.9577052479186,747.7488273979735,739.4897202866678,743.1714477539062,5294563
2022-01-13,745.310803008233,745.310803008233,733.4196505463096,737.0516967773438,5196538
2022-01-14,731.1807150535212,732.3250749982307,712.5230685714744,718.145263671875,16302342
2022-01-17,715.45859158973,717.0506865539759,706.0053834950118,709.139892578125,19680557
2022-01-18,713.9659658312543,732.2753612348847,710.7319736515309,721.6280517578125,24055886
2022-01-19,721.6281775301018,728.3449316894186,715.1601920433523,726.0064697265625,7746270
2022-01-20,727.4492493645716,733.5192406582008,718.593122167438,725.3098754882812,8505400
2022-01-21,718.44380859375,721.677800806949,704.5625067932668,708.9906005859375,10689060
2022-01-24,711.4783783427924,712.871507153642,684.8103897350329,701.1295776367188,8812501
2022-01-25,710.4831978461617,751.2812526244427,705.1097712156989,748.4950561523438,38088158
2022-01-27,740.3354997390122,773.1729614209846,734.4645353263007,770.0384521484375,34927774
2022-01-28,774.267495457609,780.8350240334769,757.7492819569561,760.9335327148438,17765524
2022-01-31,771.6306350497489,773.9690361396753,758.5951209379626,769.242431640625,12319200
2022-02-01,774.2674961832904,789.9897229273715,765.3118250815118,778.048828125,15457534
2022-02-02,786.1088777349117,801.9305870362996,783.4719059398374,800.139404296875,13478899
2022-02-03,798.2488494025437,807.9010850864482,789.1438925970263,795.6118774414062,10802708
2022-02-04,793.0247871124884,800.537588882376,787.2533660517918,794.6168823242188,10776387
2022-02-07,798.5473630430881,799.6419208045363,780.237966188536,785.7108764648438,10939179
2022-02-08,790.08930462723,797.054827463994,772.3272456872975,794.6168823242188,12300670
2022-02-09,797.0547477433659,805.5128817706051,796.2089586344551,799.8906860351562,9399830
2022-02-10,803.5724835104245,811.9311344694868,799.1443893801419,805.8114013671875,12848281
2022-02-11,797.0049432796121,805.9108723172571,794.5669985760236,799.8408813476562,9717894
2022-02-14,786.1088470712358,799.0448154407625,766.1576156943712,769.5408325195312,8617389
2022-02-15,773.1729687056879,795.1640932000283,760.535509065136,793.0247192382812,7426563
2022-02-16,791.0842548591696,804.3187340199705,785.4123178661035,793.1241455078125,7457765
2022-02-17,793.074468661589,798.0498417397671,776.6557375036012,778.9443969726562,6516308
2022-02-18,777.3025125499324,786.6561769216155,775.1630779639219,783.521728515625,5466662
2022-02-21,779.6907162036588,792.8754550852171,772.2773980441019,784.964599609375,5635224
2022-02-22,762.3266061630229,783.1236890347601,762.3266061630229,775.3123779296875,6923558
2022-02-23,779.6409672564297,781.6311165027766,768.446377745728,773.3720092773438,6303173
2022-02-24,748.6941890803818,765.3616894261752,721.7276296921372,726.7030029296875,13085009
2022-02-25,738.6438593170217,761.0827792750747,733.7680302449122,754.3162841796875,10066136
2022-02-28,746.2064060601512,746.2064060601512,732.5738730035256,738.7433471679688,14463418
2022-03-02,725.1108429116514,752.7241619094854,721.4290548983672,746.5546875,11691602
2022-03-03,752.2763788285255,755.7093982597685,728.7926431483262,734.0167846679688,8357181
2022-03-04,719.4389292470225,728.8921378609184,706.5527011474894,711.4783325195312,11660648
2022-03-07,689.5867475031633,701.5276435638241,652.3709304869551,664.2620849609375,20147061
2022-03-08,661.7246559807805,670.4315593489487,633.8625652026424,667.0980834960938,24828458
2022-03-09,668.1926198249463,677.1482915724139,655.8536700123987,670.8793334960938,20438651
2022-03-10,704.4132655455486,716.8516968432556,684.8600272517423,691.5270385742188,23224756
2022-03-11,688.4921425464402,703.1694929500046,684.0640484133733,687.447265625,14224356
2022-03-14,691.2783629796216,708.8911962143927,681.62612684671,706.552734375,10720884
2022-03-15,709.4881361088745,714.463508732359,691.5767946643307,694.7113037109375,12157425
2022-03-16,707.4979846635094,722.4241024834147,705.6073187791766,720.28466796875,10038170
2022-03-17,733.3699080538499,743.0718844494063,732.8226292245959,735.6088256835938,13657428
2022-03-21,741.3304831202779,745.7088350996308,720.135408971261,722.3245849609375,7495685
2022-03-22,725.4093431853007,732.3748649991513,702.8708804509575,727.7975463867188,11117081
2022-03-23,732.4743944801721,739.2409504005844,721.0808388089187,723.1704711914062,5886245
2022-03-24,715.5580569129887,726.8521890590279,715.4585737556517,718.6925659179688,7559843
2022-03-25,719.7374004194394,723.0709365588954,711.9758311782388,717.697509765625,5430894
2022-03-28,722.424192511517,734.2656050847904,711.528112998217,732.3749389648438,7077669
2022-03-29,737.997027858883,737.997027858883,727.3994601308807,734.1659545898438,6174137
2022-03-30,743.3207644859574,762.0778973682609,737.6488268269082,746.7537841796875,16618114
2022-03-31,759.2419257423131,759.2419257423131,747.5995406842856,757.4010620117188,20449544
2022-04-01,756.256662705876,771.929086965899,751.4305754021575,770.7349853515625,9321859
2022-04-04,776.1581337579926,781.6310436755168,763.2221648620259,780.2379150390625,10959783
2022-04-05,772.1778538476467,792.0793449261943,772.1778538476467,779.2428588867188,7334134
2022-04-06,773.1729551862172,776.1084373689016,765.4113855436096,769.8892211914062,9954921
2022-04-07,765.7098862392803,791.0842879275216,765.4113760133839,788.1985473632812,9820244
2022-04-08,790.98486328125,796.7562841021714,785.1138985546439,790.98486328125,8104237
2022-04-11,785.5615612208255,790.337906583015,780.1881347292834,782.1782836914062,6340427
2022-04-12,776.257618829595,797.0547008612343,773.9689595508071,794.5172729492188,7672215
2022-04-13,801.8310603779145,801.8310603779145,786.954683706007,789.1438598632812,7640132
2022-04-18,776.1582117481811,797.7016017911595,772.1779132263955,794.9153442382812,11478317
2022-04-19,801.0349708958389,812.1798174204257,781.6807597626923,793.8704223632812,8711816
2022-04-20,796.9053772099106,798.4975328270091,784.7157147657318,790.7857055664062,6676491
2022-04-21,791.1837573525702,800.0399452190815,786.656180257254,797.8507690429688,6851615
2022-04-22,792.0792984788125,794.0694474699653,774.366984604458,776.755126953125,6255027
2022-04-25,768.1976356949411,784.9148777963175,757.5005831253549,776.8547973632812,8023525
2022-04-26,787.1039312941028,792.6763242129933,765.2122922442037,771.1827392578125,11087204
2022-04-27,761.8290535581646,769.1428879641549,745.3108402705469,762.1276245117188,11485697
2022-04-28,773.0734267486648,781.5813018343358,762.5753418682125,775.9591064453125,11037317
2022-04-29,761.2320293511592,763.0728929714643,721.4290474243013,725.0112915039062,34401710
2022-05-02,718.4438314588808,734.5640514584655,714.9610705030552,723.7674560546875,16136040
2022-05-04,729.3896471534548,731.5290817356436,700.5324851241912,703.7167358398438,14548684
2022-05-05,712.4733554398764,718.2447755018411,695.4576054627075,698.8905639648438,12726146
2022-05-06,686.6014658225797,689.0891522929513,664.8093080483108,670.083251953125,15511195
2022-05-09,656.9481477146562,665.7047905101875,645.6042749726913,660.430908203125,13999329
2022-05-10,660.4309838228929,668.7895735115682,654.3112511129181,656.5004272460938,9523698
2022-05-11,658.4408829357442,672.670437741052,652.2216666104756,669.0383911132812,9352398
2022-05-12,663.7147768489381,663.7147768489381,640.8280604058713,646.4502563476562,11166084
2022-05-13,653.1669751897613,656.1521989141487,630.2802599694585,632.8176879882812,9618627
2022-05-16,636.6984481651896,646.0024319646521,626.946729390633,635.8029174804688,6159695
2022-05-17,639.7334244043911,654.261487902794,637.992044018338,651.7240600585938,8152237
2022-05-18,651.525102506574,667.0980444853482,647.097008334231,656.2019653320312,13013873
2022-05-19,640.1314587318055,654.5102984151605,638.0418264286258,646.9974975585938,9216948
2022-05-20,656.5004467690176,672.4216398698957,654.759066273609,669.78466796875,9708672
2022-05-23,669.6851587185247,681.4270260261189,665.2570649129301,672.0235595703125,7919353
2022-05-24,666.4014928365708,678.0936197562417,657.9433584691494,660.779296875,8088546
2022-05-25,664.7098331766917,669.3369543631273,656.7989779553019,661.724609375,5169619
2022-05-26,669.6354485958421,681.874853743418,664.7098172938391,679.8847045898438,10114633
2022-05-27,685.6063543602096,690.3826999795286,680.8797503207161,684.9097900390625,5539060
2022-05-30,691.6763300900267,694.5620707235224,686.7009570905745,690.2335205078125,3818060
2022-05-31,685.6064056448789,692.5719279083247,679.6856995740432,681.8251342773438,10410424
2022-06-01,679.6359331377445,689.0393999964396,677.1482467060544,682.6708984375,6966674
2022-06-02,678.6408489407437,689.7359545625463,678.6408489407437,688.143798828125,6347433
2022-06-03,693.8654805144114,694.5620448552986,669.8344662627871,673.9639892578125,8475726
2022-06-06,673.6654446318437,680.6309662159248,666.9984332544603,668.8890991210938,6756864
2022-06-07,668.8890718342211,674.6604916215415,657.8437087607635,662.5703125,8312778
2022-06-08,666.699953347861,670.2324558791412,652.221630686989,655.3560791015625,9282494
2022-06-09,653.7142356598122,659.4856558842811,646.7984554127238,658.0427856445312,5682743
2022-06-10,652.2713401563007,660.4309632708366,648.9876064259892,657.4457397460938,6758832
2022-06-13,643.7634520984045,648.7885661154301,636.9471554155248,645.7536010742188,6135431
2022-06-14,641.8230603247755,652.4703697514875,639.9323944579144,647.5447387695312,5391833
2022-06-15,650.7788429348218,653.1172441469647,644.0123472347009,647.2960815429688,4638336
2022-06-16,654.2614866544602,654.958050954458,627.9417538657136,631.7728271484375,5960283
2022-06-17,626.8969504234458,637.6437431409419,623.5136727463965,632.0713500976562,6849201
2022-06-20,632.1211024758242,634.0117683984502,619.1353918564027,625.205322265625,5305222
2022-06-21,628.8870938788785,642.1713143687429,625.0560812875101,633.3649291992188,10333886
2022-06-22,629.434386106133,630.5290045373313,618.1900559871955,623.7127075195312,5899024
2022-06-23,624.3098361986519,637.6935411496282,615.2048792001374,626.2501831054688,8450777
2022-06-24,631.2255100959366,639.285650309898,628.5388574258127,630.8772583007812,6918584
2022-06-27,640.8279521291221,643.7136923564328,631.5737717996283,633.9619140625,4552114
2022-06-28,630.8772482098982,641.5245577635011,628.8870991619175,639.1860961914062,10711123
2022-06-29,633.2156650541649,634.6585352973302,620.4289813914728,622.4688720703125,13620084
2022-06-30,620.9265102391556,636.1511384875367,620.5782584454937,633.6634521484375,10563138
2022-07-01,629.8821809667942,643.4151703556812,628.6880793772972,640.7782592773438,6549359
2022-07-04,638.3900120955304,651.9230612861439,637.3451960521861,651.126953125,3933384
2022-07-05,652.8684512220995,656.6497834661233,642.818221587076,645.305908203125,5044787
2022-07-06,648.7886445204773,656.1522209146767,647.793569912317,654.7093505859375,6684686
2022-07-07,661.1871230460026,662.2335295503253,649.4273825421825,655.9052124023438,11171714
2022-07-08,664.7249238691006,674.4914847980351,659.1440492888441,666.8676147460938,12669533
2022-07-11,664.2765638766813,679.624062922121,663.080644590663,677.5311889648438,14864123
2022-07-12,674.6909360086746,682.9127974888394,670.7045789273825,673.8936767578125,6446810
2022-07-13,677.6806892816021,682.6636355263198,674.6411042377205,677.5810546875,9614674
2022-07-14,676.2854385335281,678.1291651362578,663.3297783253994,665.9707641601562,8026311
2022-07-15,667.7147283949422,671.9004149771412,656.851882363399,659.9413452148438,6015057
2022-07-18,665.7714388475823,685.6534066266436,661.1871526108129,682.1653442382812,12464664
2022-07-19,676.2854251871386,701.4493031717064,676.2854251871386,698.2103881835938,10171314
2022-07-20,703.8909589906716,712.0630028189298,700.3032621036211,703.2930297851562,11620331
2022-07-21,705.5353819558808,715.9995692329485,701.9476241075544,713.1094360351562,8036515
2022-07-22,714.5544666625684,732.493072520206,712.6609228245819,728.257568359375,9713490
2022-07-25,730.9981886231841,736.2800992931025,720.0357072668719,724.869140625,6230411
2022-07-26,720.4343711354031,720.9824830407537,699.6554494118315,704.0404663085938,14135744
2022-07-27,705.535321760373,718.0923210907121,701.2001223335591,716.497802734375,6106880
2022-07-28,722.5271177197354,731.1974552977669,720.5837567549567,723.424072265625,6964838
2022-07-29,731.3968923577526,732.4432989298249,720.5340449427604,722.278076171875,6624854
2022-08-01,723.5237570663771,729.8022568424667,717.9428818936258,728.307373046875,5493105
2022-08-02,724.5203731412562,731.8452796805994,718.6404723296756,727.9586181640625,7275626
2022-08-03,727.5100672497969,735.9810748821575,725.0185944167496,728.0083618164062,9458761
2022-08-04,732.6923823476906,734.1872661279863,709.7708310498222,719.1387329101562,7466635
2022-08-05,721.5306072248198,728.7060618930041,718.7401695280204,726.0152587890625,4583196
2022-08-08,727.5101298876939,744.8009285069729,725.6165860407563,743.007080078125,8191870
2022-08-10,742.459027983339,745.2992831555691,733.6392370152699,736.4794921875,9069541
2022-08-11,740.5156209586502,758.0556280395675,740.5156209586502,756.26171875,12384073
2022-08-12,756.1123277448064,759.4010603288651,750.8304165247139,757.9559936523438,4614341
2022-08-16,762.3908351563127,769.3669604453247,755.8631872298486,762.0420532226562,7051498
2022-08-17,768.768988905421,771.1109493642969,763.6365298228012,769.466552734375,7674390
2022-08-18,769.3669204207018,773.3532775213273,759.5006622658611,762.4406127929688,9449924
2022-08-19,769.3669264387377,770.0147338034493,747.6911095345374,754.9163818359375,7553270
2022-08-22,750.8303565131084,751.8767630479931,736.6787771629648,739.3197021484375,4994311
2022-08-23,735.4828329888387,748.2889799370538,731.2971461641571,744.501953125,6594634
2022-08-24,742.4590324461465,749.4849748830924,739.4692645302559,747.5914916992188,6875820
2022-08-25,751.3286401681897,756.0125608585573,737.4760256263093,740.8145751953125,6320890
2022-08-26,745.4487161313889,752.4248404802121,738.771556374977,742.3593139648438,4613713
2022-08-29,727.5101534707075,732.3934651330155,719.58725675724,726.214599609375,5904146
2022-08-30,730.4999273100934,750.9798244301302,730.4999273100934,748.9368286132812,9193270
2022-09-01,730.9982382932499,752.3252732572747,730.9982382932499,741.6119384765625,9353805
2022-09-02,746.4453161376152,751.9763740717708,737.72516057526,747.6412353515625,7767812
2022-09-05,747.6412780027727,756.2119213422034,746.7941406322013,753.5211181640625,5894055
2022-09-06,755.4146080729167,758.9524875416358,746.2459753346046,747.44189453125,7606181
2022-09-07,740.6153289926856,755.4146550948194,736.5292765520527,752.8235473632812,10156460
2022-09-08,759.1519075413858,779.5321711137026,754.517742915131,777.0905151367188,13410790
2022-09-09,785.2624977843975,785.2624977843975,777.3396012219318,782.1730346679688,8732302
2022-09-12,786.3089341295793,802.2543624515986,784.1164255699052,798.2680053710938,15521649
2022-09-13,802.254317296896,806.1908568577237,800.4106515817256,802.8024291992188,9887516
2022-09-14,791.6905741001933,808.582714283761,791.6905741001933,800.31103515625,10494713
2022-09-15,802.7526138112515,803.7492030276528,784.9635206292796,787.3054809570312,5996899
2022-09-16,783.3689341975145,789.8965813396402,773.4528594199302,786.6078491210938,11467351
2022-09-19,786.6078349170996,799.2645297860902,784.0167273558158,795.3778076171875,11427799
2022-09-20,804.0482477149765,813.4162116130428,799.2646311651704,809.9779663085938,8274079
2022-09-21,806.4898142497095,813.2167913843225,800.6099136086641,803.7990112304688,6567084
2022-09-22,802.254337560139,806.0413645037225,781.6249281431966,786.5082397460938,7804275
2022-09-23,786.3089617813182,786.3089617813182,761.643376478292,765.978515625,10278805
2022-09-26,756.4112263924375,760.8958779323136,738.472620232933,740.067138671875,11090327
2022-09-27,743.8044102395187,751.5778555510004,728.0084939420021,734.984619140625,11358306
2022-09-28,731.3968414383884,731.3968414383884,705.2861921177687,714.00634765625,13170668
2022-09-29,719.7865835091667,728.3074094040037,708.5749544825442,716.5476684570312,12090981
2022-09-30,717.5442290519848,735.2336874765301,711.9633538234826,730.69921875,9536017
2022-10-03,728.5067120515447,739.4691933546459,718.5906372528893,720.2848510742188,6405645
2022-10-04,730.8985770794079,741.9606933751628,729.503327804727,740.2664794921875,5438934
2022-10-06,747.4418945455374,757.806446480693,743.4555377746278,752.5244750976562,9376433
2022-10-07,751.2290145617336,754.9164071979324,739.7682374227551,753.12255859375,7500540
2022-10-10,745.4487424879654,776.0440439506614,742.4589748041901,774.2003173828125,14106654
2022-10-11,777.3396083789139,792.786741622341,771.858367550601,782.8706665039062,15953495
2022-10-12,786.8071863065097,808.03452444932,780.7778337130018,805.9417114257812,21228018
2022-10-13,804.2475337078446,812.1704304989873,792.8863918005101,799.2645874023438,13024911
2022-10-14,812.7683085908579,817.900767293416,791.7403008353796,797.7696533203125,8220645
2022-10-17,800.7594087772773,814.2133627517555,794.3812136734007,811.3731079101562,9463827
2022-10-18,817.2031878991659,820.0933210652114,808.7819965413942,813.5656127929688,8470882
2022-10-19,815.6584507568261,835.5902349486871,814.1137496473525,827.01953125,10868663
2022-10-20,822.086492004441,829.0626167149702,814.1635953463724,823.033203125,11813817
2022-10-21,857.1663843034996,902.9098549269484,852.9308800171425,897.3289794921875,58057724
2022-10-24,912.8757307591613,915.3173865275703,901.9132492762457,906.3480834960938,3085307
2022-10-25,902.6108846710398,907.4941354391532,888.5589399245156,899.7705688476562,13187308
2022-10-27,905.8996382375723,916.8123028107809,898.1760714649197,912.0286865234375,11967044
2022-10-28,911.8791633658477,914.8191138175054,895.8341007783994,899.9699096679688,7320207
2022-10-31,904.9030295534112,914.8689219493739,899.0231287090013,902.9098510742188,9038777
2022-11-01,900.9166754418196,900.9166754418196,866.0360519457314,868.7766723632812,29191921
2022-11-02,872.0155730650307,874.0087515177507,858.6612531010146,860.6046142578125,11029140
2022-11-03,854.973978653849,877.3972377426342,853.0804346666695,861.1029663085938,10185978
2022-11-04,866.0360537722484,869.9227761579447,859.3588936663758,865.1390991210938,7323879
2022-11-07,873.2612662982114,873.8093781801359,858.3622459374857,869.9725341796875,9931261
2022-11-09,872.065402882393,877.7459737196048,865.5377555214042,870.7200317382812,10190209
2022-11-10,840.8223876953125,853.7780483352187,838.1315844739355,840.8223876953125,18956575
2022-11-11,844.1110696333851,851.784818795448,841.2708146861895,847.7984619140625,19329819
2022-11-14,847.599178506961,850.9876063732315,844.4598979594757,848.0974731445312,6985306
2022-11-15,848.3465898113479,856.9172329370936,844.3104155582582,855.7213745117188,7124767
2022-11-16,855.0735294516383,858.6612262234416,847.6987450766258,852.482421875,6521854
2022-11-17,852.4824505087997,858.4619858806352,849.7916474260779,855.2728881835938,4909607
2022-11-18,856.3691048060786,862.8469347377841,852.083783324346,856.2694702148438,7065304
2022-11-21,857.0667487717732,867.9794131453679,856.0701595290153,867.0824584960938,7209207
2022-11-22,871.9657701163994,874.008765898657,865.3882446180094,867.0824584960938,5535233
2022-11-23,870.9193545489853,874.806016059264,865.7868956711931,871.7166137695312,5861417
2022-11-24,875.0053548789186,877.7957925924075,870.1220432600779,875.553466796875,4928778
2022-11-25,879.9882472861958,888.7582199182167,877.8954343357848,884.7220458984375,7614047
2022-11-28,884.6723342043173,896.432075784622,882.2804955523642,888.65869140625,7928147
2022-11-29,891.3494639431874,898.8238834390427,886.964446841493,889.5057373046875,5661158
2022-11-30,891.947403440859,902.0129308137005,882.4299880052944,898.1760864257812,10452798
2022-12-01,906.3978429404705,906.3978429404705,896.4319513193548,900.76708984375,7053100
2022-12-02,895.2361321565979,903.9064710008336,888.3597026661215,902.0628051757812,7988851
2022-12-05,903.9064405460773,904.205405152637,894.5384773606733,896.133056640625,5098164
2022-12-06,894.438815942964,903.8067788474197,892.6449675304239,901.564453125,5351099
2022-12-07,899.7207762220891,914.8689452145676,896.780825725121,911.5303955078125,9103656
2022-12-08,912.5270008309415,940.7304653596467,910.633456863442,936.1461181640625,17466047
2022-12-09,940.7802378141974,941.7768270491702,924.4361500298539,930.515380859375,8018981
2022-12-12,926.7283912065303,937.9400205509244,918.8553116027852,935.4485473632812,7621788
2022-12-13,936.9932176587412,946.0621554317456,933.4054598907215,941.378173828125,8136559
2022-12-14,942.424645030725,946.9092966387719,935.2990075893691,939.1857299804688,8573479
2022-12-15,936.544774863132,941.7270512789019,929.4191371880759,934.9502563476562,7359261
2022-12-16,929.070328463923,941.9761714189226,925.9310479951191,931.9105834960938,6926928
2022-12-19,931.9106009402516,944.8662614348763,929.2198585760303,942.9727783203125,4842336
2022-12-20,940.5310847439807,949.5003878037909,937.2423524541128,946.5106201171875,9511818
2022-12-21,949.8492231848704,955.6294896993481,924.8348564626333,929.1201782226562,8368960
2022-12-22,932.8075406279887,932.8075406279887,909.8361705161678,916.4136352539062,9202717
2022-12-23,908.8894189164826,914.1215126109031,900.9167047154608,903.5078125,6371695
2022-12-26,904.9030605709675,929.7679751165904,902.0129273462807,925.532470703125,4764440
2022-12-27,929.269655124141,934.601383262467,919.4532145492958,929.0205078125,3346083
2022-12-28,927.7747642872207,934.2525943412428,918.1576537993037,921.5460815429688,5956496
2022-12-29,919.6525638996395,940.7802685364043,912.6764390270179,931.3624877929688,12204113
2022-12-30,938.039604707894,940.2819304561998,927.1767578630881,930.565185546875,3704449
2023-01-02,929.0703424360158,941.7768555666773,928.621865101302,938.388427734375,3498198
2023-01-03,941.5277530309381,962.306615866797,939.3850616781634,959.0178833007812,6927819
2023-01-04,960.213739989154,966.6915700980585,951.742731385202,954.1843872070312,9059392
2023-01-05,956.7257104918442,958.6192544579857,935.0498936135134,946.3113403320312,6998980
2023-01-06,943.3215570212211,947.7065741198771,931.1133385197832,936.6942749023438,5787783
2023-01-09,943.5706660298861,956.7256559647979,938.1392425884401,955.4799194335938,7025747
2023-01-10,960.7120239414986,960.7120239414986,939.5345026668546,948.9024658203125,7140150
2023-01-11,949.7495351110077,952.4901554903943,939.5843128111604,946.5106201171875,7100355
2023-01-12,946.1119894438225,946.4608321809351,920.8484760391259,932.3590698242188,8661375
2023-01-13,932.3092383369376,934.2525995293321,919.8518727792554,930.9638671875,9083608
2023-01-16,937.2423975527856,938.537951447258,908.5904558441489,910.0355224609375,10008273
2023-01-17,911.829325913297,916.5631247441648,903.6074647860002,914.5699462890625,6904960
2023-01-18,918.7555757556836,922.4429070054517,910.13505514566,920.848388671875,5730939
2023-01-19,920.4498289107772,934.8007387836647,917.6095738113638,925.532470703125,7721730
2023-01-20,928.0737843424014,931.6614814866497,921.4963193022849,927.3761596679688,4511360
2023-01-23,932.8075924147312,936.494985020229,921.2969980711642,929.5188598632812,5236124
2023-01-24,931.8109205049624,931.8109205049624,900.667507386481,907.0955200195312,18527897
2023-01-25,901.913212977989,904.3548686481314,881.1841700826748,889.3063354492188,11921748
2023-01-27,889.3063717030234,889.4558844177508,848.0974315288581,870.7698364257812,17300736
2023-01-30,848.9943755841525,882.4797488377172,843.2639876046868,868.8762817382812,21233998
2023-01-31,870.0224465966877,876.3009469325044,858.163009763603,868.627197265625,16856151
2023-02-01,873.31118575127,892.1467477297011,830.4578461296602,854.326171875,12409819
2023-02-02,848.0476037945589,869.0257945832661,834.1949893895618,865.4879150390625,9567053
2023-02-03,870.0224280347356,881.9814992104708,856.3193256458724,879.5896606445312,7365732
2023-02-06,868.8763137991926,896.083249001981,867.6305772359507,879.6395263671875,10129098
2023-02-07,883.8251289861092,885.3698909449143,868.5275087282845,876.1015625,5055187
2023-02-08,879.0913466949038,883.4265463970343,865.2886100136724,868.7766723632812,6572818
2023-02-09,873.1617312210834,873.1617312210834,859.6080803738031,864.7405395507812,5993312
2023-02-10,869.0756082290804,869.7234155462331,862.1991791777392,864.2919921875,4603464
2023-02-13,864.291964903683,867.4810624397231,853.5786312366728,856.1697387695312,5707194
2023-02-14,859.6080463082112,868.9261923015049,851.3363676900806,867.7800903320312,7527755
2023-02-15,869.0257710635434,869.2251010663387,858.6612191879582,865.33837890625,7322266
2023-02-16,869.8230682498253,871.3179520956351,859.3090640330253,861.800537109375,5843235
2023-02-17,858.0633006446494,865.2885723399731,847.1008194517445,851.984130859375,8420479
2023-02-20,856.767781292412,858.2626651515379,839.6264342090392,843.8619384765625,5992322
2023-02-21,846.10427152094,846.10427152094,834.5438605753566,841.171142578125,9677064
2023-02-22,837.1349722556811,840.1247400137371,826.7206023997231,830.5076293945312,6984037
2023-02-23,830.2086466297461,845.3568151047107,827.3683916524938,841.4700927734375,8437003
2023-02-24,847.2004790909477,851.6851306206476,841.5697864442899,848.49609375,7763814
2023-02-27,848.944501075937,855.5220264113381,843.0646611855541,851.4359741210938,8064267
2023-02-28,853.0305661731592,854.6749019114627,837.1349557410143,841.220947265625,13012372
2023-03-01,843.1642677855706,865.7868544499753,842.1676786005922,862.1991577148438,12345125
2023-03-02,863.0462409614079,863.8435001502493,840.6229841234959,842.5663452148438,13900508
2023-03-03,846.8517490528509,855.6715399372595,842.7158791691664,849.7418823242188,7977804
2023-03-06,854.0271301066211,860.8039245250408,852.6816981857065,856.5684204101562,10781567
2023-03-08,855.5718330502939,859.5581898728927,850.1404097141072,858.0134887695312,8785735
2023-03-09,859.5582380054627,871.2681618275661,859.059943374735,864.8401489257812,14746065
2023-03-10,856.6680115466182,858.6611898525219,842.616128820787,848.9943237304688,11198583
2023-03-13,842.7158550763185,854.0769969866298,825.624385740161,829.5110473632812,8315798
2023-03-14,825.175844133421,832.8495930135837,814.6120231166099,830.00927734375,12573734
2023-03-15,835.19156766045,840.622990970826,816.5553374379656,821.2393188476562,6652641
2023-03-16,818.6980428258025,835.0421303365613,811.5225882887138,827.7171630859375,8791383
2023-03-17,832.1520456835085,838.6298759792484,820.1929743682964,834.5438842773438,7762461
2023-03-20,833.1485971970394,838.1315433525241,822.7342275666805,834.6932983398438,10744023
2023-03-21,837.2346888018227,854.4258550933804,835.8893175097998,852.6818237304688,11489951
2023-03-22,852.6817939960018,856.867481286425,844.1609675140237,846.7521362304688,8018924
2023-03-23,844.1110588183182,858.2128204363339,842.2175149931294,845.9049072265625,9857892
2023-03-24,843.3636567920377,849.5923396339286,834.3943534997146,837.0353393554688,8078718
2023-03-27,838.1813788056045,839.327480776985,826.3718204920756,830.5076293945312,10602508
2023-03-28,834.5438466338419,834.5438466338419,823.2325223622307,829.6107177734375,11002402
2023-03-29,829.6605471665011,845.5561578031353,827.169074051887,839.72607421875,17121194
2023-03-31,851.9841415470137,857.9636768181534,844.6093570484835,855.5718383789062,12946752
2023-04-03,861.0530717852805,863.8435093895595,853.5288354645894,861.6510009765625,13266882
2023-04-05,868.0292507705822,868.0292507705822,854.0770010452227,857.5650634765625,11890015
2023-04-06,858.8606923204985,860.3057590478645,846.1043607664488,849.0443115234375,19677316
2023-04-10,851.8845021846186,852.0340149070264,841.0715328552598,844.4598999023438,15656078
2023-04-11,845.3568845733122,852.7814871189875,841.1711972942013,850.3896484375,23930907
2023-04-12,851.9841829804615,853.7282141860258,843.7623215828012,848.1472778320312,13480335
2023-04-13,850.7383996311652,864.740465803461,842.1178786725427,861.40185546875,23934570
2023-04-17,878.9917525763007,878.9917525763007,858.0633775149602,861.6012573242188,22577380
2023-04-18,862.3984518651789,869.0257944680026,854.1765908510034,860.4052734375,17238709
2023-04-19,862.0497074519493,871.5173053950632,859.6080516064868,870.4210815429688,23494247
2023-04-20,871.8162791734077,872.61353842213,861.2026399691414,865.7869262695312,19444753
2023-04-21,867.8299061208056,870.8694911657597,854.5752812705765,861.25244140625,15520786
2023-04-24,865.0394358505833,881.3835232550492,857.5650167620126,879.2906494140625,18201632
2023-04-25,881.9814686878904,892.7446202081773,871.4176471790306,875.3541259765625,36394389
2023-04-26,874.4074574520372,886.4163460948365,872.214948873526,884.6224975585938,19468723
2023-04-27,884.9712636188237,886.9644421404878,874.5070763800876,878.393798828125,15992383
2023-04-28,882.0810759982311,887.0142047003216,850.7383943408122,857.0667114257812,23004117
2023-05-02,867.0326735942426,873.4108693169933,861.3022852342807,867.6804809570312,12947953
2023-05-03,860.9035933004291,863.8933610296572,851.1370308836802,856.917236328125,15103015
2023-05-04,857.066741849028,864.1923792079833,854.5752687622576,862.9964599609375,9756391
2023-05-05,864.1923593505327,881.9814524505231,859.807342487784,862.3486328125,14343308
2023-05-08,862.3486841752388,878.3938079372135,862.3486841752388,875.453857421875,7007882
2023-05-09,879.1910451750226,887.1637591447313,876.9985366679567,885.2203979492188,12117151
2023-05-10,888.9575590656924,889.4558536615812,874.5568330791094,886.86474609375,11893027
2023-05-11,887.9610360069609,896.9303394009706,885.9678574749587,892.8941650390625,13816121
2023-05-12,892.1466905835556,910.4838959136572,890.9507713425321,907.5440063476562,10533272
2023-05-15,907.5440543286596,916.3638451469153,906.0491704050921,912.6764526367188,7339579
2023-05-16,913.075159132243,919.3536597652427,908.8894717679148,914.669677734375,12567615
2023-05-17,914.5699426495011,915.7658618831991,908.141929991981,911.6798095703125,10248327
2023-05-18,916.8621110610288,926.3297089469851,909.4873262717023,911.5802001953125,13614127
2023-05-19,917.7590348551536,923.838204751964,905.8497815389638,920.8982543945312,8393002
2023-05-22,919.8518948703927,924.5856938959987,911.2812514916671,914.4204711914062,9383158
2023-05-23,914.4204570128335,919.3535859810547,909.2880588555776,913.0252685546875,8273445
2023-05-24,908.0422990139986,917.7091658596611,907.0955270824292,914.5699462890625,6248545
2023-05-25,913.5733694330196,920.3999814033983,909.3378651585706,917.9085083007812,8149350
2023-05-26,914.8689054147029,924.7351630391825,911.879137749949,923.7883911132812,4908462
2023-05-29,927.8245202474517,934.5016798732743,924.884570021122,926.6286010742188,7133871
2023-05-30,927.6252815270212,936.4949503720625,924.8846610310455,934.2526245117188,7804403
2023-05-31,934.152934014655,936.6942853313651,907.0955716533429,911.7296752929688,34757004
2023-06-01,918.8553145613342,927.7748007672122,912.9255961902546,916.5631713867188,11817533
2023-06-02,919.5030999135525,927.3263012298903,917.1112613721726,922.9412841796875,11616991
2023-06-05,924.4361127448595,950.6464572290907,924.4361127448595,947.6068115234375,14520005
2023-06-06,947.8559327842277,967.4389342544459,947.8559327842277,964.8976440429688,14457988
2023-06-07,969.6315520034975,977.9032308609246,964.7980574999955,973.4185791015625,15795824
2023-06-08,969.7310840358085,971.5249323844282,956.6259728879411,958.8184204101562,10209982
2023-06-09,963.7017874550165,978.3516613325,960.0143951307958,971.4253540039062,12947464
2023-06-12,969.6813390368814,974.5646506865643,965.296322011575,970.8772583007812,7465375
2023-06-13,970.9768941207329,986.3243929017011,970.9768941207329,982.4874877929688,15233785
2023-06-14,982.6370353482635,984.8295439414147,972.6711424948328,974.3653564453125,8644423
2023-06-15,984.9789505278337,985.6267578642999,968.8840708061163,973.8171997070312,15978311
2023-06-16,979.447884977415,982.0888707728268,973.8670096093874,978.2021484375,8860900
2023-06-19,980.4943212217917,982.6370124661768,957.7222809127747,962.3564453125,11025846
2023-06-20,962.6554164174278,973.6677156728969,955.2806314970962,971.5250244140625,7596593
2023-06-21,974.9632356100433,974.9632356100433,959.864945208758,962.7052001953125,7805855
2023-06-22,958.9182053403447,970.1298345995613,955.4301429041441,963.3031616210938,10135883
2023-06-23,956.7256830250307,962.2069239173616,951.2942594299611,955.1311645507812,6188008
2023-06-26,956.2273971509471,960.2137542000391,949.8492015416074,957.2738037109375,5799528
2023-06-27,963.7017981869501,972.6711013758669,957.5229327136336,969.9304809570312,6921886
2023-06-28,975.6609067208492,980.6438531290252,963.7018353412269,974.8636474609375,10010996
2023-06-30,973.767356787256,986.4738700502332,972.6711329149684,984.0820922851562,7096350
2023-07-03,986.6232617471704,986.6232617471704,974.6641919078107,978.7501831054688,5562743
2023-07-04,978.7502406757175,981.4908610084411,965.6949463306252,967.38916015625,7396806
2023-07-05,965.6949642870135,972.1727942848107,958.8184742662522,963.2034912109375,8200047
2023-07-06,957.7222801183558,982.7366462464298,957.7222801183558,977.604248046875,10221727
2023-07-07,973.913125545509,987.0815405475973,969.4737654458773,974.362060546875,6236524
2023-07-10,974.3619913680536,983.6397168850006,958.1010224249453,961.7422485351562,7138850
2023-07-11,965.583097735668,969.4238573789243,948.324461185316,950.9182739257812,10616390
2023-07-12,954.4099263045584,955.2578672745432,944.7331333521793,947.7259521484375,10141257
2023-07-13,954.0108638970822,963.6876568946427,949.8708344096943,957.8516845703125,13079930
2023-07-14,962.1413436836285,964.6852274002033,945.4813074131775,954.759033203125,5383514
2023-07-17,957.7019176622215,966.580636879501,948.1747909716205,962.540283203125,8472444
2023-07-18,961.6923995413861,977.6042309854672,949.0227883239745,961.34326171875,14457717
2023-07-19,961.6923685039854,967.578269388831,954.2103220685292,961.9916381835938,7574544
2023-07-20,961.5926560411982,977.5543554985788,955.3076881686135,975.5591430664062,15329753
2023-07-21,969.2741842405901,982.6421320165374,965.6828261847799,968.9749145507812,6230317
2023-07-24,971.1197216171681,982.5921923743232,966.4808286510473,969.1743774414062,9167788
2023-07-25,975.3097424302705,975.3097424302705,951.5167976207896,960.1959838867188,13448045
2023-07-26,964.5354766047415,977.6540217625826,960.9939869690231,974.461669921875,8298226
2023-07-27,986.9816883223583,987.63015672027,953.4621437226243,957.6022338867188,17858061
2023-07-28,957.6022192953338,967.4286160462416,939.9445773118847,947.676025390625,8504392
2023-07-31,952.4146499294641,956.3052775703625,946.0299459031511,951.6165771484375,6601991
2023-08-01,953.7115452773517,961.6923950286265,949.7211204017142,957.6022338867188,8409096
2023-08-02,949.2222822906164,956.6045923939507,934.3579258213549,942.9872436523438,9324465
2023-08-03,941.8400684259062,944.3340841360575,924.930690622325,933.310546875,17076611
2023-08-04,944.7330873809358,952.5642718277866,932.412674958146,949.9705200195312,12376086
2023-08-07,949.9705068423926,952.7139239007455,942.2889269011943,945.1321411132812,10922609
2023-08-08,947.725875229002,957.6022008106924,941.7901062537052,950.6189575195312,11512735
2023-08-09,949.7211646792763,951.0180406465107,942.039584257736,947.7259521484375,7701831
2023-08-10,945.7306784030826,949.6712350742389,935.0562798762082,937.5004272460938,13590891
2023-08-11,935.2558737056812,943.4362572588378,930.766645511894,934.9566040039062,9558237
2023-08-14,932.7617883498599,941.0419075552627,926.6764149419139,937.699951171875,7172522
2023-08-16,933.7095496660087,937.749842661367,929.0706564078612,930.8164672851562,7394623
2023-08-17,933.7095660844874,940.7426778503086,929.4198714597991,934.30810546875,9336994
2023-08-18,932.6121582533107,943.6856239218536,928.821266763245,940.7925415039062,6648744
2023-08-21,941.9397855724528,951.9657156977736,941.6903840226237,950.3196411132812,6822155
2023-08-22,951.5666810794194,956.8041138031537,946.3791773785815,954.759033203125,10860061
2023-08-23,959.697176619942,978.1030234221159,956.1058186098329,976.9058837890625,12677151
2023-08-24,982.442608181207,991.8699992810248,976.7562404631382,979.0008544921875,11899556
2023-08-25,971.6684508890794,985.834471283137,968.4760988315514,980.7466430664062,6228241
2023-08-28,977.7537919349728,990.1241329133894,977.7537919349728,987.8296508789062,8451441
2023-08-29,987.8296759355306,988.6277487213704,975.1600649597776,978.3524169921875,8114141
2023-08-30,980.6469559137907,995.611049849403,977.6541371266683,980.99609375,9023083
2023-08-31,979.4497358194095,992.3188799032469,966.2813220592374,971.1696166992188,21558300
2023-09-01,971.9178357296834,990.6229518907627,966.6804032045811,988.7774047851562,10946742
2023-09-04,991.3712145930849,992.1692874182171,977.6541286050045,979.8987426757812,6727188
2023-09-05,983.091071894129,983.8392765669051,975.5591570326598,979.1006469726562,10548660
2023-09-06,979.1006965615071,980.7966394168384,959.4977087863123,962.7399291992188,16351052
2023-09-07,962.7399127474505,977.4546051391893,960.7945683551385,975.8584594726562,8686550
2023-09-08,975.858420425993,984.9366127081339,970.1720527717824,977.953369140625,6439351
2023-09-11,979.4497974015362,1001.5966681785131,976.6565120983709,998.0053100585938,7130484
2023-09-12,1007.5822815964099,1007.5822815964099,995.660875096741,998.5040893554688,8958327
2023-09-13,1000.5491353190113,1014.5654900389868,991.3212781087256,1012.0216064453125,12254423
2023-09-14,1012.0216046985313,1019.9525860325733,1006.6345069537728,1018.4561767578125,7855558
2023-09-15,1018.5559813857484,1029.2802485746777,1012.1214088945802,1024.6912841796875,8986157
2023-09-18,1019.1047057608484,1027.4347549170495,1016.5608218682338,1022.2970581054688,6397319
2023-09-20,1009.8767878452892,1044.9925397848435,1009.8767878452892,1024.8409423828125,13619788
2023-09-21,1024.1424850583664,1031.1257283526368,1009.6771953773779,1012.0216064453125,8156588
2023-09-22,1007.5823094971842,1024.7910172583984,1005.5870970031303,1015.8125610351562,7108110
2023-09-25,1012.7699017646486,1023.5440373483997,1002.7439708865614,1016.5109252929688,7123890
2023-09-26,1016.5607167837618,1018.2566594998765,1008.5798671917402,1011.7223510742188,6387615
2023-09-27,1007.5323554927213,1025.489205519727,1001.5965866509939,1022.7457885742188,5158686
2023-09-28,1024.541562459703,1035.4653015857891,1022.7458225971219,1028.4322509765625,15818489
2023-09-29,1028.4322190332261,1038.5080169360645,1022.0475152267032,1034.21826171875,9528626
2023-10-03,1032.5224171761674,1042.1991486065783,1030.128137940139,1038.5579833984375,11589322
2023-10-04,1032.8715224189036,1034.5175969528955,986.4828355738606,993.1668090820312,22584212
2023-10-05,997.606229461282,1006.7842189501363,986.5328246698826,1000.8484497070312,7950412
2023-10-06,1002.5942480791412,1005.5870667301236,997.0076776195943,998.553955078125,5289753
2023-10-09,992.4186931233185,997.3069881423653,985.8843843122647,993.865234375,6823214
2023-10-10,997.5064314461529,1012.5203920923382,994.1145461203287,1009.8268432617188,5728499
2023-10-11,1016.5607861898477,1023.1948922217821,1009.577542320045,1016.6605224609375,7396783
2023-10-12,1019.5535749269535,1028.5320310662319,1012.5204631289959,1016.0120849609375,4920222
2023-10-13,1006.5846347116004,1009.0287820282044,989.8747312116803,991.67041015625,12173162
2023-10-16,987.6301545262204,1007.0336076187124,987.6301545262204,1002.3947143554688,4646960
2023-10-17,1006.4350357086527,1012.2710687741517,1000.6987998010652,1005.636962890625,6105067
2023-10-18,1007.582298949754,1011.672460164127,986.9817058086751,990.4733276367188,7818946
2023-10-19,977.3547899117126,996.6085770707042,977.3547899117126,989.0267944335938,4836625
2023-10-20,986.6326146083185,990.5233034704851,975.4095439163634,978.0032958984375,5664400
2023-10-23,977.6540675662923,982.5423622597436,958.7992861933225,961.9916381835938,5896695
2023-10-25,957.7019990873952,971.6684865740864,949.1226097011919,953.1629028320312,6957048
2023-10-26,953.7115163461261,972.6660339304111,950.4692962330248,969.7230834960938,17540495
2023-10-27,977.6540684991274,1002.3448217596922,970.970094832599,1000.349609375,13443016
2023-10-30,1000.3496444881126,1000.3496444881126,976.8560300115275,986.8320922851562,5270567
2023-10-31,995.6110604893629,995.6110604893629,975.6589350286542,979.4996948242188,7816805
2023-11-01,975.5092606003677,976.955801860539,965.6828632585753,969.4737548828125,5703984
2023-11-02,975.6588829327773,985.984082951752,971.6684580537067,980.5970458984375,5193982
2023-11-03,983.6396958568432,989.0267935974802,979.1504680359956,986.4828491210938,4268048
2023-11-06,992.6181502490323,1013.7674134673241,990.7226741492185,1006.9837036132812,6552178
2023-11-07,1005.5870326392501,1019.7530526181287,1002.8436156355219,1018.4561767578125,6559859
2023-11-08,1021.548754556056,1024.4916441513978,1013.1688380732181,1019.2542724609375,7643314
2023-11-09,1022.2969496906434,1026.3871107399823,1014.2163638559787,1019.4537963867188,4407935
2023-11-10,1015.4634502996684,1028.5320681288063,1014.216442457611,1026.736328125,3294063
2023-11-13,1027.5842687731763,1029.3798867855012,1021.0498997460257,1022.8954467773438,5985481
2023-11-15,1042.4984646699425,1042.4984646699425,1029.0807101756216,1038.857177734375,7240388
2023-11-16,1040.3038229538877,1041.5009017158827,1019.7032299963196,1023.8931274414062,6908825
2023-11-17,1012.4705832200053,1017.5583506174719,989.4757109972611,991.9697265625,13268353
2023-11-20,978.6516721144777,992.368757223116,978.0032037355404,986.333251953125,8215656
2023-11-21,987.5802951235795,995.112209948386,984.2882067571996,989.4258422851562,7061614
2023-11-22,988.6277745129754,997.5064943208318,985.6349558212106,995.7107543945312,6103988
2023-11-23,996.6086401662712,1000.9981320061083,993.0172820348068,996.6585083007812,3112891
2023-11-24,999.6014966534458,1008.3305516391919,997.3070143778607,1006.0859375,6956281
2023-11-28,1010.6249804344942,1019.5037002486309,1006.8340889333878,1018.7056274414062,6173384
2023-11-29,1024.6912979894364,1060.9542613148635,1018.7056604079704,1057.6123046875,9422396
2023-11-30,1060.1561871641647,1078.3126952483788,1052.923541346816,1071.6785888671875,24755589
2023-12-01,1072.825874154055,1106.3454225650557,1067.6382481590172,1102.005859375,14428758
2023-12-04,1117.817750299184,1126.2974030234527,1096.4689532024638,1122.905517578125,14043213
2023-12-05,1134.0788203008565,1149.0927211189544,1124.4518957465727,1129.7391357421875,15804808
2023-12-06,1132.3827752128796,1142.9573765954551,1115.2738044978198,1117.8177490234375,7342767
2023-12-07,1116.5707453086986,1126.89594517818,1105.8464786014674,1115.174072265625,6439419
2023-12-08,1113.178834877189,1131.634549261566,1108.8392723370227,1128.4920654296875,7300989
2023-12-11,1126.2974708649378,1136.6726003551878,1111.183711625699,1113.827392578125,6924589
2023-12-12,1117.319055316092,1131.1858072332268,1106.345386022809,1128.292724609375,9044111
2023-12-13,1147.247157541495,1148.244763765444,1108.7893888970148,1112.1812744140625,8184523
2023-12-14,1129.68928946714,1135.8743992190675,1115.2239995129569,1117.767822265625,9421193
2023-12-15,1116.520819325448,1125.1501373806013,1105.9462178758602,1117.6680908203125,12048410
2023-12-18,1117.0195622278702,1117.31889278539,1104.549485299462,1108.6895751953125,7922468
2023-12-19,1121.1099101400514,1124.1525360208302,1111.532793079096,1117.568359375,6824641
2023-12-20,1119.3141580232493,1121.1597051403057,1100.0603096240868,1107.59228515625,9848057
2023-12-21,1101.2574845465347,1101.2574845465347,1074.6213265198994,1092.77783203125,10914682
2023-12-22,1092.7779264108851,1103.6518590487801,1083.2009306279906,1085.6949462890625,10600025
2023-12-26,1088.5877457969887,1098.0151966663564,1084.0985182719824,1091.6304931640625,5687517
2023-12-27,1093.4263887566508,1107.8916795104105,1087.0416843441974,1103.70166015625,6132936
2023-12-28,1104.5994586858894,1110.3356943033596,1095.37160138822,1105.197998046875,14097667
2023-12-29,1098.8133142498616,1104.2004121539771,1091.3312676547296,1099.661376953125,8786731
2024-01-01,1092.3787776242896,1101.3572333307905,1090.383565245067,1095.072265625,4083732
2024-01-02,1092.478603887825,1096.7184305429569,1079.709316675706,1090.633056640625,7895577
2024-01-03,1088.3884316097892,1099.9606398908986,1078.711699581697,1095.97021484375,10225290
2024-01-04,1100.3596248484037,1127.2949919117825,1097.4167353064222,1120.7108154296875,11411683
2024-01-05,1121.3093204625263,1137.1712827143679,1116.3212896775506,1134.228271484375,8025466
2024-01-08,1142.2591526623078,1143.2567589091743,1115.8225871203417,1119.314208984375,4735538
2024-01-09,1125.848594466918,1132.8318382933232,1109.6872999732295,1113.8773193359375,6359362
2024-01-10,1112.5803490615472,1113.328553734756,1096.419176831478,1104.35009765625,5934163
2024-01-11,1108.390413403008,1125.2000534594813,1108.390413403008,1123.05517578125,4683035
2024-01-12,1123.6537280685436,1126.7462829578426,1115.3736696086848,1117.6680908203125,5616755
2024-01-15,1119.3142060402943,1127.7439300929025,1113.9271079657626,1116.8201904296875,6719079
2024-01-16,1113.9770559493738,1125.1003901176227,1112.4307175332362,1116.421142578125,5229753
2024-01-17,1079.410019983754,1112.3310279869554,1076.6166736237521,1079.7093505859375,24913719
2024-01-18,1063.448326051751,1106.095995787879,1063.448326051751,1094.8729248046875,11473135
2024-01-19,1104.4997961277145,1123.6039803798592,1102.3549183111254,1113.8773193359375,12303696
2024-01-23,1123.204870544225,1138.8672395300805,1076.217641808556,1086.642578125,18924087
2024-01-24,1032.3230568353206,1070.6310416625054,1018.4563047903621,1056.61474609375,20884046
2024-01-25,1055.4674255854222,1061.153732569677,1023.3445526484135,1039.755126953125,20835434
2024-01-29,1033.5201569861601,1065.4435595185512,1033.5201569861601,1058.709716796875,11188604
2024-01-30,1057.5126128108996,1067.8876209651612,1048.2847544854226,1051.5767822265625,9426983
2024-01-31,1045.69084056198,1081.5049299098825,1040.2040060924105,1065.194091796875,12600390
2024-02-01,1070.0822124872197,1085.046304056673,1054.2701800844486,1081.6544189453125,9756682
2024-02-02,1085.445457406814,1093.575850385391,1062.4505861502569,1064.4957275390625,8667415
2024-02-05,1064.4957475123178,1076.9158960271432,1055.467362664861,1058.958984375,12569454
2024-02-06,1059.0088475733637,1062.5502763066684,1045.6907081700033,1047.536376953125,8011171
2024-02-07,1058.5101145853655,1071.1297356806806,1054.9685638394865,1066.540771484375,7281793
2024-02-08,1069.4338475904046,1073.0252055587823,1029.1804617312182,1033.4202880859375,9869141
2024-02-09,1037.460635442103,1052.3749228732129,1032.073658779852,1048.88330078125,8233454
2024-02-12,1048.8831580325893,1054.7191298078526,1032.8715301930304,1044.1943359375,8694379
2024-02-13,1048.4842860764943,1072.9755709658375,1042.2991753456165,1068.18701171875,8413609
2024-02-14,1058.7595369474293,1098.264719163139,1058.0113322775178,1094.224365234375,16609115
2024-02-15,1094.8727859242745,1094.9227149446676,1066.6904112524196,1069.63330078125,11780823
2024-02-16,1070.4313542808845,1073.4241726059943,1055.4672626553363,1066.1915283203125,8660907
2024-02-19,1066.4410841180998,1067.4386903707828,1057.5623641135999,1060.405517578125,7562645
2024-02-20,1056.4650199471596,1087.8896168577692,1055.1680831094475,1085.994140625,8722800
2024-02-21,1091.2316617865245,1091.3313980640905,1070.5313303997261,1081.604736328125,9177213
2024-02-22,1087.6900474726833,1108.041115761234,1078.9110645331584,1098.2646484375,14633340
2024-02-23,1096.3692455391695,1104.7491622173827,1087.3907894792492,1094.174560546875,6250943
2024-02-26,1090.832423798755,1092.1792895580463,1077.0655316448554,1082.6021728515625,5354189
2024-02-27,1079.0607928334823,1085.9443001110253,1069.4837974716459,1076.467041015625,6546815
2024-02-28,1074.820952971871,1082.4027357978764,1061.502934449241,1071.6285400390625,7643191
2024-02-29,1068.436206253075,1079.7092046661435,1052.8236453635054,1072.5263671875,13648997
2024-03-01,1073.424307411303,1099.0627389049594,1073.424307411303,1096.61865234375,4819390
2024-03-04,1096.6185399519284,1106.2454634756489,1090.4832378881413,1104.1005859375,5895441
2024-03-05,1099.5615904286128,1108.240838110355,1091.8800708025524,1098.1650390625,4851446
2024-03-06,1097.5663236628902,1129.2403214113713,1092.727957811263,1122.3070068359375,13787638
2024-03-07,1123.3046485018447,1124.20251849126,1104.8988617203179,1108.7894287109375,6943879
2024-03-11,1109.5876214061693,1117.31907033033,1099.2624204243646,1102.4547119140625,6751641
2024-03-12,1102.354873198211,1118.7156395632892,1081.6545441313667,1094.3740234375,9817138
2024-03-13,1093.3764762920455,1096.9180272759506,1068.186917873821,1077.8138427734375,11503890
2024-03-14,1072.426701290456,1078.661740251447,1053.0731159999189,1055.716796875,10253613
2024-03-15,1053.7215382177246,1053.7215382177246,1027.7837772769806,1043.8951416015625,17798175
2024-03-18,1041.5008827914498,1064.346089346231,1041.1018159520013,1058.809326171875,7612407
2024-03-19,1053.0232975285835,1058.4102737109642,1044.1943850314635,1048.28466796875,6728886
2024-03-20,1047.4865666620108,1054.9186845427982,1028.482118812757,1032.2730712890625,12619644
2024-03-21,1036.8619949851457,1048.035257657642,1025.6888540907516,1033.1209716796875,9903738
2024-03-22,1037.6101871982582,1044.7430959040469,1027.4844598840073,1030.8265380859375,9891194
2024-03-26,1026.5366827988034,1041.7002468947026,1025.0402736402045,1038.05908203125,9656767
2024-03-27,1043.2966609454973,1055.0185343378787,1041.7503225527066,1050.3297119140625,17027308
2024-03-28,1050.3296143572713,1055.8663772204363,1041.600560514143,1044.693115234375,10235318
2024-04-01,1049.8308968863641,1061.203632319249,1046.3892040873816,1050.5791015625,5484556
2024-04-02,1048.4840673289145,1053.3224328177723,1037.7098721598722,1044.693115234375,13617893
2024-04-03,1041.3014413403423,1067.7380066830049,1041.251512317133,1060.704833984375,11573590
2024-04-04,1067.4386903707828,1078.1130285632478,1056.6146868847939,1060.405517578125,17964844
2024-04-05,1058.5599096565631,1060.4553857835742,1045.5910291154657,1056.564697265625,9210187
2024-04-08,1064.4458579816544,1076.8660069572647,1061.0041651652145,1073.4742431640625,4967186
2024-04-09,1087.390734637225,1087.390734637225,1068.7853550513448,1077.4146728515625,11385226
2024-04-10,1083.5997776208008,1090.383548316074,1077.4146680524793,1085.196044921875,9064074
2024-04-12,1076.916060323627,1093.7756320803342,1068.5361425852163,1070.8804931640625,18045983
2024-04-15,1060.555176997231,1068.4362907053944,1052.723992312668,1055.41748046875,8889435
2024-04-16,1047.4365529030972,1055.3176660274705,1041.8499826884606,1049.3819580078125,7107881
2024-04-18,1041.650556735367,1048.8832018148605,1011.4230396229323,1021.5487670898438,17832438
2024-04-19,1012.5702521129814,1034.4676586075361,993.3164654082485,1026.636474609375,21598007
2024-04-22,1036.5129583674138,1055.9662814551564,1029.5297141820704,1051.4271240234375,9410832
2024-04-23,1055.467270009472,1057.7118837689438,1046.239413442754,1053.22265625,8300012
2024-04-24,1053.4721887491182,1066.3911408374038,1053.4721887491182,1060.704833984375,5641163
2024-04-25,1097.3668772875997,1131.2355608344606,1083.5001260280715,1124.30224609375,46136295
2024-04-26,1127.2950297740094,1138.6178360271808,1120.3117862267368,1127.5943603515625,10133766
2024-04-29,1127.5943251009617,1161.2136049877345,1122.6062941517016,1156.4749755859375,15183242
2024-04-30,1157.3728950223422,1180.0684368123416,1152.3848638597049,1163.109130859375,18965164
2024-05-02,1153.232837036846,1171.1897497242708,1145.2519869535458,1147.0975341796875,12302236
2024-05-03,1148.1449785153566,1160.465390499882,1131.3851459567948,1138.7674560546875,9993632
2024-05-06,1141.1617550653036,1153.232765714131,1132.931503925908,1140.912353515625,7490104
2024-05-07,1143.3066598846426,1146.0500769962232,1121.3593229919986,1125.00048828125,7115509
2024-05-08,1121.9578174576657,1132.7318911613593,1115.573113534311,1125.9482421875,8175609
2024-05-09,1119.3141450674307,1131.8341514619112,1109.537555695174,1112.9793701171875,5226693
2024-05-10,1121.0100592034512,1137.2710892789437,1110.6848591958812,1117.418701171875,7242718
2024-05-13,1117.4187443862693,1132.6821688333848,1102.4048432815728,1129.290283203125,5513160
2024-05-14,1127.2452119578256,1133.3805151781019,1115.4236014278974,1120.1622314453125,5471143
2024-05-15,1122.8557159257566,1128.492093577472,1115.9222797145299,1125.3497314453125,5436338
2024-05-16,1131.435179313018,1141.2116477253062,1108.6399003218369,1136.5728759765625,10750526
2024-05-17,1129.290204353205,1143.2566909794812,1123.4043034907972,1138.6177978515625,9909986
2024-05-21,1133.2806831688256,1143.007343961868,1126.4969120583337,1134.9267578125,8162017
2024-05-22,1139.2663882104796,1139.2663882104796,1115.2739081187951,1123.3046875,9094033
2024-05-23,1123.3046476916165,1166.8501852548218,1123.0552461268537,1162.460693359375,12818081
2024-05-24,1162.7099232454316,1174.1823935305645,1157.8216289422353,1171.1895751953125,8814997
2024-05-27,1176.0779834037558,1193.137025211273,1165.2040513768954,1184.1585693359375,10450046
2024-05-28,1185.156225137097,1189.545716993226,1176.1777688860584,1180.5672607421875,4018776
2024-05-29,1169.1944304571298,1183.0611805664641,1153.2327317478173,1156.9737548828125,9418064
2024-05-30,1152.434695075394,1176.9759063285162,1152.2352225359814,1165.1541748046875,7232217
2024-05-31,1170.192044648018,1175.1800755288707,1150.6389879506955,1159.3680419921875,10057642
2024-06-03,1194.184513556256,1239.2263346733155,1190.543226683044,1220.97021484375,22197339
2024-06-04,1221.0699654696132,1221.0699654696132,1098.9131373248442,1128.5419921875,24135989
2024-06-05,1135.2758622111123,1190.14420353063,1108.0411640812747,1181.66455078125,21039499
2024-06-06,1189.2464931662287,1193.0374459682257,1160.4655746223425,1168.1470947265625,12006879
2024-06-07,1175.1802441941004,1192.3390241756715,1163.9571731014148,1183.959228515625,8583998
2024-06-10,1182.163348388672,1209.4977826564013,1182.163348388672,1197.12744140625,9995057
2024-06-11,1201.5667532774446,1206.4550480716425,1187.6002663100805,1191.7403564453125,9390212
2024-06-12,1189.2464161988912,1203.2628330753819,1181.2655659980387,1185.0565185546875,7199718
2024-06-13,1198.9231671641783,1199.122639690824,1170.6409342714535,1171.838134765625,5321148
2024-06-14,1178.1230423439772,1181.8142585048788,1167.19930270935,1178.222900390625,4451031
2024-06-18,1191.1417014157555,1191.1417014157555,1178.3224871924854,1189.0467529296875,6837181
2024-06-19,1190.1442700595508,1240.3737209742549,1182.6622230977348,1223.7137451171875,17987437
2024-06-20,1227.1554357869195,1238.528171503914,1217.4787037783979,1236.532958984375,8206858
2024-06-21,1243.0173750319368,1243.0173750319368,1220.8206361920809,1234.48779296875,29311314
2024-06-24,1228.0533609592674,1232.7919909061045,1222.1176521581588,1225.1602783203125,6676530
2024-06-25,1231.495060670556,1275.6890689148843,1223.065336062286,1268.406494140625,17607952
2024-06-26,1278.0333644573095,1289.8549743671108,1256.185762851666,1282.3231201171875,13956370
2024-06-27,1306.864161814128,1306.864161814128,1276.9359749023542,1285.864501953125,22311393
2024-06-28,1280.028560763349,1286.812332005033,1258.5800262921014,1262.2213134765625,7167069
2024-07-01,1269.952676787439,1269.952676787439,1253.4422456717753,1258.8792724609375,5797015
2024-07-02,1261.9718659782138,1264.8150193443623,1235.2858996423108,1250.399658203125,9945447
2024-07-03,1256.9839096069336,1285.515424786834,1240.6231423008721,1276.93603515625,15171347
2024-07-04,1284.916842281519,1289.9048735015558,1265.4635205233747,1277.8338623046875,4817380
2024-07-05,1268.955094098609,1292.2991036758544,1267.8577516275716,1283.9691162109375,8593502
2024-07-08,1281.9239365968008,1294.2942775390354,1276.5368388889456,1284.76708984375,4216951
2024-07-09,1280.9262570927215,1291.8999244042634,1276.1376990091758,1286.3133544921875,6930340
2024-07-10,1281.1258660222238,1290.9024557429561,1272.097602748689,1288.55810546875,9020489
2024-07-11,1297.9356295079974,1298.2847673316003,1273.8932220304036,1293.6458740234375,7848846
2024-07-12,1291.7988634971857,1337.4745701900265,1291.7988634971857,1315.160888671875,11278987
2024-07-15,1314.5617611447028,1322.2493302322418,1302.8808095322124,1305.3267822265625,11537127
2024-07-16,1305.326795116684,1316.3089323169752,1297.5893802710243,1301.8824462890625,5433264
2024-07-18,1297.8890431781538,1316.4588158830534,1292.397974149323,1307.2738037109375,6787511
2024-07-19,1303.5297937995695,1306.874329397254,1286.1080575380593,1290.2513427734375,4496066
2024-07-22,1281.2660758669613,1290.2514616948122,1276.1244140466054,1280.41748046875,6695557
2024-07-23,1286.4076049249054,1289.00335841064,1248.9685011727254,1261.1986083984375,8789327
2024-07-24,1260.8492917358358,1265.2920169514923,1224.6581555082237,1237.2376708984375,10344860
2024-07-25,1198.0514426854513,1198.0514426854513,1153.6237016858659,1173.9906005859375,32979871
2024-07-26,1163.1081895407196,1181.2287406448913,1153.3740222891986,1175.4381103515625,18554648
2024-07-29,1180.42997752959,1192.6600849625192,1161.760392891013,1168.1500244140625,19598573
2024-07-30,1162.2096539859588,1178.0838591746794,1158.3159626193535,1168.10009765625,18090045
2024-07-31,1155.1211010593768,1169.0983658950133,1152.125972880312,1164.206298828125,17347076
2024-08-01,1166.1032962835773,1173.7408978982073,1163.5573884546725,1170.3963623046875,11190500
2024-08-02,1162.109875166186,1165.9037534043969,1154.2226789585948,1158.9649658203125,10581445
2024-08-05,1140.1454985508794,1149.5801038837508,1122.4742904482669,1131.6593017578125,12013362
2024-08-06,1138.1488152155048,1149.1309529061807,1121.2762338435941,1124.2713623046875,8571122
2024-08-07,1136.9507316574643,1142.940988153295,1125.169845133499,1134.9539794921875,8370312
2024-08-08,1131.260031397282,1140.9443535197308,1124.1715848547658,1136.3018798828125,7903428
2024-08-09,1150.1292660249399,1153.8232088423329,1138.098785283398,1140.894287109375,6262086
2024-08-12,1144.1390911628143,1167.2015563223063,1134.0055486598599,1162.409423828125,9078384
2024-08-13,1159.4640771471145,1177.6844412516205,1153.5237880098216,1157.7169189453125,6180463
2024-08-14,1157.1178601542738,1157.1178601542738,1146.7846922486233,1151.2274169921875,5021841
2024-08-16,1164.5059796712717,1168.1001094798687,1147.733211401699,1164.9552001953125,6107134
2024-08-19,1167.1017440309654,1169.3980579733616,1148.3322232652067,1151.3773193359375,6691823
2024-08-20,1156.1195105983786,1175.0886562817718,1152.774975075986,1166.103271484375,6721749
2024-08-21,1164.705537568418,1176.0870495188233,1159.6138438167345,1172.492919921875,9480630
2024-08-22,1177.7842156313006,1179.0821532872228,1167.051672745748,1168.050048828125,5841326
2024-08-23,1168.0999903470274,1172.0435270356927,1161.6105459562107,1164.0565185546875,5121962
2024-08-26,1169.797287316781,1173.3415714014816,1164.2064052458907,1168.399658203125,3392612
2024-08-27,1168.1000558035714,1182.9259167528153,1162.3593931361609,1179.331787109375,8702113
2024-08-28,1175.088686152465,1179.7810051393292,1167.451084506114,1169.0484619140625,5483503
2024-08-29,1167.1017013718215,1177.9840256136065,1161.5108193923618,1173.4913330078125,7290114
2024-08-30,1175.0887109707376,1181.0290002255358,1169.9470495007388,1173.341552734375,10190506
2024-09-02,1174.090365297038,1192.0611361944418,1172.193426216783,1186.86962890625,6432362
2024-09-03,1186.070787465194,1191.6118234786993,1174.7890889702703,1189.6649169921875,7920246
2024-09-04,1180.7793560492762,1187.7181430165656,1171.3947182758648,1175.7874755859375,6527941
2024-09-05,1180.0805311431025,1180.9291264399822,1171.5443668771184,1178.6329345703125,4234766
2024-09-06,1174.0903974514563,1179.4316856844912,1148.9313662549052,1156.868408203125,9874576
2024-09-09,1156.1195001502876,1173.6908947764286,1143.1406111157853,1168.9486083984375,7700940
2024-09-10,1176.9856459572557,1188.9161919814424,1171.4446096778545,1185.2720947265625,8723854
2024-09-11,1185.2720174237563,1192.9096187070504,1179.0821345601635,1184.173828125,6000329
2024-09-12,1188.1673904951442,1203.7420335200763,1174.8390937297338,1201.3958740234375,7592871
2024-09-13,1207.9352341685171,1217.5695876399766,1199.049662751232,1215.472900390625,6762566
2024-09-16,1220.0155511850453,1231.99606396264,1213.0269187314484,1229.0509033203125,4039284
2024-09-17,1233.1941848876636,1238.5854405295986,1225.6065504411317,1230.0992431640625,8030427
2024-09-18,1229.8996258314878,1248.3695849409576,1223.0108058973215,1238.4356689453125,8210034
2024-09-19,1246.4226697631223,1259.6511538996783,1236.9880637881504,1240.6820068359375,8449864
2024-09-20,1241.9798953627007,1247.970152092746,1227.9028164215117,1242.978271484375,15009629
2024-09-23,1249.4677096230525,1250.4161181847596,1238.5355398977574,1244.775390625,5462814
2024-09-24,1239.0846413870245,1245.0748984127024,1233.3439784040834,1237.5372314453125,9225946
2024-09-25,1235.9895545699358,1268.9359643444172,1229.1007354244925,1266.0406494140625,6853324
2024-09-26,1265.4917041899575,1279.5687831579885,1260.2002619861607,1275.026123046875,7270078
2024-09-27,1270.9328608020694,1279.4690257801735,1255.208436169208,1271.0826416015625,13372027
2024-09-30,1261.448195108826,1272.929520192919,1227.353627115125,1230.198974609375,8466919
2024-10-01,1226.1056776669482,1240.93153854236,1222.6613288324884,1224.6580810546875,11164280
2024-10-03,1205.5391812805995,1217.1702876110573,1171.1950179115215,1173.790771484375,17300892
2024-10-04,1173.5911350580977,1200.8468520222327,1172.093570870444,1176.4864501953125,13064515
2024-10-07,1181.0289881912613,1182.9259272029717,1129.0635840139234,1143.8394775390625,20047013
2024-10-08,1151.1276845041943,1166.4527338133323,1140.644735078961,1151.42724609375,8464570
2024-10-09,1152.1260787102349,1183.0757394034908,1152.1260787102349,1168.2498779296875,9807734
2024-10-10,1175.0886775236831,1189.0659430167432,1173.1418928645546,1182.326904296875,6806243
2024-10-11,1180.5797491543212,1186.2704442280499,1164.1065433521678,1170.5460205078125,4754158
2024-10-14,1169.6476098115127,1173.0919587287326,1154.7218134686907,1162.459228515625,9765296
2024-10-15,1164.2064264310386,1170.0968702032376,1147.6334063981412,1151.976318359375,8741516
2024-10-16,1149.1308918352402,1161.0614374890406,1146.2355767689712,1151.3272705078125,7739854
2024-10-17,1149.1310136899726,1149.480420987831,1122.1748561142738,1130.0120849609375,6595231
2024-10-18,1156.1194862204916,1201.895004543148,1154.1727016376046,1194.9063720703125,20829666
2024-10-21,1194.9064782000012,1212.8274033274415,1183.624900757945,1188.3671875,7456038
2024-10-22,1192.3107800622608,1196.0546908223473,1171.4446930516256,1173.8408203125,7256246
2024-10-23,1173.1917045941498,1181.2286807689004,1156.7684668639306,1158.515625,6501834
2024-10-24,1163.1083080072417,1173.2916968049035,1152.7751384006528,1165.4544677734375,5046700
2024-10-25,1185.07254149195,1199.7985903436822,1168.1001462052077,1187.418701171875,12798716
2024-10-28,1192.061160603629,1192.061160603629,1165.1549712634646,1169.697509765625,8572243
2024-10-29,1174.4896262998118,1189.2655189267314,1155.720107544012,1184.922607421875,9908946
2024-10-30,1176.8358055508825,1185.721377046743,1162.4093199283802,1168.4993896484375,9686560
2024-10-31,1163.6074036054613,1176.0871054888319,1151.9762970757422,1157.6671142578125,8682294
2024-11-01,1162.1598100627925,1170.5960398098143,1162.1098425062892,1167.65087890625,460781
2024-11-04,1170.0968431979647,1175.0387563721924,1133.6061463101485,1137.4000244140625,9288653
2024-11-05,1137.100423556092,1172.9921178913025,1131.609354942301,1169.7972412109375,11701049
2024-11-06,1169.897154934203,1181.6280740310438,1159.5638648703841,1164.605712890625,10353506
2024-11-07,1166.7024259247364,1170.99549241813,1149.1809963928945,1158.0166015625,6252889
2024-11-08,1154.1227842652258,1165.8537035689599,1149.2307169471244,1159.064697265625,3786168
2024-11-11,1150.1292431682323,1174.8890186797137,1141.0938909031916,1169.098388671875,6620678
2024-11-12,1169.7474877488462,1185.072537895656,1151.9264971262662,1156.2694091796875,9606088
2024-11-13,1150.029589746679,1163.6074819353837,1133.2568205375103,1137.30029296875,8079113
2024-11-14,1135.7028687904137,1148.8813855767612,1129.7624574145566,1138.84765625,5975873
2024-11-18,1129.3629741553402,1133.156852012231,1119.7287424706979,1124.37109375,9474971
2024-11-19,1128.1649836941745,1137.150368520057,1120.227942513477,1132.1085205078125,19225966
2024-11-21,1136.1521359437722,1150.1294029940473,1113.938265096014,1137.30029296875,8126248
2024-11-22,1134.804259094338,1146.0359906217202,1125.7190606332729,1140.544921875,16687505
2024-11-25,1158.1163893251894,1162.609082214813,1140.1456177666953,1154.0230712890625,12385823
2024-11-26,1155.2209932897363,1157.71693360964,1140.7945069895281,1142.9410400390625,5127437
2024-11-27,1143.3402343897294,1153.5735891768147,1131.7092505928033,1147.7830810546875,5989943
2024-11-28,1146.6350294369997,1152.5753188902968,1127.5660689944857,1130.6610107421875,10731275
2024-11-29,1131.7094214290682,1139.0474623267583,1125.8688230005273,1134.4549560546875,6406277
2024-12-02,1130.8606604334245,1139.5466064002276,1124.7705900554713,1135.2535400390625,4785858
2024-12-03,1142.5416474793556,1163.0083577848877,1136.1520159851627,1158.615478515625,8382042
2024-12-04,1155.6203539949722,1166.1033032104772,1152.0262243526445,1157.567138671875,18379798
2024-12-05,1162.1098542785676,1174.9889311617428,1148.2324012319225,1164.5059814453125,10640451
2024-12-06,1165.6041034914654,1191.9112895042008,1158.1162826981583,1182.62646484375,7542210
2024-12-09,1182.3268593567407,1184.0740174769637,1159.1146157594899,1161.3609619140625,6308112
2024-12-10,1155.1211468863528,1163.1581232345245,1149.3804843153964,1151.776611328125,4714389
2024-12-11,1148.1324971228753,1156.4689130536558,1142.6913962114295,1145.386962890625,7788242
2024-12-12,1143.1407039727058,1152.6752450559866,1141.742952973343,1143.7896728515625,4825283
2024-12-13,1139.1472304132253,1150.8281830630162,1111.8416660481157,1146.28564453125,8731618
2024-12-16,1144.6382485238657,1153.124445743624,1139.8959618422361,1149.0311279296875,3975202
2024-12-17,1143.3902926303374,1149.9795508853542,1128.1650562517189,1134.4049072265625,7292817
2024-12-18,1134.3549105744767,1138.0489753800873,1114.137793934539,1120.4276123046875,7222127
2024-12-19,1103.1058605329233,1117.232907788727,1099.2621366321944,1107.099365234375,11677610
2024-12-20,1102.1572227344786,1104.0541616573962,1063.2705232390288,1070.109375,12623056
2024-12-23,1073.3541110903145,1081.790462182754,1070.6585443933702,1077.3975830078125,3886921
2024-12-24,1075.550693795779,1082.988547493429,1074.252756029435,1077.1480712890625,4343694
2024-12-26,1081.2413564986148,1090.8257430405286,1071.008001093157,1074.9515380859375,4775460
2024-12-27,1076.3492862446637,1084.4860761153666,1074.2527207366024,1075.7003173828125,3801667
2024-12-30,1072.355687311683,1094.719335130627,1062.2221460639655,1068.21240234375,9452155
2024-12-31,1060.2755024007047,1068.7117323668265,1056.7811857732072,1062.9710693359375,5292136
2025-01-01,1062.4219686475792,1075.2011098143219,1052.23845913699,1070.0595703125,2985355
2025-01-02,1070.259182488381,1086.9320146607752,1065.766490024577,1084.83544921875,6557076
2025-01-03,1084.236495050746,1091.7243161491626,1078.0466116915568,1083.1383056640625,7357220
2025-01-06,1085.9836525482262,1088.2299988761818,1058.1789012632846,1061.6732177734375,5283413
2025-01-07,1062.821318766077,1068.7616077717908,1054.2851544203747,1065.7664794921875,4619462
2025-01-08,1062.0225820719759,1080.5923532571728,1057.380108807656,1073.204345703125,8780098
2025-01-09,1077.8468688369667,1078.3960244691536,1052.538057769639,1060.02587890625,9054190
2025-01-10,1054.5348076351484,1063.1208181441978,1035.316066762271,1039.010009765625,5612886
2025-01-13,1024.9329786295832,1061.2738965451533,1021.5884427467809,1047.59619140625,7180930
2025-01-14,1051.240076562291,1059.2770529988159,1043.8022232895967,1049.9422607421875,6892897
2025-01-15,1041.306335482205,1051.190283846339,1013.0023957042544,1025.1326904296875,11418721
2025-01-16,1032.2211352471902,1044.7506829203899,1025.3822829319104,1036.314453125,10261727
2025-01-17,998.3761525809333,1010.0571657533391,973.0173739309598,989.440673828125,33831617
2025-01-20,990.439061296575,992.5855944235661,974.9143241337787,986.445556640625,33440507
2025-01-21,991.98647607347,992.8351323265008,961.4361915572816,968.62451171875,11894500
2025-01-22,974.165548733293,974.165548733293,952.4508670167169,957.7422485351562,17303146
2025-01-23,952.450837032954,962.1350977728039,946.4605801962688,949.505615234375,24649522
2025-01-24,946.4605287542831,960.2381065426121,944.5635898180176,946.959716796875,14421921
2025-01-27,941.5684832287448,948.2077087224076,931.9840969648512,946.5603637695312,12713296
2025-01-28,958.4411132023487,992.2361218299094,956.6440483023032,982.2024536132812,21781371
2025-01-29,986.3956676832572,987.0446365758884,976.012531017436,981.8031616210938,11175206
2025-01-30,983.0510455309357,989.7900841668027,973.2170044414162,983.1009521484375,10473118
2025-01-31,980.4054003333197,988.3924097046705,976.4618022690061,984.4987182617188,9036312
2025-02-01,987.8931362585447,1003.3180589613612,980.4053156198999,996.5291137695312,4830391
2025-02-03,985.4970820817739,998.8753469855333,981.753171485876,987.7933959960938,7124605
2025-02-04,992.385906066695,1015.4483710586156,986.1959616686072,1013.6513061523438,16058171
2025-02-05,1018.9426747263542,1020.3903323316467,1008.8590999817069,1011.654541015625,7858373
2025-02-06,1010.3566568712627,1020.1906375069063,1008.4098112049047,1019.0425415039062,5815563
2025-02-07,1017.8445057093887,1025.6817342725071,1006.0137724647228,1022.43701171875,8638651
2025-02-10,1019.3420349226665,1025.082697705042,1004.5660802961088,1010.1070556640625,3960565
2025-02-11,1007.3615376254405,1014.6995779700981,1000.9719058765897,1005.76416015625,4808215
2025-02-12,998.3761339148515,1009.008864115462,982.4021157722138,1005.2649536132812,7669283
2025-02-13,1001.3712372223157,1015.7977841830659,999.4243916227608,1006.5628051757812,6348246
2025-02-14,1008.9089842755058,1014.3501463619988,986.0462074988543,995.8801879882812,5375755
2025-02-17,990.8383973867473,998.0267176735445,976.4617568131531,991.3375854492188,7166803
2025-02-18,991.3375809994877,995.7303993678929,984.9479494541168,992.53564453125,3090004
2025-02-19,990.0397410803987,1011.804329129352,986.5454245287212,1009.7077026367188,6401381
2025-02-20,1006.7625199634393,1017.9942514939594,1004.8655809305341,1015.5482177734375,5011212
2025-02-21,1010.3566194091612,1020.2405672343198,999.0250749789396,1007.3115844726562,5019937
2025-02-24,999.7239055887297,1011.3550117867557,996.9284646337834,1008.4097900390625,4265454
2025-02-25,1002.3696099471763,1012.0538703579778,995.4807904446366,1007.4613037109375,5708975
2025-02-27,1006.0137195509107,1021.8878632634938,1003.5177792562238,1015.0490112304688,9777690
2025-02-28,1013.152096799687,1033.8184951280357,1008.3099968849968,1013.90087890625,15026849
2025-03-03,1015.3983923638058,1017.7446127420518,990.3890834419211,1005.6143188476562,6763184
2025-03-04,999.4742812867012,1009.4580422063008,996.9783410568012,1000.1731567382812,5786420
2025-03-05,1001.3713148547035,1015.747956311782,1000.9220333836612,1012.802734375,5133873
2025-03-06,1020.9394503749928,1037.812032077071,1013.5015966332338,1032.4207763671875,7861120
2025-03-07,1032.021307173322,1048.6442933123737,1029.0261789274416,1035.9649658203125,7597321
2025-03-10,1034.3177495553393,1048.7942045442894,1030.6736520285292,1034.16796875,5995655
2025-03-11,1028.7267836644776,1035.1164152394542,1019.4418369523306,1023.9844970703125,4771085
2025-03-12,1023.535188677738,1028.1278165033088,997.5774694995702,1009.5579833984375,7504702
2025-03-13,1013.3517635093752,1014.3501396310593,1003.4678155302854,1008.5595703125,4004140
2025-03-17,1009.4580844924919,1037.312802999425,1009.4580844924919,1032.470703125,5938668
2025-03-19,1046.0984546003142,1056.830996939409,1041.8053889158466,1050.341552734375,4822365
2025-03-20,1054.5347563485304,1057.1804773897622,1045.1999641815423,1052.6378173828125,3742644
2025-03-21,1052.637839967216,1073.8034868790976,1048.8440838264673,1068.4122314453125,6848565
2025-03-24,1080.2429024147984,1103.1555843595158,1071.9563323258167,1096.067138671875,8284863
2025-03-25,1108.1476316970598,1121.6756781665542,1094.569739540046,1116.7337646484375,11720528
2025-03-26,1113.1894013460305,1117.0331251287269,1087.281589139772,1094.4698486328125,7127060
2025-03-27,1090.226742151285,1106.2007603513039,1086.333050840613,1096.56640625,8508917
2025-03-28,1096.6163196755733,1105.2023296598516,1084.7356198513357,1100.21044921875,4921190
2025-04-01,1091.4247928076945,1099.46176981717,1068.2625141469891,1083.837158203125,6638140
2025-04-02,1089.9271919160412,1093.8208832672776,1078.995021845347,1082.68896484375,4065344
2025-04-03,1077.148030327788,1090.1767656925256,1073.5539006365532,1088.0802001953125,5345660
2025-04-04,1079.7438189672625,1100.110717042034,1073.7035944396453,1089.5279541015625,6059991
2025-04-07,1033.3192474005818,1067.2640342717123,1030.6735264023866,1046.2481689453125,9720457
2025-04-08,1059.2771173398287,1083.1881778843842,1058.5783027690252,1076.0997314453125,8723357
2025-04-09,1071.357383142649,1080.0931741367542,1056.2819282015244,1059.926025390625,6690201
2025-04-11,1061.5733837128932,1070.958021801289,1055.8327209873753,1067.214111328125,8144072
2025-04-15,1088.2300167462733,1115.186173124392,1081.2413836112057,1110.9930419921875,9320299
2025-04-16,1120.8768885930303,1161.6106854878976,1110.7933135489463,1159.414306640625,12836428
2025-04-17,1153.7234204439198,1197.2525949221158,1151.7266682029742,1188.8663330078125,13446336
2025-04-21,1200.0481388219926,1236.688494977289,1196.1544474414134,1221.0140380859375,15166580
2025-04-22,1228.4019873709017,1232.9944930922131,1210.1316558499327,1214.8240966796875,8461710
2025-04-23,1223.3103308638504,1228.0026499644732,1192.959671888685,1204.940185546875,9433911
2025-04-24,1197.1528829388074,1218.0189699959437,1197.1528829388074,1205.139892578125,9078137
2025-04-25,1175.088703760494,1177.9840189088325,1144.1390437634036,1164.4061279296875,17243807
2025-04-28,1164.4061903446627,1194.0579142147026,1162.4094379797552,1190.8631591796875,5523502
2025-04-29,1192.061141874012,1208.03516052559,1182.4767550574834,1185.3720703125,6074520
2025-04-30,1183.1754968297632,1191.9612552964234,1173.0919225507648,1183.07568359375,6288257
2025-05-02,1180.1803338380926,1208.5342387414275,1178.1835816881687,1181.478271484375,5249372
2025-05-05,1188.0676909669005,1188.0676909669005,1162.4094710956974,1171.294921875,7236056
2025-05-06,1176.0870571311964,1176.8858067677252,1155.819973357097,1159.5140380859375,5348267
2025-05-07,1157.1179926776738,1166.702379631733,1151.0279223537887,1159.414306640625,4263817
2025-05-08,1168.1001299431346,1177.0855155580816,1163.7072503791862,1170.2965087890625,9912347
2025-05-09,1158.1162846211869,1170.2964243830247,1146.6349593857183,1149.230712890625,5379571
2025-05-12,1183.0756178401653,1207.0366430116117,1173.291483812994,1201.04638671875,7616208
2025-05-13,1203.2428820800658,1212.8273905767053,1188.0676134138669,1191.6617431640625,5569926
2025-05-14,1193.958090664265,1197.4524072726892,1183.9743289259102,1193.5587158203125,4084921
2025-05-15,1195.05626945808,1215.023792757296,1183.0757554785503,1207.1365966796875,6705748
2025-05-16,1204.0416561895038,1211.3298509501008,1201.2461541758826,1206.837158203125,4016269
2025-05-19,1206.038431240256,1217.0205692730729,1199.1496111907068,1200.846923828125,4550022
2025-05-20,1206.0384169283893,1208.7339838465284,1190.9629610912027,1193.8582763671875,4724482
2025-05-21,1195.1560440526246,1202.9434266363357,1180.7794033676655,1195.85498046875,3712472
2025-05-22,1194.7567041377135,1194.7567041377135,1175.587930579019,1186.570068359375,4795583
2025-05-23,1186.5701083178596,1211.1301383520395,1186.1707334652522,1208.135009765625,3676469
2025-05-26,1214.2249385790394,1222.2119472113557,1206.737117986243,1213.2265625,3607612
2025-05-27,1213.2265945574386,1214.7241587155684,1188.4669402662748,1193.658447265625,7249163
2025-05-28,1193.6584505670924,1200.2477085066719,1189.7647593707686,1192.7598876953125,3525421
2025-05-29,1198.051344500375,1207.036729584128,1187.0692071757885,1199.74853515625,7788068
2025-05-30,1199.4491721040765,1206.8371802417707,1187.6682843813674,1190.2640380859375,9998488
2025-06-02,1187.8679434907856,1198.9498939286364,1177.285059235458,1192.46044921875,3761853
2025-06-03,1193.0594989197061,1196.953190278046,1172.9921626846794,1179.5814208984375,8155665
2025-06-04,1179.8808990754092,1189.3654718272305,1166.7022617075252,1169.098388671875,4306355
2025-06-05,1170.5959975050891,1173.5911258569147,1155.1211676873247,1157.117919921875,10481600
2025-06-06,1157.0181754924818,1199.2494146414624,1149.3306058090322,1192.66015625,14715421
2025-06-09,1210.5310596341333,1222.5115732140175,1204.2412412558594,1217.9190673828125,9138108
2025-06-10,1222.4117121508891,1233.893037215761,1216.4214555953035,1230.798095703125,7747558
2025-06-11,1230.59839323194,1239.7835267494627,1226.1057006477856,1229.400390625,4135775
2025-06-12,1229.0010033134809,1235.0910732690493,1208.8338544449855,1210.930419921875,3461744
2025-06-13,1196.0546580988657,1209.7323629526622,1193.6585309035481,1203.842041015625,3906868
2025-06-16,1204.141444699681,1216.0221452054159,1194.0578700046613,1213.4263916015625,5697424
2025-06-17,1213.4263926474275,1225.0075315706626,1209.333074821813,1213.1268310546875,4492946
2025-06-18,1207.8355693502274,1221.3136479815041,1201.9451254258431,1219.017333984375,3135662
2025-06-19,1216.0221372882443,1225.8062721991687,1211.8290062533267,1215.52294921875,4243763
2025-06-20,1215.5230183598476,1224.0092160239617,1212.2283281649422,1218.7177734375,4652390
2025-06-23,1210.6308537948642,1220.9141765377137,1203.6422209833972,1212.12841796875,2312469
2025-06-24,1220.9142315421007,1236.3890620360896,1213.6260368186765,1219.2169189453125,6745788
2025-06-25,1224.3086005822797,1224.3086005822797,1209.0333982470088,1211.3297119140625,4229259
2025-06-26,1213.2266164347136,1236.9880169210137,1209.233111941022,1231.4969482421875,8678448
2025-06-27,1234.8914830095598,1244.975057739528,1218.4182765518997,1223.110595703125,6068274
2025-06-30,1226.9044065990563,1233.9928524938196,1191.1624936760497,1197.2525634765625,6559872
2025-07-01,1200.048121898433,1200.048121898433,1165.1049569513073,1171.394775390625,8702198
2025-07-02,1178.0837984150073,1179.9807373800923,1170.0967896121938,1173.3914794921875,5471100
2025-07-03,1176.0870617453147,1179.0821900859225,1166.1033006099556,1169.1982421875,6237185
2025-07-04,1173.095303475241,1178.5910651184386,1161.104550799174,1176.6925048828125,3926186
2025-07-07,1176.6925315385822,1176.6925315385822,1166.700237415503,1174.1944580078125,5783402
2025-07-08,1179.090677793982,1179.090677793982,1161.0046502671364,1164.501953125,9973619
2025-07-09,1159.1060390377668,1170.0975618217456,1157.7070935609217,1163.8023681640625,8674795
2025-07-10,1169.1982893297397,1175.6932803896598,1162.1037850287682,1163.40283203125,4339755
2025-07-11,1161.1045522095474,1174.9938651381117,1159.7056066670582,1172.8955078125,4468654
2025-07-14,1178.091458637763,1178.9907894899875,1162.1037882915339,1171.7962646484375,4772502
2025-07-15,1173.0953206939591,1178.091467715654,1161.4043854536912,1165.0015869140625,4776756
2025-07-16,1164.002330953665,1173.0952939304498,1156.2082929871394,1167.4996337890625,4388279
2025-07-17,1169.098340588998,1171.9961301019453,1153.9101032453461,1158.90625,5694428
2025-07-18,1089.1599990494663,1115.0400637891007,1085.1630816217619,1098.452880859375,38053695
2025-07-21,1085.163068778452,1100.6511236274998,1071.0739594077916,1098.7525634765625,15905500
2025-07-22,1101.1507259292464,1109.7440738053162,1094.1561205921278,1097.15380859375,9999957
2025-07-23,1098.6526441789765,1109.6441667673976,1097.2536987270212,1103.9486083984375,6633979
2025-07-24,1103.149269668163,1104.1484990790943,1088.560544663815,1094.256103515625,9901209
2025-07-25,1085.262939453125,1100.151480708091,1075.37054479538,1085.262939453125,11779887
2025-07-28,1080.06700589857,1091.3582241283038,1066.5774099597274,1072.7725830078125,9029557
2025-07-29,1070.0747930042048,1077.8687091686768,1054.5867372441537,1063.3798828125,15599773
2025-07-30,1069.675009445578,1079.767201393535,1061.181560047832,1072.472900390625,8247433
2025-07-31,1065.1784853249985,1080.466743145018,1063.080128088743,1067.57666015625,7634413
2025-08-01,1064.1792707746743,1070.0747484070778,1059.1831239635255,1061.581298828125,5545447
2025-08-04,1063.5797746594428,1069.1754347826832,1058.183911621366,1067.7764892578125,4465845
2025-08-05,1067.1769625013424,1079.0678163476823,1061.6812009903335,1069.974853515625,5318081
2025-08-06,1073.1723708037903,1076.8694707767693,1064.7788194860536,1070.1746826171875,4216651
2025-08-07,1066.977176292842,1078.8679082841259,1063.6796705621337,1075.37060546875,5321131
2025-08-08,1072.1730875391024,1079.5674090897921,1053.3875270564029,1057.2845458984375,5084903
2025-08-11,1057.2845412230301,1074.5712576112912,1051.7887798480178,1072.472900390625,5452775
2025-08-12,1070.274542939649,1075.7703044188218,1065.478315198115,1069.1754150390625,4573025
2025-08-13,1070.2745119894926,1071.9732750378564,1062.3805758797093,1065.178466796875,4966778
2025-08-14,1066.1776825929462,1071.5735453068455,1061.1815360016017,1067.376708984375,6761305
2025-08-18,1079.1677749702633,1089.1600691829508,1078.5682617127516,1081.7657470703125,7964987
2025-08-19,1077.1692902994891,1094.1561900537483,1074.9710344159066,1082.365234375,5661531
2025-08-20,1080.1669860248583,1082.8648566259114,1076.969500721666,1079.3675537109375,3034728
2025-08-21,1089.1600252490596,1089.1600252490596,1075.570530063219,1078.068603515625,6459262
2025-08-22,1075.1707521863284,1077.6688254953115,1068.6757615829724,1070.07470703125,3853718
2025-08-25,1072.1731031186114,1073.6719471583856,1067.3767534008373,1069.1754150390625,2711278
2025-08-26,1067.1770021897328,1068.9756639052698,1047.1924141337454,1049.290771484375,7197666
2025-08-28,1056.1854006509102,1058.6834739731687,1046.193107361876,1051.08935546875,8564803
2025-08-29,1051.2892385789264,1062.1808635505645,1041.6966606316682,1044.39453125,4718016
2025-09-01,1046.792693797241,1063.1800803329604,1046.792693797241,1060.6820068359375,3190426
2025-09-02,1060.6819506517852,1064.0793548230254,1048.1915838282832,1055.385986328125,4933541
2025-09-03,1055.3860511421183,1064.079420170901,1044.1947305714677,1053.88720703125,8303296
2025-09-04,1057.3844922319947,1061.3814097939771,1046.4929894565873,1049.590576171875,8088417
2025-09-05,1055.7857154711764,1057.1846609678942,1046.9925703048245,1055.0863037109375,2849589
2025-09-08,1055.0863616682946,1062.1808661059258,1053.1878013881899,1054.6866455078125,2260147
2025-09-09,1056.6850022541591,1058.1838462289877,1047.891735478004,1051.3890380859375,4310419
2025-09-10,1057.1846182048694,1073.2721858257835,1054.2868287880779,1069.2752685546875,5241075
2025-09-11,1068.176167416612,1092.1576716429909,1068.176167416612,1086.56201171875,5227539
2025-09-12,1087.5612418866979,1107.8455243744909,1087.5612418866979,1104.4482421875,6014850
2025-09-15,1104.1484634272642,1109.1446103206003,1099.1523165339283,1103.5489501953125,3881807
2025-09-16,1104.847882034871,1126.2314152658462,1103.1492408711283,1120.3359375,7965606
2025-09-17,1120.435994746524,1127.6303977627526,1115.2399285892504,1125.13232421875,5590739
2025-09-18,1128.129913734106,1133.5257765121382,1120.3358761684776,1132.1268310546875,5713032
2025-09-19,1132.1268686542164,1143.2182901919443,1125.731776333649,1135.024658203125,8910732
2025-09-22,1135.124515662792,1146.715551462693,1130.3281661018914,1143.51806640625,7689900
2025-09-23,1145.1168893049187,1171.896285943036,1141.020073171241,1169.8978271484375,16079093
2025-09-24,1167.0999210108505,1171.8962708465979,1153.110709628871,1158.0069580078125,12812055
2025-09-25,1153.8100741514515,1170.8969935063292,1152.5111491906418,1165.700927734375,11188302
2025-09-26,1160.704836753473,1168.798570429251,1147.1153414245289,1153.1107177734375,5618932
2025-09-29,1154.5095860957442,1157.4073755324762,1125.8316312925506,1131.327392578125,9693881
2025-09-30,1129.129162712632,1136.1237681453651,1124.5327321092266,1130.7279052734375,8165203
2025-10-01,1131.6272525367885,1163.9024097219321,1130.1284084936935,1158.6064453125,9655009
2025-10-03,1170.0975504074936,1187.0844490897546,1168.5987064061178,1180.08984375,11095015
2025-10-06,1184.086852097852,1214.263531521155,1181.1890624105488,1211.865478515625,20128505
2025-10-07,1211.0660300798188,1211.0660300798188,1183.0876069426613,1185.885498046875,8620156
2025-10-08,1179.1905708552174,1193.879315975699,1173.195194555325,1179.690185546875,5160430
2025-10-09,1177.092172913211,1186.3850546477581,1162.2036312205041,1166.5003662109375,7194651
2025-10-10,1167.099888033273,1190.7815749845481,1164.301997045437,1179.4903564453125,6933035
2025-10-13,1170.0975857557814,1192.6801449968107,1166.600282980252,1188.6832275390625,4138448
2025-10-14,1190.881629244145,1190.881629244145,1165.7009755688605,1175.8931884765625,5742538
2025-10-15,1179.0906179006056,1180.7892589833573,1163.1029485053432,1168.6986083984375,6328142
2025-10-16,1215.4626602690012,1215.9622749664172,1184.386650484972,1195.378173828125,17747171
2025-10-17,1195.378127506221,1211.9653104224176,1190.681676346755,1199.2750244140625,6404414
2025-10-20,1206.9691490495477,1230.7507342517279,1206.0698182446727,1225.05517578125,7418616
2025-10-21,1224.8554197755107,1237.8454016834933,1221.0582993503724,1236.3465576171875,1940248
2025-10-23,1245.0397715691,1275.1165506443417,1240.3434424090542,1257.8299560546875,14611221
2025-10-24,1253.2334413696176,1255.0321030466466,1239.1443314870335,1240.9429931640625,4882046
2025-10-27,1242.441839313446,1257.5301786026632,1241.6424070164871,1253.133544921875,6185072
2025-10-28,1248.0374700896894,1257.9298651445754,1235.6470016359046,1245.339599609375,8146777
2025-10-29,1245.9390863463195,1250.0359022381838,1238.244947255514,1247.837646484375,4578825
2025-10-30,1242.042141558398,1247.0382885477723,1234.0483063753995,1237.6455078125,4017532
2025-10-31,1242.0420660340162,1244.4402408383398,1230.0513139886355,1231.8499755859375,4106607
2025-11-03,1225.0552499537425,1240.043691021692,1221.35814994748,1232.749267578125,6118907
2025-11-04,1229.1519657161218,1234.947544579493,1221.8576648446217,1225.6546630859375,3299345
2025-11-06,1224.0559200275998,1238.6446437404365,1224.0559200275998,1227.55322265625,3733721
2025-11-07,1226.0543803853739,1227.8530419588296,1216.0620871466992,1221.857666015625,3461466
2025-11-10,1221.0582806000282,1231.8500065022106,1214.5632897457729,1216.0621337890625,4140568
2025-11-11,1217.1612278614307,1224.0559346641744,1208.467981442474,1221.557861328125,5615453
2025-11-12,1226.9537631333974,1231.7499909053392,1215.562523963644,1220.6585693359375,6782513
2025-11-13,1218.0605641936236,1233.8484365397046,1212.264985237154,1224.2557373046875,3345231
2025-11-14,1223.056775575948,1245.039822195777,1221.058316792327,1240.6431884765625,5197740
2025-11-17,1242.9414044247746,1260.028201798564,1239.44410172351,1248.636962890625,4088026
2025-11-18,1249.0367693639987,1272.5186606280417,1246.6385943715704,1264.4249267578125,10175969
2025-11-19,1267.0228456161299,1272.0189924837014,1256.8307547967806,1269.4210205078125,4101288
2025-11-20,1274.017503489148,1286.3080740780129,1261.6270343540828,1284.2095947265625,4617594
2025-11-21,1283.0105266743428,1283.5101413654154,1272.0190034707464,1274.81689453125,6363593
2025-11-24,1278.2141857045526,1289.9052427423878,1265.623919797552,1268.0220947265625,10491953
2025-11-25,1268.1219878416657,1275.7161067708207,1262.7261247685515,1265.32421875,5290156
2025-11-26,1270.9198641332523,1291.8037824278044,1268.3218921582525,1289.2056884765625,4842021
2025-11-27,1296.0004592453204,1302.9950646537377,1280.0127897403665,1286.3079833984375,5924706
2025-11-28,1286.3079857267776,1288.0066268242583,1274.0174159821017,1278.7137451171875,3093636
2025-12-01,1287.0074895694327,1288.0067189868003,1267.522515930765,1274.7169189453125,4098016
2025-12-02,1269.7206814849603,1280.012792541795,1254.1327280787623,1257.030517578125,8115347
2025-12-03,1254.0328509120545,1271.9190809099528,1254.0328509120545,1269.720703125,3582794
2025-12-04,1269.7206681913929,1281.8114407353803,1268.421743240615,1279.0135498046875,3216108
2025-12-05,1274.2172952640824,1284.0097922758284,1266.3234805034615,1281.51171875,2728214
2025-12-08,1283.0105727184648,1287.806922715388,1264.1251123229204,1272.8184814453125,2969478
2025-12-09,1271.0197291988948,1280.4125094545745,1262.22646215608,1274.916748046875,4239279
2025-12-10,1272.0189640520778,1283.010486915057,1267.3226348920275,1277.6146240234375,2928746
2025-12-11,1276.4155672355312,1281.0119977463942,1270.020475144826,1271.7191162109375,2017404
2025-12-12,1277.0151531013842,1290.0051350969381,1276.9152545582056,1285.10888671875,2281078
2025-12-15,1284.009733605876,1289.4055965703628,1279.0135867825068,1283.8099365234375,1634472
2025-12-16,1276.1158469576924,1276.6154616594986,1215.9622856507456,1218.66015625,11542048
2025-12-17,1219.6592876851394,1235.0474436599686,1219.3595920738758,1223.756103515625,5147181
2025-12-18,1225.1550731667012,1237.5455414162577,1219.259595647226,1228.852294921875,3441592
2025-12-19,1235.746885956047,1240.5432356172332,1228.152767306034,1229.651611328125,5055047
2025-12-22,1234.0482954798545,1235.946855714303,1225.8546632801215,1232.2496337890625,2405809
2025-12-23,1238.045242047991,1238.045242047991,1222.5571861547353,1224.0560302734375,2920318
2025-12-24,1229.0520802122269,1234.447943008406,1223.756115954151,1225.35498046875,3155506
2025-12-26,1224.0559328937265,1228.9521810205488,1221.058244894803,1227.25341796875,1665983
2025-12-29,1227.2534168570169,1232.949097235554,1218.0605557924741,1231.050537109375,2209655
2025-12-30,1232.0498131128988,1251.1350696831464,1231.0505837429776,1245.039794921875,5673233
2025-12-31,1245.0397618984655,1270.5201101556172,1244.0405325550478,1268.4217529296875,3711090
2026-01-01,1269.021335005127,1278.214196672934,1262.8261615302456,1273.41796875,2022412
2026-01-02,1272.918311604941,1280.8122479783322,1263.3257341026986,1265.9237060546875,5860547
2026-01-05,1273.2180455456032,1288.7061011587011,1269.0213308796485,1284.8092041015625,6177100
2026-01-06,1303.5945822822944,1303.5945822822944,1284.409427601834,1292.802978515625,6751769
2026-01-07,1292.0036354433014,1297.999011941878,1283.0105706954362,1294.501708984375,5440002
2026-01-08,1290.1049625392075,1302.1956130273209,1282.810661621765,1285.808349609375,3949654
2026-01-09,1285.8084190520194,1294.3018688089537,1269.1212151673558,1271.019775390625,5531427
2026-01-12,1273.7176322643472,1278.613880584573,1265.5240002008,1273.218017578125,6489750
2026-01-13,1273.018218268683,1283.0105119756586,1257.729960106514,1261.0274658203125,5163166
2026-01-14,1254.0328977976028,1306.9920560312862,1252.5340536966494,1297.7991943359375,7776704
2026-01-16,1297.7991895256325,1307.9912805838399,1285.5086191528724,1293.20263671875,5175495
2026-01-19,1305.992816944013,1325.9774048084967,1296.1004215558446,1306.492431640625,8833223
2026-01-20,1305.0934393364212,1309.889789042553,1289.0058710771407,1292.503173828125,6268527
2026-01-21,1289.005835224937,1296.699852272607,1266.423276770507,1283.9097900390625,3854702
2026-01-22,1289.0058962937878,1297.8990621440864,1280.4125480470777,1293.80224609375,5949677
2026-01-23,1296.0004620817394,1297.9989207742324,1247.03822411566,1257.030517578125,8885549
2026-01-27,1287.8068186364756,1332.172503629323,1277.4148091338427,1314.7860107421875,22715357
2026-01-28,1346.96117816438,1368.344710877668,1309.1902595410845,1318.782958984375,15426403
2026-01-29,1316.9843142731056,1365.9465535746094,1304.9935617911046,1362.6490478515625,16107684
2026-01-30,1350.9581487855723,1377.6375249747894,1350.9581487855723,1369.343994140625,14758482
2026-02-02,1337.9681888395623,1351.657583056608,1301.8960312952238,1310.4893798828125,8647298
2026-02-03,1401.9187671636068,1417.2070248903838,1344.4630799847705,1355.15478515625,10384723
2026-02-04,1368.6444460360808,1368.8443650997315,1335.5699776381928,1337.6683349609375,6672251
2026-02-05,1338.9673655022464,1338.9673655022464,1316.38480597186,1329.5745849609375,3766488
2026-02-06,1323.978857614386,1345.3623895967637,1323.6790400259413,1340.5660400390625,5876574
2026-02-09,1348.9596813977641,1348.9596813977641,1329.6745053102466,1340.3663330078125,4077536
2026-02-10,1351.5576029795986,1359.0518231520896,1342.2648431514538,1355.6544189453125,5478998
2026-02-11,1356.9535467798464,1358.9520056116282,1343.7637672805854,1346.2618408203125,3866272
2026-02-12,1346.8613439479982,1356.6537189643552,1335.1702866842277,1338.9674072265625,4152620
2026-02-13,1340.2663796042373,1345.4623234479259,1315.0857267297542,1331.2733154296875,4624549
2026-02-16,1322.9796798725715,1360.8504972188548,1322.9796798725715,1357.2532958984375,5082167
2026-02-17,1357.2533026228227,1359.851274590649,1349.3593662013097,1356.154052734375,4513065
2026-02-18,1361.9496315905558,1377.4376868287463,1352.7567701751589,1375.9388427734375,5556076
2026-02-19,1380.0356854729655,1381.7344486208985,1349.9589052436156,1355.5545654296875,2744704
2026-02-20,1349.95888845452,1375.439237570427,1349.95888845452,1367.24560546875,3791536
2026-02-23,1379.4361742227843,1400.9196061284633,1379.1363566149982,1385.63134765625,6160153
2026-02-24,1396.9226494184725,1396.9226494184725,1382.4338236555484,1386.5306396484375,7888492
2026-02-25,1392.9257588022874,1403.2178702295591,1386.5306663608878,1401.9188232421875,4379373
2026-02-26,1401.918780685966,1404.616651145543,1384.9318817040264,1394.424560546875,8979547
2026-02-27,1385.9310826257845,1394.4245319425252,1379.935706637497,1382.83349609375,5840317
2026-03-02,1368.0449464468218,1383.6329006836204,1352.5568907547233,1371.2425537109375,5132511
2026-03-04,1343.4638586340375,1356.5537387000065,1325.977345040809,1350.2586669921875,5832353
2026-03-05,1353.8558818023537,1354.7552126199696,1334.2710107771431,1348.060302734375,6057499
2026-03-06,1345.9619172738485,1346.8612480726197,1312.4877344760207,1314.7860107421875,11629935
2026-03-09,1281.21185421577,1290.005121495157,1259.8284431987802,1287.3072509765625,7926265
2026-03-10,1294.2017954025807,1318.483117211831,1283.609988769071,1313.686767578125,6289277
2026-03-11,1308.9904577529614,1316.4846779309364,1251.7345668027367,1254.832275390625,6859908
2026-03-12,1242.2419531270289,1250.1358898575004,1230.8508354394771,1233.5487060546875,9663320
2026-03-13,1223.0566935167647,1233.548601426835,1193.3796313616317,1196.3773193359375,9098187
2026-03-16,1198.2758601545113,1218.9599821354238,1179.1906028112269,1213.763916015625,8743794
2026-03-17,1218.7600133529452,1231.3504009913356,1209.0675372579854,1227.153564453125,5707317
2026-03-18,1227.0537204854681,1259.0290617359037,1223.25659992148,1252.2342529296875,6018952
2026-03-19,1220.0590351044686,1240.543236758557,1201.0736774738505,1206.06982421875,8264698
2026-03-20,1207.6686193933658,1230.850814485364,1198.7754534047704,1202.9722900390625,7518686
2026-03-23,1180.0898858184764,1184.1867018397022,1164.1022159005292,1169.6978759765625,6697446
2026-03-24,1186.0852033826384,1201.8730754363555,1168.698588811437,1191.78076171875,8274701
2026-03-25,1199.0752581820623,1238.0452040729795,1197.0767994184255,1221.158203125,9645791
2026-03-27,1208.5679755024764,1212.5648931560606,1201.0737549020064,1204.271240234375,9479301
2026-03-30,1184.1867379087505,1187.883959875634,1153.0108294096656,1160.4051513671875,18534887
2026-04-01,1174.0945147139696,1207.0690840633831,1174.0945147139696,1192.1805419921875,6595695
2026-04-02,1173.694834782652,1201.3735624884298,1149.4136334255566,1196.9769287109375,9501543
2026-04-06,1201.1735518383607,1248.8368640111612,1195.4779934543012,1244.34033203125,7847086
2026-04-07,1236.846148755743,1254.5324596108962,1220.0590467422576,1249.1365966796875,9248545
2026-04-08,1299.0981069582683,1334.5707503418926,1299.0981069582683,1331.9727783203125,13519723
2026-04-09,1321.281007006804,1337.5683720869056,1311.788328262907,1317.48388671875,6542529
2026-04-10,1327.775987854385,1357.552948822845,1325.077995466752,1349.759033203125,6755589
2026-04-13,1316.9843426965365,1365.846684510496,1314.286472120357,1352.556884765625,8974851
2026-04-15,1365.946582373461,1383.4330967783883,1347.9604532712501,1354.4554443359375,6789879
2026-04-16,1360.950405135781,1363.448478566647,1341.9650470611996,1348.5599365234375,5232398
2026-04-17,1351.957337543237,1363.248678214176,1343.0641717554277,1358.0526123046875,4062181
2026-04-20,1358.4523557219322,1372.941181877113,1346.9612177367892,1353.656005859375,4878641
2026-04-21,1359.9512233524406,1379.236399704072,1353.656029295873,1376.6383056640625,5145338
2026-04-22,1368.944287324286,1389.928104867213,1364.947369697062,1378.536865234375,3997911
2026-04-23,1367.945042422019,1383.1332804429271,1364.347840993514,1368.5445556640625,5671255
2026-04-24,1367.9449987412254,1373.9403749227063,1348.9596408332025,1364.847412109375,3648313
2026-04-27,1323.9788756219436,1326.2771518946506,1298.8982435808812,1323.179443359375,10768267
2026-04-28,1310.9889903752908,1320.3817712564608,1284.5094109203021,1288.0067138671875,9939787
2026-04-29,1294.0020554402972,1308.1910639372534,1278.014385257251,1295.4010009765625,6228275
2026-04-30,1287.0074012162179,1287.0074012162179,1256.3311089994636,1267.3226318359375,16481853
2026-05-04,1267.3226232305547,1293.4024846611255,1263.525502940515,1274.1173095703125,9759479
2026-05-05,1267.0229010000714,1272.7184598875697,1251.0352303249917,1258.729248046875,10163714
2026-05-06,1274.0174810881558,1299.9974454083847,1254.2326902384063,1293.20263671875,7277673
2026-05-07,1297.9989290636138,1307.0918917772797,1280.212597796342,1291.7037353515625,6785048
2026-05-08,1279.0135664260551,1281.0120251235958,1263.625410059744,1267.3226318359375,6358595
2026-05-11,1257.7299630241207,1282.011285578894,1250.735357413012,1271.319580078125,7341360
2026-05-12,1269.421017563825,1273.0182189048855,1255.9314210526663,1259.12890625,5727828
2026-05-13,1255.1320159570741,1274.3172934854406,1246.538667573858,1254.7322998046875,6045406
2026-05-14,1255.631637507536,1268.022106441695,1234.8477392086593,1253.6331787109375,5822618
2026-05-15,1258.6293424179842,1262.4264629724478,1241.0429291696062,1243.8408203125,4805485
2026-05-18,1238.0451728188796,1241.0428608886589,1221.1581722972078,1236.946044921875,6052023
2026-05-19,1237.5456222864914,1248.8369633917555,1230.351219336608,1237.3458251953125,9200314
2026-05-20,1233.0490412431207,1253.1335271630967,1225.6547195178894,1248.8369140625,3562641
2026-05-21,1255.9314298819743,1261.726887089914,1243.8407788007414,1252.334228515625,5171528
2026-05-22,1253.1334965544734,1287.8068279947058,1253.1334965544734,1284.409423828125,5016900
2026-05-25,1299.39784951034,1313.4869587156177,1292.9028588434312,1310.189453125,5671455
2026-05-26,1308.7907369859347,1315.985139985791,1290.50478989495,1298.298828125,6455265
2026-05-27,1295.3010549602839,1313.4869803364859,1292.103447855121,1303.094970703125,7243174
2026-05-29,1295.1011997994176,1311.5884848848368,1276.4156588264402,1285.6085205078125,15215715
2026-06-01,1288.0066280954209,1292.2033425617142,1266.0235824646225,1274.916748046875,4311076
2026-06-02,1262.0267183828762,1274.8169033533427,1243.9406908361375,1250.1358642578125,11884695
2026-06-03,1244.1404736967706,1263.8253656219047,1229.3519520935338,1254.232666015625,7953326
2026-06-04,1245.0398052641103,1258.929118016639,1243.1412450502407,1252.334228515625,6392593
2026-06-05,1259.0290099995375,1275.0166799677856,1251.1350735574667,1271.319580078125,7825303
2026-06-08,1261.0274061863013,1278.2141017590434,1261.0274061863013,1267.1226806640625,5034388
2026-06-09,1274.916768250008,1297.3994289105083,1270.520134658929,1291.404052734375,7533504
2026-06-10,1282.5109488108894,1325.477813476934,1282.5109488108894,1313.487060546875,12262606
2026-06-11,1307.7914623726329,1338.4677555724868,1306.2926183014429,1316.284912109375,8196686
2026-06-12,1330.9735596234657,1357.4531387000588,1317.4839627353902,1355.2548828125,8535670
2026-06-15,1370.9427053735023,1376.9380816360685,1359.5514660793779,1367.24560546875,7522828
2026-06-16,1362.4492051798502,1370.4430399003772,1348.1601768264127,1364.6474609375,7709061
2026-06-17,1363.048787960663,1364.647530591123,1348.2602661586025,1349.8590087890625,4761917
2026-06-18,1346.561512407277,1364.8474591819588,1343.9635403676145,1359.0518798828125,5186573
2026-06-19,1355.7545097416184,1361.9496832815275,1349.4593156798994,1356.8536376953125,4640277
2026-06-22,1359.9511533650066,1365.0471986847929,1354.1555743103543,1357.552978515625,3153284
2026-06-23,1357.5529705396623,1370.8427696854017,1355.0548971646165,1362.44921875,5745853
2026-06-24,1354.9550675446912,1385.0318481148515,1354.9550675446912,1383.43310546875,8343829
2026-06-25,1385.831270177255,1399.021049380356,1371.6421396044548,1376.138671875,7995552
2026-06-29,1391.5268564078813,1391.5268564078813,1351.1579637199086,1355.7545166015625,12602010
2026-06-30,1356.6537167481358,1373.9404342753348,1342.5646065082708,1344.6629638671875,7781221
2026-07-01,1344.6628669036613,1376.6382056137847,1344.6628669036613,1367.6451416015625,3187785
2026-07-02,1372.941166068036,1374.440010135796,1357.053394554533,1361.5499267578125,4013561
2026-07-03,1371.941884852612,1371.941884852612,1337.3685740578373,1341.065673828125,3500465
2026-07-06,1354.6551952621983,1369.9434532686023,1334.470810970254,1338.567626953125,5154081
2026-07-07,1345.762131730582,1355.8543237280394,1335.1702030839804,1339.966552734375,6198988
2026-07-08,1342.9642575887744,1342.9642575887744,1302.9950832557752,1308.4908447265625,6917968
2026-07-09,1311.8882333774443,1320.5814799012492,1291.2041127197447,1296.5999755859375,5609851
2026-07-10,1304.0,1326.5999755859375,1303.9000244140625,1323.699951171875,3549139
2026-07-13,1315.9000244140625,1329.9000244140625,1313.5,1319.4000244140625,3674483
2026-07-14,1320.0999755859375,1323.699951171875,1298.5999755859375,1317.5999755859375,6005505
2026-07-15,1328.0,1348.0,1303.300048828125,1312.300048828125,9442403
2026-07-16,1315.0999755859375,1315.5,1299.4000244140625,1307.5999755859375,5001226
2026-07-17,1307.0,1333.0,1305.0,1328.5,11192836
2026-07-20,1275.0,1284.0,1249.0999755859375,1256.0,25314148
2026-07-21,1245.0,1267.699951171875,1244.5,1258.199951171875,15014867
2026-07-22,1258.199951171875,1258.199951171875,1230.5,1238.4000244140625,8358923
2026-07-23,1230.0999755859375,1239.4000244140625,1219.199951171875,1223.0,8240787
2026-07-24,1216.800048828125,1233.9000244140625,1210.5999755859375,1227.300048828125,8088828
2026-07-27,1237.0,1237.0,1221.5999755859375,1227.5,5967502
2026-07-28,1222.5,1233.9000244140625,1219.699951171875,1223.5,6093182
2026-07-29,1229.5,1237.0999755859375,1214.4000244140625,1235.4000244140625,10110233
2026-07-30,1229.0,1232.199951171875,1220.199951171875,1228.9000244140625,6878684
2026-07-31,1226.199951171875,1239.699951171875,1226.0,1229.5,7487936
2026-08-03,1236.9000244140625,1272.0,1230.5,1272.0,6713421
2026-08-04,1264.0,1264.0,1244.0,1261.800048828125,5694891
2026-08-05,1260.0,1263.0,1246.199951171875,1253.9000244140625,4295407
2026-08-06,1256.0999755859375,1259.9000244140625,1248.300048828125,1256.0,4845792
2026-08-07,1252.0999755859375,1256.0,1238.0,1238.0,3628823
2026-08-10,1235.0,1250.0,1235.0,1247.300048828125,3661847
2026-08-11,1242.0,1243.0,1225.4000244140625,1229.800048828125,5843702
2026-08-12,1230.0,1234.9000244140625,1216.9000244140625,1230.0,7218881
2026-08-13,1224.5,1224.800048828125,1215.5999755859375,1221.800048828125,5284300
2026-08-14,1216.0,1218.699951171875,1208.5999755859375,1217.4000244140625,5557745
2026-08-17,1220.0,1235.0,1213.5999755859375,1227.300048828125,6068014
2026-08-18,1223.9000244140625,1250.5,1223.4000244140625,1243.0,5064697
2026-08-19,1243.0999755859375,1245.0,1224.0,1235.0,3061937
2026-08-20,1237.5,1253.9000244140625,1236.199951171875,1251.0,4163816
2026-08-21,1250.5999755859375,1256.4000244140625,1240.4000244140625,1245.800048828125,3690270
2026-08-24,1245.800048828125,1248.699951171875,1231.800048828125,1236.0,3778588
2026-08-25,1236.0999755859375,1240.5,1229.800048828125,1235.0,3606504
2026-08-26,1240.0999755859375,1257.699951171875,1238.199951171875,1255.0,3298266
2026-08-27,1260.0,1268.699951171875,1251.4000244140625,1256.0,7005789
2026-08-28,1256.0,1265.4000244140625,1248.199951171875,1265.0,3243469
2026-08-31,1257.0,1300.0,1251.199951171875,1300.0,6093670
2026-09-01,1274.9000244140625,1275.0999755859375,1255.0,1258.0,5588158
2026-09-02,1254.5999755859375,1266.9000244140625,1250.0,1253.9000244140625,6437250
2026-09-03,1265.0,1278.9000244140625,1260.199951171875,1267.0,3309215
2026-09-04,1270.300048828125,1280.699951171875,1262.0,1273.0,3810611
2026-09-07,1271.0,1271.9000244140625,1261.5999755859375,1266.0,1592707
2026-09-08,1262.800048828125,1264.9000244140625,1239.5,1244.9000244140625,3623260
2026-09-09,1236.0,1257.4000244140625,1234.699951171875,1238.5,6679663
2026-09-10,1242.0999755859375,1255.199951171875,1240.4000244140625,1246.0,4150654
2026-09-11,1237.9000244140625,1252.800048828125,1229.800048828125,1246.0,4562285
2026-09-15,1254.0,1254.0,1219.9000244140625,1222.9000244140625,5698466
2026-09-16,1230.0,1252.5,1223.699951171875,1241.0,5799541
2026-09-17,1238.0,1257.5999755859375,1233.0,1240.0,4413665
2026-09-18,1244.0,1257.0,1240.5,1257.0,5693016
2026-09-21,1248.0,1254.300048828125,1242.0,1250.0,3680283
2026-09-22,1245.199951171875,1255.5999755859375,1240.0999755859375,1242.699951171875,2689110
2026-09-23,1242.199951171875,1252.0,1238.9000244140625,1243.199951171875,2287837
2026-09-24,1225.199951171875,1225.199951171875,1175.0,1186.5,10890660
2026-09-25,1191.5,1225.0,1191.5,1222.4000244140625,6923162
2026-09-28,1211.5,1217.800048828125,1205.0,1209.9000244140625,4771499
2026-09-29,1202.0,1212.0999755859375,1190.5,1212.0999755859375,7260302
2026-09-30,1201.0999755859375,1237.0999755859375,1201.0999755859375,1226.0,6178741
