Date,open,high,low,close,volume
2021-01-01,485.3182021914964,489.25001110871534,481.48112359153447,488.06573486328125,10377082
2021-01-04,489.81847874700014,493.13448187174697,484.70239330418616,489.9132385253906,13489114
2021-01-05,486.9762268066406,489.7237596920977,484.2286939211836,486.9762268066406,10689423
2021-01-06,487.9235792025952,503.792938803867,486.12346764052654,497.68206787109375,30837593
2021-01-07,504.0298337944748,525.2994990606829,499.38740041560754,516.5831909179688,39444841
2021-01-08,520.4202848730529,520.8466302313046,509.05117350615825,511.84613037109375,14538362
2021-01-11,513.030391564107,525.2048288273674,513.030391564107,518.3833618164062,19892197
2021-01-12,520.1361593270988,539.0846413805072,516.3464157868981,536.0054931640625,25857074
2021-01-13,557.0857135612682,570.0654190232608,537.1898099477694,547.8483276367188,85239439
2021-01-14,552.0642813233684,554.0538537356717,540.0793638646998,550.02734375,16974338
2021-01-15,577.5026100265693,578.5448203003671,562.5806991865497,570.9653930664062,57451072
2021-01-18,570.9653652674904,571.2969802890028,553.2959224886246,556.0908203125,21359539
2021-01-19,560.0226662585094,566.0388079591307,555.6645409504252,561.1596069335938,11034273
2021-01-20,561.1595404046292,570.8232698936204,558.0330275586844,564.80712890625,13333007
2021-01-21,568.6916078422114,572.2918315945343,544.2006957702876,550.7852783203125,17380638
2021-01-22,553.2011630632179,554.7644490260777,542.6373771712147,546.5218505859375,12662954
2021-01-25,548.5588414640448,556.9435951140485,539.6057058259768,550.2168579101562,12503932
2021-01-27,549.5061642059856,551.1641803552104,532.7841428897125,540.7898559570312,15567653
2021-01-28,536.7160400922197,545.5744447856841,533.163181617598,540.8847045898438,15201598
2021-01-29,548.0850554231005,548.0850554231005,521.6519386398337,524.4942016601562,25521965
2021-02-01,529.6103529511495,550.5484658544136,520.3256023616791,548.7009887695312,14212955
2021-02-02,554.1486282268736,573.8077048472064,548.7957165690422,567.8389282226562,21711996
2021-02-03,577.3605532549526,589.7718168440043,567.9336484692435,576.8394775390625,30641248
2021-02-04,582.5712754908469,590.2454323249136,564.3333927246892,569.0231323242188,51976676
2021-02-05,572.0548932246886,574.0445244818288,545.9533912915311,550.5484008789062,35465208
2021-02-08,558.0330493558663,571.912808702834,553.9591153564908,565.8966674804688,21646080
2021-02-09,567.4125347415173,575.7972875337388,563.7175809019217,567.4598999023438,20927436
2021-02-10,573.1445327863684,575.7973354849188,549.7431368828137,559.1699829101562,31642664
2021-02-11,560.8752868936303,571.8180523273207,558.0330239292172,566.6546020507812,19253595
2021-02-12,566.4178056449708,566.4178056449708,553.8644461392962,555.4276733398438,15905053
2021-02-15,560.9701020095324,571.2970630355825,558.9805294160656,562.4860229492188,17972742
2021-02-16,563.7175644924936,569.9705903060456,561.8227224670268,562.7227783203125,15064854
2021-02-17,565.5650451345168,567.3177916933428,559.0278283206329,562.6280517578125,16436661
2021-02-18,565.61244782847,566.5598689103999,554.432855496939,558.0804443359375,22193564
2021-02-19,558.980512090859,564.6650387028031,545.2428472000983,550.7852783203125,19465126
2021-02-22,551.4011443178206,554.1486183892738,538.1371899529686,540.3162231445312,20227667
2021-02-23,544.769113935618,546.6639560605963,534.3474233363445,535.8159790039062,23764401
2021-02-24,538.231833971647,543.9163596827883,535.4843014288848,542.8268432617188,8888950
2021-02-25,549.4115251573107,553.7223442966341,546.7113572775755,548.7009887695312,16230241
2021-02-26,544.2954058921566,555.1434419103222,522.7414882541738,527.0523071289062,198547005
2021-03-01,528.6628746932518,529.7050260357141,493.6081790339295,504.2193298339844,55091122
2021-03-02,512.0829857083849,515.3989595323388,501.04548874175447,512.7462158203125,30622757
2021-03-03,519.8991902793277,521.7940322862268,511.6092270431998,517.5780029296875,24669015
2021-03-04,511.6092047766385,517.2937305499303,509.7143628522079,511.230224609375,17678275
2021-03-05,506.8721730438153,510.1881468896491,496.82946226691666,504.7878112792969,16658703
2021-03-08,503.08245120613594,507.298480673246,497.16104032333516,498.06109619140625,15293359
2021-03-09,502.22979887983223,504.0299107535431,487.26046301210414,494.3187561035156,20181762
2021-03-10,492.8502455034668,502.60867609332337,489.2026569122273,498.20318603515625,19013738
2021-03-12,502.65609253386316,504.7403951761343,494.12924459322755,496.639892578125,11624491
2021-03-15,500.05067140433937,500.05067140433937,489.25003038217903,495.3609313964844,10875944
2021-03-16,496.4504165145935,505.68780046461984,496.4504165145935,501.4717712402344,13252045
2021-03-17,500.9980905375609,503.08245215086265,491.7133408780598,495.4082946777344,8482758
2021-03-18,501.9929175473963,504.21937482268606,488.25528203827605,499.4822692871094,12465338
2021-03-19,500.24010862885825,506.6352297627042,497.8715561555613,502.08758544921875,49597558
2021-03-22,505.0247029755291,505.9247589230019,495.50306778045865,500.24017333984375,13581706
2021-03-23,501.85078383348315,504.4561622236744,494.69770199884147,501.4244384765625,15239339
2021-03-24,500.24010386953347,505.4036130152721,494.08186749755134,496.1188049316406,10801499
2021-03-25,495.8820512809159,496.1188771045005,473.28595157207883,481.0548400878906,17572322
2021-03-26,485.1761071845143,497.3031497064349,483.7549756023404,495.0293273925781,11148490
2021-03-30,500.05071631015346,500.1454466396492,489.10794936787636,494.0819396972656,10691124
2021-03-31,494.887221963234,498.2505607489372,489.1079065156807,490.10272216796875,7712521
2021-04-01,492.61340607691534,496.35575478749723,487.49732032932087,493.4187316894531,7111516
2021-04-05,493.4186680791104,501.18752602704745,487.5446226402898,500.47698974609375,9376649
2021-04-06,500.71383670329595,509.57229984989715,496.97151777290725,504.2193298339844,13115141
2021-04-07,508.7669969548113,518.1464772782791,507.1089806355409,513.1251220703125,21391503
2021-04-08,518.0517617999407,519.7097781667246,512.0829853561709,514.4515380859375,11367448
2021-04-09,511.1354909647866,520.8465852201558,508.2932280966619,516.5831909179688,11641539
2021-04-12,509.28810062201,510.51977163860045,491.239675326381,494.98199462890625,9869735
2021-04-13,498.7242851109999,511.6092586843121,495.59777204149765,507.961669921875,6657701
2021-04-15,511.60921416630094,517.4358944291839,502.3718301592229,510.993408203125,9989813
2021-04-16,511.65665512279776,515.5411288441426,509.7144477180736,512.3198852539062,6273393
2021-04-19,504.26670254086366,506.8721398479033,495.7399132100105,498.7716369628906,7368743
2021-04-20,501.1875832697574,508.76701090756546,498.25058967084493,502.32452392578125,7369109
2021-04-22,502.13498205226875,505.3562254000515,498.39266301891865,502.9403076171875,6675147
2021-04-23,501.1875913333211,504.4562000401491,491.80811060171874,495.12408447265625,7123670
2021-04-26,495.26619616885387,500.7138376025398,495.26619616885387,499.81378173828125,5929161
2021-04-27,499.7191015168802,510.23552307025096,498.5822197385195,506.2089538574219,9875033
2021-04-28,507.7721833659172,519.1886596017422,507.4405683375541,515.6831665039062,12195400
2021-04-29,520.7992443060805,521.083494170879,510.7565345750556,512.41455078125,8846896
2021-04-30,505.4509711273272,518.2411541831542,505.4509711273272,508.5300598144531,8331737
2021-05-03,502.1349686616434,532.9262697453748,501.23491279824043,529.4682006835938,14556346
2021-05-04,536.1949711908713,536.1949711908713,517.9570838707388,523.40478515625,14196229
2021-05-05,527.6206869132775,535.2474197271725,524.8731543551557,530.5103149414062,12095639
2021-05-06,530.5104169587021,534.7264469199664,523.5468539109646,529.37353515625,9169742
2021-05-07,531.694703251732,542.7795655208238,527.6207689378793,538.6109008789062,12894499
2021-05-10,541.9268613083851,546.6639667131402,539.1793283912483,542.4479370117188,8365615
2021-05-11,535.7686413119375,544.6270463739676,534.3948748097031,538.5161743164062,8033470
2021-05-12,538.1371087027368,539.2266251340183,528.85235972276,532.2156982421875,6815070
2021-05-14,534.3474105036407,539.4161307397969,526.9101376681441,530.9367065429688,7697716
2021-05-17,534.3000362933622,534.3000362933622,517.1043034750714,520.7518920898438,13677009
2021-05-18,518.7149734419968,523.8311184314553,506.44586345403474,508.1512451171875,34968901
2021-05-19,509.61967645499504,512.1303245476555,498.53481489470266,500.4296569824219,19583966
2021-05-20,503.08249643809904,503.08249643809904,492.66080527793235,493.276611328125,14036583
2021-05-21,495.7399157243803,505.2614913009368,494.5556099664761,503.0350341796875,10492773
2021-05-24,503.08244458037075,504.97728661200875,498.34528058938565,499.1032409667969,6386039
2021-05-25,502.04028728112826,502.8929780676724,496.92420147375975,498.4400634765625,9412913
2021-05-26,501.18757905328505,502.89296056702614,497.3978947222108,498.1084899902344,6908901
2021-05-27,498.44006057983916,499.2927513614278,491.4291325817377,492.4713134765625,22783169
2021-05-28,494.79246652636164,500.7138778601642,493.0397492728956,496.0715026855469,10248988
2021-05-31,497.8715764286526,507.81955613346514,497.4925962351155,506.77740478515625,12803471
2021-06-01,509.19335682994,510.0934127582868,502.41925478563996,504.8825378417969,8435896
2021-06-02,502.0403266939736,506.4932416346611,500.2402146503723,501.6613464355469,10567595
2021-06-03,502.13497385152306,505.35621714669725,500.7138423017601,504.0772399902344,6290021
2021-06-04,505.87735996590123,507.63004766746667,503.2719226263351,504.69305419921875,4878809
2021-06-07,505.9246624367665,512.5566089551095,504.9772415055746,508.245849609375,9674473
2021-06-08,509.80915902921856,519.1886984611738,505.92474436467865,518.0517578125,12822963
2021-06-09,520.9887020437344,522.504622765043,507.20367354762567,511.6092224121094,12674395
2021-06-10,515.3042195910762,519.0465387280478,511.9408806664358,516.488525390625,7018193
2021-06-11,516.8200407583473,520.8466094648987,511.65659041638014,512.41455078125,7777365
2021-06-14,512.4145396725303,512.4145396725303,501.4717743374108,510.993408203125,5714387
2021-06-15,512.5566516878549,515.0673586031548,510.0933688437649,513.977783203125,7264778
2021-06-16,515.2094306531944,515.2094306531944,506.77737226364223,508.5300598144531,10045600
2021-06-17,511.1355855324684,512.793601968242,499.3401276443409,500.8560485839844,10214732
2021-06-18,503.4613345336453,513.4093134927076,491.71330288603167,510.4248962402344,15000348
2021-06-21,506.872099965562,513.4093163872249,504.9772580411314,511.230224609375,5742834
2021-06-22,519.236043816304,520.1360997035415,507.3458566372781,508.19854736328125,9114558
2021-06-23,509.7144260898229,510.85130782077357,504.6930708023537,505.97210693359375,4767421
2021-06-24,506.8721866286944,507.29853202577493,499.6717389552428,500.9507751464844,6419922
2021-06-25,503.3666344927637,507.7248182859936,501.5191576245639,506.96685791015625,5504204
2021-06-28,508.76703884908443,508.76703884908443,502.5613773432223,503.27197265625,5265796
2021-06-29,503.3192703488309,504.2666913645943,496.4504385286014,497.3504943847656,8713975
2021-06-30,499.2927385320962,502.51398200649686,496.7820903280594,498.0137023925781,5760552
2021-07-01,501.1875585392307,503.082459539102,494.55561123130235,495.1714172363281,6575188
2021-07-02,497.966298490949,504.9772846753901,492.6607526050877,497.3978576660156,13309063
2021-07-05,500.240156169663,500.71386670934197,495.7873006614387,496.4031066894531,6373586
2021-07-06,495.97678035802096,499.9559843912615,493.7029578978687,498.4400634765625,10494366
2021-07-07,495.69247729577944,502.7034634945971,495.69247729577944,501.75604248046875,6669192
2021-07-08,502.1349227087348,504.7877248961923,496.02405177596154,497.68206787109375,5400962
2021-07-09,497.87156078105346,509.2406716703924,495.5030082857514,508.0563659667969,7303645
2021-07-12,510.61447577831683,510.61447577831683,500.8560152110966,501.8034362792969,8932790
2021-07-13,505.4984079369015,507.3458849758045,500.42968737088836,502.18243408203125,8138019
2021-07-14,501.18758890486436,503.461411330583,498.961190554921,502.18243408203125,6666859
2021-07-15,504.50355919072234,504.50355919072234,497.3978428984075,497.8241882324219,6886797
2021-07-16,499.2928012513926,514.830579706039,498.2980148774375,512.6988525390625,11251138
2021-07-19,510.66179219932,516.0621271197509,501.4717733678025,510.1407165527344,9130551
2021-07-20,508.24593092299443,508.5774870636375,495.50305255667377,498.1084899902344,7646460
2021-07-22,503.1772150931076,519.188702233706,496.1188631583595,517.95703125,20220601
2021-07-23,518.9044595102517,531.1736276177422,504.7404491935867,519.472900390625,33200836
2021-07-26,516.3463449293981,524.7310976043565,513.5988121685397,515.4462890625,5214592
2021-07-27,517.1042998540797,517.1042998540797,507.961645801172,512.1303100585938,5835018
2021-07-28,511.1355304728391,540.6951608451559,509.5723034481073,538.0423583984375,32532037
2021-07-29,543.9164305085326,546.3797724336318,535.2949105063661,537.3318481445312,15844335
2021-07-30,536.1475428322648,538.6108847596049,528.4734438983423,532.1210327148438,10125413
2021-08-02,536.242276187913,539.9845949396597,530.5576914118868,535.4369506835938,6372299
2021-08-03,538.1371076651019,551.4010600017303,532.5473122251547,549.6956787109375,21680353
2021-08-04,544.7691855587566,556.0435683789403,540.316270632478,544.2007446289062,21816567
2021-08-05,547.1376628496702,586.4558134097305,547.1376628496702,567.2230834960938,72423461
2021-08-06,563.2438792553801,584.5136056604532,557.5593529239505,575.9393920898438,29055626
2021-08-09,577.9288839700127,580.4869558097399,566.1334875851849,567.7440795898438,10078649
2021-08-10,570.5390684230517,594.9826146259046,566.9388447745902,589.487548828125,34514358
2021-08-11,589.4875343098709,596.1669057424174,581.4344553736056,588.2085571289062,18731287
2021-08-12,590.2454777621377,595.8826387467972,584.5609516174618,590.3875732421875,8430316
2021-08-13,590.3876001997178,605.2147811424242,585.6031297006755,603.5568237304688,21079044
2021-08-16,605.1673938633755,610.1413837412454,598.7722724363844,600.7145385742188,10506327
2021-08-17,600.7145499965994,604.4568690382999,590.2454943649722,593.4193725585938,11311229
2021-08-18,592.9930180650966,600.6671755876376,588.2085477235955,590.1981201171875,7136872
2021-08-20,586.9295138372331,599.7197567851422,575.0866919290291,581.4344482421875,12770173
2021-08-23,585.8873104723612,597.3511523174774,575.655139558141,589.9138793945312,12790616
2021-08-24,594.9351972617574,594.9351972617574,584.6082966717127,587.4979248046875,5885050
2021-08-25,589.6297227494076,589.6297227494076,578.8764166105404,580.2501831054688,8127668
2021-08-26,577.9289926365319,579.3501242885195,553.5801760734447,556.0435180664062,26316897
2021-08-27,557.8435998682812,573.5708364319478,554.290741473897,563.8597412109375,16444274
2021-08-30,564.665020914823,592.1403498308214,559.0752248067874,587.82958984375,40506274
2021-08-31,593.1350911898029,632.9743151038333,592.1403050305036,629.13720703125,60781970
2021-09-01,632.8796293330511,637.9009845537123,619.6156754810343,631.3637084960938,30796359
2021-09-02,634.7271046581309,638.3272693568292,629.1372496821692,631.45849609375,18951106
2021-09-03,632.8795267493268,634.3953884286842,619.61557504727,623.8316040039062,7920313
2021-09-06,629.4688315404746,630.7478675839429,619.047200378316,620.18408203125,10223448
2021-09-07,623.3579799316025,644.722377514275,613.9310757319981,635.2955322265625,28185127
2021-09-08,642.3537910955341,647.848856431375,630.0372592484539,632.7374267578125,20876941
2021-09-09,632.7374899996408,652.0175857606828,631.9795884750104,650.0753784179688,19784500
2021-09-13,655.6178163104503,660.354921808447,649.7911353095876,656.8494873046875,19704664
2021-09-14,658.4600499358877,662.9129642504721,652.8702539177755,657.7021484375,11694600
2021-09-15,660.354947182891,696.3097030092441,659.5496804556155,687.3565673828125,56796797
2021-09-16,696.3570505186334,698.2518925822944,677.7874922533515,680.8192749023438,45001991
2021-09-17,683.093144328236,696.1202138713616,683.093144328236,689.8671875,26649321
2021-09-20,686.8828754207997,695.1254748744489,682.4299606138217,686.8355102539062,14330899
2021-09-21,684.8932453195547,701.8047293104755,684.0405545631917,688.446044921875,14216876
2021-09-22,688.7776583335711,693.5621878080127,686.0301254193434,688.5408325195312,16348622
2021-09-23,694.8411631289724,701.1889196944147,685.1774327927734,688.5881958007812,26497345
2021-09-24,690.7198719831936,713.4107307707692,689.7250857313256,700.5257568359375,72175065
2021-09-27,705.5703026095307,706.439017381331,693.1673461626154,697.4142456054688,11282248
2021-09-28,699.199866731194,701.5163410798086,662.1356880344796,671.9326171875,21944239
2021-09-29,672.7530580452183,677.5791201545813,665.1761640982745,669.9539184570312,16729859
2021-09-30,671.594806214826,685.1077804200011,662.9078942257848,664.355712890625,13911568
2021-10-01,663.4387198154268,663.4387198154268,644.4240826580547,652.3870849609375,14952128
2021-10-04,651.5184174070039,662.3288088559877,646.4028030971499,657.69580078125,8917898
2021-10-05,660.5914233904632,678.9787087540223,656.7305735960406,674.9248046875,25598885
2021-10-06,681.1986752529021,683.3221543899477,664.2592088196398,667.347900390625,10406502
2021-10-07,671.5465473271449,677.7721792751863,667.2513402366735,668.4096069335938,8121590
2021-10-08,670.967497039257,675.2143967180673,664.9349188773989,671.3052978515625,6297352
2021-10-11,668.9887446762158,671.8361332675845,661.1705471722217,666.8170166015625,8792050
2021-10-12,666.9617719911095,674.104367354323,660.398339418148,662.4735107421875,8579567
2021-10-13,665.0313706890771,672.5600159333675,659.3365937323529,665.9000854492188,7062149
2021-10-14,668.8922294270446,669.8574418793204,658.1300870194137,661.9426879882812,9820591
2021-10-18,675.6487294804479,677.530905580665,656.0066792667382,656.923583984375,8574445
2021-10-19,674.6835157219077,674.6835157219077,651.9527738630119,657.4061889648438,7328862
2021-10-20,659.6261892741903,689.0651679896392,657.6957644403905,683.8047485351562,21217306
2021-10-21,686.2178098157673,687.5690719118365,665.2244388231148,671.8361206054688,8908979
2021-10-22,674.200937928872,680.7643712115125,660.4466596676173,670.340087890625,6587256
2021-10-25,668.8922157608305,679.5095525189389,651.5183919748349,667.0582885742188,9540441
2021-10-26,670.822568384228,685.1559478993383,665.0312944125656,671.9808349609375,10953878
2021-10-27,675.0696015944287,689.7890912497796,669.8574308730231,677.9169311523438,11878571
2021-10-28,678.3030101503743,681.4881992694496,660.5913862782616,665.7552490234375,8884507
2021-10-29,668.1200411284135,676.6138985431535,653.4970495708917,661.50830078125,8602343
2021-11-01,665.9483383311723,697.6555435904286,665.6104786282255,687.7138671875,17121001
2021-11-02,687.7138335608633,697.9450614146972,684.866445204444,689.1134033203125,7725455
2021-11-03,700.5029024003204,707.0180861291557,671.7878333732318,674.7799682617188,23261507
2021-11-04,679.509527700525,680.2816858359886,674.8765199758539,676.7103881835938,1064714
2021-11-08,682.839564797567,690.0304093878659,679.509570037024,684.3356323242188,7565546
2021-11-09,686.9417686089758,691.5265281213074,680.6196383269825,688.3895874023438,5278131
2021-11-10,692.5399039786589,712.3267583780491,682.7429744551804,709.865478515625,15180490
2021-11-11,709.431167570913,712.9059089085434,699.0551334873928,703.2537841796875,7421118
2021-11-12,707.5007065629991,719.0832556472501,700.0203102794204,717.6354370117188,9207508
2021-11-15,714.2571771858353,720.0484515954502,710.5893818421238,711.8923950195312,5454742
2021-11-16,715.5603012637958,716.2359618320123,701.7577735640845,704.8947143554688,4639931
2021-11-17,699.3446767772654,706.8733221900633,691.3334251340074,695.001220703125,8002927
2021-11-18,695.5320281512948,698.2829188236999,683.3703755411653,689.4994506835938,4469597
2021-11-22,714.257196120003,729.6523461160489,707.597206807641,716.2841186523438,36884348
2021-11-23,719.083279166544,734.5266784506578,710.1068151150315,732.499755859375,18240414
2021-11-24,737.4223158164291,754.6030857376269,729.9419192881865,732.499755859375,21653712
2021-11-25,732.6445171895966,741.7657868585246,726.6119392223022,738.5323486328125,8483653
2021-11-26,736.4571228750265,736.4571228750265,707.5972461333836,713.0507202148438,11142921
2021-11-29,725.8397831842299,728.7354206171457,701.8059689262709,713.6298217773438,15885643
2021-11-30,714.25720068175,724.1023792843362,697.5107885278196,702.9159545898438,14272616
2021-12-01,707.5007287035685,711.7476870654548,693.2638450086467,697.1246948242188,10488561
2021-12-02,698.717293144019,710.1067878971227,689.3064720659726,707.0663452148438,11507427
2021-12-03,704.6051623840239,709.0934243119145,691.3817386500535,693.3604125976562,11024093
2021-12-06,693.0225728594079,696.786925162539,669.7126674916487,673.3322143554688,8804487
2021-12-07,677.9169398599123,681.1504369105755,669.9539371571949,674.5386962890625,10238693
2021-12-08,680.4747982805864,693.9877729982151,677.8687128026648,690.271728515625,8296393
2021-12-09,691.8642350898001,698.7655273001141,686.2660149638931,689.1134033203125,9069515
2021-12-10,686.2661144790039,693.8913170935298,682.4052643272233,685.9765625,4251339
2021-12-13,690.1269211838269,693.4086671709972,674.0561098740192,678.640869140625,9896899
2021-12-14,676.6139139686674,681.7295280693617,664.4522609057418,667.5408935546875,9275631
2021-12-15,667.6856232045964,670.7260655811963,660.3017253825021,661.6047973632812,7674319
2021-12-16,665.9001067782272,665.9001067782272,654.027946264851,657.69580078125,9633006
2021-12-17,657.3096991055172,661.8462095454526,638.1019471821694,642.8797607421875,13850460
2021-12-20,636.2197889598024,638.1502137960158,622.6585073558904,635.35107421875,11812939
2021-12-21,640.8528057604503,647.5610439426292,636.2680467102269,643.7966918945312,8084499
2021-12-22,643.7967383561233,662.1357758805107,643.7967383561233,660.9292602539062,8522226
2021-12-23,665.0313668997468,665.0313668997468,652.0009990432205,655.137939453125,5602466
2021-12-24,658.3714428394909,659.0953522366514,649.2502315647864,653.4971313476562,3756020
2021-12-27,651.4701513968548,654.7518383620229,645.389324777024,652.2423095703125,3658572
2021-12-28,656.1996459272411,659.7226948558954,651.566638052987,656.3927001953125,3892590
2021-12-29,656.2962100228777,659.7227024007373,651.5183966649563,653.3040161132812,3847574
2021-12-30,653.9314215841739,661.9426729739707,650.7462323462897,655.717041015625,5701612
2021-12-31,656.8270787322289,669.9539446175205,656.3444725024477,660.0122680664062,4598628
2022-01-03,663.8730992598466,668.5061071532501,659.3365890449321,667.2513427734375,2939833
2022-01-04,668.1683224131643,678.7856594251467,666.3827029349973,673.1874389648438,6473875
2022-01-05,676.5173963674903,678.3030157470704,667.6856793212891,675.648681640625,4586105
2022-01-06,677.5790821941794,695.4355109984419,675.6486574585834,685.6868896484375,21642414
2022-01-07,689.0652082357269,690.2717238273206,677.0483011610753,680.1852416992188,4315015
2022-01-10,680.8608710473454,686.6038378709388,679.1717492964317,680.426513671875,3565324
2022-01-11,678.54434135263,684.8664710152868,670.4365333392785,678.9786987304688,10642484
2022-01-12,683.3221793002248,707.2111879110965,679.7026325410018,704.7981567382812,12366953
2022-01-13,703.6398851491487,710.0585715894093,700.8890531958333,706.3424682617188,5829874
2022-01-14,704.5568148944427,705.4737784720896,693.4568721096099,695.5320434570312,5344096
2022-01-17,694.952980477629,709.1898644526916,694.5186230824517,703.2537841796875,4340924
2022-01-18,701.7094110429763,705.2807086862331,687.7620801552737,689.4994506835938,4312058
2022-01-19,689.1616465388852,690.1268589289956,677.289545922904,679.219970703125,5879490
2022-01-20,681.4399800223767,694.6151533425236,680.7160706951576,690.5130004882812,4812496
2022-01-21,684.9147401218661,689.1616985234627,665.3691877477763,671.06396484375,6704622
2022-01-24,666.2861350778102,682.4051945967743,653.7866222062829,665.9000854492188,11091633
2022-01-25,660.2052839118747,695.3872877974513,658.4196645303779,687.08642578125,14128764
2022-01-27,681.9225140892182,691.0920312638078,677.0964524183815,682.6464233398438,8937312
2022-01-28,690.0303920088811,727.7701745794794,677.2413272699181,690.8990478515625,21450677
2022-01-31,702.6746789293799,709.4311662267778,694.5186217665707,703.929443359375,10745370
2022-02-01,707.5007881263342,709.4312131962561,693.3121520800296,697.8969116210938,4814511
2022-02-02,700.840731791298,706.294205662847,695.4355656714469,699.8272705078125,3286577
2022-02-03,700.7442438855319,703.6398812569597,693.5051504569623,696.5455932617188,3651578
2022-02-04,696.0146519238999,698.0898821899468,691.5746983603137,695.14599609375,3284198
2022-02-07,693.0225507840145,695.0494733984303,675.166120157964,681.922607421875,6833983
2022-02-08,686.459112615484,689.8373562219462,676.6139337514157,684.2391357421875,7167684
2022-02-09,682.501708854597,700.8407456470843,677.7239542934375,694.3255615234375,10185173
2022-02-10,697.8004113622438,701.6612614878674,683.9495761894312,698.8621215820312,6074014
2022-02-11,696.5938584761366,700.1651564338888,686.1695754763448,690.271728515625,5646980
2022-02-14,679.5095573513203,679.5095573513203,661.17052100235,665.70703125,7441445
2022-02-15,671.7878935858402,688.2930036134928,662.71487260771,686.7969360351562,4650249
2022-02-16,692.4434083489739,702.8676906224497,683.3703881059746,696.6903076171875,5433910
2022-02-17,699.2481563944978,702.1920425223507,690.1268871525508,692.0573120117188,5107708
2022-02-18,687.2795397524768,694.5186334067307,686.6038792290342,687.7621459960938,4099366
2022-02-21,683.4186363295555,691.6229418290986,678.5443254327934,685.2525634765625,4307430
2022-02-22,670.05049360442,678.0617451454684,663.5835584163837,674.9248046875,9148804
2022-02-23,675.745230146178,684.2873958966022,675.166126225967,679.8956909179688,4124469
2022-02-24,658.274869437172,664.5969989961626,622.9963673222941,647.56103515625,14139461
2022-02-25,653.9314006612873,670.9674230772191,653.9314006612873,664.6935424804688,6452099
2022-02-28,657.3096786910222,665.9965907442075,643.2658493207512,662.6183471679688,8301523
2022-03-02,660.2053160195356,660.2053160195356,642.8314919137583,650.7944946289062,10220908
2022-03-03,651.5183477377394,656.1513553170525,645.3409650240636,648.6709594726562,6517030
2022-03-04,641.8662388012349,644.7136271316783,627.3880529636131,630.9593505859375,7094874
2022-03-07,617.7359952155091,655.7170832315795,616.7707827229848,651.904541015625,12615451
2022-03-08,651.5183522795513,662.9560953437039,644.3757571490647,659.2400512695312,8462985
2022-03-09,658.2748788652951,673.718277782956,650.8427313537925,667.4443969726562,9896395
2022-03-10,675.6004689271701,682.8878111721409,666.5756971355686,673.4769897460938,5989327
2022-03-11,672.4635348492503,677.9652576715043,667.4444182585643,670.6778564453125,3353880
2022-03-14,664.2110580478794,680.3300609450511,664.2110580478794,676.034912109375,4016137
2022-03-15,674.683521548944,684.8182525593359,671.3052778788134,678.640869140625,6006439
2022-03-16,685.3007764494821,690.6094444360626,680.4747146434999,687.231201171875,3843706
2022-03-17,694.952935639785,702.626386086519,690.126873586731,697.7520751953125,8168953
2022-03-21,696.8833345154837,699.1515600312151,682.2120946380433,683.5634155273438,6317305
2022-03-22,683.8530309502764,695.9181867539157,681.2951943551475,694.2290649414062,3000133
2022-03-23,694.2290396255345,694.808143518234,678.5443376527643,680.426513671875,7974713
2022-03-24,673.7182708338266,684.1908020520889,673.5734654057105,681.7777709960938,3597143
2022-03-25,687.5207892766488,689.596019527179,681.2951574369483,684.6734008789062,2930336
2022-03-28,690.3682405155712,711.3616123872436,685.3973725766008,707.5490112304688,7960258
2022-03-29,714.6433047539068,736.4570820466257,711.3615589362557,728.6871337890625,15833573
2022-03-30,736.2158232441419,743.1171160795594,718.697193069248,723.4267578125,9938988
2022-03-31,726.8049577734065,732.5962323373379,713.9676442724032,728.6871337890625,7371181
2022-04-01,733.3684118706475,739.9801525376349,723.1854322479993,732.1136474609375,5920139
2022-04-04,731.4862124826328,748.0396291307339,729.8936473290375,741.090087890625,5783224
2022-04-05,741.0900904264321,746.8813649943571,734.5266576984952,739.9318237304688,3990794
2022-04-06,737.4223047233096,753.5413642660012,736.4570922825723,748.6670532226562,7490027
2022-04-07,748.0396439498584,750.7904758499493,733.127099910673,735.8779907226562,5818505
2022-04-08,741.6209566722174,741.6209566722174,731.2449229147535,735.58837890625,5583587
2022-04-11,730.6658599499787,738.5806142047353,729.7006474533472,731.6793212890625,4927865
2022-04-12,733.5131674319379,733.5131674319379,714.3536661467245,715.8497924804688,3904026
2022-04-13,716.1876568318745,730.1832377268371,712.278558088419,714.8846435546875,6343030
2022-04-18,711.0237286572712,714.4019720127641,698.2346645257627,704.1224365234375,8950327
2022-04-19,713.2919690725963,713.2919690725963,691.9124906838105,698.3311767578125,9957060
2022-04-20,704.6533575176836,718.6006896019403,698.7655849688459,713.6298217773438,6632292
2022-04-21,718.0215339880592,718.0215339880592,704.6050579500085,710.155029296875,6111830
2022-04-22,705.5703234883937,715.125950613391,703.6398985267291,713.0507202148438,5182247
2022-04-25,704.5568598346775,717.1528708854825,703.7847016349455,713.6298217773438,3571031
2022-04-26,719.0832842999547,732.4997610885636,713.3885072085266,729.9901733398438,4987848
2022-04-27,723.9092956745744,735.0574870455849,720.4345546200922,726.3223266601562,4571399
2022-04-28,724.8744891414015,728.0596781768223,718.6971064148555,721.3514404296875,6101866
2022-04-29,725.8397538903924,734.5266658385488,709.9619974916617,713.2919921875,7219115
2022-05-02,708.4659536032354,717.1046169997137,704.9429045198787,715.5602416992188,3938533
2022-05-04,711.3616101384596,713.6298359411713,692.0573602025448,697.26953125,6785271
2022-05-05,700.7441886288946,707.5971729694631,689.402943151774,693.939453125,4836692
2022-05-06,686.5073877889814,698.7173494282994,683.1291440529371,685.5421752929688,5912312
2022-05-09,681.5365470109255,695.4356310717757,679.9439816762205,686.7487182617188,4819274
2022-05-10,686.2660016592673,703.1572182964504,685.4455947016453,694.6151123046875,6746893
2022-05-11,694.6151636741569,709.4311512268587,691.9608294348727,697.7037963867188,6919703
2022-05-12,690.3682201572793,697.6555625338483,676.8552455579057,680.8609008789062,6754953
2022-05-13,688.1964692326734,688.1964692326734,660.9292178219819,665.9000854492188,11938252
2022-05-16,661.990919428391,673.7182739800495,656.0066495110898,669.0852661132812,5412233
2022-05-17,670.8226322903909,685.3008185988165,666.8169771803033,682.4534301757812,4847812
2022-05-18,695.9181210974632,701.8542007575712,665.2243794111871,671.9326171875,18992703
2022-05-19,661.1705284698565,668.8922280724242,644.617111382095,650.7944946289062,7322668
2022-05-20,664.5487694305,667.4444067700665,659.2401009746283,663.9696655273438,5577407
2022-05-23,658.081867970572,669.760974518957,655.958388697057,661.990966796875,3788601
2022-05-24,665.2727028368208,665.2727028368208,652.3388320206833,654.6071166992188,4053608
2022-05-25,657.5509780347053,665.9000892471689,655.9101050961301,664.2592163085938,4188088
2022-05-26,665.9966042403704,671.305272824895,652.3871319793465,669.5196533203125,5780597
2022-05-27,672.8013329262284,675.6487214633454,652.4836224417451,660.5914306640625,7131633
2022-05-30,663.5353096480034,679.2682607795963,659.2401024688658,674.7317504882812,4675033
2022-05-31,673.235650571383,682.0190598671282,668.506086235588,675.8417358398438,44593174
2022-06-01,677.1447323101768,681.6329934346647,667.2030565946523,670.4848022460938,3749781
2022-06-02,664.9348879556841,672.7048364844492,659.2883597116298,671.7396240234375,3466993
2022-06-03,672.8013267368241,676.4208734256513,661.4118316050264,662.6183471679688,6673615
2022-06-06,658.4679851497995,665.8035766504065,652.966262068396,659.19189453125,6407024
2022-06-07,654.5588493081806,663.3422590756732,649.877533558692,661.4600830078125,8349903
2022-06-08,658.7574935539494,663.8731077288397,637.4745709292002,640.2254028320312,13904149
2022-06-09,637.0402112817266,655.7653562084009,632.3106467544236,652.8214111328125,6774925
2022-06-10,644.7619787446998,652.9180365156914,644.7619787446998,649.9258422851562,3221484
2022-06-13,637.1366916872777,649.9257561882464,635.1097691801823,647.9470825195312,5982102
2022-06-14,645.8236673561756,665.4175284532536,645.8236673561756,658.3231811523438,8878530
2022-06-15,658.2266524031423,661.1705386395236,650.0705952901009,658.3713989257812,6005970
2022-06-16,659.3365582127893,660.1087752521555,627.3880517572891,631.4419555664062,9525587
2022-06-17,633.1793837066247,638.7293554388093,615.805559153699,621.259033203125,11085830
2022-06-20,622.5137738858427,624.9268049816776,612.1377401737531,618.6046752929688,3883001
2022-06-21,619.7628492611294,635.2545551803235,618.2185330088448,631.5384521484375,3515991
2022-06-22,626.0367881412321,627.7259099736181,619.1355542874778,620.48681640625,4348884
2022-06-23,625.6024780340755,641.4801758340067,625.2163694862313,637.2332763671875,4336533
2022-06-24,639.0671778051498,652.194103257454,639.0671778051498,647.8506469726562,5621332
2022-06-27,651.5183805547056,663.1009295423448,647.8505851576647,660.1570434570312,5284297
2022-06-28,659.2400871974296,661.0740143722521,652.7731521585026,657.4544677734375,3216376
2022-06-29,653.448765209428,665.1278111558017,651.5183404968446,663.873046875,5011798
2022-06-30,665.8035715190011,667.5409422387131,655.3792882888333,661.122314453125,6505666
2022-07-01,661.0257254946108,661.9426891082027,642.8314943031892,650.0223388671875,4488771
2022-07-04,647.174900042516,661.6530857257939,642.8796931740993,658.1783447265625,4229588
2022-07-05,659.5295696642199,665.3208436122362,656.3926296090443,660.6395874023438,3494504
2022-07-06,660.6879946985301,670.774477692889,660.3984427140589,669.8092651367188,4697006
2022-07-07,667.9269529672924,672.2704085862994,661.6048237931153,662.9078369140625,3485283
2022-07-08,664.0661151684145,672.3669180432645,662.7631020246272,670.9674072265625,2732170
2022-07-11,651.51843838332,657.3097133911717,636.0267895196957,637.5711059570312,18687521
2022-07-12,640.1771551624142,643.7002041570134,637.040214711185,639.9358520507812,7416645
2022-07-13,646.6922625443134,646.6922625443134,618.7011049117983,621.1141357421875,12030163
2022-07-14,627.388052120112,629.5115311558193,606.8772888777237,619.3285522460938,11379990
2022-07-15,626.3746562535237,634.6272112485979,620.8729332861758,629.12548828125,5567877
2022-07-18,634.144607066786,646.6923694592795,626.5677125714615,639.984130859375,8982417
2022-07-19,651.5183775769416,653.4488023993918,640.0323263186067,649.491455078125,7836419
2022-07-20,656.3444142800328,656.3444142800328,644.9549200499039,647.3197021484375,4458819
2022-07-21,648.1401494463872,656.2962062962591,647.8505974985587,654.7518310546875,3550107
2022-07-22,656.0549019496624,658.1783810828838,651.7114460047561,655.2344360351562,2415220
2022-07-25,656.3445484829111,662.6666790425356,653.0145533295516,654.8002319335938,2913348
2022-07-26,658.8540610622141,661.5083955666445,646.9337096707135,660.3018798828125,5016687
2022-07-27,660.1570354734954,660.1570354734954,646.4027587170096,651.421875,6237523
2022-07-28,655.1861552536027,655.7653180318225,641.0940779952508,643.65185546875,7374170
2022-07-29,649.3948555027346,656.9718077764243,647.6574850599138,654.36572265625,7669970
2022-08-01,657.2742650670535,676.5188669992411,656.4016891032749,673.2710571289062,8812526
2022-08-02,678.6517539920574,678.942592909021,660.3766554290518,665.8543090820312,6236599
2022-08-03,667.0177801924349,675.5978544222158,666.0482776049458,672.0107421875,5237250
2022-08-04,676.9066325977242,677.1974715023483,659.940339467744,673.1255493164062,6352142
2022-08-05,676.7128382088306,688.3468698112746,675.1131351939966,682.1905517578125,5811092
2022-08-08,686.3593855300555,688.2014049873479,677.6823253238499,682.869140625,5918607
2022-08-10,692.1279626754729,696.1028998547273,684.4688681022807,693.436767578125,12201239
2022-08-11,696.8784159518815,697.4601529818234,684.1779563102965,688.1528930664062,7142902
2022-08-12,688.2014201640981,690.770625810294,685.099059078402,688.0560302734375,4540159
2022-08-16,693.1943102506992,694.1638127825184,679.1365235393214,682.626708984375,6679663
2022-08-17,685.4383381991763,702.5500827586528,680.8816641444332,700.9019165039062,8812954
2022-08-18,702.8894218966866,713.5539510564984,698.9144846975278,710.83935546875,10354897
2022-08-19,707.9308040674225,715.1050877394601,703.8588813488378,709.9667358398438,13743828
2022-08-22,709.5304814232803,712.0027604873383,702.3077341145463,705.4100952148438,8118490
2022-08-23,702.889393304238,719.9526155963331,700.5141000714267,715.1051025390625,8229797
2022-08-24,700.8049767518609,731.1989207616211,696.1029125026439,716.2200927734375,14922081
2022-08-25,722.0855262762291,731.0534253464849,712.8267882600649,718.4014282226562,9849958
2022-08-26,718.8861388850705,718.8861388850705,705.7978544953895,708.5609130859375,5928897
2022-08-29,695.8119523902637,702.7923821879477,693.2912103994059,698.6234741210938,5878942
2022-08-30,699.9808635542488,707.8338107916627,690.0919253922798,704.4405517578125,8894800
2022-09-01,704.3436381487461,723.2489388285817,704.3436381487461,712.6328735351562,11869518
2022-09-02,702.8893856126434,718.3045006355765,697.7025703676197,712.5844116210938,5693707
2022-09-05,712.5844253685315,719.3224804091459,710.8877957843207,717.8197631835938,3660135
2022-09-06,717.819768416265,741.6695093615302,717.819768416265,738.0338745117188,10166270
2022-09-07,732.4591539364881,738.6639937346312,665.2726411282197,730.13232421875,126794211
2022-09-08,735.8524432655696,752.3339867906219,733.9619014382421,746.3230590820312,10648073
2022-09-09,749.4255002053236,751.1705930282332,739.6335477401842,742.3966064453125,4627905
2022-09-12,743.6085387796016,747.8743741448371,741.1847821342966,745.6929931640625,2654087
2022-09-13,750.3949960277535,764.8406081220737,746.5169857123645,760.3323974609375,8335652
2022-09-14,752.334018418928,764.355874341511,752.0916427686642,759.4598388671875,6645392
2022-09-15,763.9680754481936,766.537281097308,758.1510596452887,761.156494140625,5485310
2022-09-16,763.9680032215978,763.9680032215978,752.7702606944047,755.8726806640625,20211162
2022-09-19,749.9102746164864,762.029057334917,748.6499330485184,758.878173828125,5760313
2022-09-20,762.7077150544984,772.6451168061222,761.0595487828951,767.9915161132812,7936714
2022-09-21,767.9915127974243,772.693576765711,755.2425298625958,756.4059448242188,9966193
2022-09-22,767.07045451829,770.5606401431068,752.6733056750024,760.1869506835938,7721133
2022-09-23,763.9680475981654,763.9680475981654,745.2566592823497,747.8258056640625,9271829
2022-09-26,746.4684998410021,747.6319147351792,730.2293321364696,732.0228881835938,13144297
2022-09-27,735.7070568983551,741.669521821714,734.1074130418103,737.4036865234375,5965026
2022-09-28,732.4592307686759,747.4865214065508,731.9744794577766,738.227783203125,5546932
2022-09-29,740.6514755489834,745.5474515298739,736.1432650789496,741.3301391601562,5413233
2022-09-30,742.5905029712595,784.3275766426499,738.2277414200952,775.505126953125,7469164
2022-10-03,778.8984370213025,790.6778584777533,773.7115624438268,778.8499145507812,12619046
2022-10-04,788.205592396108,791.8412270473816,782.8733282409067,784.0367431640625,5772140
2022-10-06,785.8303380292107,790.9686900884585,762.6592608793967,764.5497436523438,6503205
2022-10-07,767.8460464131937,772.4996469809495,760.7686893858001,768.9124755859375,6025982
2022-10-10,761.0110800120254,770.5606569814813,755.9211913465936,768.1853637695312,3519416
2022-10-11,773.1783252447213,773.1783252447213,752.334019297685,756.5028686523438,3699862
2022-10-12,756.5028422779653,757.520808140024,745.7413874383611,751.897705078125,5984299
2022-10-13,751.3645651437752,755.2425758025818,744.2387442277167,745.4506225585938,2842056
2022-10-14,756.163551296034,756.163551296034,739.7789339770782,742.5905151367188,3608210
2022-10-17,737.7914641457501,747.4864899558124,736.6765125080963,742.6389770507812,4566333
2022-10-18,746.3714991854675,761.6411640357185,745.2081434882487,759.2659301757812,4391263
2022-10-19,763.9195868192483,764.5982504751646,755.727278000403,759.5083618164062,5219180
2022-10-20,758.1510260202663,769.7850571100913,754.5638545994884,768.7186279296875,4756732
2022-10-21,765.9070763965433,778.3651615013437,765.6647007394557,773.1298828125,4807736
2022-10-24,775.602129602729,782.8733995677545,775.602129602729,777.6380615234375,522406
2022-10-25,781.5645296221171,781.7583827993933,774.3417235563361,777.8319091796875,3184277
2022-10-27,781.9038382158224,797.1250407015173,779.6739940953365,792.1805419921875,8159181
2022-10-28,794.0226256363355,799.2579633210171,786.557443816972,791.9381713867188,3905093
2022-10-31,797.900696681096,808.3713136727814,794.9921886737529,806.626220703125,5487233
2022-11-01,802.748198913179,815.7880214669889,796.0101436213687,810.0679321289062,10488759
2022-11-02,804.6871738065153,804.6871738065153,782.6309892232644,785.1516723632812,11729925
2022-11-03,785.0547525558121,799.2579897170575,779.6740248083631,793.683349609375,5897840
2022-11-04,790.8232894644076,796.7372317058346,784.5215225101441,791.501953125,3768226
2022-11-07,792.0835649694263,798.9185459535704,784.3275447494075,797.6097412109375,7171570
2022-11-09,799.0640680999157,800.3244096662162,789.611417592047,794.0711059570312,3969171
2022-11-10,794.7982201525074,805.3658221687489,792.6168393011152,800.5667724609375,4425290
2022-11-11,805.4143242177956,811.3767891679913,798.6762689845347,801.6817626953125,4325441
2022-11-14,793.0530838756247,805.4627046491995,792.0835813280994,796.8341674804688,10406576
2022-11-15,797.5612694911171,813.1702363494627,797.5612694911171,809.7769775390625,6229710
2022-11-16,811.9584218320109,818.3086519829337,802.7966104912177,815.5455932617188,3445345
2022-11-17,816.127293626381,823.4955490421319,812.8310202228489,820.3446655273438,4545534
2022-11-18,824.0287580962269,825.8707775574455,805.7535983293432,811.7645263671875,7405949
2022-11-21,811.4737122546646,826.7918421805173,809.5347069685124,825.2406616210938,5527122
2022-11-22,827.373528534955,834.3054365036278,819.3266097518753,821.7503662109375,7601660
2022-11-23,825.8707798839393,825.8707798839393,815.9333780685696,817.5330810546875,4596816
2022-11-24,820.1992315332943,825.0467447220254,812.2008347718881,822.4775390625,3455310
2022-11-25,826.0162164616546,833.7722372735011,815.933365736757,821.0232543945312,2991065
2022-11-28,814.6245700060977,826.5494403029468,810.5526471995839,811.8615112304688,3668846
2022-11-29,813.412660393911,819.0357634939478,809.5346500940592,810.3587036132812,2680296
2022-11-30,809.3407229026876,826.0161787210052,807.2078054421341,822.8652954101562,6874390
2022-12-01,826.9857449173451,827.1796572784522,815.9333912454349,822.7199096679688,4506664
2022-12-02,825.4345036232254,825.9677181967162,813.5095747908919,822.7683715820312,3505272
2022-12-05,825.0467082736371,825.6283861610899,815.2062332657413,818.3571166992188,3311316
2022-12-06,819.1328003367022,819.2297269307463,804.396348443554,807.9349975585938,5567349
2022-12-07,812.0069080151135,815.933381793632,806.6261803057554,808.565185546875,3771882
2022-12-08,807.5957104731375,814.5761414140171,801.1000308590726,807.2078857421875,4822179
2022-12-09,804.9779966778608,811.0858512210834,798.8216788394028,809.437744140625,4615843
2022-12-12,807.2077886092392,811.425160149289,800.2274176820678,803.1359252929688,3149823
2022-12-13,796.9311333632568,814.3821800792405,796.9311333632568,812.4916381835938,3832999
2022-12-14,815.0123146791094,816.3211194077146,802.8935332152181,803.9114990234375,7491333
2022-12-15,803.7176430199222,805.6566481900547,799.2094323298675,801.1484375,2996482
2022-12-16,799.839645010184,807.3048268650276,794.8952054196182,797.6582641601562,4309644
2022-12-19,797.6098114485801,819.2781711768815,796.9311477848175,814.77001953125,6397169
2022-12-20,814.1398056638297,814.1398056638297,796.931134570608,803.669189453125,2828863
2022-12-21,807.5956591107042,807.6441224055543,787.5754069170345,789.1751098632812,5079337
2022-12-22,794.0225694799993,799.5487457177213,784.812295475042,791.6957397460938,3626834
2022-12-23,789.175096358783,793.0046433662797,780.4495731803689,783.98828125,2804496
2022-12-26,780.4980493093831,790.3385242808026,776.7170247074708,786.2666015625,6023206
2022-12-27,790.1445959428399,794.4588942216933,780.4495702257499,789.95068359375,1782053
2022-12-28,788.2055680495304,789.0781440083798,777.0078255042388,779.2861328125,2907741
2022-12-29,782.4370411715056,799.597248580519,736.918883449088,795.71923828125,6110313
2022-12-30,799.5488368038452,799.6457633980757,780.4011597174627,781.5160522460938,3113243
2023-01-02,781.6614747706849,791.3080375188825,781.0312744083493,788.6903686523438,1626846
2023-01-03,785.6363895206073,793.828698130152,783.8428334228406,792.665283203125,1717603
2023-01-04,793.9741423450264,795.4283962015077,781.6129845649347,787.0421752929688,2970216
2023-01-05,799.8395927077241,799.8395927077241,779.2376638046463,782.4854736328125,5297349
2023-01-06,782.921803115399,787.47847711381,767.8460497065405,771.7240600585938,3199618
2023-01-09,778.219696230709,796.4463320434561,776.6199933793855,794.410400390625,4340729
2023-01-10,800.9061296998407,800.9061296998407,766.1979460490285,768.670166015625,8392344
2023-01-11,751.3645090865488,755.872719810565,728.7266472242122,742.2026977539062,28389020
2023-01-12,741.6694755686011,745.838324838356,730.5686591648848,733.8165283203125,12732671
2023-01-13,733.9134873961962,742.5905477279014,729.0659742694048,740.9908447265625,12279288
2023-01-16,743.0268186770844,744.6749257633419,731.635163090786,735.9979248046875,5779293
2023-01-17,735.9979144054889,745.4505646520488,735.6100897002358,742.34814453125,6594428
2023-01-18,744.7719253189559,756.2120444124987,742.6390077179154,752.8672485351562,5800899
2023-01-19,752.3340039821486,752.8187552733742,742.2996759232751,748.4559936523438,4169463
2023-01-20,752.1885858946541,752.1885858946541,735.173826706846,741.1362915039062,6289718
2023-01-23,744.4810430790232,752.333990183348,740.5545103531202,749.1346435546875,2685320
2023-01-24,749.4254844687506,753.8367093148988,737.7914536619912,751.9946899414062,5012125
2023-01-25,751.3160084771462,756.6967357628129,744.5779539600773,752.8187255859375,6560514
2023-01-27,751.3159876745976,755.1455344529768,742.4450159711201,750.8796997070312,6745926
2023-01-30,748.0682056778247,751.3160749927421,739.7305067288842,746.7109375,5420851
2023-01-31,751.3645355072404,755.2425460130842,744.9658418420958,746.807861328125,8537557
2023-02-01,752.2855989229762,760.7202838779879,733.525686996076,745.6444702148438,4472974
2023-02-02,741.7664082109526,757.1815230670906,741.7179449161832,754.0306396484375,2841909
2023-02-03,756.1150942490438,770.7060964061176,754.6608403628155,768.7186279296875,5493687
2023-02-06,765.616158578034,770.4152079287741,755.0485573480703,765.1798706054688,2407975
2023-02-07,769.6881498273519,771.5786325878756,759.120547652853,761.93212890625,4126502
2023-02-08,754.273006931597,757.1815146704078,741.6694733967503,751.46142578125,9951783
2023-02-09,746.5169749619331,751.4614143733536,738.0822908126801,743.2691650390625,5913945
2023-02-10,745.4990239855633,749.6194099685804,737.7914666061125,748.4075317382812,2954992
2023-02-13,747.4864366315136,755.8241345638747,743.3175876653331,745.1596069335938,3705892
2023-02-14,745.5475433704303,753.8852425526687,742.8329477650791,751.5584716796875,3502010
2023-02-15,751.3645366946861,763.1440172943005,748.6499411710541,761.4473876953125,3602838
2023-02-16,765.5677313728419,766.3917848914007,756.7936857374958,760.5263061523438,3399428
2023-02-17,761.9805299790747,763.4347837830272,746.8077916216745,753.1095581054688,3093216
2023-02-20,757.4239323489373,769.5911785634418,753.4004727508019,755.3880004882812,3381774
2023-02-21,759.168964814731,763.9680143027769,754.4184377934881,755.2909545898438,2769616
2023-02-22,753.3035042707613,757.8117149349284,743.1237271860213,748.6014404296875,3261898
2023-02-23,750.3949985332204,753.7882575705153,738.6155184913999,739.6820068359375,4062194
2023-02-24,752.043159378597,752.1400859666156,731.974444238244,734.0103759765625,4357223
2023-02-27,730.0354031457465,731.392730353627,715.9291532065624,729.9384765625,6719439
2023-02-28,731.974438994611,734.0103707183447,717.0925982421638,719.61328125,10562614
2023-03-01,719.7587533767521,730.4717452640741,718.4014260682596,727.3208618164062,3744982
2023-03-02,728.0964719187965,728.872062184627,713.3600201730414,717.5288696289062,4910541
2023-03-03,722.2794550113264,742.5420835261082,720.873664371522,741.0878295898438,5759333
2023-03-06,743.3176278505138,752.2370632764253,741.7663882434584,743.2206420898438,4597345
2023-03-08,740.6999604670856,746.4200492763146,737.5006138338476,743.1721801757812,3546995
2023-03-09,770.7545248009965,770.7545248009965,746.710873472141,749.8132934570312,5240056
2023-03-10,749.4254609879846,755.1940129170125,744.7718606458342,750.152587890625,4113931
2023-03-13,753.7398073952842,754.0791096354228,739.8759320649216,741.9603271484375,3447889
2023-03-14,740.6999766155792,753.0611346022921,740.6999766155792,748.2620849609375,3753502
2023-03-15,734.883023684689,742.2027570066934,729.5507590009611,733.57421875,8101060
2023-03-16,727.1269743148324,735.8524980066104,720.8252072041039,723.2005004882812,7465693
2023-03-17,727.1269895566812,736.2888014598446,716.6079094439262,734.1558837890625,9306857
2023-03-20,731.9259666310496,736.6280303590794,725.9635022409798,731.780517578125,3566109
2023-03-21,736.821961270515,742.6389767542296,732.119897424009,733.864990234375,5332221
2023-03-22,737.7915303014502,739.9244480056649,730.180958027629,733.6226806640625,2680654
2023-03-23,734.8830050640275,742.4451138618634,733.7680533525457,740.2637329101562,2454948
2023-03-24,740.2637559335492,743.6085519982779,735.7070815246252,739.1973266601562,2336818
2023-03-27,739.7304328540367,746.2261116614214,736.191724938254,738.5185546875,2258853
2023-03-28,742.2512024606756,742.2512024606756,720.1465539561249,725.624267578125,4166723
2023-03-29,728.0964005016111,731.8774840405556,716.3169210849858,720.9220581054688,4891868
2023-03-31,729.2113663687785,730.0354198664626,719.4193551133378,726.1574096679688,5796532
2023-04-03,731.9744967659111,738.6640886839983,729.114452129229,737.355224609375,2120667
2023-04-05,744.577972900535,744.577972900535,732.9439420739641,740.166748046875,3197932
2023-04-06,739.3426459800661,745.2566472394413,735.9493869402373,742.5905151367188,1777379
2023-04-10,745.4990679247692,752.6248886694224,743.0753113213163,746.274658203125,1701065
2023-04-11,752.3340836416955,752.3340836416955,744.7235112331183,750.54052734375,3485481
2023-04-12,750.3950162826383,750.9282308806487,741.7664194284957,747.5834350585938,3794841
2023-04-13,746.5170270224893,747.6319787193585,742.1058018793781,743.656982421875,4292170
2023-04-17,764.9376067502559,764.9376067502559,731.3443155599758,736.4827270507812,9083437
2023-04-18,741.66947842115,741.66947842115,729.5991593885673,736.57958984375,4051481
2023-04-19,738.1307334465896,743.4629974042156,732.9439185391218,741.3301391601562,3429794
2023-04-20,740.7000270204845,750.1526778888742,739.3426996365507,748.7468872070312,2355441
2023-04-21,746.1291792673691,751.6068926413793,741.136276368386,741.8634033203125,4524208
2023-04-24,741.8633806253393,743.9962981204891,732.6046428887988,737.0643310546875,5271105
2023-04-25,741.6209995670447,753.3034936505582,738.5185795216379,749.0376586914062,5773233
2023-04-26,756.1150586219763,756.1150586219763,743.7053787052291,749.8617553710938,5057352
2023-04-27,748.4560062629133,765.1314627967837,747.8258059042053,762.5137939453125,4129769
2023-04-28,765.7615896570142,777.5895329756942,763.1924433225362,774.9234008789062,6572656
2023-05-02,775.8444412630091,782.1946713405041,764.5012492186048,766.1009521484375,6301210
2023-05-03,770.2697757864532,770.2697757864532,753.4973935103067,755.5333251953125,3908267
2023-05-04,755.5333711326754,768.5247297588819,750.0557168977118,765.0344848632812,2457671
2023-05-05,765.0344604810927,766.8280757542876,756.4543863369626,763.2893676757812,1438467
2023-05-08,765.8101630949411,771.0454418746505,761.2534888278593,769.542724609375,2489174
2023-05-09,772.5966226206699,774.0023540098479,766.3917824957996,769.397216796875,2486331
2023-05-10,772.6935612643697,773.2267758520748,764.0165012824242,771.7725219726562,2737334
2023-05-11,770.3182960850698,770.3182960850698,759.799216311197,764.5497436523438,4808171
2023-05-12,763.4832482602149,769.494175827297,760.574740647795,767.7975463867188,2576010
2023-05-15,768.8155308573095,778.0258051866215,765.4707351871797,772.7420043945312,7569060
2023-05-16,776.4261764483006,776.8140011792301,760.0900804050127,763.337890625,4846217
2023-05-17,763.9680538640936,773.3237776856066,759.993116847242,768.0884399414062,6529233
2023-05-18,773.6145946867207,778.5105708755359,770.4152480110216,774.9718627929688,11383252
2023-05-19,774.9718566519057,783.6973797930737,769.0579146368326,781.1766967773438,3432240
2023-05-22,776.5715153784851,779.480022926719,775.117261604368,777.3955688476562,9996762
2023-05-23,784.2791119539954,784.2791119539954,773.6145837367858,775.5535888671875,6516636
2023-05-24,778.413665529164,778.413665529164,770.754571277164,776.9594116210938,9104329
2023-05-25,775.2141973213901,800.3243364531965,773.517567898261,797.6097412109375,9570396
2023-05-26,802.6512010745422,804.0569324615277,788.5934138147607,793.004638671875,6150206
2023-05-29,804.1055106873109,804.1055106873109,793.0531569575247,796.2040405273438,3684829
2023-05-30,796.2040364525558,801.148476205777,788.0117273782038,793.4894409179688,5148256
2023-05-31,794.0226315537745,861.6454380872003,793.0531289511447,823.9802856445312,47342125
2023-06-01,812.3947332429354,812.3947332429354,797.9006572217169,802.69970703125,9713155
2023-06-02,807.401781059285,813.7035481748123,801.7302143248082,810.9889526367188,6834131
2023-06-05,812.9279371916426,815.6909959562494,806.7716192974345,809.0499267578125,5298053
2023-06-06,809.049906881744,812.6855415741426,800.9545839695002,804.1539306640625,2722174
2023-06-07,803.6207223555764,821.6534469012576,802.0210194089267,818.5025634765625,4110739
2023-06-08,821.847342320553,823.4955085281051,809.0983598261323,810.504150390625,4050621
2023-06-09,812.976359391251,814.1882375905623,803.6691584900361,808.0803833007812,3332436
2023-06-12,809.389251905536,817.3876486516508,806.3838174037664,810.843505859375,1569715
2023-06-13,812.5401147724474,818.2602038479911,807.3532994720553,808.9044799804688,3224345
2023-06-14,806.6261808122338,808.5167227582613,794.0226467370427,802.69970703125,5108720
2023-06-15,801.7786933091949,808.3712995089106,799.0640977179879,804.3963623046875,3865201
2023-06-16,797.4158896121849,814.3821851358484,795.7677233551376,812.249267578125,4907797
2023-06-19,814.3821361530202,814.3821361530202,802.2633543650288,802.8935546875,3017364
2023-06-20,802.845092324834,808.2743424765482,801.6332140553098,805.8505859375,2691557
2023-06-21,806.6260801549464,815.1092270315759,805.074899824143,813.41259765625,3022724
2023-06-22,811.1828594058168,817.7754654310934,809.2438541528682,817.0968017578125,4380046
2023-06-23,818.260218408469,836.4383926918325,815.6910127735891,828.7308349609375,7667340
2023-06-26,831.2029906877177,831.2029906877177,820.5384625977553,825.9677124023438,4431992
2023-06-27,830.3789815929152,844.7760716147837,827.5674003675284,838.5228271484375,5533649
2023-06-28,842.982489901243,846.957426793673,837.2624010328767,845.6001586914062,6272649
2023-06-30,853.162317745377,856.0708256467817,840.6072468028977,851.950439453125,5217511
2023-07-03,853.1621882097425,857.1856471986349,847.9268511125974,852.338134765625,3333167
2023-07-04,847.1513597366053,847.1513597366053,827.2765564438464,838.7651977539062,7397493
2023-07-05,841.528287309829,844.4367952152777,836.7292374310897,840.219482421875,4284477
2023-07-06,837.9895187517784,851.1263258522197,837.1170019471442,843.1279296875,6365222
2023-07-07,838.6197633579131,856.6524883571523,836.1960068164162,843.903564453125,18763997
2023-07-10,840.5587123857246,862.4694463862603,838.6197072821819,858.3975830078125,4310681
2023-07-11,862.8572623211425,865.9112189977299,859.2700910812393,864.6993408203125,3353977
2023-07-12,862.8087768554688,868.3834163283259,856.1676491096487,862.8087768554688,3033186
2023-07-13,864.166081822675,866.0566236464394,856.3131347685646,858.0582275390625,4228714
2023-07-14,858.009857332646,863.0997463168227,852.8230417516027,859.464111328125,3860080
2023-07-17,858.9792228843265,869.3044482735935,849.2841977953386,851.3201293945312,5614592
2023-07-18,850.3022791884293,853.3562361761226,836.8262279869901,848.7510986328125,4731911
2023-07-19,848.7510710707083,850.2537882802407,840.752674544697,844.1943969726562,6641825
2023-07-20,844.4367921049469,859.6579952554796,841.5282842102112,857.8643798828125,3779959
2023-07-21,851.3201543327177,864.6993366864343,848.120807794379,858.979248046875,7001587
2023-07-24,858.0098247940927,865.3780210889284,853.9379019264227,861.0637817382812,4125577
2023-07-25,860.9183013736554,867.4139805723717,852.2897046385892,856.7009887695312,3652262
2023-07-26,859.4641143966517,869.1591410677927,856.3616940271372,862.2756958007812,2845581
2023-07-27,862.227118312257,873.90967204455,861.0637625249478,867.8502807617188,3445446
2023-07-28,872.4554790165973,872.4554790165973,863.3905935206885,867.8018188476562,2314339
2023-07-31,866.7353129143912,870.4194109108225,858.2521652768063,862.7603759765625,4424817
2023-08-01,867.2200900361795,870.0316712921554,861.0637720939054,864.45703125,2087412
2023-08-02,856.2646276941573,863.4874332202007,845.9878655955879,851.3201293945312,3328903
2023-08-03,848.3148254511487,855.1498073528916,838.7167254708315,845.115478515625,4642067
2023-08-04,842.4978127783252,865.7174133542032,839.7832171610844,862.51806640625,7066276
2023-08-07,858.1552692589648,873.0855741287542,857.1372441671945,864.2146606445312,4086452
2023-08-08,864.7962761800073,867.0261202143333,853.5985335417967,858.3975830078125,3282856
2023-08-09,858.0098533408857,870.0801732819558,851.9989250194544,856.74951171875,3185159
2023-08-10,855.1012800568323,856.943358638016,841.7221562172219,848.120849609375,3439922
2023-08-11,849.2896284543091,850.9453655365079,842.4719364827722,847.8773803710938,2812690
2023-08-14,847.8286658209527,847.9260376390342,835.2646101195944,844.468505859375,2665905
2023-08-16,847.3417054901156,851.2375294234035,830.9792568594177,834.631591796875,3962408
2023-08-17,834.8750394910074,837.4559870517966,827.8625448688899,834.3880615234375,3013019
2023-08-18,834.3880601255954,839.5500146840784,830.0539443323734,833.9497680664062,4929835
2023-08-21,833.365435604699,851.2375035777961,831.8557563199429,849.2409057617188,3220142
2023-08-22,848.3155889202192,857.032506114537,843.6406124892178,854.7924194335938,3333869
2023-08-23,854.1594037305159,854.1594037305159,844.2250407375834,845.5399169921875,1860153
2023-08-24,850.2635620789201,851.9192991175547,841.6927614293203,846.8060302734375,2842728
2023-08-25,846.8060394828711,853.136753358723,838.6734713750204,850.7505493164062,3124339
2023-08-28,851.2862051365809,852.9419421775066,843.2997542798929,847.6825561523438,3094455
2023-08-29,847.341722003566,847.341722003566,826.4016679540526,832.9271850585938,14064286
2023-08-30,837.4559892573654,840.134368086054,834.1445747365004,835.4107055664062,3261665
2023-08-31,833.2193630820558,837.1151871058175,824.9894229427475,834.095947265625,12528190
2023-09-01,830.9305316538671,844.9554614831179,830.540925500741,843.3971557617188,4427899
2023-09-04,843.2024522688919,846.8061015514718,837.3100300416575,842.76416015625,3102649
2023-09-05,840.6213255914024,845.1989302762921,836.0437803520641,843.3484497070312,2216754
2023-09-06,844.5659279780546,859.4187562534942,843.2510517748638,857.3734130859375,4235096
2023-09-07,857.3733806524396,860.6848545438502,850.4096315229147,852.5036010742188,4532834
2023-09-08,858.8343598514836,867.4539058271677,855.2794562391008,862.7788696289062,3741470
2023-09-11,864.8729107295051,869.0609095567643,860.5874806368574,867.5999755859375,2733894
2023-09-12,871.5931898904943,873.15149560806,861.9510023570922,867.2103881835938,4106031
2023-09-13,864.9216136735039,894.0916077546093,862.4867236741721,891.3158569335938,5222561
2023-09-14,896.3316734116396,896.6238483155203,886.3973105608121,891.1210327148438,5513106
2023-09-15,888.8322098509059,923.9920566447039,886.2999480632333,911.7689208984375,14003428
2023-09-18,905.1946593173561,911.4279415620655,894.0915380083131,896.2342529296875,2977375
2023-09-20,887.2738643470045,895.3576867872904,881.2353256094291,886.981689453125,5241903
2023-09-21,886.4947488362018,896.1856227695049,879.8231146761332,894.0429077148438,4896202
2023-09-22,894.0429130298404,898.3282837190831,880.2614119912647,887.6635131835938,6112928
2023-09-25,888.2478810329368,889.562697868085,878.5570068452753,886.6895751953125,5278045
2023-09-26,886.2998725998963,896.9647016373239,884.3519607919844,888.9295654296875,5355047
2023-09-27,891.1210650451779,897.0621729399994,883.8163949553692,896.2830200195312,4713145
2023-09-28,901.8832192063088,907.7269549679048,894.6759213221188,901.5423583984375,7386917
2023-09-29,907.726956758464,912.0123867703094,897.7925940550438,902.2728271484375,5608557
2023-10-03,894.3350991235884,904.0746591467149,892.1923840293892,901.2014770507812,4338272
2023-10-04,894.3837222764186,901.8345089495174,894.3837222764186,900.1787719726562,5603669
2023-10-05,900.9579757130341,905.3894635737631,895.4551600426539,904.6589965820312,7063132
2023-10-06,904.999869749464,904.999869749464,900.2274618736151,901.931884765625,2420855
2023-10-09,894.0916083871303,903.8798543022572,892.6793602974075,900.4710083007812,2248103
2023-10-10,900.4709827828386,929.2026839810675,897.062136877964,923.651123046875,7897875
2023-10-11,923.7972168197974,931.8810393003275,923.3102388457227,930.7122802734375,5645289
2023-10-12,930.7122676820461,931.8810266931243,922.3362704194988,925.5989990234375,5544735
2023-10-13,921.6545398322344,931.0532388974809,921.6545398322344,929.3488159179688,4421671
2023-10-16,933.0010703046979,933.7802231389371,919.2682563883359,921.89794921875,1881721
2023-10-17,921.8980480582716,935.2412572653051,921.3623841426489,928.8131713867188,3863410
2023-10-18,928.1800527226927,933.9264168063335,925.8912799385872,928.033935546875,2334392
2023-10-19,921.1674741570151,926.5242315827433,916.8333585325432,918.3917236328125,4306963
2023-10-20,913.3758929916157,922.8232777505742,912.5967401079557,920.5831909179688,3125104
2023-10-23,917.0769399238259,924.3816098768477,912.5967661308616,914.8368530273438,2180066
2023-10-25,900.5196281665751,915.1777124543269,895.0654987424481,898.5717163085938,6365249
2023-10-26,897.6465266558724,900.5196491569232,876.6090424319761,881.9171142578125,6595332
2023-10-27,887.0303836933224,894.481170507782,882.8423849869006,890.7800903320312,3508393
2023-10-30,890.9749013404775,907.6782698518512,886.6407854243972,902.126708984375,3686768
2023-10-31,896.3316314744178,899.4969882503947,888.6374152862979,890.5853271484375,5697563
2023-11-01,879.482243410298,890.7314230066676,872.1288877050039,889.6600952148438,4821458
2023-11-02,896.0395387054137,901.8345889155006,892.5333208104419,899.7892456054688,6611573
2023-11-03,900.9092139839133,909.3826422640074,898.1821493333966,906.5094604492188,3895154
2023-11-06,909.8697218739937,916.2004359768644,905.779094718412,914.739501953125,2760800
2023-11-07,911.6714716549412,914.4959677394264,908.165253949526,912.7428588867188,3616946
2023-11-08,917.2717373331833,917.2717373331833,910.0644986914863,912.353271484375,1808553
2023-11-09,912.3532400350048,912.8889039206678,906.3147012302634,908.0678100585938,3914416
2023-11-10,904.8050894642947,912.5967371668936,904.8050894642947,911.1358032226562,1345614
2023-11-13,913.570671530331,915.8107583027553,909.4800446940695,910.6488037109375,1656368
2023-11-15,923.3102667557565,927.8878717395428,911.8175981093002,925.2581787109375,4816316
2023-11-16,924.2842213561406,929.056629417445,918.68397449334,924.8198852539062,5310736
2023-11-17,924.089412959717,929.1539958956386,921.3623481313145,922.6284790039062,3249469
2023-11-20,924.2842498700766,939.1857648756039,917.4178719155799,936.361328125,4646962
2023-11-21,941.8154178260005,950.9218823173476,935.9716820380419,945.5651245117188,5704644
2023-11-22,948.9252620594546,950.8731739427525,940.7927537249071,944.4937744140625,3309732
2023-11-23,944.7373410408093,955.4508572794164,938.601429993264,951.2141723632812,2749555
2023-11-24,949.6070926594117,951.7011218214473,945.711268689527,947.8052978515625,2322104
2023-11-28,948.6818095377297,962.2685073350635,945.9060587755622,959.249267578125,5096984
2023-11-29,969.9627470142691,980.8710060149546,965.1416532092849,969.4757690429688,5647918
2023-11-30,969.0861878712252,991.6819782112029,966.8461010346036,988.2731323242188,9934052
2023-12-01,988.5653072254207,995.9186628925186,981.9424185341052,988.2731323242188,5544950
2023-12-04,1009.0183240192036,1016.8099713089273,998.4995526216359,1005.9990844726562,5164902
2023-12-05,1011.7455039444527,1018.709193980944,995.4803679951552,1004.2459716796875,4266159
2023-12-06,1002.2980841646119,1008.0444482760017,987.0557086092214,997.7691650390625,4121251
2023-12-07,988.5652716064453,993.1428763788566,972.0080207519532,973.9559326171875,13805235
2023-12-08,972.6898430201954,977.8517977927394,965.4825450351345,974.199462890625,6630766
2023-12-11,970.1575833423356,978.4362096454424,966.2130732870257,974.7838745117188,6195119
2023-12-12,973.2255359257744,974.7838417522364,961.2945748899067,969.3297119140625,7119331
2023-12-13,967.3331253925245,975.9039264301448,965.6773882789307,973.858642578125,4153219
2023-12-14,979.7997217472108,984.8643047626496,973.1281470224825,979.0205688476562,6541673
2023-12-15,973.6151354478703,984.5233950496307,962.5120133121887,966.7000122070312,10119597
2023-12-18,969.0861294348413,972.787149999854,956.5708197826721,964.4598388671875,5750263
2023-12-19,969.5244788758192,971.9593687924065,960.2232112835669,962.706787109375,3912964
2023-12-20,967.0408823161857,967.7713492755003,943.7633114344723,946.2468872070312,3990591
2023-12-21,942.7893311623069,955.9864219976275,934.997683797329,952.4315185546875,4294277
2023-12-22,956.3273489938053,972.9332856686277,950.1426931868274,963.778076171875,4605120
2023-12-26,969.0861519629838,976.3908214501419,963.8755115070319,973.809814453125,2460643
2023-12-27,973.95594292173,997.3796309054401,972.0080310358865,994.6038208007812,4791379
2023-12-28,997.2335688535736,1014.8134032602967,995.5778317699823,1009.7001342773438,5288328
2023-12-29,1006.2426512992488,1016.0795829853465,997.7205364167932,1005.3173217773438,4631749
2024-01-01,1005.0738086978541,1005.0738086978541,980.7736549717309,986.6660766601562,3804406
2024-01-02,990.9027607781115,998.7430344727892,989.5391987339193,995.0907592773438,6865791
2024-01-03,1005.0738397989002,1009.9923651218498,994.7499300474296,1008.2391967773438,3604276
2024-01-04,1008.2879532773239,1031.2246647310706,1000.7885396019556,1020.6085205078125,4664043
2024-01-05,1026.354900866207,1035.948343879691,1011.8915588642936,1019.3423461914062,4008221
2024-01-08,1022.653787292214,1031.4193911832901,1018.0274963497017,1021.7285766601562,4489695
2024-01-09,1029.4714533213216,1040.087597100681,1020.7545950052714,1036.776123046875,3371125
2024-01-10,1039.1622620410842,1045.346977488517,1027.815770240984,1035.02294921875,3111573
2024-01-11,1037.9935634425103,1045.9313282876392,1029.812309607599,1035.1690673828125,2604325
2024-01-12,1030.542808085243,1050.4602793930771,1024.2120941573417,1048.3175048828125,3394013
2024-01-15,1049.9732827828525,1075.9291143141684,1046.564436882113,1073.6890869140625,3312897
2024-01-16,1078.1692862011316,1087.908846148748,1064.5339022744688,1067.3583984375,5025540
2024-01-17,1063.5599205792155,1080.068426735059,1050.7037493154712,1056.9857177734375,4568700
2024-01-18,1047.1974181694297,1067.455750033071,1047.1974181694297,1058.7388916015625,4407330
2024-01-19,1062.5860556640625,1106.7549389659166,1061.4173559548856,1095.7005615234375,11753391
2024-01-23,1115.179636268418,1142.0121720163006,1105.440076126336,1127.841064453125,18194595
2024-01-24,1110.4071808376661,1162.903431551066,1110.4071808376661,1158.9588623046875,9546592
2024-01-25,1155.111715446756,1169.3801933828981,1126.91573925768,1130.3245849609375,11424697
2024-01-29,1127.840993587094,1139.2849760349768,1127.840993587094,1131.8829345703125,4015858
2024-01-30,1131.8829670270381,1150.095896314162,1124.4809253501203,1128.47412109375,3902023
2024-01-31,1128.8149678000045,1144.4470086551455,1116.3482838433536,1140.210205078125,5981966
2024-02-01,1134.707525842627,1139.7233043086987,1119.0267385702487,1121.2181396484375,3606209
2024-02-02,1124.91918092818,1144.5930445879676,1115.47185527683,1120.82861328125,4969983
2024-02-05,1124.2861644030943,1129.4481791249268,1081.091236523813,1084.548828125,7809331
2024-02-06,1095.7004217806023,1125.9904274400494,1093.752509919659,1104.5147705078125,9863065
2024-02-07,1109.1411026321816,1118.344938962694,1102.3234108640659,1104.75830078125,2770694
2024-02-08,1114.5952094744005,1116.6404931847862,1087.1295804355839,1112.40380859375,6519392
2024-02-09,1116.104840617232,1116.104840617232,1087.1783947151862,1091.07421875,4203171
2024-02-12,1093.655261901001,1099.5963699711601,1082.3573956068903,1089.5645751953125,3887976
2024-02-13,1082.0652408149144,1095.7006263877397,1075.0528043624838,1088.73681640625,3211554
2024-02-14,1081.0910778999728,1091.9507102534951,1075.9290639355402,1086.7886962890625,4653070
2024-02-15,1093.0708758983699,1101.9824782632727,1080.5068196104696,1091.512451171875,5056712
2024-02-16,1094.7265123639788,1097.6971256345778,1087.7627033870003,1090.8306884765625,3091952
2024-02-19,1091.8534400094181,1115.1796390514723,1089.2236874298242,1112.4525146484375,4711035
2024-02-20,1115.1795616545007,1121.6076471399647,1105.4400021640683,1114.1568603515625,5397418
2024-02-21,1124.9191132934343,1128.9610542319738,1103.1024764089161,1110.21240234375,4570259
2024-02-22,1107.9722463371231,1109.0923194390366,1069.0627543444195,1105.9757080078125,8642368
2024-02-23,1097.6483531378387,1102.3720157063062,1086.2531161053616,1096.430908203125,6709844
2024-02-26,1088.9800439952412,1096.5769474041383,1075.588150665588,1081.1397705078125,3186134
2024-02-27,1084.012893656458,1101.544099483786,1072.617657425134,1098.13525390625,7149094
2024-02-28,1103.881702167964,1122.6303542846065,1094.2395144440407,1099.352783203125,5302711
2024-02-29,1089.7105820495756,1108.3131167656215,1070.3775803769483,1094.0933837890625,13818650
2024-03-01,1098.6223555126314,1111.0402943714844,1088.2984458081996,1099.3040771484375,5927490
2024-03-04,1102.5181919765935,1119.318932976237,1102.5181919765935,1103.9791259765625,5855090
2024-03-05,1103.540855690301,1149.0245517814026,1103.540855690301,1138.4571533203125,5375008
2024-03-06,1143.3755754449699,1165.4357021756023,1127.207929951227,1162.6112060546875,5464839
2024-03-07,1178.340633151784,1181.9929681218111,1158.471907136613,1168.4549560546875,8903981
2024-03-11,1155.1117596273702,1186.5705844485385,1155.1117596273702,1165.4356689453125,6679208
2024-03-12,1168.7472833843678,1176.5389319402636,1166.6046275879453,1172.8865966796875,4249548
2024-03-13,1180.4346306818181,1180.4346306818181,1121.7050383810565,1138.31103515625,7528096
2024-03-14,1143.3755781509958,1168.4549447015017,1133.246531045428,1163.48779296875,8569080
2024-03-15,1159.0076383997182,1190.953442712055,1156.9136092243868,1188.226318359375,10115416
2024-03-18,1193.0960713146433,1198.5015745411251,1183.551255187682,1193.3883056640625,4141080
2024-03-19,1184.525176104975,1208.0949813753457,1182.966870366786,1196.3587646484375,7703719
2024-03-20,1196.26140294043,1206.7314294672847,1191.7812293211134,1199.718994140625,6596032
2024-03-21,1205.7574882554325,1210.5298962763454,1182.4799168444927,1189.0054931640625,9952250
2024-03-22,1194.9952612836244,1212.575214561218,1190.1742266616934,1203.906982421875,7840007
2024-03-26,1193.095958175496,1201.8615611335201,1178.4866199121227,1181.505859375,10898138
2024-03-27,1179.0224940614855,1196.261467861563,1179.0224940614855,1192.9013671875,5779169
2024-03-28,1194.9952437744073,1206.2444829155709,1188.5185316112454,1196.602294921875,10518377
2024-04-01,1196.0179184201083,1199.8163704408694,1176.5387992275982,1185.645263671875,5461473
2024-04-02,1193.0961117940785,1195.774490820555,1171.8638232277463,1176.7823486328125,3625577
2024-04-03,1163.877430127516,1208.289800335749,1158.4719267240346,1193.77783203125,9532291
2024-04-04,1199.8649714618873,1200.8876727542518,1170.013317045236,1175.418701171875,7327626
2024-04-05,1174.4934116055442,1179.8014235595613,1157.9847882154306,1159.9814453125,4227519
2024-04-08,1157.059689922952,1179.0224445566369,1152.2872819017819,1173.32470703125,4827733
2024-04-09,1183.3077140613948,1183.3077140613948,1167.0914428785984,1173.0811767578125,3372798
2024-04-10,1181.6520573424636,1198.647541127975,1177.2692555637361,1197.3814697265625,6442196
2024-04-12,1194.1674404084774,1199.7676874675049,1187.7880998759063,1193.6318359375,7877073
2024-04-15,1179.0710797261943,1202.8356292978308,1178.8275907324091,1192.6578369140625,4281602
2024-04-16,1192.0247199747096,1201.812906011378,1180.483365658374,1184.7686767578125,5235632
2024-04-18,1188.2263036521085,1248.4654576451017,1184.1357360648326,1232.7847900390625,19939924
2024-04-19,1246.6637170287045,1262.7339915060275,1220.7077650795318,1255.4293212890625,13103862
2024-04-22,1270.0385601244834,1271.4021222341269,1254.6987538959859,1263.756591796875,7894656
2024-04-23,1275.882318705781,1315.8145134133665,1268.1880427765852,1307.3897705078125,12074766
2024-04-24,1316.7884152681422,1318.7363271250476,1298.8189759446304,1301.5947265625,6277492
2024-04-25,1296.3354252856163,1308.802109539023,1289.8585941609256,1303.8348388671875,8512627
2024-04-26,1303.1530474494486,1310.6524606294493,1287.5697524126838,1291.465576171875,5289771
2024-04-29,1290.0047776862662,1310.9448325901958,1285.6219754970716,1297.7476806640625,3195888
2024-04-30,1288.689899364918,1300.0365104919558,1285.5731688443097,1287.862060546875,5272565
2024-05-02,1280.9954160331704,1285.5243344584555,1259.9092483605452,1270.087158203125,7995432
2024-05-03,1271.986339095726,1276.3691404172657,1225.3825754882403,1244.1312255859375,11290875
2024-05-06,1241.7939651193174,1264.6331869605542,1240.0407966709363,1249.9752197265625,5555467
2024-05-07,1252.8481860122517,1260.7372052622134,1237.8979862741016,1252.6534423828125,5767030
2024-05-08,1242.9138473651115,1265.5583220729397,1241.5015399734034,1255.03955078125,2682816
2024-05-09,1249.5854705648264,1261.565176178905,1236.972788702863,1242.2320556640625,4809145
2024-05-10,1241.8424710585596,1274.421247129544,1238.6283691532271,1267.2626953125,5532513
2024-05-13,1267.262820078417,1268.9672430069998,1248.0271898844126,1252.4586181640625,3703942
2024-05-14,1256.9390319729275,1266.045497291828,1247.345469736323,1250.851806640625,3262908
2024-05-15,1248.1732849339446,1283.9174204462504,1247.150583638478,1275.784912109375,6891004
2024-05-16,1293.4136129046956,1321.5122207019995,1286.8881550345902,1310.0682373046875,11932181
2024-05-17,1318.346779513014,1324.5801215101071,1304.3705350973612,1309.43505859375,6614017
2024-05-21,1320.6842998314826,1327.25850265144,1300.9616913716097,1309.2890625,5422220
2024-05-22,1307.1950412057763,1315.8145278431066,1294.9232196466014,1312.7952880859375,3026723
2024-05-23,1315.5709399906789,1341.4295168506565,1309.288971953605,1338.26416015625,7147341
2024-05-24,1339.6764627689502,1361.3469835225737,1338.264274141451,1352.337890625,5622368
2024-05-27,1359.6425090570644,1370.356024529577,1342.1113019202255,1348.2958984375,6553974
2024-05-28,1348.7341787903242,1350.8280888638621,1331.300344390291,1335.34228515625,2068963
2024-05-29,1320.197195901891,1354.0421627462958,1320.197195901891,1341.234619140625,4445083
2024-05-30,1342.8904983457046,1350.3411661777993,1327.988924899303,1341.283447265625,7100303
2024-05-31,1344.0593503147195,1351.850998722341,1303.1531961747064,1336.9981689453125,24825643
2024-06-03,1378.439922841316,1383.4557009409755,1348.929009587754,1354.8701171875,6017122
2024-06-04,1354.870189542873,1360.6165538132204,1187.3011283910964,1265.8505859375,19924421
2024-06-05,1291.1247179304962,1313.6230764062013,1246.5174882428921,1309.337646484375,12175520
2024-06-06,1323.6061870572157,1340.4069278421582,1294.3875074312286,1334.904052734375,10279789
2024-06-07,1334.9040201086787,1393.3901232870458,1327.6480957353415,1388.1307373046875,12280748
2024-06-10,1384.040254064603,1399.2339442454434,1384.040254064603,1388.9100341796875,5318477
2024-06-11,1388.861290321477,1397.2372883502417,1376.1998620085885,1390.0787353515625,4416792
2024-06-12,1387.8873201247216,1410.1421912692,1385.062823905543,1400.9383544921875,4876138
2024-06-13,1411.2621512937271,1418.0310974926274,1383.4556617638991,1388.61767578125,7990376
2024-06-14,1396.6528168660566,1396.6528168660566,1383.9426443025695,1390.2247314453125,3978442
2024-06-18,1406.3924595439912,1406.3924595439912,1381.0696036242239,1391.1500244140625,8671131
2024-06-19,1396.604067594436,1397.4320252533494,1352.143074205882,1356.0875244140625,8640918
2024-06-20,1369.333233919586,1370.3071898081141,1340.4067915867427,1345.17919921875,8742855
2024-06-21,1348.8802841285958,1386.8645672692987,1337.0954405734203,1379.17041015625,43929578
2024-06-24,1365.486289831263,1386.718577843001,1353.1657228530653,1382.82275390625,6195831
2024-06-25,1396.652908438851,1396.652908438851,1373.1318471858735,1378.0989990234375,6353748
2024-06-26,1378.0989825554032,1441.4061220000974,1372.255246606662,1421.48876953125,9579826
2024-06-27,1425.8715298921716,1450.220428968199,1402.5453321337807,1437.3642578125,19675528
2024-06-28,1496.2398547362907,1496.2398547362907,1399.2338641732695,1406.441162109375,29145832
2024-07-01,1412.236134189359,1428.5986417833064,1411.505667223399,1416.1319580078125,6011806
2024-07-02,1423.9237280538828,1435.0268506691887,1380.095706328558,1381.994873046875,7792632
2024-07-03,1390.760480108683,1395.0946558224357,1371.7683373239427,1382.8714599609375,8261388
2024-07-04,1381.0695120944865,1403.567870353912,1374.73879853411,1385.988037109375,9570938
2024-07-05,1385.4524081159811,1396.2632959230573,1379.9495329452416,1392.46484375,4881198
2024-07-08,1393.7310081213777,1401.3765387902226,1386.085477452533,1397.77294921875,3261797
2024-07-09,1398.6008303042868,1404.1037055387903,1390.9552994043142,1398.16259765625,2897480
2024-07-10,1403.4704700600194,1411.0186283826877,1389.0072485360947,1407.4150390625,3416762
2024-07-11,1412.2360944086286,1413.0639331685093,1390.8090640107046,1400.4998779296875,4178558
2024-07-12,1404.4446006467492,1409.8987306574452,1384.4297565970355,1395.9224853515625,6342135
2024-07-15,1395.9223729896842,1402.4965756882227,1388.909937667686,1400.1590576171875,3324806
2024-07-16,1414.1839143874658,1434.929221845043,1407.3662233401435,1428.3062744140625,6967651
2024-07-18,1427.819539987499,1447.249915229654,1421.05059313541,1445.0098876953125,6470342
2024-07-19,1441.4548726911237,1441.4548726911237,1414.1353594732016,1423.68017578125,3858596
2024-07-22,1412.236040863482,1433.663070448997,1411.3108303241838,1427.2349853515625,3560584
2024-07-23,1431.7152799188873,1431.7152799188873,1391.2473616953482,1427.5272216796875,2936143
2024-07-24,1427.8194310577016,1437.1693844542099,1399.1364757187496,1417.3006591796875,4529339
2024-07-25,1407.3663841201364,1416.1319878966633,1402.593976063583,1411.4083251953125,4277756
2024-07-26,1412.479683442602,1480.4131141753182,1411.4083556250398,1474.958984375,9564987
2024-07-29,1485.2828552167043,1485.2828552167043,1438.5817139812525,1442.7696533203125,4589313
2024-07-30,1445.7402814280713,1446.2272594183871,1425.9203010004362,1432.05615234375,4263689
2024-07-31,1439.3608331912717,1464.9759232339618,1434.7832876037867,1452.7041015625,5634305
2024-08-01,1446.3245528926489,1471.6474070173686,1446.3245528926489,1466.2906494140625,4531379
2024-08-02,1455.1876232753134,1465.9498845389678,1444.9610853634856,1454.8955078125,3335905
2024-08-05,1443.4027515916946,1449.2464874280981,1413.6970944233094,1427.5272216796875,5111901
2024-08-06,1444.474111886535,1454.0189281905457,1393.828400164758,1405.9542236328125,8249573
2024-08-07,1422.065049527484,1424.9052860027007,1393.2711465147477,1412.0263671875,5700734
2024-08-08,1405.415569185815,1436.2661548508695,1400.5186508262825,1421.8692626953125,5986360
2024-08-09,1434.7969965083105,1451.446517969499,1427.255790491473,1433.91552734375,3615910
2024-08-12,1435.776393395482,1447.0393050762789,1415.2093372827228,1428.5289306640625,4028226
2024-08-13,1437.7351329192459,1447.920746327499,1420.4489883708943,1429.606201171875,4495208
2024-08-14,1423.1422539991775,1449.5856106185206,1423.1422539991775,1441.3587646484375,5891784
2024-08-16,1449.487739979176,1460.2609596682103,1437.8330511321242,1452.964599609375,7176426
2024-08-19,1456.3434786014188,1458.400160343048,1434.1115177044917,1439.3511962890625,4404075
2024-08-20,1449.4877646236089,1454.1398368411508,1416.6784131946285,1419.2738037109375,10046892
2024-08-21,1423.0444195151686,1436.3640130204067,1417.8536384360075,1433.2789306640625,6175510
2024-08-22,1443.3175606828124,1468.9774826849505,1434.7969712008999,1455.706787109375,6781325
2024-08-23,1462.2197544318794,1478.8692760831466,1448.8511440188054,1475.686279296875,6238112
2024-08-26,1477.889947916776,1489.3486889558953,1473.9724132635838,1482.34619140625,4307432
2024-08-27,1486.7043729990971,1494.8822025235036,1471.034234680266,1491.3564453125,3965066
2024-08-28,1496.4491531781878,1532.2456722824425,1490.279108109249,1524.263671875,6225319
2024-08-29,1532.7354741280556,1539.2972970264957,1514.0781670208744,1533.616943359375,8036748
2024-08-30,1543.5085470341537,1575.240599449903,1529.4053993434138,1556.28955078125,37820442
2024-09-02,1571.9106266778504,1571.9106266778504,1533.2249757409188,1538.954345703125,4890314
2024-09-03,1546.4468310879597,1546.4468310879597,1526.4673801004715,1528.4261474609375,4546295
2024-09-04,1525.8797206896243,1533.7147898587623,1510.2095823513482,1529.6993408203125,5213811
2024-09-05,1526.8591433049655,1530.7766779895196,1509.7199290600413,1515.3023681640625,5652812
2024-09-06,1520.7870543536687,1523.529256976365,1498.6528871318862,1507.516357421875,5497805
2024-09-09,1491.8461249392576,1514.861640406891,1491.8461249392576,1510.84619140625,3912508
2024-09-10,1513.2946377345995,1553.302435054624,1513.2946377345995,1545.3204345703125,6163457
2024-09-11,1545.90798806897,1565.9364543236159,1541.990453688051,1545.271484375,5994914
2024-09-12,1563.2431410168394,1618.7252452985024,1557.3178224761496,1612.7999267578125,12204496
2024-09-13,1616.9623870768355,1620.782007177514,1597.4237313112744,1600.7535400390625,5609618
2024-09-16,1600.7535265260701,1618.8721236843983,1596.4932316455206,1601.73291015625,3762063
2024-09-17,1615.9829651769596,1631.7021200233282,1604.7200536014839,1627.49072265625,4223072
2024-09-18,1621.0757257767227,1636.5010178466666,1613.877280054815,1620.781982421875,3171195
2024-09-19,1613.7302810479948,1676.4108303273815,1613.7302810479948,1630.5267333984375,8498240
2024-09-20,1636.5500772464218,1687.869804357462,1631.6531590021177,1676.4599609375,21646275
2024-09-23,1683.560492607718,1718.0837662344907,1683.560492607718,1714.362060546875,5001827
2024-09-24,1715.8800465057552,1731.1095091235463,1710.1016594247126,1720.4342041015625,7579205
2024-09-25,1719.3570687227157,1730.4730495895321,1709.0245230683695,1724.1070556640625,4017103
2024-09-26,1733.5090056407637,1742.3234582118184,1710.1507302382015,1734.5863037109375,7417423
2024-09-27,1719.014146607,1727.0940617756617,1686.9883488508633,1698.8388671875,7116861
2024-09-30,1678.6635070934378,1697.2717956784875,1669.0654998965256,1674.3052978515625,6907288
2024-10-01,1669.849119882148,1687.3310940886556,1661.0346670499255,1663.678955078125,3649090
2024-10-03,1630.6737191643795,1660.0552276177916,1630.6737191643795,1638.949462890625,7200276
2024-10-04,1635.6197364369107,1651.9263788050805,1596.5423043193828,1607.0706787109375,8576527
2024-10-07,1616.9623093920654,1635.570597628558,1608.5885318641795,1627.7845458984375,5387707
2024-10-08,1628.3232687656362,1644.8748767291975,1617.941825755662,1623.2794189453125,5224335
2024-10-09,1632.3876817078933,1669.4573285652077,1626.8052427822563,1643.503662109375,3414614
2024-10-10,1651.8284230480383,1663.9237870893628,1630.6737603381684,1643.503662109375,5047657
2024-10-11,1643.5037444187114,1655.4032801494823,1624.454779491234,1652.612060546875,2367678
2024-10-14,1651.2408849161884,1674.7951102478792,1644.7279595317334,1660.6429443359375,2069815
2024-10-15,1672.7872589373453,1697.0270040536798,1664.9031728053133,1681.8465576171875,5891334
2024-10-16,1684.539795014516,1706.3310801535117,1681.6995586587009,1698.2021484375,3299887
2024-10-17,1700.9445246354699,1702.1197371736191,1659.467651688099,1666.0784912109375,4373392
2024-10-18,1674.7460796655953,1680.7202961560074,1650.4573167706142,1672.640380859375,4154915
2024-10-21,1670.38787153984,1673.7176803855682,1627.7356647532665,1657.6558837890625,3836168
2024-10-22,1657.1170925704498,1677.5862342322007,1652.5629348060213,1657.3619384765625,3070057
2024-10-23,1655.1582851764588,1666.2742651336275,1645.4623636188348,1651.044921875,2764757
2024-10-24,1652.2202135555979,1658.0965154413911,1623.2304814964168,1643.846435546875,3669575
2024-10-25,1646.4417446081984,1650.016518655802,1621.7123087298432,1631.653076171875,3434386
2024-10-28,1623.964992196376,1643.2588019120608,1611.7226968047826,1629.0577392578125,2811651
2024-10-29,1616.4726411800116,1633.562837277717,1576.8076051498447,1603.348876953125,6990747
2024-10-30,1594.24076197634,1616.9624149586525,1584.4469254229866,1599.67626953125,4622628
2024-10-31,1600.3128373142442,1605.0139265182734,1569.119492884427,1579.35400390625,4921681
2024-11-01,1586.6014935253534,1592.8205557157842,1572.2534993182333,1583.1246337890625,279441
2024-11-04,1585.769041276362,1590.372096553199,1540.6194794782016,1558.4442138671875,6094029
2024-11-05,1550.6092399545469,1561.0397002496277,1533.7148711630005,1545.8592529296875,6473278
2024-11-06,1550.364313598837,1577.5422098100612,1534.2044834191904,1565.838623046875,6631728
2024-11-07,1563.0472282862656,1575.387557444631,1537.2895110140255,1543.312744140625,5160994
2024-11-08,1538.6117219378443,1546.936483004981,1526.71218661938,1537.534423828125,3096384
2024-11-11,1528.8178720850538,1548.9931512908813,1519.8075903593187,1528.377197265625,3664301
2024-11-12,1536.457166384607,1562.1169710021709,1518.1426198199647,1523.5782470703125,4479934
2024-11-13,1527.7405989044787,1540.0808091401138,1514.469902457352,1518.4853515625,5816699
2024-11-14,1518.044609948152,1535.6735150959369,1504.871948089745,1518.5343017578125,5139154
2024-11-18,1536.6038808689812,1536.6038808689812,1497.918227927031,1505.3126220703125,4816078
2024-11-19,1505.3125940233479,1525.8796496345974,1487.9775521153313,1494.0496826171875,6238241
2024-11-21,1506.2919644255667,1510.2585157944457,1479.8486074428033,1493.7069091796875,7356679
2024-11-22,1501.3951037772642,1542.5292162095182,1488.858945500254,1536.94677734375,7640321
2024-11-25,1549.3358840882354,1576.0731049816286,1530.3359373284065,1546.201904296875,12155641
2024-11-26,1557.2200520833335,1571.763875828849,1533.71484375,1544.73291015625,4030593
2024-11-27,1536.799872793933,1551.0988501218922,1522.109118096646,1545.1246337890625,4982785
2024-11-28,1538.6116670709862,1555.750880421554,1524.8512793880643,1528.230224609375,6714728
2024-11-29,1519.1709687648715,1614.9057203101715,1519.1709687648715,1593.6041259765625,10775801
2024-12-02,1593.6040315246044,1612.2612171719022,1583.8590930771338,1609.71484375,3790108
2024-12-03,1618.8232966936391,1618.8232966936391,1579.8927956995556,1587.1402587890625,9131055
2024-12-04,1596.1504133252606,1596.8849510212226,1549.7766240309302,1551.4415283203125,8772014
2024-12-05,1567.0138480869002,1588.6093055023152,1552.6658536296206,1582.04736328125,10324005
2024-12-06,1584.6428083636251,1591.155733804408,1561.92115460658,1564.908203125,4296866
2024-12-09,1562.9983056409765,1572.792141606452,1556.289551915358,1569.51123046875,4264409
2024-12-10,1577.346365866492,1578.6194928635823,1537.6813285309088,1546.10400390625,14645786
2024-12-11,1555.261135337031,1555.261135337031,1538.807443262631,1553.3023681640625,3853182
2024-12-12,1545.9570211024627,1584.5447590654203,1545.9570211024627,1577.3463134765625,13120939
2024-12-13,1584.6426646466664,1650.261365840317,1573.6736161491926,1647.078369140625,12900707
2024-12-16,1647.0784097525554,1652.220173778838,1625.9237473837254,1628.2742919921875,4375126
2024-12-17,1616.4726687729897,1624.4546692062916,1575.3385566321442,1581.9984130859375,6182486
2024-12-18,1587.9727378014427,1589.539727793647,1563.1942826397521,1568.874755859375,3905144
2024-12-19,1553.6941612863984,1576.5627443522937,1552.7636751375935,1567.3076171875,5865855
2024-12-20,1576.8076698307793,1588.8541364962953,1540.9622523031237,1545.5653076171875,9738879
2024-12-23,1553.3023687517234,1574.310098868295,1545.8100604015522,1554.183837890625,4363599
2024-12-24,1557.2199436637693,1565.8385672740658,1542.5291894782622,1551.2457275390625,3610076
2024-12-26,1551.2458086805107,1573.722615938572,1548.503486600974,1566.524169921875,3400479
2024-12-27,1566.524182984992,1594.877292461064,1563.3902030568186,1566.866943359375,2559578
2024-12-30,1571.9106569019648,1579.7947425976101,1548.5033652654029,1554.183837890625,4438130
2024-12-31,1550.3642851826976,1564.2714848972985,1531.1193729562094,1555.016357421875,2249626
2025-01-01,1560.158202120047,1573.4288988044955,1551.3927660061897,1562.802490234375,1405565
2025-01-02,1566.915906027072,1586.2097158702666,1555.6529941923711,1576.5137939453125,3728040
2025-01-03,1581.7046435888099,1583.6634109492913,1560.4520655490544,1565.8875732421875,3669685
2025-01-06,1563.2432301014803,1576.660738227019,1534.7920873704866,1555.701904296875,4584188
2025-01-07,1561.1374503989834,1569.9519027538083,1551.3926314503917,1558.0523681640625,2830856
2025-01-08,1565.7895498054065,1580.186441081448,1545.3204084022998,1566.230224609375,3674564
2025-01-09,1567.0138763872626,1586.7973787551834,1559.5705843851574,1573.9185791015625,4684859
2025-01-10,1574.84890484597,1591.4984268499386,1558.9829375813024,1582.5860595703125,4145892
2025-01-13,1547.4261337781222,1581.4106978820362,1545.5652809723395,1564.271484375,3705039
2025-01-14,1571.6168350423754,1599.7252164512684,1545.957032218217,1567.1116943359375,7284572
2025-01-15,1574.89790648964,1580.5782598563335,1560.1581349201829,1574.3101806640625,2960985
2025-01-16,1585.6711544133693,1601.2922758887987,1567.552556796279,1596.5911865234375,5299325
2025-01-17,1596.493273007769,1605.209811452933,1589.5396729640697,1593.9468994140625,2678801
2025-01-20,1604.2304692523621,1611.086155018398,1584.740710092469,1607.3155517578125,3933044
2025-01-21,1619.900566763861,1622.5448548131687,1586.895385383429,1592.624755859375,7958844
2025-01-22,1593.9468724639598,1607.168551590389,1589.0989712724024,1598.1092529296875,3262136
2025-01-23,1591.008815998553,1611.4779591794445,1583.8592671879856,1602.271728515625,2457080
2025-01-24,1600.3618846597449,1627.6376951212437,1600.3618846597449,1610.8902587890625,3620058
2025-01-27,1605.1607516842503,1613.2406666273066,1560.8436424511233,1569.5601806640625,6622807
2025-01-28,1574.5061166137216,1596.6891797430176,1564.075657043929,1584.9854736328125,5216471
2025-01-29,1586.601465377702,1593.3592362705992,1560.3050390752305,1567.4544677734375,5009227
2025-01-30,1573.5756453176868,1611.037069517956,1562.3127334666256,1606.9237060546875,4283637
2025-01-31,1605.3076448713791,1605.3076448713791,1541.7946419255927,1592.7716064453125,8340866
2025-02-01,1593.457234669187,1610.1067570965847,1576.024157482561,1589.7845458984375,2741589
2025-02-03,1586.503594361229,1626.7562383593265,1574.9468195002435,1618.2845458984375,4146970
2025-02-04,1627.8825396936547,1633.9057729850488,1595.4649651491256,1627.1968994140625,6385876
2025-02-05,1635.5706909498217,1640.6634380941864,1615.1015488110334,1626.217529296875,3920893
2025-02-06,1631.5551439002536,1632.926304834808,1579.990574057924,1586.3565673828125,5229162
2025-02-07,1601.3412685835613,1672.3465824915468,1601.292251580089,1642.1815185546875,14873255
2025-02-10,1663.8258611521812,1664.9521762409597,1643.4547533162563,1658.1455078125,6782878
2025-02-11,1670.828463566607,1671.4650868333297,1651.4366199780725,1661.7691650390625,8965266
2025-02-12,1668.8697656618085,1678.369739393697,1649.771784188566,1676.26416015625,7148192
2025-02-13,1674.7459579782233,1692.766640150242,1668.7717419218989,1679.2510986328125,5356002
2025-02-14,1678.663588859265,1688.555339888717,1670.093981856629,1681.6507568359375,5125863
2025-02-17,1676.4598637989536,1681.5037132090663,1631.8979103578247,1641.0062255859375,4906462
2025-02-18,1657.1171467569811,1660.985664378593,1621.6635062140265,1634.493408203125,7529598
2025-02-19,1635.570745505947,1638.949571380284,1604.671142582255,1611.281982421875,7776555
2025-02-20,1606.0421693158396,1615.7871078484175,1593.7019598914164,1609.616943359375,5524503
2025-02-21,1609.6169702047907,1624.5035533216353,1595.611736697941,1605.45458984375,5447583
2025-02-24,1593.4570976951254,1603.7896423701136,1565.0549736427845,1568.2869873046875,4673190
2025-02-25,1564.0756459615916,1615.1505258127734,1564.0756459615916,1607.560302734375,6286808
2025-02-27,1609.5191920486086,1621.859402723816,1604.8671194864478,1616.3748779296875,7568745
2025-02-28,1608.0990279635016,1614.4650220513863,1527.3488892394184,1537.8282470703125,13640211
2025-03-03,1546.4468191727033,1569.7071813990185,1540.3256712184098,1562.9005126953125,6993525
2025-03-04,1556.2406815759798,1557.7097571092486,1535.673624110218,1542.8720703125,5219668
2025-03-05,1545.467381786604,1592.5757108948412,1544.5859126010873,1584.8875732421875,6295425
2025-03-06,1584.642714704449,1598.1092396285444,1557.6606478532499,1593.3592529296875,5174009
2025-03-07,1595.416028168622,1608.5397935019837,1582.2922628352603,1597.0809326171875,3035558
2025-03-10,1606.1891532670866,1620.7819932654293,1593.0653887138053,1597.32568359375,3778450
2025-03-11,1596.3952520780103,1641.838674575503,1590.567967537595,1628.6658935546875,6078564
2025-03-12,1655.1583080000062,1681.2589052292008,1600.3128256047398,1608.9803466796875,9907628
2025-03-13,1616.766517959291,1622.7407340944999,1596.0035136084095,1598.84375,8317331
2025-03-17,1578.9622290826883,1614.4159879653216,1578.9622290826883,1605.356689453125,6405522
2025-03-19,1601.2921285732214,1608.1968305270643,1593.9467518366469,1603.3978271484375,6283464
2025-03-20,1625.7767644842215,1674.4031837905209,1612.1633086299164,1670.0938720703125,12074465
2025-03-21,1674.4032671875652,1695.7048613976497,1657.1171219983034,1690.2203369140625,14715349
2025-03-24,1704.1275090711138,1704.1275090711138,1679.4959869689217,1683.3646240234375,4120999
2025-03-25,1689.4367543165135,1704.6172005147198,1670.9263798802256,1694.8233642578125,4857399
2025-03-26,1703.295125819835,1728.61216966309,1690.5631381679254,1702.70751953125,7142394
2025-03-27,1704.0784219460495,1710.395517805376,1677.9289280319506,1689.142822265625,6222339
2025-03-28,1697.5657818317122,1709.7590608367752,1625.776910204237,1697.6636962890625,4133264
2025-04-01,1679.6429856706595,1728.612168926364,1673.2279748426943,1688.6043701171875,6773056
2025-04-02,1684.5398635826323,1724.1069866147252,1681.552695654231,1718.426513671875,6431226
2025-04-03,1711.962673611111,1718.7693423695034,1699.6713605986702,1710.00390625,2341989
2025-04-04,1718.3285846256867,1734.292585669951,1704.1275219428298,1707.50634765625,7817334
2025-04-07,1694.333698317519,1738.161116236426,1634.9830736051072,1651.87744140625,14870388
2025-04-08,1685.2252618936348,1706.380042658806,1671.611925906969,1684.9315185546875,7206935
2025-04-09,1684.1970896124594,1691.2486039536727,1676.3130035396634,1680.181640625,5600666
2025-04-11,1723.7151821461289,1730.5708675296646,1696.6352009704297,1720.38525390625,8340002
2025-04-15,1770.9214425655305,1782.4782172903078,1744.380169944084,1761.71533203125,10313411
2025-04-16,1765.2410351158712,1788.8441561064058,1757.112103365754,1785.0245361328125,6180958
2025-04-17,1796.1895511403925,1858.5762396371617,1788.0606193088586,1850.153564453125,10894325
2025-04-21,1859.2619215563914,1865.040308929045,1830.0762413340394,1844.5711669921875,3501123
2025-04-22,1849.0762634330401,1849.0762634330401,1798.9318702122537,1814.0142822265625,6155127
2025-04-23,1828.5092503490482,1847.0196249997905,1798.2462720538554,1842.8082275390625,6855027
2025-04-24,1835.8546260356482,1839.0866398565374,1801.5761987690448,1807.5504150390625,5180688
2025-04-25,1808.6276562019516,1823.3184102823932,1768.7667912851523,1779.73583984375,4570083
2025-04-28,1798.1484111763282,1800.9886477190944,1776.0143642305343,1784.2412109375,3301891
2025-04-29,1786.1019171638043,1809.7051588045153,1780.1277008012419,1786.199951171875,4684155
2025-04-30,1799.127741000645,1838.2051720240217,1789.3339046315616,1826.060791015625,9139821
2025-05-02,1813.8185074238856,1844.767006641983,1794.3287490111354,1810.0968017578125,3866806
2025-05-05,1829.4886745440615,1834.875284667184,1811.0762139381034,1827.5299072265625,3548839
2025-05-06,1849.3702248690129,1872.5815699385191,1843.7876662389815,1861.808349609375,8597920
2025-05-07,1861.808309777994,1877.4784481033216,1846.6278632753329,1857.6949462890625,5554616
2025-05-08,1857.8906915674736,1866.509315079921,1824.0040428750249,1836.246337890625,5500724
2025-05-09,1816.7566326530948,1832.5246851767095,1798.638035508037,1810.292724609375,3686209
2025-05-12,1830.3701042090893,1844.5711669541938,1815.7772640982137,1832.23095703125,3936019
2025-05-13,1831.4473706707397,1844.8648784525835,1779.1482614157194,1783.0657958984375,8817763
2025-05-14,1792.2721344123156,1832.1330023671208,1782.6741265267808,1796.385498046875,7401614
2025-05-15,1811.7618129469204,1831.3494856755672,1787.3751364890218,1828.705078125,8788351
2025-05-16,1796.1894781581623,1796.1894781581623,1772.7821867839734,1776.601806640625,100662047
2025-05-19,1784.4369038893187,1790.9987261315525,1771.7049171985607,1780.813232421875,5799804
2025-05-20,1772.4885248335593,1787.2771935976427,1762.4008257173512,1771.6070556640625,12512596
2025-05-21,1775.622491413216,1788.8441701964914,1768.0812854101466,1784.9266357421875,6849562
2025-05-22,1782.380276828366,1798.83384993875,1778.8545197014028,1793.6431884765625,6496923
2025-05-23,1787.375067359596,1803.8287596367545,1783.9472247646597,1793.9368896484375,3460945
2025-05-26,1796.189589848645,1811.8597280370739,1793.1535244853703,1809.3133544921875,3254715
2025-05-27,1805.9834265621762,1819.3030201141573,1795.895727279977,1805.78759765625,5847725
2025-05-28,1809.900879115401,1828.5091673747042,1807.0606427861435,1817.8338623046875,3713699
2025-05-29,1819.6947968347397,1828.5092495642944,1812.3494195601106,1825.1793212890625,5786774
2025-05-30,1815.7771666297294,1828.5091532350082,1805.0039471944938,1817.9317626953125,16712960
2025-06-02,1805.983371549025,1820.6741256559856,1793.7410764598912,1815.8751220703125,3199499
2025-06-03,1828.5092225964984,1830.9576816519302,1794.2307958204526,1803.339111328125,5596977
2025-06-04,1816.7566340175993,1845.7463655607316,1811.8597158666082,1836.736083984375,5892170
2025-06-05,1845.158664763406,1850.0555826635211,1830.0761337203191,1840.06591796875,8999675
2025-06-06,1833.5041634496422,1843.1021713352804,1828.8031935177623,1831.643310546875,4644174
2025-06-09,1835.3649759711088,1836.3443596295779,1810.5865215903727,1826.6484375,3649505
2025-06-10,1828.1173764825933,1836.9318287506421,1812.1534957737676,1818.813232421875,7925901
2025-06-11,1819.5968546367014,1828.0195298724475,1809.70510396843,1821.849365234375,8907265
2025-06-12,1833.30819684999,1844.1793309710038,1793.838989688041,1806.17919921875,7346031
2025-06-13,1777.581273695314,1806.5710049919535,1777.581273695314,1802.4576416015625,4613000
2025-06-16,1804.1225208023632,1831.447347382601,1800.8906266274153,1822.9267578125,5722187
2025-06-17,1840.2618268610227,1840.2618268610227,1809.509157200723,1816.560791015625,6561555
2025-06-18,1809.5092379214143,1832.4268396232678,1805.1020114231221,1827.4320068359375,5069427
2025-06-19,1833.406182363812,1840.2618678747876,1825.66902766212,1838.3031005859375,4712312
2025-06-20,1841.2412131370274,1908.8186831936525,1835.3649113929732,1896.772216796875,16228526
2025-06-23,1890.210328725515,1908.8186169357662,1887.3700924037444,1896.3804931640625,2946463
2025-06-24,1910.6795910598546,1922.5301093411883,1889.3289796196211,1893.7362060546875,6837210
2025-06-25,1901.9629865369286,1929.3857278464209,1898.045452064144,1925.076416015625,4152765
2025-06-26,1929.3858384138896,1976.7880321617974,1925.7621666403675,1972.7725830078125,9413241
2025-06-27,1968.5610360301632,1996.9631604305985,1967.1898750794098,1985.3084716796875,6405854
2025-06-30,1976.3961578951812,1982.174545201148,1958.963081525383,1968.1693115234375,5597484
2025-07-01,1967.5817202822354,1988.9323313203035,1965.5250385620116,1977.767333984375,3769165
2025-07-02,1995.0044088316156,2003.6230324006106,1976.6899831895798,1991.3807373046875,6513288
2025-07-03,1999.7055655106897,2002.7416308862903,1971.4013543821982,1977.66943359375,5558647
2025-07-04,1985.2106785867777,1994.5148233556847,1963.7621525245636,1975.6126708984375,2178315
2025-07-07,1976.3961602018137,1994.0250654959825,1969.1486974479224,1991.9683837890625,4165432
2025-07-08,1984.2311472925646,1993.0455995757004,1973.26209893946,1988.148681640625,3624619
2025-07-09,1993.0456522551126,1998.6280910271873,1957.2981503841977,1978.06103515625,2937734
2025-07-10,1986.7776124227605,1986.7776124227605,1921.844549338382,1923.9991455078125,5695845
2025-07-11,1901.9629299796338,1918.7103654420487,1874.736018381942,1882.27734375,13103980
2025-07-14,1875.5195865051714,1887.7618814562495,1861.02466146163,1881.2979736328125,5269381
2025-07-15,1885.1176201785156,1902.9423540574337,1883.5505107597269,1894.32373046875,4163140
2025-07-16,1903.9217791883793,1903.9217791883793,1889.0351958145457,1896.67431640625,4211258
2025-07-17,1903.6279716002293,1904.8033037241096,1887.8599185892729,1890.112548828125,6256455
2025-07-18,1891.297532184274,1892.186370351953,1868.287196150176,1877.372802734375,4643961
2025-07-21,1871.2498968225996,1896.03790902182,1869.0771679217364,1885.4708251953125,5109654
2025-07-22,1885.4709045378984,1887.5449005198893,1859.5965870759885,1883.100830078125,4513541
2025-07-23,1896.1366273100134,1924.776190951675,1883.5945217985336,1919.640869140625,5194282
2025-07-24,1919.640869288336,1945.9102380372574,1909.6663041284937,1912.0364990234375,4150685
2025-07-25,1912.0365326436295,1928.4301900794749,1901.0745166840238,1913.814208984375,3896884
2025-07-28,1906.0124370549743,1906.0124370549743,1861.5717325640553,1866.805908203125,3575044
2025-07-29,1856.6338604698753,1899.6919407829134,1856.6338604698753,1894.4578857421875,3748040
2025-07-30,1909.9627019164334,1915.098023938185,1898.2105805189387,1908.580078125,5044683
2025-07-31,1889.2236775971553,1902.5558885995397,1872.039914861235,1890.507568359375,4674966
2025-08-01,1890.2112083270038,1895.840315741839,1854.6586464148972,1860.9791259765625,5192594
2025-08-04,1868.4846269252325,1896.0378862849125,1855.1524163208508,1890.8037109375,3074380
2025-08-05,1896.1366510069379,1913.5178795305437,1888.3348146343578,1907.7900390625,5167672
2025-08-06,1906.0123840294045,1940.3799094341891,1897.7167619779266,1905.716064453125,5461349
2025-08-07,1904.1359872478954,1909.2714297675527,1885.3721346386885,1898.704345703125,4268534
2025-08-08,1862.8555496510396,1870.262333439792,1832.932094923232,1835.499755859375,93801105
2025-08-11,1839.8450716527227,1842.8077851336448,1822.7600423581562,1834.314697265625,5266532
2025-08-12,1834.3147096906787,1841.820226449231,1824.1426784493622,1827.302978515625,4645011
2025-08-13,1829.9693807079097,1849.227018551301,1828.784343523411,1844.1904296875,6697206
2025-08-14,1849.7207591186288,1859.5964705928338,1843.597866225869,1850.5108642578125,3958631
2025-08-18,1868.9784718755761,1888.828628628729,1847.0544397398173,1868.781005859375,7146376
2025-08-19,1877.4715117278834,1907.7900187292848,1876.3852075604461,1885.964599609375,5706265
2025-08-20,1912.9253388505097,1927.7389062654595,1902.0620560795467,1904.4322509765625,6962619
2025-08-21,1906.0124292991263,1916.7769795648605,1903.7409673020275,1905.9136962890625,3376913
2025-08-22,1909.962613891984,1923.4922904951002,1893.5689568285607,1909.2713623046875,3271920
2025-08-25,1915.8880734007598,1915.9868064073212,1889.4211177737689,1906.70361328125,2451388
2025-08-26,1898.2104956306462,1901.8645812412458,1872.6323785689278,1881.0267333984375,5984656
2025-08-28,1869.472213737456,1876.1877458749298,1854.8561122867761,1857.7200927734375,5494113
2025-08-29,1849.2270046952606,1876.483944712588,1849.2270046952606,1865.324462890625,4339042
2025-09-01,1865.5219814877794,1881.1256545409544,1860.7815915454387,1876.977783203125,3421488
2025-09-02,1880.8292921474092,1893.6677173497806,1854.6586561579597,1863.7442626953125,4423049
2025-09-03,1867.4970827599643,1868.5833869365088,1846.7580881867443,1860.4853515625,3803044
2025-09-04,1875.397731091777,1879.8418015446011,1853.276111838205,1857.0289306640625,5205333
2025-09-05,1863.5467635620546,1886.952151639917,1852.3871613247754,1871.74365234375,2620140
2025-09-08,1874.4100683146278,1875.3976394781234,1860.682805031415,1864.238037109375,2547552
2025-09-09,1868.4846294024633,1880.335483288737,1859.5964889877582,1870.1634521484375,4517793
2025-09-10,1880.3355850574942,1881.3231562681335,1859.5965896340658,1867.8922119140625,3566139
2025-09-11,1860.5840691159176,1892.1863462983536,1858.7076597975863,1889.2236328125,4718266
2025-09-12,1901.0744991418314,1901.0744991418314,1877.9653096909897,1878.952880859375,3192824
2025-09-15,1880.3355601043581,1889.2237008821623,1874.8051855087938,1880.829345703125,3553258
2025-09-16,1879.6442589226012,1917.8632150381059,1878.8541537641588,1915.394287109375,5427586
2025-09-17,1914.0116969342262,1925.8625512000215,1908.5800553957365,1917.1719970703125,4234637
2025-09-18,1920.3321313076867,1925.566306706066,1896.630423335774,1916.974365234375,5080814
2025-09-19,1906.2099003473625,1952.2308151523634,1903.8398258870736,1938.009765625,11287603
2025-09-22,1929.7141103475217,1941.5649646587653,1919.8383984214852,1931.88671875,4469137
2025-09-23,1925.7638508912387,1930.701706919165,1906.111159789467,1914.604248046875,4348633
2025-09-24,1902.0620440339374,1913.2216463037748,1894.9515799410397,1907.0986328125,5237977
2025-09-25,1906.0123501909477,1925.7637735089886,1904.8273130131136,1911.542724609375,7133365
2025-09-26,1907.0987130100048,1920.5296571686774,1888.1373942628345,1892.7789306640625,3239306
2025-09-29,1904.0372461419377,1904.0372461419377,1873.9163249763105,1878.557861328125,5072608
2025-09-30,1872.4349394291717,1883.8907408973337,1851.893410859755,1855.0537109375,5945625
2025-10-01,1844.7829920417032,1853.6711327956514,1832.833404694242,1844.387939453125,5675393
2025-10-03,1828.1917317296138,1876.6815734160555,1825.1302851629223,1873.126220703125,5828332
2025-10-06,1869.0771580670203,1883.2982069178736,1864.0405692488132,1879.4466552734375,2809218
2025-10-07,1876.3852164435102,1921.8134901047742,1876.3852164435102,1905.0247802734375,5713060
2025-10-08,1905.024822261605,1938.2071900783988,1903.642198487338,1919.3446044921875,4957406
2025-10-09,1920.8259948667612,1924.578813669242,1907.2963175714692,1917.86328125,3945737
2025-10-10,1912.9253261820775,1923.3935563086916,1911.3452364455711,1915.789306640625,2512581
2025-10-13,1913.8141953753518,1941.4661881486695,1911.9377860408238,1930.6029052734375,3672419
2025-10-14,1939.5897682426169,1939.5897682426169,1915.0979551270627,1922.406005859375,4454239
2025-10-15,1932.874211233326,1951.4405971194756,1927.3438368905747,1944.0338134765625,3447352
2025-10-16,1937.9109209979117,1962.2051472416201,1937.6146014308795,1942.947509765625,3700674
2025-10-17,1949.0704075960111,2009.016049042492,1945.8114951160508,1986.9931640625,6743801
2025-10-20,2000.819253704416,2031.4339609427361,1994.5975069153783,2026.0023193359375,7387180
2025-10-21,2026.2985734971805,2032.9152521105889,2013.1638287235537,2018.1016845703125,240850
2025-10-23,2038.248079880311,2041.3096470077273,1978.6976095346013,1982.9442138671875,8790128
2025-10-24,1983.0429326806875,2007.7322122210348,1981.9566284915368,2004.0782470703125,3236799
2025-10-27,2004.7694155812908,2067.973968584839,2004.7694155812908,2054.246826171875,5796831
2025-10-28,2065.998867716355,2076.4672184599,2045.9511249374389,2064.22119140625,9891522
2025-10-29,2057.110837700071,2084.170192507201,2055.7283344436864,2074.4921875,2742750
2025-10-30,2044.2723734029337,2062.0486549107854,2033.0141582237939,2040.618408203125,4222189
2025-10-31,2030.4463225731627,2048.0251375948988,2026.1997183270773,2028.9649658203125,4659723
2025-11-03,2029.458803564971,2055.135654607642,2021.75570003092,2048.22265625,2979629
2025-11-04,2080.8124331611193,2109.0570647665995,2077.355934102712,2087.0341796875,12263078
2025-11-06,2088.7130703636412,2096.90995947568,2054.6418642513268,2068.86279296875,9546299
2025-11-07,2022.5457719154097,2022.5457719154097,1970.7970180936684,1976.327392578125,70392750
2025-11-10,1970.2044759274668,2003.584429555406,1967.4392284417588,1994.6962890625,7457061
2025-11-11,1994.9924739178298,2031.3350202322856,1992.3260800101352,2016.9166259765625,14825625
2025-11-12,2034.396616077751,2053.950573521495,2029.359906653702,2048.025146484375,8210277
2025-11-13,2073.800695841544,2080.812547903464,2053.160553911391,2065.801513671875,5958875
2025-11-14,2064.0238564457277,2081.7012848981435,2056.0244330954692,2074.5908203125,6312655
2025-11-17,2085.75028789569,2095.625999486105,2074.7881515878325,2085.94775390625,5998770
2025-11-18,2095.626147902284,2132.1662833746614,2084.0716127444325,2122.488037109375,10972556
2025-11-19,2128.2159089072215,2139.276657985165,2120.0190198303203,2132.956298828125,7419461
2025-11-20,2126.339531775546,2142.338136126123,2123.179111222048,2131.474853515625,7452899
2025-11-21,2123.3768165886067,2147.4734560986562,2121.8954598702126,2135.820068359375,6720938
2025-11-24,2135.227762664242,2138.8817278396996,2113.7972749931514,2125.35205078125,9686848
2025-11-25,2132.166105295353,2143.720639488166,2112.118362800138,2134.73388671875,7102592
2025-11-26,2077.849783725252,2108.3656370532426,2071.4305709903592,2100.366455078125,43174047
2025-11-27,2105.501734810856,2110.340737102211,2077.652276033199,2089.3056640625,4444877
2025-11-28,2091.675807612178,2103.032876444822,2070.3441731883636,2075.479736328125,6263457
2025-12-01,2088.4168196683736,2092.663424153835,2057.209713646303,2063.7275390625,5058900
2025-12-02,2063.8263903680922,2088.5156709469375,2061.1599962868277,2077.849853515625,6591396
2025-12-03,2073.9983364413933,2083.6763411431734,2055.728269568397,2060.073486328125,4357641
2025-12-04,2068.764202928744,2082.2938801798505,2048.3215272611046,2077.65234375,4611819
2025-12-05,2066.5914834930163,2085.65141378975,2064.02370206231,2082.590087890625,2938290
2025-12-08,2088.120455805432,2088.120455805432,2053.061678088443,2060.27099609375,4327091
2025-12-09,2060.863678954721,2074.294502940563,2054.543078455864,2063.7275390625,5139229
2025-12-10,2046.247426070392,2070.837851302198,2036.5691805636764,2041.3095703125,3987451
2025-12-11,2040.3221120043302,2043.4822916429123,2012.670118230796,2027.68115234375,3254850
2025-12-12,2027.5824025977115,2061.1598213348784,2025.1134747493904,2057.505615234375,2706420
2025-12-15,2044.3712473643945,2053.0616810810616,2035.8780385611733,2043.97607421875,3233614
2025-12-16,2044.371089167985,2080.417435351493,2044.371089167985,2075.87451171875,5756692
2025-12-17,2091.280828604945,2101.551472441295,2070.344126689988,2081.800048828125,6412516
2025-12-18,2072.9120220818895,2090.2933722588573,2062.1475920638436,2065.9990234375,3760341
2025-12-19,2087.6265339151837,2088.712958610383,2056.123111029228,2071.6279296875,10127415
2025-12-22,2091.6757556638554,2124.9568561517053,2075.578297236128,2120.907958984375,7670853
2025-12-23,2130.1909203006003,2137.1039181875285,2092.8606834899415,2096.5146484375,4110853
2025-12-24,2084.76282548779,2110.637142983157,2084.76282548779,2097.304931640625,3145464
2025-12-26,2096.6135262076054,2096.6135262076054,2075.6770663009197,2079.232177734375,1297870
2025-12-29,2079.232272760599,2086.441590619533,2053.55542199624,2055.728271484375,2371034
2025-12-30,2051.1852343409278,2076.66461768302,2045.8524466883603,2073.701904296875,6983390
2025-12-31,2069.9491520589277,2094.6384310672643,2064.1225786554564,2079.429931640625,2991434
2026-01-01,2088.5156239634994,2097.502377228279,2080.8125203749382,2084.170166015625,2097756
2026-01-02,2081.800160766766,2098.5888717406915,2071.9244484291626,2080.121337890625,2927138
2026-01-05,2075.973542269958,2085.8492543951065,2070.4430470373736,2078.83740234375,2642580
2026-01-06,2080.614901614532,2095.4284685411026,2061.5547306144313,2079.133544921875,9119265
2026-01-07,2069.554355063594,2077.6523908854297,2051.185433840431,2058.2958984375,4171371
2026-01-08,2062.0486549107854,2065.998939690308,2029.4588054797239,2040.618408203125,5534929
2026-01-09,2044.4698113831362,2058.0983419068393,1998.0539658602852,2001.905517578125,4165409
2026-01-12,1998.350250124698,2023.3358487922794,1976.426218507662,2018.595458984375,4689135
2026-01-13,2021.5581640128967,2024.422023933682,1989.8571538954727,2001.7080078125,7388496
2026-01-14,1990.054620204551,2008.7197392372914,1983.7341406705648,1997.3626708984375,4842964
2026-01-16,1994.893733023803,2004.473125005689,1963.9827076522358,1991.3385009765625,7310676
2026-01-19,1997.8564917113652,1997.8564917113652,1971.4883894982622,1985.01806640625,4272071
2026-01-20,1992.918581914806,1992.918581914806,1952.5268977445612,1971.1920166015625,6076838
2026-01-21,1952.4281864091545,1982.154054261563,1942.552474793529,1971.290771484375,7952295
2026-01-22,1983.8330075478484,1993.807452219183,1965.2666213958255,1977.31494140625,6722567
2026-01-23,1984.030498573622,1986.6968925356227,1955.4896673904352,1960.032470703125,4340925
2026-01-27,1947.5891560827586,1978.895235722646,1938.3059626126596,1948.873046875,10510891
2026-01-28,1970.2044950583875,1970.2044950583875,1914.9005092321872,1933.3680419921875,9426909
2026-01-29,1939.5898544243773,1946.0090672827064,1914.9005742000345,1943.44140625,6065044
2026-01-30,1901.6670297269297,1949.4654986888927,1901.6670297269297,1944.2313232421875,7683747
2026-02-02,1912.0365284508803,1945.317749391463,1902.5558692783113,1940.972412109375,5326225
2026-02-03,2024.5209047467765,2024.5209047467765,1955.4896556401525,1972.4759521484375,6915795
2026-02-04,1983.0428892327334,2009.3122579774831,1973.5622302075833,2000.6217041015625,7464725
2026-02-05,1986.9932118148427,1997.7577617747622,1960.3287899863135,1967.6368408203125,7708690
2026-02-06,1969.2168801489804,2024.2245451796375,1963.7852388045374,2013.0650634765625,13870403
2026-02-09,2025.7059791967183,2029.656263961574,2003.4856273944054,2012.8675537109375,7570161
2026-02-10,2026.4961015551173,2031.4339575530587,1983.438021363694,1986.302001953125,9077763
2026-02-11,1987.8820240993398,1995.8813264331036,1971.8832988786914,1987.0919189453125,7423601
2026-02-12,1994.1036945654223,2001.8067980529831,1984.1292496773617,1989.462158203125,7437690
2026-02-13,1988.8696629147487,1999.041573938394,1967.2418295336483,1979.783935546875,4808543
2026-02-16,1985.0180967100746,2006.942128959951,1970.2045288241784,2004.177001953125,3455964
2026-02-17,2002.7943131900101,2013.1638103736861,1989.1657829559306,1995.1900634765625,4471158
2026-02-18,1994.9925654101178,2003.3869206454656,1989.9559763795341,1996.6715087890625,2182669
2026-02-19,2006.7446467170569,2006.7446467170569,1950.2556231901685,1963.884033203125,4712417
2026-02-20,1956.4772072700266,1968.9205798155008,1946.5027626325084,1952.8232421875,5180301
2026-02-23,1969.2169190561328,1975.6361316809398,1959.2424743189804,1972.4759521484375,3728878
2026-02-24,1972.475914555702,1972.475914555702,1897.914292411682,1916.8756103515625,10006761
2026-02-25,1930.7017125761574,1937.417245015064,1880.335580943736,1889.6187744140625,8285195
2026-02-26,1890.2112233962027,1910.9502180102677,1880.8292972612687,1905.6173095703125,10795028
2026-02-27,1886.2610149406055,1891.1988710006594,1846.8568994707498,1855.942626953125,13754648
2026-03-02,1827.1054642116926,1872.3362736702609,1824.932855779622,1849.9183349609375,11785758
2026-03-04,1837.9686774946206,1896.1366434270433,1792.7379903114106,1882.2119140625,20565585
2026-03-05,1895.1490717919385,1905.1235164802192,1873.6199721037467,1883.2982177734375,11398717
2026-03-06,1876.385248101966,1878.4591234760856,1843.894132063681,1847.5482177734375,10896859
2026-03-09,1808.2427814898845,1849.1282513425515,1795.5030895031166,1843.4990234375,8073518
2026-03-10,1857.4239213451783,1857.6213873596932,1823.5501816904166,1827.4017333984375,11741600
2026-03-11,1818.1185581057389,1824.7352368477207,1777.134353781248,1784.5411376953125,9548404
2026-03-12,1775.554221233877,1795.206911523239,1768.7399560864042,1778.9119873046875,12922735
2026-03-13,1758.9629549302274,1793.4292122498375,1754.5188847456875,1780.98583984375,8970772
2026-03-16,1775.6529894874043,1782.467254770144,1748.8898345017506,1766.5673828125,14261268
2026-03-17,1774.6654662083718,1811.6993866217351,1768.8387719527107,1804.2926025390625,7181491
2026-03-18,1804.09508784673,1845.770543606319,1804.09508784673,1832.339599609375,6428092
2026-03-19,1803.897549944028,1838.1663432984026,1793.7256388023666,1804.2926025390625,7145082
2026-03-20,1811.2055640682022,1837.771253213415,1811.2055640682022,1823.1551513671875,7691633
2026-03-23,1804.2925410683094,1807.2552546004413,1769.727549860104,1773.5791015625,6874051
2026-03-24,1793.7256096678125,1804.0951072151279,1758.8642982636834,1779.7020263671875,7535860
2026-03-25,1791.4540988288527,1826.2165557226956,1787.6025471628632,1812.0943603515625,12473682
2026-03-27,1817.032259179686,1833.8209694335987,1795.7994785644432,1820.9825439453125,24490425
2026-03-30,1795.404459196129,1801.8236720590414,1752.4451115750994,1760.2469482421875,14240129
2026-04-01,1788.4913480380824,1794.713094488286,1754.4201434509405,1759.7530517578125,10694662
2026-04-02,1743.0630952863276,1777.035567259756,1725.1880814226272,1767.4560546875,10857093
2026-04-06,1789.577752073109,1791.7504810506462,1741.4830827290216,1770.5177001953125,8183498
2026-04-07,1765.8760583054745,1817.1310282677834,1749.9761859187568,1807.5516357421875,10057628
2026-04-08,1840.8327194080457,1848.2395034185392,1817.3284765934955,1838.4625244140625,11587604
2026-04-09,1846.6594146125253,1846.6594146125253,1823.155171785176,1836.2899169921875,10113053
2026-04-10,1844.7829143340575,1851.3008598351064,1836.783612103083,1846.758056640625,5857988
2026-04-13,1815.1558562332882,1870.1635235681833,1815.1558562332882,1847.64697265625,10371983
2026-04-15,1857.127555027025,1867.398319138862,1830.561866874802,1832.6357421875,11049107
2026-04-16,1840.338915135399,1841.7215389139549,1800.5397479015621,1817.7235107421875,15871247
2026-04-17,1814.266944888646,1828.389260627552,1806.958894230423,1823.9451904296875,7344787
2026-04-20,1841.8202709853854,1841.8202709853854,1816.3408860395123,1823.1551513671875,9243641
2026-04-21,1807.2553000231637,1845.6718438993087,1807.2553000231637,1831.944580078125,10485373
2026-04-22,1827.2041611288694,1834.808531597159,1802.6137350263361,1806.2677001953125,5687058
2026-04-23,1799.1572552561386,1823.056430006809,1789.577742311552,1818.3160400390625,7489947
2026-04-24,1822.0687964600484,1827.6979038701402,1784.8374118213812,1791.9478759765625,6306448
2026-04-27,1793.5279867844245,1805.675160458021,1791.4541114275748,1797.478271484375,4413769
2026-04-28,1803.304973845387,1828.981824513503,1790.071495928887,1820.8837890625,10558455
2026-04-29,1825.03159727464,1876.7803528231393,1822.4639362375847,1864.6331787109375,7713013
2026-04-30,1836.8824091819024,1882.310683817584,1836.8824091819024,1863.349365234375,12709188
2026-05-04,1849.9182415409805,1871.7436605351234,1799.0583269975498,1804.3912353515625,10707858
2026-05-05,1805.280177426069,1823.0564592606802,1778.6157546741522,1783.65234375,11407461
2026-05-06,1794.416789611275,1818.6122829219387,1791.2566101348034,1810.9091796875,5507749
2026-05-07,1812.1930828114023,1820.9824902664523,1798.5645525504826,1803.8974609375,7914845
2026-05-08,1797.379558622496,1817.9210875137167,1792.6391687081764,1811.6993408203125,4839183
2026-05-11,1791.4541675863443,1797.1821288020824,1734.1750376414666,1737.9278564453125,15803791
2026-05-12,1729.7309124435978,1754.4201918104775,1729.7309124435978,1734.965087890625,11945399
2026-05-13,1718.8676127570984,1775.652954747063,1718.8676127570984,1766.9622802734375,9825413
2026-05-14,1797.3795616123573,1865.7194395798856,1774.9617438728374,1860.09033203125,21279151
2026-05-15,1859.7939872467946,1899.0006351989316,1857.0288602905885,1881.7181396484375,15807294
2026-05-18,1881.1256701194588,1929.5166589230141,1866.904620727789,1914.01171875,13888648
2026-05-19,1904.432241563304,1917.8631851758478,1884.0882998579534,1889.7174072265625,8962228
2026-05-20,1890.2112388633832,1890.2112388633832,1874.1137804052098,1881.224365234375,5778742
2026-05-21,1887.248573752857,1891.4951781578525,1857.423971567338,1861.8680419921875,6419014
2026-05-22,1867.7934378406026,1873.0274928100464,1846.0668716841888,1848.1407470703125,5099120
2026-05-25,1868.9784971860931,1868.9784971860931,1839.9438797770422,1851.49853515625,5903841
2026-05-26,1850.7083446217582,1850.7083446217582,1821.8713151146414,1823.9451904296875,5803034
2026-05-27,1817.5260535063592,1846.1656181947292,1817.5260535063592,1829.1793212890625,8653155
2026-05-29,1836.8824069782838,1836.8824069782838,1795.8982027365641,1806.2677001953125,52886264
2026-06-01,1807.255218040733,1819.1060719295247,1781.4796349432352,1788.0963134765625,6391656
2026-06-02,1762.8145806943191,1802.3174284409706,1755.3090637330802,1791.651611328125,10791294
2026-06-03,1807.1565500072857,1812.686924576928,1782.4672701846632,1801.4285888671875,5832363
2026-06-04,1792.4416612434447,1807.057762680342,1776.0480040446246,1796.293212890625,6735759
2026-06-05,1802.2186869457869,1805.0826675045578,1768.443679949568,1775.8504638671875,3926715
2026-06-08,1753.0375270605523,1797.478228881691,1748.9885094496947,1790.7628173828125,6324919
2026-06-09,1814.1682067158622,1814.1682067158622,1766.9622574162158,1776.6405029296875,10377475
2026-06-10,1776.6405954077302,1785.232416658435,1748.9886017048862,1753.1363525390625,7999362
2026-06-11,1750.9636768570203,1773.6778136690402,1746.61833961714,1760.4443359375,5020731
2026-06-12,1761.8270195687587,1802.3174387404622,1761.8270195687587,1799.8485107421875,5910557
2026-06-15,1818.118574020875,1833.9197131758635,1793.4292940912053,1818.3160400390625,5307277
2026-06-16,1817.3284012762938,1836.0922533252306,1814.365687794883,1829.9693603515625,5957732
2026-06-17,1829.9693895521034,1854.6586689578253,1818.6123210254714,1852.38720703125,7653632
2026-06-18,1855.448819958757,1855.448819958757,1838.6601095481026,1851.49853515625,4262944
2026-06-19,1851.0046779619659,1893.6677039576514,1843.9928262662233,1887.051025390625,15918432
2026-06-22,1891.9889460389197,1900.5807672252354,1877.372844112846,1892.7789306640625,3798060
2026-06-23,1883.890759112051,1903.74091572211,1873.1262091379713,1877.96533203125,5155908
2026-06-24,1867.694550058648,1870.5585305646887,1849.6220699642718,1853.9674072265625,8957457
2026-06-25,1861.5716145852227,1865.521899178507,1825.031482097343,1827.6978759765625,8521503
2026-06-29,1814.2670004150261,1826.809226800286,1810.316715673802,1818.21728515625,10940130
2026-06-30,1829.9693826959665,1853.276038257023,1820.2911369839348,1828.9818115234375,7233634
2026-07-01,1822.661394780927,1863.546866844581,1822.661394780927,1847.7457275390625,4307333
2026-07-02,1837.6724606170815,1860.3865972707272,1827.2041098907312,1851.6959228515625,5282404
2026-07-03,1866.5095296823379,1889.2236668160383,1861.5716737837074,1886.656005859375,5087043
2026-07-06,1892.9764601311326,1908.6787452356762,1891.7913023994834,1901.7657470703125,2740217
2026-07-07,1899.5931620913436,1932.1830109860744,1893.1739494302603,1901.8646240234375,5767438
2026-07-08,1887.2485835453665,1900.284475304649,1851.7947529725336,1864.6331787109375,6188780
2026-07-09,1878.360336320119,1941.564890223635,1875.2001568461908,1907.0986328125,11145066
2026-07-10,1906.0123975990975,1906.0123975990975,1882.310689027917,1896.53173828125,6420887
2026-07-13,1890.2112843339596,1893.1739979457682,1873.1262542846123,1878.1629638671875,7862506
2026-07-14,1861.5717235105217,1916.9744440624643,1861.5717235105217,1912.431640625,6964062
2026-07-15,1929.417809863854,1929.417809863854,1892.7789423662703,1894.4578857421875,5763065
2026-07-16,1904.037199621479,1911.9377689145142,1893.1739168435556,1897.914306640625,4644787
2026-07-17,1894.1615344227657,1901.2719987394955,1879.0516470583107,1885.075927734375,4715613
2026-07-20,1877.570273509941,1918.3570113416981,1877.570273509941,1915.98681640625,6437294
2026-07-21,1922.208573455593,1927.7389479661829,1914.6042030195495,1924.1837158203125,5061312
2026-07-22,1918.2582993880105,1931.6892434321287,1915.3943188326245,1924.7762451171875,6589708
2026-07-23,1923.7887105126877,1924.6775487092787,1901.864677946781,1907.0,5612121
2026-07-24,1900.199951171875,1905.0,1878.0,1898.199951171875,4483600
2026-07-27,1892.0,1917.0,1890.0,1905.300048828125,5230299
2026-07-28,1901.0,1908.4000244140625,1892.4000244140625,1901.800048828125,6309089
2026-07-29,1915.199951171875,1957.0,1913.0999755859375,1950.199951171875,6315728
2026-07-30,1954.0,1963.199951171875,1943.9000244140625,1956.800048828125,5356472
2026-07-31,1969.0,1976.4000244140625,1947.4000244140625,1972.0,6529385
2026-08-03,1987.4000244140625,1987.4000244140625,1943.0,1970.5,4361200
2026-08-04,1980.0,1980.0,1936.0,1970.0999755859375,4977391
2026-08-05,2020.0,2031.0,1951.800048828125,1978.0,14286999
2026-08-06,1969.0,1970.0,1944.300048828125,1948.0,5391645
2026-08-07,1938.300048828125,1961.0,1938.300048828125,1959.9000244140625,3019876
2026-08-10,1955.0,1959.0,1935.0,1943.0,3671000
2026-08-11,1934.800048828125,1938.300048828125,1914.4000244140625,1915.199951171875,6798617
2026-08-12,1908.5999755859375,1945.0,1901.300048828125,1945.0,10871157
2026-08-13,1965.0,1970.0,1930.5,1939.0999755859375,13019222
2026-08-14,1939.0999755859375,2005.800048828125,1932.0,1992.0999755859375,12282580
2026-08-17,1984.199951171875,1993.199951171875,1969.300048828125,1969.300048828125,5537411
2026-08-18,1956.699951171875,1959.699951171875,1923.199951171875,1934.199951171875,6710275
2026-08-19,1924.800048828125,1941.800048828125,1922.0,1922.0,6252338
2026-08-20,1944.0,1952.199951171875,1933.0,1941.699951171875,4390604
2026-08-21,1950.0,1954.9000244140625,1940.5,1946.0,3016258
2026-08-24,1950.0,1952.5,1932.5,1935.0,2277098
2026-08-25,1926.0,1947.0,1923.4000244140625,1947.0,3820206
2026-08-26,1933.5,1942.9000244140625,1902.0999755859375,1902.0999755859375,4552921
2026-08-27,1915.0,1915.0,1878.300048828125,1878.300048828125,8757645
2026-08-28,1875.699951171875,1894.300048828125,1867.5999755859375,1882.4000244140625,6106300
2026-08-31,1880.0,1895.5,1811.9000244140625,1811.9000244140625,16921326
2026-09-01,1852.0,1877.199951171875,1848.5,1877.199951171875,9900740
2026-09-02,1869.0,1873.0,1854.9000244140625,1862.800048828125,4125938
2026-09-03,1855.5999755859375,1869.0,1855.5999755859375,1869.0,3700992
2026-09-04,1868.0999755859375,1870.699951171875,1840.0,1840.0,3614328
2026-09-07,1845.0,1855.5,1830.4000244140625,1854.0,5972458
2026-09-08,1846.199951171875,1848.800048828125,1829.0,1844.0,4169706
2026-09-09,1830.5,1834.800048828125,1813.0,1814.699951171875,5574027
2026-09-10,1815.0999755859375,1849.0,1814.0,1839.0,4588126
2026-09-11,1832.0,1852.0,1830.5,1831.0999755859375,4181325
2026-09-15,1844.0,1844.0,1819.5999755859375,1830.4000244140625,4066471
2026-09-16,1835.800048828125,1838.0,1818.5999755859375,1835.0,2925053
2026-09-17,1841.800048828125,1845.9000244140625,1827.5999755859375,1836.0,4368285
2026-09-18,1843.0,1893.300048828125,1835.300048828125,1893.300048828125,14189780
2026-09-21,1854.800048828125,1854.800048828125,1822.0,1830.199951171875,9716580
2026-09-22,1833.9000244140625,1836.300048828125,1813.0,1817.199951171875,4134236
2026-09-23,1818.0999755859375,1836.699951171875,1818.0,1833.199951171875,3698253
2026-09-24,1829.699951171875,1829.9000244140625,1795.800048828125,1795.800048828125,4567379
2026-09-25,1794.0,1801.699951171875,1785.0,1785.4000244140625,4766200
2026-09-28,1772.0,1784.300048828125,1763.699951171875,1771.4000244140625,4683537
2026-09-29,1764.0,1787.5,1762.0,1771.199951171875,9811381
2026-09-30,1775.199951171875,1779.5,1753.699951171875,1757.0,8080358
