Date,open,high,low,close,volume
2021-01-01,128.89263239898622,129.87344541728183,128.65587980221198,129.18011474609375,5723498
2021-01-04,130.17783756602023,134.2363828389837,130.04255478787098,133.712158203125,16477784
2021-01-05,133.49233952982883,133.50924600873674,131.5645261492048,132.57916259765625,9064136
2021-01-06,132.78207812798956,134.25330288936146,129.3830401866939,130.9895477294922,16144720
2021-01-07,132.24094611492256,133.5937946685279,131.09102690864108,132.6468048095703,13121606
2021-01-08,133.59382620576466,137.31416060643153,133.34016704208284,135.3356170654297,24755912
2021-01-11,136.63768619710643,136.8913452680169,133.71215364355513,135.876708984375,13668006
2021-01-12,135.79215925271313,138.32875002331178,134.4224043651556,136.14727783203125,16662142
2021-01-13,137.31412086665182,143.74015115351483,136.8575324398812,139.3095703125,42362294
2021-01-14,139.3434166498237,145.43123582384513,139.0052044734892,144.3151397705078,25200192
2021-01-15,145.22829888172492,145.26212216187815,139.1066567449621,140.22276306152344,17655902
2021-01-18,140.01980315546774,141.0006161374431,135.9612581364687,138.51475524902344,16787164
2021-01-19,139.68161693336177,141.3726776710538,138.07510923255435,139.8338165283203,11094214
2021-01-20,140.35802756087162,141.00062851433728,138.4133079018957,139.96908569335938,9874786
2021-01-21,140.358051438751,143.06374881588354,137.00975299883274,138.09202575683594,17536476
2021-01-22,138.32878066224956,139.66472289256652,133.57690369471692,133.9489288330078,15404838
2021-01-25,135.28484570932923,136.24875229929114,130.11020448951325,130.9895477294922,12060426
2021-01-27,130.39770060039905,131.98730195948346,128.43607410407137,128.7235565185547,12066876
2021-01-28,127.50597018504786,131.80126826944965,127.25231109316779,129.97491455078125,16311766
2021-01-29,131.8689067175159,134.11801530570523,128.97719715004607,129.73817443847656,16517910
2021-02-01,131.22631292367407,134.57461111182488,128.72354510229948,132.91737365722656,27876736
2021-02-02,134.1856533499325,139.00517587100757,133.0019109763351,137.99053955078125,17753676
2021-02-03,136.9759354292464,141.03448166418704,136.0796751999804,140.32423400878906,17018506
2021-02-04,139.88454142346566,142.89462736763699,138.85298821648328,141.55868530273438,15198682
2021-02-05,142.2181834577078,142.8269610894844,139.71541606280616,140.35801696777344,7722568
2021-02-08,142.0491182995188,143.53724985551608,140.6962695538091,142.06602478027344,12645654
2021-02-09,145.76943895469273,148.15383052132495,140.9160924611756,141.8292694091797,45154044
2021-02-10,142.7931824808433,143.7232659495045,138.34568418265758,140.6286163330078,19160592
2021-02-11,140.3580546442191,143.01302232044728,140.1213019897465,142.70863342285156,11459318
2021-02-12,143.06373151947537,144.0276381578258,140.222751681244,141.406494140625,10941890
2021-02-15,142.9961091701635,143.70635683030147,141.03448260541748,141.71090698242188,11037552
2021-02-16,141.30503384553677,142.92845837796426,140.76390265614342,141.35577392578125,10795324
2021-02-17,142.25252755884733,145.5582701813755,141.2150820884403,144.7845916748047,17178862
2021-02-18,146.06821624858256,152.7500413790519,144.4329296131058,151.9939422607422,41510988
2021-02-19,153.68200130019076,156.42506247671366,148.93438798771348,151.22027587890625,48892610
2021-02-22,150.97407172970026,153.0665422521316,147.0001485614957,148.6002655029297,19380682
2021-02-23,150.51688482732624,155.686511099116,149.74319561240932,153.0665283203125,28795656
2021-02-24,154.73701945598157,156.49539467707228,153.36548892998496,154.27984619140625,11981366
2021-02-25,155.42276127234487,164.5135508942875,155.3875916279888,162.31558227539062,37621658
2021-02-26,159.9945641420604,164.00365746165824,154.82493674819045,158.20101928710938,36883078
2021-03-01,160.36377757542215,163.12442808583856,158.28889751201828,160.1000213623047,12185500
2021-03-02,166.869774482906,169.64800461972936,162.47383732582207,164.93556213378906,53200666
2021-03-03,168.80399299617176,168.80399299617176,162.57934146153036,164.00363159179688,17675284
2021-03-04,162.47386365766894,166.21920057605078,161.5067573263733,163.1420440673828,12556622
2021-03-05,162.82553299037514,166.8522162308852,161.10232755226573,162.4035186767578,17793026
2021-03-08,162.47383237081232,166.3246774958849,162.40349308553675,164.126708984375,11349538
2021-03-09,156.91738332499727,159.660443927765,153.80505754691197,156.81187438964844,399581906
2021-03-10,158.60541600356868,158.92192133916197,155.4579206391935,156.67120361328125,23491604
2021-03-12,160.71545757559628,163.1771823087017,158.60540780436307,160.90887451171875,52792772
2021-03-15,163.33543862786385,163.52885556196543,158.71090434174872,161.96389770507812,33839076
2021-03-16,163.3706437280349,163.7399089779066,158.97470550768878,159.60772705078125,30782874
2021-03-17,155.4403166425733,157.09319308077443,151.25538718711127,151.94114685058594,57699598
2021-03-18,152.97862021656258,154.20948267807515,149.03985604681475,150.1300506591797,26361962
2021-03-19,149.81354496886073,154.17431267596064,147.42215934207755,152.2576904296875,26622950
2021-03-22,154.12156296085033,155.44034416131396,152.7500326588219,154.50840759277344,27343862
2021-03-23,155.4051768438611,155.51068578083985,153.0137911907761,153.50613403320312,17089478
2021-03-24,152.96104219787506,153.50613414304698,150.7454833069645,151.20266723632812,10317086
2021-03-25,151.73637558823364,152.00323519295543,147.69789806506805,149.06777954101562,20898974
2021-03-26,151.54066624812373,153.63995955346812,149.93950868087964,150.935791015625,19204862
2021-03-30,152.60812221632762,154.38718638499208,149.97510941841344,153.28416442871094,17153798
2021-03-31,153.17742949366425,153.40870567078397,151.39836527190275,152.27011108398438,10018670
2021-04-01,153.21301481417785,156.53986712106382,152.3056855349109,155.63253784179688,9156394
2021-04-05,154.45835348312025,155.49020853049214,149.83278663896374,152.30567932128906,11510442
2021-04-06,152.99951325853664,154.31602504162134,150.97137583238896,152.32347106933594,9190874
2021-04-07,152.64371576661193,153.53324790977402,152.1099964807147,152.35906982421875,7430944
2021-04-08,152.83940809094074,155.13440535765497,152.75045487685952,153.19522094726562,6708234
2021-04-09,152.9995344205077,153.80011337968477,151.04256363140817,151.4339599609375,8179184
2021-04-12,148.71197022537876,149.22789229149055,143.03675148833153,143.7305908203125,12368094
2021-04-13,144.1041950191048,146.7727912231623,143.10792344634163,145.66976928710938,8064312
2021-04-15,145.52744810560733,148.16046088739813,143.49931062233088,144.0508270263672,14440358
2021-04-16,144.1042028562035,150.49104779534758,143.85512952019397,147.2353515625,22292626
2021-04-19,144.1041937311855,146.73720645728073,142.3251296110474,145.43849182128906,11256462
2021-04-20,146.55931413210277,147.46664343571032,144.49560389780328,145.2072296142578,7026888
2021-04-22,144.10419055544617,149.90393511586447,143.57047133116674,148.8542938232422,15611348
2021-04-23,148.48068758362345,151.20266438270988,148.01813525437183,150.526611328125,47680532
2021-04-26,151.57629201585397,152.41245448389512,148.56966873456173,149.05001831054688,12888196
2021-04-27,148.55186443632434,150.5444185621496,148.21383788640395,149.56593322753906,10816330
2021-04-28,150.15302244631832,150.9891848141149,147.6267490438771,148.55186462402344,19805066
2021-04-29,150.1530417126679,150.50885460772162,148.37397723739934,149.2812957763672,13265608
2021-04-30,148.55185731085575,155.66811394850154,147.53778856828205,150.08184814453125,33702940
2021-05-03,149.08559659811166,152.66151169576915,147.80466805944943,148.01815795898438,16118782
2021-05-04,149.7616175958605,152.8038237997804,148.9076689777332,149.9573211669922,19987878
2021-05-05,150.17082182987346,153.56884135283258,149.79722264887124,151.14930725097656,13778662
2021-05-06,152.28788314327116,154.778572820848,150.91800164889483,154.42276000976562,12787288
2021-05-07,154.79636547819143,159.04833308874737,152.28788940041136,157.67845153808594,24054728
2021-05-10,159.75995688929765,161.89483381877602,158.33670560297875,161.43228149414062,19405820
2021-05-11,159.97345699526255,165.09715978231478,159.01275797207626,164.4744873046875,21695878
2021-05-12,165.0971622626252,166.52041366144093,158.87043739280637,159.8489227294922,15235594
2021-05-14,161.36114074120485,161.36114074120485,156.2374374516721,157.35824584960938,9799430
2021-05-17,158.33671853863964,158.8882241137264,155.8816120408734,157.8563690185547,6063462
2021-05-18,159.119519192539,160.96973959426103,157.5183612837263,159.5642852783203,9934246
2021-05-19,160.11577710554877,161.64576796558336,157.3582276109532,158.85264587402344,16215214
2021-05-20,159.40414655255364,162.90890507145622,157.0913631762331,161.82366943359375,18799814
2021-05-21,164.74135529425223,166.52041960628517,163.33589014432744,164.04751586914062,23987738
2021-05-24,166.14681535658218,168.85098434123026,163.88740157777664,168.24610900878906,22941220
2021-05-25,169.65157139353664,170.43436404782227,166.876235362064,168.79762268066406,21199352
2021-05-26,170.30981790254884,171.03924075770016,166.69831965902003,168.01483154296875,25944614
2021-05-27,172.56922911039678,173.63666764097655,165.80878508339154,166.467041015625,102988808
2021-05-28,169.01109195842724,170.7545726300787,166.6983085947856,167.7657470703125,29313704
2021-05-31,168.4595822190404,168.4595822190404,166.62713752827662,167.9436492919922,13495562
2021-06-01,168.44180329965133,169.61599223568228,167.26762522216694,167.53448486328125,8869530
2021-06-02,167.2320385903187,169.17122295568882,166.87622574225418,168.88656616210938,12676710
2021-06-03,168.83316452284808,170.22083219653248,168.33502880133886,168.6196746826172,12184524
2021-06-04,168.9399219013544,171.7864244497078,168.6730622874463,170.16748046875,17759466
2021-06-07,171.07480968414436,172.71155092516886,170.34539770319407,171.28829956054688,12523390
2021-06-08,172.14225340762033,174.2415579206897,169.45587071916555,173.44097900390625,15198964
2021-06-09,175.0599245582548,175.73596681065257,171.3238895829262,172.58702087402344,18980362
2021-06-10,173.0139826428154,173.45874866503343,171.76863778060488,172.05328369140625,7388634
2021-06-11,172.81831515510373,174.17039971653233,171.39506367631694,172.07110595703125,7438508
2021-06-14,172.1956426705685,172.56924184041242,169.36692601244602,172.106689453125,7237652
2021-06-15,172.56922373450683,173.36980260750195,171.07480549483088,171.46620178222656,6507360
2021-06-16,172.01773221381492,172.53365434779653,170.4521469365757,171.2349395751953,7994924
2021-06-17,170.06077435459005,171.82204163704554,169.4736744018906,169.68716430664062,6651076
2021-06-18,170.79015749163406,170.82574094615399,166.07563751920875,168.0681915283203,10583776
2021-06-21,167.83695086580283,169.29577508280533,166.69834523158093,169.02891540527344,5397088
2021-06-22,169.900628041006,170.34539408299815,168.22830337969708,168.53074645996094,5553420
2021-06-23,168.65529609621305,169.0111089571755,166.92960154883568,167.0897216796875,4927558
2021-06-24,167.05412178811662,167.4099346140764,165.48854752560274,165.8443603515625,8462210
2021-06-25,166.6627126897709,167.97922438798705,165.87993104799077,167.2498016357422,5904240
2021-06-28,167.5878534549995,167.94366630734558,166.0044819186409,166.2179718017578,4334320
2021-06-29,166.87620555069748,167.05411195320355,165.45295433064888,165.89772033691406,5921594
2021-06-30,166.1645882203454,167.46330285164325,165.80877539760374,166.5559844970703,5924634
2021-07-01,166.55597493162975,166.84062083005736,164.38551466584786,164.65237426757812,5757026
2021-07-02,164.74132746815488,165.66644292586216,164.04748816023817,164.65237426757812,4769492
2021-07-05,165.4351866256978,166.3425050370267,163.14018943203584,163.56716918945312,11190174
2021-07-06,163.67392674795005,164.74136540065408,162.81997799749632,162.98008728027344,7749392
2021-07-07,162.9800760496901,164.17205130144947,160.98753272211553,163.85182189941406,6000580
2021-07-08,163.72729111066715,165.59530869130927,162.44636259794598,163.03346252441406,6426778
2021-07-09,162.28624639155373,163.14019507739235,161.2899638759531,162.57089233398438,7058662
2021-07-12,162.81995501088602,163.42483031356133,160.13356159904563,160.47158813476562,7393710
2021-07-13,161.09427459394846,161.8948535400255,160.02683599917904,160.20474243164062,7409874
2021-07-14,160.4715939642802,161.21880311453714,159.4753223363019,159.65322875976562,4936524
2021-07-15,159.86671051105478,160.38264349132845,158.35450588578988,159.06613159179688,6617550
2021-07-16,159.77775870141548,160.48938441367395,158.62136691899545,159.40415954589844,6726604
2021-07-19,158.69254417031217,163.31811160128538,158.4078982102866,161.5034637451172,14737948
2021-07-20,162.53530352703683,162.96228328517634,159.75996767476894,161.46786499023438,7689016
2021-07-22,161.87704561783067,165.0793609743967,161.18320628048986,163.99412536621094,13532496
2021-07-23,165.38181421845223,165.73762708110687,163.42484347385178,164.15426635742188,6954808
2021-07-26,164.3499651825129,164.5812413801047,161.93044197016494,162.25067138671875,5177476
2021-07-27,162.25066182011878,163.81623620983166,160.91636361436122,161.2899627685547,4635256
2021-07-28,161.39670776743966,162.0727499974762,160.2225188703324,161.3433380126953,4411220
2021-07-29,160.82741789966354,161.5924134015919,159.58207284955554,159.79556274414062,5979220
2021-07-30,159.83111436671956,161.61017836965036,158.30111280907212,158.5146026611328,13531870
2021-08-02,159.4219530362957,163.63833774332397,158.87044742783738,162.89112854003906,9965680
2021-08-03,163.92297884451298,165.43518340633122,162.42856058118008,164.8836669921875,7855132
2021-08-04,164.74135853191456,165.45298427071333,162.28625190476822,162.65985107421875,5192276
2021-08-05,162.28626070182685,163.1757929235442,160.5249825594074,161.36114501953125,7099910
2021-08-06,161.53906507833258,164.74138134640523,161.53906507833258,162.10836791992188,8118604
2021-08-09,162.78438968553067,163.31810899597505,160.36486648826843,161.0053253173828,4555246
2021-08-10,161.71695768851484,161.85928067208673,157.53615625212308,158.22999572753906,7098198
2021-08-11,158.69253228081598,160.66728926959138,156.75334789046812,160.11578369140625,10635072
2021-08-12,160.82741650498787,162.03717808574962,157.30487127979598,159.45753479003906,12567714
2021-08-13,160.1157722480292,163.26471794061626,159.51088609834056,161.8592529296875,14232032
2021-08-16,163.1402123056609,166.3781118208416,161.91265347488184,165.09718322753906,17964436
2021-08-17,165.7554002144494,167.14306800596174,164.02970590899068,165.4529571533203,14363500
2021-08-18,166.14680912336004,166.14680912336004,164.04750469136488,164.91925048828125,7947234
2021-08-20,164.3143748726094,165.630886801778,161.18322603910943,161.9660186767578,12114818
2021-08-23,163.2113626181547,163.549378318769,159.43974414447848,160.72067260742188,7925892
2021-08-24,161.18322853781413,163.40705895362282,161.12985877954412,162.3929901123047,7248688
2021-08-25,162.96225948777368,165.23945919536988,162.6953998925426,163.92295837402344,9704266
2021-08-26,163.88742120777385,167.73019612095374,163.1757954195148,166.07566833496094,14847298
2021-08-27,166.89400122187956,168.54853954495667,165.8621462010946,167.694580078125,12536762
2021-08-30,168.97550555801163,168.97550555801163,167.8013275988228,168.13934326171875,9029840
2021-08-31,168.29948711833373,169.31355596718322,166.64495944839356,167.8191375732422,18002472
2021-09-01,168.38843433212185,170.57668122780302,168.01483517622995,169.7227325439453,10439002
2021-09-02,170.07852017855646,171.34165128834738,169.72270737483564,170.71897888183594,8362628
2021-09-03,171.85759468431357,175.77153576408054,170.86132311651843,174.8108367919922,16372070
2021-09-06,176.46539477100933,176.66108750337477,174.34830388047058,174.63294982910156,13979558
2021-09-07,174.5973557159462,175.59362727194326,171.14596700669645,171.48399353027344,13420280
2021-09-08,172.21341446917864,175.41573002748981,171.46620533386348,174.18817138671875,13609662
2021-09-09,174.31271074999205,175.0599198968709,173.5477153042658,174.75747680664062,9084984
2021-09-13,175.7715726526968,177.63959037825683,174.8820404024301,177.23040771484375,21460684
2021-09-14,178.26222839835447,178.97385406062335,174.52619367144285,175.45130920410156,24182782
2021-09-15,175.7715276453311,176.1095541572979,173.67223424394814,174.3304901123047,22748506
2021-09-16,176.57040981692234,178.4067371523886,175.78340534939431,177.1959686279297,34750954
2021-09-17,177.98299892829962,178.38658849503045,174.39105424771037,176.06594848632812,24016408
2021-09-20,173.9672785649783,175.01661390633132,169.08385463967886,169.66905212402344,14744276
2021-09-21,169.4672391428389,171.08159724339765,166.60175105103218,167.00534057617188,22963476
2021-09-22,167.28785222054154,170.11297879603922,167.28785222054154,169.56813049316406,9640070
2021-09-23,170.77889047896048,171.2430159298218,168.357353535433,169.48741149902344,11769116
2021-09-24,169.91118012390373,170.81925650223812,166.29904915901056,167.40892028808594,12674828
2021-09-27,168.88201048654568,170.51654283442414,168.11518067734582,169.74972534179688,9778866
2021-09-28,171.24306305816404,173.64442611467834,170.71840150263552,173.38209533691406,18266942
2021-09-29,173.34173228574707,176.7722438676536,171.92916869319734,176.3282928466797,15251714
2021-09-30,177.49868252804694,177.74083872595241,173.94709934735315,174.43141174316406,8934732
2021-10-01,174.31031907449187,176.6107843687198,173.13991187709925,174.77444458007812,5489980
2021-10-04,175.1578521618887,176.7722102463301,174.95605740133357,175.9044952392578,5362228
2021-10-05,175.9045080826817,179.79914478244305,175.84397211341016,179.1332244873047,18020292
2021-10-06,180.4045219174483,182.4022950398085,179.65787881532506,180.48524475097656,16248822
2021-10-07,182.22068575075076,182.4224805300982,180.80812229531858,181.2924346923828,7445114
2021-10-08,182.220679445731,182.42247421809617,179.435914050407,181.39332580566406,6019304
2021-10-11,181.61527615688587,183.69375963181096,181.41348140560046,183.3910675048828,11833332
2021-10-12,183.37090275097455,184.52113535805498,182.05923679755782,183.734130859375,10923204
2021-10-13,184.44040302499633,185.8126048730272,182.94711693601985,185.1063232421875,14072722
2021-10-14,185.65118520230305,186.53908710163975,184.84400613620608,185.36866760253906,7894780
2021-10-18,189.6870777027027,189.6870777027027,186.07494650918085,186.66015625,8784646
2021-10-19,187.22518617917436,187.66913713894718,181.59511945495117,182.8462371826172,10805314
2021-10-20,182.4224694054538,182.78569752281336,176.10629566037204,178.02334594726562,13086926
2021-10-21,179.69821789991155,183.22962588783795,178.81031610774633,182.03903198242188,19775152
2021-10-22,182.0188622173482,182.82604120722556,178.58835151036934,180.50540161132812,7829992
2021-10-25,180.4045136677321,180.96953652686645,173.48295593104342,174.22959899902344,14550354
2021-10-26,173.9471106036923,176.3484735537382,172.7565164049482,173.96728515625,9945226
2021-10-27,174.9359049318678,175.3596690558902,172.33274726551235,172.61526489257812,6737796
2021-10-28,173.13991403441668,173.94709312082423,169.12419315290902,169.83047485351562,7242482
2021-10-29,169.10402245339696,171.5255597677654,166.9246413337805,168.57936096191406,12075018
2021-11-01,172.73633441794442,172.73633441794442,169.46725646681296,170.1735382080078,11652400
2021-11-02,170.7183718829665,171.08159999812588,167.73181181215867,167.9537811279297,8099346
2021-11-03,168.70040968874645,170.1331474759806,167.16677452729652,167.44927978515625,10516486
2021-11-04,169.447084443018,169.60851780866994,168.7408026912865,169.40672302246094,1975024
2021-11-08,171.12196739740156,174.6533759227017,170.09281898237285,174.24978637695312,11870418
2021-11-09,174.63318688781342,174.65336143679735,172.33272174121888,173.7452850341797,5867180
2021-11-10,174.35068104619566,175.15786012511322,173.60403793488183,174.04798889160156,6565108
2021-11-11,173.92550035332596,174.4563162257655,172.33302781390432,173.6600799560547,6633538
2021-11-12,174.76253728717077,175.57918465767156,174.0888056987176,174.64004516601562,4288924
2021-11-15,174.72170288171102,175.59959631507695,173.39465090118932,174.08880615234375,3839888
2021-11-16,173.94591651323694,174.1704895900422,170.74057260170986,171.45513916015625,5533442
2021-11-17,171.70011395417407,171.80219487804695,168.31103226601476,168.96434020996094,7538798
2021-11-18,168.84185064683263,169.71974411324572,165.37109918250837,165.49359130859375,9990796
2021-11-22,165.77944732173157,166.55525997708585,160.51207328573923,161.5328826904297,10565788
2021-11-23,161.2878433121949,163.86027734769132,160.89993085651813,162.3494873046875,6765412
2021-11-24,163.7786440805678,167.12689105675338,162.83949206229377,164.69737243652344,8482816
2021-11-25,164.96279090379397,165.126117907528,162.51284846462872,163.37033081054688,6323818
2021-11-26,162.16578337367685,162.18620703888524,153.12141432634462,153.87681579589844,20046662
2021-11-29,154.75469303777336,155.16301676610522,149.8548082977911,150.03855895996094,15037552
2021-11-30,151.0797882080078,154.9588638511864,150.26314070418076,151.0797882080078,18393470
2021-12-01,152.20266127764168,153.50930212011275,149.36480653901725,150.56936645507812,13057566
2021-12-02,151.07976844501,155.14259422950542,150.69185594701483,154.6934356689453,12449776
2021-12-03,156.18381495196863,158.59292228516145,155.69382152848345,157.57211303710938,17313246
2021-12-06,158.16419154400447,159.00125016499578,155.5713334935682,156.5717315673828,8919812
2021-12-07,157.57213352978619,158.73585871612121,157.3067255829857,158.3479461669922,7275406
2021-12-08,159.04208866786303,160.16497889594166,158.89917287389738,159.7158203125,7187328
2021-12-09,160.98159712534104,163.9419435531374,160.18536103275562,160.77743530273438,12970082
2021-12-10,160.6753694937088,162.4719912093065,159.65456028472718,162.08409118652344,4565918
2021-12-13,162.9007495324222,163.53364630022497,159.67498224579938,160.205810546875,5199416
2021-12-14,160.45081122432825,160.45081122432825,158.87876240555323,159.91998291015625,6582798
2021-12-15,159.65456649552576,160.22621718258355,156.42881176186717,156.91879272460938,11115184
2021-12-16,157.81710474603958,160.0628850205628,156.98004617359183,159.6749725341797,7909366
2021-12-17,160.4712354978046,161.10413233277714,156.020509066539,157.0821533203125,16049722
2021-12-20,155.51007199599408,155.51007199599408,146.58819732666015,146.99652099609375,22510560
2021-12-21,148.79315934161298,149.4056449144745,145.93489333492593,148.7115020751953,12855558
2021-12-22,149.44647678279762,152.6313967134206,149.1198228015724,152.08016967773438,10045244
2021-12-23,153.03969982766904,154.44842141187974,151.89639858617122,154.0809326171875,10693866
2021-12-24,154.83637741155295,154.83637741155295,151.2022859168632,151.9576873779297,6287570
2021-12-27,151.4676641638733,153.182616030966,150.058942575682,152.87637329101562,4632660
2021-12-28,153.4480330537683,155.73464814048026,153.1213790961165,155.32632446289062,6449486
2021-12-29,155.57134775023954,156.32674917509542,153.99929883063172,155.6121826171875,8260658
2021-12-30,156.79631182625354,157.32712768916147,153.52972199653993,154.32595825195312,12171414
2021-12-31,153.73387970049467,158.18460573082203,153.73387970049467,157.3883819580078,7780656
2022-01-03,156.79628066528477,158.02125160798232,156.79628066528477,157.6537628173828,6468384
2022-01-04,158.42958785654247,160.77744901678764,157.1025358964039,157.592529296875,11799296
2022-01-05,157.1842036660636,161.90033712760552,156.57171815360104,161.1653594970703,13483996
2022-01-06,161.69618693721165,161.96159485285304,159.4912414257325,161.61451721191406,8237148
2022-01-07,162.51284025904664,164.51362399113123,161.28786910131512,161.77786254882812,11914426
2022-01-10,162.9211606690086,163.20699225109382,161.5328625439891,162.32908630371094,4179728
2022-01-11,162.83949427294488,162.83949427294488,159.3074965931987,159.7158203125,6854016
2022-01-12,161.08372697893572,161.6758014288053,157.8375480287795,158.7154541015625,9246820
2022-01-13,159.32792268149052,162.32909209520588,158.12336270679236,161.08370971679688,8491424
2022-01-14,161.28787239371312,163.3090798296498,160.2670630747656,162.69659423828125,6915504
2022-01-17,163.73779727306706,165.1260953063644,162.75782292374248,163.55404663085938,9671610
2022-01-18,164.0644707537219,166.14692428193152,161.83911388796133,162.55368041992188,13220496
2022-01-19,161.69619258104416,163.94197303355867,160.47122142512717,161.0224609375,10347976
2022-01-20,161.28787444692955,162.32909498109044,159.32792551402034,160.49163818359375,6495234
2022-01-21,160.79786931482283,161.7165976469033,155.16300719581602,155.85716247558594,10310538
2022-01-24,155.73466291580067,156.73506100522792,151.12060990569947,152.3455810546875,10668074
2022-01-25,151.9372485214147,156.71462824860532,150.2631188894042,156.2042236328125,9905300
2022-01-27,157.2046110925245,157.30669200881832,153.1213744407706,156.06130981445312,11474790
2022-01-28,157.1842053720131,160.67536784652012,155.71423763393918,156.18380737304688,8089918
2022-01-31,159.24623155360112,163.24779854155383,158.40917301318788,162.12490844726562,13928184
2022-02-01,161.2878609075107,161.2878609075107,153.52971063601015,154.6934356689453,25515398
2022-02-02,157.2046288240717,157.44962554302066,154.8976023478247,156.02049255371094,11701576
2022-02-03,156.79630509452963,157.16379394238479,153.7338772606521,153.9584503173828,10658294
2022-02-04,153.9992805924725,155.1630056268842,152.73347463330626,153.3867950439453,8957710
2022-02-07,154.3463612674795,154.5096882580921,151.1206064739407,152.08016967773438,8189026
2022-02-08,152.87639301787294,154.55052270450437,151.34517912053636,154.1013641357422,6909612
2022-02-09,155.16300050838254,155.9796478794793,152.99888995939614,153.3663787841797,9292356
2022-02-10,154.23543324016887,154.56649430749945,152.49733106375783,152.97323608398438,12283058
2022-02-11,152.97324003982595,154.98033096399215,151.04892069921797,152.93185424804688,11262552
2022-02-14,151.04894679344383,151.4007071405782,149.20738608908758,149.6833038330078,10196386
2022-02-15,149.82808599478605,153.01460202852138,147.5727059291352,152.662841796875,11049572
2022-02-16,153.5319354091105,156.59429493725835,153.24224746044337,154.8148193359375,10889816
2022-02-17,155.58038469320337,156.11836206881034,153.5319080915272,154.3595733642578,5224320
2022-02-18,153.71813821209423,155.58038508037237,153.71813821209423,154.42164611816406,4420434
2022-02-21,154.35958843683792,154.35958843683792,151.0696136048133,152.60079956054688,6207542
2022-02-22,148.9797628853671,150.82132333936852,144.55174821460585,147.0347442626953,14106162
2022-02-23,148.358995716173,149.31080569978334,147.4071857325627,147.77963256835938,5636142
2022-02-24,144.42758546342463,145.66908333273773,137.01998403569033,137.8269500732422,14094970
2022-02-25,140.70308288777306,141.3238317828662,137.4544944776187,139.19259643554688,11679020
2022-02-28,138.77879231973677,145.379416014674,137.3924503103493,144.7586669921875,19146282
2022-03-02,143.39302003410725,147.61411831621683,140.6203360957765,141.57215881347656,15469204
2022-03-03,143.76545617390045,146.49675411544612,142.0894390386544,143.35162353515625,12825706
2022-03-04,143.99306932658345,145.46217011821477,141.94459274693503,144.15859985351562,15557860
2022-03-07,143.59992087098973,143.59992087098973,137.30965991949762,139.87542724609375,19936000
2022-03-08,139.79266274296975,141.94459755346585,137.68212635207064,141.365234375,12880560
2022-03-09,142.5653518606015,143.8689222182533,139.75129481458586,141.7997589111328,13563906
2022-03-10,145.6691104047278,146.49677580475466,142.9791978546405,144.4276123046875,18109208
2022-03-11,145.2552596877293,150.51093937767135,144.94488520121706,149.8074188232422,16557604
2022-03-14,148.8970028000846,149.39360709973033,145.81395671306424,148.83493041992188,16449824
2022-03-15,149.41427727993408,149.60050702914896,144.0551518947048,144.965576171875,12130866
2022-03-16,146.2898362971273,148.02793841371155,144.9034944457053,147.4485626220703,9444984
2022-03-17,148.81423216314425,151.5455303386065,148.09002498331864,150.71786499023438,22827672
2022-03-21,148.97977142573987,152.00074507242647,147.4485853899733,147.821044921875,12369650
2022-03-22,148.50385106462275,152.99393790603676,147.61411338045713,152.45594787597656,14934378
2022-03-23,153.49055044001878,153.78023839024814,151.04893996370024,151.71107482910156,12475458
2022-03-24,151.46275361634557,152.20764735295447,149.31081873187682,150.05572509765625,9696758
2022-03-25,149.807417643616,150.86268583778008,148.19347285229503,149.10389709472656,7259104
2022-03-28,148.9797355482686,150.1591609805261,147.4485498812439,148.8555908203125,11624382
2022-03-29,149.8074341311579,149.97296468171163,148.13141678439777,148.3383331298828,11417328
2022-03-30,149.1866722514557,149.97295177077493,148.64869485117686,149.0004425048828,8247132
2022-03-31,149.39357569110828,150.84198985985861,148.48313887622604,148.71075439453125,11007364
2022-04-01,149.62118249865986,155.18723643029426,149.62118249865986,154.93893432617188,12772330
2022-04-04,154.93895053665523,157.77370687786885,154.02852623184617,157.3391876220703,14714720
2022-04-05,157.67024134585733,158.0840740003084,155.82868098188192,157.25640869140625,6622344
2022-04-06,156.8425744987262,159.92563279581782,156.20113894228606,159.65663146972656,11686350
2022-04-07,159.26350856010848,160.27739104310726,157.04950120828136,157.5874786376953,6693770
2022-04-08,158.41513611167733,160.07046674034345,157.71162817199652,159.13934326171875,8380548
2022-04-11,159.38765964815667,161.4568231191938,159.24281567934975,160.71192932128906,4778320
2022-04-12,160.13255491675667,160.40154362341332,156.1183730109952,157.5047149658203,4891948
2022-04-13,157.25640772515047,158.89105175185634,156.3045976774295,156.8425750732422,6523924
2022-04-18,156.84258737673116,156.84258737673116,153.55261248431063,153.84230041503906,5585346
2022-04-19,154.73202275897575,158.84966261027964,154.35957590594822,155.53900146484375,11592654
2022-04-20,157.17362740948653,162.34653527089893,155.74591241723846,161.37403869628906,17136378
2022-04-21,163.46389982407695,165.03645887198218,161.39473653516458,164.5812530517578,15955692
2022-04-22,163.46389256136735,164.39501600000807,162.01547832348183,162.8017578125,8821478
2022-04-25,159.32557702324436,159.71872310912588,152.62148275657202,152.9939422607422,20815928
2022-04-26,154.52511878941488,155.35278414193363,152.76632991531255,154.29751586914062,6278956
2022-04-27,152.2904267564802,153.78022693536698,150.75924078361888,151.669677734375,6163612
2022-04-28,153.82159982169804,153.82159982169804,151.1109884084583,152.84909057617188,6573278
2022-04-29,153.11808425696137,154.23543749104525,149.45566268876482,150.05572509765625,6718850
2022-05-02,149.02114683878852,152.26973582076457,148.00725174666826,151.64898681640625,6400476
2022-05-04,151.64899933187962,153.69746363781775,148.77285698931863,150.40750122070312,5737094
2022-05-05,151.48343501569718,152.60078821155835,149.02113834951444,149.39358520507812,3695092
2022-05-06,147.73826674670306,148.89699319893032,146.08293602685205,147.86241149902344,4697742
2022-05-09,147.2002969116357,148.27625183173348,144.7586738705029,146.24847412109375,5048780
2022-05-10,146.28985162128674,148.15209867162844,145.42080047195975,146.2691650390625,5909904
2022-05-11,146.91058697056815,148.75214726736013,142.6688024171926,143.6413116455078,7774130
2022-05-12,142.77228420495675,143.3723466829942,139.13056142762954,140.68243408203125,7716626
2022-05-13,141.2824657035523,142.89641053007503,139.04777189535392,139.44091796875,4515592
2022-05-16,140.35134164361523,140.55825796997442,138.09596126380205,139.0891571044922,3884304
2022-05-17,139.0477845816414,141.92392684415051,138.28219157522366,141.71701049804688,9596420
2022-05-18,139.23400516283354,143.6827063106862,136.97861208737018,137.35105895996094,15314616
2022-05-19,136.48200663647566,136.5440916390032,134.08178225275506,135.17843627929688,10187938
2022-05-20,137.3924344280109,138.57185996022986,135.73710389273364,137.72349548339844,6393394
2022-05-23,137.72351319404768,139.1098552214539,135.32328866090506,137.433837890625,8792862
2022-05-24,137.43383601708672,138.44771850900156,135.94403583823077,136.60617065429688,5891438
2022-05-25,137.55796581841219,138.01318424430232,134.55767920440562,134.9715118408203,8163646
2022-05-26,134.49562752315728,134.7025438731929,129.19857401391394,134.2266387939453,16061314
2022-05-27,134.3300797546657,136.1509408758029,131.68155333945066,133.39895629882812,9751704
2022-05-30,134.28870846343364,136.89584936960674,133.25412673413138,136.21302795410156,7101016
2022-05-31,136.5647770654515,136.85446497756155,134.49561377658102,134.99221801757812,20841502
2022-06-01,135.73711970978718,137.33037806148326,134.1231747756575,134.90945434570312,13381064
2022-06-02,135.32326718118304,138.32355368596464,133.48170696451143,136.2957763671875,16113808
2022-06-03,136.81308947540535,137.39245271402783,135.3646750642635,135.7991943359375,9938986
2022-06-06,135.5302045657201,135.6957351141646,131.7229388056405,132.157470703125,9345428
2022-06-07,131.41255401092334,133.5024164877047,131.18495110326407,132.5299072265625,7910152
2022-06-08,132.8402930026744,134.45423796191935,132.09539921507564,134.0404052734375,5381610
2022-06-09,133.66794748501144,138.44770959573302,132.2195331933782,137.74420166015625,13918892
2022-06-10,136.87513376794914,137.47519609539452,135.15773098724628,136.9785919189453,5453434
2022-06-13,135.69573745749932,135.69573745749932,131.30910838752553,131.57810974121094,7503680
2022-06-14,131.30909438165455,132.73682207134647,128.9709424423191,130.06759643554688,10098392
2022-06-15,131.12286109814366,131.12286109814366,127.46044008291452,129.9434356689453,9987308
2022-06-16,131.5988027786909,132.343696610675,128.4122858358399,128.97096252441406,8720718
2022-06-17,127.8743060546064,128.90888781880224,124.04635352708178,124.56364440917969,13905510
2022-06-20,125.80512662347235,126.01204295015569,121.66680008980549,122.51515197753906,7456818
2022-06-21,122.76344678408586,125.16368360816618,121.39780416097622,124.64639282226562,5603658
2022-06-22,125.45336040359821,127.21214909714955,122.80483407326075,126.59140014648438,13204868
2022-06-23,127.64667526938517,128.49502707927147,125.61888535062816,127.41905975341797,8697024
2022-06-24,127.54322464686128,128.47434808647577,126.38448567783908,127.27422332763672,6549900
2022-06-27,128.28813631572422,130.62628853241839,127.60531489020066,130.3572998046875,5569614
2022-06-28,129.11577857418928,132.21952325145344,129.11577857418928,131.84707641601562,6481036
2022-06-29,129.77791916095265,132.36437317552372,129.77791916095265,130.9366455078125,4503176
2022-06-30,130.77113042989512,131.49533763955435,127.10870858664128,127.6259994506836,9158568
2022-07-01,127.66736784719413,132.11606867169115,126.50864152131861,131.74362182617188,8833390
2022-07-04,130.81252692614987,131.78503635594117,129.38479897292729,130.91598510742188,4431040
2022-07-05,131.51602041934856,132.9851340082487,129.17786830732487,129.57101440429688,6138608
2022-07-06,131.0194257920263,133.25411968324025,130.56420732938602,132.9644317626953,8353864
2022-07-07,134.45422042981485,136.56476939170238,133.7093267393462,136.31646728515625,9279814
2022-07-08,136.5647848899988,137.4959084233397,134.28870514183217,134.61976623535156,5034654
2022-07-11,135.0543084919486,135.0543084919486,130.5642210274522,130.72975158691406,11830842
2022-07-12,130.3572707229092,130.56418702564397,127.48112906322825,127.72943115234375,10690702
2022-07-13,129.11578988337862,130.52281840114543,128.08120823367207,128.4950408935547,9645842
2022-07-14,128.70196097996367,129.40548157396623,125.8672046511946,126.69486999511719,11835382
2022-07-15,127.46047934597536,129.5917153546596,126.67419969402626,129.15719604492188,10024354
2022-07-18,129.73654438568343,130.87458424871576,128.143286051604,130.6883544921875,7029760
2022-07-19,130.3158969257076,131.5160090661469,129.32270110703953,130.99871826171875,5009030
2022-07-20,132.17814364537452,132.77820602937894,130.874573345788,131.22633361816406,6723570
2022-07-21,131.57808776196148,134.08177008377154,130.7711090940488,133.54379272460938,7298344
2022-07-22,134.57837282327463,134.66113176961784,131.8263758021004,132.5505828857422,6293178
2022-07-25,132.5506102891423,132.79891243784425,130.5849049414406,131.24703979492188,6529228
2022-07-26,131.122884122523,132.07469421263275,130.00553086094126,131.78501892089844,4397264
2022-07-27,131.59881005891697,134.51632579628986,131.4125802760324,134.33010864257812,6514864
2022-07-28,133.19204045851583,136.10955557905658,133.19204045851583,134.9301300048828,6933530
2022-07-29,135.3439629566141,137.04067934526407,134.57838265843574,136.6889190673828,9605766
2022-08-01,136.97862554816794,138.71672796328778,135.6543558386317,138.28219604492188,6221584
2022-08-02,138.8408583621034,141.3238543387729,137.51658878954473,138.69601440429688,7663472
2022-08-03,138.69600171865955,139.6064385451681,136.68891096192667,138.1787109375,4079330
2022-08-04,139.42020044826612,139.77196068418587,136.44061330503857,138.19940185546875,5023836
2022-08-05,138.63395461644149,139.56507819222355,137.47522810713696,139.21331787109375,5115246
2022-08-08,136.3578609215587,136.56477725072648,132.50922225070644,134.7646026611328,18945812
2022-08-10,135.44743439979953,136.66824588709852,134.90945695441067,135.86126708984375,5743378
2022-08-11,136.54407746415865,137.22689875854184,135.40603776379695,135.88194274902344,3377190
2022-08-12,135.88194492081948,138.40632645871187,135.6543293996076,138.1787109375,5285940
2022-08-16,138.40632322931916,143.70337565313045,137.8269474646033,143.1446990966797,10721280
2022-08-17,143.84823801525047,147.01405540165462,143.59993588845646,146.14500427246094,14146800
2022-08-18,146.3105485832075,146.3105485832075,142.95851375812617,143.62063598632812,7118970
2022-08-19,144.21017786055936,144.54706318045405,141.91510645830448,142.44149780273438,7463376
2022-08-22,141.978290499646,142.104632150606,139.72533266339866,140.50439453125,4227956
2022-08-23,139.3673905935427,141.0518430540715,139.21999843297596,140.52545166015625,3118316
2022-08-24,140.23064668746053,140.73598749173934,138.14613193399865,138.77780151367188,5188148
2022-08-25,138.9673301818859,141.07289579070235,138.25143273434725,138.8831024169922,6420988
2022-08-26,140.60967100570795,140.60967100570795,138.2514349163434,138.5883331298828,4127464
2022-08-29,136.86175509560272,137.99876558616842,136.0405794244884,137.36709594726562,3250026
2022-08-30,137.3881652384118,138.9252256662107,137.36711472144538,138.39883422851562,6339262
2022-09-01,137.07232843176308,140.2306770131401,136.5248864848657,139.5358428955078,6741662
2022-09-02,140.02009994068055,140.6938834429962,134.9667429503402,135.57736206054688,9679250
2022-09-05,135.5984239115726,136.9038771468303,135.28258907326926,136.75648498535156,4784578
2022-09-06,137.28287691397213,137.47238295822876,135.19836183255947,136.54592895507812,5099528
2022-09-07,136.16692747079304,138.12510087326862,135.5352578021653,137.6408233642578,5529460
2022-09-08,138.9673286366406,143.53640852723697,138.81993647539184,143.11529541015625,17335416
2022-09-09,143.81013813328707,143.83118864986633,141.51506636660696,142.5467987060547,6934262
2022-09-12,142.54679479922044,145.28403014987018,142.42046600050082,144.2733612060547,5406378
2022-09-13,144.46284694579492,145.53669308488247,143.19950761841113,143.62062072753906,10351084
2022-09-14,141.3676662484353,143.51533267766186,141.2202741000067,141.55715942382812,6863114
2022-09-15,141.80985802281268,142.75736264211875,139.11473634261276,139.55690002441406,4993238
2022-09-16,139.55687954752992,139.64110730854014,134.819357146126,135.3036346435547,11937446
2022-09-19,135.9984978037218,136.73544582093982,134.35614622712447,135.1352081298828,5473706
2022-09-20,135.8300400796299,137.66188483470214,135.53526858828994,135.97743225097656,5591400
2022-09-21,136.23008221391046,136.44063875519933,134.04028904396546,134.77723693847656,4507332
2022-09-22,134.33507913651826,134.73514172276342,131.8926282927587,133.00857543945312,5353540
2022-09-23,132.86120330624854,133.40864527917174,130.96619406733217,131.3662567138672,5516760
2022-09-26,131.38730590834936,133.05070803074338,127.55517358241843,128.39739990234375,10934478
2022-09-27,129.28171124191368,131.38727657158654,128.56581388928456,130.8187713623047,6266672
2022-09-28,130.54506339278876,130.54506339278876,128.52372561628,128.86061096191406,4451088
2022-09-29,129.5133495340469,130.01869047562738,127.38673317854992,127.70256805419922,6532502
2022-09-30,127.84994236613507,130.08183670160895,126.69188131725949,128.3552703857422,11182546
2022-10-03,129.00799925573315,131.07145085147803,128.3552662475091,130.0397186279297,7084402
2022-10-04,130.96619461836323,132.31376189002623,130.65035974388164,131.15570068359375,4266520
2022-10-06,131.8294692434145,132.56641727143537,130.29240878381324,131.45046997070312,6973606
2022-10-07,130.629273791829,130.9240452172402,128.94482158484914,129.4501495361328,6436838
2022-10-10,128.86060423503656,129.1132746567481,127.21826577093873,128.29209899902344,4731232
2022-10-11,128.9448298225265,128.9448298225265,125.97597490724804,126.22864532470703,5305338
2022-10-12,126.77609199287508,130.22922450924708,126.06020744284307,127.38671112060547,14791710
2022-10-13,128.03941715573748,128.54475795408237,126.1233579271013,126.46024322509766,6058154
2022-10-14,127.59727304927516,128.43949927402286,125.11270825653993,125.42854309082031,5155460
2022-10-17,125.44958586433378,126.06020498013514,122.77551519550781,124.8810806274414,5344642
2022-10-18,125.51276743199303,125.61804571799583,123.82831485594828,124.5442123413086,6574926
2022-10-19,125.13376389018438,125.89177523427496,122.85975556061831,123.0281982421875,6029504
2022-10-20,123.00715097126154,125.91282907188045,121.30163504057968,125.11271667480469,10261122
2022-10-21,125.74437739874652,126.6076541349584,125.21798601048265,125.63909912109375,4378164
2022-10-24,126.33393779954412,127.07088577004146,126.14443175230372,126.64977264404297,785990
2022-10-25,127.04981855570846,128.43948654831374,125.21797412810984,127.42881774902344,5684662
2022-10-27,127.42882985745854,129.113282300118,127.40776649111395,128.69216918945312,6769606
2022-10-28,129.0711771097226,129.91340338776322,127.2182818683039,127.7236099243164,4980844
2022-10-31,128.37632778595116,128.86060526815922,126.92348248797539,127.87098693847656,8168120
2022-11-01,127.87098718089736,128.7763777539335,127.26038091133884,128.165771484375,6729148
2022-11-02,128.22892787312688,128.81848359192855,127.80781480950412,128.52371215820312,4907332
2022-11-03,128.52372704068873,129.57650982165325,127.80782960909194,128.4816131591797,4588148
2022-11-04,128.67110261258475,128.67110261258475,125.82858918652158,126.90243530273438,7678230
2022-11-07,127.3867037990961,130.6082162174642,127.17614726389098,130.4397735595703,7732442
2022-11-09,131.00828223221686,131.32411704335945,128.83955243264134,129.2185516357422,5580594
2022-11-10,128.86062677011944,129.6818025714509,128.10262822377786,128.6500701904297,2795742
2022-11-11,129.30277108726327,130.7766669244146,128.6290004142184,130.0818328857422,4580064
2022-11-14,130.3345122915959,130.54506885426406,129.30277999398078,129.55545043945312,2600014
2022-11-15,129.61860590950997,130.37661719371317,128.73427868830063,130.0818328857422,4035358
2022-11-16,130.081844590096,130.4187428082833,128.77639130374533,129.0501251220703,2926810
2022-11-17,129.28171053218375,129.61859584254162,128.2499783857677,128.52371215820312,3816246
2022-11-18,129.1764482853507,129.1764482853507,127.34460366115593,128.0605010986328,4065720
2022-11-21,128.71321342003642,130.94512050839893,128.14470817812563,130.67138671875,7671706
2022-11-22,130.65033354265165,131.11356050259772,128.75532467579612,129.2185516357422,7471030
2022-11-23,128.90271254897235,130.86088574283468,128.90271254897235,130.60821533203125,5713460
2022-11-24,131.15568210408557,135.59842023522683,130.77667002731533,135.17730712890625,16914922
2022-11-25,135.17729696381855,137.38814060575015,133.24017425014156,136.63014221191406,8593556
2022-11-28,137.70398791082974,143.97857072242888,137.70398791082974,143.49429321289062,26418498
2022-11-29,143.81014424855468,144.16809300509564,141.57824963941144,142.77841186523438,10055668
2022-11-30,142.77839488359407,144.75763164222502,141.4097772753403,143.66273498535156,10029732
2022-12-01,144.02069508154167,144.75764308268992,141.93617988060964,142.5889129638672,4289334
2022-12-02,142.9679095280422,144.5891976702803,142.46256862480985,143.64169311523438,5595618
2022-12-05,143.5574365584783,143.93643573422133,142.12565475492102,142.50465393066406,4976546
2022-12-06,143.1363567823758,143.64169770174382,138.1672267644552,138.35671997070312,10051146
2022-12-07,139.28315412832498,141.91511093347097,139.17787585611916,140.79916381835938,14328596
2022-12-08,141.80984603870473,142.0414531188653,140.04116575825995,141.38873291015625,5220452
2022-12-09,143.17846177706164,143.17846177706164,141.00973176453257,142.52574157714844,10392346
2022-12-12,142.31518061836397,147.32642405544993,140.9044491300562,146.96847534179688,13477930
2022-12-13,146.96847017930477,146.96847017930477,145.32613167880353,145.76829528808594,7750970
2022-12-14,145.99991300589403,147.72646638863725,145.57879991715635,146.86318969726562,9635850
2022-12-15,146.86320404683283,148.00021463805913,145.7051429396535,147.03164672851562,5908812
2022-12-16,147.03163971567164,147.81070153906822,143.5153426785886,143.9154052734375,9481326
2022-12-19,144.21021206367763,144.84188182681007,141.36769812958167,143.72592163085938,5444230
2022-12-20,143.87327765096677,144.06278367281715,140.75704350636164,143.28372192382812,5614312
2022-12-21,143.59958691202397,144.42076271086003,139.8516823752067,140.69390869140625,5170900
2022-12-22,140.6517852132047,141.45189758875776,136.7354382505039,138.08299255371094,6135896
2022-12-23,136.86175574917462,138.50409424789436,135.66158085925764,136.90386962890625,5802076
2022-12-26,136.01952955994892,138.29353770058793,135.66158085925764,136.90386962890625,3377562
2022-12-27,137.03021223790677,138.25143776518905,135.89321447858313,137.2828826904297,2819074
2022-12-28,137.28288523215724,137.53555568935823,135.66159705408347,136.48277282714844,9481554
2022-12-29,136.48273974603245,138.12507804273395,134.81933808638018,137.78819274902344,6195112
2022-12-30,138.12510415681732,140.23066976896393,137.93559811118308,139.17788696289062,4199128
2023-01-02,138.9883703338941,140.94655648516513,137.93558760798564,140.58860778808594,4405586
2023-01-03,140.58861984904482,142.33623675370887,139.64111531444175,141.85195922851562,5264652
2023-01-04,142.56783528836417,143.51533976618143,140.71494021312523,141.62033081054688,5848474
2023-01-05,141.91511785614796,144.42074599741312,141.32556207330683,144.16807556152344,7428290
2023-01-06,144.0206890049074,145.93674858650763,143.28374103485305,145.15769958496094,7364410
2023-01-09,146.48420785777216,147.11587756578209,145.32614672642063,146.02098083496094,4519436
2023-01-10,146.54735680526164,146.96846989952965,144.526019093316,146.2736358642578,4762962
2023-01-11,146.90530731101381,150.7584896006483,145.64196801268437,148.44236755371094,14348024
2023-01-12,149.05298581386086,149.05298581386086,144.61023492999277,145.30506896972656,5863672
2023-01-13,145.45246491229614,147.87386528295266,144.04173343042584,147.43170166015625,5433700
2023-01-16,148.23180799961938,148.40025066571226,144.90501715171644,146.94741821289062,5698298
2023-01-17,147.6843729181823,147.9580938695984,145.4735290891757,146.71580505371094,3477566
2023-01-18,146.88425741875884,147.0948139877945,144.39969247440825,145.7261962890625,4099580
2023-01-19,145.68407679736885,147.34746577117852,144.86290114163586,147.2421875,3279112
2023-01-20,147.0527140855001,147.8107125993143,145.51564083864122,145.8525390625,3993550
2023-01-23,146.1262489750729,147.38958830338765,145.68408535070364,147.2211456298828,3362750
2023-01-24,147.38958181780336,148.42131403106865,146.48419124262148,146.94741821289062,4752342
2023-01-25,146.84215659591507,147.60015510498573,145.57881717989522,146.02098083496094,3866394
2023-01-27,146.08412412188895,147.2000712078142,139.59898529389096,141.72560119628906,5251902
2023-01-30,141.87300394934417,142.86262232644484,139.93588107634227,141.11500549316406,6395210
2023-01-31,144.42074457323483,148.02125648226254,143.70484715383242,144.5470733642578,17988324
2023-02-01,144.54706003902456,145.1576791258332,138.9673119093317,140.94654846191406,8358226
2023-02-02,140.86232324011786,141.49399285106009,138.7567578703104,139.89376831054688,9029328
2023-02-03,139.78849570540635,140.12538103768355,135.68264306793853,137.57765197753906,5653818
2023-02-06,136.46170623952085,140.92550804024555,136.46170623952085,140.5465087890625,6611800
2023-02-07,140.65178831724793,141.57824236287286,139.62005598695444,139.8727264404297,3480708
2023-02-08,139.72534108602676,141.4097937228751,138.56727989819356,140.73602294921875,2499180
2023-02-09,139.85166810567424,142.20990412068505,139.5358332693251,140.52545166015625,4275406
2023-02-10,140.69389305620533,141.40977763460705,139.62004691157435,140.6517791748047,2551682
2023-02-13,140.6517777514732,142.2099013880633,139.83060205220366,141.03077697753906,3587566
2023-02-14,140.23066091869018,140.96760883643103,139.17787817906037,139.45159912109375,2385346
2023-02-15,139.45159912109375,140.08326876487163,138.3356519873565,139.45159912109375,3529300
2023-02-16,139.45159856949604,140.29382475786846,136.35641475695698,137.1565399169922,7507670
2023-02-17,137.15653382733888,140.2306541378688,137.09335658493455,139.68321228027344,6702378
2023-02-20,140.16750180744796,140.42017224475254,137.26182390682604,137.34603881835938,3546252
2023-02-21,137.68292515540793,138.35669579502982,135.66157468248875,136.1248016357422,2962498
2023-02-22,135.80898601457872,136.0195425820432,133.15597840506769,134.94570922851562,8178548
2023-02-23,135.59842740452916,136.29326149642466,133.91397489018718,134.98780822753906,5490782
2023-02-24,135.09308974659416,135.66159505407686,133.32442227496847,133.72447204589844,3794754
2023-02-27,133.99820467492555,135.24048071215407,132.50324533511605,134.94570922851562,3962002
2023-02-28,133.55603101973986,135.45104016732,132.25057770335843,133.6402587890625,7852658
2023-03-01,133.4086318076006,135.17731205919657,132.88224040550094,133.02963256835938,6991434
2023-03-02,133.36654748882782,135.53527776697402,132.44009336449633,135.19837951660156,6768720
2023-03-03,135.8932189672644,136.39854703764868,134.86148660678043,135.34576416015625,4226202
2023-03-06,135.76686584183938,137.49343218534077,135.24047444756164,136.67225646972656,3629924
2023-03-08,136.41957595493642,137.89347161121174,135.93528567250863,137.32496643066406,4785062
2023-03-09,137.32499064178225,137.66187599635688,136.25114447778964,136.79859924316406,3895532
2023-03-10,136.86176093499012,138.08298638537036,134.98780245241628,137.30392456054688,3517038
2023-03-13,137.28287145619834,137.53554188804455,135.28258421872306,135.85108947753906,3910894
2023-03-14,136.5248697620619,138.50409358647963,135.53525142417723,137.36709594726562,5894652
2023-03-15,138.54621653160274,140.39911169002238,137.85138245361446,139.09365844726562,5511946
2023-03-16,141.0728603059359,148.5476163370713,140.7149116722032,147.7685546875,36574630
2023-03-17,147.81069856509194,149.47410045586668,145.4735259932787,147.97914123535156,23389012
2023-03-20,149.43200068635215,152.02184393379014,147.60015595233642,151.45333862304688,18492346
2023-03-21,151.684959271824,152.27451510184153,149.8110006446525,150.9901123046875,10250562
2023-03-22,150.8848336905539,151.17961803059774,147.705434607889,148.14759826660156,11934054
2023-03-23,147.389597286244,148.08443138889427,146.33681444848511,146.69476318359375,5146176
2023-03-24,146.5052363013498,147.28429806079077,144.8628978782331,145.45245361328125,5875488
2023-03-27,144.9050361121725,146.08414778045804,144.31548027802972,145.2208709716797,4245926
2023-03-28,144.0206860416093,144.3996852767115,141.22028638329297,143.11529541015625,6854316
2023-03-29,143.17845980744787,144.18912871817113,141.62033613370818,143.11529541015625,5971840
2023-03-31,145.24189771143458,145.87356732704072,143.5785087678158,144.98922729492188,10137510
2023-04-03,142.33622915033035,142.33622915033035,138.60937560970365,138.94627380371094,18864744
2023-04-05,139.7674367029563,140.1885498071239,137.7039850628055,138.14614868164062,8249158
2023-04-06,138.67254449556447,140.4412247301584,138.56726621615655,139.80955505371094,4767830
2023-04-10,139.80956521628494,141.83090318730433,139.6411225272589,141.4097900390625,4930618
2023-04-11,141.5571800849458,142.96791168063658,141.13606694302933,142.79946899414062,2729894
2023-04-12,142.79945415860496,142.8626185530596,141.1150017659381,142.04144287109375,4260174
2023-04-13,142.7152249434412,142.7152249434412,139.24104191898527,139.91482543945312,8347294
2023-04-17,139.9148455171525,141.4940198457885,139.0936697257203,141.36769104003906,2905562
2023-04-18,141.36769009594,142.35729572086012,140.1464516755344,140.98867797851562,5806422
2023-04-19,141.0518484825693,144.5681328481684,140.52545706839544,144.02069091796875,9852864
2023-04-20,144.8418505367372,145.28401413486796,143.7469539468998,144.736572265625,4865018
2023-04-21,144.77868590398697,146.92636539202098,144.27335786944238,145.78936767578125,6552688
2023-04-24,145.78933618857081,146.46310675577766,144.33649109391274,146.21044921875,4245824
2023-04-25,145.38930274359615,146.77897088054647,145.38930274359615,146.33680725097656,3084392
2023-04-26,146.04202135955984,147.17903189672782,145.326136783606,146.96847534179688,2639794
2023-04-27,147.38960363530305,150.12683913138724,146.90532607934347,149.76889038085938,7271052
2023-04-28,149.91625860643052,150.8848135636281,148.42131229176653,150.5900421142578,6742936
2023-05-02,150.88481000246577,153.66415887456085,150.75848122019602,152.06393432617188,6425960
2023-05-03,152.96933908422227,154.88539861768876,151.5375570629267,151.93760681152344,8712958
2023-05-04,153.20094725477196,155.45390500732645,152.08500006185503,155.1170196533203,8282286
2023-05-05,154.59063182024713,155.66446515583635,153.30622906935804,153.8957977294922,3300230
2023-05-08,153.89580292536522,155.26442063722916,152.63246349902929,154.8433074951172,2400728
2023-05-09,154.06423678855404,155.81185365796068,153.57995927313087,154.56956481933594,4179678
2023-05-10,154.9696376538784,157.07520338287134,153.87474090453145,156.71725463867188,5561956
2023-05-11,157.13833630068018,157.8752841581749,156.44350231959814,156.8856658935547,3387368
2023-05-12,156.6119642627967,156.6119642627967,151.17960767160827,152.4008331298828,7791814
2023-05-15,152.44293725791096,153.22199903792475,150.0636508903161,150.33737182617188,4809530
2023-05-16,150.86377194414416,154.25372734554423,150.337380555644,152.56927490234375,7572742
2023-05-17,154.4432394381988,155.60130053828073,153.26412782229286,153.60101318359375,7759756
2023-05-18,154.12740221219016,154.12740221219016,151.64283736975048,151.8955078125,3426890
2023-05-19,151.64283586873546,152.653504778377,150.59005307716046,151.72705078125,2315526
2023-05-22,152.421882502836,152.7587678219995,150.9900877680134,152.2744903564453,3206888
2023-05-23,154.54850858866692,156.23296099835267,153.70628238382403,154.38006591796875,11943178
2023-05-24,154.3590045635957,155.4328506995756,152.37978066723352,152.99038696289062,3750960
2023-05-25,152.8640581710587,153.36939904109067,151.74811100536962,152.99038696289062,3352570
2023-05-26,153.70628333750233,154.54850954757083,152.90617100820765,153.4114990234375,2185592
2023-05-29,153.41150369841918,154.6748430520203,152.02183554999897,152.31661987304688,2341038
2023-05-30,152.8640463464133,153.28515942174778,151.60070712040988,151.76914978027344,2722688
2023-05-31,151.7691773959593,154.31691967612682,151.6849624763795,153.0746307373047,23214480
2023-06-01,153.83261951190343,155.34862933306036,153.32729147241957,153.51678466796875,3537282
2023-06-02,153.53783743511914,154.4642785358897,151.22171540616503,151.62176513671875,6932474
2023-06-05,151.64283959921318,152.4429519702228,149.49516008129584,150.25315856933594,5858136
2023-06-06,150.35843038005268,151.1796060828822,149.3267109741424,149.97943115234375,4213074
2023-06-07,150.3373760487671,155.60128977596483,150.23209777422315,155.01173400878906,12830856
2023-06-08,154.8011693203933,154.8011693203933,151.7270361545339,152.06393432617188,7164382
2023-06-09,152.0639441575308,153.285169586715,151.09537630922114,151.36911010742188,3085970
2023-06-12,151.8112747857303,156.86463206015128,151.6849459944106,156.50668334960938,9434298
2023-06-13,157.70684954613682,158.71751837482708,156.82250950177604,157.32785034179688,7974634
2023-06-14,157.28574269845168,159.39130819642293,156.19084606923624,157.30679321289062,6714368
2023-06-15,157.95952875445758,160.2124864435907,157.07518866089526,159.55975341796875,12210880
2023-06-16,158.7596275348907,159.47552489508448,157.66473098162126,158.67539978027344,4278588
2023-06-19,158.75963826144513,159.47553567000833,157.55946335949008,157.8121337890625,3034770
2023-06-20,157.9174154377562,157.93846595260703,156.44351956033714,156.8435821533203,2415876
2023-06-21,156.8435722407402,157.8121271870045,156.38034528112848,156.99095153808594,2680298
2023-06-22,156.40141084149423,159.47554434095923,156.29613256106092,157.24363708496094,4024128
2023-06-23,155.89608316505917,156.23296852268024,150.88482672381562,151.43228149414062,10934896
2023-06-26,152.37978595593145,152.80089907845644,149.7688794557356,150.88482666015625,5281280
2023-06-27,152.02182885444373,153.15883936314793,150.75848955648436,151.74810791015625,6784532
2023-06-28,151.83230916471248,154.46426579876552,151.26381681283763,153.8747100830078,7166772
2023-06-30,154.06423355996208,155.306509521201,152.12711068751156,153.5799560546875,8391660
2023-07-03,153.79049991888755,160.00191776658912,153.03248867412003,158.04373168945312,12429962
2023-07-04,158.04373840744037,159.32814104982972,157.1383478292211,158.61224365234375,5390328
2023-07-05,158.61224809822681,163.0128851768688,157.9174140466918,162.78126525878906,12565366
2023-07-06,162.7812658339903,167.24506732375374,162.1285456608317,165.623779296875,13080534
2023-07-07,165.4974756862598,167.56092764744616,163.93935181788316,164.92897033691406,6527978
2023-07-10,165.07634688639322,165.56062441540672,161.74955573114718,162.63389587402344,7264538
2023-07-11,163.39188794513487,164.97106211986232,162.2969912803867,164.6131134033203,6249314
2023-07-12,164.44467719167488,165.39218173375238,162.1496054936571,162.63389587402344,3379704
2023-07-13,162.84443440190984,163.24448412010932,159.45446637159026,159.83346557617188,4556112
2023-07-14,160.0229716041384,160.75991949968378,158.17007660846602,159.83346557617188,6358916
2023-07-17,160.02295513440365,161.62317954520765,159.60184209457628,160.75990295410156,3944706
2023-07-18,161.6864069164641,163.26558130547232,159.34922110991948,159.58084106445312,4545860
2023-07-19,160.02298162977442,162.33910373231063,159.41236248038308,161.9390411376953,4894862
2023-07-20,162.52859295981463,163.85509654741648,161.39158254109824,163.37081909179688,5790108
2023-07-21,163.37084526803613,165.49746145148993,162.54966951723947,164.50784301757812,4677570
2023-07-24,164.4025501423746,165.03421978650618,163.24448912813338,164.0446014404297,2997768
2023-07-25,163.30766493631756,164.61311819570173,161.83376899699573,162.71810913085938,4256186
2023-07-26,163.34977941269415,166.33968518502462,161.6021625057043,163.0550079345703,12787834
2023-07-27,164.23411943288562,164.9289535217542,152.927229409351,159.7071533203125,16459384
2023-07-28,159.93878318620912,159.93878318620912,156.69621935906508,157.2647247314453,7259444
2023-07-31,157.369959796674,159.37024688422187,156.50667029018484,158.97018432617188,10035348
2023-08-01,158.97018432617188,159.9387392490757,157.6015668452181,158.97018432617188,9122844
2023-08-02,159.0965066697458,159.47551869944786,154.75904735383827,155.43283081054688,9528240
2023-08-03,155.58023888238392,156.54879386528677,153.41149615098306,154.96961975097656,6404888
2023-08-04,155.0327761141156,156.16978655805914,151.62175763363615,151.76914978027344,6557502
2023-08-07,152.864069128387,153.05357518107087,150.80061732199343,151.87445068359375,4002256
2023-08-08,152.65350113410088,153.22200639825004,150.0847086137118,150.69532775878906,6307980
2023-08-09,151.60071575512396,152.31661316450834,150.7795400709096,151.74810791015625,6443716
2023-08-10,152.37977421437805,153.70627787784807,151.4112063963916,152.71665954589844,8137376
2023-08-11,152.99344284303572,153.93022952070288,151.9715020094697,152.24827575683594,5578802
2023-08-14,152.4398933361179,152.8231195193113,149.5869627601667,151.8224639892578,5111068
2023-08-16,151.90762973147173,153.93022606286485,150.80052177219375,152.39730834960938,3864088
2023-08-17,152.865687308501,153.41923473876517,150.88567473756393,151.99278259277344,4778606
2023-08-18,151.99278669659273,152.58891771328385,149.9063086461515,150.26824951171875,4777304
2023-08-21,150.26825190649163,151.1198713709599,149.3101800089648,149.90631103515625,5180764
2023-08-22,149.92762546781952,151.0347334898152,147.54308811152492,147.71340942382812,8015338
2023-08-23,148.67147364514608,148.79922436870118,146.5850084405712,146.81919860839844,6414210
2023-08-24,147.94760198529505,150.24697202314687,147.3940415166663,149.565673828125,8741756
2023-08-25,149.58695709154935,150.80051745457587,148.60759988331438,149.13986206054688,5113762
2023-08-28,151.26890636179436,152.39729954571166,150.01276246225444,151.29019165039062,10985570
2023-08-29,151.58828193384971,152.69538996264032,151.07730499912074,151.92892456054688,6253738
2023-08-30,150.39601648681875,151.07730172545038,149.11858717235998,149.86375427246094,9709432
2023-08-31,149.4592233435151,149.88503309663054,144.392089880378,145.00950622558594,13575650
2023-09-01,145.22240959894935,146.86177973041114,145.00950472459542,146.563720703125,9980752
2023-09-04,146.75531304594793,148.5011354450989,145.9675624883782,146.776611328125,6898572
2023-09-05,147.2876014436053,150.14053218957065,147.0108276833987,149.11859130859375,8363178
2023-09-06,149.0121115640994,150.67276681579412,148.20306272830368,150.37469482421875,6751054
2023-09-07,150.73665327169346,151.69472522045422,150.3747123810029,150.9921417236328,7249346
2023-09-08,151.05599113282898,155.20763570941835,150.75791914484256,154.121826171875,10344130
2023-09-11,155.50573503571687,157.01735453916987,153.5895910481202,154.8883056640625,10452850
2023-09-12,155.42055614695775,155.63346101839193,147.7772660645975,148.35211181640625,18168222
2023-09-13,149.28888964364958,151.6521283793143,147.8411392022207,151.41793823242188,9713718
2023-09-14,152.43988951573388,154.24958094154917,151.6308535948941,152.75924682617188,10116738
2023-09-15,152.41862189302034,152.674097375237,149.5656910578861,149.9915008544922,12383408
2023-09-18,149.99147513890853,153.75989379172515,149.31017698220856,153.44053649902344,10007488
2023-09-20,150.73666155429046,151.92892373594267,149.54439937263828,150.11923217773438,18292152
2023-09-21,150.31083375312005,152.65278725352277,149.79985688243227,151.26890563964844,9879542
2023-09-22,151.37537376336397,152.22699330633648,149.6082658106326,149.86375427246094,3982102
2023-09-25,150.48116764743892,150.52375122267608,148.20308281641945,149.8424530029297,4959752
2023-09-26,149.84244486661188,151.0985887971456,149.41663512672685,149.73599243164062,3788360
2023-09-27,149.7359828613178,150.39599571276435,147.58564901020895,148.6075897216797,5969046
2023-09-28,147.77725988377287,149.03340377056887,145.6269259700987,146.45726013183594,9701978
2023-09-29,147.22372195317075,148.24566276041682,146.9043646387387,147.58566284179688,2669870
2023-10-03,148.39469576161048,148.69276778023837,145.13725381943837,145.35015869140625,10514554
2023-10-04,145.35015869140625,146.8830763685114,144.58369335551262,145.35015869140625,6049760
2023-10-05,147.1172610321772,148.07533292023047,145.96756956864064,146.670166015625,7115506
2023-10-06,146.90435416034913,148.60759304916476,146.4785444381452,147.8411407470703,3717076
2023-10-09,145.20113938275506,145.47791314921068,143.1359592881985,144.77532958984375,8740080
2023-10-10,144.79659692659536,145.88241956068552,144.4346690432473,144.9456329345703,3572978
2023-10-11,145.71209149558194,147.03209123286692,145.4140194934768,145.86111450195312,4799512
2023-10-12,146.86178871632282,149.18245718664653,146.4998478088389,148.47987365722656,7703802
2023-10-13,147.79855819683593,149.28889223484416,147.77725991376974,148.05404663085938,3981804
2023-10-16,146.90435487817223,148.37340362482658,145.62692570531857,147.8624267578125,3262470
2023-10-17,148.56502456747157,152.312158300264,147.62825088028555,151.03472900390625,10443728
2023-10-18,151.16247307054755,151.8011877454935,148.5437455022057,149.11859130859375,9162228
2023-10-19,148.82051104732838,150.97084513640527,148.67147503246463,150.60891723632812,5743188
2023-10-20,149.28889435007184,150.2256679618552,146.71273767963368,147.50048828125,4400690
2023-10-23,147.13855186946614,147.88371892160865,145.47789646648496,145.9675750732422,7813800
2023-10-25,145.8611386394253,147.5430925109444,144.1366141845734,144.75404357910156,5429774
2023-10-26,143.7533787358302,144.32822451540895,141.13465128961894,142.64627075195312,7743878
2023-10-27,142.64627003140225,144.0301517555875,142.2204602701145,142.62498474121094,2996088
2023-10-30,143.923704997678,148.56502898002742,143.54047879632495,147.71340942382812,21873188
2023-10-31,148.33082412951808,150.7153612499738,146.75532290849864,148.71405029296875,10673186
2023-11-01,149.26758709386095,152.75923187750487,149.26758709386095,151.9714813232422,13929780
2023-11-02,153.6960300916855,154.14312511860425,152.12052886359493,153.52569580078125,10130432
2023-11-03,153.7811855491506,154.8670081868227,153.37667409152073,153.9302215576172,5627900
2023-11-06,154.48378611438662,157.1876808710765,153.86636971769403,155.9528350830078,9072020
2023-11-07,156.18702361946404,159.10382323966235,155.93154814473527,158.74188232421875,10702176
2023-11-08,159.87027970951635,165.17160342867416,159.2741356493241,163.5961151123047,24020912
2023-11-09,163.9793488933761,166.34258797473976,162.999978602468,163.3193359375,12843896
2023-11-10,162.5741698103709,164.40515967249115,162.02062229082486,163.53224182128906,4932486
2023-11-13,163.29804537713883,165.51226135978672,163.29804537713883,164.83096313476562,4838906
2023-11-15,165.21418217319368,167.51355221275014,164.85224128856854,167.151611328125,11266250
2023-11-16,167.76904121982125,170.8774471917572,167.34323147053237,169.74905395507812,15416172
2023-11-17,170.3239015705077,173.3471534223207,165.7464467158003,166.17225646972656,16380696
2023-11-20,166.3425736809957,167.5135504754916,164.97999029875524,166.91741943359375,4506882
2023-11-21,166.91742666972053,167.42840358188866,164.61805655432929,165.2141876220703,4477214
2023-11-22,166.91742790478423,171.51616816959395,166.5342017151639,171.21810913085938,25730664
2023-11-23,171.8355182824845,176.07233046494306,170.60067261455677,175.1355438232422,16239092
2023-11-24,175.85941939602398,175.85941939602398,173.30456100286142,174.8374786376953,10975546
2023-11-28,176.30653859402446,181.3523872113985,175.90202708977841,180.75625610351562,23186856
2023-11-29,181.39496787805044,184.99306574862217,178.28656165453933,182.5233612060547,25208812
2023-11-30,185.01435264703034,186.8240442436929,182.6936841075544,185.52532958984375,32721308
2023-12-01,187.356273355005,188.37821406527786,184.54592665574367,186.50465393066406,19278842
2023-12-04,189.48535377775215,197.91638229852936,189.05954399398192,196.51121520996094,41482794
2023-12-05,200.15186620272362,202.8770589768628,198.00153218014546,201.06736755371094,38376064
2023-12-06,204.81449365830085,205.4532082954889,199.4067045322357,201.34414672851562,27408826
2023-12-07,203.111254216498,203.9628737310326,200.76930055152792,202.13189697265625,23850564
2023-12-08,203.06865424688056,203.30285739127845,198.34216372387513,200.3221893310547,18940478
2023-12-11,202.19575538629593,202.19575538629593,194.40342943426162,198.2144317626953,27693108
2023-12-12,198.66036428599776,201.31363385402236,198.66036428599776,199.5745086669922,19940320
2023-12-13,200.44406905360728,202.60681645810894,198.86103457460106,199.55221557617188,26664018
2023-12-14,200.64474617858056,200.64474617858056,197.12191397420042,198.7495574951172,12555568
2023-12-15,198.437392950589,202.20547922646298,197.1888035619818,200.22109985351562,22079148
2023-12-18,200.22110665983965,200.7785150859528,198.03606835119697,199.44073486328125,16831064
2023-12-19,199.4407403679806,201.33592906907376,198.4596960675023,200.55555725097656,12644672
2023-12-20,202.1831632007047,203.05272570975842,195.47197180441825,195.96249389648438,17347978
2023-12-21,193.9335157898335,200.86768402134294,192.84100355868952,200.46633911132812,18554414
2023-12-22,200.5332566939517,202.16088654297667,198.45968650461168,199.1731719970703,11559264
2023-12-26,199.77516951750803,203.56554661772861,198.2144260056525,201.38050842285156,22976450
2023-12-27,202.42844862249132,203.5209609679328,199.90895166013357,202.7628936767578,12398088
2023-12-28,203.34260024710198,209.96461527950154,202.78519180344216,207.71267700195312,45183336
2023-12-29,202.67371468782986,204.2344583652939,200.065040390919,200.95689392089844,17088440
2024-01-01,204.85874100852175,204.85874100852175,200.97918654753462,201.5811767578125,7006288
2024-01-02,201.58115821271522,204.85872216189458,199.81975592230384,203.4540557861328,9458818
2024-01-03,205.10400442448997,207.4897015374952,202.91895256574665,205.59451293945312,15058884
2024-01-04,203.69931750656653,204.01147164979992,201.11294800887381,201.84872436523438,17904916
2024-01-05,203.29798203040167,204.9702071736797,201.2244255744575,202.0493927001953,8080468
2024-01-08,203.76624539443958,207.0437963056511,201.31364813055842,202.8966827392578,18232610
2024-01-09,205.1263100596471,206.79853541339423,203.18652592757948,205.10401916503906,12301290
2024-01-10,202.98585759566637,203.4094798337214,198.481994797633,201.2244415283203,15261992
2024-01-11,202.40614383237434,205.66141718776566,202.09400328066553,204.54660034179688,15751252
2024-01-12,204.68036178364108,205.61681060502545,202.94125032027196,204.34591674804688,11990812
2024-01-15,205.1263100596471,206.68705372314443,203.18652592757948,205.10401916503906,10408382
2024-01-16,205.57222600962456,213.95564323208518,205.34926264085055,210.85646057128906,42369500
2024-01-17,210.47741191264174,212.77393179971364,207.8687378780207,210.3213348388672,22429284
2024-01-18,208.2477763830325,214.4461550140402,205.57221608689073,211.0125274658203,19802302
2024-01-19,212.26113249114678,216.2744732315256,211.3915698872896,214.46847534179688,12973856
2024-01-23,217.83521500904686,217.83521500904686,205.1708981683175,206.4863739013672,18419550
2024-01-24,207.35594874684136,213.37596016207223,206.59786779185174,212.77395629882812,15161312
2024-01-25,212.79624094831541,217.76832126490007,210.03148977953813,211.54763793945312,21346674
2024-01-29,211.36927527487657,223.58766525891863,209.31800954415905,219.68580627441406,27869484
2024-01-30,221.55869381695553,230.92314133947795,219.9087595075538,224.8362579345703,44271876
2024-01-31,225.61663042472296,228.5597359028494,222.3167617952539,224.01129150390625,20707736
2024-02-01,224.99233536638295,229.78604790965045,222.562042753796,226.73146057128906,14008198
2024-02-02,230.7001884434407,255.2484772958472,230.09819823030287,248.98318481445312,77556082
2024-02-05,252.39455790476157,262.56168306242995,248.4035077736028,256.2964172363281,45025890
2024-02-06,258.61521666836103,274.11117078520897,254.49039434948784,271.7031555175781,45260656
2024-02-07,275.0476036420124,276.47457463194144,267.2438858096593,268.4701843261719,28791718
2024-02-08,271.12345607121273,283.31954144016447,270.40998417896117,276.6975402832031,37522588
2024-02-09,277.8123994566748,278.12455366355175,264.1224411026065,273.9328308105469,29524266
2024-02-12,274.1557603035404,275.8502765091528,260.3097401672102,263.2974548339844,17042236
2024-02-13,263.96631225807965,266.0175641659391,258.79354627145125,260.5549621582031,12659942
2024-02-14,259.52937350421547,280.64399463696157,259.52937350421547,278.10223388671875,47987362
2024-02-15,280.9338411632875,292.9515720342697,277.8569358255684,291.07867431640625,51245018
2024-02-16,296.98720107830644,306.7752982089384,290.69964509551363,291.90362548828125,55744810
2024-02-19,294.2670799712367,297.29937649744716,290.23142101727,290.989501953125,24997270
2024-02-20,290.9894998807991,296.09536669266106,284.1668259411118,293.2414245605469,20913510
2024-02-21,295.9169655132747,297.8121541053493,280.93383835458013,282.3608093261719,17722264
2024-02-22,280.4879223239659,281.3128759145059,272.3943410234418,279.1055603027344,27653580
2024-02-23,277.38874420802193,280.7109041163839,274.3564475895237,275.5604553222656,12564690
2024-02-26,275.136796601846,282.5391695457418,269.3843308103213,279.6629638671875,23264196
2024-02-27,279.6406458320765,282.1378518891214,274.8246425168436,278.72650146484375,14881202
2024-02-28,278.63731083721524,278.9494649966797,270.276184515175,271.7031555175781,12645922
2024-02-29,271.56939132022126,272.8179807794012,265.0811625375395,269.2728576660156,20515464
2024-03-01,272.46124291982875,279.70755257195185,271.5693894241828,277.9461364746094,15763236
2024-03-04,278.79339786494234,286.8423699218336,276.85360025337405,285.5937805175781,14804172
2024-03-05,285.86136036086043,289.62944714124416,281.87031018775826,287.6673583984375,12317936
2024-03-06,286.7309190431033,291.1901868353755,278.8157187118201,284.6573486328125,18258188
2024-03-07,284.05532792351016,285.9059347458447,277.36642695199896,278.5704345703125,11968574
2024-03-11,275.1368295316604,284.8134463216781,272.9294864769026,279.32855224609375,15353008
2024-03-12,279.5960576920544,283.3195349737976,274.9807269567479,278.9048767089844,14074364
2024-03-13,280.0420195524885,280.0420195524885,264.9696997397617,266.552734375,14910184
2024-03-14,266.55272187971235,273.7990317593365,264.167024590843,271.4579162597656,19372474
2024-03-15,262.3163955704578,267.55603458100245,249.27303888463393,261.51373291015625,57039318
2024-03-18,261.5137231789499,264.34534688601485,258.7712630396616,259.6631164550781,10980494
2024-03-19,258.63750480582075,259.0165316414979,248.11364480750152,248.69334411621094,21665634
2024-03-20,250.16490545448437,255.24848126504185,249.85275128765912,252.6844024658203,17528566
2024-03-21,255.96193931477185,262.9629943178682,255.3153401221903,262.11572265625,16625332
2024-03-22,262.6508815760414,269.54045598442406,260.66650189997875,264.34539794921875,21445540
2024-03-26,261.49144305040204,269.25055175357903,261.02319821426966,267.4891357421875,13567050
2024-03-27,269.7856337581012,272.7956387628404,264.56828630644594,265.4155578613281,10893576
2024-03-28,267.9573611800313,272.57269157378494,266.4857813167888,268.6262512207031,12168632
2024-04-01,268.893820624924,271.5470901358918,266.73108685172275,267.8681945800781,6260114
2024-04-02,269.7856811599891,276.6083549260479,267.5560474313942,274.6016845703125,18944588
2024-04-03,273.3530786563774,276.18470243420586,271.48018099375696,272.4389343261719,12456516
2024-04-04,273.79901026165675,274.73544550107584,265.5270749227632,266.88714599609375,15187270
2024-04-05,264.6798168713293,265.0142619336426,258.7489965430813,263.2974548339844,17546990
2024-04-08,265.75007679461595,269.1614004187089,263.3643521301524,263.96636962890625,11628512
2024-04-09,266.307434841682,266.307434841682,260.1982335128491,261.2015686035156,9089852
2024-04-10,262.78462080239217,271.4356103914121,260.86714127577255,269.6741943359375,22286674
2024-04-12,269.6741597590106,273.2861549805173,267.1100813487348,268.09112548828125,13419366
2024-04-15,263.18598144742657,267.4668674931727,256.14034402258153,262.8961181640625,16619074
2024-04-16,260.8671462060462,267.55604739081656,257.99091325315317,264.1224060058594,11546770
2024-04-18,269.56271533371716,275.4043447625852,261.1123981358108,262.91839599609375,25834400
2024-04-19,257.74565384980457,263.05219290418376,251.59187032589787,261.223876953125,20996084
2024-04-22,265.25952641364177,271.48021025557466,264.4345727817294,269.0945129394531,17525618
2024-04-23,271.2572443391782,271.7923618979237,263.87716185905884,264.4345703125,11440602
2024-04-24,266.6641768107337,267.04320363336456,263.98861650828485,264.5906066894531,9778936
2024-04-25,264.5906190992812,270.14241243069404,262.2272128313776,269.07220458984375,14346756
2024-04-26,268.5816630540962,274.11116537277314,267.15469207986916,271.7700500488281,9905056
2024-04-29,274.2226461135499,278.4812409114281,270.7667139805418,275.939453125,15908852
2024-04-30,278.258341270701,278.503595583186,269.0722594810217,270.8336486816406,12520696
2024-05-02,275.5827543977721,284.0776542476592,274.02201064309213,283.0074462890625,31766132
2024-05-03,285.39311060983607,286.15119150333504,278.7487913665676,280.866943359375,8997336
2024-05-06,283.1634558990616,283.2526466829434,270.2984814273803,272.12677001953125,9472036
2024-05-07,277.5893824682343,280.2426518886813,268.4478847323326,269.4735107421875,19902238
2024-05-08,271.12347413336323,278.39207498658874,269.09451278847166,276.6083679199219,13939168
2024-05-09,278.70422518080693,278.70422518080693,263.1190794652543,264.0555419921875,19938848
2024-05-10,274.2449759578814,277.34417259304286,268.2472551865798,275.87261962890625,44164342
2024-05-13,278.6819377682387,278.6819377682387,263.8994545930645,270.6329650878906,22898652
2024-05-14,273.085522211802,275.4489282804805,268.5147735327027,270.20928955078125,12813314
2024-05-15,271.5693827808108,280.04199078218255,270.6998202003863,278.72650146484375,18835012
2024-05-16,281.82570470328284,282.42769492612945,272.48353389032565,275.91717529296875,26886936
2024-05-17,276.34082195454494,280.7108988119079,275.7388044909449,280.17578125,10203386
2024-05-21,280.9338146707286,289.4064217798458,278.7041812209609,287.1767883300781,21247760
2024-05-22,289.8078422501311,290.1645782516657,281.4021056225315,285.6161193847656,14673810
2024-05-23,287.6227754503022,291.68069829457716,285.66068671538477,288.7153015136719,14982550
2024-05-24,288.5145951570874,295.8054863271106,286.1065799211343,291.6806640625,16208524
2024-05-27,292.8846769881365,295.09201979156035,288.2916370158576,292.55023193359375,12493582
2024-05-28,293.3975234485771,293.8657411131302,286.55253120613185,288.2916564941406,8950082
2024-05-29,285.39310909170956,286.70859839737074,282.0040768081287,282.5168762207031,10753416
2024-05-30,282.7398523790267,283.9661509501359,278.03533057694045,279.0386657714844,9645688
2024-05-31,280.93383353385104,282.8959219882719,275.4043313202702,279.9527893066406,18484104
2024-06-03,296.54131149487614,306.35170074733816,290.6104907084208,297.05413818359375,33828234
2024-06-04,298.77093323298965,298.77093323298965,252.7067037466289,258.7267150878906,45748526
2024-06-05,268.470160395524,268.470160395524,238.2140451264826,259.12799072265625,47388174
2024-06-06,263.5649761086143,270.8781850285799,258.7489730912448,260.48809814453125,37934232
2024-06-07,260.8671177210258,268.4478715693291,259.17260171602265,267.4668273925781,21620630
2024-06-10,269.9194617943718,271.94842310449354,267.6675371047376,268.7154541015625,14828594
2024-06-11,270.3654396221533,273.2193823058721,264.70216326937003,270.76678466796875,27027544
2024-06-12,277.1434690937302,278.19138604654154,273.10783753749644,273.5091552734375,23479388
2024-06-13,276.02865942411034,277.1434763038523,273.57606228867803,276.1847229003906,12050324
2024-06-14,277.5002047925428,280.6216919718002,275.6942069394141,279.44000244140625,14628644
2024-06-18,283.16349391573647,283.16349391573647,279.3285346488009,281.335205078125,15884950
2024-06-19,282.80674757842536,282.80674757842536,274.24494861717903,274.6016845703125,19648006
2024-06-20,276.47458500966815,280.3987349663636,273.2639069661141,279.2616271972656,18076646
2024-06-21,283.6094077476748,284.5012612311581,272.1045032541825,274.3341369628906,30004484
2024-06-24,276.2070402173504,276.2070402173504,270.4991560357209,272.23828125,7557297
2024-06-25,272.23823232148453,273.30846721749236,262.9183540217953,264.2561340332031,15630568
2024-06-26,265.77235338497115,268.3141414027325,264.21160969898557,266.12908935546875,7973173
2024-06-27,266.4858309492759,273.7990409762421,264.0332336766874,271.8815612792969,12487595
2024-06-28,272.77340418181444,273.44229432094727,268.9384177204605,271.0788879394531,9077880
2024-07-01,272.6396058603353,273.665231866745,270.49913584340237,271.61395263671875,4793023
2024-07-02,271.1234581429452,274.913835436062,269.51813276450844,271.4801940917969,5553786
2024-07-03,272.46124695657835,274.200372185738,270.2316131844296,273.4422912597656,4355165
2024-07-04,273.4422757941338,275.13679192168485,269.2951626559357,270.2315979003906,6607472
2024-07-05,270.2316476795544,273.9774437817996,269.3397940568496,273.4869079589844,7684768
2024-07-08,271.6585964830328,274.64631131578096,266.4858295682364,267.1101379394531,11488688
2024-07-09,268.6708713388311,269.47353405872514,264.3453763485234,267.73443603515625,18094862
2024-07-10,268.2695123103876,269.1613657784637,261.6698020900665,267.8681945800781,12134270
2024-07-11,269.33975967557006,274.6908807287271,267.1993166977491,273.4422912597656,19246022
2024-07-12,276.2070195989477,277.32183639226406,270.90048077587903,271.61395263671875,10426157
2024-07-15,272.90718233556305,275.58274294669604,271.25724784858903,274.4679260253906,8687357
2024-07-16,274.69088162425567,284.7242336316351,274.69088162425567,281.7811279296875,28132502
2024-07-18,284.0553487584194,284.50127552256134,278.8826091812567,283.7431945800781,19588548
2024-07-19,283.74317086398764,283.74317086398764,269.1613614518947,270.945068359375,19823046
2024-07-22,271.61394979875456,282.8513084014112,267.64521838633976,274.913818359375,27102699
2024-07-23,277.76780895286794,278.52586272366807,264.07785102808725,272.9071960449219,24287234
2024-07-24,273.263888469535,281.6919143612403,271.881526524939,280.8892517089844,16934157
2024-07-25,279.1055417781298,291.7698441525692,277.1880351300517,290.87799072265625,30554549
2024-07-26,292.48337084729997,293.77654211246943,288.4254210276623,293.2414245605469,21839106
2024-07-29,297.34395895349905,302.2937623336239,295.24809773221426,301.3572998046875,20234464
2024-07-30,301.9369880468419,320.21998458543703,300.82217118473244,310.54339599609375,45785745
2024-07-31,313.93245419224615,315.80535211808524,308.715105404984,312.1933288574219,17224023
2024-08-01,313.0406162644964,313.843279067886,307.33275861935545,311.3460998535156,16959971
2024-08-02,309.38396582976736,312.99598874313205,303.2747640668634,309.5623474121094,15120989
2024-08-05,305.01388304149765,309.4285685513497,298.23579130824504,304.746337890625,23868328
2024-08-06,305.9057608651054,311.8365813976195,297.3439615315613,298.5033874511719,13702018
2024-08-07,304.30044871845166,310.1420787102213,300.91138882493647,306.4854736328125,14250381
2024-08-08,306.7530136840724,306.7530136840724,296.80882566175626,301.7140197753906,15378854
2024-08-09,306.63830291381714,309.90581487540317,303.55488641928724,306.868408203125,11351617
2024-08-12,305.39572873374993,309.99783451990663,303.92307735339944,306.868408203125,12253716
2024-08-13,305.53377235099776,306.27009793988805,295.45515083006484,296.0994567871094,9757429
2024-08-14,296.0994731760894,301.3918943951064,295.13301418702946,299.182861328125,8457477
2024-08-16,300.10331127966253,307.23657534803664,300.10331127966253,306.0400390625,8214443
2024-08-19,310.9182387383381,318.05150231826144,309.583644986476,316.4407653808594,17875728
2024-08-20,321.1809811321237,325.9211445785601,319.75431145354855,321.59515380859375,22888866
2024-08-21,321.5491378437233,327.30177009336404,320.44462121618244,323.2519226074219,14795459
2024-08-22,326.38136688307566,326.8415774883567,320.8128017057601,322.2394714355469,10244576
2024-08-23,321.9632995835734,329.5107640745211,321.7331943013985,324.1723327636719,15872017
2024-08-26,327.1636992626112,327.57787191436563,321.226971786253,323.20587158203125,6672007
2024-08-27,320.3065487988375,322.8377068712421,316.16465377126633,321.2729797363281,9683173
2024-08-28,320.76676360881083,327.4398167972294,319.06397890154756,320.4446105957031,7295981
2024-08-29,321.96328376889187,329.0965471659327,319.5241735154501,328.0841064453125,13054801
2024-08-30,331.30561471614146,336.4139410255152,326.51941334829417,329.1886291503906,20312502
2024-09-02,332.27201986430765,337.97864196739255,329.0505459875069,329.9249572753906,14344785
2024-09-03,330.89140816814927,331.07550363639797,325.36888118898685,327.11767578125,9289259
2024-09-04,327.11768029468294,334.98729820198594,326.4273644127629,328.8204650878906,19416507
2024-09-05,330.89142447623055,335.3554729555371,327.4398449441419,331.9959411621094,15927510
2024-09-06,333.5145881067373,336.18380365415396,323.11381291987556,324.12628173828125,19044553
2024-09-09,324.08029486794817,325.4148886916499,319.4781890847879,320.1224670410156,9200270
2024-09-10,321.22698152537606,323.52803440163234,317.2231439028853,318.4197082519531,8137710
2024-09-11,322.1013747009063,324.7245523607814,311.60855170531494,313.17327880859375,12194591
2024-09-12,316.11866544493535,318.6498236894415,313.3113639930679,316.9010009765625,15970391
2024-09-13,318.46568880842005,321.9172678056211,314.46185155386246,315.06011962890625,11006109
2024-09-16,317.453232555749,317.453232555749,312.9431747724216,313.54144287109375,4850244
2024-09-17,312.8971590369139,313.72553239549177,308.3870732498366,311.4704895019531,7237522
2024-09-18,312.0227310099357,312.8511043240163,307.83482653434874,309.353515625,4111826
2024-09-19,311.05633096067754,311.05633096067754,297.25001406209486,298.6306457519531,12549677
2024-09-20,300.47147517723045,306.59226978981894,298.6306330026762,304.8434753417969,14642546
2024-09-23,306.50021342446666,312.4829503231424,304.93548638458896,311.1943664550781,6110287
2024-09-24,311.6085388649153,315.88851926839504,309.9057823738347,312.1607971191406,7068491
2024-09-25,313.863580223962,314.59990583345365,308.47911142636246,312.7590637207031,6087353
2024-09-26,312.9432059126458,319.3401444455881,308.4791575046162,317.6373596191406,9517367
2024-09-27,319.3861405157961,341.0160376400647,318.78787238335525,338.0706787109375,40756678
2024-09-30,337.9326002170209,346.0783325449935,331.489652536662,340.5097961425781,23860696
2024-10-01,340.55580527622203,343.63922156341937,335.1713362506718,338.945068359375,9440793
2024-10-03,325.5989553558064,332.8242664140153,319.3861130981338,321.0888977050781,20754875
2024-10-04,315.2442262805095,320.2605325036479,307.74279994448585,313.17327880859375,18185208
2024-10-07,314.78404322382227,315.9805795209343,306.3161571412556,308.3410949707031,7847806
2024-10-08,305.11961834247296,312.4369778912735,302.1282495351938,311.10235595703125,9565667
2024-10-09,317.54528890468777,322.1473945409876,310.87223573205307,311.88470458984375,13523561
2024-10-10,314.7840578251907,315.9805941778045,307.9269084878325,308.75531005859375,5706365
2024-10-11,308.75524197932333,312.39088815002106,307.42062026651024,310.7801513671875,4046559
2024-10-14,312.94319852519715,317.17714153481364,310.4120403018316,313.6335144042969,7967181
2024-10-15,316.8089519453145,323.52801469919075,316.53280876356587,320.9968566894531,17183945
2024-10-16,323.98820329205273,327.5778396993594,320.35252897972964,322.8376770019531,17073700
2024-10-17,321.3650133000656,322.69963509683987,314.64595067601397,315.4283142089844,11023063
2024-10-18,315.42835817191286,316.532846764437,307.6967975791136,315.2442626953125,7328694
2024-10-21,315.29024453786286,318.0054980870958,303.9230661367933,305.2576599121094,8609636
2024-10-22,305.57978607829455,306.08600641600856,296.37557565424953,297.2039489746094,6372285
2024-10-23,296.3756100445677,299.91923708681844,291.35930354578124,297.342041015625,6639274
2024-10-24,297.2959956230133,299.50500049900245,294.53473250577173,295.8693542480469,5706821
2024-10-25,297.7102008042755,297.84825834441,278.9796267594427,281.9249572753906,11583887
2024-10-28,282.84538896202776,290.39285311537384,281.0045467869699,285.6986999511719,13299872
2024-10-29,287.1714120706742,288.04582343919196,278.1973054434656,286.6651916503906,8437903
2024-10-30,284.41014214937474,289.840621446396,282.8914528333724,286.527099609375,6248318
2024-10-31,285.79073824157473,291.03714950287406,283.30559015169155,286.0208435058594,11375689
2024-11-01,287.12536598051696,288.87416040764066,286.9872803478576,288.091796875,710149
2024-11-04,288.0918298980736,288.55204048896513,274.3775599073122,279.30181884765625,14063318
2024-11-05,277.046757050358,284.45613582888615,276.3104313901525,283.4436950683594,9542018
2024-11-06,286.98729741821296,293.6143407972077,282.7993925076554,291.77349853515625,10787602
2024-11-07,291.1752218130473,292.41779592101653,286.3430110179627,289.9326477050781,7387875
2024-11-08,289.932655881463,290.024703612246,282.38519138163764,285.7447509765625,9304376
2024-11-11,283.4897074081314,289.01223417582224,279.85403271712545,287.6776123046875,5277147
2024-11-12,289.1042815562203,293.20013871721534,284.4561380122967,285.1464538574219,7192998
2024-11-13,283.44369317909155,284.4101241127976,277.96717631736203,281.51080322265625,7306795
2024-11-14,281.464751626854,281.6488470762381,272.8127991972184,274.4695739746094,11061057
2024-11-18,274.42357439681206,275.8042061929614,265.3574199842929,266.1858215332031,7940666
2024-11-19,269.36122622556337,274.1934369454598,263.7006421429178,264.6210632324219,9912544
2024-11-21,264.5750537619199,264.5750537619199,257.11963730931586,259.9269104003906,8273120
2024-11-22,260.11101779248725,264.1608651597094,258.6843481829839,263.1023864746094,6539977
2024-11-25,268.8090017926329,280.17620929675485,268.7629919679748,272.9508972167969,16903527
2024-11-26,274.2394915924571,277.0467648511867,270.0055487045013,270.46575927734375,5160007
2024-11-27,273.319069210166,273.3650790316324,267.8885620039749,270.09759521484375,5995425
2024-11-28,271.0180441499109,274.9758442287219,266.4619477965355,267.79656982421875,13130411
2024-11-29,269.1311566317529,270.8339414908772,266.3698929971815,268.85504150390625,8125467
2024-12-02,269.36122020325234,272.3525886772603,267.3823205228668,270.7418518066406,5193026
2024-12-03,273.8252920768174,274.10140718615907,268.80898557459034,270.83392333984375,9198285
2024-12-04,270.7878951800577,275.7121255270002,269.5453210941193,270.2816467285156,9840659
2024-12-05,271.61631754074585,274.51563887162644,268.11869992383504,273.3651123046875,9287638
2024-12-06,274.1934433703906,279.7159700368195,272.8128117037834,276.448486328125,9586531
2024-12-09,277.00076589319883,279.9921347339935,275.29798108909523,279.30181884765625,11637358
2024-12-10,278.2432922625598,282.2931676460906,276.9086984971437,279.3478088378906,8649367
2024-12-11,279.3018054398408,284.36412169663197,278.0592312862782,282.9834899902344,10867782
2024-12-12,282.61528229824995,282.9834732026661,277.32286107102414,278.105224609375,7454904
2024-12-13,277.9671856644062,280.8665066520414,272.4446587969014,277.6910705566406,7726611
2024-12-16,277.0007346696459,277.69105047817067,272.2605436465582,274.2394714355469,8696443
2024-12-17,275.9882702289543,275.9882702289543,268.85500676143255,269.6833801269531,8415828
2024-12-18,268.5328862643794,269.6834127693682,264.759153710211,265.357421875,6535229
2024-12-19,259.6047524544084,272.306580117686,259.6047524544084,271.1100158691406,11822064
2024-12-20,270.1896247811516,275.39002689296007,264.1608773183805,266.0477294921875,9979749
2024-12-23,268.7629656160534,271.4321812321068,265.0812811555595,266.09375,6819725
2024-12-24,266.8761178897375,271.93843410493906,264.48301733383744,268.7629699707031,7937629
2024-12-26,271.38616124031194,275.4820181956832,269.2691759014593,272.07647705078125,11310555
2024-12-27,271.57023737844247,273.7332326056117,269.22317478261357,270.1896057128906,3708404
2024-12-30,270.1896084537544,271.754335592862,266.69201943448525,269.9595031738281,8236910
2024-12-31,268.25676387951023,270.9719895043915,267.6584676418857,269.17718505859375,4161509
2025-01-01,269.0390603499725,272.35258173140346,267.19821825906877,271.8003234863281,3545200
2025-01-02,271.8003612762026,274.00939456363784,268.57888716922207,273.2730407714844,6846413
2025-01-03,272.4446728343613,275.34399397138134,270.9259834853533,272.8128356933594,4806469
2025-01-06,272.8128296135249,273.5951932271013,261.4916604397376,262.1819763183594,7361716
2025-01-07,264.2529020252984,267.38232813088456,258.36221263436744,260.2950744628906,8306436
2025-01-08,260.29512159353663,264.98927564637984,258.1781639270719,263.976806640625,6037032
2025-01-09,264.1608741760254,264.9432377835503,256.84351468362314,257.7179260253906,6215902
2025-01-10,258.1781221714359,260.9393855101679,253.6680643359784,255.55491638183594,9073218
2025-01-13,249.66423056129108,252.8396946833022,243.2212826758384,244.18771362304688,10488655
2025-01-14,245.84450365562202,249.8943512439809,244.83203473627594,248.69781494140625,6710730
2025-01-15,252.10334157759556,253.94418383532027,244.14170443074087,245.75244140625,13448052
2025-01-16,246.07458586102817,247.54726523379495,242.5309590203457,245.66038513183594,13754046
2025-01-17,247.4091714989826,253.29988879721415,245.98253008117388,251.82720947265625,9300647
2025-01-20,253.11583055689024,256.24525702597026,247.4092078687245,255.2327880859375,9623368
2025-01-21,256.3833210811962,264.16089167087983,256.0151582088679,257.90203857421875,15304149
2025-01-22,259.55878948555124,260.98543117087166,252.24142939742222,255.50894165039062,6301894
2025-01-23,260.4791785736787,262.3200208250828,248.7898190416533,249.6642303466797,18806324
2025-01-24,252.19538990198976,257.16565839174245,242.070757460669,242.8070831298828,18480516
2025-01-27,242.7150603790733,242.7150603790733,237.79080177333714,240.5060272216797,10083126
2025-01-28,241.38045922305,242.899148582244,234.06311350641113,237.51467895507812,13321189
2025-01-29,241.17526429931087,242.11387201614954,236.05984078492637,241.22218322753906,9435973
2025-01-30,243.94413195288507,244.88273963923248,240.75287154811053,241.3629608154297,9410974
2025-01-31,242.06690912645124,245.91520625078527,238.64099690558075,245.07046508789062,8790578
2025-02-01,245.68056018289775,245.96213102921902,232.77470458589738,239.95504760742188,11464565
2025-02-03,235.54359826724786,236.34142053704645,227.33078093350827,234.22955322265625,21517136
2025-02-04,235.262024665485,240.8936711141814,234.8396540462363,240.2366485595703,7000612
2025-02-05,244.27265024869638,249.34112602360904,244.27265024869638,245.2112579345703,10088345
2025-02-06,246.8538271869266,250.79599101786755,245.58670105240742,246.4314422607422,14058587
2025-02-07,246.0090853610994,248.6371754791074,244.0849223782418,248.07400512695312,6557480
2025-02-10,248.30865768650744,249.48191732147305,241.69148480291506,243.9441375732422,8052376
2025-02-11,243.56869750399335,243.803349428371,238.17170324330758,239.48574829101562,6819100
2025-02-12,239.48574192079667,241.0344388516877,233.76024371148813,239.9081268310547,6568833
2025-02-13,240.47130460105654,244.13186890839117,239.34496390155334,240.04891967773438,5514711
2025-02-14,240.6590061971224,242.7239545745371,232.2584702286979,235.5905303955078,5205573
2025-02-17,235.59053708336265,237.98398962729826,231.2260169259638,236.81072998046875,5899597
2025-02-18,236.7637741888784,237.98396696981493,231.6952987259307,237.2330780029297,5534272
2025-02-19,235.59052580854564,240.70594908152367,234.22954754776015,239.9081268310547,6887175
2025-02-20,238.40635216411047,243.70947985942672,237.65546315115876,242.7239532470703,8155780
2025-02-21,242.16076910125005,243.47481405748925,235.2619972759546,235.87210083007812,9845416
2025-02-24,235.8251823182125,237.93704962255472,233.47866309116563,235.5905303955078,6773845
2025-02-25,236.43529172300265,237.3738994937522,232.49314195025815,233.1970977783203,4172676
2025-02-27,233.19707343004077,234.08874785474885,227.23692330129566,229.72422790527344,7376510
2025-02-28,229.06721522192615,229.06721522192615,221.65220569602002,222.7316131591797,14066882
2025-03-03,224.32723741330892,228.68237651238536,219.64357989465313,227.52789306640625,6864635
2025-03-04,226.20446398954448,235.534227160968,221.60529181980885,234.57684326171875,7201075
2025-03-05,234.55804535807812,241.1564559735845,234.55804535807812,240.1333770751953,7802519
2025-03-06,244.03800949034013,249.62273693436754,243.0994017615311,248.7686004638672,12828381
2025-03-07,248.693488659018,249.4725490922036,244.03800247822443,245.2206573486328,7057204
2025-03-10,245.22065090589075,249.63208980221245,240.33987952694642,241.15646362304688,8487911
2025-03-11,240.2741998063646,248.70289327641743,238.73488369020777,248.33682250976562,12306539
2025-03-12,250.13897426471684,255.3013170731819,247.22928440750198,249.97003173828125,10648004
2025-03-13,249.96999009861386,250.29850849687205,245.92459351774363,248.17724609375,4545159
2025-03-17,245.0798243741611,247.50144809877617,242.4517344693394,245.37081909179688,6482574
2025-03-19,247.33253411535512,250.1295668413823,246.863230246528,248.97509765625,4955027
2025-03-20,250.23281006687128,256.1741840031066,248.49638015192286,255.42330932617188,10789615
2025-03-21,255.48902254339677,268.30101167616596,254.41899603659073,262.49102783203125,26173451
2025-03-24,264.6873702453398,267.78476418421434,262.8101548535289,263.22314453125,11376607
2025-03-25,263.3451497269308,266.527014698982,260.1632561108479,261.9747619628906,12143699
2025-03-26,260.9329413663683,265.9357078186867,255.4233187342318,256.2492980957031,9475308
2025-03-27,256.60596360130137,262.66936110438195,255.47022770154115,259.1120300292969,107524873
2025-03-28,259.984934780175,266.87431178466,259.3372931828185,261.37408447265625,12687883
2025-04-01,258.11710728965846,269.3803992441163,258.11710728965846,267.12774658203125,20780255
2025-04-02,265.6728788497785,270.36591701101133,260.6513509324847,269.1926574707031,12058406
2025-04-03,265.62595992577883,273.5102583078437,265.62595992577883,269.1926574707031,6663148
2025-04-04,274.21421456103036,277.5462888483528,260.04123355795895,262.2939147949219,18852567
2025-04-07,245.91519124162272,261.96538693314545,245.91519124162272,256.89691162109375,15010047
2025-04-08,262.340847464303,269.84970893018647,258.21097938687376,268.3479309082031,18994276
2025-04-09,270.9760810883493,272.80634909686995,262.4347444498098,270.2721252441406,14519066
2025-04-11,278.2502737141368,278.2502737141368,268.9111153195946,275.1997985839844,14955235
2025-04-15,278.57876367002035,278.57876367002035,273.2287167788553,276.32611083984375,8516322
2025-04-16,275.9506709270397,282.0985400632086,274.58967826927557,280.4090576171875,9064723
2025-04-17,279.70508144515946,283.22486015462033,277.31164338033904,280.0335998535156,7510897
2025-04-21,281.4415016422309,286.7915479098941,279.7050718099067,285.3836364746094,6455955
2025-04-22,286.27535658258967,289.5604836253407,284.069622696507,287.3078308105469,7096150
2025-04-23,287.30782757319594,287.8240503593405,279.9866702025668,282.00469970703125,7400827
2025-04-24,284.35119187652396,286.74462986624,281.8638587513297,283.4595031738281,5773985
2025-04-25,283.7880303457681,286.2284159786728,275.29361387777595,277.5462951660156,7773037
2025-04-28,275.1059195629171,291.86007255183597,275.1059195629171,290.9683837890625,14414879
2025-04-29,292.4232118114076,296.2245901091726,290.78064836823387,292.56402587890625,9522966
2025-04-30,299.41587059798314,302.6540787752306,290.0297931497705,291.01531982421875,21424437
2025-05-02,291.48461788953637,298.0079530436973,290.87452859636403,292.2824401855469,6850147
2025-05-05,297.53864653846716,305.84533056968866,296.6000388206802,301.3399963378906,16037327
2025-05-06,301.38693469149126,302.41940887828287,291.4846063853069,292.3293762207031,5444873
2025-05-07,288.15255303283965,298.0079335111615,288.15255303283965,297.44476318359375,7970668
2025-05-08,296.1307271121146,300.5421947263903,286.9323831792408,289.04425048828125,5918739
2025-05-09,283.97574947035946,288.481083637293,282.84943741165154,288.01177978515625,4955934
2025-05-12,295.66141780101606,296.5531065504102,288.293341819073,290.0766906738281,6844271
2025-05-13,290.07671677554123,291.5315759899885,285.80606292507963,288.0587158203125,7241358
2025-05-14,289.7481828833938,294.3004069115281,289.46658341181876,293.31488037109375,7733320
2025-05-15,294.7228122073393,300.5421912945243,294.25350836624483,297.53863525390625,7055032
2025-05-16,296.60003639990975,301.2930749505412,296.41230340027084,300.4483337402344,6861786
2025-05-19,298.9934768976986,299.9320846150281,296.7408241049147,297.72637939453125,2956007
2025-05-20,297.53863536194444,300.02593999184177,292.610945028663,293.6903381347656,5016433
2025-05-21,293.12718438523206,297.3040002664793,290.3583087514917,296.4592590332031,5232094
2025-05-22,295.56754561783714,299.3219762478358,289.74819532775876,293.83111572265625,4876801
2025-05-23,292.84563339765725,300.354495792469,292.84563339765725,299.322021484375,4257721
2025-05-26,299.41587051967105,304.06199031293517,299.41587051967105,303.1233825683594,5050848
2025-05-27,303.0764148500146,303.0764148500146,296.1307237306228,297.53863525390625,4716473
2025-05-28,297.5386061103835,302.7948143446096,294.4881314420594,301.9500732421875,7112876
2025-05-29,301.4808343029507,302.7479319071523,298.1018405223277,299.5566711425781,4000772
2025-05-30,298.0548693613692,302.6071225219886,297.5386465741382,298.8526916503906,9148638
2025-06-02,298.8526904355501,299.88516464984934,296.27151922181895,297.1632080078125,3086437
2025-06-03,295.7083434670911,301.2461517943344,290.0297783581454,290.7337341308594,7853488
2025-06-04,290.7337353693406,293.4556919732895,289.65434224205455,292.4232177734375,5925942
2025-06-05,292.0008774302636,296.03687930699937,289.32583960775946,290.7806701660156,5900170
2025-06-06,290.0297593110409,298.3364426123479,290.0297593110409,297.2570495605469,5825337
2025-06-09,298.2895032681188,301.71544414668324,295.6614132744038,300.7298889160156,3787426
2025-06-10,301.4808079501801,304.76593493562217,299.7912968855323,300.4483337402344,6489933
2025-06-11,300.6360354644074,313.964276289154,300.6360354644074,313.35418701171875,21739121
2025-06-12,310.20988006251577,310.67918396578733,298.24263052909043,299.0873718261719,13568848
2025-06-13,286.27534214769884,295.09824860311636,280.92526691880073,293.1271667480469,13958229
2025-06-16,290.9214615248648,297.39784878029445,289.56046893288305,296.9754638671875,6893567
2025-06-17,294.7228067197212,300.77683761472986,292.5640205484956,293.5964660644531,7219608
2025-06-18,292.84561352215167,297.3978667688511,290.6868271877754,296.4592590332031,10011198
2025-06-19,297.53864998301066,297.53864998301066,291.06226238411165,294.20660400390625,5399948
2025-06-20,291.81312380940545,296.5061622387752,290.9683826209255,294.2535095214844,8522458
2025-06-23,290.96839588243944,296.1307383900311,289.27891342847784,294.20660400390625,6848410
2025-06-24,305.5168109078284,307.6755971924206,297.53864533880676,299.6505126953125,11172373
2025-06-25,302.7009603010813,303.1702641155016,297.1631810197283,299.97900390625,6658747
2025-06-26,299.2750716643596,310.67914952067736,299.2750716643596,309.5058898925781,15528180
2025-06-27,309.74054284997885,313.6827066711377,307.30015708659647,312.5563659667969,9911738
2025-06-30,313.49496558808784,316.96782546688655,310.06905327977915,311.5708312988281,5840638
2025-07-01,311.19536900529056,314.9028808484521,310.5852797339438,311.6646728515625,3921773
2025-07-02,313.21340073738946,314.38666036160197,308.6142000952493,311.4300231933594,3799017
2025-07-03,312.55637963756715,314.94981793393447,310.25677920063765,311.1484680175781,5049883
2025-07-04,313.49495895817824,326.3538953790459,311.5238771401137,324.94598388671875,13743465
2025-07-07,324.57052703789526,329.96752124364764,322.3648218864232,328.98199462890625,8603937
2025-07-08,328.5126817441465,336.631632292731,327.2925032409956,333.7688903808594,12905482
2025-07-09,333.7688869062298,334.47284264549603,326.30694461239494,327.1047668457031,8039090
2025-07-10,330.20218206878167,331.18773735412975,326.6824031440404,329.4043884277344,6580919
2025-07-11,330.2021697018423,330.99999195704333,322.22400443789866,323.6788635253906,4803470
2025-07-14,324.6174929260891,326.8232268460588,321.80166970332823,323.2565002441406,5372218
2025-07-15,326.3069662074711,328.98200392252386,324.8990546357627,326.6824035644531,6270256
2025-07-16,328.55960966821806,330.10833526836876,326.07230502426813,326.49468994140625,8426412
2025-07-17,328.13725690603275,328.41882775778186,323.11569999359284,325.46221923828125,4026086
2025-07-18,326.16617394326556,329.87368579534206,321.09769812014815,322.4117431640625,5631392
2025-07-21,322.4117578365193,323.5380985791517,318.6104079571962,321.5670166015625,5051058
2025-07-22,321.5670065032458,323.2095699923155,319.07970180574716,319.45513916015625,4447293
2025-07-23,320.86305051119155,323.8196590607656,316.12306440228747,323.3034362792969,5089227
2025-07-24,323.3034138056071,323.72577005816765,318.84502750526457,320.4406433105469,3270996
2025-07-25,319.2204807139719,320.4406592518913,310.72606394326556,312.4624938964844,3514659
2025-07-28,311.94626661144935,317.5779126631895,310.67914052100116,312.9317932128906,5630809
2025-07-29,315.3722149465152,316.59239360625327,312.74412461290876,314.3866882324219,7809814
2025-07-30,313.49498490373537,322.45867735579407,309.7405539468044,316.35772705078125,11366010
2025-07-31,314.4046013799914,315.59552790037014,307.83069280257155,313.7376708984375,6867024
2025-08-01,313.4518549569677,313.7376656869692,301.5902153808861,302.82879638671875,4105518
2025-08-04,305.0200895176745,305.5917400530316,300.0181982151697,302.82879638671875,3536322
2025-08-05,302.01897329416573,302.97171453484134,294.9210394209904,300.2087707519531,6730701
2025-08-06,300.58987864103943,303.1146372582937,299.5418574012291,300.82806396484375,3601019
2025-08-07,298.49379654168627,299.2083524182546,292.6344441688962,295.6832275390625,5018154
2025-08-08,295.8261347867132,306.0681024162049,294.0159323695946,304.3531799316406,10028343
2025-08-11,307.0208394782108,314.40458348428103,302.20950823988034,305.78228759765625,7957794
2025-08-12,305.82993083248215,311.07000752898887,305.54412009735995,308.40234375,4392686
2025-08-13,309.64088617369185,310.87943808824514,305.8775468500547,307.259033203125,2707971
2025-08-14,311.54636273249446,315.7384180673412,302.1618563886315,303.0193176269531,10549386
2025-08-18,305.8299244680222,305.87754989776664,297.6839988576604,299.1607360839844,8091527
2025-08-19,300.3040345578656,306.97322288430615,297.9221815841368,306.2586669921875,4343312
2025-08-20,304.8771847561484,307.2590377620558,303.92444355378547,304.8295593261719,3670375
2025-08-21,305.8775513884879,308.49758969498606,303.6862582531947,304.8295593261719,3790333
2025-08-22,305.0677441023286,305.2106494673666,299.8276674983404,301.4949645996094,3007303
2025-08-25,303.8768295472661,303.8768295472661,299.6371194072284,300.87567138671875,2841339
2025-08-26,302.3047615399702,303.25750270974675,296.3501292288665,297.35052490234375,10819770
2025-08-28,300.685119032629,300.685119032629,295.3497626661695,296.0166931152344,8888325
2025-08-29,296.0167102402554,297.54107293998504,292.49155607758235,293.6348571777344,4334416
2025-09-01,293.9206425164596,300.6374559422054,292.30097094376447,299.8752746582031,3672180
2025-09-02,300.9709436415428,302.30477552586814,297.96981463297226,300.06585693359375,3405312
2025-09-03,300.06586099243265,305.353563170707,299.20837062808124,299.9705810546875,6616690
2025-09-04,304.7342640696659,304.7342640696659,297.7316107693015,298.1127014160156,5225640
2025-09-05,298.2079990234375,301.4949678313136,296.77888720703123,297.73162841796875,6159420
2025-09-08,299.0654570925479,303.1146071956297,298.7319918572233,301.4949645996094,2002604
2025-09-09,302.78115923387793,305.0201069983841,298.73200889979336,299.1131286621094,6476251
2025-09-10,300.58984472557023,303.2098829917995,299.87528883478046,302.924072265625,5214899
2025-09-11,303.16227466114793,311.1652952742996,302.4953441619873,304.877197265625,7529271
2025-09-12,305.87755931746915,307.925976215932,302.0665944092292,302.9717102050781,4705998
2025-09-15,303.2575165449541,305.5441187170197,300.7804126508071,302.7335205078125,4653626
2025-09-16,304.2579210823561,305.9252182538537,301.54260273084617,303.20989990234375,5381837
2025-09-17,304.73427446748497,309.4027004685682,304.16262394023215,308.2593994140625,7035565
2025-09-18,309.54562037993526,310.7365469196206,305.8299353911881,310.3078308105469,5615664
2025-09-19,310.2125200320674,318.2155397680497,309.4503096772321,313.975830078125,10022009
2025-09-22,313.45184670271817,316.5958809513579,307.21140363406676,310.02197265625,4768219
2025-09-23,313.16606287436633,319.35888104621745,311.4034857334606,314.78570556640625,7992615
2025-09-24,314.8333475639589,316.6911754964764,311.54637872706365,314.7380676269531,5489995
2025-09-25,313.5471099685623,316.78642397762405,311.54634779152804,314.07110595703125,5798602
2025-09-26,314.21402841257105,314.4045882780324,307.687774613143,309.0216064453125,5692665
2025-09-29,311.2129271028524,322.97928749173764,310.1172804677304,322.121826171875,12616059
2025-09-30,323.69382119439325,326.1232996129513,321.2166882708444,323.5985412597656,6762730
2025-10-01,324.884761694287,331.26813960991797,322.59818854142173,323.6462097167969,9814406
2025-10-03,327.74298006327786,328.6004413472097,321.645442063218,325.40875244140625,5833883
2025-10-06,325.83748572819195,329.17207988038103,322.5505170051784,327.36187744140625,5914399
2025-10-07,327.3618897252734,329.88664814874153,324.9323821637305,325.7422180175781,5934834
2025-10-08,325.1229257708341,333.4594110470093,323.45562871559906,328.7909851074219,7955678
2025-10-09,330.83938993409623,334.4121695230174,326.88551967076114,327.74298095703125,7028656
2025-10-10,329.17207935435005,330.88700185687964,321.26433915050853,322.6934509277344,5737637
2025-10-13,324.40839087530316,325.8375027293794,319.31121944736026,321.9789123535156,6785828
2025-10-14,322.16943808114746,324.2178258913223,315.02387892331325,316.73883056640625,4343927
2025-10-15,319.1206748171359,324.6465621166393,316.35770209203037,321.9312438964844,16271995
2025-10-16,322.9316348827738,322.9316348827738,317.7868092458449,320.0257568359375,6279302
2025-10-17,320.21630418238686,322.3123172531175,316.9769901091834,319.9781188964844,7824777
2025-10-20,320.3592362526765,323.9796412701485,319.6446803353843,321.74072265625,6134873
2025-10-21,323.36035121495365,324.17018703437174,321.7407086514708,323.0268859863281,404063
2025-10-23,323.9319869735165,324.0748923291697,314.4522010187095,315.64312744140625,8457356
2025-10-24,314.5475036985263,318.5966538285666,311.73693458288744,314.8333435058594,8260920
2025-10-27,316.9770293225081,327.2666233162838,315.59554286322856,326.7902526855469,11767585
2025-10-28,327.74295822437773,329.17206996082126,323.55090294588064,324.55126953125,6156249
2025-10-29,325.7421936738017,332.5066616601825,324.7418270955095,331.6492004394531,9756868
2025-10-30,333.4594174675753,342.7962695265259,328.98152223144064,340.70025634765625,14807100
2025-10-31,341.08135038919323,343.51082882467296,338.31840671787114,339.93804931640625,7532962
2025-11-03,344.8446913019111,352.03787578040834,339.4140547950486,349.94183349609375,20107281
2025-11-04,352.3713559390316,356.27760086592707,350.7516841893525,355.3248596191406,12649509
2025-11-06,362.0416462289995,362.0416462289995,349.8941962568423,350.5611267089844,11803637
2025-11-07,350.12346590255936,357.7581085256681,349.8803246067937,357.0773010253906,11711108
2025-11-10,356.25061565837456,359.65459380840673,353.67332385227417,355.1321716308594,6934285
2025-11-11,354.986288500456,364.56606140016515,350.17207901715193,363.88525390625,10689646
2025-11-12,364.9064558806496,368.6994540267611,363.3503457057408,365.14959716796875,9316462
2025-11-13,366.7543393017938,368.35906593017523,361.89151334892017,364.663330078125,9719258
2025-11-14,363.73937650732705,369.3316262798328,359.3142168203474,360.9675598144531,6848609
2025-11-17,362.37778683967076,371.08222726841984,361.79424180392033,363.9825134277344,9063998
2025-11-18,365.5386372746195,366.5598188650518,360.48128634977724,361.64837646484375,7729409
2025-11-19,361.64835448145095,362.66953600980906,354.84039847817627,355.6184387207031,7056032
2025-11-20,356.9314261093376,358.682031585969,353.33292302029776,355.034912109375,9025414
2025-11-21,355.03489707824457,357.7580973136764,353.4301705125494,354.5486145019531,7177944
2025-11-24,354.5486138397987,357.1745516190015,347.9837990721247,349.7830505371094,13807356
2025-11-25,349.10226865921743,349.10226865921743,343.9963016773754,346.0873107910156,4113590
2025-11-26,347.01123040042006,357.90397185061533,346.3304526099908,357.5635681152344,7651793
2025-11-27,358.82792089511037,358.82792089511037,351.58229871745846,354.69451904296875,5180488
2025-11-28,355.76433797131386,356.9314280824092,348.76188634574515,349.2481689453125,3459790
2025-12-01,351.5823250463453,351.5823250463453,342.73197565821266,344.2880859375,4470807
2025-12-02,345.9900499297351,351.24189577053596,344.5312022139386,348.9077453613281,9468149
2025-12-03,349.15089733517,351.0960276824411,346.03867690740265,348.5673522949219,6169622
2025-12-04,350.1234761784586,351.6795864530965,343.8018023030142,346.23321533203125,5798181
2025-12-05,346.2332037698485,351.6795747090365,343.6072659140672,350.41522216796875,3479044
2025-12-08,353.04115362338536,353.04115362338536,345.40651116956775,347.74066162109375,6762135
2025-12-09,347.7406781560741,348.9077682774986,343.266901944728,345.30926513671875,5612269
2025-12-10,345.3092622021885,350.07485542389355,343.0723741155251,345.4065246582031,8521964
2025-12-11,345.4065218158187,346.5736119177208,339.5225142795365,341.6621398925781,4491115
2025-12-12,342.8292307998406,356.5910223554553,342.8292307998406,355.034912109375,6101145
2025-12-15,355.0835590652579,359.31422360475386,351.1932982804954,356.9314270019531,6128925
2025-12-16,356.6882804042827,358.92516845015825,351.7768381086136,358.04986572265625,4332510
2025-12-17,359.84911135316025,362.6209280118121,355.95885068988287,358.244384765625,6872112
2025-12-18,357.9039833942719,359.0710734731258,351.5823097745361,353.3815612792969,3880069
2025-12-19,353.9651173973205,357.36909560679476,352.1658658362458,355.9102478027344,6515994
2025-12-22,355.9102468401638,360.52993154052757,354.54863181578895,359.7518615722656,3949754
2025-12-23,359.7518586384686,363.25309926625846,358.43888969300565,359.84912109375,3379297
2025-12-24,359.75186360549634,361.2593574823357,354.79177512100557,355.8616027832031,2339154
2025-12-26,355.42396331816667,358.0985176114396,351.77684382734,355.9588623046875,2997958
2025-12-29,355.9588416756121,361.7942325227533,354.7917516340508,361.40521240234375,4666863
2025-12-30,361.59971146268896,365.8303758078639,358.0985006614864,359.3628234863281,8567519
2025-12-31,359.3628318309784,375.4101572036743,358.876549243927,373.46502685546875,12051156
2026-01-01,375.7991630898796,377.5011520800333,368.74806584495695,371.0335998535156,6554899
2026-01-02,371.51988430762106,375.02112475548716,367.53236128867167,370.9849853515625,3614573
2026-01-05,369.5747719842653,374.8752641388048,364.1284009873777,367.5323791503906,5243413
2026-01-06,367.3865068062925,367.4351231944904,354.0137352150642,360.6271667480469,6881934
2026-01-07,361.356580347227,363.15583186425414,356.44513806592823,358.0985107421875,6613161
2026-01-08,356.1533754507647,356.4937495143967,342.53746313481486,344.8229675292969,7714421
2026-01-09,343.315515915975,349.7830685658606,342.5374756273927,344.4339599609375,5252007
2026-01-12,343.89904080649336,349.24814909774716,339.9601341656432,348.9077453613281,4474234
2026-01-13,350.12347372364377,350.26935256829506,342.39156847344617,345.35791015625,3681627
2026-01-14,344.77433960737926,348.66460013891526,341.5162404761513,347.1084899902344,7777436
2026-01-16,348.1783364189808,357.6608469778776,348.1783364189808,353.2356872558594,6243090
2026-01-19,354.01372661656575,356.93142216560335,349.102284314486,351.33917236328125,4545354
2026-01-20,351.0960359454443,351.0960359454443,343.3155143732461,345.4551696777344,6408732
2026-01-21,344.28805818031475,348.90774257680204,336.0212545234428,342.2943115234375,6076732
2026-01-22,345.26064631776524,351.29056243544875,344.0935562045573,344.4339599609375,4615713
2026-01-23,346.23321408621155,351.9713428779779,338.6472173351082,339.5711364746094,5338663
2026-01-27,348.17833263870403,350.02620053507735,340.93271021305566,347.59478759765625,11887552
2026-01-28,350.60974507484536,355.86159107609944,347.59478710068703,352.40899658203125,12428097
2026-01-29,352.40900663781736,357.8067316330623,347.4489181749699,356.8828125,14186586
2026-01-30,356.639655219184,357.9039780521262,349.6371742112483,354.5,12639803
2026-02-02,353.0,367.6000061035156,351.0,366.70001220703125,12038292
2026-02-03,372.0,374.70001220703125,358.29998779296875,373.45001220703125,12411365
2026-02-04,373.0,383.20001220703125,370.3500061035156,382.45001220703125,8138573
2026-02-05,386.0,391.6499938964844,378.3500061035156,382.04998779296875,8446290
2026-02-06,382.5,386.8999938964844,381.3500061035156,386.3500061035156,7988984
2026-02-09,386.5,389.5,382.8999938964844,388.29998779296875,5171617
2026-02-10,386.0,388.0,381.8999938964844,386.3500061035156,3114005
2026-02-11,388.0,390.8999938964844,386.0,387.6000061035156,5156493
2026-02-12,387.04998779296875,389.5,373.54998779296875,377.70001220703125,6352805
2026-02-13,377.45001220703125,378.3999938964844,372.95001220703125,374.1000061035156,2696607
2026-02-16,372.6499938964844,375.29998779296875,369.04998779296875,374.3500061035156,1709180
2026-02-17,374.3500061035156,375.79998779296875,366.54998779296875,374.95001220703125,2646518
2026-02-18,377.0,381.3999938964844,375.75,380.8999938964844,2527223
2026-02-19,377.45001220703125,378.8500061035156,365.0,367.6499938964844,5506935
2026-02-20,364.8500061035156,367.8999938964844,362.29998779296875,366.29998779296875,6928709
2026-02-23,370.0,376.70001220703125,366.6499938964844,372.1000061035156,7760029
2026-02-24,370.0,376.0,369.0,374.45001220703125,7718539
2026-02-25,376.1000061035156,381.8999938964844,374.0,381.04998779296875,7003584
2026-02-26,380.0,387.0,378.54998779296875,386.0,4800186
2026-02-27,386.6499938964844,389.8999938964844,382.5,385.3999938964844,9020770
2026-03-02,368.0,376.95001220703125,367.1000061035156,374.79998779296875,14939455
2026-03-04,365.0,367.8500061035156,352.70001220703125,356.3999938964844,13534628
2026-03-05,356.6499938964844,362.5,351.1000061035156,360.3500061035156,12170764
2026-03-06,362.04998779296875,362.04998779296875,351.20001220703125,352.75,10536915
2026-03-09,341.3500061035156,341.45001220703125,322.79998779296875,331.1499938964844,34756111
2026-03-10,336.5,342.20001220703125,324.3500061035156,325.8999938964844,15916729
2026-03-11,326.0,328.8999938964844,322.75,325.04998779296875,13909498
2026-03-12,318.70001220703125,330.3500061035156,314.0,326.3500061035156,11176171
2026-03-13,323.6499938964844,325.3500061035156,318.1499938964844,319.29998779296875,7556076
2026-03-16,314.8999938964844,318.45001220703125,301.1000061035156,304.95001220703125,18589204
2026-03-17,305.29998779296875,305.8999938964844,298.1499938964844,300.04998779296875,16467622
2026-03-18,300.79998779296875,307.45001220703125,299.6000061035156,303.70001220703125,9223774
2026-03-19,298.0,298.0,284.3999938964844,286.0,15494502
2026-03-20,288.5,295.8500061035156,286.95001220703125,287.79998779296875,16601274
2026-03-23,280.04998779296875,281.0,270.0,271.29998779296875,14357554
2026-03-24,280.0,283.0,270.70001220703125,282.25,19542984
2026-03-25,288.20001220703125,289.75,281.79998779296875,284.54998779296875,18451485
2026-03-27,290.0,298.5,280.79998779296875,282.70001220703125,29524543
2026-03-30,274.95001220703125,285.25,273.1000061035156,281.0,14757987
2026-04-01,292.0,292.0,280.1000061035156,281.25,16919233
2026-04-02,275.29998779296875,281.1499938964844,266.6000061035156,278.1499938964844,13404373
2026-04-06,277.75,279.95001220703125,272.1499938964844,278.70001220703125,11923889
2026-04-07,273.20001220703125,278.25,271.0,277.45001220703125,14410706
2026-04-08,293.5,301.5,292.1499938964844,298.1000061035156,26646510
2026-04-09,296.0,299.70001220703125,293.0,297.3500061035156,17580272
2026-04-10,297.3999938964844,303.20001220703125,296.20001220703125,299.3500061035156,13853270
2026-04-13,284.25,294.0,284.25,292.95001220703125,13454302
2026-04-15,300.6000061035156,311.45001220703125,299.0,310.45001220703125,26146547
2026-04-16,314.8999938964844,314.8999938964844,307.25,307.95001220703125,14067180
2026-04-17,308.79998779296875,313.70001220703125,306.25,312.1000061035156,10758881
2026-04-20,312.1000061035156,319.0,307.0,316.04998779296875,14504057
2026-04-21,316.04998779296875,320.1000061035156,315.1000061035156,318.04998779296875,9935289
2026-04-22,317.0,317.0,313.0,314.3999938964844,7456858
2026-04-23,312.0,313.75,308.3999938964844,309.79998779296875,8518111
2026-04-24,309.0,310.75,300.1499938964844,308.1000061035156,10531252
2026-04-27,308.29998779296875,315.1000061035156,306.70001220703125,312.6499938964844,5296412
2026-04-28,308.70001220703125,313.1000061035156,305.1499938964844,307.75,14434171
2026-04-29,308.3999938964844,310.8999938964844,303.1499938964844,303.8999938964844,16918034
2026-04-30,300.04998779296875,302.3500061035156,295.54998779296875,300.45001220703125,13025294
2026-05-04,302.5,305.8999938964844,300.1000061035156,301.70001220703125,9009471
2026-05-05,300.25,300.45001220703125,293.29998779296875,298.5,12433693
2026-05-06,304.70001220703125,316.6000061035156,301.8500061035156,314.04998779296875,16983058
2026-05-07,315.70001220703125,316.95001220703125,305.1000061035156,307.6000061035156,17998452
2026-05-08,306.0,306.3500061035156,301.3999938964844,302.75,11782486
2026-05-11,298.75,299.3999938964844,293.75,294.45001220703125,10388130
2026-05-12,286.0,293.70001220703125,286.0,287.8500061035156,10652991
2026-05-13,288.54998779296875,299.0,288.54998779296875,297.1000061035156,12403055
2026-05-14,301.1000061035156,301.1000061035156,291.1499938964844,295.0,11845204
2026-05-15,293.0,294.6499938964844,283.5,284.45001220703125,14828416
2026-05-18,282.0,282.5,276.6000061035156,280.79998779296875,8613476
2026-05-19,282.0,289.79998779296875,282.0,286.45001220703125,6955573
2026-05-20,281.8500061035156,294.75,280.04998779296875,293.75,10290169
2026-05-21,295.0,298.5,294.75,296.3999938964844,10786772
2026-05-22,297.0,297.70001220703125,291.6000061035156,295.6000061035156,5366953
2026-05-25,305.0,309.0,304.04998779296875,308.25,14530864
2026-05-26,308.25,308.29998779296875,302.1000061035156,304.6000061035156,8611871
2026-05-27,305.5,308.45001220703125,302.1499938964844,307.1499938964844,5948761
2026-05-29,310.6000061035156,312.0,290.0,298.1000061035156,26387806
2026-06-01,298.75,300.3500061035156,295.6499938964844,296.8500061035156,7741307
2026-06-02,294.0,297.45001220703125,291.0,294.3999938964844,8495475
2026-06-03,294.0,294.25,290.1499938964844,292.1000061035156,6711789
2026-06-04,290.1000061035156,296.20001220703125,290.1000061035156,295.1499938964844,8514225
2026-06-05,295.0,295.8999938964844,291.75,295.0,5528678
2026-06-08,291.3999938964844,292.3999938964844,283.8999938964844,285.1499938964844,5454197
2026-06-09,288.75,290.1499938964844,285.25,289.1000061035156,5025923
2026-06-10,289.0,290.20001220703125,286.29998779296875,288.0,6874985
2026-06-11,285.0,287.3999938964844,280.25,286.3500061035156,12991146
2026-06-12,293.1000061035156,303.79998779296875,292.54998779296875,302.3500061035156,11278769
2026-06-15,315.0,316.75,308.75,310.6000061035156,15261091
2026-06-16,314.0,314.0,309.5,312.1000061035156,8875346
2026-06-17,316.0,319.5,315.29998779296875,317.95001220703125,14716072
2026-06-18,319.0,321.6000061035156,314.3999938964844,316.29998779296875,7174272
2026-06-19,315.0,315.0,305.1000061035156,306.6000061035156,11322845
2026-06-22,311.75,311.79998779296875,306.79998779296875,308.6000061035156,5440551
2026-06-23,309.04998779296875,313.3500061035156,307.5,308.54998779296875,6611723
2026-06-24,308.8500061035156,316.79998779296875,308.20001220703125,315.70001220703125,7690718
2026-06-25,319.95001220703125,320.8500061035156,309.0,309.75,9118712
2026-06-29,308.70001220703125,309.0,299.75,300.79998779296875,11893768
2026-06-30,301.20001220703125,304.45001220703125,299.8999938964844,303.54998779296875,4259519
2026-07-01,305.20001220703125,306.5,301.1499938964844,304.20001220703125,4919350
2026-07-02,305.0,314.5,304.79998779296875,310.45001220703125,7323630
2026-07-03,313.6000061035156,313.6000061035156,306.70001220703125,308.1499938964844,3035350
2026-07-06,308.1499938964844,310.8999938964844,306.04998779296875,308.1499938964844,2818204
2026-07-07,309.5,315.8500061035156,307.75,313.95001220703125,6889552
2026-07-08,306.95001220703125,307.8500061035156,299.3999938964844,303.54998779296875,15951234
2026-07-09,303.54998779296875,309.1000061035156,299.75,308.20001220703125,5543009
2026-07-10,312.0,313.75,309.1000061035156,309.75,3799709
2026-07-13,304.79998779296875,309.1499938964844,302.1499938964844,307.54998779296875,5543349
2026-07-14,302.95001220703125,307.20001220703125,302.04998779296875,305.3500061035156,9995741
2026-07-15,306.0,311.1499938964844,306.0,309.6000061035156,9056446
2026-07-16,312.04998779296875,318.25,310.29998779296875,312.0,7899255
2026-07-17,311.6000061035156,316.0,310.3999938964844,315.54998779296875,5658733
2026-07-20,311.0,320.25,309.0,317.6000061035156,11702075
2026-07-21,317.6000061035156,321.8999938964844,317.0,319.3500061035156,6264859
2026-07-22,317.5,321.70001220703125,308.1000061035156,314.0,9784696
2026-07-23,305.3999938964844,317.0,305.1000061035156,309.8500061035156,11432842
2026-07-24,306.8999938964844,311.79998779296875,305.5,310.1499938964844,5796307
2026-07-27,315.20001220703125,318.54998779296875,313.20001220703125,316.25,5954256
2026-07-28,317.5,321.29998779296875,315.75,320.04998779296875,5455392
2026-07-29,320.0,320.04998779296875,315.79998779296875,317.3999938964844,5132678
2026-07-30,315.3999938964844,318.3500061035156,312.8500061035156,315.79998779296875,6601344
2026-07-31,316.04998779296875,320.3999938964844,314.3999938964844,319.75,5111067
2026-08-03,324.75,329.95001220703125,322.0,329.95001220703125,5844038
2026-08-04,328.54998779296875,328.54998779296875,320.6499938964844,324.0,5331584
2026-08-05,327.5,328.1499938964844,324.45001220703125,326.25,2974415
2026-08-06,326.5,327.0,322.70001220703125,323.70001220703125,3694266
2026-08-07,320.8999938964844,323.54998779296875,317.1000061035156,321.0,5431740
2026-08-10,320.20001220703125,320.95001220703125,316.25,318.5,3056257
2026-08-11,316.95001220703125,318.95001220703125,314.8999938964844,317.79998779296875,2733485
2026-08-12,317.0,318.5,311.5,317.0,6726295
2026-08-13,316.6499938964844,316.6499938964844,310.6499938964844,315.0,4751186
2026-08-14,314.8500061035156,319.45001220703125,314.04998779296875,319.45001220703125,8035947
2026-08-17,319.0,319.75,314.1499938964844,316.6499938964844,4738730
2026-08-18,315.29998779296875,317.1499938964844,310.29998779296875,310.29998779296875,5279469
2026-08-19,310.29998779296875,311.8500061035156,304.70001220703125,307.0,4757433
2026-08-20,307.5,311.0,304.79998779296875,308.70001220703125,5132147
2026-08-21,308.70001220703125,314.20001220703125,307.20001220703125,311.0,4998491
2026-08-24,311.1499938964844,316.1000061035156,310.0,311.8999938964844,4311364
2026-08-25,312.04998779296875,319.75,311.1000061035156,318.1000061035156,6592471
2026-08-26,320.25,326.3500061035156,318.0,318.0,3340608
2026-08-27,319.1499938964844,320.8500061035156,315.0,318.0,4497571
2026-08-28,318.0,319.8999938964844,316.0,319.25,4733069
2026-08-31,315.0,324.04998779296875,310.79998779296875,324.04998779296875,8129191
2026-09-01,317.3500061035156,319.70001220703125,313.0,317.6499938964844,6048491
2026-09-02,312.1000061035156,319.6000061035156,312.1000061035156,319.6000061035156,8277464
2026-09-03,318.3999938964844,321.95001220703125,317.20001220703125,320.04998779296875,4704414
2026-09-04,319.3999938964844,320.6499938964844,315.70001220703125,315.70001220703125,1834819
2026-09-07,314.8999938964844,316.70001220703125,311.20001220703125,312.8999938964844,2363459
2026-09-08,311.1000061035156,314.25,301.3999938964844,303.8500061035156,4641011
2026-09-09,300.1499938964844,306.5,298.6499938964844,303.54998779296875,4492551
2026-09-10,302.95001220703125,306.1000061035156,301.75,303.0,3231631
2026-09-11,299.3999938964844,306.45001220703125,296.0,304.5,4137678
2026-09-15,304.20001220703125,308.1499938964844,298.6499938964844,298.6499938964844,3512731
2026-09-16,301.0,304.0,298.1000061035156,303.3500061035156,4428358
2026-09-17,304.54998779296875,308.0,303.1499938964844,307.0,3005596
2026-09-18,308.54998779296875,314.20001220703125,308.25,314.0,9439555
2026-09-21,313.0,315.95001220703125,310.8500061035156,312.75,3153498
2026-09-22,315.0,318.20001220703125,308.1499938964844,313.6000061035156,10959640
2026-09-23,314.6499938964844,315.8999938964844,312.54998779296875,315.75,2065484
2026-09-24,312.3999938964844,313.95001220703125,306.70001220703125,307.1000061035156,3225066
2026-09-25,308.1000061035156,309.3999938964844,305.79998779296875,308.5,1893466
2026-09-28,306.95001220703125,308.5,301.0,302.25,2813265
2026-09-29,302.25,303.45001220703125,296.5,299.3500061035156,4538466
2026-09-30,301.95001220703125,308.25,301.1000061035156,303.20001220703125,5525502
