Date,open,high,low,close,volume
2021-01-01,84.16510578859771,84.69347253046065,83.94755026570772,84.134033203125,6995084
2021-01-04,85.06645634841642,85.62589579375499,84.41377067224263,85.31509399414062,11669647
2021-01-05,85.00427392886456,85.00427392886456,83.54350199059951,84.00970458984375,12371842
2021-01-06,84.16511880604915,85.3461712690827,83.17055879419307,83.97864532470703,14133415
2021-01-07,84.848876953125,85.47048044728709,84.22727345896291,84.848876953125,17298525
2021-01-08,85.22185666865437,87.61502481845874,85.22185666865437,86.83802032470703,27964099
2021-01-11,87.33528502977079,88.88929366019376,87.21096623632015,88.08120727539062,24790683
2021-01-12,88.57849156797096,91.71759088543311,88.08120691130793,91.15814208984375,28433070
2021-01-13,92.30812656610588,92.49460952685926,89.20010883660737,90.62979888916016,21154236
2021-01-14,91.12706950529649,92.12162933370661,90.03926346849684,91.15814208984375,14755992
2021-01-15,91.25141056282544,91.74869534082185,88.4852764341756,89.04471588134766,10647008
2021-01-18,89.07578780989743,89.44874423721475,84.91104605289256,86.2164077758789,17085592
2021-01-19,87.55284962062782,88.2055256544061,86.77584530906711,87.0866470336914,8951075
2021-01-20,87.33529800576792,88.23662124834576,86.18532765442966,87.95690155029297,11820498
2021-01-21,88.26769547302244,88.36093220244283,84.87995835361157,85.37724304199219,10828875
2021-01-22,85.3772368897307,85.65695654275186,82.36245639016221,82.79757690429688,14810848
2021-01-25,83.85431837211654,84.22728431063258,81.33683148434554,81.95843505859375,10157077
2021-01-27,82.0516641473615,82.39354797829223,80.00037064669408,80.28009033203125,11638766
2021-01-28,79.56525637920353,80.77738143487193,79.44093756309456,79.6895751953125,11970139
2021-01-29,80.34225080164695,80.59088840281117,77.85583685033873,78.25988006591797,15268785
2021-02-01,78.57069082555087,80.65306180022483,78.22880697103267,80.18685913085938,12808349
2021-02-02,81.43006359281995,82.58003393370836,80.59089502136978,81.58546447753906,15485139
2021-02-03,81.58547239876836,85.78129669356217,81.58547239876836,85.31509399414062,25483402
2021-02-04,85.71911313553181,89.66629889108137,85.03535502211273,89.26226043701172,30751754
2021-02-05,89.57307561828108,89.69739443167138,86.62045874690362,87.55286407470703,19930467
2021-02-08,87.67718953351638,88.51634870119233,87.21098683427924,87.98799133300781,11810439
2021-02-09,87.95688871592552,89.16901355389676,86.21639714823849,86.55828094482422,8579689
2021-02-10,86.96231799788988,87.36636592732907,85.03535301296552,85.96775817871094,8709612
2021-02-11,85.96776412954839,86.7136864167956,84.53807421278997,85.25291442871094,14150298
2021-02-12,84.84887506763,85.15967680780447,82.51786201632149,83.20162963867188,16453706
2021-02-15,83.6056696237373,83.82323463977312,82.05166089467154,82.20706176757812,10557047
2021-02-16,82.23815727766046,84.16512272563702,82.23815727766046,83.13948059082031,11735144
2021-02-17,82.85976651774246,84.38269352789193,82.61111937256537,84.04080963134766,8950258
2021-02-18,83.91646540583311,87.77040488304374,83.32594402773819,86.99340057373047,22069738
2021-02-19,86.99340146551698,89.01361269044106,85.31507403717863,86.55828094482422,22944780
2021-02-22,86.30965442649268,86.6515287820079,83.97864117570427,84.6934814453125,20401387
2021-02-23,85.53264897706005,86.15425250309997,84.66239834965391,85.09751892089844,19178437
2021-02-24,86.9934106092855,90.13251027802065,86.71369092264746,89.7595443725586,38775957
2021-02-25,91.31352913852702,98.0268472756115,90.5986890735931,97.03228759765625,85580477
2021-02-26,97.0633949820614,101.3213832884576,93.55133855774766,94.60806274414062,94115857
2021-03-01,96.6593516997015,97.65392117032135,95.54046341648353,95.94451141357422,22306110
2021-03-02,95.94451197999929,97.06339078490534,94.79454161561338,95.3539810180664,17565134
2021-03-03,96.34854109618593,97.77823102233846,95.60261880403748,96.286376953125,17610904
2021-03-04,95.7269566950457,96.28639615449093,94.29726648378536,94.51483154296875,17162557
2021-03-05,94.48373287930612,94.91885343637219,93.05404291901746,93.9242935180664,17323282
2021-03-08,95.66476520001369,96.97013621222142,94.70128746019664,95.19856262207031,18727656
2021-03-09,96.31746800362114,96.31746800362114,92.30812701026,94.29725646972656,14621175
2021-03-10,95.13641821083789,95.26073701468937,92.86755972965217,93.83104705810547,10788943
2021-03-12,94.48374355987853,95.10534713593037,92.61893283172304,93.55133819580078,14835735
2021-03-15,94.1621373944122,94.90155236430093,93.06909984203153,94.45146942138672,15783310
2021-03-16,94.51577211097549,95.19088673108277,92.97266138860917,93.67991638183594,11857531
2021-03-17,93.26200007514474,93.51918194359787,89.693545237916,89.91858673095703,15554810
2021-03-18,90.97946830052054,91.14020941059213,87.57175480483106,88.11827850341797,14401450
2021-03-19,87.44317131141733,90.0150292911649,85.8357600740751,87.63606262207031,33294812
2021-03-22,88.47191292548848,88.47191292548848,86.99309271693127,87.21812438964844,11414253
2021-03-23,87.18600191796877,87.86110688560227,86.22155503750832,86.9609603881836,8887103
2021-03-24,86.09293089894592,86.89663641447328,84.90345262248046,85.06419372558594,10865477
2021-03-25,84.87131969579623,85.57858461760533,81.68864716937594,82.36376190185547,18629600
2021-03-26,83.0067114510469,83.84255735747014,82.74951979372864,83.32819366455078,9505615
2021-03-30,84.22834557422227,86.44657103366163,83.68182185035118,85.48212432861328,20582346
2021-03-31,85.51429233988925,85.51429233988925,83.58539852771129,83.81044006347656,14900610
2021-04-01,84.5176773837428,85.12849166636836,83.97116347228169,84.9677505493164,6226087
2021-04-05,84.80700656037222,84.93560729834621,82.33159932811456,83.456787109375,9012457
2021-04-06,84.1318993042094,84.77486373202647,83.13530247892119,83.77826690673828,6689423
2021-04-07,83.77827717259792,84.6784235574988,83.42464473179409,84.38909149169922,5657926
2021-04-08,84.42123906811784,85.99650009840268,84.35693869510236,84.64627075195312,9330363
2021-04-09,84.64627047440102,84.83916178195554,82.91026832812923,83.26390075683594,10149401
2021-04-12,82.29945820896563,82.49234952631488,79.47041335194645,80.17767333984375,11334755
2021-04-13,80.24196183233067,82.58877804842061,80.24196183233067,82.26729583740234,7809483
2021-04-15,82.26729852425345,84.09975111124889,81.6243340812177,82.46018981933594,8924391
2021-04-16,82.84597996619486,83.5532350315303,81.7207871828198,82.20301055908203,10358366
2021-04-19,80.75632958870442,81.01351633593607,79.34180983707402,80.11336517333984,7131534
2021-04-20,80.37054682352456,81.17425229175981,79.75973262983733,80.04906463623047,7738871
2021-04-22,80.14553079356216,80.6920496708043,79.7276028619899,80.40271759033203,8514980
2021-04-23,80.33840977389909,81.81723003933598,79.88833660029466,81.10997009277344,8992991
2021-04-26,82.1387251278427,82.29946627290697,81.33501940252134,81.62435150146484,4967884
2021-04-27,81.65648408777574,82.23515306633404,81.39929733003544,81.97796630859375,3982954
2021-04-28,82.29946650048637,83.23176318226501,81.97798420946884,82.6209487915039,6206074
2021-04-29,83.42464166274918,83.61753296980604,82.07441722964035,82.33160400390625,8345584
2021-04-30,81.91368192732588,86.54302947665084,81.6564951347917,85.54643249511719,27396950
2021-05-03,85.51428203067479,85.80361410544866,84.3569439207192,84.99990844726562,10262391
2021-05-04,85.22494003941044,87.31457450754341,85.03204874171868,85.38568115234375,9926789
2021-05-05,85.51426940364547,86.47871605105502,85.1927871878423,85.61071014404297,4877341
2021-05-06,86.28582287283275,87.08952839476834,85.99649084710762,86.54301452636719,7632817
2021-05-07,87.05738634673753,88.72909791291887,86.80020448002932,87.98969268798828,12644960
2021-05-10,88.15044041597858,95.48023208612494,88.15044041597858,94.54793548583984,45098431
2021-05-11,94.16213005183675,100.78466502694299,93.32627440842103,100.10955047607422,66582000
2021-05-12,100.2381640129938,102.6814311333562,97.60201538672538,98.69505310058594,42959024
2021-05-14,100.27029688868981,100.27029688868981,93.93710339283228,94.38717651367188,23140309
2021-05-17,94.51578272801824,95.89815249663512,92.58688920295664,95.25518798828125,17076463
2021-05-18,95.86600153815847,96.31607468215488,93.93710822600929,94.16213989257812,10295029
2021-05-19,94.16215608672076,98.05209356405707,93.29415983348962,97.63417053222656,23999878
2021-05-20,97.98777895114281,97.98777895114281,93.9049605511796,94.29073333740234,22983457
2021-05-21,94.51576485873855,96.1874761887465,94.41932412506262,94.64435577392578,13009821
2021-05-24,95.223055328737,96.28394292915475,93.64778430691712,95.73741912841797,14192862
2021-05-25,96.31607751330696,96.44466844239169,94.58007544351571,94.80510711669922,10434892
2021-05-26,95.0301456220505,95.15873654710457,93.35843416377139,93.67991638183594,9948786
2021-05-27,93.71206129926766,94.06569368143653,92.65117396361921,92.94050598144531,24064196
2021-05-28,93.6156235236511,95.67310770651913,93.06909984203153,94.45146942138672,16465504
2021-05-31,94.54792784639908,95.41592399962309,93.26199889863672,94.96585083007812,11767444
2021-06-01,95.51237987377313,96.05889382047744,94.45148254630037,94.90156555175781,9307143
2021-06-02,94.83725788314449,96.38036866334016,94.51577565303214,95.86600494384766,10714318
2021-06-03,96.44466894980324,96.70185080932576,95.54452263061538,95.83385467529297,9282774
2021-06-04,95.8017004828395,99.273704495458,95.28732697445118,98.43785858154297,29422387
2021-06-07,100.30243945312499,102.13489179055392,99.94880709544569,100.46318054199219,31071589
2021-06-08,101.20259837409964,101.2668987420889,98.24496785290941,100.30245208740234,12874065
2021-06-09,100.94540626527464,103.77444557384372,99.78806843509359,100.55962371826172,30443113
2021-06-10,101.00972212034726,102.070609571073,100.14171616185587,100.62393951416016,11459484
2021-06-11,100.94544004698187,106.08915673727395,100.7203985174372,104.57818603515625,61728565
2021-06-14,105.44617904040942,105.44617904040942,100.01313092397491,102.4563980102539,30836595
2021-06-15,103.58157999176473,104.06380334403391,100.78468062425976,101.04186248779297,30153988
2021-06-16,101.1383026353535,102.1027492406286,99.56304180890915,100.01311492919922,14098443
2021-06-17,99.65949431679033,99.91667618423185,97.34481826637919,97.82704162597656,15784276
2021-06-18,98.37356680462808,98.88794035793529,93.2941512665107,94.12999725341797,24823176
2021-06-21,93.87281069998014,95.15873961367849,92.2653995578572,94.8372573852539,15038290
2021-06-22,95.73740135084675,96.12318393983173,95.030146352186,95.60881042480469,12494441
2021-06-23,96.34823819358061,96.83046158832154,95.25519065014646,95.44808197021484,7983220
2021-06-24,95.4480764178741,95.86600922218726,93.87281538219412,94.12999725341797,12929173
2021-06-25,94.35503181008731,95.96244291417739,94.35503181008731,95.64096069335938,7400514
2021-06-28,94.58006522176115,95.80169363232683,94.51576485873855,94.64435577392578,8217659
2021-06-29,94.58007484233768,95.09443855540711,92.55473093140571,92.90836334228516,21576435
2021-06-30,93.6156285087978,94.77295667832502,93.29414628151602,94.29073333740234,12919448
2021-07-01,94.2585901757392,94.70866331845134,93.55132537229247,93.64776611328125,5668038
2021-07-02,94.51576998240046,95.57665735377789,93.90495574400562,94.9336929321289,20805994
2021-07-05,95.15873498016967,96.76614604402388,94.90155313429642,96.38036346435547,10401054
2021-07-06,96.47681871239112,96.89474168499947,94.45147478680079,94.8372573852539,9579038
2021-07-07,94.83724984195702,95.64095534909224,94.22643561870589,94.86940002441406,6067804
2021-07-08,94.5157697628706,95.25517492170613,93.4227322107778,94.0335464477539,12349670
2021-07-09,94.03355916931025,94.83726480323598,93.64777654068199,94.32289123535156,4963821
2021-07-12,94.38718893550133,95.06230361103833,93.93711575542984,94.12999725341797,4010172
2021-07-13,94.51577290966448,95.48021957200798,94.29073143077413,95.22303771972656,5717442
2021-07-14,95.12659704878244,96.05889362372359,94.6765238551067,95.25518798828125,7216739
2021-07-15,95.15874705680628,95.41592893531859,93.64777654068199,94.32289123535156,7257500
2021-07-16,94.35503623896804,95.19089201450042,93.42273971700699,93.58348083496094,10819800
2021-07-19,93.22984548429095,94.1299917922095,92.58688103267515,92.87621307373047,5158738
2021-07-20,92.90835511101116,93.26198749056033,91.1080528421902,91.87960815429688,6271740
2021-07-22,92.58689880554365,93.48704528625322,92.10467537426477,93.03697204589844,4772582
2021-07-23,93.0369568776435,93.22984818087923,92.16896072937153,92.65118408203125,3419739
2021-07-26,92.5868911743164,93.5513379573822,92.10466778278351,92.5868911743164,4423596
2021-07-27,92.90838085124227,93.39060428126602,91.3652697995106,91.59030151367188,4245486
2021-07-28,92.23326640258247,92.77979021615678,90.69015534557155,92.61904907226562,8834228
2021-07-29,92.61903834088706,93.0048111550115,91.23665877707698,91.39739990234375,8237916
2021-07-30,91.49384583420289,93.16554756586925,90.81873118007299,92.13681030273438,9526451
2021-08-02,92.77975938028675,93.16553211089534,92.00820410821198,92.52256774902344,6164197
2021-08-03,92.52257815260357,93.06910184599086,91.94391408619477,92.74761962890625,5648929
2021-08-04,92.68333956745509,94.74083405626695,92.68333956745509,93.03697204589844,8839351
2021-08-05,93.22984824821859,93.80851234748454,91.4295457681501,93.51918029785156,6237158
2021-08-06,93.61562867303313,95.44807148523864,93.39058718919748,93.9371109008789,10812438
2021-08-09,94.83727473447043,95.06231625987961,91.52601110028918,92.10467529296875,12986298
2021-08-10,92.39399692335698,92.7476293614304,90.49725360569379,91.42955017089844,14022502
2021-08-11,91.87962619602925,92.8119326008722,90.75443828342846,92.55474090576172,8356558
2021-08-12,92.61903874473144,94.32289075564464,92.39399724403285,92.84407043457031,7685737
2021-08-13,93.26198788162644,94.06569337903643,92.07249982111641,92.42613220214844,9455100
2021-08-16,92.45828703331637,92.6833186973916,91.14020798911511,91.30094909667969,5259207
2021-08-17,91.3652513556072,91.65458339304183,88.21471969560005,89.53279876708984,13714266
2021-08-18,89.53281149600535,90.17577603098565,88.72910582728,88.95414733886719,7654460
2021-08-20,88.40760252251629,88.76123489477793,86.80019156756144,87.18597412109375,8877297
2021-08-23,87.63606202997128,87.70035259251483,85.35353612619491,86.12509155273438,7768805
2021-08-24,86.38228365806116,88.02183526840571,86.15724216090898,87.57176208496094,7452062
2021-08-25,87.76465659648906,89.46850864269963,87.76465659648906,89.27562713623047,7817617
2021-08-26,89.27561909080167,89.62924169470033,87.66820794268395,88.27902221679688,6845692
2021-08-27,88.66476996970367,89.56492584498949,88.11825622017727,89.08270263671875,4418540
2021-08-30,89.11487448497643,92.55472832067902,89.11487448497643,92.32969665527344,11333690
2021-08-31,92.32968969059799,93.96924102508679,92.10464823130921,93.77635955810547,14301855
2021-09-01,94.25857437471308,94.29071474241569,92.52256284106154,92.7154541015625,8415876
2021-09-02,94.75824723091871,94.75824723091871,93.04495087535358,93.30854034423828,7787657
2021-09-03,93.5062099176147,96.9657421458232,93.4073701616295,96.43858337402344,12734022
2021-09-06,97.39407121654683,97.42702115351157,95.08771639774116,96.43858337402344,9712271
2021-09-07,96.8668980570855,97.59175641825162,95.91141025730005,96.99868774414062,9475870
2021-09-08,97.0975661886166,98.74496289996122,96.40565755886954,98.28368377685547,7873034
2021-09-09,98.28368007448626,99.469807672955,97.52588163777881,97.9542007446289,9519564
2021-09-13,98.58022188114273,102.73165349304796,98.38253226750167,101.87501525878906,35672746
2021-09-14,102.36921654908471,102.468056311344,101.05129942610924,101.94088745117188,8804432
2021-09-15,102.46807485722066,106.916045952309,101.64437650627836,106.12529754638672,24591822
2021-09-16,106.85014766101956,107.41026657000573,103.81894371714431,106.9489974975586,18440504
2021-09-17,107.2125636020556,107.60794278915697,102.4021637485709,103.2588119506836,17317065
2021-09-20,102.73163963463959,103.81892733553558,100.68887404901302,101.61141204833984,12541523
2021-09-21,102.59985007924777,104.11545684172323,101.11719325713463,103.06111907958984,13645046
2021-09-22,103.62125367797047,107.08078678963562,102.13859663011398,106.81720733642578,18861877
2021-09-23,107.90447078628122,112.022962037666,107.47615171810132,110.27672576904297,31399318
2021-09-24,110.77094299783384,111.66053106136263,107.34435028600258,109.4530258178711,17259638
2021-09-27,110.04607533082708,111.46283215893091,108.95879777018082,110.07902526855469,9099672
2021-09-28,111.0345234576669,116.17440251891482,110.80388392703702,115.02122497558594,41551332
2021-09-29,114.98827963518592,129.81484864258812,113.868051987831,122.36861419677734,100988643
2021-09-30,123.62066344893685,126.1905985088759,121.31430786261275,121.9732666015625,48957916
2021-10-01,122.17092404638868,125.1362378344555,120.19404818767747,124.34548950195312,25492957
2021-10-04,126.84954369833692,127.40966258857982,124.08191930135547,125.16919708251953,23341448
2021-10-05,125.86108180846293,131.06685028014763,125.46570266039927,130.4408416748047,42359592
2021-10-06,131.79171172037957,134.29575625404868,126.32235367300187,127.08016204833984,41926821
2021-10-07,128.33216741020257,128.4639570987435,124.70789567332908,125.66338348388672,16517664
2021-10-08,125.92698659779494,126.32235570637441,121.31427661333225,124.18074035644531,28978175
2021-10-11,126.52003532814574,131.59401390063644,126.2893958251152,129.7159881591797,34952223
2021-10-12,131.26456885748746,132.45069650884753,126.02584929013477,127.37671661376953,25216411
2021-10-13,127.83796900502821,128.20039824772556,124.77381552249038,125.2350845336914,17378156
2021-10-14,125.2021494801759,126.3882771178125,120.12816964380372,121.11660766601562,29542941
2021-10-18,121.77553934803582,123.71946501640629,120.85299136556712,122.10501861572266,15468914
2021-10-19,123.42295949594345,124.5102372670926,120.98481445570116,121.57787322998047,17403803
2021-10-20,120.39176199210543,120.85303110757151,116.89927859515484,118.94205474853516,15921230
2021-10-21,119.93044376140541,120.58940224361093,117.88766844460488,120.19402313232422,15586097
2021-10-22,120.85301773018166,121.44608657434411,115.51545846218862,115.91082763671875,13603152
2021-10-25,116.14145795314175,116.80041657982625,113.99984241641715,114.72470092773438,11744666
2021-10-26,113.99982575082089,115.97670134187558,113.17612758788142,115.35069274902344,11602891
2021-10-27,115.77901721192734,116.40502583419392,113.86804140607997,114.39521026611328,9535881
2021-10-28,113.99984640432666,113.99984640432666,109.35418591270572,109.74956512451172,24509136
2021-10-29,108.72816714985393,111.6934807993954,107.60793955989807,108.36573791503906,14826816
2021-11-01,108.72816943144903,113.30792970864013,107.93742111929329,112.51718139648438,13585170
2021-11-02,112.9784685564633,114.49407559693023,110.93570259314869,111.49581146240234,14278962
2021-11-03,110.83682755513092,112.74781340818211,110.27671881321824,111.85821533203125,8974463
2021-11-04,112.81372464215376,112.94551436791576,111.85823656173976,112.48424530029297,973260
2021-11-08,112.68193466874253,114.79060044103493,111.03453796305915,113.14320373535156,8761953
2021-11-09,113.37382770844741,113.60445718258711,111.75938116982879,112.3524398803711,5723308
2021-11-10,111.95705402853041,112.58307269722539,109.68364903377834,109.848388671875,9212143
2021-11-11,109.32120793339836,110.47438527469964,108.85993900785954,110.04606628417969,6453205
2021-11-12,111.26515749184183,111.26515749184183,109.18943198344373,110.01313018798828,7027513
2021-11-15,108.23394453021841,110.4414597496023,105.1038913398468,105.26863098144531,19400018
2021-11-16,106.09234037584876,106.52065946720307,104.51084367171349,104.807373046875,8505431
2021-11-17,104.80735177887418,104.9391414683236,102.59983677468847,102.8634262084961,7477627
2021-11-18,102.83050559480849,103.95073335692776,100.82067957914389,101.08425903320312,12981172
2021-11-22,100.29349252529731,100.75476151415367,98.25072698753056,99.20621490478516,11522286
2021-11-23,98.84380235745365,103.29177346353907,98.84380235745365,102.9293441772461,13305061
2021-11-24,104.31313270197757,106.52063764701612,102.53394676055447,104.84030151367188,18809310
2021-11-25,106.42182368173641,107.27847195145709,102.79755104861226,104.47789764404297,22402592
2021-11-26,103.950705692106,105.03798321937839,102.36920927881727,102.73162841796875,11829847
2021-11-29,102.73164106443875,103.22586001129443,100.09580668120839,101.64436340332031,18176163
2021-11-30,104.44495173504478,104.44495173504478,99.73340115192696,100.1617202758789,56643275
2021-12-01,101.21604741950937,102.96228372959915,100.52413886186436,102.50101470947266,16283427
2021-12-02,103.3905852326116,105.13683130076801,102.23740785086841,104.97209167480469,15647910
2021-12-03,104.7744120566498,105.89463960853767,104.28019313185428,105.26863098144531,20414051
2021-12-06,106.14151465999299,106.45574727630088,103.41815111171944,103.73238372802734,24185368
2021-12-07,104.81475059343906,105.40829872651028,104.15135759882432,105.19880676269531,7866368
2021-12-08,105.61777634335492,105.96692601721725,104.77981925712582,105.37336730957031,7313306
2021-12-09,105.96694792719364,107.18897203838038,105.19881422379439,106.59541320800781,9423435
2021-12-10,106.59539243970102,107.36352599344245,105.37336856660492,105.65269470214844,7419042
2021-12-13,106.7001399312187,106.7001399312187,103.31338391304578,104.04660034179688,9888293
2021-12-14,104.04661032494357,104.57033487355906,102.4754366790971,103.97677612304688,8474759
2021-12-15,104.15135774705887,105.16390046440506,103.31340054581023,103.41815185546875,5410912
2021-12-16,103.4181456376405,104.81474444082158,103.03407883572505,104.5703353881836,7539061
2021-12-17,104.11646078047112,104.32594210845689,101.95172804617584,102.26596069335938,8758284
2021-12-20,101.49782344000458,101.70730473870653,97.1683585766391,98.25072479248047,8858645
2021-12-21,99.01885581354092,101.95171112584657,98.73952966390989,101.00900268554688,8097050
2021-12-22,101.56764153724987,104.32592192590505,100.86934216517498,101.49781799316406,6798820
2021-12-23,102.12629996724061,103.31340696402404,101.95172509550174,103.13883209228516,4857807
2021-12-24,103.34831476655516,103.45305541808847,101.53273200181802,101.88188171386719,4568316
2021-12-27,101.25341677242297,102.30086591144803,100.62495155108938,101.98663330078125,3534825
2021-12-28,102.12629640757787,104.22119479542562,102.12629640757787,103.94187927246094,4907497
2021-12-29,104.2211973070083,104.2211973070083,102.16121597368955,102.47544860839844,4216568
2021-12-30,102.47543642799047,104.04661006998691,100.48527888604703,102.09136962890625,24782255
2021-12-31,101.91679909609812,103.03408243980631,101.49782583361028,101.98663330078125,5320232
2022-01-03,102.82457314201649,108.89977499288133,102.64999831495025,108.44588470458984,29486720
2022-01-04,108.93471153109681,109.38860190039487,106.3859228631238,106.83981323242188,13744440
2022-01-05,106.83981343772186,107.74760483326612,106.21134820899323,107.32862091064453,8454060
2022-01-06,107.8872789843497,108.41100363961354,106.8747467818807,107.99201965332031,12446900
2022-01-07,108.23640939638096,109.94724083321854,108.20149229456723,109.59809112548828,11679683
2022-01-10,110.1916564183381,112.4262125491436,109.66793182571786,112.21672058105469,14655298
2022-01-11,112.18180023140319,112.18180023140319,110.4011451921776,110.71537780761719,7670386
2022-01-12,112.00722320408255,112.251632264251,110.68045856226304,111.27401733398438,6334581
2022-01-13,111.27401030826636,116.23192950615756,111.02960126352961,115.0448226928711,20271714
2022-01-14,115.0448226928711,116.0224375614122,113.99737362434723,115.0448226928711,10211720
2022-01-17,115.63838258740438,115.98753228041562,113.15941763598396,114.31160736083984,8384625
2022-01-18,114.52110851304717,115.56855767627626,111.93740270812286,112.28655242919922,6574122
2022-01-19,112.42621448886779,115.11467170611809,112.28655672613365,114.45127868652344,11503199
2022-01-20,114.87026664375152,117.4888897435331,114.41637623520458,115.25433349609375,17462235
2022-01-21,114.03229839376681,114.03229839376681,109.98215959203526,110.85503387451172,14466758
2022-01-24,110.47099100914237,112.00724794831864,108.09677670816137,109.14422607421875,10854431
2022-01-25,108.23640774667398,112.84518808054916,107.74760029434258,112.53094482421875,7267866
2022-01-27,110.9597912625451,112.63571653080422,110.33132594645122,112.11199188232422,9269062
2022-01-28,112.1468981520904,115.21941153083087,112.1468981520904,112.8801040649414,10310726
2022-01-31,114.10212852127319,114.10212852127319,111.13435578975998,111.5882568359375,5811200
2022-02-01,113.12451049983413,114.1370425677116,110.75029664031426,113.85772705078125,7248713
2022-02-02,113.82280020607047,114.94008348857938,113.29907566524498,114.4163589477539,5369074
2022-02-03,113.89262204493618,114.62582779834669,112.14687376500278,112.63568115234375,4654885
2022-02-04,112.63569324861757,113.68314232906621,111.72790191452148,112.00721740722656,6402287
2022-02-07,112.18177395618017,113.82278150996883,111.48347468311287,112.39126586914062,5871041
2022-02-08,113.01975305156147,113.47364336293225,110.57570534835985,111.69297790527344,14158927
2022-02-09,112.07705455152647,118.25700855056112,111.72790484887373,117.73328399658203,35079516
2022-02-10,118.01258725226033,118.92037851601047,115.21938992084588,117.34920501708984,17724098
2022-02-11,117.27940075130303,118.22210935331454,115.35907709589102,116.2668685913086,10097767
2022-02-14,115.9875452031181,116.09228586060989,112.5309543330298,112.8801040649414,9478670
2022-02-15,113.64823003867798,115.114663075452,111.62316599285053,114.27669525146484,16850616
2022-02-16,115.3939738285469,115.91769836937237,113.68314245955762,114.4163589477539,10653203
2022-02-17,115.0099168771239,115.56855856618857,113.61331798206422,113.85772705078125,6906440
2022-02-18,113.82282557927533,117.48889818228879,113.54351002398505,116.82551574707031,23740696
2022-02-21,117.4373534866581,117.68929214457268,115.06198206500537,116.03372192382812,14870901
2022-02-22,114.81003334126652,115.63781288733313,111.93078485621908,115.09795379638672,11654816
2022-02-23,115.42187436568561,116.82550576079876,113.87427176413134,114.09021759033203,7627472
2022-02-24,110.85104980468749,112.86652563419193,107.25198974609374,107.9718017578125,12115340
2022-02-25,109.591389074016,118.69700748382584,109.591389074016,117.65328216552734,17079977
2022-02-28,116.93345144678388,122.33204118101636,115.56581310749523,122.04412078857422,20872239
2022-03-02,123.08786213717337,133.63310441226636,123.08786213717337,133.02127075195312,72648396
2022-03-03,136.47633768410432,142.34280014894583,134.49685500188133,136.00845336914062,74050073
2022-03-04,136.0084678601687,137.4840845771916,129.92605898525173,130.2859649658203,36095156
2022-03-07,133.84903873543496,138.2039035169043,130.78983774612848,135.82852172851562,41642776
2022-03-08,136.04445264951153,137.9879426335272,134.31690843782167,136.1524200439453,22940456
2022-03-09,136.76431092974056,137.1962026207982,133.59714180685768,134.35293579101562,13870658
2022-03-10,132.4454168079636,132.4454168079636,127.44272527196354,128.81036376953125,30890343
2022-03-11,130.2859923560813,131.36571052477808,129.02632115926835,130.8258514404297,14663558
2022-03-14,130.2859887009665,131.11376821369325,128.01858500369866,129.818115234375,8306420
2022-03-15,129.49418997694306,129.56617557898235,123.4477728433082,124.45550537109375,14074860
2022-03-16,124.52748471145189,127.98258474984895,124.45549911303227,127.33474731445312,11846738
2022-03-17,128.84636210337413,129.56617418216393,126.32701982760983,127.08282470703125,20052773
2022-03-21,128.01857925264213,134.13698176208095,127.76664063828107,131.22174072265625,20271556
2022-03-22,132.19348916679925,133.74109178820942,129.92608542125325,131.97755432128906,12372751
2022-03-23,131.43768345700042,132.62536893467313,129.06230151819483,131.7615966796875,13731315
2022-03-24,132.22947404739188,135.68457415356465,131.941553614986,134.8927764892578,16323203
2022-03-25,134.8927781586297,135.97249626870453,132.87731313992518,133.95703125,10044811
2022-03-28,133.95703462214252,139.42759992749083,133.52514297385622,137.6640625,19132062
2022-03-29,138.20391255040323,138.34787276261787,133.52513426093645,133.88504028320312,10622472
2022-03-30,135.28866302129356,135.28866302129356,131.00578382374755,131.6536102294922,10298319
2022-03-31,132.55338333698262,133.09324236928114,130.75385322932084,131.7615966796875,9435203
2022-04-01,132.30145971233657,134.7848091393059,131.94155367992187,133.99301147460938,13505929
2022-04-04,133.52513721938456,136.04447943107107,132.87731075833506,135.14471435546875,9490374
2022-04-05,135.3246711483169,136.0084904281721,134.49689164903862,135.252685546875,7637664
2022-04-06,135.82854449756223,141.80298727487087,135.54062404368813,139.53558349609375,46157039
2022-04-07,140.36333916540383,141.83895595332174,136.69229359384798,137.30413818359375,21712301
2022-04-08,140.14741138958283,143.0986453448764,138.45585957222352,140.03944396972656,20151959
2022-04-11,140.00344002573172,142.52278213416392,139.175660583488,141.37107849121094,12393619
2022-04-12,140.9032077174033,140.9032077174033,132.66136200418845,133.88504028320312,18907630
2022-04-13,135.32468821290473,137.70007057503645,133.66911802211828,134.31695556640625,14216953
2022-04-18,134.31693515778548,137.41211823750658,132.87731103383692,136.36839294433594,13052104
2022-04-19,137.80801631046361,146.30180079174403,137.23216446735879,142.34283447265625,59341710
2022-04-20,143.92640881207572,147.95736045051632,141.8749511792208,143.3145751953125,38356653
2022-04-21,144.82618120761546,149.64891971076864,144.6822209953569,148.92910766601562,43683145
2022-04-22,148.31728350989462,150.44072698111773,144.86218327727246,145.510009765625,24007670
2022-04-25,143.71045120111054,145.54597386745397,134.4248814539031,135.6485595703125,26465084
2022-04-26,138.34785493192933,138.419840520489,135.6485601128225,137.77200317382812,20819291
2022-04-27,137.34013403262944,138.05994604434818,134.3169257801026,134.96475219726562,12214126
2022-04-28,136.04447930996426,138.56382151940804,134.71282260587412,136.94424438476562,12706800
2022-04-29,138.5637954219128,138.92370138404763,130.9337846312709,131.61761474609375,21654415
2022-05-02,131.5096708838431,135.9725037889534,128.7384008381231,135.07273864746094,21289439
2022-05-04,135.86451340061262,137.26814458739727,134.24493641967817,134.85678100585938,18239949
2022-05-05,136.40439414522294,138.16793160898348,132.94929383825595,133.77708435058594,12651103
2022-05-06,132.80532589566408,136.00848738588638,131.7616005988672,134.8927764892578,14257553
2022-05-09,133.8490472111911,133.8490472111911,130.68187861509043,131.7615966796875,10549451
2022-05-10,131.005789007696,132.33744565198234,121.50427244119243,122.40403747558594,19965511
2022-05-11,123.5917241036739,125.03134817240267,118.94893867871558,122.26007843017578,20641617
2022-05-12,120.82044252705603,122.51199405204848,118.51703545594125,120.24459075927734,10406343
2022-05-13,122.36804697355436,124.99535652989664,120.92842289151254,121.43228912353516,11590435
2022-05-16,122.00815141055821,124.38353354621704,120.82046583445931,123.59173583984375,7437937
2022-05-17,124.81538375820642,133.16520650544467,124.6354307764423,132.84129333496094,28092052
2022-05-18,134.13694789063493,134.96472715714907,130.86180164826328,133.56109619140625,15425248
2022-05-19,130.35797228138006,132.0855168826462,130.0700408588619,130.42994689941406,9396007
2022-05-20,132.80533469266075,134.49689754961028,132.1215153828054,133.84906005859375,6365038
2022-05-23,133.84904717165787,134.42489900263158,131.29371222284084,132.66136169433594,7794071
2022-05-24,132.04953824892954,134.4249205681106,130.42996089268723,131.25775146484375,8572565
2022-05-25,132.5893489585474,133.56109941088587,129.6021339855123,130.07000732421875,7926434
2022-05-26,132.40942961263306,133.8850465699075,127.9465969236616,131.9055633544922,23140556
2022-05-27,132.80530922771987,135.79252452699225,129.92606133118394,130.89781188964844,16408080
2022-05-30,132.4454135152281,135.252676038743,131.4016882684577,134.74880981445312,10577525
2022-05-31,133.88501722922214,140.5432774946539,133.3091654960607,138.85171508789062,21380248
2022-06-01,140.0034601375914,142.0189363105575,139.06770216620055,141.11917114257812,30867456
2022-06-02,141.4430697419825,143.38656010663064,139.85948540721216,142.666748046875,17646759
2022-06-03,143.96241473667513,144.68222681035851,141.22712665998617,141.802978515625,25335178
2022-06-06,141.44307187566807,141.65901769354443,139.06768984594947,140.25538635253906,22020642
2022-06-07,139.39159430904357,143.92641226522582,139.35561249454565,142.19886779785156,12961285
2022-06-08,142.52275153842413,145.36600625373654,141.4430337237391,142.27081298828125,13059792
2022-06-09,141.76700375250792,144.2503535259843,141.44309047483048,143.0626678466797,10562238
2022-06-10,142.05489580384608,143.4585269400674,141.2630982483064,142.88267517089844,6741014
2022-06-13,141.55105246443262,142.09091156762796,136.4403928775937,137.52011108398438,8516696
2022-06-14,136.11645917167542,140.00343973758692,136.11645917167542,138.34786987304688,6727598
2022-06-15,138.31187637417528,139.53556560489244,136.15244029661775,136.80027770996094,5805589
2022-06-16,137.88000356820197,138.77976865154517,128.91834553479595,129.4941864013672,14490962
2022-06-17,129.56616583752083,133.05725858819358,129.13427422467845,131.47366333007812,15215695
2022-06-20,130.93380135555128,130.93380135555128,125.78714983302045,127.29875946044922,23276003
2022-06-21,128.12654655214538,133.63310441226636,128.12654655214538,133.02127075195312,7564329
2022-06-22,132.98526212446237,132.98526212446237,128.8463432762044,129.09828186035156,6560404
2022-06-23,129.7820853586883,131.00576336929234,125.85911277316752,127.5146713256836,9304799
2022-06-24,128.59442348241342,129.85409462029557,125.8231535691491,127.08282470703125,8171322
2022-06-27,129.5661617478551,131.58163757173585,127.73063892640188,131.04177856445312,7063839
2022-06-28,130.39394520595002,134.56885718832314,130.1060247865284,134.17295837402344,9844211
2022-06-29,133.88506425263867,136.9442659895941,132.1935012517608,135.8645477294922,16856241
2022-06-30,135.39668326379413,136.04450986978893,131.40172323759188,133.59715270996094,8693744
2022-07-01,133.16523449157467,133.99301398827316,127.1188174269631,131.9055633544922,17248729
2022-07-04,131.90555077941357,133.6690880065119,128.91833533249965,131.04177856445312,8780396
2022-07-05,131.72559545031325,133.3091796470131,130.82583045406795,131.32969665527344,5313753
2022-07-06,131.36572315786228,131.61766181483762,128.12656834027115,130.7898712158203,9367397
2022-07-07,132.40942339521771,134.3169319033072,130.60989328388436,133.88504028320312,6322630
2022-07-08,134.64081757555695,138.1318986870994,134.64081757555695,136.62030029296875,14647592
2022-07-11,136.00847968524266,139.85947840552976,135.18070025134836,139.1756591796875,9048841
2022-07-12,138.7797466454119,140.57927652674906,138.27588047532927,139.571533203125,6942704
2022-07-13,139.57154810422625,141.19112517034085,138.92372167116437,139.2476348876953,7842930
2022-07-14,139.6435426076253,140.6872679201139,136.9802401257184,138.20391845703125,6795141
2022-07-15,138.9237189914808,139.57154541204682,136.33239134229726,139.21163940429688,5610793
2022-07-18,140.00344465592136,141.73098919402418,139.53557121369442,140.7952423095703,7600779
2022-07-19,140.32737649651185,143.67450958529832,139.64355715045713,142.7027587890625,9913955
2022-07-20,143.67446580094935,144.2503065589023,142.09087076620344,142.414794921875,5519522
2022-07-21,142.4147919420274,143.56648441729405,141.2990812757861,142.95465087890625,6167419
2022-07-22,142.9547030086982,143.85446823160424,141.65903889102103,141.87498474121094,4844223
2022-07-25,142.16287303335167,145.18608130116644,140.0754225821952,144.6102294921875,10207034
2022-07-26,145.00613631675495,146.33779301219852,143.63849780532126,145.61798095703125,12853314
2022-07-27,145.68993499821042,147.34550468798847,145.2580544161762,146.44573974609375,7343180
2022-07-28,146.84164965520478,147.56146166331854,144.93415222708717,146.0138702392578,5096403
2022-07-29,146.55371527309865,152.92404434749054,146.30177670089452,152.06027221679688,12477455
2022-08-01,152.96006163474956,153.82383390375963,151.01657128361188,153.1400146484375,7849924
2022-08-02,153.319982654957,156.37918418680474,152.34823189263258,154.93955993652344,12615631
2022-08-03,154.72357661009545,154.72357661009545,150.2967375065646,152.672119140625,9949919
2022-08-04,152.70813026876627,153.64388818104078,148.38925773530926,149.10906982421875,8058280
2022-08-05,149.360980644213,151.34046352022062,148.1013097231172,150.0447998046875,31999040
2022-08-08,150.8006438798299,155.58739023489807,149.03710632709223,155.0475311279297,16358151
2022-08-10,155.3714533710076,158.68258259421336,155.08352192760177,158.25070190429688,14267910
2022-08-11,164.9280660497537,165.5118844398436,159.08990441967393,159.52777099609375,28800337
2022-08-12,159.8196838590852,162.19143715836387,158.9074710516703,161.75357055664062,8861089
2022-08-16,163.76042677332885,163.76042677332885,160.87783673949897,162.665771484375,7844356
2022-08-17,163.10363608438726,163.10363608438726,160.6589015144173,161.60760498046875,6119157
2022-08-18,161.60762004209357,162.48334211721522,160.9873220092788,161.82655334472656,4233196
2022-08-19,161.7535705997564,161.7535705997564,157.41143986238626,158.4696044921875,8783707
2022-08-22,157.3384756353588,161.24273992266242,156.2073294828089,159.30885314941406,10390480
2022-08-23,158.36012774793426,163.24958568634165,158.06822413251646,162.62928771972656,9344364
2022-08-24,162.5563003108522,164.92805328957397,162.00897270037797,163.2130889892578,10825973
2022-08-25,163.2496287395351,165.767334276578,163.2496287395351,164.12535095214844,13077805
2022-08-26,166.16867075194804,169.3066848095518,165.2929487472564,167.81065368652344,12673156
2022-08-29,161.57112391936164,169.01478914842113,161.57112391936164,168.28501892089844,8757016
2022-08-30,169.16074119437002,171.8608888127538,168.46746170437297,171.3500518798828,12991363
2022-09-01,171.021641940191,172.80957661023217,167.51874293507237,168.06607055664062,9682321
2022-09-02,168.57692615591316,169.63509078132495,166.5335672481534,167.33631896972656,4599518
2022-09-05,167.8471489717645,169.5621134262921,166.75249365238344,169.01478576660156,4909470
2022-09-06,169.81752014160156,171.24056977794442,168.57691305185162,169.81752014160156,5307321
2022-09-07,169.99995250443322,174.63399736445683,169.56209710008534,174.30560302734375,12751679
2022-09-08,175.50975588066768,175.50975588066768,171.53251000151437,172.55418395996094,7677716
2022-09-09,173.32042062623458,173.6853057222898,170.29187878313994,173.39340209960938,8436280
2022-09-12,174.05021014944782,174.45158602676977,166.38762228123315,168.9418182373047,19053188
2022-09-13,169.81752650618063,171.71493351602345,168.32149534096723,168.7958526611328,9884429
2022-09-14,167.956613995518,170.6202820165048,167.51875853872443,169.27020263671875,7705022
2022-09-15,170.1094381573472,171.45950634676166,169.48912903288004,170.94866943359375,5386854
2022-09-16,170.6567620635642,170.76622313705244,167.51874804379293,168.6134033203125,8750965
2022-09-19,168.54044621208104,169.78105347773138,166.89846305993504,167.77418518066406,4011597
2022-09-20,168.57691743923203,170.62027624133495,166.89844373981146,167.73768615722656,6890375
2022-09-21,167.73767966911294,169.817517992708,165.76729128251554,168.97828674316406,5673523
2022-09-22,167.81068064219372,168.7958750153559,164.56320498813537,165.69435119628906,7677219
2022-09-23,164.19828913956317,165.6213387516909,161.27920844374873,162.62928771972656,5495315
2022-09-26,161.27920836694278,162.08196001207313,155.07616189129115,157.26547241210938,7832594
2022-09-27,157.6303612102881,160.33050868912318,155.2586080902259,156.09783935546875,5795048
2022-09-28,154.4923600614438,155.73296726228094,152.44900112955366,153.8355712890625,6134706
2022-09-29,154.5653286360588,157.01005209395422,153.72608623540654,156.09783935546875,8962595
2022-09-30,155.44103486293616,157.63034521311837,151.6827232159534,154.89370727539062,12875386
2022-10-03,155.44107065518665,159.08992207901733,154.9302336829325,156.86412048339844,11397506
2022-10-04,159.30881336612745,163.4685006648936,159.16286157475824,162.92117309570312,10862095
2022-10-06,164.19830485635958,170.83921852915867,163.94288081686338,170.40135192871094,12795784
2022-10-07,170.03647906858808,170.43785495870773,166.2416757542254,167.62823486328125,14641624
2022-10-10,165.65783661777348,169.30668764459668,165.36593298979147,167.73768615722656,10850668
2022-10-11,168.540408048564,168.540408048564,163.46850790969748,164.52667236328125,19154740
2022-10-12,164.59967211525296,170.0364579203895,164.59967211525296,169.37966918945312,9256951
2022-10-13,169.45265322178878,171.93387880280324,168.64991261193364,171.16761779785156,7231841
2022-10-14,174.37858169341519,174.37858169341519,171.75141573555717,172.48118591308594,6241886
2022-10-17,172.48121669827844,174.0867091483151,169.96350022810395,173.68533325195312,5623812
2022-10-18,174.05020495199165,176.7138619153318,172.84608849139357,176.38546752929688,6674374
2022-10-19,176.6043974395726,177.3341676769262,172.95554625280457,173.83126831054688,13886387
2022-10-20,172.95552271926059,176.96925847856832,170.47430870403377,175.87460327148438,10755972
2022-10-21,175.87462549005355,176.13004952480478,173.72180553790045,174.19615173339844,3285505
2022-10-24,175.80163873659674,176.38545713035617,175.14485000324842,175.50973510742188,730136
2022-10-25,175.5097284876667,175.8381228419547,173.64881229948904,175.1083526611328,6976548
2022-10-27,175.83812647906524,176.31248378765684,174.41507682410943,175.8016357421875,6422639
2022-10-28,176.60437580125813,180.83704488638656,175.54621131382822,178.35581970214844,14076967
2022-10-31,179.52345972929746,180.6181149715493,177.7355250607013,179.48696899414062,8365329
2022-11-01,180.2532454044427,180.2532454044427,177.51660706328215,179.26805114746094,8813106
2022-11-02,179.26801498980493,182.15061570274608,176.7138197198929,179.3774871826172,14974441
2022-11-03,178.0639110235332,180.69108793542082,175.8746006420963,179.66940307617188,6754654
2022-11-04,180.0343285347168,181.4938691164906,179.15860641273468,179.5599822998047,5511411
2022-11-07,180.47216809277674,183.42773955461826,180.07079226591273,182.11415100097656,10513106
2022-11-09,186.45631387269077,192.22149485725134,185.7630343065086,186.6752471923828,40391668
2022-11-10,188.24423758438127,190.10514274127507,183.97507733353225,185.06973266601562,20832572
2022-11-11,188.86450058833384,188.93748205544028,184.19397621414086,184.8142852783203,20165337
2022-11-14,185.76301613794985,187.0036233143189,179.70592094107718,180.39920043945312,18762693
2022-11-15,182.10840584501088,185.56567824311165,179.15614587390507,180.3603515625,20225373
2022-11-16,181.29266619632799,182.9630245233236,179.00076319938887,182.4968719482422,9764275
2022-11-17,182.38033102315438,182.38033102315438,179.46690720489312,180.55458068847656,5737884
2022-11-18,180.5934207188046,181.4480297429109,177.29154053755505,178.3403778076172,6413585
2022-11-21,177.91308681416496,179.00076033226333,176.1261844446443,178.2626953125,6430876
2022-11-22,177.56346392273244,179.2338220875759,176.86423512798885,177.9907684326172,5885877
2022-11-23,178.69000586398028,179.54461498175255,177.91309279500643,179.15615844726562,5693274
2022-11-24,179.272666597262,180.08842758111416,176.6311672592894,177.5246124267578,8198891
2022-11-25,178.41806642907625,181.5257184416341,176.98078448611923,179.7776641845703,10046363
2022-11-28,179.1173078388214,180.82651419495534,177.44693765177377,178.57347106933594,8146840
2022-11-29,178.84537220445472,179.69998125579477,175.8542642342679,176.51463317871094,6628470
2022-11-30,176.51463403409642,177.79654761731862,176.00964531797212,176.55348205566406,12154948
2022-12-01,177.44692459728785,179.00075059850667,174.72772909515493,175.6600341796875,22435771
2022-12-02,175.66003592747086,177.1361659014153,175.03850314984888,176.04849243164062,6325649
2022-12-05,176.04850702494582,180.08845263224697,175.9708109757707,179.66114807128906,8732711
2022-12-06,180.2438176048687,180.63227410832747,178.30153508757485,179.97189331054688,7394839
2022-12-07,180.36034447615873,180.36034447615873,177.6799970525697,178.49575805664062,4519547
2022-12-08,178.41806293970518,179.661128462318,177.91307423944139,179.00074768066406,3135706
2022-12-09,179.11731973921934,180.51576570705953,176.98080868841586,177.79656982421875,4197165
2022-12-12,177.40809244855592,181.56456998309085,177.21386419400517,180.55458068847656,7881379
2022-12-13,181.3314927789003,182.14725381479,179.54460232997747,179.8942108154297,4878457
2022-12-14,180.04959109862102,181.17611259862213,179.73883063474202,180.3603515625,4730078
2022-12-15,180.16610999389758,180.70995854762094,176.90307794531196,177.29153442382812,5221433
2022-12-16,177.13620267856453,178.6123329589842,173.48471315219408,174.53353881835938,7757065
2022-12-19,174.53350432707617,177.01963546242771,174.4169721165605,176.5923309326172,4073907
2022-12-20,176.28155509637375,176.28155509637375,173.52352342801163,175.6600341796875,3784271
2022-12-21,175.97080210172516,176.90309537104878,172.513541473326,173.9119873046875,3675466
2022-12-22,174.1062094918309,175.38811121060576,170.2216444594808,173.01852416992188,4755089
2022-12-23,170.92086666514822,173.17390971110618,166.41476871848027,167.0751495361328,6561011
2022-12-26,167.07513843165418,172.1639208128235,166.4536056777764,171.5035400390625,3116608
2022-12-27,172.47466772047142,173.1738846044651,170.6489176220708,171.89198303222656,2961726
2022-12-28,171.89200441493105,174.22274345784538,171.34816767586807,173.406982421875,3015714
2022-12-29,171.5424050633816,174.30044878196856,171.27048075199536,172.20277404785156,4784105
2022-12-30,172.66891008040815,175.93194223066246,172.66891008040815,174.84426879882812,4102247
2023-01-02,176.16503213748783,176.51464063516747,174.1450534879465,174.6112060546875,4210225
2023-01-03,174.8054181023841,175.38810282939204,173.25159216369622,174.106201171875,3643132
2023-01-04,174.30043275041876,174.4169649561504,168.00743283638096,168.70664978027344,9550461
2023-01-05,168.434756010922,170.06626634569005,167.19169035654883,169.48358154296875,8815728
2023-01-06,170.14396569553585,170.84318273046566,164.70557409796166,166.45362854003906,12237065
2023-01-09,167.30822410401595,169.13396259367684,166.25938678194868,166.99745178222656,6967190
2023-01-10,167.0363066958171,168.82320909188564,166.41477388134732,168.39590454101562,5400260
2023-01-11,168.82321147600035,169.75550478349467,164.86095010070883,165.79324340820312,7637956
2023-01-12,167.42476731951078,168.59013692962338,165.32710439225863,166.18170166015625,7161675
2023-01-13,166.4147695693929,167.58013912079585,165.9097808390191,167.11399841308594,3671193
2023-01-16,167.42475278977065,167.735513250264,165.05516575056603,166.06515502929688,3987352
2023-01-17,166.06515411448115,167.15282757496774,164.00633940186307,165.56016540527344,5871758
2023-01-18,166.1428480604229,168.86204353208444,165.63784750283486,168.4735870361328,6441530
2023-01-19,168.39588361539893,174.65003529709404,167.15281814092813,173.98965454101562,12938871
2023-01-20,174.68890981757932,178.10732260884694,173.0573876166659,176.35926818847656,13444947
2023-01-23,177.52461940230907,179.00074935128106,176.51463013760386,178.76768493652344,8736715
2023-01-24,178.8453602512123,180.2438059441429,176.51462138124495,176.8253936767578,4252051
2023-01-25,176.98076597299868,177.13614618642265,173.83426626847398,175.6988525390625,3855827
2023-01-27,176.35926627726565,176.86425502911007,170.37703803000056,172.78546142578125,6171667
2023-01-30,172.78541567978462,176.2038393837108,171.50351420003074,175.4657745361328,6172517
2023-01-31,174.8054207550742,177.40808398377249,173.95081173392666,174.6888885498047,7424552
2023-02-01,177.1361415960341,177.1361415960341,166.37589316507675,171.4258270263672,24008324
2023-02-02,171.6977867919806,172.2416235647151,168.590134542352,169.09512329101562,6806578
2023-02-03,169.36700630078568,171.4646686867721,166.72550727469164,170.06622314453125,8776614
2023-02-06,170.29931986367575,171.19277688788506,167.54127646200965,170.61009216308594,5742881
2023-02-07,170.61009047518246,171.8142960773862,168.59011204062935,170.68777465820312,4907167
2023-02-08,170.92654900429145,172.8367826450711,170.44898452161186,171.52349853515625,6316867
2023-02-09,171.92147985857653,172.55822850926901,169.69286565363794,170.7673797607422,4383159
2023-02-10,170.32959922267472,170.64796744734622,167.90200203840442,168.3397674560547,4954439
2023-02-13,168.33977290510364,170.09082248741575,166.46932612594796,169.57347106933594,6142208
2023-02-14,169.57347231293636,170.56838823574756,168.0214059023448,168.53875732421875,6758731
2023-02-15,167.94180373656147,170.17041777912112,167.38465326216394,169.45407104492188,9612884
2023-02-16,169.9316523452182,172.3194507388278,169.6132840840585,171.4837188720703,13093683
2023-02-17,171.0061698647794,173.71233657310748,170.48880624894224,173.11538696289062,7243093
2023-02-20,173.39392321011618,174.26944179041735,171.8816439705579,173.75209045410156,8479587
2023-02-21,174.15008041954718,174.46844864746535,169.81224955307252,170.36940002441406,4655766
2023-02-22,170.76737847987695,171.80209351136995,168.41937923396955,168.6183624267578,6003852
2023-02-23,169.49390801107077,171.88170670240768,169.0959415625146,171.0459747314453,6219715
2023-02-24,171.92147034968812,172.9561853317126,170.88675536766365,172.7572021484375,5154174
2023-02-27,172.7174113722466,173.51334414354727,171.2051439647634,172.6776123046875,4841279
2023-02-28,172.39903770292196,172.67760687713914,168.73774221203143,171.44390869140625,6054079
2023-03-01,171.44389590931152,174.30925844029017,170.72756134905134,174.1102752685547,4510175
2023-03-02,174.1103123974217,178.6471272514688,172.99601125606682,177.37364196777344,11354939
2023-03-03,178.20935028894604,180.23898137191378,177.0154510807263,177.45321655273438,7089438
2023-03-06,177.45319790364636,179.48282877331408,176.4980810664408,179.00526428222656,4771341
2023-03-08,178.96548461914062,179.20425472939698,177.21442284412734,178.96548461914062,4271464
2023-03-09,178.9654582405207,180.6369094908016,178.01032936039653,178.9256591796875,4263468
2023-03-10,177.45322215058482,179.32366916045493,176.25932290470294,178.56753540039062,3670173
2023-03-13,178.44812518700195,179.68182341351962,174.5878585268941,175.74195861816406,3877606
2023-03-14,175.74196528562996,177.33383089121543,174.18989874917827,175.94094848632812,5723922
2023-03-15,176.65725338908763,177.65216922496327,174.7868189046226,175.0255889892578,2992144
2023-03-16,173.95110577724964,177.05523865917561,172.20005614783065,175.78175354003906,4988245
2023-03-17,176.69708414962523,179.841016325996,175.18481666579245,176.4185028076172,15720256
2023-03-20,175.10520128208975,176.3786985130383,171.68268810076407,172.7572021484375,4244575
2023-03-21,173.63272086786614,174.2694694833404,171.8816712840392,172.7572021484375,3998751
2023-03-22,172.63782484365322,172.63782484365322,169.6132898253459,170.28982543945312,9675449
2023-03-23,169.65305959453445,170.92655684343976,169.05611003629193,169.812255859375,4730918
2023-03-24,169.73264983424687,170.25000123601183,165.5540031208598,165.91217041015625,6611089
2023-03-27,165.9519888850994,167.30507221679912,165.23565422272034,165.8723907470703,4002212
2023-03-28,166.66832162021157,168.14080214192794,165.91218789756152,166.27035522460938,6157526
2023-03-29,167.10609795542405,171.04596309919887,165.8723996198051,169.493896484375,16734166
2023-03-31,168.89692534425978,170.56838895966445,168.06119353655745,170.051025390625,5139018
2023-04-03,170.4092254225256,175.7817720774094,170.17044314220317,175.224609375,7754066
2023-04-05,175.34399727598105,178.4879293891821,175.34399727598105,177.0950469970703,6491910
2023-04-06,177.0552626344831,177.61241320861055,175.34401184002638,176.45831298828125,4589598
2023-04-10,176.25932812969725,178.64712669224446,176.02054584444824,176.7368927001953,3498235
2023-04-11,177.29402607646273,178.5277243098048,176.6970764937137,178.01036071777344,3995959
2023-04-12,178.28892292984568,181.47265369645007,178.01034162978019,181.23387145996094,5136012
2023-04-13,181.39308301206603,182.78596543318318,178.6471172394293,179.48284912109375,3478451
2023-04-17,179.4828557939468,183.02475451033197,179.40325765179244,182.74618530273438,6265943
2023-04-18,182.7461794985772,184.97478166846128,182.4675981548562,184.8155975341797,8004952
2023-04-19,185.92989861469277,186.7258313790622,182.2686030406052,183.38290405273438,7424582
2023-04-20,182.98494431272934,184.25844163993526,182.34820779409696,182.7063751220703,2589165
2023-04-21,183.06452527589687,183.42269257026888,181.0348944144963,183.1043243408203,2459508
2023-04-24,182.70638263900076,184.65641563372475,182.70638263900076,184.29824829101562,2587030
2023-04-25,183.9798845550557,184.89521467493972,182.98496843233752,183.2635498046875,2570946
2023-04-26,183.0645380030519,183.58188944811587,181.47267245519927,182.8655548095703,3439487
2023-04-27,182.86556236489307,185.0543775836241,182.38799782281797,184.45742797851562,3349374
2023-04-28,185.0543721175389,186.8452208799667,184.33803747055595,185.5319366455078,4771074
2023-05-02,185.61151129325216,188.99422541554867,185.5319253067682,187.9197235107422,3773537
2023-05-03,187.8799219908908,190.18812203326098,186.72582196970572,188.55645751953125,4523385
2023-05-04,188.51667980683465,189.4319976264534,186.36765163039038,188.99423217773438,7248108
2023-05-05,189.312632010818,189.43201707956027,187.84015138981604,188.95445251464844,3043479
2023-05-08,185.0543654552296,185.7707000764231,183.06453356861422,185.33294677734375,9711437
2023-05-09,186.88503032607554,190.0687616360769,185.85031522133087,188.1187286376953,7318928
2023-05-10,188.59629187527486,188.83507416622862,186.68605783758835,188.27792358398438,3650159
2023-05-11,188.2779141116507,189.5513993577149,187.60136634548104,187.95953369140625,2675726
2023-05-12,187.95951839201126,188.83504929520367,186.44725099010097,187.08399963378906,2348435
2023-05-15,186.72583768007402,190.70550163621397,186.12888808665303,189.19322204589844,4217892
2023-05-16,190.02896423123218,192.37696366394323,188.99424911741866,191.78001403808594,6016484
2023-05-17,191.77999969056285,193.96881482162232,191.62081556457076,192.29736328125,4968232
2023-05-18,192.61573924946376,193.3320739176098,190.1881417596809,190.70550537109375,3512113
2023-05-19,191.02384251046584,192.29733965185648,188.07889403408993,190.94424438476562,3810543
2023-05-22,190.54631681812845,191.97899835746944,188.99425021091372,189.98916625976562,2891415
2023-05-23,190.18815448083632,191.18307055590344,188.4769036897095,190.46673583984375,3213453
2023-05-24,189.67079278234974,192.21777536859156,189.43201050817717,191.81980895996094,2422138
2023-05-25,192.01876120691458,192.77489483241433,189.35238184097602,191.0636444091797,3810138
2023-05-26,190.86470524212115,192.97392249612068,190.30755466040162,192.21778869628906,2646742
2023-05-29,192.25757729533257,197.11276026579003,191.66062767351616,195.8790740966797,8069985
2023-05-30,195.99844710749764,196.71478175162827,193.6504478351024,194.44638061523438,4657906
2023-05-31,197.3117160298239,197.3117160298239,190.4667019386887,192.01876831054688,15727646
2023-06-01,183.38291131346608,184.57681050729065,182.38799531861227,183.34312438964844,35509867
2023-06-02,181.8706498737598,185.77071584457408,181.55228160286634,183.7808837890625,36400588
2023-06-05,183.46250855026955,184.019659075658,182.62677668970153,182.8257598876953,19807347
2023-06-06,182.9053573997991,183.58189298368356,180.47775996357717,181.31349182128906,13495524
2023-06-07,182.06960723003368,184.2584221803401,181.5522558270399,183.62167358398438,21853324
2023-06-08,184.17884513641258,184.17884513641258,181.19409713520687,181.55227661132812,8538256
2023-06-09,182.2288068358024,182.6267732242383,180.95532167978973,181.194091796875,5137982
2023-06-12,181.67166610784406,182.46759892759366,180.39816873825632,182.26861572265625,4261576
2023-06-13,183.06455270953646,183.30333498989097,181.47268703380135,182.22882080078125,5574798
2023-06-14,182.98495456776118,182.98495456776118,181.1145196857552,182.22882080078125,7034468
2023-06-15,182.4277934770315,182.78596080439738,181.39307841855296,181.9502410888672,6363240
2023-06-16,181.87063184204462,182.8257487050001,181.472665470399,181.91043090820312,8518319
2023-06-19,181.87064143745792,182.10942370203728,180.35837400340597,180.79612731933594,8210198
2023-06-20,181.27369882984394,181.27369882984394,179.4828499939838,180.875732421875,5024593
2023-06-21,181.31348961571885,182.10942239529183,180.23897550530717,181.83084106445312,4705567
2023-06-22,181.79104776987506,182.74617685167235,180.3583784371207,180.63694763183594,6566989
2023-06-23,180.7563375393161,181.11450485803934,178.9256897331003,179.80120849609375,3881707
2023-06-26,179.88083926740126,180.23900665110736,177.6920237453422,178.5277557373047,6145625
2023-06-27,180.15938316821004,180.51755047740735,178.20933821097034,179.20425415039062,6282912
2023-06-28,179.20426865041716,181.19410069026176,178.40833583447932,180.875732421875,19512531
2023-06-30,181.39306208331067,184.1390396840931,180.47774431302952,183.86045837402344,7850296
2023-07-03,184.2584378174523,186.04928656513812,182.94515359380418,184.37782287597656,7860203
2023-07-04,184.85539022641,185.2931556893095,183.3033237170123,184.49722290039062,3662791
2023-07-05,184.49722867912357,185.3329605626589,183.14414532457496,184.17884826660156,4859892
2023-07-06,184.17882048325703,187.84011573264362,183.8604522637317,186.72581481933594,7254947
2023-07-07,184.65637989533252,187.72072554037618,184.41759766475,186.2482452392578,6393850
2023-07-10,187.04420185599096,187.52176637829226,185.33295125019023,186.04928588867188,6223180
2023-07-11,186.08906113385902,187.6809264777843,185.8502789032765,186.2482452392578,10775084
2023-07-12,187.044199648501,188.87484743575698,185.96968555848966,186.56663513183594,11313272
2023-07-13,187.04421717100317,187.2829994517051,182.2686201368499,182.98495483398438,20205328
2023-07-14,183.06453671893308,184.7360003904419,182.8655535268473,183.9002685546875,7390502
2023-07-17,183.8604883329587,185.17377267734838,182.8257731990603,183.22373962402344,4963515
2023-07-18,182.82574615081893,185.0145611642908,181.1144956346379,181.67164611816406,6168942
2023-07-19,182.4277934770315,182.98494400237516,181.6318606851204,181.9502410888672,5247533
2023-07-20,181.99002390026325,183.62168851580626,181.2736892617177,182.8655548095703,3195629
2023-07-21,182.7461802724944,183.46251495228063,181.91044838276315,182.26861572265625,3903407
2023-07-24,182.26858191175089,184.65637992806202,181.91041463829796,183.82064819335938,3456895
2023-07-25,184.89521215788432,184.93501123124568,182.1492461255586,183.02476501464844,11024983
2023-07-26,183.50230822399755,184.01965968249922,182.18901182592538,183.46250915527344,7574284
2023-07-27,183.8604617900408,184.57679639357255,181.5920486372407,182.3083953857422,7837850
2023-07-28,182.74617969938367,183.0247488984398,180.55736445193665,180.75634765625,8817344
2023-07-31,181.87065595420913,183.02475615599647,180.55737161165308,182.4676055908203,19422170
2023-08-01,183.0645501041229,192.05859347301535,182.22881820726204,191.30245971679688,22409256
2023-08-02,191.93918419414476,193.53104974713776,184.89518640913286,186.68603515625,25003960
2023-08-03,186.68602157447918,187.12378699869802,182.62675985167803,183.1043243408203,13949266
2023-08-04,185.2931521825034,188.2381010167739,183.46250437364222,186.04928588867188,6725977
2023-08-07,186.8452026615468,187.8401185436637,184.89516996159162,185.4125213623047,6744074
2023-08-08,185.45236527466747,187.36259937229747,182.5074159804161,183.2635498046875,13828141
2023-08-09,185.6513157073682,187.60134853446445,183.5420987577484,186.84521484375,35271302
2023-08-10,186.8452298029557,188.4768945156392,186.60644752756795,186.96461486816406,10749822
2023-08-11,186.2482801869718,187.5217775590592,186.04929698164386,186.96461486816406,6132454
2023-08-14,187.8401189389694,187.99930305144923,183.62167316092243,186.1686553955078,6092872
2023-08-16,186.24826013468723,186.88500875217582,184.7359927950003,185.49212646484375,4576249
2023-08-17,186.00948841287527,186.16867254001457,183.9400704701234,184.8951873779297,5602132
2023-08-18,185.0571769878003,185.42161972256974,183.84235963339458,184.20680236816406,6904019
2023-08-21,184.20678180737312,186.91987853915325,183.842339113282,186.35296630859375,4955953
2023-08-22,186.59593221832586,187.9322386621331,186.02901995023822,186.87939453125,4280368
2023-08-23,187.28433206152522,187.48680160969985,186.51495025001378,187.00086975097656,2524601
2023-08-24,187.77026960671742,188.41816229428872,185.05717263590938,185.66458129882812,6378317
2023-08-25,185.46211541501594,186.35298641469907,184.24729806513594,184.40927124023438,3890957
2023-08-28,185.05715631896422,186.31246991653103,184.2472781731482,185.8265380859375,3360861
2023-08-29,185.82655198566994,186.59593381019258,185.25963971274592,186.2314910888672,3112560
2023-08-30,186.35298409909822,186.87940000106727,185.05717399889002,185.2596435546875,4086281
2023-08-31,185.46212533803308,186.6364463675294,184.97619342897718,186.3125,10403460
2023-09-01,186.83889564160103,192.14360024857206,186.79839926061825,191.86013793945312,14869577
2023-09-04,193.35842025290796,201.61917542148007,192.8724883897964,200.6878204345703,24785966
2023-09-05,201.94312959046687,207.24782179545662,200.4448500109175,206.80239868164062,19654487
2023-09-06,207.28830111499724,208.78656821346965,204.53472046640624,207.1668243408203,13346191
2023-09-07,207.3287950501825,222.51400953139702,206.3569437949366,221.90660095214844,72255521
2023-09-08,222.39254295728477,230.36984760701534,219.39598394269944,228.4666290283203,41855413
2023-09-11,230.00538671606367,230.16737222671915,224.53870939094597,225.91551208496094,14505153
2023-09-12,226.76587838325253,226.80636240389896,217.85721887533904,219.27450561523438,17547706
2023-09-13,219.88191983234483,227.98070140996344,217.8572244379402,226.482421875,17607568
2023-09-14,227.81873586271598,228.54764604101362,224.09331578285833,224.7816925048828,12033796
2023-09-15,225.55108192631593,230.12688887866472,224.78168773910193,226.198974609375,13288180
2023-09-18,226.19892618150183,228.99301529947917,222.2710374686718,227.7781982421875,8754852
2023-09-20,226.3609317501118,233.24489568526727,226.0369854492082,230.2483367919922,18615797
2023-09-21,230.734283570252,232.27304713601205,225.63206103233176,227.13034057617188,11071899
2023-09-22,226.76589178478878,231.70615365606156,226.11799912304056,229.47898864746094,8691024
2023-09-25,230.24837226889474,234.05480985868786,227.697260772363,233.28541564941406,9118957
2023-09-26,233.6093312449779,235.99845664103944,231.74659691792087,232.23252868652344,11256196
2023-09-27,233.24492212809744,237.618259474895,230.41034842167957,236.11997985839844,12805340
2023-09-28,236.11997287220214,238.22566107777195,234.05479340483828,235.0266571044922,12432497
2023-09-29,237.13230725592464,240.93874436401765,235.99848281378604,239.07603454589844,8640829
2023-10-03,240.57427912686848,240.61478786107972,234.94564117502844,236.40341186523438,9348540
2023-10-04,235.5125395306469,236.0794640818878,231.54414181851465,233.20440673828125,6338888
2023-10-05,233.89280900665597,235.31009582473948,229.92441085912634,234.3382568359375,8687014
2023-10-06,235.63406757111377,235.6745515941141,232.43503885742524,233.0829315185547,3741467
2023-10-09,231.66564469625334,234.01431120276936,229.23601014373668,233.0829315185547,4647845
2023-10-10,233.4474072185117,246.1219969778172,233.08295211721725,245.5955810546875,23283411
2023-10-11,246.64838719029183,247.01284225359547,242.5180282889595,244.46173095703125,12321154
2023-10-12,245.02860282567508,250.33331907049651,244.50218701762103,248.7945556640625,15375295
2023-10-13,247.01282719311823,251.7506191495982,246.5674041122562,249.4019775390625,9516879
2023-10-16,249.32103219266105,254.0183163069305,248.26817560461888,252.68202209472656,10535107
2023-10-17,253.49186933438122,257.82472252329666,252.76298391837688,257.0553283691406,7760527
2023-10-18,257.01483376544604,258.9585363666107,255.31408472110718,256.6908874511719,9662837
2023-10-19,255.35461565979622,255.6785867491149,250.13091550410672,254.94967651367188,8977527
2023-10-20,253.0868826381255,256.4883802269883,250.7382413103469,253.00588989257812,6009115
2023-10-23,253.12740091767276,253.3703791872056,247.01283089164465,247.90370178222656,8086150
2023-10-25,247.9037174907172,253.24891845738964,247.012846543685,251.30519104003906,7253336
2023-10-26,250.3738522148347,250.3738522148347,245.31211322975588,247.21533203125,8329092
2023-10-27,247.82273453042203,256.8528717115471,247.82273453042203,254.2612762451172,10503070
2023-10-30,255.11164747970687,255.75954019027168,252.6415287157156,254.7471923828125,6229982
2023-10-31,256.5289068229633,256.56939084469894,251.6696378697264,254.50421142578125,7446586
2023-11-01,253.65385320528665,255.75951667881418,247.7012437015337,248.34913635253906,9593653
2023-11-02,250.21191318407452,253.3299248979691,248.8755942032345,250.13092041015625,7071960
2023-11-03,251.5481974515088,254.86870332598653,251.30521913941126,252.68202209472656,4658440
2023-11-06,253.65381067693525,258.79651643140966,253.4918251835827,256.36688232421875,10340818
2023-11-07,256.32643728324507,258.18914716244456,254.01827958735356,254.50421142578125,6826885
2023-11-08,255.9215038647427,257.662737001731,254.7471706221931,257.0553283691406,6424833
2023-11-09,257.90568284999915,262.805435317163,255.67851814392154,262.0360412597656,15503280
2023-11-10,262.7649987780554,264.14177692490546,260.41633216394786,261.91461181640625,8445203
2023-11-13,269.6894550173003,283.4573851533186,267.50277387419425,282.93096923828125,42178783
2023-11-15,290.74623894358,290.74623894358,282.3235116164518,283.9432678222656,35092206
2023-11-16,285.8869795839337,287.10179677763307,279.2864777746039,280.05584716796875,17617280
2023-11-17,281.8376388826032,282.2830620463519,277.2213228422822,279.6104736328125,13542916
2023-11-20,281.8376013771567,285.401060359511,278.5576046956134,281.6351318359375,19032608
2023-11-21,283.7526812458257,286.7172614976478,278.5434954017275,283.0750732421875,15148068
2023-11-22,284.4302820071001,286.2090352827191,279.51755948309295,281.3386535644531,7599447
2023-11-23,281.63515997159664,284.6420814151153,279.5176023778252,283.286865234375,6186567
2023-11-24,284.04911442421803,285.82786755716097,281.2962901955709,281.8891906738281,7054445
2023-11-28,283.58329121329297,290.1053786794452,282.3127567081275,289.6395263671875,10791886
2023-11-29,290.5288617304585,292.2229075714524,286.378454589841,289.9783020019531,14149513
2023-11-30,292.2229195177018,292.2229195177018,286.33609963995593,289.80889892578125,11959336
2023-12-01,291.20649322796703,297.3897765560468,290.06303287228786,293.6205139160156,15105221
2023-12-04,297.3897685488975,304.9282677768973,297.00859787454056,300.4390563964844,22705896
2023-12-05,301.28607070255737,301.92133790883287,296.45802959522814,301.15899658203125,15782945
2023-12-06,301.3708039012524,307.0458689216484,295.99222798010635,298.2791748046875,14817158
2023-12-07,299.67671300818796,299.67671300818796,295.10279419248224,298.1097412109375,8507659
2023-12-08,298.1521072605057,303.57304949542385,293.832284627538,297.3050842285156,13444251
2023-12-11,297.3050768082539,303.74245686053,297.3050768082539,299.5496826171875,11420609
2023-12-12,299.9732133500921,300.3543840690429,292.3500057638174,294.34051513671875,8789103
2023-12-13,295.9498148807961,296.28861889249015,291.1217995537055,292.392333984375,8091533
2023-12-14,295.78038207638895,297.4744277335296,292.9004837799816,294.4251403808594,13142466
2023-12-15,296.4580383300781,300.1425934048556,295.145163071395,296.4580383300781,14331890
2023-12-18,297.30509221768824,297.5168479813761,289.9359813017155,294.4675598144531,7959685
2023-12-19,293.49343483293467,313.1867172567896,293.49343483293467,310.8150634765625,28937243
2023-12-20,312.5515189850711,314.9231732881389,296.4580803381433,298.2791748046875,23224408
2023-12-21,297.3897727675154,302.217788233017,293.1546578772036,301.1166687011719,10028664
2023-12-22,304.0812437158573,311.19623143521267,301.87897884224765,307.68109130859375,13916380
2023-12-26,308.1469631051925,314.923147238119,307.0458435232284,310.0527648925781,11910267
2023-12-27,310.85745795423213,312.7209189955019,306.9611467719084,309.671630859375,7890042
2023-12-28,310.68803492523233,323.9863067443085,309.84101190106423,322.6734313964844,28310022
2023-12-29,323.1392164839075,323.30863139312714,316.9983008364414,318.4805908203125,8859317
2024-01-01,320.00524937871097,327.6284556716308,319.70881203547907,323.3933410644531,11124690
2024-01-02,328.13671673782375,335.2940716828284,325.46859936244573,332.5835876464844,28363847
2024-01-03,334.40467258307405,334.40467258307405,325.1297861725597,325.7226867675781,12903439
2024-01-04,328.47546882005173,330.16951461252046,325.1720846945552,325.8920593261719,11039940
2024-01-05,327.6284650664924,329.06841441385916,323.98627673951387,325.46856689453125,8369460
2024-01-08,327.3320238010645,329.19545874992457,321.2334483251313,322.20751953125,9424716
2024-01-09,324.9603497171009,328.6025639128928,323.647474483754,326.4002990722656,9473743
2024-01-10,326.82383602822284,326.82383602822284,318.35360586472916,323.6051330566406,9670366
2024-01-11,326.52729371931815,329.40716610759637,324.66383319503444,325.55322265625,9163771
2024-01-12,326.7814378399402,326.7814378399402,321.4875444985137,322.8004455566406,7471050
2024-01-15,323.9862788714026,328.5601976385928,323.0545484551572,325.807373046875,7490747
2024-01-16,326.44266896916685,327.75557016859426,319.3700215340125,323.47808837890625,10165133
2024-01-17,323.39335984200903,326.4003068971539,319.4970748564417,321.572265625,10996538
2024-01-18,322.54633671067137,324.0286269085129,311.7044530318095,318.1841735839844,12493835
2024-01-19,322.4192866336503,326.01913423686784,321.1064113768186,324.6215515136719,15893456
2024-01-23,341.7737850905404,342.87490466569386,316.4901430311246,317.8877258300781,16406737
2024-01-24,321.6993041315589,328.47548769072046,316.9983371270261,324.07098388671875,22938994
2024-01-25,327.628514865853,331.77894861003654,326.40034691732535,329.8307800292969,13440949
2024-01-29,332.7953105444436,351.2604262895063,331.6094835890388,349.65106201171875,27149058
2024-01-30,352.14979921927153,352.19214002806854,340.1644293825887,340.9690856933594,14159072
2024-01-31,343.0866107170961,346.5594097304702,339.1479594545872,344.0183410644531,23750822
2024-02-01,346.26294981582987,348.88872596529984,340.9267159064936,344.4842224121094,8862155
2024-02-02,347.9570538838014,358.20603781969476,346.9829825593234,355.58026123046875,25177075
2024-02-05,358.5024359127394,381.16029807615524,353.29325034218266,372.9018249511719,31418925
2024-02-06,376.75583239412896,382.00738550568406,370.3608188744132,380.0168762207031,13386526
2024-02-07,384.5484545187624,390.0964450097379,379.2969014081648,383.40496826171875,14430152
2024-02-08,385.2260505283097,396.914983451963,381.1603504630072,388.9529724121094,18790158
2024-02-09,391.49400273847067,392.84921872695907,369.00552877339453,386.411865234375,17472069
2024-02-12,387.0894557110814,387.4706263462742,364.2621787819201,366.59149169921875,19472346
2024-02-13,375.9087564931854,387.8094438683459,367.60794232862577,383.15081787109375,35665854
2024-02-14,382.5579076516679,396.40673796181846,375.231164352747,395.0091552734375,18592696
2024-02-15,397.2537878499402,407.62981962214013,396.0255941576762,403.9029235839844,18501875
2024-02-16,408.6038949766662,413.00842496962287,404.45348739624023,406.571044921875,14513583
2024-02-19,408.94272298148053,412.8814008893029,385.77666297241024,390.4776306152344,19798448
2024-02-20,392.3625121401145,392.3625121401145,377.84007695487475,382.5523681640625,27899165
2024-02-21,386.36503656098074,386.36503656098074,369.27226133732046,370.9429931640625,19032050
2024-02-22,375.2697178760752,383.8375196540678,366.6590875479351,381.39569091796875,22083710
2024-02-23,383.83751090957026,385.2083643921898,378.39695167511934,380.32470703125,9625544
2024-02-26,380.3247721744549,383.194991425685,377.4545529232248,378.95391845703125,7570244
2024-02-27,378.9538667152633,381.52420727940984,372.74221035190914,378.1827697753906,8343526
2024-02-28,377.24034635231993,379.4251517516964,368.71539826512293,372.0140075683594,8893614
2024-02-29,380.41039914922555,380.41039914922555,368.11559836176565,374.1559143066406,11711699
2024-03-01,375.26976848142385,384.52298519071513,375.26976848142385,382.42388916015625,8411615
2024-03-04,387.13617483902357,392.40536833289923,383.8803940861373,390.177734375,11977226
2024-03-05,390.69181909611393,395.6183058500671,388.5926968900334,394.67584228515625,9605493
2024-03-06,396.218045067898,398.35999573612787,380.8816573658854,395.4897766113281,14061966
2024-03-07,395.48980509834485,398.7455598898218,390.73465858424754,392.9194641113281,9680802
2024-03-11,394.97569257052606,396.5607412516449,387.60737724114034,388.8925476074219,7824738
2024-03-12,388.89254935077156,390.5204265926541,382.7237472530811,384.95135498046875,8409613
2024-03-13,384.9513204311358,385.4653937631865,351.27987016436686,357.3201599121094,17803423
2024-03-14,358.990917292585,367.430207809145,353.16482217235534,366.4449157714844,20478918
2024-03-15,366.44490876483906,366.74476092289024,343.7402330456163,355.7779846191406,25435001
2024-03-18,356.4205697661052,362.8464213844845,354.3214477786918,361.4327392578125,9803914
2024-03-19,357.27733302358166,363.7888675838383,354.7069924982322,359.0337219238281,8373676
2024-03-20,359.67627405849447,362.2466143480412,353.59315629071676,359.41925048828125,6950340
2024-03-21,363.2748048478345,371.4570453001692,362.54653644836725,370.171875,9911230
2024-03-22,369.18660771731567,373.727558770057,366.9589738185047,370.08624267578125,9172888
2024-03-26,371.67126821339366,377.7972680209354,369.1866106761697,373.51336669921875,9389403
2024-03-27,376.8118979838361,376.8118979838361,365.03117096908977,367.9442443847656,17985246
2024-03-28,368.4154797020849,375.65528272706604,368.4154797020849,371.92828369140625,10332853
2024-04-01,374.15593180795884,380.2390504406893,372.52802847562646,378.73968505859375,7256592
2024-04-02,378.7397183658654,384.0945952014129,373.5990366037397,379.72503662109375,11530800
2024-04-03,379.7250334753683,382.9807881056661,377.75442312809605,381.69561767578125,6972648
2024-04-04,385.5511184894503,388.5498494110349,379.16809506904815,384.5658264160156,14743020
2024-04-05,384.4801211731149,384.5658044239177,380.41041515512654,382.93792724609375,4820138
2024-04-08,384.69430935834436,385.93665110566076,380.8816270139789,383.3234558105469,3980972
2024-04-09,384.4372766568739,385.8081040253641,374.62713315162244,376.8547668457031,8005012
2024-04-10,379.16811526712263,392.9194549138877,378.78257981621107,390.99169921875,15825331
2024-04-12,389.8350171922609,397.074820827432,387.7358951024823,390.3490905761719,11259294
2024-04-15,384.6515088718294,390.5204327458107,377.92577858946123,386.40789794921875,7680715
2024-04-16,384.69432868669776,391.0344972485991,382.42386627459996,388.2928161621094,4996845
2024-04-18,389.7921754429189,391.3771979482721,372.82791122928137,375.7838134765625,10945138
2024-04-19,373.5561469470854,375.78378057568216,366.74473426763376,372.9563903808594,7628287
2024-04-22,377.7544488625323,380.8388633337527,375.2697910915268,379.5108642578125,6396926
2024-04-23,381.9097757292002,381.9097757292002,376.34070440617205,377.7972412109375,5390120
2024-04-24,378.31131111223016,384.4373108525738,377.96860423962386,380.28192138671875,6538090
2024-04-25,379.55365414347693,388.97823697773936,378.48267882140163,387.6502380371094,10858594
2024-04-26,388.9782223128629,394.5044652251697,387.43602836596017,390.5204162597656,7209435
2024-04-29,393.0051258377447,393.0051258377447,386.0223456215025,388.3356628417969,5305655
2024-04-30,391.03450377751255,392.74806429025085,387.307504432935,389.2352600097656,6021793
2024-05-02,392.0197902693353,393.7333507577107,385.0370365085773,388.8925476074219,14980896
2024-05-03,392.3196295396537,407.6559891549333,385.03699818884195,406.62786865234375,51071947
2024-05-06,410.39771552807366,412.4968374754255,380.453237099172,394.6329650878906,36408390
2024-05-07,396.689233880294,402.2583051982679,387.99292005159845,390.6917724609375,13728379
2024-05-08,391.2915629607382,403.88621734439704,389.92070928818003,397.9316101074219,16978094
2024-05-09,398.70271008454995,400.7161489797855,378.1399832842399,379.9820556640625,15601338
2024-05-10,383.152117064644,386.53638317682805,377.1974841977819,385.0370178222656,9190621
2024-05-13,386.6220877192042,387.0933063978472,372.4423850438692,380.4104309082031,11107909
2024-05-14,382.7237563577103,386.1080227298164,381.35290269888173,384.43731689453125,6592194
2024-05-15,385.55107335314176,402.6866766132814,385.12268327163827,400.8446044921875,23543942
2024-05-16,401.53001133796636,406.97057050994397,392.27679619353495,401.2301330566406,17232651
2024-05-17,401.87276267309426,405.85681172204437,399.9450071256118,402.9009094238281,10625019
2024-05-21,402.429710646315,423.16377787184484,402.429710646315,420.3792419433594,27356982
2024-05-22,423.67785117325093,434.6874830711289,421.1931935747109,429.8466796875,28346931
2024-05-23,431.30314666643125,431.64585351643683,421.6215408827771,426.0767822265625,14378840
2024-05-24,424.92012737517774,433.0166841336022,419.0940066461698,429.2468566894531,12190536
2024-05-27,430.917610929125,430.960439480271,420.46488205754076,423.6349792480469,8811105
2024-05-28,424.962988463523,425.13435496600124,414.76730909064463,417.8088684082031,8165238
2024-05-29,413.05373216929354,421.45016751849806,413.05373216929354,416.7807312011719,8014727
2024-05-30,416.3951972933126,418.06592922267714,410.8261257245749,413.0965881347656,7725080
2024-05-31,415.02434255371156,422.47834109196094,410.39773449235514,420.8504638671875,11223848
2024-06-03,441.24183259390674,451.86592870394577,433.1452487021295,438.9713439941406,24416215
2024-06-04,438.9713265948618,439.01420744100886,351.9653053567591,378.6111755371094,48046493
2024-06-05,387.26462806191273,396.5606979250709,364.2172472406965,394.590087890625,18966089
2024-06-06,402.6866908518763,415.0243204060518,398.10291158833996,405.2142028808594,21757857
2024-06-07,405.2570217658516,412.36828674190116,400.6304140617437,410.5262145996094,8317343
2024-06-10,415.5383899240504,418.1087304802817,407.3989781626515,409.2839050292969,10958537
2024-06-11,412.96809213790704,414.2532625491246,407.14199673246435,408.1272888183594,11169021
2024-06-12,412.1113081018891,423.5064751852561,410.6976258918261,418.7085266113281,15412796
2024-06-13,423.16375269736466,423.16375269736466,414.2532434856792,418.0230712890625,7438571
2024-06-14,418.02309305772064,421.878604314724,415.7526305468572,417.20916748046875,5974636
2024-06-18,421.5358739584367,422.3069709375257,415.70977884214443,419.00836181640625,6946544
2024-06-19,419.3081942840079,420.8504142204332,408.2557357338068,409.4980773925781,8962510
2024-06-20,412.1541254011075,417.5946851730631,404.0147130933046,413.953369140625,7864157
2024-06-21,413.953389472975,421.0218268243035,410.39775651955733,411.4259033203125,10340882
2024-06-24,411.25448567155615,411.29731422173785,404.4002442436969,405.8567810058594,11124175
2024-06-25,407.74168084584653,409.4980958961248,398.65980574381865,402.0440979003906,7951999
2024-06-26,402.9008623535156,404.2717158120533,398.44559514998195,401.6156921386719,6655899
2024-06-27,401.61574710666173,401.82994217178526,395.4040902180787,400.1592102050781,14857335
2024-06-28,402.6867065969762,407.82738795778863,400.97314614337205,405.38555908203125,8302706
2024-07-01,405.55690926276935,408.0843951419916,403.75766562953174,406.7992248535156,8579861
2024-07-02,409.5409349895335,415.5383963805936,405.55691229484347,410.4833984375,14629287
2024-07-03,412.8823796121618,417.8088658392604,410.74042907864066,415.4955749511719,7244652
2024-07-04,418.7513842937108,422.2213341549452,415.79548171054046,419.4367980957031,7796954
2024-07-05,419.39392245070496,422.64967686491934,417.16628862404673,421.10748291015625,5754517
2024-07-08,422.13564148593423,424.9630058645965,417.4233500902583,422.6496887207031,7477292
2024-07-09,425.7769118744785,425.7769118744785,420.7647426984688,423.0780334472656,6444684
2024-07-10,423.0780433636316,424.0205067930932,411.72570595345246,420.4648742675781,5981477
2024-07-11,421.53591236423017,433.5308366997977,418.5800098370785,428.4329833984375,20146927
2024-07-12,431.81727535969475,435.7584700070322,424.53464273954114,425.1343994140625,8198389
2024-07-15,428.39009674394146,431.4745106698691,422.0070738437141,426.46234130859375,7106020
2024-07-16,426.67658228383317,444.154921029815,426.67658228383317,439.05706787109375,23169665
2024-07-18,441.5417047025159,441.9272662945265,429.4611234443132,432.88824462890625,12540956
2024-07-19,432.9310210091329,433.87348445068443,417.0377588897455,418.1087341308594,9971704
2024-07-22,418.1087566435685,424.96299855575813,414.29607412116985,420.8504638671875,7281653
2024-07-23,423.2494144635524,424.791608349009,398.0172273733288,417.251953125,11311831
2024-07-24,416.9949152158382,427.8760075828207,415.62406172755743,423.0780334472656,6823248
2024-07-25,420.6791098899687,431.4316917512234,414.6816480381769,423.24945068359375,10281157
2024-07-26,426.89078063586817,438.4144860259766,426.89078063586817,436.8294372558594,20437968
2024-07-29,440.81343094548413,441.8415776863158,434.8159692999673,438.8000183105469,7259754
2024-07-30,438.8000349437626,450.3236877073504,436.9151078964068,444.96881103515625,13197520
2024-07-31,448.481650404511,450.15238241812006,437.38633526089257,447.4106750488281,11972565
2024-08-01,458.3774548747594,464.5891119735295,452.37999284836064,463.00408935546875,34763894
2024-08-02,457.5206376794864,460.2623448434247,447.4962986423727,449.3812255859375,10985150
2024-08-05,441.2418254979791,441.2418254979791,426.29099978692574,434.2162170410156,11835031
2024-08-06,435.32999447308543,443.12669897842136,426.67650982753355,428.04736328125,7142269
2024-08-07,434.9873335945927,456.4924964681443,434.9873335945927,455.3786926269531,18293730
2024-08-08,457.5206183854047,458.377398569647,446.596671036315,448.4815979003906,13624148
2024-08-09,454.09348563168106,455.2501179323151,447.11070639740757,453.922119140625,6468264
2024-08-12,453.23673328481897,454.5219036060425,448.35307560542685,448.9100036621094,5238736
2024-08-13,449.8095597841549,454.0078032596236,445.52565921478197,447.0250244140625,5201294
2024-08-14,448.0104344376148,452.294335886459,427.5761931503966,432.4170227050781,14766889
2024-08-16,439.33983097015243,446.30591367891645,434.83998375890553,443.3204345703125,7313429
2024-08-19,444.61847893809147,452.96915873301737,444.056031028865,451.7143859863281,10737456
2024-08-20,453.74792561776803,457.2959053992094,450.8922706442929,453.9642639160156,8191127
2024-08-21,455.60846128791974,463.18030181264777,453.79124068877223,460.5409851074219,9067794
2024-08-22,462.0985573843598,463.3533299481404,455.868004474212,457.6419677734375,8531700
2024-08-23,457.7285975329169,468.2859174091535,457.642030520499,466.2955627441406,12566904
2024-08-26,469.02138260911977,470.36266935761694,462.70431551006465,465.646484375,7193307
2024-08-27,466.5119019365292,468.7618520091345,458.63720872483395,459.8487243652344,7865530
2024-08-28,462.0120966376051,463.4398977337005,454.6998515020699,455.4786376953125,6066259
2024-08-29,455.47856405095746,458.6371238609345,446.60869514609976,456.5169982910156,9147836
2024-08-30,458.6372045747938,464.6946770880458,451.714378845363,454.2671813964844,30921282
2024-09-02,456.0411821216025,457.77188869511906,447.950150017202,450.71923828125,6370038
2024-09-03,450.8490584422221,453.0989558412483,448.4693369245328,449.6375427246094,5526155
2024-09-04,447.25775938635394,447.25775938635394,433.15251344909075,435.8351135253906,16783593
2024-09-05,439.16671323104646,439.16671323104646,428.4795967997867,430.08050537109375,10830621
2024-09-06,431.8112312061249,431.8112312061249,416.27813126367374,422.7682800292969,13110103
2024-09-09,422.292360721859,422.72503732095925,413.68208583637016,419.2203674316406,10189742
2024-09-10,421.68661747418787,425.7537882095018,416.92717471981337,424.9749755859375,9809547
2024-09-11,426.4893273614146,427.0950587527164,417.0569828192929,418.7876892089844,8134497
2024-09-12,421.4270228432064,430.2968934471958,417.3165950023332,428.9123229980469,12058489
2024-09-13,430.08051361908787,430.81606907498195,423.59036502322635,424.2393798828125,8093877
2024-09-16,426.1864343441143,428.26327666125195,421.729870819979,426.83544921875,5244657
2024-09-17,426.835464305741,428.1767511973377,421.98948112214435,422.72503662109375,5063902
2024-09-18,423.8499876040481,427.13834561540284,420.69145369972784,421.5135498046875,6527832
2024-09-19,423.15766110273455,425.40758441892376,412.12440920281665,413.59552001953125,10014450
2024-09-20,416.19162201828516,430.94588315736803,415.62912132512855,424.84515380859375,12982128
2024-09-23,427.05178801244426,434.8399665172305,424.45572851084887,433.19580078125,6123879
2024-09-24,437.0034018961202,438.43122951170733,434.01792254749483,436.39764404296875,7306001
2024-09-25,438.30140439445887,438.734081002943,434.4073149181014,437.2629699707031,5059851
2024-09-26,437.86870133257986,439.12347398477186,432.7198394392878,438.3446350097656,6877039
2024-09-27,438.3445922598595,448.12307150379684,436.9167649590694,446.60870361328125,15443031
2024-09-30,443.92619232565005,444.31561182968017,434.8399837107976,441.4599304199219,8881502
2024-10-01,443.06080998033434,446.5222225583057,437.9984888033548,440.0320739746094,4743517
2024-10-03,432.24394306422965,441.24361147195805,432.24394306422965,434.710205078125,11285134
2024-10-04,432.3304433734273,436.7004662615219,427.5277174974948,430.25360107421875,7170285
2024-10-07,431.03241983978467,433.15251926405307,411.3456351957443,415.7589416503906,8940891
2024-10-08,416.06182385046907,426.40280554790144,412.2975584138204,425.6239929199219,6049075
2024-10-09,425.75375088256243,429.21516349136374,420.25875308439385,421.38372802734375,6874313
2024-10-10,422.8980929015808,427.44119691687746,420.60488593850243,422.3788757324219,4700891
2024-10-11,421.8596812378838,427.39793638679726,421.8164241416631,426.57586669921875,4364566
2024-10-14,428.306562855384,434.7967116425139,426.57585651214936,431.2054748535156,5369297
2024-10-15,431.2054900686835,432.1141267760329,424.0663261509339,427.8739013671875,4279311
2024-10-16,428.34982544499337,432.1573741672522,426.53257847959065,428.99884033203125,8000451
2024-10-17,428.99887577389535,430.2969056552082,421.6001160138063,423.9365539550781,4334990
2024-10-18,422.2923251579046,427.2681056285152,418.2684384068463,425.92681884765625,4573163
2024-10-21,425.7537555828653,428.13347677768826,417.4031028536378,420.04241943359375,4737527
2024-10-22,419.6963346261683,421.8597177943444,404.2930570321487,405.2882080078125,8671135
2024-10-23,405.28816576501885,411.9513693834105,397.1538511822055,410.2639465332031,10686743
2024-10-24,410.2639498805745,418.6578599216037,409.3553131921417,412.98980712890625,5045880
2024-10-25,413.72534683070677,414.5474164791784,397.1970963626767,399.01434326171875,10330954
2024-10-28,391.1396382542356,396.331757346106,376.64497245609743,382.1832275390625,21378247
2024-10-29,384.3898997822873,386.46674216859,379.7169714025016,385.55810546875,7680865
2024-10-30,387.6782803781041,394.42802558914946,385.08222046485787,388.6734313964844,7818123
2024-10-31,391.139634750385,393.3030176859513,383.52453738058495,391.1828918457031,8475238
2024-11-01,393.43282919019117,397.67305461103973,391.4425273830023,393.0001525878906,3095957
2024-11-04,396.33175575417795,396.4615534492567,376.8613092378701,383.6110534667969,15720990
2024-11-05,385.0017605352581,391.41695559190595,383.1175702870919,390.2056884765625,10186343
2024-11-06,392.80767590602227,393.79463536936686,386.8859738885828,391.0132141113281,9130749
2024-11-07,392.8076964550191,395.09565179173256,389.98142445678747,390.6094970703125,5861077
2024-11-08,390.60949007785763,391.19268470493915,377.9585285136597,380.47076416015625,9934413
2024-11-11,379.5286874653868,381.9960725493816,374.459338132715,378.2276916503906,7201246
2024-11-12,379.0800868098166,381.14370709909497,370.3769354027215,371.49847412109375,6564348
2024-11-13,371.453596893012,372.7994432585664,364.0065912894701,365.083251953125,7170870
2024-11-14,365.35242256736285,370.8703869620021,361.22515507384026,367.6403503417969,8776485
2024-11-18,371.40876641492173,375.4911563256733,368.76192413345694,370.87042236328125,7352509
2024-11-19,373.2031879934164,378.6314237558748,368.4927259680175,369.8834228515625,6291292
2024-11-21,370.60119287949055,371.3638445808038,362.61584376404517,364.2757263183594,14141967
2024-11-22,365.5318936156167,373.0237777306065,364.6346626409189,371.49847412109375,8155453
2024-11-25,377.73423119610624,383.5213817952237,372.9789180979452,374.549072265625,10903727
2024-11-26,375.4463069083651,376.837003946594,367.59553599281105,369.2105407714844,5798977
2024-11-27,376.836959607865,377.73419046407423,370.2871853100629,374.27984619140625,9219932
2024-11-28,376.83697072179507,381.23339657061996,371.00496998443396,372.5302734375,7788912
2024-11-29,372.62000458476155,375.0425391153054,368.76192243155623,373.6069641113281,7057742
2024-12-02,375.40139582835826,379.8875502416544,373.9658209398408,378.3622741699219,6404844
2024-12-03,381.32315569828097,381.77177117557306,376.25380628114345,378.72119140625,7928558
2024-12-04,378.721126087021,382.13059217387325,372.3507819319235,373.8312072753906,6836472
2024-12-05,375.1771204826354,377.9585419351573,369.6591555543853,375.40142822265625,9500273
2024-12-06,376.836959607865,378.1828058921788,373.6069230492493,374.27984619140625,4252732
2024-12-09,375.0425062686349,377.6893483060705,370.1077364493108,371.4535827636719,6662023
2024-12-10,372.7994699869321,374.32477359644486,369.2105460881409,371.49847412109375,6035289
2024-12-11,373.2481139412666,376.5230017724203,372.8443490193316,374.1004943847656,5353413
2024-12-12,373.69669354615525,374.9079608142246,365.2627280276192,367.05718994140625,9409378
2024-12-13,367.0571893798208,368.9862304579273,360.68684411935993,368.13385009765625,9439175
2024-12-16,368.3132832095108,370.42178129367215,364.7243596215984,368.2684326171875,5434635
2024-12-17,368.26843344670027,368.7170488961998,360.68682139763234,361.49432373046875,5070262
2024-12-18,362.03268206804637,363.19907133036156,354.00245425180526,355.1239929199219,7176597
2024-12-19,350.77244679476064,353.9576056778655,347.2283736307578,351.669677734375,5745829
2024-12-20,352.61172693062827,353.2397994832843,341.39634121400525,342.7421875,7923854
2024-12-23,346.33114794701453,348.66395390167725,343.10111103912124,343.5946044921875,5163415
2024-12-24,345.2993268272337,347.00406010780284,342.20386918467045,344.98529052734375,4242999
2024-12-26,346.6899886815081,350.1891834568381,345.4787215796945,346.86944580078125,4190081
2024-12-27,347.67694761499314,348.529327858445,340.5439515436575,341.3963317871094,5909271
2024-12-30,341.39637404489224,343.0113787908702,337.0896764680742,339.0635681152344,22328728
2024-12-31,339.0635711998383,345.16475810070364,337.448566439168,344.6712646484375,7686615
2025-01-01,344.13288898749,348.2601564627725,343.1908075271955,346.69000244140625,3584876
2025-01-02,348.4844774909761,353.46412543487315,344.58151758395246,352.56689453125,7538972
2025-01-03,352.61172119996064,358.26426455674806,349.47141325034266,353.1949157714844,7122319
2025-01-06,353.553855920733,353.553855920733,338.39065786912397,339.82623291015625,8774141
2025-01-07,341.44120319474285,344.76096843013494,337.80742905386023,340.7682800292969,6542121
2025-01-08,340.9925940851894,342.78705589304474,337.35881987680796,341.26177978515625,7407778
2025-01-09,342.33842755111317,342.33842755111317,332.69319569705965,333.9493408203125,6247612
2025-01-10,333.23154169952386,334.846573704285,327.22011126218973,330.62957763671875,4893721
2025-01-13,328.4762524986127,332.33433458677524,324.1246769648288,325.6051025390625,8661589
2025-01-14,327.4892893011859,335.5643676675165,325.6948274420013,331.3025207519531,5698113
2025-01-15,333.6801573324885,342.2487286277018,331.3473515784556,336.1026916503906,11117714
2025-01-16,339.557067682194,342.2936111570041,336.2821527739353,339.91595458984375,6923722
2025-01-17,340.94774302569215,349.29197946826895,339.64674726425267,347.8115539550781,8380692
2025-01-20,349.56117919946445,350.81729703740183,343.32541322287204,347.2732238769531,14597375
2025-01-21,348.1255902158186,349.6060157288756,341.84497389749197,342.33843994140625,20854879
2025-01-22,342.2936313631201,344.44698031745025,336.1475934495371,340.2300109863281,10653690
2025-01-23,338.7046369396864,348.3050177339453,337.53824781798176,346.1516418457031,5844752
2025-01-24,346.37598843544936,351.9388311356905,342.4730558078302,343.6842956542969,5351964
2025-01-27,341.7552552912644,343.6394457179391,334.44282869807256,337.134521484375,6645109
2025-01-28,337.35884596868675,338.79442100226356,329.95669043878866,332.55865478515625,10866038
2025-01-29,334.2185487595202,345.433936301786,332.69324510124517,340.4543151855469,6680927
2025-01-30,342.4730882974905,347.5424380399827,341.3066715528801,345.4787902832031,6300164
2025-01-31,345.524311348369,361.4120674771045,341.10851419697866,360.4560546875,10339434
2025-02-01,360.45606805895284,363.6882622026375,345.1146004143974,350.8050537109375,7015540
2025-02-03,349.6214175300802,349.7579828392201,333.68814980409996,340.5166931152344,7689700
2025-02-04,343.70340000923915,346.61692338838543,341.3361657368601,342.83843994140625,4649921
2025-02-05,344.1586046775232,350.62296497854925,344.06755187052545,348.57440185546875,5914200
2025-02-06,348.5288516888221,350.21323132162485,343.43022806632655,345.6153564453125,4652107
2025-02-07,345.5243211180188,348.71097493597154,342.3376673000661,344.38623046875,3006598
2025-02-10,343.2481496710526,345.8430019829437,335.96436930668017,337.330078125,3380494
2025-02-11,336.87481638448816,337.3300526228456,325.49391042555277,326.859619140625,6803431
2025-02-12,327.67905188972657,329.40894410743897,320.0766008486732,328.0887756347656,4565992
2025-02-13,329.5910403123164,334.6441515012811,326.49543941342745,329.2723693847656,3712240
2025-02-14,331.3209153620701,332.3224406031624,319.1205902230368,322.4893493652344,4464446
2025-02-17,322.48936295420816,329.5910371713587,317.98251307209125,327.86114501953125,6017586
2025-02-18,327.99769930762875,329.9096970050197,322.1251409053737,328.7716064453125,3843725
2025-02-19,327.77009068345393,332.59558368212777,325.94914573521254,329.8641662597656,3097726
2025-02-20,327.7700645915986,336.37403990129314,327.7700645915986,335.0083312988281,4624287
2025-02-21,334.64415893972176,337.9674058196575,332.5955957983226,336.8293151855469,5235241
2025-02-24,335.0993859084961,335.5091096395897,328.81713133935614,332.1403503417969,4533486
2025-02-25,331.4119601022903,332.6866159302165,326.5864674017794,328.8171081542969,4525493
2025-02-27,326.8595938968871,334.87173995902447,324.2647419815702,331.275390625,6196610
2025-02-28,333.9612378830771,342.10997631055994,332.5955293948114,336.282958984375,21899478
2025-03-03,336.87482982861803,337.78530234166834,320.8505080418492,328.0887756347656,12675744
2025-03-04,324.2192294754154,333.68813694487216,321.0325760530223,331.275390625,5535218
2025-03-05,329.63655359354135,335.8732957015091,329.63655359354135,335.281494140625,5730797
2025-03-06,336.92029559785965,349.75796180793367,335.1448911149698,348.34674072265625,11247215
2025-03-07,348.34678257929056,354.72009005225306,345.43325947748434,346.57135009765625,8321771
2025-03-10,346.6169212123823,351.9887038601305,340.5622563463985,341.56378173828125,5541001
2025-03-11,337.78533079026886,345.97958409784945,335.0539130210753,345.1146240234375,5340552
2025-03-12,345.5698167497046,348.574392588259,340.33460001879365,346.61688232421875,3951912
2025-03-13,347.3452244869247,348.7109331022075,343.56676954172485,344.43170166015625,3918004
2025-03-17,346.16161106910243,352.39832466321184,345.1145456005093,351.2147216796875,5456361
2025-03-19,355.1297656152737,362.4135451661915,353.99167506044273,360.4105224609375,5827114
2025-03-20,362.09491629526406,362.4590997300655,356.9507245565644,360.9112854003906,7025398
2025-03-21,360.91127764386334,374.2952339221409,359.72767455984234,369.10552978515625,16564019
2025-03-24,371.4272573920738,374.93255419345127,368.7868649855192,369.6518249511719,5260300
2025-03-25,371.47273714411546,371.7003552428557,361.5485935961223,362.6411437988281,5636291
2025-03-26,362.82328814392054,366.4196656022987,357.95225475353766,359.45452880859375,5025274
2025-03-27,358.0433078724123,363.8703262705319,356.9507297666457,361.3210144042969,7697174
2025-03-28,361.45756232766803,365.9188717716068,358.27090875550977,362.5501403808594,6923988
2025-04-01,362.185973285913,366.51071794629604,359.6821737456912,362.0494079589844,4332950
2025-04-02,365.6457540093236,365.6457540093236,356.4499763920622,361.9128112792969,4197123
2025-04-03,359.6366248303106,364.18898716993476,357.99778550221174,361.5030822753906,4970602
2025-04-04,360.54707664497323,360.54707664497323,348.346751830736,350.577392578125,6718760
2025-04-07,326.7230625534097,345.4332613355079,324.1282103683775,343.703369140625,10202400
2025-04-08,350.5319121715514,350.9871484211249,342.9294612465918,348.57440185546875,3577328
2025-04-09,348.07360953572504,348.437820747211,339.6972795944207,341.06298828125,5781453
2025-04-11,355.03873616511174,357.6335603693881,347.93703452041217,356.9962463378906,6185984
2025-04-15,363.27849890113555,363.27849890113555,358.2709005453555,359.8642272949219,4371156
2025-04-16,359.86427436116793,364.2800717731575,357.3604748558088,363.50616455078125,4992290
2025-04-17,361.36653525693464,363.7792818620009,353.5364660792907,363.1419677734375,8364450
2025-04-21,363.5061354809784,369.6518246844764,360.2284290153631,364.64422607421875,8987570
2025-04-22,367.37561587358095,369.4696912935156,358.999258623017,362.914306640625,7558174
2025-04-23,364.1889866848663,365.6457481886887,358.7261518845933,363.2330017089844,7429142
2025-04-24,363.1874387780086,365.3725670048423,361.32098145174524,364.0523986816406,5762303
2025-04-25,364.46214355651324,367.8309030401066,354.76561664484126,357.9522705078125,7337588
2025-04-28,357.95225673948784,363.0964207919065,356.4954951867936,361.5941467285156,3458518
2025-04-29,361.5941547111012,364.5076778808089,353.6730604813483,354.2648620605469,6274213
2025-04-30,354.26486598648376,355.4029566457918,348.80203082180526,350.8050537109375,4559122
2025-05-02,350.98714370429127,355.94922987212374,347.254200950872,349.16619873046875,5045851
2025-05-05,351.3968264078716,353.17223087880006,347.57283129517435,351.0781555175781,6395704
2025-05-06,351.8976287539243,352.9446665941684,343.6123232701639,344.38623046875,5982166
2025-05-07,337.1479282844353,352.6259595287675,337.1479282844353,348.98406982421875,9162368
2025-05-08,355.08425844068915,359.59110821967903,348.0280968947524,350.9416198730469,14258083
2025-05-09,345.160094509759,348.9385494358039,343.29360940708693,348.1646423339844,3809943
2025-05-12,356.85972203515405,360.63817750708483,352.8081081308396,360.0918884277344,6743279
2025-05-13,360.09189482768943,363.82483785327736,358.77169851124654,359.7732238769531,6307140
2025-05-14,361.2299385726813,367.8763762337662,360.95680795635707,367.0114440917969,6822756
2025-05-15,367.603248815516,370.015995232083,363.8247937346189,368.42266845703125,10511989
2025-05-16,369.6518126672982,372.38323000227825,367.46668435639697,368.5592346191406,4702603
2025-05-19,369.6062826202662,370.97199122294916,365.14494562317174,366.6472473144531,5446656
2025-05-20,369.19657832970813,379.8946296129981,367.8308696552456,371.5638122558594,18755291
2025-05-21,374.79599362876354,376.5258857965757,368.0585027836232,369.0600280761719,7393102
2025-05-22,368.7413681775692,370.24364226861684,357.99780362631515,363.1419677734375,7936875
2025-05-23,364.3710844329701,366.9203961706102,363.2785063823163,365.5546875,4178408
2025-05-26,366.5106542258547,369.46968953166777,365.78228741858885,366.6472473144531,6067873
2025-05-27,366.4651567403214,367.4211416872176,362.64116138190906,364.1434631347656,6553758
2025-05-28,365.09945212442034,365.87335926331303,361.002326103074,362.5501403808594,6002200
2025-05-29,364.18897967523225,365.2815577284236,361.45756232766803,362.5501403808594,7724668
2025-05-30,363.2330147429392,368.5137441251932,360.8657806874607,361.730712890625,6565658
2025-06-02,363.2330086739815,365.4636495889501,360.0918674894273,363.9158630371094,6119571
2025-06-03,363.915849507803,364.6442163538948,355.5394918506765,357.6791076660156,7360608
2025-06-04,357.6791036497496,359.6366138388785,354.7200682194297,359.2724304199219,3861957
2025-06-05,359.2724321249804,362.1859272758741,357.40594694267224,359.5455627441406,6097293
2025-06-06,362.2314764385181,364.7352757219765,360.5926093271874,363.2330017089844,7633919
2025-06-09,365.0084344939122,369.8339556108352,364.1890147677681,365.0994873046875,9626374
2025-06-10,366.9204075110747,368.2861162238951,363.1419522960213,363.7792663574219,6362912
2025-06-11,364.2800377413256,372.83847333028586,362.73222344117323,366.1009826660156,11946342
2025-06-12,366.00992415756485,366.3285950715013,356.4499634519568,357.54254150390625,11262656
2025-06-13,355.08430168653297,357.22391777942,351.4424114128249,356.1768798828125,5253032
2025-06-16,355.99471167950685,359.27241790678437,351.62445523341205,359.0447998046875,3706240
2025-06-17,358.7261394724335,360.4105190346533,355.17530253220025,356.2678527832031,3248476
2025-06-18,356.2678863251949,358.17988417622826,353.3543909294732,355.4029541015625,4118145
2025-06-19,355.4029478963729,356.44998572007665,349.16620567981965,349.84906005859375,4416367
2025-06-20,349.80359038966833,356.72316004705345,349.7580500875897,354.2193603515625,6531957
2025-06-23,352.3528445492884,357.90673215223865,350.2587689904223,357.3604431152344,3359491
2025-06-24,359.1358763922497,360.00080856626437,355.7216046346307,357.49700927734375,4606984
2025-06-25,358.5895794865098,360.0008006678644,355.9947274505674,356.6775817871094,4672204
2025-06-26,356.90519125575173,359.36347792193374,355.6760479226607,358.8627014160156,5569101
2025-06-27,359.6366085357702,362.0948952019522,356.9962440555017,358.8627014160156,16253653
2025-06-30,360.09187698321426,361.8217691916636,355.8126450806254,356.8597106933594,4870935
2025-07-01,357.3604275921815,358.63508343287987,354.17377409772894,354.85662841796875,5997283
2025-07-02,355.08428065476573,356.63209504358116,350.9416418279599,352.2618103027344,7752338
2025-07-03,353.17228028170285,354.17380559754514,350.9871518196752,351.85211181640625,3851213
2025-07-04,352.99017821786094,353.172256035704,349.0751300311473,351.5334167480469,3990767
2025-07-07,351.89762319491604,351.89762319491604,349.62144193233576,349.84906005859375,2810768
2025-07-08,350.48639966076036,350.9871484211249,348.0736253096886,348.57440185546875,5231160
2025-07-09,348.75650227568093,353.3999178792028,348.57442443530636,352.7626037597656,4497121
2025-07-10,353.30882092988844,354.0372155566457,348.30122248576447,349.66693115234375,4668066
2025-07-11,349.666924719214,349.89454282612286,346.5258115151199,346.844482421875,4677164
2025-07-14,347.8004836541144,351.3513207311965,347.345247418965,349.48486328125,5109504
2025-07-15,349.53039024985145,352.58047870861014,349.1206942925177,351.85211181640625,4586811
2025-07-16,352.03418964674927,353.2633330895823,350.48640305446196,351.85211181640625,5205724
2025-07-17,352.3983561360675,353.4454216981745,350.4408458952225,351.351318359375,3749218
2025-07-18,352.3528581420427,354.4014212707755,349.71249344431465,353.71856689453125,5172481
2025-07-21,354.17376573828955,354.53794914340574,350.8960595214182,352.17071533203125,4396850
2025-07-22,352.17075859937694,356.67760867445867,350.9871554409798,354.2648620605469,5043629
2025-07-23,354.5379465482438,357.31490403593006,354.037197843051,355.76708984375,3670943
2025-07-24,355.1753202668965,355.7671218222497,349.53037977256935,351.03265380859375,4022204
2025-07-25,351.03262972870976,351.3513006321677,345.9795189217806,346.7078857421875,4616856
2025-07-28,347.0721164995444,349.4848629867197,343.2481210133465,344.4772644042969,4521716
2025-07-29,343.20255591749344,349.8489928125196,343.20255591749344,349.3027038574219,4872086
2025-07-30,349.6214006387725,349.66691314448235,345.11455115699835,345.8884582519531,5107774
2025-07-31,344.1585543644677,345.06902673051127,341.15400667068855,342.6562805175781,6461803
2025-08-01,341.42715146877623,347.0265511957816,337.51213124609933,339.1509704589844,13769152
2025-08-04,339.1054896341736,344.84145520057143,337.05692653397216,341.154052734375,19756930
2025-08-05,342.33760820672757,346.6168394234763,340.9718996633497,345.5242614746094,6846687
2025-08-06,345.52433668504364,349.26596595174965,345.1085875691756,348.1573486328125,5808208
2025-08-07,346.4481735041964,351.29844793325515,345.15477262858565,350.6517333984375,3468573
2025-08-08,350.1436296868432,353.00760696688627,349.3583415012471,350.79034423828125,4172600
2025-08-11,349.2197279986213,355.40961276191996,347.8801172353035,353.3771057128906,5740719
2025-08-12,352.49944026129316,357.0263854021247,352.17611120325364,356.0101318359375,4860757
2025-08-13,356.5644598211875,358.4583651636437,355.7791716813799,356.7030334472656,4216888
2025-08-14,356.70301610313044,357.3959123938537,353.42329007729376,355.17864990234375,4034887
2025-08-18,357.21115467055745,358.9664864288502,354.8091083830927,358.2735900878906,3520271
2025-08-19,358.9202907164555,358.9202907164555,354.9938782697504,356.0101318359375,5219052
2025-08-20,356.61064648556027,357.3959346360561,354.34717385072366,355.4096374511719,4904231
2025-08-21,356.72059313853345,357.28240870494943,353.255911403874,354.0986633300781,6212604
2025-08-22,354.0986557696517,354.8945992405202,350.25942088049374,350.6340026855469,4699261
2025-08-25,351.14900689376026,356.5332916661313,350.9617159927852,355.83099365234375,4349832
2025-08-26,354.89462213839846,355.6905656606214,347.7779960319164,348.76123046875,6381642
2025-08-28,348.80802640867205,351.9917718068848,345.20289075597776,350.4935302734375,4372269
2025-08-29,348.9485126228335,354.894642292121,348.9485126228335,350.9617614746094,4578400
2025-09-01,351.4299240932104,354.52005258269344,351.2426617637927,353.86456298828125,2829114
2025-09-02,356.9078273223026,360.5129626642608,354.94138726518196,355.92462158203125,7511709
2025-09-03,356.7206262314554,368.28511207944274,355.8310372078028,365.0077209472656,8111851
2025-09-04,366.8804811134744,367.1614174727028,361.1684799713719,366.5527648925781,5515006
2025-09-05,367.44232277631977,368.2382662572267,364.25857742927195,367.6764221191406,4535470
2025-09-08,368.9405908165465,370.7197402346094,361.7303191085345,362.4326171875,4607020
2025-09-09,363.9776886902037,364.63314973844496,362.1517022900415,363.275390625,4376579
2025-09-10,363.79034551988474,367.67638854049596,363.3689553106594,366.9740905761719,4285507
2025-09-11,368.6128169585111,369.4087604339509,365.6631709745445,368.3319091796875,3442373
2025-09-12,368.51917550092634,371.00065140594245,368.19145928094014,369.268310546875,4276055
2025-09-15,369.26833004631845,375.16762238970716,369.2214930291471,369.64288330078125,4618798
2025-09-16,369.8769921047522,371.7497870014852,368.98740309817117,370.6260986328125,2581384
2025-09-17,376.4317537633384,376.8531440228103,372.21796547494284,374.3248596191406,5970395
2025-09-18,375.0271492343359,375.2612485784273,365.7568209236347,368.1446228027344,5899621
2025-09-19,368.94058424800977,370.06427258498144,366.5995906931366,369.4087829589844,5272435
2025-09-22,369.4088089253282,371.7029942009985,368.3319575297092,369.5960998535156,3399517
2025-09-23,369.6428553007497,370.5792526542665,367.16140802924616,368.98736572265625,4720322
2025-09-24,369.4087584243779,370.43880123542715,366.8336656850444,367.86370849609375,5139791
2025-09-25,367.1145899631463,370.06426464022627,366.74003671772397,367.5359802246094,4563970
2025-09-26,367.5359849029935,367.95737516982047,363.3690049811041,364.3990478515625,4698693
2025-09-29,365.00771507338544,366.6932476316161,361.07486292401194,363.6031188964844,6606409
2025-09-30,364.9140635012332,366.5059218711182,362.4794246440554,365.1481628417969,5362610
2025-10-01,365.0077105142473,369.78334317137717,363.22856109437834,363.7904052734375,4976933
2025-10-03,363.79039753891476,364.3522417060286,357.23561560127666,358.96795654296875,7431240
2025-10-06,359.1084406875797,359.6702849020165,355.7842409984194,357.6101989746094,7022052
2025-10-07,359.5765965801592,364.2117750760825,359.3893056721416,360.2320861816406,7895734
2025-10-08,360.98123109074265,361.82398311338096,356.8610878649458,357.7974853515625,3642904
2025-10-09,358.64021173077055,361.7303117850245,356.34602662196465,358.96795654296875,4628511
2025-10-10,359.57660110533163,362.1048855124858,358.5933952673165,360.0447998046875,5061600
2025-10-13,358.87429664798526,359.8575024684435,356.43965773949304,357.28240966796875,4750043
2025-10-14,357.75059527594533,360.6534327692756,355.92463759378705,356.7205810546875,4288494
2025-10-15,357.00153755381575,360.88758136203575,357.00153755381575,359.81072998046875,6135157
2025-10-16,360.5129929216699,363.2753766357278,360.0447942295638,362.9476318359375,3513302
2025-10-17,362.94762935507424,364.72677865760016,360.74708980190104,364.0712890625,4093872
2025-10-20,365.19499177330175,367.0677866029084,363.74358721098906,365.7568359375,4007425
2025-10-21,368.0978314608062,368.1446399011665,365.75683791116563,366.22503662109375,678084
2025-10-23,366.693216309925,369.3151175188867,365.616365048265,367.6764221191406,4311356
2025-10-24,367.6764151430486,370.29834487884324,365.9440743237267,368.98736572265625,4070949
2025-10-27,370.3451532979369,372.87343758294145,368.56600404165715,371.4688415527344,5438773
2025-10-28,371.7029738462153,372.8734706418306,364.58634761355813,366.5059509277344,7672258
2025-10-29,368.2382668300449,373.9034595044905,355.8778100792436,357.70379638671875,26856509
2025-10-30,358.5934025490022,364.2117870553613,355.1755291130353,363.0412902832031,15154040
2025-10-31,365.14818094520075,369.1278699320886,363.08809521547346,363.93084716796875,13103909
2025-11-03,365.7099834711926,366.0377282678442,362.6666920016472,363.8371887207031,14152223
2025-11-04,365.4722210411979,367.3957590466779,362.10602953160793,363.1158752441406,10536699
2025-11-06,364.2219297654581,364.2219297654581,358.1146907834311,358.88409423828125,6648689
2025-11-07,357.7780764965301,362.34647935502073,357.29719198511003,361.6251525878906,4650451
2025-11-10,361.7213424144334,367.7804756361436,361.7213424144334,366.7706298828125,4451727
2025-11-11,366.8667964646536,368.35752667298595,364.1257489469149,368.1651611328125,3299015
2025-11-12,369.55974408109006,372.78167615209935,368.0690138479128,371.7237243652344,4326520
2025-11-13,371.72372223175233,372.5893084702699,368.11708844554516,368.5498962402344,3480764
2025-11-14,368.5498909240205,372.54122638634385,367.6842753471283,372.1565246582031,3760163
2025-11-17,372.2046156960829,374.3205193086016,371.3871061480251,373.0221252441406,3847261
2025-11-18,373.02210284938093,373.02210284938093,368.30944074173124,369.2712097167969,4462641
2025-11-19,368.4537148288388,369.17504158874226,363.98149478760985,364.55853271484375,5332643
2025-11-20,366.4339836006498,366.67442584710693,363.1158688591975,365.1355895996094,3971851
2025-11-21,363.54866230210985,365.8088251998212,363.1158545352161,363.74102783203125,3088629
2025-11-24,363.6929497461026,363.74105580771237,357.7780761318372,358.3070373535156,5543493
2025-11-25,358.35511632145926,359.1245197404313,355.46980947402534,355.902587890625,4902920
2025-11-26,357.63379366888284,363.260147955412,357.1048031303336,362.92352294921875,4102285
2025-11-27,362.92352006647656,364.2219140224176,361.72130887594955,363.59674072265625,3330267
2025-11-28,364.51042599424306,364.70279152139085,360.5671674945822,361.7693786621094,4689402
2025-12-01,362.49072488858104,365.4722146148214,361.43277313399767,365.1355895996094,4217206
2025-12-02,364.99136359412097,365.37606535356014,362.3464986405404,364.46240234375,3695491
2025-12-03,364.4623655487425,364.79896120998086,357.97042495445123,360.90380859375,4650434
2025-12-04,360.6633799517097,365.2317827644314,359.5092453955198,364.55853271484375,3135061
2025-12-05,364.4142582678718,366.09735397186114,362.106018601144,365.42413330078125,3154258
2025-12-08,366.33779101709183,366.33779101709183,361.1923212105932,362.92352294921875,3911363
2025-12-09,360.75955816158086,366.6263549381182,359.07646240975475,364.8470764160156,4242651
2025-12-10,364.02952742433473,368.2613046999151,363.7890852001443,367.53997802734375,4752336
2025-12-11,367.73236201316956,370.6176688483441,365.95308359464013,369.31927490234375,2695140
2025-12-12,369.84825802405624,371.0023925669418,367.6362010595295,368.69415283203125,1410201
2025-12-15,369.31926743843974,370.2810363640607,365.56837449868976,369.7520751953125,1870236
2025-12-16,369.31928703709104,369.5116525727668,363.8852981891392,367.01104736328125,5109787
2025-12-17,366.28969549747876,370.76191506190605,366.24158944143073,370.04058837890625,3651138
2025-12-18,369.7039938573637,371.72371460638027,368.2132636633226,370.569580078125,2379619
2025-12-19,370.2810565223368,372.54121949076205,368.83840305536665,370.8581237792969,3611941
2025-12-22,370.8581019209402,372.15649583485805,369.3673424824204,371.4832458496094,3112021
2025-12-23,372.6373947527992,385.62127569399973,371.6756257941917,385.09228515625,18487395
2025-12-24,388.3622902869686,396.6335091275091,386.3906756797243,386.9677429199219,17624423
2025-12-26,388.362303576703,392.78644676846596,385.2846604417645,386.775390625,5435637
2025-12-29,388.5546650839521,389.99731854342224,383.7458202190517,385.3327331542969,6105510
2025-12-30,384.7075955951633,384.899961133305,380.3796351447177,382.7840576171875,4418163
2025-12-31,383.16875183953204,388.55466394257127,382.3512423447284,383.7458190917969,4644679
2026-01-01,383.74580416654663,387.40051437064653,383.02447746698545,385.140380859375,3161157
2026-01-02,386.00597042356566,413.0797602483684,385.66934542397144,411.5409240722656,35090129
2026-01-05,414.47437642928384,420.00454836793426,407.30918539451386,411.1081848144531,17258568
2026-01-06,410.6753424821993,414.8109372352361,408.46328563306037,410.7234191894531,6308113
2026-01-07,410.62725613273386,415.9169852442414,407.4534010553143,415.1475524902344,8920605
2026-01-08,415.14759496019286,417.407758045589,407.26110654312026,408.9922790527344,5991259
2026-01-09,407.5015183683881,411.97373814329626,401.25002015483534,402.3560485839844,7306605
2026-01-12,402.88500702655847,416.5902145552727,399.75925794106223,415.772705078125,14407896
2026-01-13,417.407743808877,419.13891625944524,409.3288901214579,412.5027160644531,7104004
2026-01-14,411.63713315534943,425.10189919314126,411.0600658835576,415.67657470703125,17125550
2026-01-16,415.6765955389238,417.02306634001,411.63715378480276,414.5224609375,6410141
2026-01-19,414.5224350494904,416.30171355270556,411.97375309395215,413.7049255371094,7105031
2026-01-20,413.6568361790586,414.4743456664417,397.7395422569594,399.4226379394531,6768420
2026-01-21,399.08604401652553,403.606340544335,395.81600605279414,398.2204284667969,7312100
2026-01-22,401.2019101462056,410.5310806672249,401.2019101462056,407.0206298828125,11497522
2026-01-23,407.7900565647403,409.52122902679355,399.51883728311356,402.4041442871094,6520896
2026-01-27,404.9047310328992,410.6272680693136,402.8850103523494,406.7320861816406,8749844
2026-01-28,407.3091754446371,428.90090144408913,405.481820197112,427.0735168457031,17496873
2026-01-29,428.9489550566974,443.90445060588655,425.63084041288823,438.3262023925781,16915601
2026-01-30,436.5950513200679,436.5950513200679,420.2930549539359,423.8996887207031,10191610
2026-02-02,402.9811828685342,409.23268093212715,397.21056927137136,407.30914306640625,9618062
2026-02-03,420.2930314381519,420.2930314381519,403.894882569753,412.98358154296875,13955805
2026-02-04,415.00330683120103,424.5248136785932,412.069923239366,418.2733154296875,11476290
2026-02-05,420.29300874342556,421.0624121220637,411.3485697256133,415.33990478515625,5252658
2026-02-06,414.0896208782096,417.6001011213123,410.7234294621953,416.25360107421875,4738027
2026-02-09,417.4077356155608,418.177139056075,413.3682941757114,415.1956787109375,4512635
2026-02-10,415.4841803592711,417.1672759973005,412.310354610759,414.4743347167969,5103221
2026-02-11,409.90595585074357,411.5890515855939,404.23149532113143,407.0687255859375,5715603
2026-02-12,407.5496008942892,409.6655043678895,400.24015085468574,403.1254577636719,5987886
2026-02-13,396.5373322371901,401.63472535845267,392.49792019768,393.3154296875,8190851
2026-02-16,392.4017612795858,407.64580616025177,391.0552905179163,406.347412109375,9719418
2026-02-17,406.10696586997364,408.36712892142333,402.50033207006265,405.4337158203125,4564907
2026-02-18,407.77248316740787,408.11352847643536,402.55899240351704,407.3339538574219,4872345
2026-02-19,407.33395822930726,409.1367580113489,404.0207214546411,405.5311584472656,3824366
2026-02-20,405.3850039549284,414.642594189476,404.4592330359269,412.7423400878906,8843227
2026-02-23,415.12982177734375,416.59154650191186,408.25972746741985,415.12982177734375,6515765
2026-02-24,413.1808519994873,420.97671713155313,411.3293399783948,419.9535217285156,8950772
2026-02-25,419.9535348771403,428.43152063038593,417.61475147320164,427.4083251953125,8935314
2026-02-26,427.55448258871854,428.33405721413175,418.54051344012447,422.4384460449219,8650353
2026-02-27,421.7562961584512,423.3154751489378,414.5938687845787,419.6611633300781,8147373
2026-03-02,407.23650333529827,418.63796811098797,405.38499129398826,415.3734436035156,7498197
2026-03-04,415.12981104208257,426.7261542760015,415.12981104208257,424.04632568359375,18921256
2026-03-05,428.91876975814256,446.8005422268828,428.7726032275429,437.9327392578125,30106255
2026-03-06,439.63807259571973,440.0766019141733,427.40832080796605,429.21112060546875,10553695
2026-03-09,427.79810214341273,435.78887585576075,423.70526102462657,426.4825439453125,15824576
2026-03-10,433.4500985814608,433.54755284543836,422.68207153642504,432.23199462890625,10860312
2026-03-11,435.5939625813165,442.3178902841275,433.79116282867665,435.350341796875,9975869
2026-03-12,435.3503358037143,461.90500094227326,433.6449903361004,458.1045227050781,27328045
2026-03-13,460.93054780817135,463.8539973714367,450.50356580364485,455.0836486816406,20216953
2026-03-16,455.083645150105,458.78666933929156,444.36433016798264,448.5545959472656,12312203
2026-03-17,448.55457995520084,453.6219042070883,446.3132806162115,450.454833984375,9193238
2026-03-18,450.4548107219673,451.03950652681567,437.7378182261193,443.584716796875,9539041
2026-03-19,439.3944477613891,448.2622504018954,439.1508269731272,442.6102600097656,10192726
2026-03-20,445.0464703473446,460.3458380912666,444.55922876813304,456.20428466796875,23878653
2026-03-23,454.1091472158584,454.1091472158584,439.1508249381209,443.6334533691406,10163783
2026-03-24,451.1857237929352,451.1857237929352,427.79812687926255,430.81903076171875,20320746
2026-03-25,432.23197756849606,435.0092604184729,427.60318273148965,432.378173828125,8630612
2026-03-27,434.6194659159683,437.0556736845556,429.79576263861975,433.6936950683594,17184280
2026-03-30,433.69373013800725,448.16481140135926,431.7935057681705,438.9559631347656,19114688
2026-04-01,452.1601997672271,452.9885164257809,435.39907701824,437.9327392578125,14960312
2026-04-02,436.95823181169686,441.73319322570217,429.25982099252116,437.8840026855469,6701003
2026-04-06,437.83527794076815,449.6752722894202,435.9837658589643,447.82373046875,12403745
2026-04-07,446.3619959640154,451.9652740890945,443.6821672954993,451.1856994628906,11316785
2026-04-08,452.16018668266554,452.16018668266554,435.5939729464472,437.78656005859375,20653569
2026-04-09,437.7865680184791,444.5592380057974,436.4222975161113,442.5128173828125,9468415
2026-04-10,443.38982377627923,447.87245211827394,416.59153772386674,423.02313232421875,29605732
2026-04-13,423.9001653672556,428.2853394917445,420.4894743815421,423.99761962890625,18702296
2026-04-15,427.7981065375825,427.7981065375825,420.3920285859696,424.67974853515625,10149319
2026-04-16,425.3618923564097,425.80042166675634,419.51499349240413,421.70758056640625,11776638
2026-04-17,421.756317453634,428.91877492801666,419.5150179871127,427.55450439453125,10733309
2026-04-20,427.4083197857799,432.37818984794853,422.2435411961278,430.4779357910156,8090840
2026-04-21,431.01390745334163,433.9373570532663,430.62412012112515,431.84222412109375,5336558
2026-04-22,432.4756058612528,436.3248261617997,431.20878967414046,432.8166809082031,6991939
2026-04-23,432.91413176862653,439.9791344817893,431.3549528082935,439.15081787109375,8989280
2026-04-24,441.19724859271133,450.21121777986224,439.54061533303997,444.36431884765625,16441909
2026-04-27,446.8005120208909,448.8956447881559,439.15081355542105,440.95361328125,6922067
2026-04-28,444.55924214943207,461.80757672937756,444.55924214943207,455.0836486816406,26732373
2026-04-29,457.86093575270064,473.3065003626175,452.2089153705519,467.65447998046875,18063862
2026-04-30,472.0883971033738,478.7148709533388,466.1927559129437,469.1649475097656,16935052
2026-05-04,469.31107723777467,474.57328014582816,463.46417850907864,467.70318603515625,7757497
2026-05-05,467.70319804108254,467.7519103028595,459.17647050952,460.5407409667969,6946902
2026-05-06,461.758853452309,465.3157110550086,456.1068332548133,458.2019958496094,8596697
2026-05-07,458.20198671934503,460.7843611060744,444.46176842572856,454.7425537109375,24264105
2026-05-08,449.43165700633176,451.52678990718846,443.2923950949329,444.7541198730469,15767759
2026-05-11,444.3642996450906,453.8655099993442,441.2946837861047,452.59869384765625,6258261
2026-05-12,453.1346901798445,457.0326229985958,449.8701654963667,451.23443603515625,6464174
2026-05-13,451.4293171298253,461.51522363300836,447.77500533438683,450.454833984375,12091924
2026-05-14,452.16016926653634,457.8121594868221,439.93041796317056,442.46405029296875,11408675
2026-05-15,445.3388036079673,456.54535993508244,443.63345807992806,450.4061279296875,7859575
2026-05-18,450.21123103655486,456.5453717329566,445.3875273799022,450.3086853027344,7735499
2026-05-19,450.3086825167521,451.4293322237166,442.41536282691277,445.29010009765625,7319865
2026-05-20,444.3643060241711,448.31095079397136,441.14852359980534,446.99542236328125,3756072
2026-05-21,446.99542860901926,453.3782812861203,445.582416159223,448.4571533203125,7425043
2026-05-22,448.26227805321173,451.0395611584889,444.36434520057514,444.9002990722656,9201635
2026-05-25,448.26225980400517,450.7471800008504,444.36432711005733,446.31329345703125,8441223
2026-05-26,446.3132756162649,463.51289699300514,443.3898262126649,446.4594421386719,17073323
2026-05-27,418.0532948110823,456.3504728597674,417.4685989404961,451.23443603515625,117042535
2026-05-29,447.19033402898145,461.90503628019576,444.26688443227135,446.2158508300781,97895486
2026-06-01,444.90026862272566,464.82846086346666,444.90026862272566,460.5407409667969,47716517
2026-06-02,457.8609344371012,462.8308046719781,451.4780516760305,460.10223388671875,24933269
2026-06-03,459.85859525382983,466.33890229183896,454.304059109336,460.2483825683594,15291450
2026-06-04,460.9305289643912,472.0883729035786,460.78436243997686,469.35980224609375,16059802
2026-06-05,470.96769728168346,471.26006007173,457.13005431325735,460.2483825683594,9592529
2026-06-08,453.134685712594,458.59179755282014,452.1114902533059,453.0372314453125,10074583
2026-06-09,453.03720924246437,455.6195836350959,446.703068784868,454.9861755371094,10972434
2026-06-10,453.32958585120934,455.4734309973617,438.7123381957172,439.4919128417969,8127902
2026-06-11,439.49189929992866,440.4663824469352,433.6937126796938,434.81439208984375,6034733
2026-06-12,441.781922610632,441.781922610632,428.4314921460311,432.1832580566406,9946830
2026-06-15,436.86079173976003,438.12763769980046,429.9419850472244,432.71923828125,10056872
2026-06-16,434.57076065389776,441.87938407734805,432.2807193667771,439.44317626953125,7262608
2026-06-17,439.3944477812171,449.7726874138692,437.1531484246528,444.1206970214844,9064734
2026-06-18,444.36430210349835,445.8260267814704,438.85847843091,440.46636962890625,5364436
2026-06-19,440.7587238882184,443.1949318021238,436.56845817184757,439.78424072265625,6128782
2026-06-22,440.46638770836233,442.70768707770367,436.27612202172736,437.5429382324219,3738644
2026-06-23,437.7865582003207,439.9791453031604,432.18328004861934,433.0115966796875,3512212
2026-06-24,433.0115979539708,435.78888090684734,429.6496191575099,430.4779357910156,4169224
2026-06-25,431.25752693814195,431.5498897405631,420.97674110530687,424.28997802734375,7046971
2026-06-29,424.5335833508713,436.471002078998,424.1437960340526,433.49884033203125,21400224
2026-06-30,434.22971500726476,435.44781899363005,426.77492455848267,427.8468322753906,4363382
2026-07-01,427.7981086191328,427.7981086191328,422.1461181684583,423.65655517578125,3391210
2026-07-02,427.21341149605803,428.7725905001956,421.7562998510096,427.7006530761719,4941315
2026-07-03,430.67283804511,434.0835290543271,426.62870920023164,427.5057678222656,4283263
2026-07-06,427.50578421754716,429.2598420511539,420.2458726096711,421.31781005859375,5464728
2026-07-07,421.3177837864981,423.26675003069255,413.6193730697032,418.0045471191406,5315215
2026-07-08,417.0787943191283,420.9767269763164,415.56835731001433,418.10198974609375,3686631
2026-07-09,421.415247713231,424.6797424560483,417.90710244543556,418.9302978515625,2855525
2026-07-10,419.1739282117408,421.56142386572225,415.8606913927063,418.3456115722656,4872051
2026-07-13,418.0532645933536,420.8792597349063,414.1553320563527,419.22265625,5650932
2026-07-14,418.9790186936798,425.36187107195155,417.1274770216339,419.6124267578125,6155516
2026-07-15,419.5637082383756,421.9024915889187,415.7145176400994,416.6402587890625,5624520
2026-07-16,416.6402523187647,419.5149894614917,414.9836488331998,416.44537353515625,4570655
2026-07-17,416.4941111351129,418.73544032445704,413.86302435483975,416.73773193359375,4142036
2026-07-20,417.22495027471075,422.4384410193781,417.22495027471075,418.44305419921875,5363624
2026-07-21,418.9790334365333,422.14610360750254,418.19942908959115,420.245849609375,4612497
2026-07-22,420.29456202342186,420.6843790664675,416.44537150369905,417.46856689453125,5625202
2026-07-23,417.9071026408695,419.5149938821919,413.66809501275367,416.15301513671875,6064005
2026-07-24,416.10429228957025,417.9558042700179,413.91170526930904,416.49407958984375,5403125
2026-07-27,418.54051906295683,420.00224380939324,414.8862071968658,416.591552734375,5241433
2026-07-28,412.10892552030344,412.7910756329879,396.41974057835654,399.68426513671875,14222229
2026-07-29,402.510272096928,402.94880143054917,395.8837982615734,399.5868225097656,9914444
2026-07-30,402.4128289341855,407.62628999878183,399.63554600721363,406.55438232421875,23225454
2026-07-31,407.8381341442665,409.91189339595996,405.0237487409794,408.9737548828125,5938134
2026-08-03,410.75126564101083,410.8006286621094,407.4431295512365,410.8006286621094,5371911
2026-08-04,409.81313574176164,412.3806457519531,407.8381326779459,412.3806457519531,4057342
2026-08-05,412.3806440010577,412.3806440010577,406.5543910147696,410.306884765625,5429514
2026-08-06,409.31938194415324,410.5537588498956,406.99874733412673,410.4056396484375,4753639
2026-08-07,409.81312218378423,410.05999755859375,407.34436843568915,410.05999755859375,3493763
2026-08-10,409.81313478047537,409.9612539826831,405.2212586951059,405.8631286621094,6284552
2026-08-11,405.86310684473176,408.2824975166374,404.134979260843,407.443115234375,10739893
2026-08-12,407.443129759797,408.5293874499116,403.098129135493,404.1843566894531,4089147
2026-08-13,404.1843404272088,405.3693542480469,401.61686070898185,405.3693542480469,4423109
2026-08-14,404.67810733710866,405.2706142712087,400.53061907071793,402.0118713378906,5000302
2026-08-17,402.01186816354345,403.3450012207031,400.2343473752791,403.3450012207031,4866733
2026-08-18,403.8387577654821,407.5418884572936,401.6662423718241,401.8143615722656,7352659
2026-08-19,401.8637580108829,402.5056279754732,392.3343441772275,395.0006103515625,6030203
2026-08-20,395.0499695819172,398.4074988466057,390.8530881372113,397.4693603515625,5070984
2026-08-21,397.5187170315459,400.8268530859488,396.6793648649181,400.1356201171875,10327739
2026-08-24,400.9256162334618,405.81376080111494,399.5431201357498,401.8143615722656,8002459
2026-08-25,402.9005979028079,402.9005979028079,396.0868438184469,398.9505920410156,8450049
2026-08-26,399.93810036811686,400.3330949338423,396.38308900428063,398.45684814453125,5118183
2026-08-27,398.4568656921387,399.8887549591251,393.42060188292527,395.0006103515625,4430005
2026-08-28,395.98809814453125,401.27123715199457,392.5318429238184,395.98809814453125,38504284
2026-08-31,397.02496764479713,400.5306160658315,394.6549700623321,396.7287292480469,7827528
2026-09-01,396.72871611730085,402.1106111906528,394.4080816323834,396.5805969238281,6128444
2026-09-02,403.0981191174421,417.1206221535703,401.4193545347908,412.62750244140625,34130970
2026-09-03,416.7256277481623,423.14438741726906,411.5906079584154,414.79998779296875,15286175
2026-09-04,418.0,418.0,412.54998779296875,415.3500061035156,6126850
2026-09-07,416.6000061035156,420.29998779296875,413.29998779296875,418.8500061035156,13592701
2026-09-08,418.1000061035156,423.6000061035156,416.04998779296875,420.25,5273145
2026-09-09,420.8500061035156,435.3500061035156,419.79998779296875,431.0,22791556
2026-09-10,433.0,436.29998779296875,430.0,432.0,8811171
2026-09-11,432.0,434.29998779296875,424.20001220703125,426.3999938964844,3868222
2026-09-15,426.3999938964844,427.0,418.0,419.25,6128458
2026-09-16,419.25,423.45001220703125,417.6000061035156,422.25,7049685
2026-09-17,421.1000061035156,422.79998779296875,416.54998779296875,418.0,3329425
2026-09-18,418.0,419.95001220703125,409.6499938964844,409.8999938964844,7700870
2026-09-21,411.70001220703125,415.3999938964844,410.45001220703125,414.70001220703125,3442984
2026-09-22,424.70001220703125,428.75,419.6499938964844,428.0,16676174
2026-09-23,428.25,429.3999938964844,421.54998779296875,424.54998779296875,7956161
2026-09-24,422.0,423.8500061035156,418.79998779296875,422.0,3565762
2026-09-25,424.0,426.6499938964844,421.3500061035156,426.1000061035156,4798343
2026-09-28,426.3999938964844,429.29998779296875,421.20001220703125,422.5,5492668
2026-09-29,420.54998779296875,426.0,420.54998779296875,425.0,7457218
2026-09-30,425.1000061035156,432.8999938964844,423.95001220703125,425.0,7436925
