Date,open,high,low,close,volume
2021-01-01,1004.7906417180031,1012.0320482100449,1001.4685095467468,1009.43212890625,2915215
2021-01-04,1013.0239359466843,1022.3357096902755,1009.4321493540442,1015.3831176757812,3923440
2021-01-05,1009.1720490871857,1027.8533109099728,1006.658762574472,1018.2045288085938,4770920
2021-01-06,1018.204771873736,1023.6165498719985,1006.4759811335239,1018.4744262695312,2713390
2021-01-07,1020.9200933656051,1025.5423028765113,1011.6757918914637,1015.1232299804688,3266465
2021-01-08,1020.7081224273751,1032.282804773599,1016.683055675746,1028.093994140625,4045915
2021-01-11,1029.201427228496,1045.186380245421,1025.7347117749955,1043.221923828125,4599235
2021-01-12,1047.8727848660076,1048.3638989014155,1026.3990646404561,1031.0982666015625,3741860
2021-01-13,1033.2457695367882,1035.1716703187765,1008.7868060960042,1018.801513671875,3296060
2021-01-14,1021.6711819520335,1026.1200084698573,1013.9868559255801,1022.4415893554688,2674860
2021-01-15,1023.6163673452565,1023.6163673452565,1000.6211050213323,1003.9337158203125,2577605
2021-01-18,1007.4387746560302,1008.7772899681436,969.6911617537982,972.9844360351562,4412055
2021-01-19,979.898394534679,983.1628107995675,969.989655157022,980.07177734375,3990495
2021-01-20,982.6524410418657,993.7166735761149,975.4784484077602,978.4828491210938,3398145
2021-01-21,984.1354287746294,989.5279281624905,969.479350111364,973.0037231445312,2906620
2021-01-22,972.3392558270828,983.2398624104826,960.061637097897,970.0570678710938,3815610
2021-01-25,971.0392271414744,987.6790386122935,955.2468167422521,978.81982421875,3588895
2021-01-27,973.0421191597036,973.0421191597036,930.7493532757802,945.4824829101562,5261980
2021-01-28,933.099036426781,944.4522016866442,920.0029331092722,938.2604370117188,5165470
2021-01-29,941.7655412926837,946.5802935487812,876.2849106097568,886.4343872070312,14820975
2021-02-01,878.2205104347463,881.6101150622976,846.0579396566152,852.81787109375,12951700
2021-02-02,860.6851780458462,872.0479826254347,843.737272107528,863.28515625,18375530
2021-02-03,881.8603588968765,917.0369665462057,874.8308324666823,895.4572143554688,17227025
2021-02-04,903.8252477994083,906.3289541753653,890.17061778945,899.0009155273438,6508800
2021-02-05,902.2845891155687,930.2101527061252,890.8543717547199,924.6057739257812,12038405
2021-02-08,936.9507881300326,945.6077032743069,929.2471845277302,935.9493408203125,10792890
2021-02-09,934.061933654366,942.863314846272,925.3953796307688,932.9256591796875,6233845
2021-02-10,933.0990349675061,940.6293149341391,916.9214783141676,929.0642700195312,5767115
2021-02-11,928.4769093971521,935.9879117490128,926.3584064841053,929.2568969726562,3557750
2021-02-12,935.9493911247245,935.9493911247245,921.5436304555742,922.8917846679688,2504510
2021-02-15,922.8918247623634,930.8939414310374,905.1831501547232,907.0704956054688,4923205
2021-02-16,910.7585772318871,917.0370333414734,899.3957730107156,904.5186767578125,4064700
2021-02-17,904.5186240156066,907.0896852611978,882.0626124620749,886.0203247070312,5106775
2021-02-18,887.2625710099262,898.2113129599401,878.2108132411103,889.1788330078125,5147530
2021-02-19,886.2995925300938,910.5658961621798,872.4330829341907,901.600830078125,6392670
2021-02-22,906.7140339078342,910.3636533812089,855.7065816377519,860.733154296875,6976565
2021-02-23,866.2702656231492,873.2612958129826,851.3445325400494,865.721435546875,5317090
2021-02-24,865.7213929252465,871.229441425555,842.9668685207857,854.2429809570312,3677930
2021-02-25,851.4697174387383,883.9885752283496,851.4697174387383,862.8325805664062,8531875
2021-02-26,858.9517842877992,877.9411385720507,848.3593295488241,852.5096435546875,7534450
2021-03-01,856.0629753467114,862.4184249949828,847.4445568097703,857.6807250976562,3545365
2021-03-02,861.5325665190849,862.7843904437154,845.4994755818695,848.3016357421875,9188390
2021-03-03,859.914717381562,869.688687566819,852.4037159273959,867.146484375,4253070
2021-03-04,863.1888797192167,882.7078470213819,855.8704204174389,881.109375,7364955
2021-03-05,876.284990772381,878.2108918510016,863.5740318987176,865.2110595703125,4131845
2021-03-08,866.6554032365718,870.892408717483,859.5295464115387,865.162841796875,2782080
2021-03-09,866.8383829537295,870.5072218808359,850.574135465745,856.698486328125,2715590
2021-03-10,865.8851427628815,870.4783769013306,858.1911773037564,866.7325439453125,3149805
2021-03-12,870.5071847128752,872.4234466559415,847.9933990612044,852.5,3439260
2021-03-15,858.9518249929631,859.3755255535542,825.2485583172303,836.2743530273438,4608715
2021-03-16,843.563825544399,860.242133472445,840.6556965379829,856.9680786132812,4678635
2021-03-17,856.9682163868748,859.9148427243159,836.6692022990372,838.8936157226562,4769865
2021-03-18,841.6187279955961,843.2557555828486,807.9250997648948,811.3339233398438,6054535
2021-03-19,810.8042902597205,829.1677626513605,796.3600333073501,823.2167358398438,7062075
2021-03-22,823.6886075071311,841.2239573583196,822.0227219414352,838.5276489257812,4336515
2021-03-23,837.7668608526188,847.9741117396823,832.3935810815126,842.052001953125,3326180
2021-03-24,837.815084443825,851.0556540349181,834.1751620568133,837.8632202148438,3912020
2021-03-25,837.7668994953807,847.8104657318735,825.2004077577163,843.6505126953125,4707080
2021-03-26,851.248190399763,851.825937155208,837.3239058552331,848.5519409179688,3626590
2021-03-30,853.1645439036033,871.9420795298458,851.4505224960134,870.16064453125,4331625
2021-03-31,868.5812032129414,875.649284540811,862.996103018,869.7367553710938,3862550
2021-04-01,876.2848441129977,884.9417586087193,870.9019256386769,883.535888671875,3238200
2021-04-05,878.2107684601509,882.8329186446491,851.9992866743459,877.5559692382812,3661290
2021-04-06,878.0182840070006,893.5988165740409,874.7442874599511,889.621826171875,3711470
2021-04-07,897.9127575128286,911.7214334334507,893.8105793759132,903.7578735351562,5568060
2021-04-08,903.7771491371496,915.958496055433,897.7009340407341,903.0645751953125,3303175
2021-04-09,903.8060675802678,923.2768978504911,903.4882774688494,916.78662109375,6810735
2021-04-12,919.6177120614223,986.0612954459648,904.210504320079,962.3630981445312,17568825
2021-04-13,990.8182569918009,990.8182569918009,915.0148198583203,920.0607299804688,19686170
2021-04-15,932.6946228460082,938.8863875818319,921.5436394666347,933.2049560546875,6934505
2021-04-16,936.719747915278,951.3951042901916,927.3598383916484,942.3915405273438,5990145
2021-04-19,942.3433492415445,963.9134642589715,925.7902275593107,956.806884765625,9219640
2021-04-20,982.2095123590645,1003.538889494827,980.1873398137415,993.1389770507812,17424880
2021-04-22,997.6071119219691,1018.8016625282853,993.5724056170696,1001.4396362304688,12120670
2021-04-23,1006.8609977436312,1014.2083146033052,968.7474600864219,975.7962646484375,11774495
2021-04-26,987.0242413776716,987.9871918570645,968.7763180384105,975.7962646484375,4752885
2021-04-27,980.3797197644587,985.2908017733732,967.0621588506143,973.9761352539062,4789175
2021-04-28,978.8487247411088,983.5382885074838,968.728106589527,971.5110473632812,4219765
2021-04-29,976.4799203437283,990.6834986663533,971.0970600857019,982.6524658203125,5359655
2021-04-30,989.9130511159241,1003.5869003282274,987.0531165240413,994.3618774414062,6534750
2021-05-03,1000.3033880812017,1003.8469800965299,989.9131145650173,998.7625732421875,4689495
2021-05-04,1003.5869905099185,1005.8788174621793,973.4177928675877,975.9022216796875,3978090
2021-05-05,984.135345388318,1001.853656916583,976.4317419019123,993.94775390625,5055995
2021-05-06,994.7278935090603,1011.4832561735391,987.9872398260367,995.3922729492188,4891875
2021-05-07,1001.4588330412121,1010.9054334158452,994.9203618446738,996.5958862304688,3924345
2021-05-10,1036.1347891050377,1038.0510512907397,1015.3350807886721,1026.033447265625,11222420
2021-05-11,1025.5422473666813,1030.3473607932528,1015.2001687547968,1019.9474487304688,4724450
2021-05-12,1024.1940185559047,1028.4310238114756,1015.9126686527217,1021.0067138671875,4400825
2021-05-14,1028.1518622695187,1039.678469332117,993.7649368097012,1000.8618774414062,14885055
2021-05-17,1011.0980503347325,1013.0239513829891,990.8760893280379,1011.1558837890625,6846935
2021-05-18,1018.8496648244814,1021.6710435232638,1003.3942646881045,1004.44384765625,4550200
2021-05-19,1008.2091654225336,1013.7943252968544,1002.6336444569491,1008.7484741210938,4594605
2021-05-20,1012.0608978461046,1018.0311434689494,1006.2831952894189,1008.45947265625,3879585
2021-05-21,1012.2535729800127,1014.8536099983413,1000.7559998150075,1004.63671875,3558170
2021-05-24,1008.4016005127255,1020.5348694543069,1006.6105268946004,1015.3638305664062,3532490
2021-05-25,1018.6861322285191,1024.5793848908338,1012.0610277446112,1022.8845825195312,3478075
2021-05-26,1024.5794177616779,1027.4682695034871,1015.9128625362501,1017.8773193359375,2537400
2021-05-27,1016.634894486917,1017.6267616198055,1007.27504472117,1014.728271484375,3891965
2021-05-28,1016.8756125047014,1016.8756125047014,991.8389023483356,1000.4188232421875,4373725
2021-05-31,1004.7426331814663,1027.5164373300095,995.9123342698125,1022.48974609375,4338240
2021-06-01,1021.6905012585881,1028.2386118106992,1014.0447305561231,1023.9053344726562,3736865
2021-06-02,1021.9311856699994,1031.1274096720085,1017.4534424776722,1023.10595703125,2729755
2021-06-03,1022.6533486694867,1028.4310512043426,1014.3719985457251,1017.3667602539062,2833590
2021-06-04,1017.3668407726781,1018.8016276119097,1009.5573263340385,1012.0609741210938,2007655
2021-06-07,1013.2164506583769,1015.6720214077965,1003.9144336318298,1005.1661987304688,1819835
2021-06-08,1005.3202418379685,1019.9378809833642,991.8582137290281,1015.864501953125,3663570
2021-06-09,1016.4711114304744,1022.6532951363065,1003.0187229441199,1005.8594970703125,2365525
2021-06-10,1007.7276987934368,1020.7275305504472,1007.7276987934368,1019.1964721679688,1836400
2021-06-11,1020.727465653033,1057.3003045298433,1018.5222715317952,1050.1937255859375,7277420
2021-06-14,1050.1938322390251,1062.1344424084555,1034.208876832893,1051.802001953125,4489710
2021-06-15,1054.4307843183924,1055.9811204982911,1040.3717307036807,1042.076171875,2844075
2021-06-16,1041.9123844434805,1051.1566852321528,1028.488911625007,1041.1612548828125,3492955
2021-06-17,1041.1612631383907,1042.682800088372,1010.8186848860241,1018.1275634765625,3536160
2021-06-18,1023.6162320082078,1029.393934164416,1008.1704706286963,1017.626708984375,3487140
2021-06-21,1015.9126491834035,1020.727401075268,1006.6683490605544,1017.2608032226562,2077445
2021-06-22,1017.9348830023446,1024.5792645242993,1011.1942299462636,1022.3356323242188,2134275
2021-06-23,1024.9644886982378,1030.347348832999,1018.2622735932289,1020.602294921875,2055715
2021-06-24,1020.5349741293776,1023.6067297630004,1011.10765123727,1016.4231567382812,1830910
2021-06-25,1016.2979323716838,1027.6606771970498,1014.3720314642322,1022.5185546875,2320365
2021-06-28,1026.3125984360377,1043.8286100468217,1023.1444539581845,1040.804931640625,2964815
2021-06-29,1042.1050443516747,1050.5694173514705,1036.1347979254494,1046.361328125,2881305
2021-06-30,1047.4976546272915,1053.2368022863002,1040.9495438724834,1044.42578125,2340440
2021-07-01,1044.993895253759,1074.6528193664553,1042.374697955634,1070.5120849609375,4157750
2021-07-02,1074.6527082468776,1078.504510068551,1061.4603340267115,1073.8245849609375,2858690
2021-07-05,1073.9207885995588,1077.7340345466755,1065.3987011174381,1066.5445556640625,1486705
2021-07-06,1066.9106165339228,1071.0320729555506,1061.941876503628,1066.84326171875,890540
2021-07-07,1064.8305953434515,1081.3163014276852,1062.143926122283,1071.205322265625,2692540
2021-07-08,1066.9490437518275,1076.1933440870773,1049.5389428279793,1052.841796875,2255835
2021-07-09,1054.051208755335,1068.0298408302306,1048.0438510285003,1056.4310302734375,2304980
2021-07-12,1064.0923656273492,1064.111732007415,1052.503240385516,1063.0089111328125,913295
2021-07-13,1063.0090900054854,1070.6901046600558,1050.3752409033477,1051.9423828125,1852410
2021-07-14,1051.9423541790306,1056.1600925593793,1038.4764594866904,1042.994140625,2506775
2021-07-15,1046.6990997805126,1052.213086620064,1039.1922649968087,1043.5357666015625,1518410
2021-07-16,1043.4099514199759,1054.4380426394307,1041.639698869131,1046.0316162109375,2189520
2021-07-19,1044.3774707644675,1053.4708145442823,1041.301286030175,1048.5081787109375,1204290
2021-07-20,1051.7294879746992,1051.7294879746992,1029.7895008858618,1033.9395751953125,1322140
2021-07-22,1043.60353788597,1043.60353788597,1030.5536668279053,1041.7655029296875,929240
2021-07-23,1041.1850466007638,1050.9555037911734,1037.044656095559,1049.0498046875,1533805
2021-07-26,1048.4405177311194,1053.8577912484534,1044.7257146726279,1046.9410400390625,934695
2021-07-27,1052.1163567614103,1053.4610213261287,924.8099114033423,937.0665283203125,29369105
2021-07-28,942.2129109693566,943.1609189154464,902.8504472561084,915.4746704101562,16190650
2021-07-29,919.0056585511131,921.9077816833798,901.5929197575131,904.0404052734375,5434680
2021-07-30,906.4297472544414,929.6467311755797,904.998052140001,911.498779296875,6866000
2021-08-02,916.8773993544768,919.1023485561273,906.9328217150539,909.6317749023438,3781730
2021-08-03,914.8265219363623,915.0296917953668,907.7260276311705,913.5302734375,2991305
2021-08-04,914.2849369738907,930.6142224404284,914.2849369738907,922.64306640625,5520990
2021-08-05,927.518505704331,930.4206287253356,917.4578479911545,925.2548828125,2969750
2021-08-06,928.369838061447,929.8886229235512,920.2245623128227,926.02880859375,1998185
2021-08-09,927.7120565047344,935.2188913516216,920.8049890668034,932.2587280273438,2717725
2021-08-10,936.2248934906078,940.0654004013413,915.8230013094865,922.8267822265625,3083355
2021-08-11,921.9077633129671,922.2850534831667,907.3971479407797,918.0092163085938,2633925
2021-08-12,918.8895912104664,919.6441125326163,907.4938925438878,912.5049438476562,3107090
2021-08-13,913.6077378713434,916.2583343486683,896.175690883708,900.0838623046875,3969475
2021-08-16,897.7233940583709,906.7490132485833,891.7256612979189,901.8153686523438,2096145
2021-08-17,902.5602547050829,913.0466184775179,901.8153575729791,909.4285888671875,2130070
2021-08-18,909.3318805028478,919.9826814438377,904.4950087980454,906.8263549804688,2768780
2021-08-20,901.5735667759968,901.5735667759968,872.1847280295965,881.4715576171875,4134540
2021-08-23,889.7909370051626,889.7909370051626,870.6369362171545,873.510009765625,2837575
2021-08-24,880.6976627328336,889.1525054012263,860.1312738838067,887.546630859375,3084680
2021-08-25,884.1801501529686,888.9396153917564,875.1545309938573,880.1074829101562,2220705
2021-08-26,880.1074250203039,881.2586027753555,868.0056223733001,871.3140258789062,2408595
2021-08-27,871.7977371146739,892.0738647975558,871.7977371146739,890.0907592773438,2816975
2021-08-30,893.6603722409736,909.3318478098696,885.7375743115999,905.04638671875,3141835
2021-08-31,905.0561294554581,913.5399625290297,899.7548777589884,910.115478515625,3227635
2021-09-01,916.8774352176752,925.6708944038368,906.8167769859595,921.60791015625,2814755
2021-09-02,930.8076413728339,948.8781877278724,930.6141546878301,940.2298583984375,6299320
2021-09-03,943.4221438789308,949.8164741092578,940.7328739108733,947.746337890625,2156575
2021-09-06,955.765861247279,956.4043023412901,942.5031376051586,951.11279296875,3080995
2021-09-07,950.9290017724367,953.0475539957181,939.426906390241,947.5335083007812,2101070
2021-09-08,950.9289823348132,955.765854065916,940.5393913034194,950.213134765625,2500145
2021-09-09,945.1247460440779,952.3703705252819,943.596278028946,950.3582153320312,1812055
2021-09-13,953.6183635816515,957.1589279034201,942.8224322220561,954.10205078125,1493265
2021-09-14,957.6813199170233,965.246195049622,952.6219705389872,953.976318359375,1549905
2021-09-15,955.1854756879812,962.5374972757653,951.6835851952695,960.138427734375,1601600
2021-09-16,963.6984370684722,966.6972742402364,951.2289662611306,954.20849609375,1482575
2021-09-17,954.4115802286669,959.2000954218262,942.0388826387268,945.0377197265625,2274150
2021-09-20,943.1899949739739,945.2311406900102,918.6573955316351,923.8328247070312,1660330
2021-09-21,922.6333278631628,941.0617982518174,918.0866564046352,939.059326171875,1701950
2021-09-22,939.1657574994186,943.925222858163,931.0107396178042,937.64697265625,1253645
2021-09-23,941.6228782880643,941.9517525125566,922.8751580889137,928.1570434570312,2800365
2021-09-24,929.8402644580143,932.7616949313789,924.4326157027032,926.8123779296875,1258075
2021-09-27,928.1570415787787,929.7725402570779,915.7165622096416,927.0639038085938,1130285
2021-09-28,930.5947642396242,939.1463795273231,919.9923790842299,935.0930786132812,1527230
2021-09-29,935.0641219800036,952.4575547822574,927.0639754092639,944.3509521484375,3275350
2021-09-30,946.0727824841653,964.4722621874288,941.3423666131592,944.2928466796875,3880075
2021-10-01,938.9335601900187,961.570144554618,938.788489457692,958.8324584960938,1710665
2021-10-04,958.6680167095953,982.2719753500545,957.7006423234101,975.6357421875,3801765
2021-10-05,974.5522907102621,977.0481331668665,961.5701429384804,974.068603515625,1774235
2021-10-06,970.7602132388512,975.53904515058,949.3425297896947,958.9776000976562,2646320
2021-10-07,962.7116222768037,965.4202587147977,944.7281657315976,946.304931640625,1719870
2021-10-08,949.313486076594,957.0524808656604,932.7423587609981,938.1983642578125,1741550
2021-10-11,942.2226682377876,952.1866127769125,934.077392299262,946.9337768554688,3440320
2021-10-12,948.0269254250028,959.0550173587106,939.5140423932215,950.0197143554688,1427440
2021-10-13,949.768149510946,956.9267435030678,946.1115050764588,953.53125,1207980
2021-10-14,952.6703302032646,969.2414589709095,950.745264527815,959.3839111328125,1460300
2021-10-18,956.7332601620562,962.5278232411994,941.3810335015683,943.6737060546875,1668255
2021-10-19,948.9942703751453,951.8963935261397,926.7446595508555,929.0276489257812,2698595
2021-10-20,928.8825873488496,937.2793899965503,912.8144538044997,919.76025390625,1580485
2021-10-21,924.8099633348197,926.5125517938329,889.9844835439688,899.9774780273438,2584000
2021-10-22,900.6255962425892,906.9715701551116,888.6785456242579,897.2301025390625,1814980
2021-10-25,899.8322397444322,909.1383759984793,877.7954833922729,904.7174682617188,1380835
2021-10-26,908.3645664897604,909.0997804847337,897.1430470068937,902.79248046875,1363565
2021-10-27,900.7222129812387,914.7491407340926,899.0873480055317,902.115234375,1929040
2021-10-28,904.4950781352046,907.3391612774051,880.5138876402183,884.1705322265625,1341975
2021-10-29,888.6301451218942,951.4804937683075,875.6770461247428,901.438232421875,9725820
2021-11-01,906.4297723866393,935.4413199021378,895.6048509715168,928.9598999023438,3383505
2021-11-02,928.6503116951691,929.4532489252067,913.5883452632144,918.2510375976562,2046660
2021-11-03,920.7469723543747,928.3408970701157,919.6925672882961,923.1944580078125,1862160
2021-11-04,923.8425816956636,926.4834949985209,919.7795972762949,922.1303100585938,104180
2021-11-08,920.940404961172,930.6431982830591,909.5447064831063,926.5028076171875,1191260
2021-11-09,926.7445811691761,935.4509498857967,923.900498359993,927.19921875,1249435
2021-11-10,925.6031836154882,938.3434879741862,923.6490684268655,934.35791015625,1711170
2021-11-11,934.6770701346461,938.227317320085,925.5837280030715,931.57177734375,1586300
2021-11-12,938.3531730404133,942.2226706611985,931.5815522040392,937.0472412109375,1166710
2021-11-15,936.6118482323176,947.8333669639983,935.073697051711,942.9287719726562,1337395
2021-11-16,948.2203925284715,948.2203925284715,928.1666811969379,932.0845947265625,1679855
2021-11-17,932.0845596496833,933.4872052327073,919.0250058259938,922.5462036132812,983295
2021-11-18,920.9017138990909,922.4301228711735,899.8709457867084,903.8081665039062,1168320
2021-11-22,904.775538695002,907.319737970649,886.4244755325925,891.454833984375,910090
2021-11-23,889.9844788243806,901.9508958433266,880.6009350106145,896.166015625,1063495
2021-11-24,895.5759204276029,900.3546933885198,887.3919115645539,889.607177734375,996290
2021-11-25,892.6931326163517,908.5580972488162,887.0823726027706,888.3593139648438,2726870
2021-11-26,886.1149593303437,932.5489309983094,885.3700621408053,919.1798095703125,5361365
2021-11-29,938.3531045346564,945.124724876659,902.6763343521404,908.8675537109375,4500925
2021-11-30,912.0212487883495,918.6671060734471,899.6581758374084,904.6594848632812,3589115
2021-12-01,908.5580282189029,911.7309854780121,888.0496795831586,891.2130126953125,2127105
2021-12-02,891.8997849923624,903.3341569032567,891.7353478850147,902.1249389648438,1163740
2021-12-03,900.0838156827416,902.3668050368279,886.6953283557402,889.3072509765625,2738865
2021-12-06,891.7740083836238,891.7740083836238,867.5993331642517,870.3853759765625,1336375
2021-12-07,874.5064601513626,880.3107065682965,859.2799964979553,874.6419067382812,2662500
2021-12-08,875.9091272316732,887.9916235570718,875.9091272316732,884.3156127929688,979280
2021-12-09,889.9844524252583,893.4573525178195,883.2805548851862,888.8719482421875,1130885
2021-12-10,891.9192279749458,893.757263016729,884.8574064168859,888.6881713867188,802565
2021-12-13,905.075429901673,905.075429901673,883.4933102369052,889.9457397460938,1355025
2021-12-14,889.2105814104627,901.5929622158158,885.553877750557,898.99072265625,1195915
2021-12-15,898.7101762741962,898.9906935920052,884.6252074927505,890.04248046875,1537725
2021-12-16,895.7886626365553,897.5202414953708,884.1801702481766,889.4716796875,1006605
2021-12-17,895.7886976854682,899.2712219207018,870.0178294044254,874.10986328125,2417560
2021-12-20,869.9017667352884,885.1475970895517,863.2849587461909,882.3809204101562,1708885
2021-12-21,882.4486328119679,895.6339507588681,879.1111792848781,894.028076171875,1293770
2021-12-22,897.7233717639698,905.3269197723966,891.9191258258406,899.367919921875,1068395
2021-12-23,904.2434553627694,909.3318536932164,900.6448512615384,908.3258056640625,831200
2021-12-24,914.1687315887286,915.13610590787,892.1126089210707,897.462158203125,1259130
2021-12-27,894.6471670647845,918.038272118431,894.0667070196458,916.4711303710938,1696340
2021-12-28,916.4711099914598,923.5716046060504,909.9219667939147,917.8060913085938,3342970
2021-12-29,917.8061035923052,937.9952016817452,917.8061035923052,935.0930786132812,2528020
2021-12-30,934.4836427909618,953.4345327063564,933.5259516102722,948.9362182617188,2765730
2021-12-31,948.800765540534,954.0342939206051,943.4802065321519,949.3812255859375,1442840
2022-01-03,949.3812262634618,953.8891648290343,937.9081214111494,938.9625854492188,1463005
2022-01-04,940.4814160521673,946.6532695301217,933.5163084703546,935.5381469726562,1267190
2022-01-05,944.1574152508765,948.9168807708884,920.3696527541459,926.8220825195312,2684010
2022-01-06,926.8220861191413,935.654219156911,914.8072535020798,916.9645385742188,1908215
2022-01-07,922.7687546327267,922.7687546327267,907.3971616785446,910.9570922851562,1335615
2022-01-10,914.826615327599,914.826615327599,900.6546157966827,909.1481323242188,1575095
2022-01-11,911.2666318435879,917.0515115253801,901.6992854130514,903.3825073242188,1547160
2022-01-12,905.4623755139446,909.9703139255669,896.5625198432867,908.054931640625,1188845
2022-01-13,909.3319246624998,920.8630108344535,906.352395015371,914.3526000976562,2270255
2022-01-14,913.2401056747402,913.7818329760103,901.6993361887961,907.242431640625,1594300
2022-01-17,902.6570230079186,909.3222467500307,891.0485302852678,903.9920043945312,2693245
2022-01-18,903.5276907246994,914.0624121243363,894.0474334016681,908.0840454101562,2122640
2022-01-19,908.3645369186518,915.9874517070359,900.6158587381769,906.4201049804688,1539435
2022-01-20,911.6536853447527,911.6536853447527,884.1802279485066,888.349609375,1588695
2022-01-21,882.4872618982007,884.1801670320148,858.0610592531697,869.8920288085938,2787740
2022-01-24,867.9476956609195,868.6636023672283,834.0702817921605,844.3921508789062,2782490
2022-01-25,844.3920261674608,854.9557373120774,832.135409946419,851.8408203125,1704510
2022-01-27,839.6810432596975,844.5469652039682,818.7857782431262,823.4968872070312,3527530
2022-01-28,822.0360945044412,847.4199897739416,807.8447283312579,816.193115234375,6514920
2022-01-31,822.2584889289816,845.2142626518796,820.3431066691336,832.483642578125,3092775
2022-02-01,835.8114704933841,837.0497380499764,823.8160044752459,833.7703247070312,1858315
2022-02-02,836.7788754787304,857.0453814392682,834.8634930161749,854.2593383789062,1525005
2022-02-03,854.7719456799501,858.4383322272198,843.5504269210155,846.3848266601562,1107685
2022-02-04,852.169719045241,852.5470092150822,839.1005410759387,841.9929809570312,1234965
2022-02-07,835.8114876029956,841.615734044683,822.27792909681,833.7219848632812,1279790
2022-02-08,833.6831951808965,847.2941592426541,828.0821190028556,836.188720703125,1982015
2022-02-09,836.2370942368656,850.3220625586775,834.1668989356538,845.2433471679688,994400
2022-02-10,848.3872818639413,849.1128126066984,838.4620118560097,845.62060546875,1189325
2022-02-11,834.0701583804871,841.5285766699824,828.1014753020609,836.856201171875,1687690
2022-02-14,822.2682118183872,825.4799018015746,806.1614049928769,813.4844360351562,2246930
2022-02-15,819.1726581737566,830.868241049707,810.388881788572,827.5985107421875,1790055
2022-02-16,827.6854617172755,846.0269004601422,821.0202973877489,835.1245727539062,1903065
2022-02-17,836.3725414357483,838.7619277660015,830.6263353705469,832.1354370117188,1145155
2022-02-18,828.0725238044389,840.261418177478,825.0929939855747,836.0339965820312,1790540
2022-02-21,846.6460530685762,854.5108113517755,828.5755070794166,831.6033935546875,2939755
2022-02-22,810.6500381860151,819.4821709001784,804.0235473746386,816.1737670898438,2404200
2022-02-23,824.2030099073253,824.3287733060538,810.824205080425,812.7783203125,1857420
2022-02-24,783.5732165355834,802.7272166865732,783.5635333451543,791.7958984375,3485635
2022-02-25,795.955593072553,812.7879301623013,793.6532374258352,808.067138671875,1527165
2022-02-28,802.9207644730747,802.9207644730747,784.0569633800325,786.1658325195312,4914250
2022-03-02,785.7691514270356,786.1657489157279,740.0413487975053,745.4876708984375,7703175
2022-03-03,750.4891249069558,753.4396053216743,715.8571296334592,719.504150390625,6673625
2022-03-04,717.7917245084379,749.5119062804606,706.9571206316178,740.7474975585938,6040250
2022-03-07,725.3372758072993,733.6470474529314,709.6657995288314,729.2841796875,3015430
2022-03-08,725.5308163592925,752.0272159432577,723.1801035995503,748.46728515625,3920845
2022-03-09,754.8422238750205,770.2815403781632,751.1081729042655,760.443359375,4046845
2022-03-10,769.0626293616028,771.2875786189112,749.8215388413914,753.1009521484375,3560495
2022-03-11,753.1977270812642,773.1256762815221,749.3282292610803,769.1787719726562,5566315
2022-03-14,766.3539701289441,772.8643805955485,759.3888630160786,765.6381225585938,2850290
2022-03-15,765.7735796643373,773.7060618456583,750.6825620853167,754.5230102539062,2356470
2022-03-16,768.8691652674672,768.8691652674672,752.6172870726124,763.0262451171875,1793880
2022-03-17,767.1472305160701,783.5732281832137,763.4905271101695,782.054443359375,3862935
2022-03-21,788.2166773469531,789.9483153726076,773.2707305265781,774.8572387695312,2008195
2022-03-22,777.9624989828455,784.9179232331616,768.0952683613733,779.771484375,6451110
2022-03-23,781.6384918536118,810.4565531130736,781.6384918536118,798.5288696289062,5220570
2022-03-24,795.7621233901143,841.3351742755086,793.5274909845599,837.4559936523438,8690735
2022-03-25,837.1658289133635,846.4525995306753,830.0072347397936,843.8309936523438,4321985
2022-03-28,843.511805775463,844.1212563729185,820.169056705357,829.126953125,2484535
2022-03-29,830.7810755728406,842.6894513965404,821.6974163039093,836.498291015625,2105420
2022-03-30,842.157413102719,844.8080093788851,828.865698959767,842.4669799804688,3084130
2022-03-31,842.1960745346125,848.8709810803028,828.091799206692,831.0616455078125,3058595
2022-04-01,830.9745845760028,838.6458562517282,824.7833649849064,827.966064453125,1569355
2022-04-04,839.6809788924236,839.6809788924236,826.1377372973845,835.2600708007812,1298870
2022-04-05,839.4680665144115,852.8371268741116,832.4739104412176,837.7267456054688,2399325
2022-04-06,837.7461636725533,842.583035287291,825.4218242452167,827.443603515625,2059755
2022-04-07,830.9745315982124,842.9796207960276,827.443591752115,835.308349609375,1397010
2022-04-08,841.0353233422618,866.3128210285106,837.136776186066,857.1614379882812,3358875
2022-04-11,857.0936924856322,860.9631899686374,846.1526907141891,847.5166625976562,1077795
2022-04-12,846.646042761112,852.8565695546056,837.4849769656269,845.9398193359375,1855070
2022-04-13,841.8091543047433,844.0050538854123,830.1232558587101,831.7871704101562,1847180
2022-04-18,827.1050858191384,835.5115714507967,818.5341630769625,829.0301513671875,1698380
2022-04-19,833.8767191918137,835.0568875995075,810.6597339706959,814.47119140625,1550720
2022-04-20,815.883588998149,839.6809755162077,815.1193254374394,830.6650390625,2252075
2022-04-21,835.6179190326056,841.9155352517636,833.8766570794911,835.8694458007812,1972180
2022-04-22,831.3518804677544,831.7484779832454,806.2098298430153,811.1917724609375,1953715
2022-04-25,802.9207370549732,808.666943245771,785.7014848642502,796.2362060546875,1705680
2022-04-26,807.7576126101277,809.7407182933952,799.2544130098131,803.801025390625,792225
2022-04-27,803.801066449812,805.5713781995565,787.9361611294256,788.8067626953125,993500
2022-04-28,793.247009189958,803.240003289226,789.6870784778795,797.532470703125,1504805
2022-04-29,804.8554839317692,825.3638325907231,796.1684808958635,799.4285278320312,2615175
2022-05-02,797.5324162711379,802.0016809773049,787.4427090378915,797.8710327148438,925300
2022-05-04,797.8904188947271,800.0960609384955,767.5148971870773,772.41943359375,1712475
2022-05-05,783.5732150858678,788.3907204031063,764.4192149703154,766.8956909179688,1264655
2022-05-06,760.3175575233823,764.0032513970344,750.6824878411833,760.4819946289062,1197395
2022-05-09,760.162703129086,761.507367558915,748.8734617289043,755.674072265625,886775
2022-05-10,754.5519837790571,761.1301174699006,752.6172351027005,757.2606201171875,1014140
2022-05-11,753.6813304529197,762.8617626067105,745.0717341872394,751.466064453125,1356280
2022-05-12,747.1031982157207,753.8167785621565,733.2407072568601,750.6824951171875,1468145
2022-05-13,754.4359126010603,769.836495716692,752.7139579174724,759.25341796875,1092005
2022-05-16,759.0018921994977,765.1931116636185,747.0161688635753,752.3076782226562,1089575
2022-05-17,761.3042329863696,763.2292984602446,748.9412197248597,755.3258666992188,1277320
2022-05-18,757.2605802672718,770.9876237654064,751.0694202550394,755.674072265625,2500790
2022-05-19,751.8433920701576,776.7532827568931,740.8249835337347,760.2498779296875,9129055
2022-05-20,769.0625876443994,831.7677984165914,769.0625876443994,822.0940551757812,12401575
2022-05-23,822.0940890201,837.1657981420366,819.598246628945,827.0953979492188,3035360
2022-05-24,826.892310254367,846.4525920987334,823.5161240330502,841.0546264648438,5054480
2022-05-25,849.5674544024192,850.9024356992068,831.2260749228057,833.38330078125,2500200
2022-05-26,835.0375455185624,841.4221925711876,829.9394638318415,832.744873046875,2145360
2022-05-27,835.8114609304786,853.0307130158789,825.9345472949483,849.451416015625,2171455
2022-05-30,852.0633679981784,856.4649097522171,841.8285302143596,845.5432739257812,2324015
2022-05-31,842.5830806352271,851.0959633265612,837.8622889616621,845.41748046875,2380075
2022-06-01,841.615713945643,843.8697127922803,832.1547641305871,835.6179809570312,1772530
2022-06-02,832.541722466537,843.5504474793972,830.0072063501409,838.3556518554688,1639675
2022-06-03,843.4924266908172,849.6739632040048,834.8054235759084,839.6809692382812,1423865
2022-06-06,838.1331586861411,842.3218471012202,826.3311798323157,833.054443359375,566055
2022-06-07,824.202963495925,827.1050866068263,793.9628312333198,801.7501831054688,3605015
2022-06-08,807.5640714992797,814.9741918639511,795.7620929723054,812.4299926757812,2264910
2022-06-09,806.809599881458,838.7135880627554,806.809599881458,836.37255859375,3702930
2022-06-10,836.3725521144945,844.3243411211616,828.4207040639815,841.9155883789062,2107480
2022-06-13,836.391880599375,842.5831003619385,823.5258129192653,825.5960083007812,1839815
2022-06-14,822.2681722774067,836.769103892084,820.1496201541382,834.079833984375,2035905
2022-06-15,833.238275892748,841.4415917553359,829.4364426141734,838.810302734375,1585315
2022-06-16,841.6156778140944,843.4149799202778,827.2308260673772,829.5234985351562,1750035
2022-06-17,830.007147973562,831.7291025656467,786.678474406809,802.2822265625,4764870
2022-06-20,802.2823002085286,808.5702337249272,794.6206525508239,803.2689819335938,1387575
2022-06-21,804.8748654871923,827.404993959965,804.8748654871923,825.8765258789062,1191555
2022-06-22,828.2660003404518,841.3932784656284,804.8555272814287,824.3771362304688,2847785
2022-06-23,830.9745055397623,833.4316149522814,823.2355113088914,830.9551391601562,1675510
2022-06-24,836.1984664998196,845.9786076480602,830.3942200198408,833.8090209960938,1518295
2022-06-27,851.2604520624506,851.2604520624506,833.0738245180769,835.9179077148438,1663765
2022-06-28,837.6010903201268,847.4199639768955,834.2636959162542,846.3751831054688,1412215
2022-06-29,842.9894460853575,852.9824409160916,838.5975872370796,844.3921508789062,1905735
2022-06-30,845.4368971613605,854.1916239674324,841.8092430391886,850.0899658203125,1845325
2022-07-01,848.3874031196134,850.3221520434894,830.0169715344273,848.5615234375,1523995
2022-07-04,843.956736662942,853.4660433122601,831.1680757519757,842.4766845703125,1303490
2022-07-05,844.4984994429403,864.349041368742,841.8479029880531,850.1673583984375,2434495
2022-07-06,850.3220496384049,859.6668598360269,847.294163213682,849.3546752929688,1678505
2022-07-07,856.4648580064594,859.6088246470852,837.3592145749647,838.9940795898438,2161110
2022-07-08,837.7461771645789,854.1818577291414,832.7932252748269,852.4889526367188,2089480
2022-07-11,853.0637099593457,889.9882520555269,847.4047373556695,876.8002319335938,4797040
2022-07-12,870.780847010509,884.2026185285662,862.1901071158376,873.4301147460938,2079370
2022-07-13,875.5339814047795,883.3649679233033,866.8653045795417,876.9170532226562,1893835
2022-07-14,877.77418843238,897.6438744692418,877.1994987550642,891.2933959960938,4423835
2022-07-15,895.1894067028807,898.5302399832627,880.6961933862008,885.5662231445312,1504725
2022-07-18,891.4102786317168,898.7737614117375,867.8977601691738,870.0015869140625,2337315
2022-07-19,868.3848117395519,876.2157988013129,863.9725953470368,866.456298828125,1961920
2022-07-20,874.6574229974856,875.047049192519,864.9173626077586,868.5698852539062,1130700
2022-07-21,870.5664748220663,874.0436830719884,848.5539649254207,851.4954223632812,3126100
2022-07-22,855.9563519724717,858.449804637185,847.96949189924,851.9629516601562,1806315
2022-07-25,852.7714927025902,855.342823334472,837.6451511471249,843.5963134765625,1726910
2022-07-26,843.2554516435099,843.2554516435099,817.0059778180898,820.502685546875,2971165
2022-07-27,819.7137049464725,837.6451285764016,810.9573413981295,834.9276733398438,1866270
2022-07-28,840.3723572465666,840.5476711911348,817.1910265476887,829.8628540039062,2832835
2022-07-29,814.8436629072246,814.8436629072246,790.0357004766971,796.8050537109375,9872475
2022-08-01,806.4379912500175,806.4379912500175,798.7822592689789,800.7205810546875,2136850
2022-08-02,804.1393724828655,804.1393724828655,793.0746780035121,795.8408813476562,2635115
2022-08-03,797.7011107022837,799.464059065603,786.996794995007,797.964111328125,2600985
2022-08-04,800.6329638096755,810.2366490835702,796.5518761295868,808.0256958007812,3006675
2022-08-05,809.3990219339519,816.9573183412862,807.2270074810782,809.7593994140625,2075395
2022-08-08,809.75941534183,824.7883217508329,809.75941534183,822.7136840820312,2041885
2022-08-10,826.6583525334554,830.6323137011235,820.999379991509,826.5999145507812,2108115
2022-08-11,829.8530387540933,833.3594362651623,825.1583231146334,829.5218505859375,1285185
2022-08-12,829.4634701610543,835.6191950986729,822.2558615662923,830.0089111328125,2021290
2022-08-16,832.7750879764449,841.3463284542007,830.3985110784275,837.216552734375,1314065
2022-08-17,841.1418073631988,843.4696363552838,836.0379663524608,840.742431640625,2169055
2022-08-18,825.9570230226378,825.9570230226378,805.181460031424,823.0545043945312,5137920
2022-08-19,824.3986830095185,827.3401406360665,815.2430030429742,818.9442138671875,1928705
2022-08-22,812.1456553642221,823.9992912323011,810.3729573861073,815.6228637695312,1692810
2022-08-23,807.4509262279475,825.0219720268747,807.4509262279475,823.0642700195312,1398150
2022-08-24,827.184371232393,827.184371232393,817.5806860363319,821.6812133789062,1467185
2022-08-25,825.7915361716682,830.6128778346393,820.502690645149,825.5480346679688,1552875
2022-08-26,832.3855409063267,832.7751671031293,820.5319040038149,822.7039184570312,818685
2022-08-29,812.3209764986786,822.6941638269352,809.8177740295921,820.1422729492188,966050
2022-08-30,820.8921975856416,830.1647531946312,816.7332326304607,826.9407958984375,2359905
2022-09-01,821.2819231016591,824.4961312154938,817.590402080765,818.5741577148438,1656700
2022-09-02,822.6746894742219,824.3986991113605,813.0904443125029,816.207275390625,1008280
2022-09-05,817.1910187183174,821.9733619314986,809.3989708640307,820.94091796875,1581715
2022-09-06,824.0090723418188,828.294722502236,815.2430183807356,825.80126953125,1129375
2022-09-07,821.0870102540156,831.0218827660271,820.5610684460979,827.7686767578125,1073975
2022-09-08,837.0510265519259,837.0510265519259,828.431037824527,832.12255859375,1577545
2022-09-09,832.2880812404003,841.44376091646,827.1356111851846,828.8985595703125,1570630
2022-09-12,829.8530240344868,837.6450712085195,826.8725683683633,830.0770263671875,1262745
2022-09-13,830.6420460727373,838.9990341137426,825.3726998234713,828.4700317382812,2209365
2022-09-14,811.4151402133253,830.3303190307668,811.4151402133253,820.9214477539062,1723540
2022-09-15,825.0318006765661,825.0318006765661,806.7399982388079,812.126220703125,1881365
2022-09-16,815.2430217519194,815.2430217519194,791.0486865618941,794.2726440429688,1893520
2022-09-19,792.8408159710008,800.8374259463578,778.6203533706182,798.519287109375,1506440
2022-09-20,801.0224881766261,825.5673896727156,799.8731088822971,821.2817993164062,2957845
2022-09-21,822.0512747096705,831.6257698726757,805.0841076550731,808.9606323242188,1894725
2022-09-22,800.6524226666926,822.4701211665339,800.3212344728114,814.7365112304688,2391915
2022-09-23,810.9573856946744,821.0383836363084,804.4315929419157,806.3211669921875,1659940
2022-09-26,802.4250961348577,810.1392066914008,796.6005000697962,804.110107421875,2055290
2022-09-27,808.1327736436707,818.1650233497859,803.6133716279776,814.5806884765625,1485445
2022-09-28,813.9085687922338,837.0607084518865,813.9085687922338,831.7426147460938,3133240
2022-09-29,835.9406469261766,858.4889095361948,834.917952519047,849.4696044921875,5442790
2022-09-30,853.7259794931006,858.0992567723655,832.2004119571158,844.5995483398438,3164565
2022-10-03,840.5671267613473,864.7224621991829,840.0606246486675,860.9530639648438,3476290
2022-10-04,866.0861239870225,866.8458177334815,852.4597899222799,859.8427124023438,1543270
2022-10-06,864.1478682007668,866.4660071924983,851.2617286411748,856.6480102539062,1231195
2022-10-07,855.1772394438008,858.7908229846345,851.6708417403303,852.57666015625,1338865
2022-10-10,847.3852121013484,854.7876338529056,841.541176155822,853.229248046875,1218745
2022-10-11,854.5928498985419,854.7876035309314,828.2946890765501,834.2847900390625,1486910
2022-10-12,837.6450990832817,839.5931109416149,821.0967478585177,826.1810302734375,1470100
2022-10-13,827.8953450739144,839.3983534815759,826.2103337283668,828.8109130859375,1513920
2022-10-14,838.6192025855981,845.437244883042,830.4472776214237,839.7490234375,1244005
2022-10-17,838.6192220340412,852.0604938424252,834.2361947411803,844.502197265625,1050700
2022-10-18,848.7293814037685,851.9922778333839,844.5021690650906,848.6611938476562,721180
2022-10-19,849.3429319037147,855.9661604266784,838.6288665302542,840.937255859375,860840
2022-10-20,838.619083603239,848.3591426462499,833.7490540817336,847.2000732421875,1287620
2022-10-21,848.3592347774126,854.9727141843389,839.320430468562,843.64501953125,1002975
2022-10-24,850.2682947096085,854.0084444388049,848.3592215581051,852.7422485351562,158840
2022-10-25,855.1674974293603,872.2223515823513,851.4760361815041,865.3750610351562,3118275
2022-10-27,868.8133255381414,880.306584098364,866.9335011492291,874.89111328125,2207370
2022-10-28,873.6833683627971,877.1410777191045,862.9693025300314,868.8035888671875,1767930
2022-10-31,882.6442414745305,900.9555422268245,846.343019144172,863.6900634765625,9128805
2022-11-01,863.9920031505802,892.1894885033723,863.9920031505802,883.4818725585938,5350980
2022-11-02,885.381157066224,904.8515264717455,885.381157066224,887.446044921875,3708780
2022-11-03,887.4461244243716,896.0855532086575,881.9332169688442,894.1180419921875,1766075
2022-11-04,894.1472006699272,896.0854629748026,879.030609488364,881.494873046875,2463380
2022-11-07,882.6442990587326,885.819568310271,865.7745070498526,873.7711181640625,2100085
2022-11-09,884.3974968977036,889.4233419781913,876.6249476115196,883.4039916992188,3565560
2022-11-10,884.3876461798894,899.2022979661605,882.0597577097517,886.23828125,2959765
2022-11-11,890.6700718118285,891.9947057380623,876.9950486233586,884.2903442382812,1625215
2022-11-14,857.1252316976352,873.4593304206994,840.567130630749,850.044189453125,3722425
2022-11-15,850.7357956780497,865.4238226769362,850.0539795942107,863.6900634765625,1872600
2022-11-16,863.6803072223594,885.3616899393219,855.8006321025305,872.9041748046875,2610960
2022-11-17,872.8944203234645,874.3554292913377,853.6869915125492,861.2745361328125,1561865
2022-11-18,861.7517634620343,863.8555901546937,852.3525822738229,858.88818359375,1693670
2022-11-21,853.2291801895775,855.7615717851281,841.0638558422584,847.3558959960938,2153040
2022-11-22,851.5928272280746,857.6316755673605,842.7098983678273,849.8201293945312,2015475
2022-11-23,853.2292356962945,861.0212835108725,849.3332117890054,858.2258911132812,1964345
2022-11-24,862.5212594413844,864.9075860521408,852.4208218882404,859.8233032226562,1188110
2022-11-25,861.7713147707385,863.9335795732893,854.9824619813157,860.6511840820312,1477045
2022-11-28,859.9985959490085,866.3588241148504,854.4954383568524,857.514892578125,1530840
2022-11-29,858.1187613307718,872.4561007175788,857.9141986749494,867.5178833007812,2045690
2022-11-30,870.7613394993965,880.1020829339637,865.1121167480703,874.1021728515625,4256840
2022-12-01,878.4754337017275,882.8000225169857,866.241921293036,871.6087036132812,1936730
2022-12-02,873.6736309671533,881.2806154364876,868.8425992623417,878.63134765625,2080040
2022-12-05,882.4299047240596,882.8390300321599,866.8945571486431,872.5924682617188,1961695
2022-12-06,868.8328420403742,871.6282344751969,849.1481595851211,852.0994262695312,1742295
2022-12-07,850.3072433400973,853.8136411826748,841.5411892850448,849.6254272460938,1661035
2022-12-08,852.0507271499623,853.0831711802582,843.6937980824888,848.593017578125,1386625
2022-12-09,852.2551992790064,860.0083079790882,848.2130508401269,858.50830078125,1539865
2022-12-12,850.706549704934,869.3782874270199,850.706549704934,867.3036499023438,1367975
2022-12-13,866.9042462553523,871.6671496840015,865.0146723084288,868.4529418945312,1087545
2022-12-14,871.7353500478879,879.2352079659543,867.1283207968875,877.49169921875,1392005
2022-12-15,873.9074068345949,881.9819548293932,869.0081874418563,870.5568237304688,1209055
2022-12-16,863.8458706629423,868.5892747178813,830.0965418947612,839.4177856445312,16783045
2022-12-19,846.4014024217516,858.8102284409168,840.5768659920057,856.3557739257812,1661755
2022-12-20,853.2291831499532,855.1771949836289,839.2229733099367,851.2324829101562,1214105
2022-12-21,853.2194763467836,863.943291540478,848.0475070470729,858.5960083007812,1739615
2022-12-22,862.9692328353924,868.0340754370136,840.5865961359685,847.239013671875,1737350
2022-12-23,842.5249280033071,860.6316660034679,835.9406380219368,839.6808471679688,2498780
2022-12-26,843.8884862345345,846.8008140214025,824.0188001174828,827.63232421875,1593040
2022-12-27,831.7621995619588,831.7621995619588,818.3598672581444,828.0706787109375,1366245
2022-12-28,828.0706078526564,831.148499893789,821.2720654602601,828.4407348632812,1088005
2022-12-29,832.7751126806747,848.2910208041556,822.6551762834742,829.969970703125,4064660
2022-12-30,833.7491600653454,834.7426652375766,823.0350937560945,825.4798583984375,882895
2023-01-02,829.6096379677997,831.323898096335,819.9182660572035,824.9928588867188,663630
2023-01-03,825.7233068114679,829.4829555705751,821.3012816810573,825.6356201171875,810895
2023-01-04,824.9830799815954,829.8531099696804,822.3143130599022,828.5869140625,832835
2023-01-05,830.8270426290267,838.3950875860235,826.2492029545975,837.1580810546875,994925
2023-01-06,837.5477484078984,841.4047739606611,829.6777636090176,832.1419677734375,630680
2023-01-09,836.3107593709682,845.4274410761861,832.8043616223788,844.2683715820312,830195
2023-01-10,841.5411958490344,847.0540437292685,834.518591088656,835.4439086914062,1170765
2023-01-11,838.6093826206612,841.5411500742478,826.8141847038369,830.2232055664062,1273265
2023-01-12,832.7654151821014,841.9308453158238,826.3661883612087,839.7100830078125,1280325
2023-01-13,842.3203353399032,845.7683544568451,835.6971067564958,841.6190795898438,1234630
2023-01-16,845.3787438365956,847.9208851501996,835.7068716899662,842.7197265625,446555
2023-01-17,845.2326213075861,849.2942690151069,838.7360181179022,847.72607421875,778125
2023-01-18,847.7261497699782,856.1415763883856,845.8268855135965,850.1806640625,1318465
2023-01-19,850.2779526017036,853.8428476991265,840.8690812050119,843.917724609375,1242455
2023-01-20,843.8690519278978,853.4337977473381,833.7491155682299,847.5020751953125,1182675
2023-01-23,849.3235226956867,850.3949650156502,841.4145983566036,845.0184326171875,770265
2023-01-24,845.6319633693005,848.3202292575845,825.3726518418649,828.4407348632812,1320270
2023-01-25,829.8531060559117,831.5868652588251,813.3145033179294,818.35009765625,1470210
2023-01-27,833.7490859405148,853.4045187065416,828.5576176266076,840.372314453125,4781440
2023-01-30,841.5313615993966,845.3300084500929,834.7133201894518,843.25537109375,1873685
2023-01-31,846.4111976710335,852.5864217492888,836.3399496679403,842.349609375,3159705
2023-02-01,845.6320403321191,853.2292754152729,839.6418795163694,847.6774291992188,2027270
2023-02-02,840.1775291914348,853.0441695063871,835.9990649654756,851.3007202148438,1946775
2023-02-03,852.2551750905249,862.9497410069649,841.1904821707286,849.01171875,1874895
2023-02-06,853.2584564269334,853.2584564269334,834.7230947605718,847.2974853515625,1516105
2023-02-07,853.3558687179702,870.4204726052044,849.3819076520512,864.9660034179688,2987405
2023-02-08,866.8652773160308,875.9430197134424,863.4855052757578,874.228759765625,1196855
2023-02-09,865.6964853791682,882.3617130875048,863.6705363367096,874.1703491210938,2054810
2023-02-10,875.4268342807247,877.5794089494584,863.4660714738021,876.5274658203125,685110
2023-02-13,878.1832243218121,887.7869085509707,876.6248386088686,881.4169311523438,1872775
2023-02-14,885.3713883178274,889.0725989535276,876.7319604946408,884.085693359375,1202135
2023-02-15,885.9557650437858,888.9167811010315,877.4235230829751,880.4721069335938,1283685
2023-02-16,884.8746424697895,886.3161522301882,878.4462270775525,880.364990234375,1352330
2023-02-17,876.8391344411874,883.4234243816526,869.4951507491495,878.62158203125,1056035
2023-02-20,880.501403769004,884.1149873474749,870.4594045176801,871.6964111328125,761745
2023-02-21,877.4429950241708,877.4429950241708,868.579564565934,873.9073486328125,791630
2023-02-22,874.0534790907404,880.5403326711125,870.6444582075337,872.0665283203125,882305
2023-02-23,871.9495731319433,879.5273679157617,865.112091826354,866.787353515625,1187840
2023-02-24,869.7678611248725,878.5534142913407,865.267958149025,874.8716430664062,1764830
2023-02-27,874.871649316396,874.871649316396,848.3592342731795,861.2161254882812,1370570
2023-02-28,864.7224924520308,864.7224924520308,837.6451382449953,840.8788452148438,2699875
2023-03-01,840.8495904143861,848.7780132587538,837.0607523811535,846.25537109375,995515
2023-03-02,848.9435298078721,857.4076435679568,841.5411086501132,855.2940673828125,1413260
2023-03-03,859.5797271668802,866.2711431096102,849.4305426346856,864.5179443359375,1371180
2023-03-06,864.3329706154624,868.5796226180292,860.2518829915828,864.7615356445312,877920
2023-03-08,863.5537149160385,865.6965400531438,857.3688004587169,862.2388305664062,1173705
2023-03-09,860.1739105565724,864.5958763283496,851.6318590419103,853.414306640625,1022125
2023-03-10,851.8558953197987,859.667382662824,847.3851818238245,856.2583618164062,1686010
2023-03-13,852.2551996808587,860.2323107278157,846.5085408407115,851.359130859375,812710
2023-03-14,855.9564124691944,861.1965692085273,839.398311406266,847.2974853515625,2141980
2023-03-15,848.7390994979919,861.9953068417568,845.5930197044651,856.0538940429688,1717110
2023-03-16,859.2680611149314,862.9692718357927,851.3493879842969,853.959716796875,1384640
2023-03-17,858.2356342997836,869.4269533784337,853.9597338256798,864.1672973632812,3092990
2023-03-20,863.1641081859821,875.4365597093297,861.5082861363603,864.8101806640625,3949945
2023-03-21,865.2971179880007,872.7092886383471,858.9173912163583,860.8945922851562,1984640
2023-03-22,862.842656324851,872.709341470354,860.2128283391811,871.7255859375,1598885
2023-03-23,872.5145312754654,876.5079913998394,863.0764110997196,866.2711791992188,2418370
2023-03-24,866.8555620299521,876.2157451156456,866.8555620299521,869.6217651367188,1126970
2023-03-27,874.6574391073748,882.1864869037522,869.7971583951596,873.81005859375,1759570
2023-03-28,876.4008899602641,885.7805730593374,872.7094284001166,881.8261108398438,1834690
2023-03-29,886.2382810485417,891.2154371457012,880.9201872024369,889.8128662109375,2083535
2023-03-31,892.7738525263799,907.0917522425202,889.8226453366589,900.5172119140625,2282485
2023-04-03,905.6210382692304,912.0592632589733,895.7154136659019,907.091796875,1500675
2023-04-05,905.8255500844305,914.5916037949249,904.1307892121785,912.2150268554688,1823560
2023-04-06,914.3870378102919,917.7473702767988,910.8806401183058,915.44873046875,1460345
2023-04-10,921.7992637973927,929.6302503098256,913.2279637953993,927.1854858398438,920770
2023-04-11,929.7860743866581,936.1950503093818,917.1239967874968,927.90625,2309250
2023-04-12,927.9063164013869,958.3440051159666,920.6694586664416,950.82470703125,3403195
2023-04-13,952.188189325804,952.188189325804,941.1234960434738,945.3507080078125,1169335
2023-04-17,950.0356678326897,958.9965343680377,938.8930375040961,945.2338256835938,1705675
2023-04-18,947.0065925009825,958.0322882259596,943.9092010725656,956.94140625,1797050
2023-04-19,952.0713285637277,962.3178903059236,950.7369451518842,956.3472290039062,1920935
2023-04-20,957.642685390838,957.642685390838,939.3800733809255,946.3831787109375,3175850
2023-04-21,946.3637169300669,950.4350549277124,939.5554244157591,948.4383544921875,1657195
2023-04-24,945.5650028150515,945.5650028150515,925.7147559910919,936.2340087890625,2190830
2023-04-25,935.7373047617623,943.0617892931158,926.8153767098132,941.5325927734375,1639985
2023-04-26,936.9937577882778,949.5097109190004,936.9937577882778,943.831298828125,1020765
2023-04-27,943.8118156455517,962.1231165877562,938.5716586005268,958.1394653320312,1098280
2023-04-28,958.1394336528034,961.3438918909416,950.064886118587,960.3406372070312,1235220
2023-05-02,955.1881919388652,966.0093842744722,955.1881919388652,964.3438720703125,1209890
2023-05-03,964.2464099142271,966.2139209946453,957.4478672759438,964.7042236328125,883875
2023-05-04,964.7041947913751,969.1359099269483,958.4900321406787,967.7722778320312,1006635
2023-05-05,969.1262210730537,971.8631755569304,959.5030370307619,962.804931640625,461545
2023-05-08,963.2919175463795,967.5191296715637,944.1332364992319,955.908935546875,1190915
2023-05-09,958.0419745987159,962.2983758282751,952.5875650787286,961.0029907226562,1545295
2023-05-10,967.1587528024279,967.1587528024279,942.8183512789975,948.1559448242188,2271505
2023-05-11,910.695597738467,915.5656276728973,881.2903546164325,882.8390502929688,13916795
2023-05-12,885.3616801361758,885.3616801361758,865.89131024217,870.0015869140625,5242020
2023-05-15,870.790623082212,882.8585123849394,866.1835342223103,880.218994140625,1588765
2023-05-16,881.0858066639332,885.9363969846404,877.4917221343903,879.5371704101562,1430235
2023-05-17,880.4625063447875,885.3812248734066,867.0796136459737,873.0015869140625,1749805
2023-05-18,875.0470143230028,877.0339651618298,858.0797869972212,861.6251831054688,2127235
2023-05-19,862.5699838672698,864.9173121268033,854.0181828088828,855.55712890625,1630405
2023-05-22,858.8784117214835,870.7320471685807,854.0570705089283,868.3555297851562,1224880
2023-05-23,868.4432177671388,876.5372051821178,866.0958894839792,868.9204711914062,1616475
2023-05-24,869.7872841856646,881.2805421205697,868.7937791264236,880.355224609375,1683665
2023-05-25,883.2091625955159,883.2091625955159,873.1768535390016,877.3748168945312,1033820
2023-05-26,877.5891774126427,884.2026569157357,876.5956722443624,882.634521484375,752935
2023-05-29,885.9364148687761,890.0466917496814,880.5014446159122,887.56298828125,928140
2023-05-30,887.5629666881692,887.5629666881692,876.3813968419514,880.2871704101562,1369945
2023-05-31,878.5533858099656,882.3812221420231,872.8944134966061,876.8099365234375,6313505
2023-06-01,878.5241381934046,888.2836970582194,876.8099376191944,886.7447509765625,1528955
2023-06-02,890.0369184873233,899.9815411169654,889.2772247230333,898.1212158203125,2509565
2023-06-05,902.1243217216703,906.2151585965935,895.4426551801722,896.7770385742188,1132140
2023-06-06,898.0335071042477,903.8775429422363,897.0595011312497,903.2249755859375,1161655
2023-06-07,905.8254982845514,911.2799076130601,904.8709915142131,910.4520263671875,1139525
2023-06-08,910.6955850265773,914.2019827509803,903.2931634090125,905.7086791992188,1203490
2023-06-09,911.8741582735056,916.5396255076945,904.9684297305186,909.0982055664062,1084700
2023-06-12,914.5916642136337,914.5916642136337,906.6924895603497,910.822265625,717870
2023-06-13,915.5656350531306,921.1759190945951,907.393710489618,915.9552612304688,1294905
2023-06-14,917.0850485742022,921.3219507173159,912.6435837781568,915.3707885742188,901255
2023-06-15,914.9032711541325,945.7597723499034,914.7863951966513,935.7177734375,3630745
2023-06-16,943.7825593997239,962.3179219994789,939.9450328543169,957.4576416015625,3814515
2023-06-19,964.4607070687756,978.6811702107777,947.1331031084835,950.4349975585938,3540755
2023-06-20,950.435054484081,959.7368000076301,948.1071658480674,954.7596435546875,1070755
2023-06-21,958.8017703055366,964.2659296391593,953.2986126852236,956.5518188476562,1123550
2023-06-22,956.7757789167667,959.7757338775594,952.5778156653473,954.418701171875,1242850
2023-06-23,954.7206408528384,976.9279645480583,954.7206408528384,972.8176879882812,2791140
2023-06-26,972.0384325616612,988.421219666699,964.655510312235,982.1096801757812,3607125
2023-06-27,982.1096898265596,990.8659938337129,977.1227841022566,978.9928588867188,3330315
2023-06-28,978.9830995582969,997.2652101404991,974.8533238698249,995.0152587890625,4426340
2023-06-30,996.6028897310478,1008.086398362534,995.4535698556418,1005.0962524414062,2430705
2023-07-03,1005.0962894514536,1008.8754373938256,991.5965214445688,993.1549072265625,1174135
2023-07-04,996.3885842156009,1013.8914425404315,990.5737972498093,1010.70654296875,1863335
2023-07-05,1010.0441032864702,1013.3167487941603,1000.6936705648981,1008.7487182617188,1410270
2023-07-06,1008.768262416847,1024.36210868962,1007.1222492735174,1019.1609497070312,2534370
2023-07-07,1018.8102466750709,1027.2159229690146,995.4341033479182,1009.5571899414062,2771720
2023-07-10,1011.9824776351951,1015.8882511807547,1002.2521672722881,1004.1904296875,1003625
2023-07-11,1009.8936624357113,1023.8326593396363,1003.9155527608461,1014.183349609375,1056805
2023-07-12,1011.0714439465808,1020.681569122518,1007.144952902128,1018.7281494140625,1203590
2023-07-13,1018.9245990986767,1021.5062721919785,1008.107095261549,1009.58935546875,2034915
2023-07-14,1012.0531773180381,1013.996771425144,996.5926171407742,999.6945190429688,1942045
2023-07-17,1001.1866072033212,1029.7223912407676,999.8810320096653,1026.7283935546875,1976770
2023-07-18,1021.5748456838918,1023.9700677329765,1010.3942669399879,1019.1207885742188,1286955
2023-07-19,1017.7465303392173,1034.6303939607185,1013.348759698824,1025.0792236328125,1961585
2023-07-20,1030.5077921700301,1059.1121786894214,1028.7408229783825,1048.23583984375,6016030
2023-07-21,1045.0946249125293,1048.3240826310137,1036.1225776166393,1038.20361328125,1150370
2023-07-24,1036.2502275083782,1067.3872768121157,1036.2502275083782,1058.523193359375,2119525
2023-07-25,1064.0791726830146,1075.848821104667,1058.5526312273832,1065.1392822265625,2162155
2023-07-26,1068.0057842197984,1077.8220138541717,1060.358902989975,1075.0047607421875,1701060
2023-07-27,1085.6748649429564,1102.1661766450447,1064.0889881999167,1081.159423828125,7539055
2023-07-28,1082.1410812325162,1102.9514382491561,1082.1410812325162,1096.080078125,3180540
2023-07-31,1096.3844103646838,1111.275552302016,1093.5278543211339,1107.35888671875,1599490
2023-08-01,1107.241086197584,1120.8856676404798,1100.8115284910841,1112.5811767578125,2122735
2023-08-02,1112.5910354958885,1118.2353669935321,1106.1810094018208,1111.285400390625,1791795
2023-08-03,1108.2521468532034,1125.7250807131338,1103.6385676004702,1111.098876953125,2570520
2023-08-04,1111.118579326836,1121.2095711546488,1107.2705746177464,1109.1455078125,1726520
2023-08-07,1111.1971200191126,1116.6941842799529,1103.1282085597893,1105.44482421875,2499830
2023-08-08,1109.6264820017411,1126.696917563972,1108.252186060711,1110.7945556640625,2987010
2023-08-09,1113.3763169539704,1155.1247684021887,1113.3763169539704,1152.62158203125,10067015
2023-08-10,1154.4082446187938,1161.5838460967855,1139.8605253489332,1148.724609375,2763310
2023-08-11,1149.2841318840722,1155.3799717093543,1140.2826068110455,1143.197998046875,2256960
2023-08-14,1144.5624130661527,1154.1921907061185,1138.6825018024883,1143.2667236328125,2167595
2023-08-16,1144.572208536368,1156.2535440640183,1133.77435751244,1150.039794921875,4308265
2023-08-17,1152.6903091185036,1159.6991108040847,1149.6571279954742,1154.51611328125,2138070
2023-08-18,1158.21689053962,1174.0209953578808,1146.6533439506047,1153.2989501953125,4281645
2023-08-21,1152.4744172500477,1163.2231401075778,1149.274316999962,1160.4451904296875,1334640
2023-08-22,1162.0451910493398,1167.1495819969077,1152.9750053977784,1163.3310546875,1688225
2023-08-23,1162.2414727789271,1173.0294984848613,1160.670900159493,1168.7889404296875,3142630
2023-08-24,1174.021065944086,1175.9253569788978,1156.5874325024336,1159.7188720703125,4124730
2023-08-25,1156.3517350755747,1156.3517350755747,1132.9007504493425,1134.6087646484375,4713240
2023-08-28,1134.756049913164,1144.3760020733362,1124.3900547776143,1133.951171875,2350770
2023-08-29,1132.7928423862381,1136.0322459321872,1121.9949903357626,1123.72265625,3258085
2023-08-30,1126.4713002067413,1130.054128145028,1107.270697614122,1109.184814453125,3551815
2023-08-31,1109.18474490708,1118.0684800587208,1097.4543992147935,1100.958740234375,3178875
2023-09-01,1105.3073586395294,1106.141714118926,1089.6210442496313,1095.2064208984375,1105280
2023-09-04,1096.4727325905374,1112.512416541687,1095.2064007588383,1111.089111328125,1473020
2023-09-05,1107.270548669817,1107.270548669817,1091.672547572169,1095.275146484375,1968470
2023-09-06,1095.4518301741357,1106.2791592926333,1091.4173745189564,1096.1390380859375,2256645
2023-09-07,1096.0702541386217,1110.1173350185463,1095.736535912169,1102.3919677734375,2634215
2023-09-08,1105.5036451344392,1106.0239340219618,1093.5278938684799,1096.2371826171875,923950
2023-09-11,1098.436041380135,1111.9824855317154,1096.4826213663443,1102.126953125,1313930
2023-09-12,1107.2608874428036,1122.3877310044024,1104.522121004192,1113.906494140625,2581215
2023-09-13,1121.0134462607953,1130.7315377550808,1113.4156939607412,1126.687255859375,1571615
2023-09-14,1132.7928153688338,1134.029669796732,1119.9434052867941,1127.8160400390625,1139730
2023-09-15,1134.0885846477906,1147.0950888588966,1125.5485128324392,1142.510986328125,2069105
2023-09-18,1142.8054043372579,1144.3367936748245,1123.3496899558795,1124.5472412109375,1256740
2023-09-20,1123.339764684135,1123.339764684135,1099.8102931285857,1102.372314453125,2266405
2023-09-21,1102.4607867787633,1118.4612898917758,1101.9404978211007,1112.865966796875,2926715
2023-09-22,1112.8657193909617,1117.8524398995908,1080.1777520776589,1083.1324462890625,2447785
2023-09-25,1085.6455175699898,1087.6185893080367,1065.649862644714,1067.7603759765625,1217045
2023-09-26,1071.7358953323715,1085.076116558412,1069.7726495961533,1073.4537353515625,1379915
2023-09-27,1082.5337627396348,1100.399251270129,1075.8685050228908,1079.0882568359375,2443890
2023-09-28,1081.247796609586,1081.247796609586,1062.3122525576578,1065.86572265625,1931555
2023-09-29,1073.699201489991,1105.3074116910234,1070.6070653160382,1096.865478515625,3101955
2023-10-03,1096.8457436199988,1096.8457436199988,1069.9689052259225,1072.265869140625,2065240
2023-10-04,1072.9139244145567,1079.5890086546246,1060.447360414841,1063.6474609375,2109530
2023-10-05,1071.9320961915687,1074.8769645876994,1060.152622607046,1061.575927734375,2058530
2023-10-06,1067.0240350191873,1077.2721200280748,1061.9588275755377,1065.0411376953125,1572990
2023-10-09,1062.1258826437856,1085.1547192466267,1060.1822883294928,1078.774169921875,2368110
2023-10-10,1076.6440298310963,1077.2329795975866,1065.6497816062206,1075.573974609375,1519630
2023-10-11,1081.7484475917227,1097.0617410332443,1081.7484475917227,1093.0567626953125,1961240
2023-10-12,1093.0567535366306,1096.286331230419,1082.730061430268,1085.7142333984375,1695245
2023-10-13,1065.4927503281529,1084.5166077672006,1064.3933374244593,1071.9715576171875,1633255
2023-10-16,1077.62566394077,1081.159482403529,1071.9322032090374,1078.4305419921875,859220
2023-10-17,1077.2329369336308,1094.1168019817355,1076.8500896438215,1088.4429931640625,1626760
2023-10-18,1088.5216066706757,1118.0193015345874,1087.9914919849193,1114.6229248046875,3014855
2023-10-19,1114.0927400215503,1114.0927400215503,1101.4789111078037,1105.4840087890625,2525845
2023-10-20,1103.353876456464,1103.353876456464,1089.797607783481,1093.390380859375,1141375
2023-10-23,1084.7914295077896,1112.56157935253,1084.7914295077896,1089.9842529296875,1809785
2023-10-25,1099.4176153533826,1101.8127176412945,1079.7851579363578,1082.5042724609375,2104480
2023-10-26,1079.39248160937,1083.2208347596952,1048.549967788326,1064.4620361328125,1544145
2023-10-27,1064.4521861319479,1070.7444221239664,1050.5327214571016,1059.62255859375,2159725
2023-10-30,1058.9649268517257,1058.9649268517257,1021.9773260425378,1049.4234619140625,2691600
2023-10-31,1055.0483142756223,1068.1921391277754,1050.945077933091,1053.781982421875,1884070
2023-11-01,1057.2078001293205,1064.1576467083255,1043.3669420317476,1049.6395263671875,1376665
2023-11-02,1056.2262534530569,1063.0976138379744,1045.1143348116198,1048.0787353515625,2365835
2023-11-03,1055.6372138188867,1055.6372138188867,1030.1346719047342,1033.2659912109375,2921805
2023-11-06,1040.5201611764448,1051.740162430747,1037.2219229693144,1048.0001220703125,2847485
2023-11-07,1055.048315729944,1074.4942026058873,1044.4074374718548,1061.0067138671875,3498735
2023-11-08,1065.8265596765623,1079.8538696794087,1061.4484399839696,1070.6658935546875,2096955
2023-11-09,1075.642725175122,1079.5790424258055,1068.0056705737502,1071.5296630859375,1642660
2023-11-10,1067.9958320518574,1070.106345138962,1054.6556111085615,1065.0411376953125,1144920
2023-11-13,1066.0425280426023,1076.2121274667866,1056.638623281022,1064.0498046875,855910
2023-11-15,1066.2289805792288,1070.9801219595788,1061.1344149568595,1064.0694580078125,1422405
2023-11-16,1065.0608518622205,1094.5095390104846,1064.2461479888439,1088.4725341796875,1695060
2023-11-17,1092.5462145599004,1107.1724187561574,1088.619723222758,1101.6851806640625,2120630
2023-11-20,1102.352638719914,1110.4313756322942,1096.6494722508435,1100.2322998046875,2001625
2023-11-21,1101.3807965804012,1114.91741352116,1100.4973120829843,1108.536865234375,1903465
2023-11-22,1110.2351724064354,1124.9398645526103,1110.2351724064354,1112.0904541015625,2124580
2023-11-23,1114.1419920319586,1115.9972736930863,1101.1551402310802,1108.18359375,1511300
2023-11-24,1109.2240703467992,1130.211173104434,1102.3625357434264,1108.47802734375,2305405
2023-11-28,1108.644914838637,1121.8869980255238,1108.644914838637,1114.299072265625,1555790
2023-11-29,1118.6378661083877,1127.6885210015355,1110.019307461082,1122.063720703125,1602385
2023-11-30,1123.9581775551878,1138.682520492592,1122.1912084718954,1136.3560791015625,4267760
2023-12-01,1138.6824308794958,1149.784642097531,1126.794993329468,1128.7484130859375,1391500
2023-12-04,1138.6825185592056,1138.6825185592056,1124.6257319160484,1130.044189453125,1121300
2023-12-05,1131.811127397155,1142.4127019332386,1127.2956863269733,1134.05908203125,1121875
2023-12-06,1137.8972588575814,1142.6090968786098,1120.6305449743572,1125.008544921875,2659705
2023-12-07,1132.8614648254495,1148.4791184037097,1128.934973303967,1135.75732421875,3791150
2023-12-08,1135.7082795716028,1135.7082795716028,1121.4060858652738,1131.5953369140625,1142525
2023-12-11,1079.7850460682475,1095.0983373016338,1054.2628540702706,1074.5823974609375,9493150
2023-12-12,1079.785264553625,1106.2497814202193,1075.3483095669537,1087.7069091796875,4281525
2023-12-13,1092.4383208230124,1101.380891040364,1085.7435855586589,1099.152587890625,3111975
2023-12-14,1101.7439946234372,1104.639733998318,1093.115491730678,1094.185546875,3164560
2023-12-15,1099.4176454818894,1102.3625141751445,1088.0308438333727,1097.346435546875,3636220
2023-12-18,1096.4729190155513,1116.8907258680492,1094.499847148976,1097.66064453125,3279260
2023-12-19,1103.3440434247204,1108.44843412898,1098.0432562613717,1106.7698974609375,1123370
2023-12-20,1109.233858144277,1113.3762779533772,1090.0038994117285,1095.32421875,1307230
2023-12-21,1087.6381330110357,1098.239707870106,1074.1309928199726,1090.48486328125,1681900
2023-12-22,1095.098441398013,1110.4117340870296,1091.5646230585492,1104.8558349609375,1315040
2023-12-26,1104.8165302027642,1118.0684388280306,1099.918241711882,1105.7294921875,1658265
2023-12-27,1106.2495986839015,1123.3691627240644,1099.6727738170066,1121.896728515625,1473880
2023-12-28,1122.7508809405635,1156.50890797638,1113.337150567251,1150.1773681640625,4888545
2023-12-29,1144.5919775935881,1147.4190563993386,1131.025881721328,1138.270263671875,1452615
2024-01-01,1138.6825992475933,1150.4620744122235,1138.6825992475933,1142.9329833984375,978400
2024-01-02,1140.0665973169162,1167.934883663247,1139.7917141677767,1163.576416015625,2869280
2024-01-03,1163.5764842777464,1172.0577203519972,1155.9983843920772,1164.5777587890625,1412035
2024-01-04,1162.6636676858686,1162.6636676858686,1143.5906819573208,1146.9674072265625,2048300
2024-01-05,1152.4252629579623,1153.3185733317503,1139.9587002928845,1145.6815185546875,1037255
2024-01-08,1154.5652408842288,1154.5847726869556,1125.4502729851715,1131.0946044921875,1205700
2024-01-09,1142.4127735139823,1146.270484389495,1127.7079618872715,1128.8270263671875,1292220
2024-01-10,1128.6798879459132,1138.6825678134453,1117.1261672018977,1136.1695556640625,1273855
2024-01-11,1134.363424913116,1134.363424913116,1108.2719307791297,1117.56787109375,2964925
2024-01-12,1125.8919665547005,1125.8919665547005,1108.458334609836,1116.861083984375,1385710
2024-01-15,1126.500603940089,1138.4863011770174,1119.442792720343,1135.3941650390625,1665610
2024-01-16,1136.7192412503803,1136.7192412503803,1120.2377555304415,1130.46630859375,1142145
2024-01-17,1126.9031602231335,1126.9031602231335,1104.7185052503473,1109.22412109375,1778960
2024-01-18,1108.7333096128166,1112.826720501529,1083.839365679116,1109.22412109375,1727635
2024-01-19,1114.1617734597905,1121.9852801294646,1101.7442183568398,1112.80712890625,1641460
2024-01-23,1109.6068669972667,1129.6516491839911,1107.457050597245,1114.024169921875,2329945
2024-01-24,1120.6109207854604,1161.2599610899729,1117.6758777227135,1158.7274169921875,5244260
2024-01-25,1158.7272832405781,1163.2230727384183,1143.001666072249,1149.5784912109375,2677510
2024-01-29,1138.6825881488373,1156.8622638147087,1126.9424163605,1147.261962890625,1509570
2024-01-30,1158.1088445928735,1167.9348987721776,1144.7685039696946,1146.721923828125,1576585
2024-01-31,1143.6004986431776,1204.9421037737768,1140.0666801861073,1201.732177734375,7857425
2024-02-01,1195.5086037365763,1207.2782514974626,1168.1507811516592,1176.6025390625,3112555
2024-02-02,1181.0787453784437,1192.6128139245761,1177.171905587905,1185.7022705078125,1686230
2024-02-05,1185.6040710263048,1205.0401306562592,1176.2000478713376,1196.490234375,2126485
2024-02-06,1194.6349972588318,1215.249076915722,1194.3895915486307,1210.655029296875,2587065
2024-02-07,1210.5373533398422,1215.2491913501979,1203.5875061102347,1213.23681640625,2953275
2024-02-08,1220.7462387812793,1221.129086099144,1202.4880764431377,1209.3692626953125,1791205
2024-02-09,1205.4328900839748,1218.2332907142006,1198.4044367498375,1208.544677734375,1238970
2024-02-12,1223.9463869951303,1254.2097796516152,1223.1022056305187,1243.4217529296875,4296460
2024-02-13,1246.661120015661,1258.4111177190568,1239.0142390529666,1243.784912109375,2086675
2024-02-14,1242.7444074741,1244.6880016285431,1211.3423007354017,1228.66796875,1724345
2024-02-15,1225.0849452319937,1236.6484909445167,1218.409862047585,1227.548828125,1469095
2024-02-16,1231.3378832131048,1249.743311381884,1226.5082557238948,1240.2117919921875,1275915
2024-02-19,1240.2119018983913,1267.0690906830876,1239.7897513177606,1259.8443603515625,1393520
2024-02-20,1260.7965057135361,1269.2384388822295,1244.8058299602353,1251.7655029296875,1399485
2024-02-21,1253.9250929419613,1256.9779257245464,1237.826453718053,1246.494140625,995895
2024-02-22,1251.5692507003178,1252.5115703797283,1223.3672427568604,1249.39990234375,1420120
2024-02-23,1250.1360620964492,1274.9416918661677,1249.2132742635863,1264.75244140625,1842255
2024-02-26,1265.321720361544,1274.146500482112,1252.6784128518152,1264.4775390625,1089190
2024-02-27,1259.618490759127,1268.1783337426978,1253.581605625617,1266.215087890625,966475
2024-02-28,1265.0076084457603,1277.2681892015396,1254.9264415113253,1261.9842529296875,1560230
2024-02-29,1252.9533194201283,1270.7893308249718,1248.0550307349783,1261.2381591796875,5513940
2024-03-01,1266.0971172616862,1270.8088347380929,1211.7348425821554,1215.9459228515625,2876430
2024-03-04,1225.0653535050294,1264.2026529140687,1224.8690768599517,1243.73583984375,2196055
2024-03-05,1243.6964793698478,1245.1199043757188,1226.439593081398,1237.49267578125,1040180
2024-03-06,1237.4926443162071,1243.1271496553948,1215.2490379060428,1239.720947265625,1207130
2024-03-07,1237.9245035855192,1250.5285069332954,1237.9245035855192,1241.5859375,1174600
2024-03-11,1250.3912967538092,1261.1105421222587,1238.8080986140922,1254.013427734375,1412365
2024-03-12,1254.1508332204903,1261.9743387423287,1230.2188628371684,1237.2669677734375,1647055
2024-03-13,1237.3159371590477,1246.6610057603757,1226.7929690815047,1237.5908203125,1051325
2024-03-14,1233.3110810673945,1240.8008688640475,1218.9597585325296,1235.7847900390625,2001060
2024-03-15,1233.919552281386,1238.5233058495937,1220.0590426773203,1233.8802490234375,2429735
2024-03-18,1235.2939240249098,1247.6230452497264,1230.5722603930792,1244.9039306640625,902465
2024-03-19,1243.716208058165,1243.716208058165,1202.1836858506374,1204.431640625,1581835
2024-03-20,1202.4781670114733,1205.0598399034375,1182.5021659531915,1198.227783203125,1385185
2024-03-21,1202.488079958225,1208.5740941463903,1189.7269819668315,1203.1163330078125,1626230
2024-03-22,1203.273326758997,1224.9475159565059,1198.5713150046738,1217.840576171875,1528595
2024-03-26,1215.2492048322322,1219.4604056071937,1198.7677172556528,1204.421875,1361275
2024-03-27,1207.5924491707285,1207.5924491707285,1184.642100870711,1186.6053466796875,1452965
2024-03-28,1193.2607075783244,1219.1362714184752,1193.2607075783244,1208.947021484375,2586915
2024-04-01,1220.1572688364215,1233.399352216152,1208.9470921426932,1227.0972900390625,772020
2024-04-02,1230.7489709400613,1230.7489709400613,1218.390252787365,1224.5843505859375,1191030
2024-04-03,1224.5843698476542,1230.5624196413085,1199.9358336852838,1202.3702392578125,1346125
2024-04-04,1208.377763250566,1212.3042547639716,1187.272871366011,1205.9237060546875,1995095
2024-04-05,1205.923707486,1237.9933700975278,1205.4328960462417,1213.1484375,2705055
2024-04-08,1220.6382235422209,1222.4640277169035,1204.461097677626,1212.2159423828125,1420525
2024-04-09,1217.6441967263,1223.1413805758484,1208.3777344921625,1210.9102783203125,643620
2024-04-10,1217.192677355804,1217.192677355804,1206.414477679532,1208.947021484375,980420
2024-04-12,1211.1067166849823,1215.052859870876,1192.671810072052,1194.4093017578125,1974255
2024-04-15,1192.318445439122,1192.318445439122,1174.4626627008172,1180.07763671875,1349665
2024-04-16,1179.0960493096882,1192.4460970942775,1175.0124643993022,1187.8323974609375,2041490
2024-04-18,1197.5702471228483,1202.9789994974487,1165.7068025432318,1169.53515625,2988680
2024-04-19,1177.9474188809115,1177.9474188809115,1154.5455637107063,1166.7274169921875,1713255
2024-04-22,1173.0393648918541,1190.5123004336012,1168.8183384932368,1181.1082763671875,1667285
2024-04-23,1187.763588322752,1190.7084567235522,1164.970335659039,1168.54345703125,1494175
2024-04-24,1170.104308455747,1176.936365412428,1162.447601997595,1168.288330078125,1334935
2024-04-25,1173.049026701031,1229.3843714057261,1163.811922956711,1220.893310546875,4634925
2024-04-26,1222.1008272209947,1238.582313629819,1213.060118890766,1227.44091796875,2063090
2024-04-29,1230.9550736253327,1241.752925148362,1217.6736874935243,1236.2755126953125,1485530
2024-04-30,1236.8252666554456,1239.3971139940406,1214.2675904133005,1218.056640625,1906520
2024-05-02,1216.2798532250151,1236.805500962483,1216.2798532250151,1234.3907470703125,3134765
2024-05-03,1236.8251859150448,1260.3841352016182,1228.5991813294024,1246.57275390625,2906840
2024-05-06,1252.4919562121938,1252.55091110743,1226.3121482625895,1235.5589599609375,2263770
2024-05-07,1242.7149812158768,1246.6611245778083,1217.2124365956554,1228.520751953125,1586770
2024-05-08,1197.5799246255363,1200.5149674775969,1168.661352659141,1189.0103759765625,4940700
2024-05-09,1192.5736051356653,1192.5736051356653,1152.4252072548277,1153.8681640625,2534535
2024-05-10,1153.4068617496443,1165.1863360824066,1142.2359887976609,1162.437744140625,1480900
2024-05-13,1162.4376393206098,1167.9348227084777,1148.596782193082,1159.993408203125,852820
2024-05-14,1165.9521929356504,1167.228230936411,1149.4805302761954,1152.1898193359375,1186650
2024-05-15,1155.37010607131,1171.4589191238804,1150.4619917719415,1153.4068603515625,1458405
2024-05-16,1163.8119532768235,1163.8119532768235,1120.8169470664031,1148.5771484375,3660485
2024-05-17,1148.5772663691437,1149.7651115467324,1136.9155816593552,1138.59423828125,3006695
2024-05-21,1140.832165790954,1145.2201108576928,1133.3816821509138,1134.7166748046875,2456865
2024-05-22,1148.4987778938785,1159.2966296518553,1136.7977899420557,1152.9652099609375,2605110
2024-05-23,1158.7960192241453,1164.7937208238877,1145.5539357568703,1157.863525390625,2827915
2024-05-24,1157.608295622297,1160.1015363346842,1146.2410256198982,1151.5909423828125,2122215
2024-05-27,1151.5908521465626,1156.3418731135166,1137.9167933394308,1152.955322265625,3366290
2024-05-28,1152.8473713578123,1178.948689272473,1152.8473713578123,1171.135009765625,3966010
2024-05-29,1175.0025905167902,1181.4714517618063,1161.181383466982,1178.0947265625,2533990
2024-05-30,1173.039362701007,1173.039362701007,1145.1612484421241,1153.1614990234375,3005220
2024-05-31,1158.3052019416466,1159.2279897822802,1129.4258129423902,1137.08251953125,5146590
2024-06-03,1165.755632802365,1165.755632802365,1134.1965537187277,1135.4039306640625,2087555
2024-06-04,1140.056847067935,1144.0519995016411,1099.4176355044224,1125.096923828125,3287175
2024-06-05,1126.4907118207057,1154.7221946920442,1124.115261202963,1143.4237060546875,2542820
2024-06-06,1145.5539054544822,1163.4193940097712,1135.0701203310648,1156.5382080078125,3598380
2024-06-07,1156.5382186701092,1194.458315815957,1153.6523048819465,1189.982177734375,3747525
2024-06-10,1189.9821034044685,1208.8979945414494,1178.7425699136124,1198.7872314453125,3148275
2024-06-11,1194.635071761094,1197.6290695430678,1183.4445467126375,1185.6531982421875,2581810
2024-06-12,1189.726868521489,1194.6349826655544,1176.1804255530658,1189.7366943359375,1932925
2024-06-13,1201.4868027252985,1201.4868027252985,1184.1317765988408,1196.7652587890625,2191150
2024-06-14,1196.7945974850657,1201.2119005562363,1184.8384976088917,1194.6842041015625,1985020
2024-06-18,1187.3711331908646,1190.1197254669435,1174.021084622105,1176.229736328125,3076985
2024-06-19,1176.3670159813087,1177.8787535077427,1162.2414488579245,1169.348388671875,3056645
2024-06-20,1163.2231443735734,1177.1621417171175,1155.959110899002,1172.21484375,2489735
2024-06-21,1172.2540190353113,1188.7453316831081,1169.1423511321682,1180.1954345703125,2150475
2024-06-24,1177.5547747277997,1197.579905306524,1172.6466603617894,1188.7354736328125,1624525
2024-06-25,1195.616667826439,1196.6375939662712,1181.09842708676,1193.33935546875,1977490
2024-06-26,1190.4140896756887,1196.5297012376893,1182.9145958727738,1191.7000732421875,1958240
2024-06-27,1177.9474770182226,1226.9206577544967,1176.9658541207073,1224.260498046875,12168270
2024-06-28,1228.0986333941069,1260.403878504539,1227.2348003976897,1256.938720703125,5118295
2024-07-01,1262.3670259335775,1272.1832547511015,1244.1383417433208,1247.387451171875,2251925
2024-07-02,1245.6793535279905,1252.7371640582046,1233.75261234796,1250.6365966796875,1819075
2024-07-03,1251.3728835973168,1281.1749395748652,1249.63539194372,1261.5621337890625,2913200
2024-07-04,1262.3670508216692,1284.3554277718354,1250.6072276387476,1272.0556640625,1744245
2024-07-05,1272.0556559546114,1285.3665199257273,1267.4812597130522,1280.0362548828125,1139175
2024-07-08,1280.036259320048,1290.8341112008152,1273.3611756811317,1282.814208984375,807380
2024-07-09,1283.9627883810072,1294.7606405768718,1262.5535348284197,1292.375244140625,1734640
2024-07-10,1290.735896940656,1296.6158081690985,1272.772151028678,1294.279541015625,1287550
2024-07-11,1294.397481230025,1300.0516390338648,1282.951724029479,1294.7115478515625,1581340
2024-07-12,1293.8281346617769,1324.2093160351117,1288.8119361043364,1319.1932373046875,2944400
2024-07-15,1325.1909630866978,1351.6849565329142,1315.8753710138276,1333.9764404296875,3023975
2024-07-16,1335.0033382857127,1339.545518928777,1310.6531373301455,1312.509521484375,1556420
2024-07-18,1312.4997050998852,1324.9118414381537,1301.5194230895277,1316.7457275390625,1928535
2024-07-19,1315.2645204536764,1326.797823939404,1308.6092126282426,1310.5247802734375,900340
2024-07-22,1299.4655408604885,1338.962973713391,1299.4655408604885,1337.1658935546875,2061455
2024-07-23,1336.988229327886,1359.501816411567,1326.5214327329368,1355.74951171875,4330455
2024-07-24,1370.343814405137,1370.343814405137,1341.5798019809358,1346.8922119140625,3019385
2024-07-25,1341.9252997987314,1357.7143891578503,1334.4306955611414,1353.4190673828125,1315525
2024-07-26,1360.4793662697236,1375.695666915285,1341.2538974198815,1358.4451904296875,2051955
2024-07-29,1366.6112333490798,1372.1606180734407,1330.0761064459614,1350.8221435546875,3271945
2024-07-30,1351.809578186618,1360.8840558948339,1341.510569116655,1343.7322998046875,1458475
2024-07-31,1343.6829526217723,1348.738619230891,1330.076058006772,1333.1370849609375,1730870
2024-08-01,1342.0240587968892,1362.7602119430803,1340.2762780315677,1360.28173828125,2320480
2024-08-02,1358.9091375628618,1378.657854112455,1357.6156593078954,1375.3302001953125,2209945
2024-08-05,1368.605825908516,1374.708111826389,1341.7278515932855,1345.29248046875,2186945
2024-08-06,1350.5950395947398,1365.6830883534503,1341.9846278875984,1344.3741455078125,1227135
2024-08-07,1358.7116850597085,1369.573479053645,1350.8121985186635,1367.865234375,968865
2024-08-08,1367.5987285391052,1389.3223184509177,1365.5152532437746,1370.225341796875,2705840
2024-08-09,1378.4604001177279,1387.347322468057,1375.1722822412817,1385.076171875,656255
2024-08-12,1385.1650937267395,1388.3347240484825,1357.3885200663826,1360.0052490234375,1853275
2024-08-13,1363.0564153928656,1374.954944574088,1353.0339178202112,1372.2198486328125,1217325
2024-08-14,1373.5233064461124,1374.905740782783,1341.431640407652,1343.1201171875,1727965
2024-08-16,1349.044688554343,1352.5797860263501,1334.6479173132414,1341.6488037109375,2565660
2024-08-19,1350.4073429739892,1367.4011956986994,1346.3885321523092,1364.9029541015625,809235
2024-08-20,1368.5860205928323,1377.3149193260201,1362.661405785071,1375.567138671875,747970
2024-08-21,1382.3904537228877,1403.6302089867665,1375.5672380925469,1394.7432861328125,1905585
2024-08-22,1394.7234391874306,1394.7234391874306,1367.243143799836,1376.2979736328125,1683410
2024-08-23,1378.4306848012006,1380.4352083458214,1368.595863090275,1373.4244384765625,711440
2024-08-26,1367.588713666334,1374.500764340465,1362.5033951344749,1371.212646484375,1018915
2024-08-27,1371.5484007543064,1383.7037939706127,1363.0663605214886,1375.09326171875,2277085
2024-08-28,1375.0932945428194,1391.9390084661957,1367.2036915265578,1382.27197265625,1632585
2024-08-29,1362.3257101788051,1386.349979810221,1360.5087415196544,1368.8131103515625,1784160
2024-08-30,1370.1659696059633,1391.2971210305686,1370.1659696059633,1388.6014404296875,3415210
2024-09-02,1392.2252349222597,1397.2118341451264,1348.8373618290466,1357.1614990234375,2354285
2024-09-03,1362.661499136014,1365.4263677836857,1352.392141991726,1353.5474853515625,1246805
2024-09-04,1352.352726138604,1352.352726138604,1336.3957287508204,1340.3848876953125,2177470
2024-09-05,1342.419001930391,1352.5501031215395,1320.3991348536345,1322.32470703125,2001265
2024-09-06,1322.9467066175982,1327.133424581741,1313.8819933378884,1316.676513671875,2074285
2024-09-09,1319.204459988371,1326.3139501545133,1303.948623760912,1314.4549560546875,1466880
2024-09-10,1321.9790618264944,1322.7295226573103,1306.0121819752212,1313.3685302734375,2328120
2024-09-11,1315.4423431933153,1332.9100255156623,1302.6056771481533,1305.8839111328125,1833720
2024-09-12,1323.1640078094608,1325.5732933690983,1299.5248519752688,1319.974609375,2663355
2024-09-13,1320.4782668585876,1322.9765085341144,1312.6972673950986,1315.40283203125,1197575
2024-09-16,1321.1693065489076,1321.1693065489076,1309.6361241310533,1312.7169189453125,691625
2024-09-17,1311.3346007804228,1316.4001516050098,1304.007783246276,1309.665771484375,911735
2024-09-18,1312.6972243038877,1312.8946632564198,1289.7886405899003,1297.0562744140625,1239415
2024-09-19,1300.2555340713939,1305.8838700224464,1280.2105387403417,1284.170166015625,4661780
2024-09-20,1290.5391318610777,1303.0104515832015,1280.8425647606452,1293.76806640625,2823650
2024-09-23,1303.4153876887374,1315.6596169531351,1299.4656440896806,1314.1685791015625,1326620
2024-09-24,1314.1685295562163,1321.1694160713541,1299.5051311048633,1313.3587646484375,1962100
2024-09-25,1314.5239988572755,1324.6649845042696,1302.5365129591721,1321.4755859375,2388280
2024-09-26,1326.0868314000738,1334.420852784179,1316.1137532655446,1331.9324951171875,2842130
2024-09-27,1325.3362752768487,1337.462015763131,1316.5481931343222,1333.0185546875,2794555
2024-09-30,1334.0257574227608,1341.1352469234769,1325.1388352785677,1333.354248046875,1827470
2024-10-01,1333.3543136243068,1340.0293895616128,1318.829170954851,1332.860595703125,1738090
2024-10-03,1338.963018983228,1341.92532654735,1321.6039400506493,1330.2044677734375,2277090
2024-10-04,1325.731241782916,1329.6612168648871,1305.5875279510624,1309.981689453125,1742335
2024-10-07,1319.9153948260098,1325.543851741766,1299.6828430080984,1305.3704833984375,2224190
2024-10-08,1305.380245837174,1316.8443610304378,1298.4780792262677,1314.484375,1395550
2024-10-09,1322.373995883682,1334.006018718886,1312.7169652160478,1316.2222900390625,1680365
2024-10-10,1322.7690148960835,1322.7690148960835,1294.2716312822147,1300.0777587890625,1582735
2024-10-11,1300.453040099688,1308.293223045756,1292.5634371455044,1303.25732421875,1130225
2024-10-14,1310.5247788039953,1321.3766888784685,1303.4152890782086,1315.2447509765625,1117595
2024-10-15,1320.0042300643586,1323.144208418354,1304.4422321614431,1305.7159423828125,1423265
2024-10-16,1311.3148783294146,1332.238587242776,1309.1524515608262,1325.3167724609375,1849620
2024-10-17,1332.011372615337,1337.97552348361,1313.3784636890994,1323.9638671875,1819115
2024-10-18,1323.963948697435,1337.7781668965197,1315.7385307445743,1331.28076171875,1143115
2024-10-21,1336.9881000854823,1336.9881000854823,1320.4090140983828,1322.6505126953125,1175275
2024-10-22,1328.4961169374833,1334.0257331749312,1309.7940206638334,1315.7384033203125,1904985
2024-10-23,1315.1360945997371,1320.813850365444,1301.440365078531,1304.975341796875,1548860
2024-10-24,1312.104751965074,1312.104751965074,1297.3326302890898,1299.998779296875,1587305
2024-10-25,1297.4908013015938,1299.860671621339,1273.8121071816583,1286.5697021484375,1285830
2024-10-28,1303.415299305423,1309.2411948263054,1274.0390832794108,1295.0220947265625,829374
2024-10-29,1310.3273921693044,1318.621877538285,1247.6252147746166,1258.6844482421875,1443741
2024-10-30,1257.0057692471098,1257.0057692471098,1213.3611552459415,1234.1466064453125,2065575
2024-10-31,1242.7866991410115,1267.5220146505587,1232.3199035546777,1258.190673828125,1902206
2024-11-01,1263.917885326588,1272.8048079577904,1186.7004502345578,1243.774169921875,540201
2024-11-04,1243.77410441771,1260.8567919015475,1234.8378827867052,1252.3648681640625,1771490
2024-11-05,1249.2050499955608,1262.930432201079,1225.6547294523762,1256.2158203125,1603920
2024-11-06,1257.993310273003,1305.291513000479,1235.8747224685742,1285.740234375,3908554
2024-11-07,1288.554260492451,1292.5534235775917,1264.4609241216542,1271.1754150390625,1479152
2024-11-08,1276.5570342186563,1276.7544731615064,1243.32979586394,1267.52197265625,1328199
2024-11-11,1267.8676040903174,1278.9762571635388,1246.29215533987,1271.7186279296875,1175591
2024-11-12,1271.6691809840333,1272.2123188929693,1242.490525185132,1248.0201416015625,1110785
2024-11-13,1242.194332407756,1249.1558035504388,1222.7418938589383,1229.357666015625,995217
2024-11-14,1234.1961833753023,1237.2572106270734,1206.8441360059533,1211.28759765625,1346891
2024-11-18,1190.9463244302808,1204.4742675547986,1155.497354205309,1178.5540771484375,3367815
2024-11-19,1178.0109646497558,1216.5209626559088,1171.3457726871525,1198.2039794921875,1509716
2024-11-21,1160.138405951354,1191.538793704837,1157.7685358006033,1180.3314208984375,2121476
2024-11-22,1183.9355707547484,1207.8314698397448,1178.603393117757,1199.19140625,763755
2024-11-25,1218.4463980282935,1231.3324838647743,1190.6007557497608,1194.106201171875,3280431
2024-11-26,1193.8098118007392,1203.0423118789772,1188.0826362838336,1193.4642333984375,1190121
2024-11-27,1196.7721676030749,1200.3269123104185,1182.997486660895,1184.82421875,1402977
2024-11-28,1193.859370671381,1194.6986670421945,1173.5180955955502,1176.97412109375,2819269
2024-11-29,1190.8475559845112,1204.0297995989115,1183.5899270765017,1187.194091796875,2535820
2024-12-02,1198.9938898900305,1209.8556834159026,1187.1940805924703,1206.399658203125,1826479
2024-12-03,1213.5585733135656,1213.5585733135656,1202.252481850058,1209.1151123046875,2237453
2024-12-04,1209.1150897398277,1213.6572701345945,1194.4022727887989,1200.277587890625,1435443
2024-12-05,1201.2651554265133,1233.8011191165451,1194.896121745365,1224.2723388671875,3324867
2024-12-06,1230.3450345705241,1239.3800964517768,1220.8162547781276,1237.9482421875,1717216
2024-12-09,1238.8864090298307,1245.9465994402603,1227.629616271399,1239.380126953125,1269332
2024-12-10,1234.294770949991,1237.8495157830073,1217.5083620650712,1224.7659912109375,2025890
2024-12-11,1224.7167823384068,1227.7778094894772,1211.2875578077878,1222.98876953125,1178864
2024-12-12,1229.1601261067487,1234.4921829716695,1210.9418633629487,1229.7525634765625,1648944
2024-12-13,1224.716637652213,1234.4921553771203,1211.0405557648148,1230.6905517578125,1258819
2024-12-16,1230.6906780937798,1258.1414436199243,1229.555102730767,1253.994140625,1920945
2024-12-17,1253.0560965737443,1254.9815482710958,1227.629623376917,1231.974365234375,2706166
2024-12-18,1236.1708696610028,1264.9052265790156,1233.8504196992658,1259.3756103515625,2823838
2024-12-19,1258.980716094892,1314.6227024596865,1255.6728300854143,1308.9449462890625,7185903
2024-12-20,1309.339921820128,1351.5033839084433,1300.8479977165487,1326.7681884765625,7499087
2024-12-23,1344.8876449843783,1349.8248242978307,1313.5859763517333,1324.4970703125,3740109
2024-12-24,1330.0759783539131,1347.8498221626514,1319.411623854033,1333.927001953125,2587142
2024-12-26,1333.9270550491233,1343.1101357272082,1325.879429119185,1338.1236572265625,1531359
2024-12-27,1345.9244661084822,1380.6821593632399,1328.5949189510027,1371.99267578125,3656253
2024-12-30,1372.1408511126012,1374.5107212911137,1354.8607235101626,1359.6004638671875,2462657
2024-12-31,1353.0832826462547,1377.4728979289982,1349.380398512037,1371.0545654296875,1892083
2025-01-01,1371.0052617414099,1371.597819682431,1338.3211591178108,1351.7996826171875,1658723
2025-01-02,1354.218816235429,1370.5115073750446,1352.836502507408,1357.773681640625,1726305
2025-01-03,1357.773614832683,1360.8346416373427,1330.273431984505,1335.655029296875,1573592
2025-01-06,1343.3076891576216,1344.1964054867472,1317.041920931555,1333.3839111328125,1539970
2025-01-07,1335.0132676439034,1355.7988404768168,1330.5698063240827,1334.5689697265625,1723188
2025-01-08,1352.2934151315,1388.236104672035,1340.9379027006771,1353.5277099609375,3456684
2025-01-09,1362.66142833482,1365.5743157822003,1346.9611747271206,1354.366943359375,1607980
2025-01-10,1348.936130281338,1368.5861283820232,1335.6057459139806,1337.3831787109375,1582776
2025-01-13,1337.0375429516096,1337.1362624279634,1313.4871018160943,1318.3255615234375,2822318
2025-01-14,1318.3750028929787,1331.902825860874,1307.01949058647,1320.744873046875,1370223
2025-01-15,1328.1012177636958,1328.1012177636958,1297.4412864177814,1320.399169921875,1940371
2025-01-16,1324.052656993656,1330.0759911237947,1280.7042022921764,1286.3819580078125,1195731
2025-01-17,1281.6916938770469,1304.1064387679612,1271.8173356807677,1292.948486328125,1432206
2025-01-20,1291.911675671784,1292.5535330843031,1277.3964168303983,1285.987060546875,561642
2025-01-21,1285.98699429349,1296.453789700931,1269.4968645933643,1271.9654541015625,738787
2025-01-22,1274.7797068052375,1291.5661165772663,1271.817399198409,1279.9637451171875,1301422
2025-01-23,1272.804830648036,1287.566948622834,1258.5364306059948,1273.1998291015625,1448659
2025-01-24,1214.4965535170195,1236.9114173827834,1188.378926122239,1209.016357421875,7082467
2025-01-27,1209.0164473621294,1218.8413855991273,1176.529784635826,1182.6025390625,2184847
2025-01-28,1182.6025409879003,1182.6025409879003,1150.017158733436,1166.4085693359375,3142189
2025-01-29,1172.4814279159739,1177.4679069576875,1158.7560446096118,1166.3592529296875,3458251
2025-01-30,1173.0737327170102,1189.6627024044149,1169.1239895092087,1179.4920654296875,3290757
2025-01-31,1186.8978164119019,1205.6590963718238,1180.973201687716,1202.054931640625,1505147
2025-02-01,1205.0667473710391,1205.0667473710391,1185.0217512030597,1189.810791015625,1067956
2025-02-03,1184.9230055063208,1204.6717222647594,1181.763259039611,1188.724609375,1407877
2025-02-04,1191.8350684372258,1217.508400483098,1186.354751266639,1204.622314453125,2239920
2025-02-05,1211.5838151806518,1217.6071498937072,1200.57388109838,1212.126953125,1460238
2025-02-06,1219.3845361177691,1238.2445364491887,1214.7435153737104,1221.112548828125,2990483
2025-02-07,1224.4204312475194,1228.1233156162114,1210.5963296044022,1224.8154296875,1236992
2025-02-10,1224.124039274874,1224.124039274874,1195.834101739013,1205.609619140625,1565579
2025-02-11,1204.6716502456643,1207.5352381117639,1186.157229391479,1194.599853515625,1819297
2025-02-12,1202.696863721096,1205.0667338653054,1187.7371865059145,1200.5738525390625,1306601
2025-02-13,1201.6107900785958,1227.3828433743884,1201.6107900785958,1208.2265625,4447231
2025-02-14,1208.1276370724988,1214.5459694312822,1171.3456554779336,1182.010009765625,1211843
2025-02-17,1181.812517318395,1186.8978358137686,1168.2846950250068,1183.8861083984375,613030
2025-02-18,1183.8861661387434,1189.8107812487317,1167.1491766676681,1182.355712890625,1713796
2025-02-19,1151.3501658474722,1162.1625398592732,1113.3338867864709,1151.2020263671875,3062142
2025-02-20,1149.8690022707508,1159.397781957214,1141.7226568274414,1156.2379150390625,1579890
2025-02-21,1155.9911777197108,1156.0405977301155,1130.860981892304,1137.3287353515625,6828902
2025-02-24,1137.3286500565287,1159.1509580387253,1136.5386531689644,1149.91845703125,2017521
2025-02-25,1152.4858300186127,1154.8557002761183,1108.396793158912,1113.975830078125,6463238
2025-02-27,1114.321334751043,1122.072681913369,1100.9909510389125,1111.408447265625,3435069
2025-02-28,1114.518837576963,1117.7774242190999,1090.6723573323168,1102.47216796875,3895033
2025-03-03,1104.2989082571542,1116.0494195063698,1090.0305077994974,1105.533203125,1810605
2025-03-04,1097.1399512682924,1110.026037354099,1091.1660366844649,1106.0762939453125,1074133
2025-03-05,1106.4219069172707,1114.8151119228903,1096.5969680959233,1112.247802734375,1260157
2025-03-06,1120.739735830887,1131.3052516456628,1104.5951831269,1125.775634765625,1648697
2025-03-07,1125.775507659292,1130.811406025449,1115.8024303975706,1119.0115966796875,790599
2025-03-10,1120.690289394458,1122.8627206245137,1101.3859905104136,1106.1256103515625,950503
2025-03-11,1102.9658176896075,1112.7907559440916,1096.6956243015568,1102.6202392578125,884438
2025-03-12,1102.5708629494486,1102.6202829573494,1078.7242626981003,1091.2647705078125,1914579
2025-03-13,1091.26467109664,1096.3005694429662,1081.2915938741917,1094.0294189453125,1299174
2025-03-17,1093.9801302948106,1139.5996153465885,1087.6605171635726,1136.2423095703125,2714559
2025-03-19,1159.2495651095314,1162.9030291529068,1143.549312650219,1157.3734130859375,1507415
2025-03-20,1164.1374675711106,1175.789259020217,1150.6590644113742,1172.2838134765625,1521677
2025-03-21,1175.2459868422193,1189.5145058173175,1162.2613030992543,1185.071044921875,2313824
2025-03-24,1189.8601698394054,1201.0675423525645,1175.2954914119107,1195.0936279296875,1660669
2025-03-25,1195.093653550209,1200.67256965513,1153.2756490105733,1163.1007080078125,2860907
2025-03-26,1163.1007185329127,1164.9768707660578,1138.1679631765612,1149.9677734375,2864505
2025-03-27,1145.4255897281955,1157.6698184153693,1129.626616076772,1147.597900390625,4460409
2025-03-28,1144.6850550329948,1144.6850550329948,1126.4174910751683,1129.8240966796875,2762934
2025-04-01,1129.8240241325238,1149.7703001438847,1121.7765185782087,1137.7235107421875,4158012
2025-04-02,1135.5511474609375,1138.217175853382,1120.7396107549253,1135.5511474609375,2071245
2025-04-03,1175.5424527901832,1211.4851440806742,1134.6132824679494,1136.9830322265625,6324685
2025-04-04,1137.3286820762742,1142.9075983065823,1062.6784339540404,1096.00439453125,5423861
2025-04-07,1007.184643938781,1085.043942551628,1007.184643938781,1074.2315673828125,3888037
2025-04-08,1086.1793527469154,1099.6578751860482,1075.0212802722415,1094.0294189453125,1577632
2025-04-09,1080.7484971198749,1089.388560481957,1048.3112547764063,1080.30419921875,5511474
2025-04-11,1125.5781320757885,1125.5781320757885,1088.4011487922137,1095.56005859375,2740831
2025-04-15,1126.5655470082659,1143.5493948352569,1114.815036686097,1140.3896484375,2683350
2025-04-16,1135.7486569011528,1146.8080106500802,1129.3303239301454,1143.845703125,1451875
2025-04-17,1135.6498418681622,1158.8545821954588,1135.6498418681622,1148.980224609375,2788024
2025-04-21,1148.7829530296185,1164.8780859177557,1140.4884673416302,1162.6070556640625,1938756
2025-04-22,1159.1510272343996,1165.6680800677361,1147.6967949005643,1160.2371826171875,1313400
2025-04-23,1170.2101606120298,1176.8260528965402,1161.1257993258523,1171.098876953125,3192132
2025-04-24,1164.1868770906003,1194.797388701973,1161.520848487477,1185.416748046875,4819678
2025-04-25,1188.77403168341,1195.2910841189937,1145.1292952407887,1160.0396728515625,1286573
2025-04-28,1161.5208160447785,1189.8601761755644,1161.5208160447785,1183.6392822265625,1236678
2025-04-29,1189.2676878060995,1189.2676878060995,1154.3124367850169,1161.2244873046875,1663018
2025-04-30,1161.4219405673484,1181.5656550089243,1161.1257821490967,1169.0252685546875,1604442
2025-05-02,1161.3232752690008,1179.788397925404,1156.682375003862,1163.1007080078125,910973
2025-05-05,1173.7649049134056,1178.8996434726541,1139.994648259719,1156.5836181640625,1893680
2025-05-06,1157.4723503775278,1160.2372191996274,1115.210164842692,1145.8206787109375,1990745
2025-05-07,1129.0341319864765,1149.9677229943647,1129.0341319864765,1146.11669921875,1421366
2025-05-08,1138.2173165425088,1146.808081215812,1127.6518006009092,1133.576416015625,2616533
2025-05-09,1128.1454112535962,1152.3375885627543,1124.195668019448,1141.3770751953125,1248574
2025-05-12,1141.377093072045,1188.872732099255,1129.5278631840126,1180.5782470703125,5065176
2025-05-13,1180.9733236264965,1225.4079386458882,1180.9733236264965,1191.933837890625,3134295
2025-05-14,1198.0559808618466,1207.9303394924177,1178.208423585115,1204.6717529296875,1197152
2025-05-15,1198.7471004969505,1224.2229931867319,1185.120437795607,1220.7669677734375,2053553
2025-05-16,1223.3342284443218,1223.3342284443218,1205.6591036366779,1215.2371826171875,882873
2025-05-19,1212.8675279824142,1226.1979122345226,1198.9445857787055,1203.684326171875,2235758
2025-05-20,1206.646658980684,1218.8908881382188,1201.3144810611727,1208.8189697265625,1385750
2025-05-21,1209.707620512665,1240.8118493964537,1204.770441324762,1209.3126220703125,2615092
2025-05-22,1209.312583656161,1214.3486026971325,1196.1797597554678,1206.843994140625,2260610
2025-05-23,1212.571184280527,1219.384515530791,1200.7219544667107,1214.644775390625,734297
2025-05-26,1214.4474094525685,1232.2212552418314,1213.2624140779874,1225.3092041015625,985434
2025-05-27,1228.2714776120995,1233.307376338507,1221.7544251110662,1227.5802001953125,1145000
2025-05-28,1232.1225318356962,1236.4671532521663,1221.4581761814743,1226.98779296875,766968
2025-05-29,1229.7527078254966,1237.6521951145166,1224.8155282698592,1232.5174560546875,1791885
2025-05-30,1232.5174286605832,1241.7993501262024,1225.4079384731258,1235.479736328125,3161983
2025-06-02,1235.2821458194853,1235.775863703506,1217.014584110724,1232.0235595703125,1139977
2025-06-03,1234.2946814192817,1237.6519870600603,1225.2103207786718,1232.6160888671875,811620
2025-06-04,1232.6162753947158,1250.0938425137963,1230.6414036055944,1236.1710205078125,1387633
2025-06-05,1248.3164334059986,1287.0239935301554,1248.3164334059986,1274.384765625,3834672
2025-06-06,1278.8280635604006,1306.2788266520076,1278.7293440890255,1304.303955078125,2158757
2025-06-09,1310.7223771336344,1312.3022503932282,1292.1585348577496,1302.526611328125,1227356
2025-06-10,1304.402750926071,1345.480057960707,1304.402750926071,1331.853515625,3022355
2025-06-11,1333.0383564245387,1338.3705339575567,1323.3614371780766,1334.12451171875,1094247
2025-06-12,1342.912706868742,1362.3651441874217,1326.6200159398195,1345.5787353515625,2625058
2025-06-13,1337.9755787700688,1349.6273700323018,1328.1012202551606,1345.38134765625,1419556
2025-06-16,1342.71532826666,1342.71532826666,1325.3363607321296,1329.878662109375,1294663
2025-06-17,1331.3598268071678,1332.7421405907667,1286.2339353932534,1302.23046875,1649457
2025-06-18,1294.627129337278,1308.1550729140574,1292.3560991858035,1296.799560546875,728945
2025-06-19,1288.6037272271112,1315.2644939973275,1287.9125703773373,1309.4385986328125,1654212
2025-06-20,1315.6595742644658,1318.2268834132306,1301.6379126208042,1308.6488037109375,1843895
2025-06-23,1302.3291106121821,1306.3775733155912,1285.740140831631,1301.3416748046875,843945
2025-06-24,1301.3417667488266,1336.691898832786,1292.6522828142924,1320.498046875,1011128
2025-06-25,1331.3597889225882,1331.3597889225882,1319.2142798975142,1324.743896484375,833145
2025-06-26,1309.339823243296,1316.9430304125,1298.083031424836,1304.8963623046875,2373431
2025-06-27,1312.2035373115566,1314.8695659165792,1282.0867436079452,1284.654052734375,1770595
2025-06-30,1286.5302328225307,1288.6038240642783,1256.512157947735,1267.176513671875,2224279
2025-07-01,1270.1386965842707,1278.63062021541,1257.3020313982292,1260.758056640625,1851442
2025-07-02,1259.9681141751214,1264.806573830606,1247.822605298762,1254.83349609375,2027306
2025-07-03,1258.8819561136008,1281.2967011035594,1254.0434964687242,1275.075927734375,1918977
2025-07-04,1286.6288910378225,1296.5032493727253,1271.027356654036,1290.9736328125,1466009
2025-07-07,1291.4673588927672,1296.8982560112931,1281.7904394487532,1294.03466796875,569025
2025-07-08,1293.8372154950814,1293.8372154950814,1257.5982482336478,1267.670166015625,1602620
2025-07-09,1263.9178453542072,1269.5461812946608,1250.98246026298,1253.4510498046875,1494337
2025-07-10,1254.941590623643,1261.8974786310418,1244.2096006060892,1254.6434326171875,1246082
2025-07-11,1255.0409573301636,1263.9842420617324,1243.4147356995488,1246.793212890625,895466
2025-07-14,1246.793255133142,1253.451106772855,1237.4525878045495,1242.7191162109375,1035555
2025-07-15,1246.8926882006047,1256.531513289438,1233.1796029989662,1252.9542236328125,1183659
2025-07-16,1252.9541704489554,1254.0472142836027,1242.1228350669599,1251.463623046875,1159859
2025-07-17,1251.4636237157226,1266.766601312138,1247.5881762080307,1255.1402587890625,709420
2025-07-18,1257.0282984708933,1262.5929844647824,1243.215868401397,1249.5755615234375,690731
2025-07-21,1242.3215066744915,1254.444698134839,1237.3530154123139,1251.3642578125,1065189
2025-07-22,1253.053577743038,1255.6371691070376,1228.2111198179184,1232.1859130859375,1304352
2025-07-23,1232.3846059674588,1244.2096402167103,1223.2426299585436,1239.539306640625,1088262
2025-07-24,1253.1528498855375,1279.7840117412281,1248.1843585916445,1257.525146484375,3809212
2025-07-25,1258.022012202828,1280.3802233201768,1253.25221197737,1269.8470458984375,1621138
2025-07-28,1271.9338396744818,1281.8708227969387,1263.5867495914051,1279.2872314453125,1553778
2025-07-29,1278.8897437838339,1293.7952186531095,1274.7162593408627,1291.609130859375,1943466
2025-07-30,1289.9197091936205,1289.9197091936205,1269.6482400813493,1283.95751953125,1387013
2025-07-31,1266.4685284334546,1276.9023609548756,1249.0788075644193,1262.2950439453125,1968821
2025-08-01,1250.0724205195338,1251.0661187870376,1206.051538748701,1212.9080810546875,2525210
2025-08-04,1217.3797410758052,1224.4349746181283,1211.5168969515148,1217.2803955078125,767310
2025-08-05,1217.2804497991388,1224.236338083705,1197.4064832718059,1207.144775390625,956582
2025-08-06,1207.1447274398893,1210.1258223005727,1180.0167156872446,1189.15869140625,1701845
2025-08-07,1176.5387309933542,1202.3748855590866,1175.9425363020487,1193.23291015625,1246560
2025-08-08,1193.2329358379593,1207.3434028071335,1187.8669408986045,1203.76611328125,2389106
2025-08-11,1204.8591754533268,1229.2047835346518,1200.9837278658833,1211.8150634765625,1246374
2025-08-12,1202.3749662138437,1219.4665287834,1196.5121218704394,1212.610107421875,922461
2025-08-13,1212.6100756020353,1247.5882069990678,1212.1132264554806,1245.50146484375,1192506
2025-08-14,1247.1907477996324,1258.0220838401435,1242.3216017299274,1252.4573974609375,1603933
2025-08-18,1261.9968439791114,1262.5930387003066,1233.2789387811067,1254.7427978515625,1648543
2025-08-19,1255.0409515401836,1255.8359586997472,1234.0739416931135,1236.359375,1061816
2025-08-20,1236.160678010691,1242.818408061546,1230.1984882453662,1237.5518798828125,685379
2025-08-21,1237.5518385572786,1273.7224795192833,1232.484001686195,1268.55517578125,2008295
2025-08-22,1266.0710060730564,1276.0079892795025,1257.6245703475774,1269.5489501953125,1229920
2025-08-25,1269.6483236678512,1280.7778178842811,1267.2635446867498,1275.809326171875,967056
2025-08-26,1267.959010581038,1271.536300143782,1251.066139750413,1255.2396240234375,2798216
2025-08-28,1255.239683339614,1259.4132891109218,1240.6323663927014,1251.8612060546875,1827890
2025-08-29,1251.0661358385598,1258.419527378522,1232.9808756439227,1252.1591796875,2422956
2025-09-01,1252.1591978851484,1276.9023097030304,1252.1591978851484,1271.83447265625,1273903
2025-09-02,1271.8345298398892,1275.3124740304734,1240.1355285283503,1245.799560546875,1632660
2025-09-03,1242.122900689385,1257.922728246367,1239.7380004598485,1254.2459716796875,1294925
2025-09-04,1260.0094788133479,1266.667209084759,1241.1292105976904,1245.10400390625,1230934
2025-09-05,1246.395801164631,1263.686054196341,1245.7001395879727,1260.1087646484375,769861
2025-09-08,1261.0031898751722,1268.952776572573,1240.8310651100915,1242.7191162109375,969297
2025-09-09,1249.5756671894335,1287.634362273165,1248.8801268692778,1283.1627197265625,1643726
2025-09-10,1286.2431523153641,1301.7448221200923,1285.5474906984768,1295.9813232421875,1232984
2025-09-11,1295.782536291586,1302.738424139777,1274.9148727470129,1294.88818359375,1349391
2025-09-12,1294.888193585473,1312.6754169090243,1294.5901568845995,1308.4024658203125,1042942
2025-09-15,1300.6517150860016,1303.5334643850974,1284.3550388817578,1292.602783203125,1331182
2025-09-16,1291.807846948573,1304.2290762461555,1288.2305571710826,1302.142333984375,1034369
2025-09-17,1308.7006725967979,1309.893062046848,1296.974984033364,1303.135986328125,716840
2025-09-18,1303.83156794759,1317.4453079892978,1297.4718743099434,1314.36474609375,822010
2025-09-19,1316.3520665276867,1318.438929962134,1303.732146858248,1313.3709716796875,1409571
2025-09-22,1312.576091200591,1312.576091200591,1285.3487338840034,1293.198974609375,1399531
2025-09-23,1291.8078170714264,1303.632851349447,1287.0380166110447,1300.1549072265625,1271238
2025-09-24,1295.0869814297087,1300.055472693843,1286.243042719338,1289.919677734375,750456
2025-09-25,1290.1185909748017,1299.0618759490676,1260.0094830410135,1267.1640625,1241492
2025-09-26,1242.1229285380641,1270.4433313087318,1238.3468263148814,1245.203369140625,2284377
2025-09-29,1257.0284000849133,1261.9968917848537,1223.2426565253188,1226.8199462890625,3899164
2025-09-30,1227.3167099373334,1232.484013725844,1209.8276446324273,1215.988525390625,2635047
2025-10-01,1220.1621428407325,1242.818390854653,1218.2740918476406,1236.856201171875,4083180
2025-10-03,1236.0613788093888,1257.425892936575,1232.185931056337,1240.23486328125,2742600
2025-10-06,1240.3341858676797,1243.4147476790827,1226.4224094845413,1240.731689453125,1880910
2025-10-07,1242.421029674372,1248.1844070182594,1236.558185459902,1240.63232421875,1380941
2025-10-08,1240.4336664471707,1243.1166034017126,1223.640140510308,1226.7205810546875,1496744
2025-10-09,1237.1543926455697,1256.9290132219644,1232.4840591214693,1238.2474365234375,2699135
2025-10-10,1241.725345848685,1259.7112604480849,1236.856200018744,1256.43212890625,1680920
2025-10-13,1249.078707307906,1257.127638918175,1240.433581004479,1254.4447021484375,1188201
2025-10-14,1254.444732241556,1254.444732241556,1224.5344382902356,1229.5029296875,1944911
2025-10-15,1225.2299837724936,1234.4714263311043,1223.2425872051417,1224.6337890625,2150067
2025-10-16,1228.1116917887784,1234.7694215452727,1222.5470058473875,1232.384521484375,1308931
2025-10-17,1237.1543820558684,1254.0472531361495,1230.2978395336597,1247.9857177734375,1473018
2025-10-20,1256.8297018178866,1279.5852966338582,1251.8612101460908,1273.9212646484375,1368192
2025-10-21,1279.8834391869682,1285.8456291210691,1275.0142931472396,1280.5789794921875,226788
2025-10-23,1295.3850971493682,1295.3850971493682,1263.5867511190625,1271.337646484375,1991213
2025-10-24,1271.9338187932935,1279.8834051607516,1257.525193502276,1275.5111083984375,1167634
2025-10-27,1274.9149307869052,1285.2494174634733,1256.630857636218,1276.206787109375,1927956
2025-10-28,1275.8093173572386,1286.7399990490114,1267.2635359311566,1281.274658203125,1828290
2025-10-29,1290.8140752756829,1293.2983209940733,1227.217384884887,1243.0172119140625,2574921
2025-10-30,1188.4631426232547,1199.5925148364267,1173.4583228587082,1194.6240234375,8883497
2025-10-31,1194.9222466829463,1197.9033416850657,1183.4947158414877,1190.0531005859375,4250157
2025-11-03,1189.3574874717306,1193.2329349974825,1180.4142030127919,1188.463134765625,1547000
2025-11-04,1190.4505916341147,1196.7109395930172,1185.7802580337723,1192.43798828125,1015516
2025-11-06,1194.425316605959,1206.250350240223,1185.6807233383374,1197.6051025390625,1560897
2025-11-07,1200.3875463979082,1204.2629940281138,1190.4505633979254,1197.803955078125,1076140
2025-11-10,1191.8417797631532,1201.8781084548996,1187.4694829298098,1191.1461181640625,3483082
2025-11-11,1196.015237763235,1207.1447313935414,1191.0467463124896,1203.865478515625,1048552
2025-11-12,1212.411306309198,1227.2174356636526,1207.3434690942008,1221.8514404296875,1222295
2025-11-13,1228.0123947129703,1234.57077916361,1219.5659592520246,1227.1180419921875,1426984
2025-11-14,1227.4160812197442,1241.1291661637551,1224.0376040692745,1238.1480712890625,827643
2025-11-17,1245.1040089267103,1245.1040089267103,1232.6827797873775,1236.5582275390625,1423044
2025-11-18,1236.657576446064,1239.1418222806283,1224.9318875864944,1235.9620361328125,971685
2025-11-19,1240.8309857926424,1244.8057788872627,1229.2047645113018,1242.321533203125,830105
2025-11-20,1247.0913829170581,1247.0913829170581,1229.9003535803258,1240.731689453125,854999
2025-11-21,1236.9556319834332,1242.8183546264186,1229.3040826662755,1236.061279296875,941902
2025-11-24,1240.1354492719286,1254.4447287160472,1211.3181992487828,1218.4727783203125,7611988
2025-11-25,1228.509237242158,1243.3152446354713,1222.5470475371264,1228.3104248046875,1983817
2025-11-26,1228.3104638293241,1243.116592994103,1226.8199163557101,1240.135498046875,809816
2025-11-27,1240.135511818825,1248.0850984330484,1233.1796235313798,1241.4273681640625,1060956
2025-11-28,1242.1228383383,1252.357979046631,1237.1543469849469,1250.867431640625,809748
2025-12-01,1255.9352816759035,1260.8044275132474,1240.5329583196703,1252.1591796875,1457856
2025-12-02,1252.5567455624587,1270.244624365322,1252.5567455624587,1267.1640625,2361183
2025-12-03,1275.5111439299417,1284.8519324321207,1261.2018638096959,1272.62939453125,4969448
2025-12-04,1272.5300451572464,1276.107334851354,1258.5189230963706,1269.5489501953125,1971130
2025-12-05,1269.5489627533507,1274.716266852455,1263.5867727705067,1267.1640625,1036082
2025-12-08,1266.9653566091654,1270.940149884802,1255.7365170850662,1258.5189208984375,1435892
2025-12-09,1258.5189262376737,1259.413278988699,1233.4777770153523,1238.3468017578125,2118272
2025-12-10,1241.4272992722372,1254.1465643685117,1238.9430535931533,1242.9178466796875,1669910
2025-12-11,1242.917829511233,1267.859631524502,1240.135425868669,1265.4747314453125,1717539
2025-12-12,1266.9653300478453,1272.331325117672,1259.313901673079,1271.23828125,981548
2025-12-15,1266.8659974602213,1274.7162383556836,1256.1340072105936,1272.530029296875,1078613
2025-12-16,1277.7966783253432,1277.7966783253432,1263.9842475860069,1268.8533935546875,928506
2025-12-17,1261.9968563055843,1272.9275377381523,1259.3139193834702,1263.9842529296875,894068
2025-12-18,1268.9527429580687,1275.8092855631605,1254.047268295288,1271.933837890625,889699
2025-12-19,1268.9527521403372,1284.7525796574266,1260.9038200244054,1270.1451416015625,1209487
2025-12-22,1270.1450741695598,1278.1941271592318,1268.6545267716292,1275.3123779296875,614138
2025-12-23,1280.479580134966,1280.479580134966,1269.7477114850044,1275.4117431640625,408490
2025-12-24,1273.0268755590062,1277.0016687830143,1244.5077826971726,1257.8233642578125,1265233
2025-12-26,1257.028318426452,1266.9653011808111,1253.15287089204,1261.30126953125,594744
2025-12-29,1261.3012523842958,1267.8596366528022,1252.0598100279522,1260.6055908203125,811488
2025-12-30,1260.009452010592,1264.8785979702145,1248.4825759211808,1257.8233642578125,1123996
2025-12-31,1261.9968596226959,1265.8723073100964,1252.0598764760603,1263.3880615234375,658106
2026-01-01,1261.9968322491566,1261.9968322491566,1240.135469800746,1245.50146484375,553856
2026-01-02,1241.12921435833,1249.6749957374136,1228.2111360663698,1248.1844482421875,1591218
2026-01-05,1248.08511484375,1254.3454629051923,1237.1544331054688,1242.1229248046875,1184386
2026-01-06,1242.1229322530146,1250.867526216503,1237.6512896969036,1248.2838134765625,540944
2026-01-07,1244.706432009682,1257.0283148502438,1232.1858580350217,1234.96826171875,1215477
2026-01-08,1233.7758396813053,1233.7758396813053,1194.6241006665043,1199.2945556640625,2000942
2026-01-09,1199.3938028105931,1208.734590738095,1196.0152044579575,1202.4742431640625,1390935
2026-01-12,1202.3749911623304,1211.0201181981947,1192.3386621905277,1207.84033203125,707317
2026-01-13,1207.939642861754,1208.237800875546,1178.0293479541722,1183.7928466796875,2071117
2026-01-14,1183.594059357488,1187.4695071137207,1168.6885843727969,1179.0230712890625,2834908
2026-01-16,1176.5388431784347,1189.4569216930627,1164.1176138374462,1168.0924072265625,2214792
2026-01-19,1162.6270082460214,1170.0797454783678,1157.360358748072,1159.8446044921875,1253443
2026-01-20,1161.0371382404292,1185.2834014437415,1154.0812500190482,1159.3477783203125,2790934
2026-01-21,1162.6269791858083,1186.2770465990714,1141.163120753359,1149.9075927734375,2322066
2026-01-22,1187.469425773229,1217.2803737005904,1180.2153799238147,1209.82763671875,6464461
2026-01-23,1222.2489123975565,1242.917885615436,1217.2804208837454,1227.8135986328125,3888860
2026-01-27,1243.1165548919591,1244.4084111832542,1225.7268348994658,1231.9871826171875,2159137
2026-01-28,1234.0739133954048,1235.3656483737482,1211.3181986116438,1214.796142578125,1740662
2026-01-29,1207.6415535264773,1210.3244903294444,1183.6933282287016,1201.2818603515625,1626394
2026-01-30,1192.437913851288,1217.0816792579708,1192.437913851288,1210.423828125,1672460
2026-02-02,1182.0041057433436,1187.469446291127,1159.745239979432,1175.0482177734375,1207638
2026-02-03,1257.0283127233054,1257.9226654273518,1210.4238395565933,1227.6148681640625,1521425
2026-02-04,1227.7141882284527,1240.4335743525369,1222.3481934166966,1232.384521484375,947684
2026-02-05,1234.1733043439635,1245.700180510796,1229.204812780582,1237.0550537109375,953241
2026-02-06,1237.0550524321773,1241.0298456787737,1217.2804317701475,1233.3782958984375,1324651
2026-02-09,1252.0598348380538,1270.7414110528866,1235.6638131913649,1267.462158203125,2111316
2026-02-10,1270.9401442412359,1275.411786656471,1245.1039880643225,1248.0850830078125,1412804
2026-02-11,1255.9353503387092,1265.4748300980812,1245.3027053695737,1262.2950439453125,855888
2026-02-12,1260.9037770916275,1269.5489036438123,1253.550385528277,1266.865966796875,981247
2026-02-13,1265.9716087608385,1271.2382581654324,1255.6371223882934,1260.1087646484375,838946
2026-02-16,1249.1780972667725,1267.1640120723773,1249.1780972667725,1261.400634765625,469592
2026-02-17,1258.022036882943,1278.6910098640035,1250.27114168978,1276.70361328125,687326
2026-02-18,1280.877059954322,1283.3613056097804,1268.5551772430372,1272.23193359375,689997
2026-02-19,1281.870788631497,1287.5348203399096,1268.4558617737255,1274.2193603515625,1333838
2026-02-20,1273.8218462444418,1284.2556781586584,1266.965303869173,1272.331298828125,1753200
2026-02-23,1281.8707587826618,1305.222667954284,1274.0205182477348,1299.1611328125,1849756
2026-02-24,1299.2605157729083,1306.7132529570742,1288.9260292839863,1292.0064697265625,1803242
2026-02-25,1272.927538726141,1315.6565661775257,1258.9164167755507,1298.266845703125,2296240
2026-02-26,1302.937152843121,1318.637634387908,1296.7762719489224,1310.9862060546875,1511598
2026-02-27,1305.5209180163251,1308.8993953066386,1270.1451603314977,1278.1942138671875,3510396
2026-03-02,1244.706406527083,1291.8077279446609,1213.5042571457466,1286.2430419921875,1052234
2026-03-04,1266.369173294343,1291.0128190448136,1264.083618619822,1283.063232421875,1890939
2026-03-05,1284.3549929220594,1313.7684369717072,1284.3549929220594,1305.22265625,1060509
2026-03-06,1305.2226870728873,1308.1044363369144,1282.6657847013776,1295.5838623046875,963701
2026-03-09,1277.399222989738,1286.740011696551,1265.5741884194679,1278.8897705078125,1597730
2026-03-10,1279.8834446708822,1321.2212707975548,1279.8834446708822,1306.3157958984375,2329349
2026-03-11,1302.837814967246,1327.580926861326,1302.837814967246,1317.1470947265625,2454389
2026-03-12,1312.6755070313982,1328.8728384924848,1295.3851316566152,1310.6881103515625,1969692
2026-03-13,1301.7447836031513,1311.5824211134945,1272.8281870978283,1284.1563720703125,1574522
2026-03-16,1283.957559313592,1288.8267052822728,1256.0346611232017,1268.8533935546875,1294975
2026-03-17,1271.8345132013353,1283.2620439637567,1257.0283838663331,1275.7099609375,1003677
2026-03-18,1275.7099435501427,1291.1122674113053,1272.033187009098,1286.640625,849938
2026-03-19,1270.641990273127,1278.2935400997578,1258.7176104611908,1266.468505859375,1035491
2026-03-20,1280.8770844358335,1299.2605026375888,1280.0820772904688,1290.7147216796875,3359706
2026-03-23,1284.8518727024766,1284.8518727024766,1236.3593482440167,1245.402099609375,2112613
2026-03-24,1259.2144363299572,1271.7351319417623,1240.5329810840894,1251.662353515625,3166135
2026-03-25,1260.9037635798802,1300.751040089405,1252.159170252133,1292.5032958984375,1577150
2026-03-27,1288.8266791978351,1294.6895233557088,1270.1451028679126,1273.623046875,2165113
2026-03-30,1257.028394357626,1268.157767194358,1243.2159632345108,1246.9920654296875,1991442
2026-04-01,1271.9338002670893,1276.7036005385148,1198.499473007082,1201.9774169921875,2240507
2026-04-02,1180.016769500012,1214.8955567003886,1160.1428028558014,1209.6290283203125,3560727
2026-04-06,1212.4112878322055,1215.491728343312,1188.7613407556191,1210.1258544921875,1099471
2026-04-07,1200.387533907145,1203.3686287761197,1171.5702835070563,1188.5625,2330512
2026-04-08,1202.3749765495702,1212.2126142542797,1177.930021947701,1183.8922119140625,2063229
2026-04-09,1181.5072251541997,1207.0452217863951,1181.5072251541997,1204.262939453125,2746602
2026-04-10,1205.157287492337,1229.0060455194857,1201.1824944878124,1224.4349365234375,1931448
2026-04-13,1210.324471358714,1231.2914802230255,1196.412695825855,1228.1116943359375,1463269
2026-04-15,1212.3119422610853,1214.2993388877428,1187.8669880134105,1210.1258544921875,4693413
2026-04-16,1214.2993197183728,1219.8640059249549,1206.4490789067895,1213.703125,2014236
2026-04-17,1207.5421483343348,1234.1733117952704,1204.7598658226814,1227.9129638671875,2564061
2026-04-20,1227.2174197488696,1235.1670062735586,1215.293039961836,1224.83251953125,1605279
2026-04-21,1224.8324602647308,1227.1180148004123,1210.7219933866027,1212.9080810546875,1230733
2026-04-22,1206.4490612656393,1218.2740950948798,1200.4868715669695,1209.330810546875,1573272
2026-04-23,1222.248899257783,1348.4485823518794,1209.8276706067893,1322.6124267578125,16407707
2026-04-24,1284.8519432869343,1340.3003587334326,1284.8519432869343,1308.800048828125,5638719
2026-04-27,1312.0792107825514,1341.4926551084209,1300.7510263236466,1326.09033203125,1940454
2026-04-28,1333.9406497133243,1359.2799568863386,1319.0351749056688,1346.063720703125,2336352
2026-04-29,1358.3855720753659,1367.2295111793755,1313.172299559324,1321.4200439453125,4545837
2026-04-30,1318.6376152431299,1331.8538508643323,1305.3220340543137,1314.5634765625,1227007
2026-05-04,1311.6817310466201,1311.6817310466201,1272.5299945112288,1279.08837890625,2285506
2026-05-05,1279.4858850877893,1284.2556853671992,1260.5062721403692,1263.189208984375,986348
2026-05-06,1273.9212734941123,1320.2275919365711,1269.0521273617296,1302.738525390625,3340410
2026-05-07,1300.850410720308,1307.4087951919507,1289.124843647022,1299.35986328125,2530096
2026-05-08,1295.2856949521536,1301.943424840767,1281.8707683070795,1285.7462158203125,964903
2026-05-11,1279.8834045894966,1291.7084385660248,1264.4810810094211,1271.83447265625,1506740
2026-05-12,1270.8407651981736,1280.1815533686342,1256.5314855860913,1261.996826171875,1946195
2026-05-13,1237.7506083192552,1295.5839235662759,1222.2489387225,1257.3265380859375,9276074
2026-05-14,1257.326558192458,1299.459270769951,1247.091416769461,1295.3851318359375,2362951
2026-05-15,1295.3850992886098,1336.4248882221732,1295.3850992886098,1328.2764892578125,3982549
2026-05-18,1328.0778068516001,1333.4438020485873,1313.6691811880398,1322.8111572265625,1926791
2026-05-19,1323.6061027113105,1336.5241802903247,1310.5886795649772,1326.785888671875,2488019
2026-05-20,1315.2590628304295,1327.5809461718782,1311.284269578418,1313.56982421875,1277182
2026-05-21,1316.6502008304299,1323.208585117751,1305.9182110504078,1310.191162109375,2183121
2026-05-22,1310.688091103005,1321.2212690912318,1296.8756601207815,1298.96240234375,2002451
2026-05-25,1311.6817032704923,1332.052517601587,1290.515881810932,1323.0098876953125,4659781
2026-05-26,1324.5998194363256,1332.5494057495218,1313.2716346798088,1319.531982421875,1909354
2026-05-27,1321.2212884944777,1338.3129727217038,1308.4025556493248,1310.6881103515625,959327
2026-05-29,1310.4893994940667,1320.2275702981576,1289.323576651728,1295.2857666015625,5424483
2026-06-01,1301.844118535941,1311.2842523856957,1276.703624327232,1282.268310546875,1379034
2026-06-02,1272.1325608484412,1276.6042033591114,1256.1340419038124,1265.9716796875,2021793
2026-06-03,1261.4999922697502,1267.16402406121,1248.9794179457965,1255.339111328125,1226407
2026-06-04,1249.3768992797159,1266.865964793912,1240.532960304036,1259.5125732421875,944045
2026-06-05,1264.977958868167,1281.2746355442775,1260.5063164369753,1270.1451416015625,774687
2026-06-08,1261.996837234317,1285.5474383536193,1261.996837234317,1267.5615234375,862999
2026-06-09,1268.9527835688068,1279.4859617407228,1253.451113683622,1260.50634765625,871896
2026-06-10,1260.605594794776,1275.610414336969,1258.7175438309505,1263.68603515625,1172155
2026-06-11,1263.0898386230663,1277.5978090116596,1258.4195053044905,1267.958984375,1057772
2026-06-12,1282.8644616612225,1282.8644616612225,1258.02200500628,1267.36279296875,1645027
2026-06-15,1288.0317252895338,1288.0317252895338,1267.2635272581533,1271.43701171875,1178640
2026-06-16,1270.9401357409613,1277.8960238959157,1261.1024982330273,1268.8533935546875,430918
2026-06-17,1267.9590620998326,1269.350264014387,1252.9542416596478,1261.003173828125,683616
2026-06-18,1261.0031206661429,1271.8344562070963,1253.7490746824699,1259.5125732421875,774093
2026-06-19,1259.0157809539794,1266.965367574052,1253.053590988925,1264.0836181640625,1312877
2026-06-22,1270.0458313546333,1297.7700394593458,1263.1892885092211,1282.56640625,1618251
2026-06-23,1289.0253494205256,1321.1218521141625,1286.7399161764426,1293.099609375,2878800
2026-06-24,1301.7447361313875,1334.5367791026363,1297.968634177911,1320.02880859375,3346371
2026-06-25,1323.506738552227,1354.4107302199996,1323.506738552227,1341.989501953125,1699744
2026-06-29,1379.6508034534047,1405.9838095385528,1347.2562617371718,1367.03076171875,8857211
2026-06-30,1366.335197924184,1366.335197924184,1338.6109903751822,1348.5479736328125,2446438
2026-07-01,1342.486448136608,1354.1126701144779,1321.618783139666,1331.4564208984375,1423120
2026-07-02,1331.456349320485,1352.2246676278346,1320.6250138108092,1337.2197265625,808598
2026-07-03,1347.4548811113666,1381.6381265443156,1341.7908493793316,1365.4407958984375,1296170
2026-07-06,1367.229493500216,1371.9991724837723,1348.846075242392,1359.2799072265625,810266
2026-07-07,1353.4171125351145,1371.5023734479773,1342.9832801697557,1346.063720703125,1043736
2026-07-08,1348.4486099367587,1374.2847660593495,1330.164536728251,1340.4990234375,1561612
2026-07-09,1331.5557306025994,1340.499015360378,1253.1529099658608,1261.5,8410883
2026-07-10,1244.9000244140625,1251.800048828125,1222.0,1244.300048828125,8106606
2026-07-13,1244.300048828125,1249.0999755859375,1226.300048828125,1234.5,2437935
2026-07-14,1234.5,1248.0,1231.199951171875,1246.199951171875,1984818
2026-07-15,1249.0999755859375,1249.0999755859375,1226.4000244140625,1229.5,1685660
2026-07-16,1227.5,1235.0,1221.800048828125,1224.4000244140625,1935887
2026-07-17,1227.5,1229.9000244140625,1201.199951171875,1211.199951171875,2075149
2026-07-20,1213.300048828125,1231.300048828125,1209.5999755859375,1223.0999755859375,2212191
2026-07-21,1224.699951171875,1230.0,1203.0,1206.0,2182513
2026-07-22,1191.0,1202.300048828125,1169.0,1182.800048828125,2528082
2026-07-23,1101.0,1171.5999755859375,1101.0,1166.300048828125,6693935
2026-07-24,1147.0,1166.300048828125,1131.4000244140625,1151.699951171875,4750512
2026-07-27,1154.699951171875,1159.300048828125,1147.199951171875,1150.800048828125,1053461
2026-07-28,1145.0,1149.0,1130.199951171875,1135.5999755859375,2157306
2026-07-29,1144.0,1147.800048828125,1131.0999755859375,1142.300048828125,1280586
2026-07-30,1143.0,1151.0,1139.0,1144.800048828125,1350714
2026-07-31,1152.0,1154.300048828125,1141.699951171875,1148.0999755859375,1085841
2026-08-03,1166.199951171875,1182.0,1160.300048828125,1180.0,2150927
2026-08-04,1174.0,1174.0,1154.4000244140625,1172.5999755859375,2165315
2026-08-05,1171.800048828125,1178.4000244140625,1157.699951171875,1176.0,1883679
2026-08-06,1174.0,1174.4000244140625,1163.0,1171.0,1329196
2026-08-07,1166.0,1172.0,1162.0999755859375,1172.0,1072438
2026-08-10,1172.0,1178.800048828125,1156.0,1158.800048828125,1770609
2026-08-11,1159.0999755859375,1206.5999755859375,1155.0999755859375,1205.0,3936813
2026-08-12,1206.800048828125,1206.800048828125,1190.0,1200.0,2366909
2026-08-13,1194.0,1208.0999755859375,1182.0999755859375,1206.0,1799813
2026-08-14,1205.9000244140625,1205.9000244140625,1192.4000244140625,1200.0,2136998
2026-08-17,1204.4000244140625,1204.4000244140625,1178.199951171875,1192.0,2183094
2026-08-18,1185.0,1189.300048828125,1176.0999755859375,1178.800048828125,805633
2026-08-19,1171.9000244140625,1187.199951171875,1168.0,1170.0,1150424
2026-08-20,1171.199951171875,1183.800048828125,1171.199951171875,1180.0,1031107
2026-08-21,1179.0,1185.0999755859375,1174.0,1174.699951171875,1246756
2026-08-24,1179.4000244140625,1195.9000244140625,1168.5999755859375,1190.0,2248634
2026-08-25,1189.0,1193.5,1175.0,1193.5,1569853
2026-08-26,1189.9000244140625,1197.199951171875,1180.0999755859375,1182.0,1993156
2026-08-27,1182.0,1191.9000244140625,1169.4000244140625,1177.0,1044405
2026-08-28,1175.0,1186.5999755859375,1172.5,1178.0,682712
2026-08-31,1178.0,1178.0999755859375,1154.4000244140625,1154.4000244140625,2001757
2026-09-01,1166.5,1179.9000244140625,1166.5,1171.0,556259
2026-09-02,1165.0,1170.9000244140625,1156.5,1156.5,486542
2026-09-03,1162.0,1164.300048828125,1155.0,1155.0,338274
2026-09-04,1157.0,1166.800048828125,1151.0,1151.0,568461
2026-09-07,1150.5,1163.199951171875,1141.800048828125,1144.199951171875,420952
2026-09-08,1146.5,1154.5,1144.0,1151.0,587270
2026-09-09,1146.0,1151.0,1136.4000244140625,1145.0,528499
2026-09-10,1140.0,1147.199951171875,1134.9000244140625,1143.0,1684792
2026-09-11,1130.0,1182.0,1130.0,1165.5,2403285
2026-09-15,1163.699951171875,1168.5,1141.0,1145.0,1810974
2026-09-16,1142.0,1149.9000244140625,1133.9000244140625,1140.0,1120896
2026-09-17,1140.0,1189.800048828125,1140.0,1175.0,2311932
2026-09-18,1182.5999755859375,1207.5,1182.0999755859375,1185.0,3002566
2026-09-21,1185.0,1211.9000244140625,1185.0,1198.300048828125,1718834
2026-09-22,1207.0,1222.0,1201.199951171875,1211.0,3355097
2026-09-23,1210.0,1220.5,1205.9000244140625,1211.199951171875,987420
2026-09-24,1210.9000244140625,1213.9000244140625,1197.0,1200.4000244140625,1667696
2026-09-25,1204.5,1207.800048828125,1193.4000244140625,1201.0,1001238
2026-09-28,1211.5999755859375,1229.800048828125,1204.0,1221.0,3401676
2026-09-29,1243.199951171875,1252.800048828125,1229.0,1251.9000244140625,5347128
2026-09-30,1242.199951171875,1244.5999755859375,1214.199951171875,1233.0,4026022
