Date,open,high,low,close,volume
2021-01-01,745.0035212244378,755.6803232802021,745.0035212244378,751.7259521484375,3142822
2021-01-04,758.4484996271526,778.7739800221708,753.4264668265026,775.3732299804688,5259092
2021-01-05,764.9336181049629,787.5526033474713,764.9336181049629,784.033203125,7150252
2021-01-06,789.2134106411987,789.2924787554668,764.0635715990187,773.6331787109375,5995748
2021-01-07,781.3838029287618,781.5419874418815,758.7648174155942,761.2560424804688,5261000
2021-01-08,771.0233603015823,793.6423455601641,767.1480569938807,786.6431274414062,8034775
2021-01-11,802.7373773613306,837.5754272814562,797.2012575174592,834.451416015625,13384331
2021-01-12,831.9997379528115,842.3206858665676,821.4810714701503,839.987548828125,6700542
2021-01-13,841.4901722960781,843.8627949623263,823.3000651881741,835.1235961914062,6691409
2021-01-14,829.6270933509508,829.6270933509508,796.0940056363197,812.7814331054688,15021108
2021-01-15,828.5594156949228,832.6719231203109,778.2202510803094,782.8073120117188,23769415
2021-01-18,790.8744015258852,794.7892394676668,772.6052221590943,776.2432250976562,12947569
2021-01-19,781.3837710316477,788.5016393912477,774.5426893553563,778.1016235351562,6387923
2021-01-20,784.3495708023694,798.5062397880229,781.027889156844,790.2811279296875,7444118
2021-01-21,801.1994291341764,809.9340116123489,780.5143594129883,788.7327880859375,8857975
2021-01-22,787.4623366741783,797.2291784703777,779.283600811187,782.7774047851562,5379466
2021-01-25,791.6707303089958,791.6707303089958,747.203768526344,752.3651123046875,7731883
2021-01-27,756.0176692921054,764.871377606594,748.3947816187022,758.7174682617188,7531736
2021-01-28,753.3973790257246,756.2559985341816,738.5485801579061,741.605712890625,6960905
2021-01-29,747.2037713449423,753.9532209266979,722.1911052478481,725.7643432617188,7692663
2021-02-01,729.7346817105439,741.4469630546467,711.7493624977778,737.1590576171875,8651478
2021-02-02,751.9680786109009,764.6729247120354,742.8761634267481,758.0426025390625,7690178
2021-02-03,767.0551906841495,772.8517678358344,756.3751682429812,762.2114868164062,6354619
2021-02-04,766.0229296125358,770.5887343078164,754.4694682940294,760.4248657226562,4623148
2021-02-05,762.9259974692728,765.3875904765458,746.4494002080137,751.2931518554688,4631703
2021-02-08,758.3204440975961,765.7845600014706,747.4816037042821,760.5040893554688,6509526
2021-02-09,766.2609939930784,779.680506434557,751.6504022863255,755.6206665039062,7557977
2021-02-10,758.3601520385245,766.3403733547655,751.2931108705938,761.85400390625,4896963
2021-02-11,761.8541216315282,772.2165030592425,756.7721633050284,770.5490112304688,3745595
2021-02-12,774.2015509945412,783.3331590319127,760.3850116215053,762.6083984375,8045740
2021-02-15,770.2312948812818,771.2238609829328,754.429623156939,758.0426025390625,4643228
2021-02-16,759.9085717318198,764.0773491629506,749.665270657843,756.176513671875,3277086
2021-02-17,755.9384008258642,761.0203590410038,747.2038184633803,748.9507446289062,3643176
2021-02-18,749.5860159254058,759.7101914582967,745.0995971855559,752.8416137695312,5133094
2021-02-19,754.3502330339743,760.7026560489971,749.9432492603304,754.4693603515625,5494816
2021-02-22,753.9533873565592,755.5018005307328,727.3923025639216,730.64794921875,5043203
2021-02-23,733.7047717558854,738.4690884555989,719.8485409945247,722.54833984375,5916942
2021-02-24,728.9405227061442,730.0919090417908,719.0148619939146,727.3524169921875,3435827
2021-02-25,735.2135993979745,741.6851014530255,732.2359010233718,737.8736572265625,6234947
2021-02-26,721.0000418108767,734.4989412720936,718.6972689873177,722.1514282226562,9198218
2021-03-01,727.3524910754902,742.0027774719501,727.0745919332988,738.7471313476562,5397960
2021-03-02,741.5263297996702,760.6233420663705,737.3575518018921,757.3280029296875,6715548
2021-03-03,766.2610204736669,768.6431790865385,751.9680687964379,766.4595336914062,5742015
2021-03-04,755.9383195785491,770.1518850995379,755.4221658356379,760.70263671875,6268541
2021-03-05,759.1940453971677,771.8195073415926,743.4718058665723,747.6008911132812,5992152
2021-03-08,756.3353829085069,772.6134672650679,749.5859332972499,763.7994995117188,5621823
2021-03-09,765.5463269403887,775.71024210808,753.6355342893187,772.7325439453125,5440319
2021-03-10,782.6978654356793,790.1619327794242,777.9335485700448,784.9212036132812,7694950
2021-03-12,784.921283191158,796.2762298457608,773.0898757226041,777.5762939453125,6447010
2021-03-15,776.1867872337834,789.5665605483783,768.1271301081614,787.9784545898438,5321071
2021-03-16,788.494620362237,808.9811778447821,786.4697949274482,799.8098754882812,8094575
2021-03-17,803.5815128843857,813.0307615227389,780.3157732419273,784.0875244140625,6758901
2021-03-18,790.0827885302979,793.8545405358445,740.3750867485229,752.5637817382812,8269566
2021-03-19,754.3502696648764,769.4372750581739,744.5834284980335,762.6481323242188,9004154
2021-03-22,762.6480422750438,780.1172043519915,750.0622759723419,777.17919921875,4745254
2021-03-23,781.0701275381034,788.4151166098327,771.6605719184791,778.8467407226562,5158305
2021-03-24,771.0652223143763,781.9437590436064,766.8964437056137,774.7178955078125,3874331
2021-03-25,770.231421489388,773.8046600426893,754.3503612524934,759.9484252929688,4879437
2021-03-26,766.2610552399531,774.2015843097971,757.3676529886991,761.139404296875,4271178
2021-03-30,766.2610158866092,794.688098803675,765.8242965032254,790.7178344726562,5475000
2021-03-31,794.0529218550016,794.0529218550016,777.0999113594551,780.276123046875,4445140
2021-04-01,787.7005505339572,804.7726894820219,786.5888569838382,796.1174926757812,5269079
2021-04-05,799.6112248347356,825.8149690448114,796.1173728873362,820.6536254882812,9452833
2021-04-06,825.0210067405744,826.2914720617202,810.132514078028,816.6040649414062,4260257
2021-04-07,818.6685853236453,829.7853265404552,813.6660130039644,823.5916748046875,3551106
2021-04-08,828.9911775225904,837.249346569791,819.1846441860372,823.829833984375,4852068
2021-04-09,827.4825528235978,837.5670833616424,821.1698706965041,830.1029663085938,3708082
2021-04-12,828.1575089134865,828.1575089134865,795.005845776089,801.51708984375,5976427
2021-04-13,803.9784374416973,810.5690658037479,771.9781201926005,780.8715209960938,7773994
2021-04-15,768.6432695496787,789.8444933924771,761.2982796288786,787.6211547851562,7430279
2021-04-16,794.0529489246483,807.3930287735532,789.6856577055627,804.1771240234375,4677808
2021-04-19,790.8767081222171,816.6436865976581,784.4051574397779,789.7650146484375,6239343
2021-04-20,798.8172341492879,798.8172341492879,759.9086412334676,763.3230590820312,9742418
2021-04-22,767.0550969969739,771.7400284661387,758.558721322716,763.7994995117188,4970596
2021-04-23,765.4669306531046,774.0823845010597,754.5090112558701,758.8366088867188,6023490
2021-04-26,746.4096982288567,757.923464850472,732.9504923815954,737.5162963867188,19619972
2021-04-27,739.2631410728599,745.2582298922925,733.228359307299,737.555908203125,6406825
2021-04-28,739.4220925669853,743.1144095847242,731.9182827416981,733.5460815429688,6845677
2021-04-29,751.2423330865462,751.2423330865462,732.9804163218392,734.9601440429688,8588734
2021-04-30,731.2835174798724,739.3639983360036,723.5262755857229,726.3948364257812,10921664
2021-05-03,726.2332910630533,735.6874644934735,719.9709177604234,733.46533203125,6871176
2021-05-04,735.3236272340293,739.3638669441065,726.6371118573636,728.0108032226562,6217026
2021-05-05,730.435117084796,735.9702270483725,727.7281262572916,734.8389892578125,2696835
2021-05-06,736.939865711995,746.555657810316,728.2533486545345,740.1720581054688,6319104
2021-05-07,741.7882186699637,744.535602170554,738.313621409344,740.495361328125,3651558
2021-05-10,741.8284801072207,744.6970407345,735.4853228334056,738.5155029296875,4029147
2021-05-11,734.1117575050943,737.3035576189856,731.3643740178431,733.14208984375,3818154
2021-05-12,732.2127441031739,734.4752687294583,723.2029888164407,732.1723022460938,4076940
2021-05-14,734.5154783980395,736.9396218911022,724.4148805102776,735.6063232421875,5184569
2021-05-17,739.0407382002817,749.2221733789104,735.4045219192013,745.1415405273438,7956551
2021-05-18,749.8685128688136,759.1610644830283,747.0403449862264,752.7774658203125,5913426
2021-05-19,749.8685229112498,760.3731466158255,747.5656059037497,752.6159057617188,4178834
2021-05-20,753.1008629039766,755.3633878213643,745.0607740852853,746.959716796875,4753782
2021-05-21,747.8485421802663,755.2422022763986,745.8284218610328,752.010009765625,4161547
2021-05-24,752.6967398078714,758.7571000317673,749.6261671582984,753.7471923828125,4191877
2021-05-25,757.9491434248342,762.6358126994132,755.6462259897137,760.050048828125,5032874
2021-05-26,759.5652835795487,766.7973246009041,753.5453148192244,764.251953125,5017674
2021-05-27,766.8376141057527,773.2212135504913,758.029870464684,761.5045166015625,9078274
2021-05-28,759.6055512836723,767.4436271473604,757.4642535660461,761.6256713867188,4098094
2021-05-31,760.8176336903077,765.9083265553351,753.5855937591998,763.7670288085938,4171524
2021-06-01,766.0295032141522,769.2616952108364,761.2216077552173,768.2112426757812,2944472
2021-06-02,765.2214930411837,768.2112806497742,757.6258217457746,762.5953369140625,3657189
2021-06-03,763.6054456131579,767.4840665841501,757.1410608883905,759.1207885742188,4164240
2021-06-04,759.645904283153,762.958930671313,755.3228672153781,756.77734375,3550303
2021-06-07,758.7572793874065,769.2215137114116,757.2219680400331,767.3225708007812,3282517
2021-06-08,769.2619076452023,785.42287209153,768.8174909867981,781.5442504882812,6385642
2021-06-09,786.9579489725727,795.9272618401952,779.8470872793447,784.8569946289062,5521459
2021-06-10,791.483084965312,793.2204080444267,781.0188525896514,782.6349487304688,3878256
2021-06-11,788.6548609706808,799.9675331567357,784.210596897588,794.593994140625,4777035
2021-06-14,794.3113991679944,798.71527182481,788.6550616357706,795.2810668945312,2236373
2021-06-15,796.0081691963999,802.3917689591593,794.4729073871771,796.291015625,2559001
2021-06-16,795.1596765691154,796.7353801360921,787.0388035015758,791.4022827148438,3138753
2021-06-17,791.8871272873797,799.1191675484133,790.7154476943617,797.0586547851562,3609989
2021-06-18,799.9675363688798,805.3814679435264,783.8873611121139,788.048828125,5622783
2021-06-21,782.1906817838276,794.6750367236895,776.7363562651904,793.5033569335938,1639495
2021-06-22,793.5839304918388,798.5130529419473,788.8568693634645,791.9678344726562,2529648
2021-06-23,795.9274485925151,795.9274485925151,784.6147741962764,786.1500854492188,2395543
2021-06-24,785.4227583980385,803.6846258511612,783.0793991647929,799.7252197265625,4686567
2021-06-25,804.0078300811697,816.1285511376698,799.361553676178,804.5330810546875,5196000
2021-06-28,808.0481169882839,808.0481169882839,795.2809666037376,796.1697998046875,1844159
2021-06-29,797.503194721963,803.1191396734905,792.2912738774613,794.7962036132812,1895170
2021-06-30,792.6952117159698,801.1393244977099,792.6952117159698,794.71533203125,2682591
2021-07-01,797.543431948309,798.3514800049942,787.968082204325,796.3313598632812,2861509
2021-07-02,794.7555878374449,798.0281723212879,789.6648953826516,795.6444702148438,1646631
2021-07-05,801.3412424307692,804.7350540257862,790.2709745391044,791.68505859375,2598033
2021-07-06,791.8870038660518,793.6647192488015,783.968143691258,785.4630126953125,2486069
2021-07-07,783.8066620717949,789.9478079437957,775.9685855872085,788.1296997070312,3014899
2021-07-08,787.8468539307097,793.5031903179046,783.806613654142,789.3013305664062,2555624
2021-07-09,785.4227831682049,791.483144149441,781.0593035339773,789.341796875,3218471
2021-07-12,791.8871656300755,794.3517025571982,787.8469249891057,791.4427490234375,2037878
2021-07-13,794.3111982028001,794.3111982028001,778.9582859282801,782.1500854492188,2997764
2021-07-14,782.3924445145745,802.35123917525,782.2712175917187,799.5230712890625,4371180
2021-07-15,802.391780309363,850.4706432785543,800.6140645878099,840.1680297851562,12701032
2021-07-16,844.3295193487733,847.440484953164,806.4724344817857,812.08837890625,8665827
2021-07-19,812.088460456243,822.8354919098537,801.9878577142499,808.2098388671875,4644600
2021-07-20,807.2401353616342,817.9063812483,783.2814869917808,789.6246948242188,10216774
2021-07-22,783.8066653685416,793.0992186177564,783.8066653685416,790.755859375,6156400
2021-07-23,795.6849310057091,811.1994635525499,793.9880004956553,803.1997680664062,5265839
2021-07-26,803.1997733834119,811.2802540009512,797.7454489665728,808.2904663085938,2477027
2021-07-27,812.9241081976122,814.7125511590369,799.7953640034408,806.4207153320312,2883514
2021-07-28,808.8595474296754,809.6318353129237,794.4707797278875,799.1857299804688,2952249
2021-07-29,801.1773883233813,820.2404696169577,801.1773883233813,819.1023559570312,4732101
2021-07-30,823.492018712804,853.529521064104,820.9719741390388,833.2064208984375,9330054
2021-08-02,840.5636074853599,844.6282284113046,831.6620777341501,841.7017211914062,2536478
2021-08-03,837.3118640910919,847.8391920091611,832.4343192517264,844.9939575195312,3359006
2021-08-04,846.3353343032807,851.7412998854362,841.0513271935166,845.4004516601562,3122161
2021-08-05,845.4410952518831,872.2675915435294,840.3196335390078,862.6344604492188,7896314
2021-08-06,862.6344730154702,869.8288318244336,847.8798799933497,853.5296630859375,11584782
2021-08-09,859.9111558011233,867.1867868290258,848.2863014352832,854.0174560546875,6321578
2021-08-10,855.6026260840525,871.6985631614267,851.9444675877312,864.7073364257812,5871606
2021-08-11,870.6011230349395,877.1452024688878,859.382828734627,867.3494262695312,5011239
2021-08-12,870.6418315089026,895.1515163603475,868.2030588716227,891.3713989257812,6540144
2021-08-13,893.4035740993927,913.6859904329309,886.2498024203245,910.02783203125,7270809
2021-08-16,911.2473059493913,918.0758888038009,905.8820262901792,913.4422607421875,3159376
2021-08-17,909.865389438971,936.447970459863,904.4188371207042,929.1316528320312,5295838
2021-08-18,941.2848798240336,941.2848798240336,919.9049352877381,922.0592041015625,4871006
2021-08-20,900.3134570627894,927.3431838775414,900.0695401348104,908.3207397460938,3467046
2021-08-23,917.7916275149912,957.7874674261456,915.3935402810453,945.5123291015625,9383780
2021-08-24,949.4547248417146,953.560031508095,934.8627759883285,937.2202758789062,3947317
2021-08-25,942.910632953092,951.0398735178503,926.9773412929445,938.3988647460938,3447912
2021-08-26,942.9108215302227,952.7471847340217,938.9274730100641,949.04833984375,4654833
2021-08-27,949.0481117197181,950.917876667675,942.5854054252355,945.3899536132812,3050466
2021-08-30,946.2435328914642,951.4055804277288,938.5614408102555,945.7557983398438,2956868
2021-08-31,947.8693556550363,970.1434924357306,944.6583456446126,961.1200561523438,7199002
2021-09-01,967.3798883805814,967.7863505185564,944.4147775849921,946.7722778320312,3200410
2021-09-02,952.7471793977164,960.8764215427481,938.1145435366593,953.3568725585938,5224479
2021-09-03,953.9664498357779,959.7381912108418,941.5693570705495,954.9826049804688,4533364
2021-09-06,955.1860975937965,983.7197220240681,954.3731732554188,975.6311645507812,4331916
2021-09-07,986.8902828227382,987.6625213570705,959.3321241063528,961.0392456054688,3721585
2021-09-08,963.3152670031267,968.3147711470157,948.7233159433564,966.4044189453125,3118518
2021-09-09,969.005507753611,979.5328349437849,961.6891910004377,974.3302001953125,3388292
2021-09-13,969.0056694405909,987.702926485166,956.3646581364541,982.337646484375,3723138
2021-09-14,988.5158357314921,1008.513751377304,981.1995178683478,1006.9285888671875,5593286
2021-09-15,1006.9285085889883,1047.8185334015566,1000.0999259476855,1035.0556640625,6063895
2021-09-16,1046.396268140873,1052.9810352948493,1020.3826868398301,1026.8048095703125,3616292
2021-09-17,1028.34860556922,1041.3553863511231,1023.0646008765717,1026.9666748046875,4817180
2021-09-20,1022.6584940188274,1055.8258362211047,1016.155101370059,1037.4130859375,5453683
2021-09-21,1047.8591941724883,1068.995221362934,1038.1041046999749,1056.3948974609375,4645597
2021-09-22,1056.8011676436004,1080.0914593772918,1056.4759782067795,1069.4014892578125,5367303
2021-09-23,1078.6284513501207,1086.4325037974866,1068.1011226885585,1079.8072509765625,3037295
2021-09-24,1089.3184661957255,1120.0063558217619,1086.8796935102127,1104.1136474609375,7951730
2021-09-27,1110.4541025221017,1112.039264512238,1048.7125689458485,1052.8990478515625,7653504
2021-09-28,1060.8254159490268,1060.8254159490268,1019.4069668384309,1031.600830078125,8572321
2021-09-29,1032.4137213820281,1057.9801474659955,1023.3090101468687,1041.5184326171875,4639821
2021-09-30,1049.8508419115483,1049.8508419115483,1031.4787761767923,1040.1771240234375,3589722
2021-10-01,1035.6653892449706,1043.794630918793,1024.8128714571992,1035.462158203125,3372796
2021-10-04,1041.7623707827079,1051.5987338360196,1035.4622081814077,1039.445556640625,2706626
2021-10-05,1032.4137316963513,1067.8572068904832,1026.0728832569353,1060.988037109375,3710314
2021-10-06,1066.5565349850685,1072.9379700160555,1033.8770223109498,1036.8441162109375,2861608
2021-10-07,1043.8354093059747,1071.3121890576303,1043.8354093059747,1061.9229736328125,2421641
2021-10-08,1061.9229106738833,1087.6925678417417,1051.9645893315355,1074.8077392578125,5197831
2021-10-11,1056.8015573731864,1077.0433916650413,1004.4899001299976,1059.1590576171875,5264998
2021-10-12,1062.4512483857397,1064.1177826969733,1005.0182327785672,1016.4397583007812,12811641
2021-10-13,1026.722949344606,1033.0637958512127,1010.8302464208975,1028.63330078125,5705730
2021-10-14,1048.1842484680824,1051.3139860900435,1011.3181641051686,1017.0899047851562,10360519
2021-10-18,1008.0258240570458,1034.4458557359603,987.7027227655731,992.9054565429688,23861603
2021-10-19,999.8968218026043,1018.5940794460677,995.8322005757645,1001.6039428710938,10189780
2021-10-20,1007.2129062545762,1027.0482730848994,992.0925386466857,1002.2540893554688,8222562
2021-10-21,1015.3672895308961,1015.3672895308961,974.4706461065849,992.2553100585938,5998795
2021-10-22,986.1496416919395,1002.6230127470726,972.0120299577313,978.568603515625,3812305
2021-10-25,970.4140009090422,975.2904129556674,948.3675001365141,955.1289672851562,6690819
2021-10-26,958.8989567947693,968.7338178901003,945.1711298492032,956.2763671875,5126660
2021-10-27,958.898831748298,968.2009499788339,951.9324727142291,964.7587890625,3536653
2021-10-28,969.799303585547,971.1925355593363,939.8849343467995,944.1466674804688,4096585
2021-10-29,944.146536885246,961.3575414638832,932.672533832821,937.3850708007812,3558520
2021-11-01,937.1800801248131,976.4784964617074,937.1800801248131,974.6344604492188,4511112
2021-11-02,976.1098427887903,979.470066571013,957.9563105901517,959.4315795898438,3016082
2021-11-03,962.9969914884401,973.4055146974323,960.2923641750365,964.1033935546875,2063067
2021-11-04,971.1925824046851,972.9546817826822,965.4555798082018,969.6353759765625,256369
2021-11-08,973.2003686725639,977.5851572746925,957.7105436819098,969.4303588867188,3808317
2021-11-09,973.6509898748675,976.1097044957637,959.2674693244835,961.1935424804688,3565461
2021-11-10,953.9812739560961,962.9965609092894,952.4240680187464,958.2020874023438,2401325
2021-11-11,955.6205642894207,957.0958333090445,944.3514538614794,951.2767944335938,2861259
2021-11-12,957.9974077084984,965.5784461516669,953.1619145302669,960.8248901367188,3812518
2021-11-15,959.7186589144693,968.4061007196461,953.5718698949488,959.595703125,3619915
2021-11-16,959.636288195673,963.4062970820328,951.0717060038468,953.489501953125,3141207
2021-11-17,951.1129117072896,954.5960912633051,942.5074092747808,944.5153198242188,3172985
2021-11-18,940.8683004895671,946.6053023218205,912.5930771734608,918.0841674804688,5384530
2021-11-22,918.0839878931963,922.7145870467938,903.1678260652507,909.8063354492188,3961223
2021-11-23,905.6265618795888,917.9201351177733,893.3329886414043,911.8552856445312,4545069
2021-11-24,917.9202258014637,928.2878269323122,912.1422057905496,917.4694213867188,2675632
2021-11-25,915.0518237996292,926.9356137191049,910.5441793474143,921.8543090820312,3106454
2021-11-26,917.9203235707146,922.8377538755576,904.2335159070515,909.765625,2207274
2021-11-29,902.4303798394617,938.40959751755,901.610808138573,928.6976928710938,3661152
2021-11-30,928.5746614884655,948.9820151877971,928.5746614884655,933.2052612304688,7421904
2021-12-01,939.229158078898,953.1618768287594,938.5734607078143,947.99853515625,2918586
2021-12-02,952.2605982928657,972.3401095829532,944.9663884682035,970.94677734375,4011279
2021-12-03,973.6512580255186,975.044490009591,958.6121361282243,960.04638671875,2571036
2021-12-06,958.8169490356978,961.070771204108,930.0909210165372,931.4842529296875,2493755
2021-12-07,942.5072890197881,946.605146798135,927.2632780934089,942.220458984375,2299958
2021-12-08,948.572326697301,968.4059222605013,948.285496604993,960.210205078125,2525711
2021-12-09,966.9306298729855,966.9306298729855,946.6052138348368,957.71044921875,1734844
2021-12-10,946.7691021348503,956.4400873377307,946.7691021348503,952.506103515625,957733
2021-12-13,955.6204569459125,961.7262251646878,945.1709193592397,949.9653930664062,2225682
2021-12-14,947.4249507796233,955.5387311803241,938.8194473339606,952.6292114257812,1972685
2021-12-15,949.2687479102008,952.3011226274506,936.1966217041531,941.6057739257812,1604301
2021-12-16,947.4248971020155,957.1778204636113,942.1386995887572,950.498291015625,2121810
2021-12-17,960.5381097692826,969.4714620279196,954.8011074071794,960.04638671875,6373455
2021-12-20,950.7029088179302,960.8245965018795,938.819122457706,950.6209716796875,3091768
2021-12-21,957.9970489949421,995.7382527069803,954.8417190496976,987.5835571289062,6217986
2021-12-22,998.2381965260075,1004.7947692453902,991.7635609565452,1002.1721801757812,3809814
2021-12-23,1007.9913482827081,1008.6469456769101,996.2714318564625,1005.9833374023438,2814281
2021-12-24,1034.4223635999667,1052.1661095835618,1021.3092173832299,1036.9219970703125,15952929
2021-12-27,1039.217098860966,1046.593245461714,1027.7841116479628,1038.5614013671875,3372907
2021-12-28,1040.8561018373869,1056.4279647782612,1040.8561018373869,1052.2481689453125,3446067
2021-12-29,1051.5102369830804,1064.6233810140463,1046.6747451125918,1058.804443359375,2254162
2021-12-30,1058.8048628094368,1087.1210093916563,1051.2647419773707,1079.4171142578125,4518139
2021-12-31,1081.8345583087723,1089.5794702421547,1072.7782517229655,1081.096923828125,2231508
2022-01-03,1078.8431575432805,1098.1441105643216,1076.9991212691189,1086.875,2661272
2022-01-04,1089.6206417614962,1095.5215183440837,1071.385170321712,1092.85791015625,3367100
2022-01-05,1089.2105988788624,1090.0301704355809,1067.0821668474632,1074.25341796875,3510253
2022-01-06,1057.2472997798477,1063.639997889682,1046.5928696270275,1053.0675048828125,4409632
2022-01-07,1063.4352437877367,1064.2137968439072,1050.8547388137802,1057.6982421875,3898684
2022-01-10,1069.418010205723,1069.418010205723,1049.0516754224152,1055.690185546875,2529949
2022-01-11,1056.1410860186188,1104.7826461652626,1049.0517708394184,1101.217529296875,6772189
2022-01-12,1109.7001476868843,1112.2408000986572,1091.1778461762235,1108.1839599609375,3162044
2022-01-13,1098.2260871188168,1114.1257982399104,1082.7771804546157,1093.5135498046875,4598005
2022-01-14,1081.8345602136576,1100.6436892537715,1059.7061260274693,1095.93115234375,5636243
2022-01-17,1043.3146373820755,1043.3146373820755,1019.0553382501346,1031.6357421875,11973283
2022-01-18,1040.8147500924802,1040.8147500924802,997.4184806997304,999.6723022460938,7799487
2022-01-19,999.8775774783114,1000.2873633707206,976.1099957185811,982.8304443359375,8464215
2022-01-20,991.756133141444,992.9132021407726,966.9622298129079,971.3837890625,6172404
2022-01-21,971.3836097666547,975.1026945794747,954.5651019571177,965.2677612304688,5514748
2022-01-24,960.7635989461304,962.4165255679732,918.2007384336781,929.6885986328125,5878438
2022-01-25,921.5067686182491,941.879113321535,899.52286050388,928.6969604492188,4725254
2022-01-27,921.5065832454404,922.2916830289781,884.4809869002976,890.7208251953125,8304735
2022-01-28,891.7539390259637,910.9278480553702,890.307628188804,892.9522705078125,7654724
2022-01-31,909.6469097577709,920.6388118219074,903.2004552489993,908.6138305664062,7572995
2022-02-01,922.9115117443037,939.2755251727982,910.1426943216402,936.2176513671875,6783774
2022-02-02,944.5648970196918,970.1438950220886,936.630869758321,967.7471313476562,6982539
2022-02-03,960.3505911084059,967.6647729373645,951.2594925695139,956.0116577148438,4169794
2022-02-04,958.6975943611448,964.5654646320595,939.9781771904699,961.8381958007812,3625482
2022-02-07,956.2182042611279,968.0779344996553,947.1271063813765,956.5074462890625,3824483
2022-02-08,957.8295701412836,966.8380399966852,949.2344328091211,960.3089599609375,3267641
2022-02-09,968.6148554057589,982.6647295882657,963.6560762825213,975.9703979492188,3772972
2022-02-10,979.3177173305128,985.0616982101168,970.3506100586792,983.7806396484375,2053245
2022-02-11,974.400424523997,974.400424523997,957.0860552995424,961.7554931640625,3912397
2022-02-14,938.325540694487,962.2929879709066,936.87922922091,947.499267578125,3243813
2022-02-15,953.325540345618,970.2680401957135,948.8626177687514,965.7638549804688,3000492
2022-02-16,973.5739912474817,977.4170666534214,958.6976484270617,965.1441040039062,1885868
2022-02-17,970.2680568648948,970.2680568648948,958.6975689636099,961.2183227539062,1644055
2022-02-18,952.7882837787974,967.0447770287807,950.5155094925682,962.829833984375,2166690
2022-02-21,952.9949113448678,966.5489310686054,950.5981473453082,962.6232299804688,1706058
2022-02-22,935.5565622333976,953.8627465922369,935.5565622333976,950.06103515625,3254855
2022-02-23,955.3918050483114,957.8711955458417,948.8214605845194,952.9124145507812,1937649
2022-02-24,914.0685501641124,937.9946260185405,902.4980621873515,907.9114379882812,5469084
2022-02-25,922.0026467192775,942.9948394846098,921.5067888039789,933.65576171875,3213276
2022-02-28,925.3084484557054,936.6310581304901,914.895029275429,931.3829345703125,4571884
2022-03-02,929.4821006162507,929.4821006162507,916.547927983607,921.9613037109375,3867328
2022-03-03,929.7710153311408,952.0855196990882,926.0519312698162,941.9199829101562,3969380
2022-03-04,932.2507654257658,954.4412887339693,927.8292061748799,940.8872680664062,3522375
2022-03-07,918.2005790778118,959.8543428964689,917.7873474940684,953.9037475585938,5249845
2022-03-08,955.3919845518172,974.8965066196574,954.5655208973607,971.3427734375,3805165
2022-03-09,975.2267801654673,987.6237307607911,959.606602238031,977.4581909179688,3781326
2022-03-10,990.2684760110955,990.2684760110955,971.0945641209847,985.2684326171875,3834327
2022-03-11,975.2268199365392,997.6653216064761,972.168945686312,986.3427124023438,2770879
2022-03-14,986.3426137367283,1003.9876864145747,973.2845537486681,994.1113891601562,5740660
2022-03-15,997.5413042858158,1003.5745273424503,965.3918584774032,972.6234130859375,3003066
2022-03-16,983.6153008489807,994.1939703868225,979.358994745125,991.3427124023438,1894018
2022-03-17,1004.1528737109262,1004.1528737109262,984.1525029184139,989.1939086914062,6987787
2022-03-21,991.6735496640954,999.9381844627184,962.9125802102255,965.3507080078125,4046440
2022-03-22,966.9622615548358,976.6732073439549,960.5985331796066,972.2516479492188,4516870
2022-03-23,983.4916323883455,984.1941062341471,966.9623612557682,975.8054809570312,2338886
2022-03-24,966.1357654144621,986.7973515011699,966.1357654144621,985.22705078125,2351703
2022-03-25,990.9296009257615,990.9296009257615,971.4250851716074,974.6895751953125,2489854
2022-03-28,979.2763185306267,981.5077289360013,957.2096893717344,961.9618530273438,3406258
2022-03-29,964.4827952670546,971.0945025182426,961.7141630329488,965.061279296875,2443230
2022-03-30,973.0369144014822,976.8386268432184,960.433344305651,962.995361328125,3073672
2022-03-31,970.9292135806908,970.9292135806908,959.5239786477913,961.7967529296875,3006639
2022-04-01,959.5241659346344,970.2681919097854,952.1273576371761,966.673095703125,2479745
2022-04-04,969.6069277666876,982.6237277563835,965.309357966022,981.0535278320312,2282137
2022-04-05,983.4913596537,994.2353829104211,978.6152058444761,987.9955444335938,2634464
2022-04-06,983.4914638384037,987.5411547491855,964.896037001123,967.3754272460938,2838968
2022-04-07,963.3256856674599,975.8466259233303,961.1769010788339,969.6895141601562,3391918
2022-04-08,974.4003866528914,975.2268500851669,960.805103546618,963.119140625,2656091
2022-04-11,962.0033983685763,962.0033983685763,935.349953697282,936.7962646484375,5679058
2022-04-12,933.7384814893403,943.5733162070851,925.2672308063607,934.8541870117188,2906617
2022-04-13,938.0360122076825,944.7303459500723,928.1184508451342,929.85400390625,1971580
2022-04-18,917.3744761529953,919.647250756077,896.3822832781088,910.55615234375,4391701
2022-04-19,922.2505356271365,922.2917982654798,875.0181317613436,884.5224609375,3422431
2022-04-20,888.4482103208463,904.8122270144399,879.9355964161348,900.3493041992188,2573318
2022-04-21,904.9774413674896,913.283439060727,893.4895796970021,908.4485473632812,2547848
2022-04-22,898.0350962505288,937.9945808397074,893.4895476214535,910.8040161132812,9567571
2022-04-25,906.5476149267295,907.456704380385,890.3489544065557,900.7210083007812,3565801
2022-04-26,912.4157034419967,914.8950939404804,896.7542604812378,904.3990478515625,3213714
2022-04-27,898.3657622068922,909.0271607949574,888.1175953401735,905.4733276367188,3288792
2022-04-28,917.5731519057495,926.2279580119819,901.8601728423237,917.9932861328125,5202061
2022-04-29,919.2536392052858,924.7153838623557,902.742344458394,906.8596801757812,2988180
2022-05-02,901.6080388602119,909.1704548431959,892.3650859921203,896.482421875,2584604
2022-05-04,904.0449472044227,904.1289535444726,870.3501990969203,878.03857421875,3385725
2022-05-05,889.8443909602044,903.4567003880818,879.8451747400504,900.8099365234375,2982126
2022-05-06,882.1978711433973,887.8696832128761,864.5941854735443,882.4498901367188,4075606
2022-05-09,877.2404113659591,909.9268801582368,868.9217317782912,904.2130126953125,4207192
2022-05-10,901.6080602481354,911.6912817979747,896.2303215738543,901.22998046875,2473518
2022-05-11,898.2470111529391,906.9018175838022,885.685038321303,891.4408569335938,2895668
2022-05-12,882.3660032763205,899.8855824153517,877.0303183806615,890.1805419921875,3195189
2022-05-13,899.0872107465032,905.8093581165705,878.1645065428029,884.0884399414062,2496626
2022-05-16,885.6428878780931,896.5243225590605,874.0471430042796,877.702392578125,1415370
2022-05-17,889.1720648064157,912.5315695870091,878.3746353491503,909.9267578125,2620776
2022-05-18,910.4730162269864,922.068660519085,899.759592357504,902.1962890625,2865869
2022-05-19,886.5672192442261,889.2561398217557,844.1336626071216,848.1669921875,4729354
2022-05-20,864.6363146997292,869.2577916004566,854.3850284082041,864.51025390625,2005622
2022-05-23,859.5947805020994,871.3585409390782,852.6625645303083,855.6455078125,2285466
2022-05-24,858.7964924791349,859.0906172538768,829.3450889885501,833.3363647460938,3418456
2022-05-25,833.5463229865554,834.2185275059741,809.1785373347308,818.7996215820312,3904551
2022-05-26,820.9423268503215,828.5047433719723,814.2621819990127,824.0513305664062,4278059
2022-05-27,831.0253913296398,849.0491575463979,831.0253913296398,843.54541015625,2795530
2022-05-30,856.2335352108691,885.0967354369283,853.4186564681631,873.795166015625,3562969
2022-05-31,878.0806016521102,878.7528574955084,857.452019784357,874.5094604492188,5185485
2022-06-01,874.5095032767346,878.4587244775429,849.9736510827922,855.3093872070312,2554081
2022-06-02,849.8475393649966,881.3576065559188,846.4024079139058,873.6270751953125,3560227
2022-06-03,885.6009849148909,898.7932625093416,874.0472925132353,876.4000854492188,3556955
2022-06-06,872.1986815747857,880.0551713424265,858.0401782119515,871.6105346679688,1997494
2022-06-07,865.4766285299878,868.627635672694,851.3181236164637,859.5107421875,1839248
2022-06-08,859.6787062798888,868.6696410286418,853.7128202746214,865.6445922851562,1665512
2022-06-09,861.2332299037413,866.9050427519721,850.09972263573,864.34228515625,1654005
2022-06-10,850.3516860996133,860.2248405577857,847.1586761916005,853.1665649414062,2260855
2022-06-13,836.9074338888878,841.9490449364112,825.5638090319601,833.3782958984375,1738804
2022-06-14,830.1852255619073,841.0667122067694,821.9086018740624,837.6636352539062,2461791
2022-06-15,831.0255371605379,846.1503699905577,830.1852686699812,831.7817993164062,2408630
2022-06-16,846.1502931641953,846.1502931641953,808.0441410916729,810.8170166015625,3198618
2022-06-17,800.2717374309256,809.3046237778943,793.2554647061473,805.607421875,4302066
2022-06-20,810.8591074238473,811.6993759289496,800.019623193658,806.6997680664062,1305407
2022-06-21,816.4888806947498,840.184461751912,809.7247297838542,829.0088500976562,2128325
2022-06-22,821.7405514205492,822.6228230471241,805.9435146161534,807.7500610351562,2575065
2022-06-23,808.4223619964899,821.3625183498231,805.4814220330891,816.11083984375,2169033
2022-06-24,826.8242329581884,827.2863703921902,806.6577882518911,812.28759765625,1922313
2022-06-27,828.6307695975325,845.9822826768846,826.9922358290048,833.8403930664062,3626024
2022-06-28,831.7818181734615,846.1503891733581,826.1940120702129,841.9070434570312,2702471
2022-06-29,827.7485217524852,840.4786107018787,827.6645154124973,829.8071899414062,3150015
2022-06-30,831.8657561448433,837.369504173265,815.0183841689919,817.791259765625,3741119
2022-07-01,810.4390149669583,824.6815771201406,810.1869446596119,819.555908203125,2827579
2022-07-04,819.5559457466893,831.4457667661025,817.9594662030792,827.3284301757812,2738846
2022-07-05,829.681123908659,842.4952183250687,822.1607106988938,825.2697143554688,2476050
2022-07-06,825.1436356588351,839.4281996162691,823.5051018888872,829.0088500976562,2998254
2022-07-07,837.7476248484526,841.0246922403602,827.6224005224622,831.7396850585938,2985141
2022-07-08,839.4282650582088,839.4282650582088,822.7489551807801,826.4461059570312,3141642
2022-07-11,819.2618446078733,822.748979640317,789.852445057847,792.8353881835938,5787815
2022-07-12,785.6510789532978,797.036707326934,776.7442530110834,779.6011352539062,5305354
2022-07-13,781.4496606106136,786.4912713242304,760.4429493038767,771.1563720703125,12874342
2022-07-14,778.2145621504795,779.3909070829666,749.7714473921249,758.7623291015625,4916497
2022-07-15,752.8806212779544,760.4430382327554,737.2095922961371,742.0831909179688,5591590
2022-07-18,752.0402399509442,762.5435952575216,746.8725686257421,756.49365234375,5156225
2022-07-19,756.2389104089397,762.6117102157566,751.9903772043951,755.9840087890625,4636293
2022-07-20,768.6445877965917,780.7104321743901,760.5723749056531,779.5208740234375,4827089
2022-07-21,782.579671691671,787.6354356433974,776.2493480140625,785.5111694335938,3498709
2022-07-22,789.7173410795752,791.8416075965076,772.3833055566167,781.9425048828125,3514659
2022-07-25,781.9423897560102,791.9264409156224,776.6317242455782,790.7793579101562,2120224
2022-07-26,788.9525690689462,789.9297523925505,774.1676536533975,776.2069702148438,2780103
2022-07-27,775.0173613272631,789.6748000299743,774.1676547358016,788.9100952148438,1742497
2022-07-28,795.240383286272,806.3715183800272,792.5213119456836,803.9073486328125,2843497
2022-07-29,813.1691497540381,820.5616069423781,804.799561172727,805.8616943359375,3617725
2022-08-01,810.6200320435364,812.7442983748873,803.142624929575,809.048095703125,2489519
2022-08-02,809.0481727474565,810.4926325007519,799.6163982209032,808.1134643554688,2545241
2022-08-03,808.0707991224763,817.2476180145659,807.2635676573743,813.3389892578125,4119614
2022-08-04,819.9666937622591,824.172750905764,803.6523201564618,814.1036987304688,3513266
2022-08-05,818.1824056832419,819.9242936275206,811.4697036205462,813.806396484375,2565683
2022-08-08,813.8063942295573,822.5158857887877,807.263643856571,820.8589477539062,1746911
2022-08-10,820.8590268216434,821.6662584406964,805.6067834202822,808.963134765625,3271939
2022-08-11,819.9667698178908,822.940742558163,814.656104210262,817.7150268554688,3594584
2022-08-12,819.1171118093324,819.1171118093324,810.6200463341319,812.6593627929688,3022304
2022-08-16,823.3656016004435,823.3656016004435,809.4729210179171,814.1887817382812,2784861
2022-08-17,818.2673544066251,835.17653439616,811.4697024489377,833.22216796875,4649125
2022-08-18,835.643859987913,835.643859987913,822.6008342176248,827.1892700195312,2829269
2022-08-19,828.0389556315527,838.7027614655993,821.4962054352875,824.2577514648438,2880969
2022-08-22,819.966776251526,824.2153087709639,811.6396628858215,815.2509155273438,3616799
2022-08-23,807.178691593432,808.070873036694,797.8743951434865,804.5870971679688,3753715
2022-08-24,807.1363033743062,810.4501279285136,802.2504905254592,806.4990234375,1494361
2022-08-25,810.5350082076168,810.5350082076168,800.9758105884148,801.9529418945312,3316314
2022-08-26,805.9891423061753,812.319466512796,801.9105612149071,803.5250244140625,2195046
2022-08-29,775.4421910096173,783.4294534709213,764.8208589397838,779.6057739257812,4974880
2022-08-30,787.5929564756361,803.1850496273439,784.8738853692489,797.8319091796875,2998417
2022-09-01,779.4356139713591,791.076601181764,778.5434326882828,786.8705444335938,2953921
2022-09-02,791.2466882000637,796.1749754344146,780.8802587238281,785.5111694335938,1750283
2022-09-05,786.8281916430873,800.6783967391412,783.8542189964882,795.3252563476562,2279812
2022-09-06,795.3252750177921,801.1882705463645,787.720391556286,796.854736328125,2108615
2022-09-07,787.6779388342187,792.3937996166575,784.3640626833321,791.6715698242188,2709547
2022-09-08,795.6651624098743,799.4888415400461,788.5276072887666,791.1192016601562,3214686
2022-09-09,797.8743826987308,809.7702733885947,793.8807518804543,805.9465942382812,2206526
2022-09-12,811.5972822651879,818.6923116525188,810.1952456260267,811.9371337890625,2517615
2022-09-13,811.4697279942841,815.548308924898,807.6035736940353,811.8096313476562,2442828
2022-09-14,793.031060706844,797.4070698969953,787.2955418706875,791.9264526367188,6761712
2022-09-15,795.7502507689607,795.9202024655992,778.5861666479984,781.6451416015625,2995215
2022-09-16,777.5663617058882,780.0305311875418,759.1277729920087,762.1017456054688,5095937
2022-09-19,762.9939928382132,770.8113033260767,754.1145491824872,762.8665161132812,2686561
2022-09-20,766.6901377921179,782.4521824440529,766.435236223417,776.6317138671875,1836721
2022-09-21,772.3832178557722,776.419323779661,763.7586760315166,765.5430908203125,1819649
2022-09-22,762.6964258281558,768.8993238907894,756.0262514909467,762.7389526367188,2315711
2022-09-23,761.7618636513339,775.4421173123319,757.9381844695927,761.2095336914062,2569608
2022-09-26,757.3008582483926,779.5207022113502,749.4410737448329,770.4288330078125,4182702
2022-09-27,774.295108468192,782.962125816033,771.1936587566989,780.6679077148438,3545337
2022-09-28,775.7820287256319,787.6354446847973,774.8048455131178,782.4097290039062,4154139
2022-09-29,787.6778840739997,791.0767098952467,778.8409161939709,784.321533203125,2928360
2022-09-30,783.3444850422163,794.9429482711226,773.2754313608457,792.223876953125,3229901
2022-10-03,792.2238771613888,792.6487304342511,778.3311958835831,790.4395141601562,1598950
2022-10-04,800.8484148021481,808.0709203998332,796.2175037818263,803.8223876953125,2331351
2022-10-06,811.8945780050568,822.4734345272813,811.8945780050568,819.5844116210938,3713623
2022-10-07,819.9668245219204,826.7220019978893,811.4697589828332,813.7639770507812,2174327
2022-10-10,800.5934259637343,821.7936122212941,800.5934259637343,818.479736328125,2758812
2022-10-11,822.6008261326591,825.9147021639063,795.3252687504283,797.5344848632812,3134969
2022-10-12,801.528196768616,819.0321832203753,801.528196768616,808.920654296875,3502390
2022-10-13,825.957285264856,840.4022973792876,823.6205921286979,834.496826171875,9698562
2022-10-14,853.9550824347509,869.2498003291047,844.6083103882014,851.873291015625,7424383
2022-10-17,854.5498767283499,855.4845331765529,842.1441301405526,845.1181030273438,2136170
2022-10-18,849.7065540761982,861.3050692841273,848.9417974327407,857.5238647460938,2487826
2022-10-19,863.7887343810631,863.7887343810631,853.0611047936183,854.4771728515625,2517099
2022-10-20,849.6283238633057,874.7738789317455,847.9119030070162,873.143310546875,3931399
2022-10-21,877.5202245811023,883.8710031490571,868.1657093030899,881.5537719726562,2071897
2022-10-24,888.2477703175307,891.5518594286283,883.9567182870113,885.329833984375,398105
2022-10-25,889.1059403825956,890.1787033415515,876.1469847908107,880.9529418945312,3068136
2022-10-27,884.8149016494542,890.3503166948339,875.0312823664958,885.716064453125,3313674
2022-10-28,885.6300721746481,892.3241543816132,880.0946576757339,883.9566040039062,2423629
2022-10-31,891.6805226600084,903.2663619823473,889.4491967799584,893.5256958007812,2418565
2022-11-01,900.2625841065048,911.29056525684,896.829742985031,909.745849609375,2275488
2022-11-02,913.9511823692701,915.1526979589654,894.6843995546512,897.0015258789062,2799322
2022-11-03,887.389490892701,900.4342461460899,886.6170806348811,896.9585571289062,2396164
2022-11-04,896.9586488428223,900.2627380347795,886.9175239884665,897.1302490234375,1709158
2022-11-07,899.4902457196124,906.0126234187783,891.3801998274005,898.6749877929688,2213508
2022-11-09,910.4753336341091,910.9472864447147,900.4342102072268,904.0816040039062,2307691
2022-11-10,901.1208762339546,911.7627056294998,898.5891975817191,903.2234497070312,2321667
2022-11-11,919.1431668775508,942.9155486165524,917.5125464694406,936.0070190429688,3923101
2022-11-14,939.7401937774575,946.5629231425527,935.4920950802459,943.1730346679688,2170007
2022-11-15,938.4530094550029,949.2664388173098,934.505262832193,947.37841796875,2172420
2022-11-16,950.4680053884568,954.7161049072851,943.473569768862,948.4940795898438,2213697
2022-11-17,939.8262522301168,944.5464097522644,934.676989478683,937.6378784179688,2460883
2022-11-18,942.3580110107215,949.1807420710733,930.300112481956,946.73486328125,2623894
2022-11-21,943.0875533949167,949.4811798099688,937.6807852598873,940.1696166992188,1733741
2022-11-22,936.3933717459252,949.0949279133423,933.7329403865648,946.9494018554688,2529146
2022-11-23,951.7124068467393,953.9008853305761,943.8169128585705,946.9494018554688,2217599
2022-11-24,949.1807037262893,974.0688053610654,947.0351777232913,969.4344482421875,3295202
2022-11-25,974.2403828245955,976.2572610300047,961.7534846354545,968.23291015625,1977441
2022-11-28,965.4868178143217,972.1379492259315,958.621133776531,960.1659545898438,2368293
2022-11-29,960.1658351840008,977.287090719239,959.5221773855029,968.8765869140625,1785948
2022-11-30,967.2031257862197,969.6919569114527,958.6210217419764,961.8822631835938,6053488
2022-12-01,969.7777571653736,987.4998229721698,968.4046414704623,975.2703247070312,3919684
2022-12-02,975.2701682236593,978.7030092911399,964.4995874696405,974.5407104492188,2944923
2022-12-05,972.566744550338,980.0331316573112,967.3745307465523,970.5070190429688,2646466
2022-12-06,962.568844087123,965.4867806432488,950.0389921529569,962.010986328125,2807894
2022-12-07,956.0463315272432,958.2776574886399,945.7478073097145,949.0948486328125,2399879
2022-12-08,955.8318323465332,955.8318323465332,943.0016287801094,945.1900024414062,1752350
2022-12-09,922.5761498964036,922.5761498964036,875.9753371731861,881.8111572265625,12415478
2022-12-12,879.6657426127817,891.8094418656455,868.895211557481,882.5836791992188,4275785
2022-12-13,885.759017608589,898.4605746482711,884.9008071265031,896.5724487304688,2284909
2022-12-14,896.829978768872,907.3860098974686,896.829978768872,906.44189453125,2425507
2022-12-15,902.4511401101867,902.6656926987953,890.0499376314075,894.5555419921875,1906369
2022-12-16,883.9565415945406,898.07405804822,877.3912123477751,883.6561889648438,5159215
2022-12-19,883.6564349277153,890.3933661917985,878.2496670402484,886.7459716796875,3328172
2022-12-20,881.3820316688127,886.8316464526306,868.0797712103254,883.6991577148438,2629849
2022-12-21,888.2478283780658,903.9101693132346,888.2478283780658,892.8392333984375,2878658
2022-12-22,897.6880912542275,905.1116322729295,887.0462611894421,891.7664184570312,2623451
2022-12-23,883.527547193277,896.057397235555,881.467821419833,884.4715576171875,2177675
2022-12-26,884.8148830304391,894.0406444199417,883.0984623068107,885.4155883789062,1680715
2022-12-27,891.680650697739,893.1825189736977,884.2571094098828,889.4063720703125,554319
2022-12-28,883.956767101221,891.0799557700478,880.9530305139839,888.6339721679688,1397806
2022-12-29,883.9568104005851,897.6881783291378,882.3261895066648,896.35791015625,1277244
2022-12-30,901.121043051013,905.626648266268,887.6471798359178,891.938232421875,1860560
2023-01-02,891.7663587539911,894.6842949128227,885.2439810096657,892.0667114257812,701880
2023-01-03,891.6804923934492,897.5163642773394,886.9603357927139,893.697265625,2484372
2023-01-04,889.2776055201826,894.2552679181995,885.2440584046284,889.6209106445312,1219170
2023-01-05,894.0836130712362,900.949296090368,886.617119930725,896.0574340820312,2294943
2023-01-06,895.9717174635,899.3187591995318,879.8802713883654,886.3598022460938,1887689
2023-01-09,896.7868255555034,919.1432461361649,892.5816788272265,916.0965576171875,4562242
2023-01-10,910.5612014789573,920.5164208066273,906.5276546495936,913.007080078125,2297082
2023-01-11,917.4270257271156,926.5240360868787,901.5930838857463,905.240478515625,3594167
2023-01-12,910.5611499748774,922.1469893006652,910.5611499748774,919.7011108398438,4748542
2023-01-13,895.8858342545996,930.3000494487809,893.3970032068089,924.9791870117188,8253765
2023-01-16,932.8746662514691,944.4175537496857,925.6228305759364,938.6246337890625,4508538
2023-01-17,942.2290407906224,956.0032522465738,939.7402101492443,953.5145263671875,4390338
2023-01-18,960.2944005355149,966.2160727259852,956.1321014147794,957.0332641601562,6905092
2023-01-19,954.6086147255908,964.1343506484315,951.4911222928349,962.4457397460938,2298287
2023-01-20,962.1426690468024,971.10549942994,958.6787650757378,959.3282470703125,4747128
2023-01-23,962.0991566021077,972.4042902225523,959.6311466042974,970.9320678710938,1696834
2023-01-24,975.0023377476625,990.416646144748,970.9321873796466,985.3507080078125,4861107
2023-01-25,982.7527627053265,982.7527627053265,967.078619519312,972.2744750976562,2692236
2023-01-27,972.2745743788021,982.2766396724289,956.9035000566255,966.0828247070312,3864525
2023-01-30,966.0827383237162,987.1692313382241,957.5962375306458,982.6661987304688,3508427
2023-01-31,983.7487287695873,985.220845674783,963.8312809159777,971.7982177734375,4582858
2023-02-01,984.6147024265155,984.6147024265155,965.0869015324014,980.3713989257812,2393911
2023-02-02,985.3074266567071,1000.6351578859961,982.8826518395549,995.52587890625,3048359
2023-02-03,999.3363428708607,1001.6312005021152,986.0002908101404,992.5384521484375,1814055
2023-02-06,983.0558124991159,995.7423807452042,976.8208282199896,992.1485595703125,2070175
2023-02-07,994.010522879381,998.4703203873705,975.002392108289,977.0374145507812,1931191
2023-02-08,981.9302288374331,995.0064455790291,980.8909941889183,991.5425415039062,2848255
2023-02-09,990.6765254316972,997.604333301849,985.4806695290835,992.7115478515625,1501083
2023-02-10,974.9157141575863,978.5527706672372,952.5734935698769,966.1260375976562,3185163
2023-02-13,970.975477933241,970.975477933241,956.9033695573969,963.8311767578125,2009185
2023-02-14,970.7590590937696,989.2909659312174,968.1611311925374,974.6126098632812,3938046
2023-02-15,974.2229775996834,982.5363258665423,969.5466861652131,981.064208984375,1648954
2023-02-16,986.0003354117312,997.7343534829165,973.3571058900291,976.950927734375,2369355
2023-02-17,971.3650891257446,971.3650891257446,959.1116151580425,960.8435668945312,1958807
2023-02-20,960.8436440739084,982.622854341705,959.1549275692195,966.1693115234375,1706036
2023-02-21,970.7589998142216,971.6683168081081,955.258009808115,957.0765380859375,1313278
2023-02-22,948.2437077534314,957.3797967194232,943.9571688927764,946.1653442382812,2212194
2023-02-23,956.7302368703206,962.9218801185187,946.0786907907102,947.6807250976562,2139983
2023-02-24,949.9756390085819,956.4704587830252,936.9859994596951,948.11376953125,1684570
2023-02-27,943.9138185469404,943.9138185469404,931.7901548224843,938.6746215820312,1834553
2023-02-28,938.2849384080721,949.8890372378047,924.9488876846467,933.1756591796875,20793703
2023-03-01,932.959253399922,956.0375357073133,932.959253399922,953.5261840820312,1655100
2023-03-02,944.1736349626112,967.2951508961096,944.1736349626112,957.72607421875,4074162
2023-03-03,965.5630741340971,978.2928768633677,962.1425118056709,969.0269775390625,3253621
2023-03-06,977.6868553442357,994.1403985254053,972.7508346738671,975.695068359375,4091674
2023-03-08,962.9653409205407,973.3570532326329,958.8952958822903,970.4560546875,3209393
2023-03-09,971.5817971870782,975.69518346765,964.7406708884175,966.9921875,1834324
2023-03-10,956.9033946327556,968.2909991588372,956.9033946327556,966.68896484375,1193681
2023-03-13,970.7158106592844,981.6704288303447,948.2437744528141,951.3612670898438,3028387
2023-03-14,951.3178812031987,955.5178432379035,923.130322960163,938.76123046875,3683544
2023-03-15,948.2869781094712,950.7549883515296,931.3571065068398,934.950927734375,1528510
2023-03-16,938.674380898527,941.7919781962631,926.2909909811492,928.6724243164062,1812907
2023-03-17,942.3551581351098,967.3818887901648,938.761441856058,959.8911743164062,5350523
2023-03-20,956.903422109269,959.7611850203645,940.6663730915777,944.6498413085938,2066169
2023-03-21,951.707687050873,954.6520267879284,932.7427902524516,938.6314697265625,2421127
2023-03-22,945.6023909783372,957.55290130483,934.431385854388,936.5096435546875,1382329
2023-03-23,932.6559505181775,935.6002894241036,918.800337511408,923.0436401367188,2178855
2023-03-24,929.192149175667,943.9137396099507,906.7201166496669,910.7901611328125,2688253
2023-03-27,912.1324072160496,922.6972703267096,904.7716124738844,910.5736083984375,1459887
2023-03-28,915.1635760548805,921.2254086971934,900.052229827703,901.5676879882812,2965015
2023-03-29,905.8109580832845,926.5943835077576,902.433630309814,924.429443359375,2478745
2023-03-31,938.1983806474695,949.8890561628137,926.0747171500755,939.8004150390625,3131614
2023-04-03,943.8705516297832,951.9241711635502,942.1819406194611,950.9716186523438,1540702
2023-04-05,939.8870031303597,963.8312599761616,923.260306697773,962.2724609375,3342291
2023-04-06,960.4106576861841,960.4106576861841,939.9735409524109,945.5158081054688,2378264
2023-04-10,945.5158875409794,956.9034932405402,945.212817078778,955.2581176757812,711625
2023-04-11,956.0375100620976,961.1467896364869,939.583965957768,941.31591796875,2318905
2023-04-12,945.6456681935958,950.3651944917187,935.3405340007788,947.8106079101562,2715967
2023-04-13,943.0477355463953,943.0477355463953,920.5323626132398,928.1962280273438,3071057
2023-04-17,913.6047384296148,913.6047384296148,880.0481662835034,902.5202026367188,9509446
2023-04-18,908.885100988117,923.476774609753,905.1180210360714,921.2684936523438,3686404
2023-04-19,930.0147865801797,930.0147865801797,897.5406899440178,899.4891357421875,4322881
2023-04-20,900.6148908132529,906.8498746964443,893.5571664403719,898.449951171875,3057560
2023-04-21,912.7386382494212,930.0581570017822,898.6665292631279,908.3654174804688,7708194
2023-04-24,915.3366303684936,916.982005907553,905.8108943854724,912.7820434570312,2033625
2023-04-25,909.66427950935,916.8952623465917,904.4251890994828,912.26220703125,1237595
2023-04-26,913.6046340319483,923.9963455090889,907.5428023369495,922.74072265625,1647101
2023-04-27,922.740737067749,930.924167699825,918.8005041204784,927.6767578125,1654910
2023-04-28,933.5778538030751,941.3287204258247,928.1170892619535,937.2330932617188,2629188
2023-05-02,937.2330500133947,946.6574109853232,937.1449939796715,940.2717895507812,1905168
2023-05-03,935.3834293303983,937.1449800447682,929.2180018301037,932.697021484375,1649820
2023-05-04,930.1429916842213,940.6241339170618,923.3169816920321,939.611328125,1403672
2023-05-05,939.6112378789529,942.3855943702748,926.663775014496,929.7025146484375,1641673
2023-05-08,931.860377207762,949.0354975816291,929.2180509963979,947.494140625,1389075
2023-05-09,943.310425426918,953.5273982606365,938.9506303328154,950.3566284179688,2981949
2023-05-10,954.8927493824086,958.9883768301313,944.2793619391907,949.740234375,2091411
2023-05-11,953.1310727064224,962.3351321671907,951.2814659626943,958.3716430664062,2653108
2023-05-12,956.522219916883,971.8477355514567,948.9915461733509,964.8895874023438,1585037
2023-05-15,967.9282101158745,974.0936387266916,962.5115267067478,968.6328735351562,1523466
2023-05-16,969.0290483971628,973.5210889333439,958.3716876008995,960.6616821289062,1166324
2023-05-17,960.4855805834428,963.5242127286082,935.9999812813523,946.437255859375,3602382
2023-05-18,952.9550614969382,955.6414699259292,945.0721633461033,951.1495361328125,1515743
2023-05-19,958.8121508579495,972.3761145386989,953.3953602383261,964.7573852539062,1984436
2023-05-22,964.7572468527803,988.141875128804,959.1202631753044,986.3362426757812,1864932
2023-05-23,986.4683674899087,996.4651459607213,972.3759622400529,975.3265380859375,2138096
2023-05-24,968.0162570560002,982.0645818343734,967.0913998691856,979.378173828125,1302744
2023-05-25,976.9563002962233,984.9273628727083,971.5396161045359,982.9456176757812,1124803
2023-05-26,982.0648499098725,1004.3924911376954,981.1840742597291,1003.3795776367188,1635167
2023-05-29,1009.3686570205608,1011.0861261266788,990.3439289674591,991.9292602539062,1288914
2023-05-30,994.3954816519455,1007.6071133833708,993.5587879822356,1000.4287719726562,1983735
2023-05-31,999.504065762373,1015.8423865380676,997.1259074372922,1008.5759887695312,5967930
2023-06-01,1011.1301547018556,1017.4277202871458,1002.0141508557151,1005.7574462890625,1445692
2023-06-02,1011.1301038335691,1013.860485920756,996.6853665612136,1001.4856567382812,1336554
2023-06-05,1007.6072920037997,1011.5707822258427,1000.5610871646123,1002.5869140625,1435758
2023-06-06,995.2760145459014,997.3018405909609,980.9634169915909,994.0429077148438,1943605
2023-06-07,998.623197334488,998.623197334488,983.1214641911091,994.4395141601562,2459039
2023-06-08,994.4396450644406,996.377308204165,984.9713082129977,992.413818359375,1385218
2023-06-09,994.4833488462006,996.1568433843665,974.0933795760118,977.4403686523438,1824218
2023-06-12,980.2589283524693,1004.9206392991014,978.981847042201,1003.7756958007812,1670970
2023-06-13,1008.4437629854401,1008.4437629854401,994.6597138278916,996.4212646484375,2014656
2023-06-14,1002.3224606908007,1002.6747923736123,991.7972370847123,1000.4287719726562,836964
2023-06-15,1004.0841732249929,1010.2496023588305,1001.0455404442221,1007.2549438476562,2109652
2023-06-16,1012.8916520147557,1016.6349472504623,997.434001623052,1011.3062133789062,2909817
2023-06-19,1011.3061350890956,1016.3266187029452,1000.076250251332,1001.9259643554688,1278608
2023-06-20,997.9185714311081,1031.167844221509,997.4781837120299,1029.3182373046875,3504867
2023-06-21,1034.911258232146,1035.5277581027726,1023.1529262908601,1030.9036865234375,2019683
2023-06-22,1030.6393255724308,1030.9034936747626,1020.6865208378532,1024.694091796875,972005
2023-06-23,1023.3730753270795,1030.9918049081703,1013.772600870265,1026.235595703125,1699790
2023-06-26,1028.085226041806,1035.7479300615873,1024.3860118632654,1028.305419921875,1190307
2023-06-27,1027.8649977463942,1034.4267321461286,1021.8756814024388,1030.50732421875,1504039
2023-06-28,1033.5459776837406,1033.9863654380933,1027.4246309048547,1030.7275390625,1424076
2023-06-30,1030.8153922030156,1051.645750386932,1026.1032656622913,1046.3170166015625,3036648
2023-07-03,1048.1227783972322,1052.5266556173885,1034.470759014747,1040.7242431640625,1749952
2023-07-04,1041.0767188245734,1050.765250048829,1038.0380861290398,1048.6513671875,1094468
2023-07-05,1051.6456785701223,1059.2203244334053,1046.0086953056398,1052.350341796875,1653610
2023-07-06,1052.350444029781,1055.1688821775692,1034.8669671056903,1039.887451171875,2334220
2023-07-07,1037.6856728210948,1041.9133306948447,1016.238810982224,1019.585693359375,2159585
2023-07-10,1021.6995357311583,1023.3730306119562,986.4685172576701,990.4320068359375,3960400
2023-07-11,996.8174213323149,996.8174213323149,979.4221095838606,981.9763793945312,4982603
2023-07-12,986.2040887800804,990.431853348335,971.0107144179116,978.1450805664062,3824027
2023-07-13,968.8529541608823,990.3438957383024,957.446955570782,976.6038208007812,12294227
2023-07-14,981.3598979261826,1019.1451837141917,979.025929152587,1013.7283935546875,6605038
2023-07-17,1014.6092023502191,1032.2687925328412,1007.2988308720637,1016.1946411132812,3159479
2023-07-18,1020.7747396994328,1030.5073521429554,1009.7210715004743,1028.0411376953125,2431478
2023-07-19,1026.1037137649946,1034.8234148960107,1019.057508005235,1029.6708984375,2242397
2023-07-20,1030.5145773577005,1033.0020697151974,1019.8540817298623,1026.783447265625,1990001
2023-07-21,986.0956583917775,1012.6580766444939,972.7700413864833,990.937255859375,5259150
2023-07-24,994.9794957198611,1001.8199363752716,986.9841247721122,988.6720581054688,2672505
2023-07-25,993.6469995062498,994.0911868104546,981.7427580647266,987.4728393554688,2506726
2023-07-26,986.2734780935697,995.7346896614062,986.184662318751,990.5377197265625,1969964
2023-07-27,990.5376466228523,997.3780874415967,985.1629370908664,992.6253051757812,1769815
2023-07-28,989.6937165202716,993.6469399129364,974.9466121497854,980.3657836914062,2031899
2023-07-31,984.3192177617724,994.5355273324045,973.6587208185041,992.0480346679688,2526624
2023-08-01,994.979439435112,1014.523678424016,987.783627678028,1011.4143676757812,2710536
2023-08-02,1010.0817823582119,1010.0817823582119,996.3119779373216,1004.6627197265625,2701150
2023-08-03,1000.3098489430045,1008.7938701691679,990.5821899708272,999.8656616210938,1608187
2023-08-04,1004.2630818800114,1023.7185084457914,1000.3098580566567,1016.6115112304688,3315303
2023-08-07,1025.6728350804024,1026.7388411159695,1015.5453439658982,1022.3414306640625,1655404
2023-08-08,1025.9838695674132,1027.7606188060981,1010.0819421923501,1013.9463500976562,1667697
2023-08-09,1013.5909131904206,1018.0772481064246,999.4213823034272,1016.4337768554688,1559337
2023-08-10,1012.7469800970407,1017.011221285639,1002.6639507120992,1007.6832885742188,1676669
2023-08-11,1030.514434506349,1054.45608424071,1025.4507431627296,1040.686279296875,7391806
2023-08-14,1039.9755896493652,1045.6167458160426,1025.1841331110563,1040.2864990234375,1720940
2023-08-16,1044.5063760128496,1053.8343087775827,1039.4870381220423,1045.7501220703125,2567226
2023-08-17,1045.4834975889848,1049.1258113116673,1034.0234449712477,1045.3502197265625,2331256
2023-08-18,1042.0633618479555,1046.371956787395,1029.315208564479,1042.6851806640625,3406088
2023-08-21,1042.018798010744,1056.1884359662274,1038.465300107548,1047.6156005859375,1661946
2023-08-22,1050.0587049017724,1054.5005775959423,1044.8617355384251,1047.8377685546875,1805887
2023-08-23,1059.7864005721901,1061.6076118195033,1047.0827092796753,1050.5029296875,2347850
2023-08-24,1056.2331006064105,1056.2775627209512,1038.5100679737527,1040.5089111328125,2464221
2023-08-25,1034.9563526812944,1040.1089684585731,1021.630734406428,1025.1397705078125,2105159
2023-08-28,1026.0727587327474,1030.248076364639,1012.1253195891151,1018.4771118164062,2571967
2023-08-29,1025.0954238707116,1033.4461664023459,1020.1205480361718,1028.3380126953125,1794652
2023-08-30,1035.8448433662163,1043.9734931140565,1031.9804353220804,1039.842529296875,1497356
2023-08-31,1047.8377586489337,1055.4777579218496,1035.7558867238392,1041.3082275390625,4483967
2023-09-01,1042.0632120982402,1055.3888286212357,1040.3752789831651,1053.4344482421875,1669640
2023-09-04,1053.612214360421,1097.1425672302867,1052.7238398120564,1094.921630859375,4517935
2023-09-05,1098.6973538638952,1103.0947650256453,1088.4365832275823,1097.63134765625,2842400
2023-09-06,1101.4509584740176,1103.716356531203,1086.2153160973705,1097.8974609375,1767709
2023-09-07,1099.8076146565365,1116.686729905708,1092.9671744858488,1114.0216064453125,2582004
2023-09-08,1118.4635100651783,1127.8359045398913,1114.2881932384664,1121.173095703125,2280777
2023-09-11,1134.054587163999,1140.9394899992535,1128.591061934933,1138.4964599609375,2691836
2023-09-12,1141.561461458803,1147.5579905365048,1124.2381552343309,1139.251708984375,2140769
2023-09-13,1138.896309202546,1139.2516807538461,1124.7711304807003,1132.8997802734375,2275523
2023-09-14,1137.874474968453,1146.624942245601,1133.210508768312,1140.3175048828125,2655172
2023-09-15,1149.5567614331912,1163.7707553921796,1146.9360996746698,1158.9735107421875,4286280
2023-09-18,1156.6638554014007,1164.92578346051,1145.7368032515049,1159.3289794921875,2761885
2023-09-20,1138.4520026505509,1158.4404303209662,1138.4520026505509,1149.023681640625,2220756
2023-09-21,1140.6727759132923,1141.5611503493617,1118.7299707200325,1135.342529296875,3112700
2023-09-22,1130.4122368080696,1140.3176354657983,1123.8827050689763,1131.522705078125,1321467
2023-09-25,1128.2357672551072,1137.1195134539662,1116.3315256598025,1122.4168701171875,1246703
2023-09-26,1122.90565772623,1127.303069258166,1116.7758504058188,1120.6402587890625,903152
2023-09-27,1118.0194712848242,1126.1481208340124,1113.3999665888475,1120.3292236328125,1670373
2023-09-28,1120.3292102432813,1124.6822675648698,1100.2964276529194,1103.2724609375,1807072
2023-09-29,1097.2312910256803,1110.2015366557978,1090.2575730943913,1096.96484375,2338327
2023-10-03,1094.9215648691343,1116.420184266186,1086.2154514422098,1100.429443359375,2162636
2023-10-04,1096.2544134096038,1105.8489038414282,1088.259040864477,1101.1849365234375,2253785
2023-10-05,1109.5796308120125,1113.977040735012,1090.7461368212023,1097.5421142578125,2995200
2023-10-06,1112.2450606248713,1115.7985592211169,1092.7896341215926,1099.541259765625,2497711
2023-10-09,1098.0308002863808,1125.259498373897,1093.7222059708497,1110.1126708984375,3430211
2023-10-10,1115.3987088709666,1123.5717113477401,1108.869069177584,1120.9510498046875,1532394
2023-10-11,1124.6821888179632,1132.188910444653,1102.472824899757,1106.559326171875,2186131
2023-10-12,1106.0260255402516,1109.1797977457493,1079.5080738456427,1087.1480712890625,3921609
2023-10-13,1075.8213211994596,1125.1260968613672,1073.6448474532988,1115.7093505859375,5740821
2023-10-16,1122.0170235556839,1136.4975716712383,1119.618455719094,1128.8131103515625,2527113
2023-10-17,1136.1423020404116,1136.2311178119235,1129.1241209843274,1134.587646484375,1687345
2023-10-18,1135.3425934776208,1138.451904179633,1125.9258456117852,1127.7469482421875,1743126
2023-10-19,1125.3931728228708,1132.4557086835064,1123.7052391148159,1125.8817138671875,2279726
2023-10-20,1122.8769670696267,1131.2626477630074,1117.002447131701,1128.7962646484375,1625449
2023-10-23,1119.2893982875905,1130.500229600567,1105.2086379508016,1109.1099853515625,1646367
2023-10-25,1104.2220861151318,1123.6841565298782,1098.9306608939967,1102.2490234375,1420065
2023-10-26,1089.6927317527286,1110.4999895050005,1087.047019529669,1104.7601318359375,4617424
2023-10-27,1109.423867744167,1139.0204624374228,1106.2399478560676,1137.8544921875,2675348
2023-10-30,1139.0205612831094,1143.3255646771229,1126.4644291114844,1134.31201171875,1158770
2023-10-31,1140.8143888371865,1147.8547702054714,1127.092285179139,1144.40185546875,2525870
2023-11-01,1147.9891922269826,1153.325504445413,1125.83663207554,1129.110107421875,1572719
2023-11-02,1135.433111576424,1143.5049109478202,1134.536244979602,1142.0699462890625,1368604
2023-11-03,1150.3209722116928,1154.5363105278732,1132.7424103837611,1135.6572265625,2052536
2023-11-06,1144.6259847970202,1147.5408012127618,1134.6707875501827,1138.75146484375,1175823
2023-11-07,1138.1239078637643,1145.926604810934,1136.4198391394384,1142.5633544921875,1385282
2023-11-08,1147.9893677063194,1148.706904853455,1135.343569223839,1136.9130859375,937671
2023-11-09,1136.9127501026296,1144.2222333918191,1131.666103391511,1136.7781982421875,1483749
2023-11-10,1132.1146928040525,1139.91738801705,1121.6661755732005,1125.9710693359375,1469902
2023-11-13,1130.0518639100912,1133.2805616251067,1124.0429017593897,1130.94873046875,730991
2023-11-15,1143.5048894578354,1150.6798220975706,1137.5855919262103,1144.9847412109375,2410620
2023-11-16,1151.3975400591225,1182.0254509925621,1146.1956692856934,1175.837158203125,3936945
2023-11-17,1177.944617630974,1189.0208982757983,1171.6665514134138,1174.1329345703125,2882039
2023-11-20,1179.3348305597171,1194.3573478762667,1178.4828509818444,1188.7071533203125,2831858
2023-11-21,1197.8548795821694,1198.2136480795457,1185.478187528495,1189.7830810546875,1514256
2023-11-22,1189.783211993214,1197.9895632954376,1184.222682854642,1192.5634765625,1535630
2023-11-23,1196.3748696149291,1197.5408397068916,1188.9757219440198,1191.9354248046875,1307344
2023-11-24,1191.8460499698579,1195.209299729265,1170.9939014615325,1174.1329345703125,1795933
2023-11-28,1174.1328758177733,1183.7741913122984,1161.7112958907508,1180.859375,2152951
2023-11-29,1187.4512222954509,1200.7248900227842,1185.2090560902102,1196.375,1835524
2023-11-30,1199.1107186544718,1207.9000556725284,1192.5635482756343,1202.6085205078125,4104385
2023-12-01,1207.1825789119257,1209.8731790135125,1191.0389783024052,1198.8416748046875,1854324
2023-12-04,1210.770179351536,1210.770179351536,1193.7297101606625,1199.962890625,1547057
2023-12-05,1208.079303405702,1208.079303405702,1173.3706099732199,1181.6666259765625,3932040
2023-12-06,1188.3481685184481,1201.7562795331937,1183.4602896553442,1192.428955078125,2077245
2023-12-07,1193.7294180996448,1199.110617580184,1188.6621000259802,1191.038818359375,1985003
2023-12-08,1195.523240654095,1228.662419474058,1191.9357740654855,1223.415771484375,4509751
2023-12-11,1228.79679968699,1240.366399714977,1225.164555961974,1233.4605712890625,2824656
2023-12-12,1234.9852005838925,1243.9538658023666,1228.7071349309606,1233.4605712890625,2730422
2023-12-13,1237.0929642850756,1240.1872198472763,1217.0929041230827,1227.98974609375,1896931
2023-12-14,1247.5416088826044,1272.8780937502777,1239.469808393788,1268.7076416015625,5145574
2023-12-15,1275.3441773698853,1342.6091656277908,1275.3441773698853,1337.4970703125,7374290
2023-12-18,1336.1967058519176,1354.1789252936933,1328.2594581970664,1349.156494140625,3075527
2023-12-19,1346.6451131194701,1349.470264623569,1325.2996456227008,1334.8065185546875,2590417
2023-12-20,1331.8468765444763,1348.0353621695358,1287.0035473678945,1291.4429931640625,4368383
2023-12-21,1274.5820803335043,1297.8109488071018,1273.640326544804,1275.3892822265625,2841508
2023-12-22,1283.4160533941424,1316.017131107264,1276.2411208804085,1311.8466796875,2303438
2023-12-26,1311.846790805615,1316.0172425786313,1293.4162470382973,1307.76611328125,1363265
2023-12-27,1314.3131367037345,1323.775123281019,1307.2279780323215,1320.2325439453125,1402329
2023-12-28,1318.9321271200738,1329.7841921293248,1317.0038418481597,1320.59130859375,1928616
2023-12-29,1321.9364991732134,1329.0217673052864,1307.2279743187278,1314.8961181640625,1481617
2024-01-01,1309.425248130792,1341.4882293778303,1304.9858022119786,1330.725830078125,1222315
2024-01-02,1330.9950454262357,1335.255162172815,1310.636106022526,1317.990478515625,1440888
2024-01-03,1309.425252809294,1313.9095858668602,1287.4520208272204,1289.469970703125,1651716
2024-01-04,1288.797357256519,1295.792960816825,1270.994576409781,1273.5057373046875,3392241
2024-01-05,1278.0346714436075,1290.45624968745,1275.2544073878482,1285.0302734375,1776925
2024-01-08,1287.0036405263313,1302.7884716429,1283.012627733044,1298.5732421875,2025264
2024-01-09,1309.9633871521407,1328.2146013056422,1302.5642374022786,1309.7840576171875,3119270
2024-01-10,1322.7886589178165,1352.4749234718693,1314.851410871849,1338.2147216796875,4368914
2024-01-11,1345.2999313847795,1345.2999313847795,1321.9813992407765,1331.6676025390625,2271368
2024-01-12,1349.784222032328,1394.6275516679536,1343.9545891796968,1381.89208984375,5862043
2024-01-15,1443.9553011429048,1452.5651990548033,1413.0134018326996,1424.403564453125,9712071
2024-01-16,1423.3275624250232,1423.3275624250232,1379.381090743343,1395.0313720703125,4459799
2024-01-17,1363.2372064171848,1421.533534323183,1360.1430604975646,1413.3720703125,3846289
2024-01-18,1414.358523662195,1420.8159189126027,1378.528749432753,1405.8831787109375,3205598
2024-01-19,1418.9430140776165,1437.0187212633186,1408.142823164304,1417.0902099609375,2374099
2024-01-23,1408.9109219627694,1417.044989638104,1371.0875293375336,1377.052490234375,3196630
2024-01-24,1382.8819877028752,1429.0653985501233,1377.0977392065138,1424.727294921875,2136023
2024-01-25,1418.9430226727543,1418.9430226727543,1388.8921592944937,1401.09326171875,2641656
2024-01-29,1414.4241034416298,1435.7534160993832,1401.0932692398637,1423.0552978515625,2521598
2024-01-30,1427.980772497676,1439.2328553406965,1405.386140021447,1409.2724609375,1939386
2024-01-31,1409.2726721010422,1429.155951659408,1397.5685845294183,1424.3658447265625,7025931
2024-02-01,1424.3656599361354,1443.345151597721,1415.644109559907,1425.6309814453125,2845408
2024-02-02,1432.3190138297282,1458.6191444768338,1423.461873597203,1431.3699951171875,2337374
2024-02-05,1432.4544144089232,1435.6628962360337,1402.177607972721,1405.702392578125,1452864
2024-02-06,1415.3278796189375,1470.4587868071592,1408.1428301073386,1467.521484375,4988311
2024-02-07,1471.3628406431312,1473.0800552126436,1445.1078269056793,1459.929931640625,3320199
2024-02-08,1469.5548011108713,1489.166896700355,1461.6919136483502,1476.6043701171875,3496692
2024-02-09,1482.2078841133039,1488.3084348558434,1459.2969489452819,1473.7122802734375,3341297
2024-02-12,1481.3041850650288,1522.8783110644133,1481.3041850650288,1506.56494140625,4885445
2024-02-13,1513.840575700488,1513.840575700488,1489.980618591538,1505.344970703125,3129897
2024-02-14,1491.0199142944446,1515.557709157271,1469.0578856712825,1510.67724609375,1386643
2024-02-15,1516.551695239438,1533.2717228687166,1491.336063938861,1502.5882568359375,2555162
2024-02-16,1513.8404692618824,1515.648039971449,1491.2910687901856,1507.016845703125,1776881
2024-02-19,1509.3212897911692,1521.02526404594,1499.9671350003464,1514.066162109375,762624
2024-02-20,1501.1872352500855,1511.8067114777725,1486.7266718762135,1503.0400390625,2240414
2024-02-21,1496.261758168711,1504.6217719737042,1475.0228041776465,1478.8638916015625,2890991
2024-02-22,1485.8230358344838,1528.6624811955123,1481.3041093264715,1524.1435546875,3820901
2024-02-23,1533.7237613499926,1534.0400641620402,1503.401718284496,1505.48046875,2191549
2024-02-26,1505.4803951850522,1508.282107608994,1481.756030560344,1491.0650634765625,1844253
2024-02-27,1490.341956627804,1512.3943399674158,1489.438171329667,1499.1990966796875,2049420
2024-02-28,1504.53127573893,1511.128952256313,1486.0036779391367,1492.962890625,936575
2024-02-29,1484.150965788883,1516.3256985248777,1479.180146929168,1503.7630615234375,3532888
2024-03-01,1514.2472248277827,1517.6364201237284,1481.394647157489,1485.91357421875,2371138
2024-03-04,1490.3420972260872,1494.8610241430856,1477.6891018584915,1480.355224609375,1788071
2024-03-05,1467.7473013704878,1473.124779680713,1452.4281849352162,1463.544677734375,3339546
2024-03-06,1457.8057262278044,1491.245783184053,1449.536068455985,1486.0037841796875,2366177
2024-03-07,1491.245710506753,1495.3579776567758,1473.2603613876922,1480.083984375,3181239
2024-03-11,1495.7647837378047,1500.102997633473,1475.02295367654,1480.9879150390625,2970902
2024-03-12,1478.5023808895505,1504.802510815306,1475.9266148730453,1478.231201171875,2414182
2024-03-13,1481.078200438181,1492.3755169937738,1455.4106751588035,1474.5257568359375,2564135
2024-03-14,1476.7852322872468,1521.0707135492266,1455.0943843221955,1517.6815185546875,3513306
2024-03-15,1515.6481693307037,1515.6481693307037,1484.7838747655442,1488.8057861328125,3931561
2024-03-18,1491.1554886334131,1503.2662345314548,1477.0112256738657,1485.2808837890625,1183544
2024-03-19,1483.6088500700662,1483.6088500700662,1440.7241700392394,1445.288330078125,1915379
2024-03-20,1450.3494151223667,1463.318711709427,1426.2635155604835,1434.3975830078125,1815178
2024-03-21,1453.2868796066089,1464.0870706824956,1431.0085480998057,1442.2607421875,2684744
2024-03-22,1409.9050745315728,1420.253372134371,1363.0889516445493,1407.9619140625,7468824
2024-03-26,1411.938720703125,1439.3234620567016,1405.8834027409612,1411.938720703125,4496344
2024-03-27,1418.0392113982823,1425.133904316943,1391.8294362991426,1397.432861328125,2589697
2024-03-28,1399.9634275441483,1410.8540845225189,1383.6952921692,1395.037841796875,5301493
2024-04-01,1399.963504370834,1418.0392113349508,1399.0597190226283,1406.922607421875,1014857
2024-04-02,1409.0012917104173,1414.4240035450948,1378.3629477794175,1381.255126953125,2031775
2024-04-03,1378.5889889877415,1408.504262602905,1371.946188598139,1388.0787353515625,3343884
2024-04-04,1392.5523145237446,1403.1265574935583,1372.5785728524497,1391.512939453125,3388449
2024-04-05,1394.0434539598702,1398.7883263155204,1377.1879480424543,1396.5740966796875,2773570
2024-04-08,1404.482518117737,1404.482518117737,1389.7056488242358,1391.874755859375,1820136
2024-04-09,1391.8294793822013,1411.532044713991,1386.9038932119356,1392.2813720703125,2432095
2024-04-10,1392.7784935711154,1402.810489149075,1388.3950462505811,1391.061279296875,1829986
2024-04-12,1389.1180475681892,1394.495526133577,1370.3192686368632,1375.109375,4319991
2024-04-15,1362.0947590389117,1383.2433564326482,1350.2551940610103,1360.2420654296875,3295684
2024-04-16,1343.3413003993523,1357.1240266533184,1326.1242560937108,1335.162109375,2446933
2024-04-18,1334.9363290557524,1338.4158809366945,1312.386816119462,1325.7176513671875,5180223
2024-04-19,1303.258428796956,1315.4595305922116,1296.9319315697862,1308.229248046875,5219506
2024-04-22,1312.477082904835,1331.5470426569577,1310.9406918910888,1324.8590087890625,1939632
2024-04-23,1332.9929495741178,1356.9883828875948,1329.558521333505,1343.6124267578125,2783858
2024-04-24,1346.6401306946616,1352.9213945566853,1334.2583159049943,1336.9244384765625,1321471
2024-04-25,1337.5570400015936,1369.2799929890816,1337.5570400015936,1359.4287109375,4558032
2024-04-26,1370.9067132992257,1384.1019566436012,1324.000234059479,1332.0439453125,4328477
2024-04-29,1278.8561952970113,1297.8356865346348,1248.1274951980017,1253.9117431640625,11493223
2024-04-30,1243.970054722854,1263.4014378252532,1231.3621841425993,1235.1129150390625,7606726
2024-05-02,1227.3403415887567,1245.325689719817,1227.3403415887567,1229.780517578125,6555505
2024-05-03,1238.1856968244606,1238.1856968244606,1205.2427711376242,1218.34765625,5964228
2024-05-06,1227.3405262103495,1233.6670237681346,1218.7545652390693,1228.0635986328125,2504082
2024-05-07,1234.6121161206008,1235.482305651738,1214.6451628354746,1219.04150390625,5096525
2024-05-08,1219.0416110959218,1221.8352070790652,1197.3802292911425,1203.1962890625,6832455
2024-05-09,1204.4326729148268,1226.4147140935004,1203.9747137236045,1209.05810546875,5653762
2024-05-10,1209.103842357867,1211.6684585683724,1193.9911889468633,1205.53173828125,3357203
2024-05-13,1205.5318633259042,1210.7526657660123,1192.2053164741253,1202.5093994140625,2316566
2024-05-14,1210.844198904421,1215.3779505393115,1198.6624387163117,1209.97412109375,3200462
2024-05-15,1208.3254492327537,1227.605577871462,1207.4095307569285,1220.8277587890625,2975965
2024-05-16,1231.910366627445,1243.6341679989725,1216.797711572164,1234.7955322265625,5055915
2024-05-17,1237.4058099134795,1237.4058099134795,1218.3546616777978,1221.1024169921875,2487831
2024-05-21,1203.5168966723354,1236.3525521997071,1203.5168966723354,1229.071044921875,4966721
2024-05-22,1235.5282193686505,1239.1461645378215,1227.3307934929041,1230.1243896484375,2390777
2024-05-23,1233.4215954507913,1244.2293660102998,1225.498878545838,1239.741455078125,3326149
2024-05-24,1245.649020796782,1245.649020796782,1228.109161120597,1232.0933837890625,1769966
2024-05-27,1237.4059159314154,1245.2827928129143,1225.498975215569,1239.5125732421875,1942325
2024-05-28,1243.6799159214909,1248.6717388426384,1232.4599142689046,1244.1837158203125,2147233
2024-05-29,1251.1445939161513,1251.6941226210029,1233.696302843569,1239.3292236328125,3845920
2024-05-30,1232.8261118746457,1237.909503492396,1213.6833957999995,1219.8658447265625,4150461
2024-05-31,1219.8659460003635,1228.1550525644968,1205.119681549608,1212.767578125,10319045
2024-06-03,1236.9935749586257,1240.840387314271,1199.7156309500963,1203.9288330078125,5384064
2024-06-04,1213.5918388617622,1213.5918388617622,1131.1591856560576,1193.9454345703125,5447244
2024-06-05,1209.0123814567949,1242.8097953906279,1205.4402770593817,1230.7196044921875,3005139
2024-06-06,1240.1536393112701,1282.1027510061247,1237.314314344744,1279.99609375,5936709
2024-06-07,1288.6972059329155,1317.6860460396042,1280.4539402233233,1311.13720703125,5884025
2024-06-10,1318.922742290749,1320.7545794328194,1279.9962030217512,1299.45947265625,3293739
2024-06-11,1305.1837718597524,1317.0448708884594,1296.3909772316713,1308.664306640625,2269082
2024-06-12,1348.2319993483927,1348.2319993483927,1313.8850564302102,1317.7777099609375,5990861
2024-06-13,1326.021039198166,1335.1343837624213,1316.2664845851311,1322.7237548828125,4232861
2024-06-14,1322.7237297663416,1324.4181566372622,1304.6343393143457,1310.7252197265625,3065114
2024-06-18,1310.7249797633638,1318.6934245658613,1307.061306418503,1316.3577880859375,2223029
2024-06-19,1318.96837983833,1329.821990872493,1310.038175145869,1324.2806396484375,3117522
2024-06-20,1327.1201938373745,1327.1201938373745,1309.3514626689578,1322.0826416015625,3163919
2024-06-21,1339.0729409439693,1357.3454715783137,1318.18995295632,1326.1126708984375,6489262
2024-06-24,1316.953416326047,1322.5404969142928,1306.6493330174735,1319.701171875,1988692
2024-06-25,1319.7926722838677,1328.1733486307992,1306.5118544924153,1326.2041015625,2079037
2024-06-26,1326.2040547202953,1331.1043077981906,1317.2738499690483,1322.3114013671875,1917424
2024-06-27,1314.3429036322482,1337.7446634682785,1303.8098420351955,1332.5697021484375,6613193
2024-06-28,1344.5682488555071,1345.2093470308835,1320.754369788584,1336.87451171875,4943575
2024-07-01,1341.8205380634413,1354.2770067039685,1332.6613535032814,1345.3468017578125,3723295
2024-07-02,1350.9796208203409,1366.9623519508582,1349.1477840463472,1356.2919921875,3811366
2024-07-03,1363.802444571341,1363.802444571341,1347.4990529626868,1356.47509765625,2070876
2024-07-04,1360.138977014922,1405.5227835631545,1360.138977014922,1394.3485107421875,6822557
2024-07-05,1394.9438907199972,1400.668381407456,1378.9611574431954,1391.6466064453125,3061687
2024-07-08,1399.5231351260384,1410.514154511845,1379.5560718525842,1404.4691162109375,2939620
2024-07-09,1404.469205733925,1416.2845746880828,1396.775469312164,1402.362548828125,2658608
2024-07-10,1402.362663646483,1403.736541269768,1362.7491921750989,1382.990966796875,3507096
2024-07-11,1387.6163020664915,1405.0187507392727,1381.2507142482343,1384.7769775390625,3304053
2024-07-12,1401.3549382614626,1434.3279956323206,1383.4945321855814,1429.015625,6430647
2024-07-15,1447.151184815436,1498.8090089638094,1435.6106344370594,1437.6256103515625,10337489
2024-07-16,1433.41248207113,1449.8990154112453,1424.2532968821772,1437.5799560546875,3540650
2024-07-18,1427.0467603725208,1464.7825551190067,1426.08500129454,1460.477783203125,4399468
2024-07-19,1475.0866374983025,1480.536307456328,1455.02800143865,1460.477783203125,5633838
2024-07-22,1455.0278115899575,1460.4317520050731,1438.8161021510452,1444.4947509765625,2704495
2024-07-23,1452.709148220558,1477.4440123281659,1431.5737765809247,1475.1827392578125,2907674
2024-07-24,1471.1679584882304,1474.8597224994933,1455.3394977572018,1461.66162109375,2484299
2024-07-25,1449.0173693385914,1471.1679533284805,1442.418318658864,1465.2611083984375,2934731
2024-07-26,1479.2898809940486,1513.6232411547635,1471.1679551223738,1509.33154296875,2814159
2024-07-29,1513.807808579666,1518.2379705196097,1495.1644451317736,1506.562744140625,1639491
2024-07-30,1503.4709574865099,1507.162721654678,1493.3186060240473,1504.6246337890625,1783877
2024-07-31,1496.0875654968622,1518.2381525245764,1494.4262264042989,1516.0230712890625,1984986
2024-08-01,1513.669510921287,1527.9289050481918,1510.0238261832649,1514.1309814453125,1785188
2024-08-02,1495.2106786917736,1512.7003663550472,1477.7670704823338,1485.2890625,1692851
2024-08-05,1453.6319628576234,1472.7367950182772,1418.5602075632808,1442.0029296875,3279717
2024-08-06,1442.5568268058462,1481.3203499829708,1442.5568268058462,1460.784912109375,2138704
2024-08-07,1481.3204113798683,1490.5498220426714,1467.476295385664,1471.7218017578125,1897787
2024-08-08,1473.936750910346,1478.5514558286627,1434.7579512193151,1437.8035888671875,2373805
2024-08-09,1462.769269081842,1478.551538249518,1454.4166076485976,1467.4300537109375,2021762
2024-08-12,1467.4761326646526,1477.167012786023,1452.5706135642827,1463.0921630859375,1273739
2024-08-13,1456.4008889713941,1484.4583177301981,1456.0778821561357,1469.9219970703125,1973825
2024-08-14,1476.7979173116655,1504.1631413420534,1475.0904989415167,1500.840576171875,3932148
2024-08-16,1509.0086211312146,1545.0033221857204,1506.8858116445701,1539.6964111328125,3101056
2024-08-19,1536.6967904344,1555.1556107399185,1531.2053364589876,1549.156494140625,1631947
2024-08-20,1550.5409001222765,1564.4312074180177,1540.5730921274398,1556.770751953125,2786109
2024-08-21,1556.078664154494,1558.709023705288,1544.7726359007024,1548.0029296875,1410370
2024-08-22,1557.001435945659,1557.001435945659,1544.0802622033714,1546.987548828125,1749127
2024-08-23,1546.8953168933588,1556.0323427142498,1529.4517093616355,1533.4202880859375,2158185
2024-08-26,1542.23459799823,1600.3798880484326,1538.635105129047,1586.9510498046875,2672708
2024-08-27,1592.857596855788,1621.4687659614717,1573.7065723737578,1579.7056884765625,3556487
2024-08-28,1580.5828462634904,1603.8409172180875,1562.5854945812848,1586.9510498046875,2516461
2024-08-29,1581.9209520069987,1620.6844759184887,1566.4616894946782,1616.854248046875,5112407
2024-08-30,1616.8542223287839,1630.1907878225138,1607.9478188485234,1618.1463623046875,4792561
2024-09-02,1628.252602255204,1672.3692307817046,1624.3762947990067,1667.4315185546875,4445349
2024-09-03,1666.8315145336933,1677.1223296395513,1649.3418269300632,1652.479736328125,2553290
2024-09-04,1629.0831362428394,1657.2790288527028,1628.990864675597,1647.680419921875,2644961
2024-09-05,1653.9101186745245,1659.170836821352,1631.1135231533578,1652.5718994140625,2878565
2024-09-06,1650.2185750270176,1657.371368067543,1605.9635973449892,1620.7767333984375,3351716
2024-09-09,1622.8531871495013,1630.1906352561311,1606.978647970353,1612.1470947265625,1418238
2024-09-10,1614.6391699491883,1651.4184608108565,1612.5164731388618,1642.00439453125,2307528
2024-09-11,1641.17373384022,1658.3866069952703,1637.0204991056144,1641.681396484375,2303930
2024-09-12,1661.2938980577812,1674.399615965867,1640.158525377528,1668.3082275390625,3349489
2024-09-13,1665.9085588471414,1679.7526742946245,1657.2790827509502,1673.1075439453125,1599349
2024-09-16,1678.829518803046,1683.6749585906855,1668.8617118887137,1672.23046875,836199
2024-09-17,1672.3230359993008,1687.1362853204687,1667.9390658924779,1673.984375,830317
2024-09-18,1668.7694816553897,1668.7694816553897,1606.0094980898828,1621.145751953125,2629136
2024-09-19,1639.1433052746186,1639.1433052746186,1588.843018035054,1602.6871337890625,4167373
2024-09-20,1613.3008790893257,1630.0060887714128,1588.7506708533147,1624.42236328125,4644317
2024-09-23,1628.06797355069,1628.06797355069,1598.9953311658564,1617.7310791015625,1541597
2024-09-24,1615.1466600301187,1646.0651818078381,1604.394375446323,1638.77392578125,1907389
2024-09-25,1641.7273619615496,1646.5728018163418,1619.7613228876833,1645.0499267578125,2240579
2024-09-26,1644.9116225740677,1669.0465526283738,1641.819792709207,1646.3883056640625,4303250
2024-09-27,1670.5231918402706,1687.6437922696366,1658.1096805906925,1669.0465087890625,4099016
2024-09-30,1668.6773565582057,1680.3986623933288,1651.2799409432007,1657.6943359375,2117894
2024-10-01,1652.0642818972783,1682.0136703220635,1652.0642818972783,1676.522216796875,1642542
2024-10-03,1640.989285568682,1669.877387236134,1633.6057567247285,1641.4969482421875,3552386
2024-10-04,1640.989039300581,1668.584996746192,1631.0674239054847,1639.6968994140625,2982759
2024-10-07,1647.4034251573898,1665.1700386769787,1631.6673493525404,1640.0198974609375,3419048
2024-10-08,1637.297126973184,1655.7559446391726,1608.6859595909018,1651.5565185546875,2353030
2024-10-09,1654.8793389159846,1684.3672576209124,1652.2027875903145,1670.2462158203125,2499596
2024-10-10,1679.752579242776,1698.1652066805366,1658.52493675784,1669.2772216796875,3753869
2024-10-11,1664.985558657218,1710.0251243781688,1661.8937288498787,1697.888427734375,2977110
2024-10-14,1703.795284119454,1721.7464415672332,1691.19711689232,1712.88623046875,1751092
2024-10-15,1688.982151206483,1737.6672924502764,1688.9359590876895,1725.9920654296875,5696544
2024-10-16,1724.9767759144427,1739.7438323160645,1711.178852654657,1721.5157470703125,2144442
2024-10-17,1725.8074162826192,1732.406467033612,1708.779087058279,1723.8692626953125,2399099
2024-10-18,1723.1308818908421,1729.4991974525303,1700.9802974423255,1714.5474853515625,2366406
2024-10-21,1730.7914799882533,1742.9742573730343,1698.2116142792604,1701.5341796875,1284980
2024-10-22,1699.8619093025782,1720.4853929502126,1690.2932896721986,1693.3125,2089660
2024-10-23,1666.1395875924845,1732.5622140284268,1666.1395875924845,1714.67919921875,2522186
2024-10-24,1713.982524538951,1730.6578105145184,1707.2008681055163,1713.8896484375,1621637
2024-10-25,1727.9172037261842,1738.647057529407,1709.523201035466,1720.8104248046875,4078295
2024-10-28,1714.0752182711392,1743.524197015263,1714.0752182711392,1738.832763671875,2418907
2024-10-29,1738.832763671875,1742.688085387494,1719.74202067874,1738.832763671875,1719955
2024-10-30,1728.8462617129542,1736.696163107448,1704.9713210844202,1708.2227783203125,1732047
2024-10-31,1709.3376442424465,1712.9607195383278,1631.8136535096858,1640.6390380859375,3616088
2024-11-01,1650.8112872458057,1654.8059800658266,1626.6576049338244,1632.6031494140625,242223
2024-11-04,1637.805527954895,1655.549172650557,1621.0837471816744,1637.759033203125,2843690
2024-11-05,1643.379505237897,1656.7104581935748,1636.412096368884,1647.6064453125,1818350
2024-11-06,1663.9101468641652,1721.4145185450393,1656.3853678174878,1707.851318359375,3477029
2024-11-07,1718.673777247418,1730.2861237508012,1685.3694767542588,1701.8590087890625,2173869
2024-11-08,1708.362001544164,1722.4826835839845,1698.236125648119,1707.0150146484375,1521324
2024-11-11,1715.561735094185,1740.9231475456304,1703.7636353248058,1734.698974609375,1679869
2024-11-12,1756.7160104226286,1758.5274913550322,1732.051337839937,1739.8548583984375,2711052
2024-11-13,1733.4913129273361,1746.1255248963857,1727.0812741380737,1732.330078125,1254074
2024-11-14,1739.064985312425,1762.2896779581572,1715.23642797754,1726.941650390625,2462563
2024-11-18,1726.9415922574192,1732.608507793671,1686.1126293213556,1704.6923828125,2483933
2024-11-19,1706.5506029054955,1732.5622615235432,1688.249588452816,1691.268798828125,2354204
2024-11-21,1704.6926664547905,1708.919606438069,1690.9436012229226,1705.94677734375,1841245
2024-11-22,1715.2365939728818,1766.9347874858383,1706.0860868652692,1763.5904541015625,2765950
2024-11-25,1782.7276237438862,1783.6101168107489,1745.1036170937416,1757.3662109375,6531524
2024-11-26,1755.8798107621496,1778.9651348153143,1754.9973177165698,1764.6588134765625,2079873
2024-11-27,1762.0575139131297,1780.869515841028,1753.0927594498405,1756.7623291015625,1631975
2024-11-28,1751.2351724733146,1765.5416096703505,1704.6928985767395,1710.1739501953125,3631255
2024-11-29,1711.1954965200996,1739.343871709582,1703.717099505195,1716.81591796875,2482280
2024-12-02,1716.815868412719,1745.1499949802283,1705.11053196173,1738.6005859375,2014744
2024-12-03,1750.212853437376,1761.6394476820105,1739.1114956141464,1756.4835205078125,2954648
2024-12-04,1748.3551164387954,1775.2957638228152,1744.267547258784,1762.893798828125,3730643
2024-12-05,1751.1417945655617,1800.4710181936498,1750.212806876137,1787.372314453125,3881814
2024-12-06,1789.230377738011,1801.6323413207838,1779.290254333529,1786.1646728515625,2250408
2024-12-09,1779.0114963657254,1789.2768561049616,1766.0056681938613,1774.273681640625,1379520
2024-12-10,1780.3584587293067,1804.8373757090908,1776.4102609457054,1798.8453369140625,2695207
2024-12-11,1789.4626549815325,1797.4055456116162,1779.9405305358164,1793.782470703125,1387117
2024-12-12,1788.25506375356,1810.5972662478289,1785.050101126323,1798.7061767578125,2306173
2024-12-13,1801.307329364767,1834.750889889332,1776.5497820182993,1828.9912109375,2569918
2024-12-16,1830.8954503030534,1839.395710737584,1811.7583256898854,1815.6136474609375,1371189
2024-12-17,1807.1600507614655,1823.788842010221,1800.3783943179042,1812.0836181640625,1987909
2024-12-18,1810.597246361226,1831.917471294998,1808.5070237833336,1821.1412353515625,3460812
2024-12-19,1774.3665786157426,1807.9958893523378,1774.3665786157426,1796.89453125,1916115
2024-12-20,1815.7995728816857,1818.6330310974608,1761.732527041298,1775.620849609375,3786921
2024-12-23,1782.2629572537091,1801.6788234611013,1764.287067386323,1767.8636474609375,2058339
2024-12-24,1773.06601621817,1787.047327368182,1755.0901257408873,1762.2432861328125,1310301
2024-12-26,1770.279127716681,1773.3448328151917,1752.3497312307734,1765.7735595703125,1065107
2024-12-27,1765.0769223622488,1767.7710098188536,1749.0053871294785,1757.64501953125,1328546
2024-12-30,1753.9289427297554,1829.1304587641368,1733.1660883603279,1791.970947265625,6262203
2024-12-31,1779.1972478284877,1790.9025838998743,1745.1499383852706,1781.2410888671875,1968650
2025-01-01,1781.2411519139441,1799.4027945625933,1772.4157682028151,1776.1781005859375,880695
2025-01-02,1776.1781443405744,1835.9585988305873,1774.4131582763305,1832.149658203125,3487645
2025-01-03,1839.39578190372,1850.6365112238773,1803.1652589268285,1808.4140625,2853344
2025-01-06,1812.6875177428683,1833.2646210218284,1792.9465261979428,1814.3597412109375,1789037
2025-01-07,1820.8159934216214,1840.3247362082816,1773.34474198778,1779.84765625,2494547
2025-01-08,1770.9294337892552,1800.8427946643728,1760.0138274764843,1795.03662109375,2372138
2025-01-09,1789.973737253202,1806.3702811912256,1783.6565748565195,1797.4056396484375,2742139
2025-01-10,1798.520307841618,1860.1586231908454,1797.823567019882,1853.4234619140625,4802079
2025-01-13,1853.2378510511296,1869.3092725236954,1825.8327099729115,1848.12841796875,5694121
2025-01-14,1798.613255928026,1801.307343226937,1670.0878165478216,1684.765869140625,15819311
2025-01-15,1705.6215982017811,1712.635501441829,1683.836879685699,1696.052978515625,3350594
2025-01-16,1702.8346466094251,1707.4330908835625,1658.5219736705017,1664.9783935546875,5362008
2025-01-17,1663.8054141652738,1682.6674830905263,1642.2688924424344,1678.7261962890625,2424374
2025-01-20,1679.852244571819,1688.2041389869971,1654.0459000347748,1685.5765380859375,3401004
2025-01-21,1681.0721161839897,1708.6144991781723,1681.0721161839897,1691.3946533203125,4005357
2025-01-22,1696.8375516893925,1718.6556437932056,1692.9432311922842,1715.1365966796875,3009261
2025-01-23,1705.142394690848,1716.309411247214,1693.0837030198506,1695.7113037109375,3750930
2025-01-24,1689.14253374764,1716.7318847093134,1680.7906394203148,1682.432861328125,3171259
2025-01-27,1665.682213664374,1670.1396731093914,1602.1517322373663,1606.5152587890625,4174844
2025-01-28,1606.5151863588676,1623.9227835434008,1586.8554908823407,1588.9669189453125,5079829
2025-01-29,1591.547615801338,1617.9169844026792,1591.547615801338,1613.131103515625,3733620
2025-01-30,1615.9463768503208,1626.2219482341068,1593.2836913376896,1607.594482421875,2543744
2025-01-31,1603.7940851043004,1631.1487205009234,1603.7940851043004,1619.1839599609375,2033832
2025-02-01,1619.6999763930141,1625.2834849518933,1584.0403013623452,1589.6707763671875,569018
2025-02-03,1562.4568078873006,1595.8642698782132,1559.1723641469969,1587.7939453125,2659929
2025-02-04,1590.7029421675177,1628.9902164558928,1587.8408528884645,1625.8465576171875,3647768
2025-02-05,1623.4537842153752,1639.2191615824402,1604.685532374735,1607.3599853515625,2681942
2025-02-06,1617.6824253830039,1621.999100133098,1607.359887499065,1617.35400390625,2057798
2025-02-07,1617.0255507399675,1624.3920660841331,1595.9112691184232,1619.37158203125,2428098
2025-02-10,1617.7762214422728,1632.8377882409363,1606.6560559673007,1627.0665283203125,1823071
2025-02-11,1635.465241032125,1641.2833523206323,1609.3773294624839,1617.072265625,1702553
2025-02-12,1617.7292659394873,1635.089896484204,1594.5035575080421,1611.5357666015625,2214307
2025-02-13,1606.5623441284795,1623.4068041937128,1595.53599626428,1598.21044921875,1838463
2025-02-14,1605.6237953113587,1617.2601332784309,1595.2542913149882,1605.8583984375,1460459
2025-02-17,1605.8585088625016,1614.2104036379035,1589.7647103920724,1604.5916748046875,1127023
2025-02-18,1600.931790462683,1622.0460725760536,1596.4743309054159,1619.2308349609375,1511900
2025-02-19,1617.072477330942,1624.9551657442344,1598.5388292736943,1606.8438720703125,1294110
2025-02-20,1600.1810541319835,1608.955303224316,1579.864513816305,1583.6181640625,1681532
2025-02-21,1585.9170404189338,1599.1955994962152,1581.3657629471265,1595.9580078125,1222563
2025-02-24,1581.2249401509855,1585.917002287932,1536.7441681822725,1542.7969970703125,4455420
2025-02-25,1535.2428515822398,1550.2104851517427,1530.7853922026459,1535.336669921875,1951519
2025-02-27,1520.2282232385257,1557.7647225777487,1515.723797496897,1528.861572265625,2266866
2025-02-28,1512.7210513058783,1515.4893225453447,1466.2226629959907,1478.0467529296875,4910121
2025-03-03,1478.046630449053,1504.6506014906618,1471.8530164056688,1475.559814453125,1784684
2025-03-04,1463.9234789665418,1463.9234789665418,1429.2022169654124,1440.932373046875,3246644
2025-03-05,1437.647861963186,1484.005459534861,1436.756415963698,1476.0758056640625,3112003
2025-03-06,1482.6917280450903,1496.486345769904,1478.1404503979445,1487.8060302734375,2011489
2025-03-07,1485.178738096389,1489.2608100338439,1459.7946312096667,1461.9998779296875,2091986
2025-03-10,1461.1084216458007,1475.6068505290652,1451.7242956236696,1453.8826904296875,1855766
2025-03-11,1435.724181825556,1477.014332494823,1428.8268727492198,1471.2900390625,1846190
2025-03-12,1460.1698370005536,1468.615549425364,1414.2814432486225,1445.71826171875,3113860
2025-03-13,1445.718328113091,1452.6156373329825,1434.9735504112195,1440.2286376953125,1983351
2025-03-17,1433.894481922668,1452.2404944462066,1425.4957348030157,1449.98828125,2029100
2025-03-19,1462.515918539908,1465.1903713226372,1431.172917330291,1449.3311767578125,4522829
2025-03-20,1452.5217334734568,1484.6623608961072,1451.7710722212448,1465.80029296875,4608677
2025-03-21,1440.5571229987436,1493.9997879515713,1427.7947348712516,1470.2109375,8109210
2025-03-24,1493.0143444314851,1511.6887768040383,1463.9235558221978,1505.3544921875,2487843
2025-03-25,1522.1051188470806,1556.7794159000157,1519.2429148187066,1524.8265380859375,4906013
2025-03-26,1524.8265938146374,1543.6416969379036,1522.1051744763192,1532.8031005859375,3096513
2025-03-27,1525.5301958060209,1543.688453488265,1514.17542826833,1529.7530517578125,3383080
2025-03-28,1516.5685105057582,1525.4365779010805,1484.1932772882224,1494.4219970703125,2211077
2025-04-01,1479.8765773281762,1487.3838776570444,1432.1113560752888,1436.099609375,4126827
2025-04-02,1421.69492331998,1443.7945832954802,1413.624598810935,1433.4720458984375,3167863
2025-04-03,1407.6187370667203,1407.6187370667203,1374.7742998684969,1379.5601806640625,3966161
2025-04-04,1359.759800282287,1366.5163248975466,1331.7012418104437,1334.5164794921875,4421312
2025-04-07,1262.1647545930055,1298.5282372996812,1222.516828287017,1289.4725341796875,6484139
2025-04-08,1295.0092338862357,1336.5339864945445,1287.5019339796488,1316.921142578125,3938359
2025-04-09,1295.6193905199027,1303.1735432850926,1273.4728758751698,1295.0093994140625,3306801
2025-04-11,1276.2408788535479,1337.23768556346,1276.2408788535479,1304.909423828125,4859622
2025-04-15,1332.5457046995487,1340.8037802397348,1319.407930146173,1338.6453857421875,3265147
2025-04-16,1327.8535827215892,1347.6540619987093,1318.9386646750484,1343.5250244140625,2553111
2025-04-17,1332.5458298472272,1353.2847244294571,1298.7629778229311,1349.437255859375,3549969
2025-04-21,1346.6221447737432,1406.6805540180078,1341.930081551535,1390.7275390625,2840104
2025-04-22,1398.2346574265296,1407.5249643024429,1374.3051381215787,1388.7567138671875,2608145
2025-04-23,1459.231500757234,1501.4600650878292,1448.6273932266265,1495.82958984375,13293318
2025-04-24,1496.7679958511324,1504.5568657257024,1479.0319759992367,1488.9791259765625,3193118
2025-04-25,1492.075876810925,1518.3514268428155,1471.5246201255204,1481.0025634765625,3800415
2025-04-28,1485.5590115748148,1489.7356862837348,1459.075220717647,1470.656005859375,2618810
2025-04-29,1476.0664903532554,1500.556900336968,1469.5167187646914,1489.3558349609375,2231069
2025-04-30,1491.2544653982256,1507.29662763426,1475.117402437201,1487.93212890625,3682256
2025-05-02,1487.4574604298189,1500.7468059601426,1478.0599714871676,1492.5833740234375,1370848
2025-05-05,1499.797789426918,1516.5992752753625,1483.9455426857055,1488.9764404296875,1012225
2025-05-06,1496.760057193726,1503.4047299968138,1485.6538916985114,1498.9432373046875,2055057
2025-05-07,1473.2188659025683,1498.2787976210511,1466.574193182647,1483.9453125,5469936
2025-05-08,1482.6164125144514,1516.8839171296463,1476.8260778078231,1500.4620361328125,2789018
2025-05-09,1486.5082819813285,1497.6143319913983,1478.2499489865486,1489.7357177734375,2035161
2025-05-12,1517.6433288868916,1589.9752928759262,1513.0869354293889,1585.513916015625,4028207
2025-05-13,1599.4677045406977,1602.410322246675,1533.2107764244072,1537.387451171875,3118470
2025-05-14,1547.2595098493312,1558.9351954449921,1534.9194033290603,1554.568603515625,1569126
2025-05-15,1566.244308903532,1616.1742558186468,1542.5133345262059,1609.9093017578125,4961582
2025-05-16,1606.0174938270525,1607.5362530584684,1573.8382684209864,1575.641845703125,2586263
2025-05-19,1576.6859717484479,1579.5336887353506,1554.948375573644,1565.8646240234375,1642018
2025-05-20,1576.4961832411707,1581.4321797094306,1553.334728382771,1555.1383056640625,2421580
2025-05-21,1561.4981492899233,1573.3636367465335,1545.740805122325,1568.142822265625,1420835
2025-05-22,1555.2332136218106,1557.4163938155039,1532.0717586557046,1550.1072998046875,2202093
2025-05-23,1550.1071374029464,1585.9884144896923,1540.1401288648378,1564.5355224609375,1459454
2025-05-26,1568.522541916578,1590.73475762256,1562.0676703870101,1588.6463623046875,1078813
2025-05-27,1588.8363496369195,1590.4500096534632,1558.1758823313398,1568.23779296875,2740015
2025-05-28,1579.5336830231895,1582.1915985509136,1563.396620155765,1573.173828125,1775441
2025-05-29,1585.2291331768304,1590.449947687293,1571.560068374657,1580.1981201171875,2374051
2025-05-30,1580.1981290624824,1580.1981290624824,1544.6966828894888,1553.5245361328125,4408910
2025-06-02,1542.6083187355225,1552.1956097280508,1524.1930584472964,1548.6834716796875,1883100
2025-06-03,1563.3017256602932,1567.8580033166743,1534.9194565056011,1547.6392822265625,2380133
2025-06-04,1548.2087893328817,1561.1184163941086,1539.855439889435,1543.5574951171875,1659720
2025-06-05,1551.9108171545088,1569.9463576069004,1542.133609401811,1549.5377197265625,1409322
2025-06-06,1548.3985502554897,1556.5620980372478,1539.665598144549,1554.568603515625,1261281
2025-06-09,1564.3457971984335,1573.8381867445405,1555.8026466069373,1564.630615234375,1299786
2025-06-10,1569.3767485849999,1599.372675201935,1565.2949748903684,1583.4254150390625,3055223
2025-06-11,1590.9245363876787,1637.816965348587,1581.43214655243,1634.49462890625,5085821
2025-06-12,1637.4372714141487,1638.3865104120698,1608.9601014765112,1614.8453369140625,3607962
2025-06-13,1581.4322448220746,1624.1480017350357,1580.1032869877788,1609.2449951171875,1988422
2025-06-16,1606.1124089750797,1641.6139712134939,1597.9489766432494,1635.538818359375,2116100
2025-06-17,1640.284829792158,1650.536656327915,1632.6909185431202,1641.8035888671875,1777245
2025-06-18,1640.190185057557,1656.4221497108879,1623.1987828112426,1628.79931640625,1794428
2025-06-19,1632.4061510673155,1632.4061510673155,1611.0482750180745,1626.900634765625,2514527
2025-06-20,1626.9005987693738,1654.1437092665208,1622.3442056301249,1651.580810546875,2719770
2025-06-23,1641.4239877418304,1641.9936238254359,1612.9468185174828,1616.7437744140625,2221446
2025-06-24,1632.5962004937737,1644.6514896008969,1603.4544932906756,1605.922607421875,3601071
2025-06-25,1615.6046259750926,1633.3553472552276,1614.655387064414,1629.9381103515625,1307518
2025-06-26,1623.1985183619142,1639.2406789403858,1616.2690280450825,1636.582763671875,2971055
2025-06-27,1646.9296583037208,1663.5413407361789,1623.9581209466817,1635.8236083984375,6478283
2025-06-30,1637.4372550040107,1646.7398434399704,1626.3312051891958,1640.8544921875,1855229
2025-07-01,1640.8546073911464,1656.4221510688096,1626.9957403621431,1631.0775146484375,1639826
2025-07-02,1634.5894961996328,1650.2519391074688,1624.1478675944086,1631.362060546875,2069447
2025-07-03,1628.8940538231739,1642.658018730188,1619.876283711682,1625.002197265625,1839063
2025-07-04,1627.9450189209335,1641.2343660141657,1619.5916686841947,1638.291748046875,768500
2025-07-07,1637.9119776639309,1637.9119776639309,1616.8389171435201,1623.5784912109375,1366412
2025-07-08,1613.7063287394085,1631.6469693337037,1601.8408410280892,1621.3951416015625,2139193
2025-07-09,1623.1986031481015,1627.2803769792602,1586.1782841289344,1589.0260009765625,2894808
2025-07-10,1589.9752256763688,1594.6265196605889,1565.2950132181088,1579.248779296875,2740853
2025-07-11,1559.7894840817337,1571.4651701734467,1547.2595755860575,1555.1383056640625,2548153
2025-07-14,1556.7519742035097,1559.0301709990758,1525.4270869177074,1537.577392578125,3334703
2025-07-15,1509.2899558749805,1539.0960825808759,1471.3203972366161,1486.887939453125,14685607
2025-07-16,1486.8879402294574,1494.102133199734,1480.8127876693677,1483.470703125,5218099
2025-07-17,1484.2298665223354,1487.2675004154505,1464.106048928695,1465.5299072265625,4966082
2025-07-18,1477.1057905368714,1482.8458389456935,1463.71234424962,1481.6978759765625,3902458
2025-07-21,1481.697931914697,1483.5155205541757,1459.8857004250685,1464.0950927734375,3368842
2025-07-22,1466.6781053469572,1473.087896544548,1452.5193884451933,1454.2413330078125,3218227
2025-07-23,1458.0680018751634,1469.4524550590872,1452.2323091013636,1463.5211181640625,3471536
2025-07-24,1463.712377648238,1471.270131581955,1436.5427912035484,1441.900146484375,4654421
2025-07-25,1436.0644378307543,1446.6835041547893,1422.192654014078,1425.541015625,2733655
2025-07-28,1425.5410042674102,1429.4633473383515,1400.0934795834673,1402.580810546875,4404841
2025-07-29,1402.5808125832252,1413.4869279726304,1397.7017947668448,1408.60791015625,6223556
2025-07-30,1416.3568500502006,1419.9922605116933,1405.1638031150178,1412.5301513671875,1642426
2025-07-31,1401.528476378077,1418.461572349329,1396.2667653746096,1404.3028564453125,2306285
2025-08-01,1401.5285055326744,1403.346210909819,1387.1783843156165,1389.1873779296875,2152783
2025-08-04,1389.1873471188792,1411.4779149609608,1378.1855877631428,1410.521240234375,2384774
2025-08-05,1415.7830505684403,1421.044761933848,1407.4599097942046,1418.461669921875,2614394
2025-08-06,1416.739609011352,1419.4182281448032,1393.3010784903524,1399.806396484375,1735697
2025-08-07,1394.8318000982188,1415.113258297849,1388.1350767781314,1411.5736083984375,1495363
2025-08-08,1410.903978721859,1417.9832785003246,1395.788470844493,1411.764892578125,2815614
2025-08-11,1411.095211070071,1464.6689953547652,1402.102445351681,1423.531982421875,2374556
2025-08-12,1425.445406004107,1444.483257266117,1424.488731234977,1434.151123046875,3422656
2025-08-13,1435.0121342495343,1442.187194920782,1424.4887119317043,1436.064453125,2916128
2025-08-14,1435.9687383495286,1450.5101472151196,1421.427329483938,1425.2540283203125,4227538
2025-08-18,1433.1944030282975,1436.8298137488491,1411.9562705367805,1420.6619873046875,2795155
2025-08-19,1412.3389880278332,1418.3659689175522,1405.5465038396178,1412.1475830078125,2515817
2025-08-20,1404.3986516126338,1435.299295360073,1394.8319033046457,1431.185546875,10219330
2025-08-21,1435.0122094832818,1439.7955835148928,1421.714406319085,1428.7938232421875,2157601
2025-08-22,1425.0626681512094,1426.8803735120002,1400.5718181840887,1402.772216796875,2802805
2025-08-25,1415.8786685002913,1444.291862635263,1412.2432576388037,1439.0301513671875,2764914
2025-08-26,1436.8298625715352,1441.2305431638092,1420.6620355779999,1428.1241455078125,4092265
2025-08-28,1423.5319882641413,1423.5319882641413,1383.351649885718,1386.987060546875,4367902
2025-08-29,1386.9870122921272,1399.2323782553347,1376.8461671527366,1391.7703857421875,3404604
2025-09-01,1383.3517118814798,1408.7035931849784,1383.3517118814798,1404.78125,2105254
2025-09-02,1405.3551934727484,1413.3912846474257,1396.4580716755017,1402.1981201171875,1295198
2025-09-03,1411.095239074557,1411.095239074557,1389.665701579074,1402.580810546875,1800307
2025-09-04,1401.624115685596,1402.3895021779256,1378.472634062406,1380.7686767578125,2192155
2025-09-05,1385.2650524136716,1389.3788005941094,1342.0233999763768,1357.521484375,3895199
2025-09-08,1362.2092480175488,1366.7055727888007,1340.3013721120756,1342.2147216796875,2929976
2025-09-09,1349.102681235138,1369.7669491914457,1348.0503623699672,1365.2705078125,2906889
2025-09-10,1372.7326284121245,1408.12959432408,1370.0538923872339,1400.4761962890625,3205017
2025-09-11,1400.4761563014292,1406.694542027328,1395.1188011862023,1404.1114501953125,1982922
2025-09-12,1411.0951659256086,1415.8785393694243,1399.6150696604511,1403.633056640625,2110883
2025-09-15,1403.6331265794308,1404.6855622147725,1389.091717298308,1402.9635009765625,1725617
2025-09-16,1400.4762510617772,1420.8533540580092,1397.7975149321212,1418.8443603515625,1724524
2025-09-17,1426.2107202474265,1434.0554062440674,1411.3822620774579,1417.3135986328125,2656774
2025-09-18,1427.9326087877762,1437.7864047373657,1421.7142233469772,1429.0806884765625,2792406
2025-09-19,1429.0808223191373,1429.0808223191373,1400.5718673771046,1403.8245849609375,3197957
2025-09-22,1361.3481646344362,1386.4129962868212,1353.6947666603846,1377.5159912109375,4457129
2025-09-23,1381.6296610067534,1381.6296610067534,1358.8608714691968,1367.8536376953125,3106480
2025-09-24,1363.357015656249,1382.1078153752596,1358.4779983143922,1379.8118896484375,2894044
2025-09-25,1377.8030209918868,1380.0034197776533,1354.6515371959495,1362.1136474609375,2713246
2025-09-26,1358.4782094045142,1364.6965955743235,1331.691315134566,1334.848388671875,2568054
2025-09-29,1336.5701024735927,1341.831812939604,1323.0810135443141,1327.2904052734375,2990852
2025-09-30,1331.7869333983938,1344.128061375167,1322.0288973878787,1325.0902099609375,2782077
2025-10-01,1326.0468430517603,1336.2833329104571,1322.124499946586,1329.299560546875,2253527
2025-10-03,1335.996367192756,1339.1534407666434,1320.5939261653987,1333.1263427734375,2793839
2025-10-06,1333.1262283449394,1359.4347832638384,1330.5432533018986,1356.2777099609375,1970901
2025-10-07,1360.391613035583,1379.4294655757335,1355.7995271228247,1371.2977294921875,1592836
2025-10-08,1371.1061300689087,1395.501334860933,1365.36608188255,1390.2396240234375,1735807
2025-10-09,1390.239729338229,1426.497726485028,1389.570103711726,1422.0970458984375,2681316
2025-10-10,1426.401995047643,1433.5770553849047,1410.0428808350023,1430.70703125,2129445
2025-10-13,1425.445447627367,1437.1168334389276,1412.5303378669848,1429.9417724609375,1820492
2025-10-14,1449.7450689743223,1468.4958723925265,1425.636793052406,1430.611572265625,5802489
2025-10-15,1433.0030698582757,1444.0048290109378,1421.7142615803032,1430.8983154296875,1710696
2025-10-16,1434.9165387363716,1454.0500345078237,1433.0988332817656,1449.3623046875,2021043
2025-10-17,1445.505118131902,1447.7230850118274,1426.4116745559738,1433.161865234375,3210161
2025-10-20,1436.7298482567198,1456.0161067266026,1435.9583508323326,1442.0335693359375,2354881
2025-10-21,1449.072972763074,1449.3623137236605,1428.1474295573794,1432.968994140625,274400
2025-10-23,1456.1125063872835,1492.2742408174313,1451.7730982556657,1469.5164794921875,5011470
2025-10-24,1470.5771723395956,1477.9059268360006,1462.2841049432955,1469.4200439453125,1491451
2025-10-27,1476.7487702026774,1494.2028098142143,1472.3129544907802,1478.7738037109375,1394846
2025-10-28,1480.2202995851405,1486.9704898764082,1458.0411029138322,1467.7806396484375,1936466
2025-10-29,1475.3986987319204,1503.3637721065777,1467.684195732015,1501.7244873046875,2596355
2025-10-30,1502.1101652795687,1504.2317242993038,1483.2096558812607,1494.4921875,2183395
2025-10-31,1494.4922478418825,1502.592382401083,1482.727559295551,1486.4884033203125,1723467
2025-11-03,1485.1381829149193,1494.395562645935,1473.6628365639656,1488.4168701171875,2252136
2025-11-04,1481.5702926395418,1486.8740133372978,1470.577102559581,1474.53076171875,1666863
2025-11-06,1474.5307215731343,1477.2308445767942,1460.2589623488466,1471.9271240234375,2474769
2025-11-07,1461.0304776743155,1464.5985060972403,1437.3084034480262,1458.4268798828125,2238714
2025-11-10,1463.8268869431597,1489.766925807937,1457.4624457601137,1485.52392578125,1558896
2025-11-11,1492.5634929827825,1516.3819735581708,1486.1989339305337,1513.97119140625,2270763
2025-11-12,1518.7929218057707,1542.900745961418,1517.3464523564319,1537.1148681640625,2331564
2025-11-13,1542.322006676396,1547.7221351315686,1523.6143137120737,1541.4541015625,1944022
2025-11-14,1533.2574217656438,1540.971924516666,1517.9248240051934,1537.6932373046875,2543918
2025-11-17,1537.114640997858,1550.3256795971333,1528.917981996301,1549.0721435546875,2000978
2025-11-18,1546.7578509686116,1546.7578509686116,1533.3538784679217,1538.2718505859375,1640123
2025-11-19,1538.3684141194399,1609.920384105191,1531.9074470708654,1603.2666015625,6342672
2025-11-20,1603.2665542011332,1608.8596159330084,1583.9802968001477,1586.680419921875,2724035
2025-11-21,1577.6158729667095,1584.8482195726083,1548.6864865431146,1550.6151123046875,2958835
2025-11-24,1556.6902870321276,1581.4730802901095,1545.6970969556094,1552.929443359375,6392688
2025-11-25,1560.5475556076767,1561.1261197835458,1535.7646443632036,1543.9613037109375,2285950
2025-11-26,1543.961240617917,1569.419122741588,1543.961240617917,1560.1617431640625,1243303
2025-11-27,1561.3188800230082,1574.9156673876803,1556.4009081311865,1570.8656005859375,2106176
2025-11-28,1570.8656874034887,1578.4837827268163,1561.2225585673716,1566.2369384765625,1841289
2025-12-01,1571.8299936315989,1587.7411561438205,1569.9013678725416,1584.2696533203125,2034350
2025-12-02,1592.0805161749322,1593.9127341336757,1566.0440692114414,1577.1336669921875,2326220
2025-12-03,1577.133636037448,1595.5519875776963,1570.6727871514972,1581.9552001953125,2371611
2025-12-04,1591.1161864307182,1612.3310689164612,1586.3910299706451,1595.552001953125,3935708
2025-12-05,1603.3629998227739,1630.6531017754521,1592.0805860622538,1622.9385986328125,3391204
2025-12-08,1622.938494735528,1634.8959973839192,1617.0562100086327,1628.338623046875,2702407
2025-12-09,1626.7957674386714,1626.7957674386714,1597.2878179621275,1598.4449462890625,2817704
2025-12-10,1603.941568474416,1611.3667301393214,1597.8663505929717,1606.545166015625,1482249
2025-12-11,1607.9917621882905,1617.5384834496251,1590.1519735223335,1612.7169189453125,1408684
2025-12-12,1617.5383436416287,1618.0205000503859,1600.7592770740828,1613.4881591796875,1284337
2025-12-15,1613.4882062129197,1627.760083413747,1600.7593237362678,1623.90283203125,1689723
2025-12-16,1621.0099068593954,1621.9742197129704,1586.6803928149234,1592.7554931640625,1929309
2025-12-17,1592.0806145705485,1605.0988388568612,1587.5483909786828,1595.9378662109375,1394918
2025-12-18,1597.8663749636394,1614.1632854930872,1592.2733134092591,1602.109375,1822056
2025-12-19,1615.2240514930982,1621.0099286924765,1574.240754664169,1583.7874755859375,3487150
2025-12-22,1592.948392786367,1613.777526441746,1585.3302978609083,1610.6917724609375,1339691
2025-12-23,1615.320591595942,1626.6995314393628,1597.0950533817097,1619.9493408203125,1614314
2025-12-24,1616.1883461808325,1620.0455976036985,1605.6773125107284,1614.9346923828125,989858
2025-12-26,1608.473917383925,1616.5741692876468,1591.5984416319955,1601.6273193359375,921138
2025-12-29,1600.4699875803433,1601.5308258848768,1567.3941275049592,1572.6014404296875,1516288
2025-12-30,1572.6014804595475,1577.3265193663256,1553.6044462320297,1557.55810546875,3323273
2025-12-31,1566.5261468314886,1573.469151920225,1559.1009853417577,1565.3690185546875,1359963
2026-01-01,1564.9833063028957,1586.9695680714158,1560.643898592981,1576.1693115234375,773806
2026-01-02,1573.758696709966,1584.3661389059278,1567.1049139715212,1581.666015625,950573
2026-01-05,1567.0084378561032,1575.2050973771966,1523.710765784238,1550.2293701171875,3245802
2026-01-06,1543.190011845843,1567.9728067863327,1540.2970730879347,1558.6190185546875,2112043
2026-01-07,1562.9583926368216,1595.455690223662,1559.004615582644,1588.8983154296875,3816569
2026-01-08,1594.2985190902186,1601.3379324306445,1577.0372951307525,1587.9339599609375,3266398
2026-01-09,1588.3196543103204,1615.224006073685,1588.3196543103204,1602.109375,3281306
2026-01-12,1599.987883032742,1617.345514868645,1582.9195921463609,1608.088134765625,4175707
2026-01-13,1624.86706652942,1637.0173842556303,1567.972611380912,1605.580810546875,7149266
2026-01-14,1605.580837763031,1618.0204966254298,1590.3446481929661,1608.9559326171875,2470615
2026-01-16,1622.0685339254821,1652.081682009063,1617.0178290309627,1649.264892578125,3098089
2026-01-19,1649.264930539804,1669.662199998777,1636.7351555873774,1667.525390625,2087629
2026-01-20,1670.6334850729563,1670.6334850729563,1633.5299283544177,1638.8720703125,1739341
2026-01-21,1639.1633154048784,1646.2538418405477,1621.0000809866287,1634.209716796875,1728435
2026-01-22,1642.0772742114043,1659.9491909105602,1633.2384812850246,1654.218505859375,1853439
2026-01-23,1663.5429459948182,1671.604771225789,1650.04199127234,1658.006591796875,1874357
2026-01-27,1670.6335465010413,1675.9756886555504,1651.6932243168724,1670.8277587890625,2671530
2026-01-28,1656.1610721542709,1684.6201660350766,1642.465786823139,1679.9578857421875,2713867
2026-01-29,1673.3531293582296,1675.489938664914,1647.4193878632143,1672.1875,2235602
2026-01-30,1664.028545737421,1664.028545737421,1634.695378411855,1646.9337158203125,4448681
2026-02-02,1622.0684627483904,1640.037484641112,1606.1391439517708,1628.67333984375,1916380
2026-02-03,1728.9113946545401,1729.0085007948294,1640.6203339894569,1646.6424560546875,3200948
2026-02-04,1594.872135378366,1597.7860308754032,1540.4794194336714,1575.251953125,5834470
2026-02-05,1567.3844065854084,1584.9650050129394,1554.2718762952904,1563.7906494140625,3184531
2026-02-06,1565.7333074951036,1565.7333074951036,1528.9210676812233,1547.95849609375,3342992
2026-02-09,1554.4660877702331,1573.4064078459076,1548.638296977718,1556.0201416015625,1863558
2026-02-10,1549.22116873538,1556.4088016328246,1522.8018959178016,1527.94970703125,3234785
2026-02-11,1528.8238832033496,1532.8061834551488,1501.7246305564786,1507.0667724609375,2944646
2026-02-12,1485.115481610435,1490.9432729051784,1427.3232179375632,1433.7337646484375,5397659
2026-02-13,1382.15782806104,1434.4137371529998,1355.9327673740067,1413.43359375,7214938
2026-02-16,1409.4512728724128,1424.894943209499,1405.2747603343228,1419.84423828125,2388700
2026-02-17,1421.9811114590236,1467.3407074101608,1416.1533200186177,1440.0472412109375,2840341
2026-02-18,1440.6300107247746,1440.6300107247746,1401.9723982655437,1425.0892333984375,2036245
2026-02-19,1427.80878911285,1458.6961287121796,1401.5837297209814,1408.7713623046875,2397127
2026-02-20,1401.5838264016543,1413.2394091575932,1389.9282436457154,1395.2703857421875,2392491
2026-02-23,1396.9214511058526,1400.2238897093428,1374.8730226483146,1385.265869140625,2629763
2026-02-24,1362.0519713376468,1366.3255900015026,1284.542301484879,1300.762939453125,10004684
2026-02-25,1316.1095967711506,1351.4648893571666,1315.1382981757477,1338.6436767578125,5703505
2026-02-26,1351.0762149795514,1364.6743939944429,1328.7363494550873,1334.0784912109375,2329520
2026-02-27,1357.875293191524,1364.4801703704989,1342.3345173037812,1349.230712890625,8651443
2026-03-02,1312.2242981891923,1346.2197463288087,1311.2529996709177,1331.6502685546875,2088938
2026-03-04,1317.080808041033,1342.3345698471294,1317.080808041033,1324.8511962890625,3161598
2026-03-05,1338.643498816475,1338.643498816475,1294.255206333629,1315.2352294921875,2217963
2026-03-06,1317.080758597693,1341.169008688996,1315.3323738808347,1317.7606201171875,1871596
2026-03-09,1291.8270860425002,1333.3014871677035,1289.8844889206318,1319.606201171875,2256550
2026-03-10,1321.9373243586176,1325.2397631364865,1306.3965475843795,1322.4229736328125,1671877
2026-03-11,1327.959283660933,1336.506758028498,1308.2419949259765,1311.54443359375,1837000
2026-03-12,1311.25298917672,1324.2684129307795,1302.5113025822084,1319.1204833984375,2616965
2026-03-13,1311.2530516426305,1317.7607045463176,1283.085393496233,1287.359130859375,2190786
2026-03-16,1275.1208385481732,1299.3060786269439,1265.0193094816418,1290.46728515625,3618375
2026-03-17,1290.4672342673116,1290.4672342673116,1260.4540852554567,1283.1824951171875,2285672
2026-03-18,1288.427400675758,1338.837814208226,1288.427400675758,1318.2462158203125,2564106
2026-03-19,1302.899825821349,1315.3323754260534,1271.6239431203578,1274.1494140625,1663249
2026-03-20,1296.586405720121,1313.6812357960657,1290.7586146555914,1295.4207763671875,5050431
2026-03-23,1277.0633953429879,1325.8225356751977,1272.401114823816,1319.606201171875,5166409
2026-03-24,1340.3920525322767,1353.9902327753578,1320.9660807564467,1333.8843994140625,3555664
2026-03-25,1309.3104947943593,1370.8908489008509,1309.3104947943593,1341.65478515625,4167275
2026-03-27,1337.4780839327325,1367.005583137401,1320.7717965419583,1325.23974609375,8956139
2026-03-30,1311.2530477771163,1320.1889470463918,1297.8490803064853,1303.0941162109375,5541018
2026-04-01,1359.5264850203223,1359.5264850203223,1310.281697700231,1315.5267333984375,2469237
2026-04-02,1308.3390820367895,1372.2505708873946,1302.7055032991818,1361.9547119140625,6509389
2026-04-06,1356.9040870805895,1381.4779880528308,1354.0872975458185,1363.0233154296875,2134581
2026-04-07,1351.0761971608322,1404.98326325891,1348.2594078315547,1400.223876953125,3459049
2026-04-08,1408.2857488059858,1423.9236312751325,1390.8023754342585,1419.067138671875,4239052
2026-04-09,1417.0274334936837,1426.837524825088,1394.784673688786,1422.855224609375,3101205
2026-04-10,1410.3254260726785,1415.7646739750435,1380.3122786226656,1409.54833984375,3450066
2026-04-13,1399.6411847669165,1406.2460622119338,1376.8156692623902,1388.3741455078125,2252652
2026-04-15,1403.526280064429,1432.5681278427714,1395.8529984877596,1409.6455078125,3993858
2026-04-16,1418.0959219154013,1426.546172105606,1393.910563643363,1408.5771484375,5229848
2026-04-17,1401.8751070484177,1416.1531469053489,1388.9567901746564,1400.90380859375,3319268
2026-04-20,1404.4006171427257,1410.228408525654,1383.1291548816928,1387.3057861328125,2352656
2026-04-21,1388.9569526803887,1413.2394168880878,1381.575107274592,1399.83544921875,3091487
2026-04-22,1306.3965083504145,1319.0233891002697,1244.2334031203575,1248.4100341796875,33066256
2026-04-23,1252.9751562640483,1257.15178754495,1235.4917819905966,1240.9310302734375,8304759
2026-04-24,1251.6218619302792,1252.0178436546378,1185.9918485183598,1191.040283203125,10903519
2026-04-27,1196.7816837673115,1219.549242680999,1188.8625328408116,1215.78759765625,6066942
2026-04-28,1215.4907250223948,1220.2421431663045,1180.2505268992788,1183.9130859375,6643295
2026-04-29,1187.8727482542276,1198.5636513231816,1180.0525618275544,1188.0706787109375,4777201
2026-04-30,1187.8727402459547,1201.4342390290972,1172.0344370426753,1186.9818115234375,5070033
2026-05-04,1195.7918803363182,1201.2362970100348,1179.359665088433,1188.36767578125,3318673
2026-05-05,1187.8727482542276,1193.2181997887046,1177.9738086854425,1188.0706787109375,2459953
2026-05-06,1195.7919057864779,1199.751481633453,1174.4102203801453,1177.0828857421875,3541520
2026-05-07,1182.9231744098379,1183.913068279637,1169.1636254523005,1171.4404296875,3725309
2026-05-08,1167.8769370248579,1190.644498001188,1164.90725515838,1186.2889404296875,2813749
2026-05-11,1184.804006505599,1194.1090331242458,1179.0625736796997,1182.82421875,2505962
2026-05-12,1171.0444630813495,1172.0343569639203,1131.0527260581548,1134.220458984375,3959561
2026-05-13,1134.7154964657793,1142.931543844691,1125.6083995174693,1131.646728515625,2635034
2026-05-14,1127.4891556166244,1131.6466616749285,1092.2489568340422,1112.6407470703125,5837032
2026-05-15,1110.5619921830983,1140.3577744488487,1110.4630269602867,1121.15380859375,3729249
2026-05-18,1117.5902205133277,1137.8830455979364,1110.0670509907557,1135.0123291015625,2588569
2026-05-19,1144.3174142705511,1186.1899769855322,1140.6548549643858,1167.48095703125,5756760
2026-05-20,1154.4141906480702,1169.0646683575774,1150.652666418684,1157.9779052734375,1415960
2026-05-21,1161.8384595944722,1168.6687518922563,1151.4445733090024,1156.39404296875,2245247
2026-05-22,1158.0769708112805,1164.1152998147552,1148.1780311870052,1152.236572265625,2044782
2026-05-25,1156.1961159082641,1166.0950552567938,1150.3557175252993,1153.9193115234375,1419803
2026-05-26,1153.9192390579726,1161.838390039478,1148.2768923183116,1150.15771484375,1196820
2026-05-27,1143.6244635296307,1157.9779249858127,1142.0405366306575,1153.42431640625,1004168
2026-05-29,1168.0747806951965,1179.6564907792917,1165.1050990493613,1171.83642578125,12446602
2026-06-01,1178.072747125031,1200.5434119372007,1178.072747125031,1183.022216796875,5970435
2026-06-02,1197.7716587190891,1244.2966735618968,1190.0504377083842,1230.93310546875,7663067
2026-06-03,1216.3817277239782,1217.5695521230916,1164.907242593571,1167.0849609375,4800922
2026-06-04,1154.6123413674918,1164.610246215695,1146.4951383776315,1156.4931640625,2025595
2026-06-05,1167.0848647183482,1170.5494932395648,1135.4082610957976,1143.0303955078125,1971395
2026-06-08,1130.3598899886003,1147.2870518319028,1120.856932535927,1139.6649169921875,1546444
2026-06-09,1146.9900420972515,1147.2870586092952,1124.9154800807084,1134.7154541015625,2225582
2026-06-10,1129.2710855592654,1140.3578496517691,1118.5801823841139,1120.658935546875,1600595
2026-06-11,1101.6530107998524,1102.7418699870848,1078.4894679990384,1098.980224609375,3435236
2026-06-12,1108.6811510385824,1111.155885750722,1089.3782202838927,1098.38623046875,2203987
2026-06-15,1112.1457872602355,1116.6003097726264,1101.7519013979902,1107.98828125,2361006
2026-06-16,1129.4688977693256,1150.1577036749375,1126.0042692485608,1147.2869873046875,8343470
2026-06-17,1157.1860191207213,1161.7395070902196,1147.58409621033,1155.00830078125,2263670
2026-06-18,1140.3578288590681,1156.9880955312617,1124.6184909080034,1150.058837890625,3368037
2026-06-19,1098.7822889851088,1124.5195317901655,1080.370285607286,1120.262939453125,10014063
2026-06-22,1124.519489786046,1137.0910941981099,1115.6104445324595,1119.0750732421875,2312385
2026-06-23,1110.2650463176826,1114.4226734702142,1094.3277776579753,1098.287353515625,3235632
2026-06-24,1086.5075036113628,1110.1659916215428,1082.1519463516245,1102.642822265625,3503015
2026-06-25,1121.5497933111187,1122.0447402631537,1086.4085597166397,1089.576171875,5877425
2026-06-29,1084.5277065108403,1097.0994312395699,1075.0247494674097,1091.259033203125,5186504
2026-06-30,1091.35807971494,1094.5256920198099,1057.8006506475288,1060.9683837890625,3794233
2026-07-01,1059.1864801751997,1065.6207905687872,1019.5907239069678,1023.7482299804688,3819777
2026-07-02,1038.3987015097157,1071.956128900288,1037.408807609325,1067.20458984375,3726609
2026-07-03,1115.7093743357589,1147.2870134549564,1103.8306477080976,1127.4891357421875,12768463
2026-07-06,1133.4285739039879,1136.2992905292433,1114.6205888348386,1122.7376708984375,2747815
2026-07-07,1123.529612762691,1163.1253700406712,1122.5397188307415,1156.39404296875,5179529
2026-07-08,1153.2264273281507,1164.6102075120768,1130.1618504469234,1134.0224609375,3091794
2026-07-09,1132.5375461008239,1150.1577052219316,1109.6710220003508,1138.77392578125,2033525
2026-07-10,1161.1455289767832,1179.4585658788042,1141.8425981881667,1152.33544921875,3979475
2026-07-13,1150.2567271120654,1224.4987706003656,1150.2567271120654,1208.8583984375,9028077
2026-07-14,1187.8726953172163,1196.88070575604,1152.2365144577,1154.9091796875,9754723
2026-07-15,1145.3072123070285,1169.6585774419905,1132.9335388810666,1156.196044921875,3253196
2026-07-16,1163.521297781958,1191.8322387544756,1162.8282995597583,1175.4000244140625,5147444
2026-07-17,1197.800048828125,1223.5,1195.800048828125,1203.9000244140625,5037972
2026-07-20,1205.0,1224.699951171875,1200.0999755859375,1221.300048828125,3612829
2026-07-21,1219.0,1240.699951171875,1217.199951171875,1239.5,4642320
2026-07-22,1243.800048828125,1243.800048828125,1227.699951171875,1237.300048828125,2377718
2026-07-23,1236.0,1248.800048828125,1228.800048828125,1244.699951171875,1878476
2026-07-24,1237.0,1276.0,1236.5999755859375,1271.0,3674904
2026-07-27,1284.5999755859375,1303.0,1277.300048828125,1295.9000244140625,3847049
2026-07-28,1301.0,1342.0,1301.0,1318.5999755859375,5187064
2026-07-29,1344.0,1352.699951171875,1323.199951171875,1344.300048828125,3061520
2026-07-30,1349.0,1369.9000244140625,1345.5999755859375,1352.699951171875,3747919
2026-07-31,1317.699951171875,1356.5,1294.300048828125,1346.9000244140625,3369019
2026-08-03,1352.0,1377.0,1343.5,1377.0,2314332
2026-08-04,1375.699951171875,1375.9000244140625,1347.4000244140625,1369.9000244140625,3013543
2026-08-05,1370.0,1375.0,1337.0999755859375,1350.0,3215211
2026-08-06,1349.9000244140625,1363.199951171875,1332.5,1335.0,3821560
2026-08-07,1329.0,1369.0,1328.0,1356.5999755859375,1725616
2026-08-10,1356.5999755859375,1367.5,1351.5999755859375,1357.199951171875,1321698
2026-08-11,1360.0999755859375,1379.800048828125,1358.0,1365.4000244140625,1828636
2026-08-12,1370.0,1370.0,1340.4000244140625,1365.4000244140625,1418468
2026-08-13,1362.9000244140625,1372.9000244140625,1354.0,1370.0,778760
2026-08-14,1372.800048828125,1374.9000244140625,1346.5,1360.0,1033374
2026-08-17,1355.0999755859375,1362.800048828125,1325.0,1325.0,970745
2026-08-18,1318.0,1320.0,1292.5,1298.0,3056990
2026-08-19,1309.0,1324.800048828125,1301.4000244140625,1324.800048828125,1693632
2026-08-20,1339.699951171875,1345.300048828125,1318.4000244140625,1318.4000244140625,1510868
2026-08-21,1319.9000244140625,1321.699951171875,1302.5,1302.5,1484443
2026-08-24,1302.5,1325.800048828125,1301.0,1322.0,1091648
2026-08-25,1322.0,1322.9000244140625,1294.4000244140625,1315.800048828125,1314934
2026-08-26,1319.5,1323.0,1296.5999755859375,1298.5,834925
2026-08-27,1295.0,1304.699951171875,1280.0,1282.0,1936771
2026-08-28,1290.0,1334.199951171875,1290.0,1316.0999755859375,3459476
2026-08-31,1316.5999755859375,1322.5999755859375,1297.699951171875,1312.199951171875,3125051
2026-09-01,1316.0999755859375,1368.0,1313.0999755859375,1351.4000244140625,4031856
2026-09-02,1340.0999755859375,1349.300048828125,1317.4000244140625,1331.5,2739386
2026-09-03,1345.0,1345.0,1308.0,1319.0,1515496
2026-09-04,1324.9000244140625,1331.4000244140625,1291.199951171875,1293.4000244140625,2210569
2026-09-07,1271.699951171875,1286.800048828125,1263.0,1282.800048828125,2008363
2026-09-08,1281.4000244140625,1290.0,1268.199951171875,1277.0,2241262
2026-09-09,1248.800048828125,1264.800048828125,1222.699951171875,1229.800048828125,2099173
2026-09-10,1224.800048828125,1237.0,1196.9000244140625,1207.0,2197859
2026-09-11,1196.0,1223.4000244140625,1195.699951171875,1206.0999755859375,2272845
2026-09-15,1252.0,1290.0,1250.0,1253.699951171875,4443984
2026-09-16,1262.5,1284.5999755859375,1244.9000244140625,1253.0,3049093
2026-09-17,1242.199951171875,1258.300048828125,1235.300048828125,1258.300048828125,1386250
2026-09-18,1258.300048828125,1260.800048828125,1235.5999755859375,1249.300048828125,2886447
2026-09-21,1242.300048828125,1284.9000244140625,1237.300048828125,1281.0,2751906
2026-09-22,1280.0,1286.0999755859375,1240.300048828125,1270.4000244140625,2680986
2026-09-23,1270.0,1279.800048828125,1250.0,1256.699951171875,2724431
2026-09-24,1251.0,1263.300048828125,1242.800048828125,1243.5999755859375,822109
2026-09-25,1241.0,1266.5,1234.5999755859375,1258.0,1568243
2026-09-28,1252.0,1267.300048828125,1241.800048828125,1252.5999755859375,2272247
2026-09-29,1252.5999755859375,1261.0,1222.0,1222.0,5604932
2026-09-30,1229.0,1256.4000244140625,1224.800048828125,1230.0,4242658
