Date,open,high,low,close,volume
2021-01-01,670.8706194358238,672.2682665596484,661.8324899943431,663.9057006835938,8810938
2021-01-04,669.9389275157519,669.9389275157519,651.7695129308323,659.6895141601562,15740192
2021-01-05,661.1801988316666,666.5611626446863,656.4282216783945,664.67431640625,14386824
2021-01-06,668.54124305908,670.8706550558015,658.3384071393576,661.8092651367188,22134050
2021-01-07,667.3764967350231,667.4230735980611,658.0821661778708,659.805908203125,19894842
2021-01-08,667.1435772462953,671.8024011097472,662.9972126337416,666.9805297851562,13768764
2021-01-11,675.5294493534971,682.4711081726593,669.1468835112166,676.2049560546875,17331392
2021-01-12,676.6707772603617,693.0931296307018,675.1100828063389,689.9717407226562,20388156
2021-01-13,695.5158467856361,697.379376386846,681.1666461081561,685.1499633789062,16934650
2021-01-14,685.3829607694453,693.2330684840425,678.3248304521276,684.2648315429688,12297166
2021-01-15,684.4278271278918,685.615850004148,673.2000725854961,683.2864379882812,14165236
2021-01-18,684.8005097174363,700.1513111208578,683.4494394650668,690.9501342773438,42825632
2021-01-19,695.0033996358874,704.2511540690322,683.4494931587943,700.6172485351562,17360254
2021-01-20,699.2893765119701,699.2893765119701,692.301141570145,695.096435546875,13346052
2021-01-21,695.0964666654859,696.1912788146382,683.9851839846258,687.0833129882812,26333054
2021-01-22,683.8687607747444,683.8687607747444,670.9405246579323,672.5245361328125,15392364
2021-01-25,682.5642265090312,689.9717673229738,677.9287198278455,681.5159912109375,20344718
2021-01-27,683.9153048861119,685.7322574652719,655.1004922770827,656.707763671875,23556276
2021-01-28,647.5298896517861,652.8409598159711,625.2141137122674,638.934326171875,42704446
2021-01-29,648.205375817939,656.3117398258938,635.6964464897477,647.8093872070312,28704502
2021-02-01,657.0105839837964,690.6705837659835,652.7011722469766,687.9917602539062,26370544
2021-02-02,699.2894572101152,735.3953419095049,697.6122920046123,727.0327758789062,42420206
2021-02-03,735.6282530055202,736.8861126405844,718.3906055316733,733.6715698242188,20237254
2021-02-04,729.5718178288212,739.8212303398263,719.0661472568776,735.6748657226562,24484684
2021-02-05,721.1858866666988,753.9141221565797,721.1858866666988,744.2936401367188,27054716
2021-02-08,754.7294308956938,760.1569718191174,743.4084666840961,747.857666015625,17447580
2021-02-09,750.0706850622241,758.4565684977024,739.2156020892459,750.9325561523438,18421366
2021-02-10,749.3019453067199,752.3301809012268,730.0377194757463,736.9094848632812,19788006
2021-02-11,737.0258663141597,744.3868300786064,728.7331378641071,732.5300903320312,13648618
2021-02-12,733.2523053924318,741.9177064770458,732.8329998671228,737.0026245117188,9910106
2021-02-15,745.4584478925578,757.0589315094622,743.8744362925478,753.1455078125,10355244
2021-02-16,755.2885434515557,764.5130379556755,749.348542699615,757.82763671875,13897358
2021-02-17,754.7293101399996,755.5679210105361,737.4916654022342,739.1222534179688,12794426
2021-02-18,748.1838130338533,748.1838130338533,721.185950864325,724.1210327148438,14720560
2021-02-19,719.7882681632038,728.7331869999819,714.1976796726159,717.03955078125,17139508
2021-02-22,719.8115828343564,733.2522779153973,717.2025960503815,721.1859130859375,29451838
2021-02-23,723.8647479080247,725.7049605608184,709.375817264446,712.404052734375,18239906
2021-02-24,711.1695314443621,751.9109273171002,706.3942365231012,748.4168090820312,14314332
2021-02-25,749.9541271452258,762.3000096545275,746.3435388642035,748.3934326171875,20109570
2021-02-26,739.3786325217429,740.2405035257096,708.6070794654332,714.8499145507812,27912846
2021-03-01,728.640026799245,732.6233438115595,717.7849448283059,726.2640380859375,13536018
2021-03-02,734.090858645135,739.5882935913318,722.5835863686019,730.5967407226562,16110038
2021-03-03,737.9576470588236,743.5482352941176,729.1058823529412,739.285400390625,11222410
2021-03-04,721.442226511474,731.9012638353034,717.0396036284102,723.0728149414062,16291438
2021-03-05,713.26593121298,720.0678026577812,708.653684228834,712.800048828125,17445822
2021-03-08,718.3906794677011,724.4471508250812,704.6471483105694,707.9083251953125,15117050
2021-03-09,719.7882210937499,729.4319628612136,716.6435152734375,727.941162109375,15066696
2021-03-10,732.3670974233689,733.7647445558563,723.1193436041591,724.7965087890625,11055016
2021-03-12,745.4117937253521,745.4117937253521,715.1527564719762,723.026123046875,15631204
2021-03-15,721.372319983862,721.372319983862,705.9516239083291,712.171142578125,12230386
2021-03-16,713.2193028746565,717.6451852113574,703.4823503598336,704.4840087890625,13722366
2021-03-17,710.1212391245092,716.9930044366868,694.2579208590815,696.6572265625,21064428
2021-03-18,704.2977363182185,709.096347909828,690.041745885562,694.6306762695312,18065540
2021-03-19,691.8353446743922,704.0414404652653,686.7339552850576,697.6588745117188,21235020
2021-03-22,696.4475821404212,696.4475821404212,680.3746400095504,684.4511108398438,14015632
2021-03-23,684.8471279199046,702.2944010496999,684.4278223858715,698.8934936523438,19761428
2021-03-24,694.5840649453481,701.8285019700834,685.3129940326869,688.9468994140625,16368900
2021-03-25,694.257892802887,696.7504090066333,675.645914661059,681.7489624023438,23964356
2021-03-26,696.0282453651673,698.3576571635782,686.7105981715239,694.7703857421875,12021258
2021-03-30,701.9216988192317,727.9645352211458,699.5457100566057,723.8414306640625,25607644
2021-03-31,721.1859305763878,721.1859305763878,693.2329875307913,695.865234375,30774506
2021-04-01,698.5440583003154,698.5440583003154,682.5176929084517,692.650634765625,35763762
2021-04-05,689.5059764854647,691.8353885681857,666.6777380747972,675.3431396484375,16006586
2021-04-06,680.1882370410952,681.4228366536412,667.4463660295091,670.987060546875,15075734
2021-04-07,670.5445501820166,678.6508583140842,662.2751377162687,674.2249755859375,25088180
2021-04-08,676.9270358129135,680.6075176501199,666.444683228061,667.5162353515625,17613592
2021-04-09,664.3484087199973,667.5164322951608,659.2702783732291,662.368408203125,28157816
2021-04-12,648.9741463293542,651.7694405705431,630.3388513880949,636.884521484375,22549128
2021-04-13,637.3271525402541,655.2403088967475,634.0659755901213,652.3984375,18600682
2021-04-15,654.564665812348,669.3331127483524,648.0423132704456,666.25830078125,34444984
2021-04-16,668.5177880590513,673.1999279531825,663.1834584369242,665.582763671875,15606526
2021-04-19,647.5765517142435,660.4814717592332,639.3304557823059,658.0123291015625,24069242
2021-04-20,663.8823964768933,664.5346431878645,644.7579018863605,648.228759765625,23186270
2021-04-22,642.9176512384666,664.72096824602,638.7480269006979,662.7176513671875,38485312
2021-04-23,656.4282700647758,668.3548475577336,652.3284823935682,658.8275756835938,22713528
2021-04-26,658.2918315864222,665.7459499907978,653.5165369836191,654.4716186523438,30170952
2021-04-27,655.6129755923002,671.8023882068552,654.4715865158399,670.2649536132812,20592906
2021-04-28,669.1235830445929,689.04005522921,666.6777004956049,688.01513671875,24103940
2021-04-29,692.3944070156037,700.524089098675,680.6541931670469,686.0118408203125,24078552
2021-04-30,673.1999666452368,677.2997538961505,655.7293792755509,657.9656372070312,35232902
2021-05-03,648.9741913343149,662.4382042371565,641.6598603108004,658.9673461914062,22473700
2021-05-04,656.8709104577824,662.9506989269577,644.4551891751934,646.807861328125,21486328
2021-05-05,652.7011938278339,656.7077707955938,643.7096414287955,653.4465942382812,14421612
2021-05-06,655.7759910790016,657.266848736233,649.9058847840652,652.6546020507812,11477044
2021-05-07,658.2684446846265,663.8590328931218,657.0105850858768,659.1070556640625,12048334
2021-05-10,664.8142250325433,666.2118723171247,658.1987173003569,661.483154296875,11060050
2021-05-11,650.3718472671749,663.5097085397368,649.9292817238612,653.8892822265625,14519034
2021-05-12,652.1187899181697,656.2418371551098,647.0406611587648,652.0023193359375,13774926
2021-05-14,649.6030654980458,651.7228530109861,644.0124771074226,646.1089477539062,10604142
2021-05-17,649.9757777493439,672.0818727050178,643.5233185186172,670.987060546875,15120692
2021-05-18,679.6990933972745,690.7871170805363,677.8588806961257,687.968505859375,22165280
2021-05-19,684.9401974873838,688.9700911258076,676.7174196350752,679.349609375,10130916
2021-05-20,679.4194949423423,682.9369293356426,665.5129185538519,667.5162353515625,10684184
2021-05-21,672.2682979911269,699.7087825125944,672.2682979911269,697.5657348632812,19341646
2021-05-24,700.3376563521917,708.3508101809515,698.1247151463558,703.4590454101562,22146102
2021-05-25,703.7153354802148,705.2294532162696,685.0800402672332,689.0167236328125,19236974
2021-05-26,689.5058609119972,692.7670372811755,684.8470375274567,688.1315307617188,12283990
2021-05-27,686.2913399610924,693.6988813645199,681.3296811145242,690.7405395507812,20439496
2021-05-28,694.5841178992605,704.8801081042284,688.923635068822,700.430908203125,17750020
2021-05-31,698.8235396437208,707.9082456590891,693.0000101466898,706.207763671875,15661054
2021-06-01,708.2809868888664,711.4023760066137,702.2011992377004,704.2743530273438,11030162
2021-06-02,703.4824282057742,703.575581938167,695.5624273584244,700.6871337890625,10624016
2021-06-03,702.5506144418275,710.4472978705807,693.1164964428573,708.3974609375,10287260
2021-06-04,706.2777272726534,708.4440918339504,698.450880106164,699.2661743164062,9424476
2021-06-07,703.4823795446339,705.3459090268713,696.9600263568028,698.753662109375,8091668
2021-06-08,697.2162303626714,699.4291714512879,690.2046784811048,690.9268188476562,9872540
2021-06-09,691.3228560658164,699.7553155380998,685.8021613885485,689.6456909179688,10223442
2021-06-10,690.4843206395184,693.698920699178,686.5476369538969,689.9951782226562,11483540
2021-06-11,694.6306589694518,697.2163290397356,689.9951518338157,692.4642944335938,7205974
2021-06-14,688.6905977060071,692.3011859909532,681.3762674124074,689.2496337890625,8881964
2021-06-15,692.3011889292118,696.9600125424635,687.083329230532,694.2811889648438,7569602
2021-06-16,693.2330594959991,696.028354090741,688.6208120405921,691.6490478515625,7702098
2021-06-17,682.9836355338933,688.9236364568519,680.1883409819129,683.0302124023438,9283802
2021-06-18,684.6141694154071,694.1647583728865,677.8588747869461,689.4127807617188,11938060
2021-06-21,680.8171502942656,695.0033017551335,679.722338162738,693.5590209960938,7260472
2021-06-22,697.4259308909948,702.5506371300067,689.5059303397944,691.2763061523438,14366824
2021-06-23,694.1648303391114,697.798736091737,688.8537591892796,692.068359375,7844868
2021-06-24,694.1647627074689,705.089682030104,693.2329979253112,701.7353515625,14785024
2021-06-25,703.9948688755924,709.0729983058726,702.0847624487187,705.8583984375,10383176
2021-06-28,708.1412252416824,709.5388723967646,701.152989466271,702.7136840820312,9356786
2021-06-29,705.1233878844295,705.6848435152247,698.1751031497531,702.8073120117188,10971692
2021-06-30,700.912256962608,706.0591426946432,699.087440597942,700.865478515625,9679022
2021-07-01,702.783893139398,702.783893139398,693.8938172608038,695.6484375,16911442
2021-07-02,694.8295686879264,696.8181381606023,691.0863790923012,692.67724609375,14827036
2021-07-05,697.1457340681139,703.9536838673887,694.6191264593356,699.7191772460938,7373882
2021-07-06,700.4444675110971,720.5641148744752,699.9765687352045,718.084228515625,17669032
2021-07-07,717.7565743525952,723.0672129416096,714.8087898251317,720.3300170898438,9629190
2021-07-08,713.5455269010719,719.4878176227463,708.1412739982538,711.4165649414062,8420922
2021-07-09,707.720290297635,709.3345181684837,700.6783911327865,702.783935546875,10695842
2021-07-12,702.7839231510329,702.7839231510329,694.361745643231,695.7654418945312,14458978
2021-07-13,700.0232664310304,704.7022536501623,694.408481768072,702.7136840820312,18178142
2021-07-14,700.6783341056623,705.2871250803108,697.683770870483,701.4503784179688,9788494
2021-07-15,704.187582188956,714.3643794730821,701.6843354297325,711.5335693359375,10438802
2021-07-16,714.9258244288939,715.8616218663434,710.6445968457965,712.3056030273438,5170628
2021-07-19,695.765432641751,696.6310338952321,685.93955901332,688.279052734375,25111600
2021-07-20,674.7099519255372,680.3247365462768,671.9727558462353,675.248046875,24174250
2021-07-22,681.3073719096726,687.109327947589,676.1137071053906,677.8449096679688,13207114
2021-07-23,679.1549042863835,681.938878463885,671.5749688488506,675.060791015625,13126684
2021-07-26,669.0952199460952,675.6458025189941,668.2062008878924,671.2241821289062,13167166
2021-07-27,671.9492629376794,678.4062873762315,671.9492629376794,673.6571044921875,22401430
2021-07-28,671.4580955262957,673.1658801980516,656.9298171089981,663.1528930664062,20670342
2021-07-29,668.2763996793336,669.0718047196076,661.2813361088645,663.597412109375,13702230
2021-07-30,663.9482595406024,669.9139680037051,658.7779560259637,667.43408203125,11655488
2021-08-02,671.4347272850675,671.4347272850675,662.6616254477191,665.6561889648438,13258786
2021-08-03,659.7371752995092,673.7273580288141,659.7371752995092,671.2942504882812,12033120
2021-08-04,674.2420380634766,689.9166447776518,673.7741393555907,685.6119995117188,22053948
2021-08-05,686.4541971765548,705.1467852148428,681.915602462393,694.7593994140625,18822408
2021-08-06,694.151190555678,701.848101893155,689.6827347936737,698.4090576171875,13339270
2021-08-09,698.1048457262282,705.2870791969536,690.6184666835877,703.6728515625,10998048
2021-08-10,696.7011680096034,711.089053111212,696.7011680096034,705.427490234375,14838346
2021-08-11,708.8197821888172,710.6679592857763,697.660409142684,699.4851684570312,12585786
2021-08-12,700.4444079659049,705.4041231454273,696.8416105444284,702.503173828125,8597674
2021-08-13,702.4095868115091,716.3529925303717,702.3160299073076,714.1070556640625,16658428
2021-08-16,714.0836450209575,718.2245372816506,711.8844867606579,716.165771484375,6252778
2021-08-17,709.8959273107525,713.0776615079304,704.3279781405072,708.7028198242188,8282666
2021-08-18,728.377938007942,732.4252734894459,705.7550455915143,707.9307861328125,22985932
2021-08-20,695.3209624684945,711.1125453306043,695.3209624684945,708.7496337890625,13150406
2021-08-23,715.8148055456828,717.3588940823976,705.8953760801488,713.3583374023438,10843054
2021-08-24,715.8850444307441,732.0275503345746,714.6918798434089,729.3839111328125,18381314
2021-08-25,726.2256192151633,732.1679674526881,724.3072458142872,728.7055053710938,7727974
2021-08-26,725.2430159343049,735.0688890534149,722.1782564719654,727.4889526367188,11119002
2021-08-27,726.1788245585184,729.2903625174678,723.0205081501615,724.5177612304688,6382138
2021-08-30,727.8632353130765,734.6009882849862,725.9916404384651,733.7821655273438,9049166
2021-08-31,731.5596599538288,740.8474382651433,730.9513687618706,739.93505859375,12062576
2021-09-01,736.9405741904347,747.7022460675014,736.7066248018028,738.8589477539062,12422558
2021-09-02,736.5193863022039,744.8947850702093,735.1858863326421,743.4910888671875,9618524
2021-09-03,742.1341717446589,747.7021781113503,733.8056085362491,737.4318237304688,10735334
2021-09-06,739.256669073536,739.7245678626878,730.8344908688063,732.589111328125,7876896
2021-09-07,731.0917446980607,740.2157696718924,727.6760612202143,734.2500610351562,7245496
2021-09-08,735.5133365404894,739.5138932608036,732.5421912271912,737.5955200195312,6724080
2021-09-09,736.4725873700415,739.0226125546611,730.3899039927794,733.9459228515625,8250948
2021-09-13,730.8578287988149,741.1516010354179,726.950885759595,727.8399047851562,8959164
2021-09-14,729.9220541014536,732.0275984882848,723.6521993929138,724.5646362304688,9758506
2021-09-15,718.2246212056044,727.4890398176126,718.2246212056044,723.745849609375,14822998
2021-09-16,719.5112312007644,731.9339646234694,718.8328009274061,729.8985595703125,10260550
2021-09-17,734.133070294954,743.4910444223593,729.5476401259087,740.2859497070312,20498102
2021-09-20,731.7935977510607,740.0753822447209,728.9862054323227,729.851806640625,8781610
2021-09-21,730.8578619198661,733.9694000920663,715.3937850806404,726.1554565429688,14774996
2021-09-22,724.7751455141527,725.3132404864232,715.8850694878332,717.6162719726562,10582202
2021-09-23,721.4998486172622,735.5368106526174,721.4998486172622,734.6010131835938,13664304
2021-09-24,738.812081199107,752.3577263390091,736.940486313232,749.3632202148438,20806702
2021-09-27,755.9839427357285,765.248360283423,752.3811454208159,760.3822021484375,16415462
2021-09-28,763.6107312729913,763.6107312729913,740.215794653108,755.6798706054688,12773790
2021-09-29,747.2342072368468,751.7260232333723,741.689619188798,745.7603149414062,16263036
2021-09-30,742.0874145002653,751.6091426009663,740.7304967074409,746.2750854492188,15975348
2021-10-01,740.6837274337282,743.4911199571662,732.3785245518908,740.5433349609375,11128596
2021-10-04,743.4910687947713,749.2696065845623,740.9644042742369,741.9703979492188,7051028
2021-10-05,744.8948053722721,747.4682484812844,737.5254001055553,746.509033203125,10257178
2021-10-06,746.7663826422353,761.2010472242603,742.5552940183129,755.6096801757812,18600830
2021-10-07,761.084061436561,761.5987386153337,751.9132577682348,753.5509033203125,11265724
2021-10-08,754.2526487158987,758.9316353704638,748.7080609535462,749.8778076171875,7245562
2021-10-11,748.5911640642425,769.6933846455007,748.170043798271,764.4529418945312,13080848
2021-10-12,760.3354092752614,768.079155828651,760.3354092752614,762.4877319335938,8176946
2021-10-13,765.9502127890877,771.0970987638464,762.6749217142412,767.0731811523438,6225644
2021-10-14,766.4180801076105,790.7488128094394,766.4180801076105,789.5322875976562,14757288
2021-10-18,797.7673749395057,807.1253500121098,780.0106400858581,781.5313110351562,28856456
2021-10-19,783.9409057808846,791.8951842055869,781.8587792751537,790.1405639648438,8987540
2021-10-20,790.327716219395,794.8429502889365,778.7940013526002,783.1922607421875,10908568
2021-10-21,782.2331397429754,786.9822662811649,777.109614248012,784.3386840820312,9738190
2021-10-22,786.1166307748242,799.1710165314034,781.7417891509615,786.4207763671875,12175554
2021-10-25,790.748761763541,790.748761763541,755.0949055294567,775.30810546875,16426766
2021-10-26,772.0329195806469,783.1922930858217,770.3250777594776,773.3196411132812,12090656
2021-10-27,773.3196320532794,779.0748093238908,766.090619464881,768.6640625,13249642
2021-10-28,772.0328702050767,772.0328702050767,742.6254477542099,745.6433715820312,17797750
2021-10-29,743.9590128781347,749.5737978809885,729.9220503710001,740.613525390625,12406874
2021-11-01,741.6194314974399,753.7847975661676,740.9410012363768,751.1177978515625,8122320
2021-11-02,751.4454016168362,758.931781707664,748.6614268671785,751.7963256835938,13237722
2021-11-03,751.0242516160887,753.2701884011461,737.197878202498,739.9584350585938,10207338
2021-11-04,746.298445400309,747.6319453057723,744.005730288937,745.80712890625,1096808
2021-11-08,744.9415577689133,750.8370703527786,734.8115388253409,748.7549438476562,18943580
2021-11-09,746.1112723146045,746.1112723146045,734.1564945316613,735.6537475585938,12695476
2021-11-10,733.6651098597492,734.1330085267516,725.2429338537062,727.6994018554688,13714126
2021-11-11,725.2664546194623,727.5357520533504,718.5052836512886,724.4476318359375,7999404
2021-11-12,725.2429104895263,729.4774161360951,722.926835009093,726.6466064453125,14914092
2021-11-15,730.9045511883169,735.4665635341739,727.3017540284615,728.63525390625,9533594
2021-11-16,727.582542163149,728.6118965466009,721.3126876112315,724.3072509765625,8245406
2021-11-17,719.1135702464771,722.4356398093381,715.1832094874179,716.2593994140625,7598878
2021-11-18,714.0368279908718,722.2016373907531,713.6624861873963,720.2832641601562,9152874
2021-11-22,723.3714420794946,726.5063407477103,701.4036193856,709.0303344726562,15261272
2021-11-23,702.7838511021728,714.8556604723817,700.1402120099383,709.1239013671875,11235214
2021-11-24,713.0776758128465,718.8562137965511,708.422106222235,710.293701171875,30802286
2021-11-25,708.7730260715878,717.4291526623336,705.1233930948175,713.9900512695312,10251652
2021-11-26,701.8480801025066,704.9829786803473,694.8295993014816,697.122314453125,18624936
2021-11-29,699.4150593721698,705.4275467576333,684.0679578541319,702.4329833984375,12990996
2021-11-30,699.5085694410911,715.4171255354036,695.5548481995625,698.8301391601562,25221542
2021-12-01,699.508569747121,705.1467720355122,696.7479559415331,704.0238037109375,8677634
2021-12-02,703.9536965882878,715.3236594994439,701.8481521318921,713.8965454101562,11203110
2021-12-03,713.9199310376165,718.6690576265519,705.1468295311404,708.1881713867188,8124694
2021-12-06,707.9308053003743,710.6446408837688,700.6081784752469,703.6261596679688,7029532
2021-12-07,708.3751764067534,716.8207703399455,706.4802210422916,713.8729858398438,12427534
2021-12-08,718.6924370302457,727.6059305314374,717.7566395861959,727.0210571289062,15295534
2021-12-09,722.9970627041388,727.4421004421224,712.1418354958904,714.4111328125,11747744
2021-12-10,713.4987204148438,714.9491949236455,705.8017527309845,712.399169921875,7779384
2021-12-13,714.0134703454731,719.464502037147,705.2169512717943,707.065185546875,10322142
2021-12-14,703.0179246218131,709.3345582207446,700.4678990896057,702.9945068359375,9191100
2021-12-15,703.2517796630859,712.7735072392076,699.8127354772637,701.8480834960938,10115148
2021-12-16,707.8371842532578,709.8023359689812,699.0406657466433,701.8948364257812,13210432
2021-12-17,700.4443715150442,704.6554599209462,686.7349164136573,689.2382202148438,14994768
2021-12-20,679.3889341698829,682.1963264598411,661.6555614483385,667.059814453125,21156668
2021-12-21,673.5402041456153,678.8040647198691,669.0951663273568,674.6163940429688,9118750
2021-12-22,679.5293409953787,681.2605434308314,671.7621764690725,676.2072143554688,8577484
2021-12-23,679.9737894341596,682.1027513772324,672.3002392895576,675.6925048828125,9779166
2021-12-24,676.347641805039,679.3889836741034,668.1594136960191,673.259521484375,5561024
2021-12-27,668.580460708177,680.3247065996217,665.4221444980343,678.8274536132812,4705098
2021-12-28,683.4596341615539,686.3606404814903,680.0440077919508,683.5064697265625,5450678
2021-12-29,681.2839280160719,683.6000037447715,677.2365928197368,680.2545166015625,7668702
2021-12-30,682.4303491144119,686.3372923809242,676.1137157835619,683.8340454101562,7215918
2021-12-31,683.8339524038007,694.7360149979426,683.8339524038007,692.2093505859375,6325736
2022-01-03,694.8297146680293,712.6098689827667,692.7241700781261,711.0424194335938,9069184
2022-01-04,711.2060471421149,717.2419519918268,705.4977056629859,715.2066040039062,8857352
2022-01-05,719.0668195884875,735.5368326901471,714.9960662063432,732.1913452148438,14332638
2022-01-06,721.967753419475,727.4655635961949,715.9084876032401,720.4470825195312,9628930
2022-01-07,722.4356675971685,733.0803641242641,718.6456991580834,725.5004272460938,11179384
2022-01-10,728.986258037447,735.5368405872058,723.1375236180195,729.5243530273438,8856496
2022-01-11,730.6473300440902,733.9927604780729,724.2137221071267,732.6826782226562,8389198
2022-01-12,733.6652537465073,737.7125894331506,726.1788736062368,728.3546142578125,21085530
2022-01-13,727.5824216273443,727.5824216273443,711.3931392961138,714.9491577148438,41963896
2022-01-14,715.885077496062,724.6347611521733,710.7381913179858,722.9737548828125,11208968
2022-01-17,715.8850984200419,728.0504661056112,710.8084083284119,711.907958984375,22989372
2022-01-18,717.2887388550224,725.664137379117,712.6097516478794,715.5341186523438,12341152
2022-01-19,717.7566217187649,720.4470393034343,708.0945019261654,710.4807739257812,14317626
2022-01-20,715.1598118180823,715.183229601881,701.8948938601593,706.0592041015625,15197846
2022-01-21,701.8481105455162,715.791515854972,695.1103572609701,711.9547119140625,11537694
2022-01-24,706.503691119895,711.7909698146024,686.664829914109,695.6016845703125,11868508
2022-01-25,682.500420232304,699.5085258077329,675.6456931547601,696.2566528320312,13594248
2022-01-27,678.4531469966787,694.8296022690124,671.4346661656787,690.127197265625,28617838
2022-01-28,691.3203274537698,695.6249726359689,683.1321002250448,684.6527709960938,24925208
2022-01-31,689.0979599295168,697.8944802445983,686.3139849071306,695.1572265625,12842546
2022-02-01,705.8252323535418,709.8023715481092,689.4253590634428,700.4443969726562,14739484
2022-02-02,707.439482390718,718.2245712750496,704.4683367927917,716.446533203125,13969290
2022-02-03,715.3001889256323,720.5406318948554,706.0591889378767,709.0303344726562,10564762
2022-02-04,715.1364024737923,717.2185288944974,708.4454280490403,713.07763671875,11579958
2022-02-07,707.5096837189468,710.7381964956596,683.1321704303245,686.945556640625,12268042
2022-02-08,690.8056910143061,691.7648491334083,675.9031280031979,683.9977416992188,13981130
2022-02-09,689.6827595813908,701.7077346460622,686.4074683215063,700.7251586914062,11308342
2022-02-10,708.3986816790235,718.4585044373451,702.6201437504593,713.5923461914062,14314530
2022-02-11,701.9651241551181,713.5456186212665,701.6142000803864,710.6680297851562,10711104
2022-02-14,697.1691307967247,701.5907510950923,687.4836496114692,689.5423583984375,14656620
2022-02-15,690.618448170948,713.4987049300004,689.2381699185764,710.1766357421875,13135066
2022-02-16,717.9203728269758,718.1075437339092,705.1233545574205,709.2174682617188,10032264
2022-02-17,707.9774630468597,712.1417726148927,702.7837992559586,704.8893432617188,7351208
2022-02-18,701.0525839865,709.8022660676812,697.3795338182344,707.6265258789062,7796128
2022-02-21,703.7196436005554,716.2125160226459,699.7659224389105,712.1885986328125,7468066
2022-02-22,697.07557613859,712.1886713970088,696.2099177633888,706.8546142578125,9536196
2022-02-23,713.592352667638,713.873080486644,699.8127577039627,702.2692260742188,9029562
2022-02-24,678.4063475939694,690.1271759497945,658.4036778434378,664.1354370117188,23630766
2022-02-25,673.7506759327907,685.8926808498369,670.4286067551512,681.3072509765625,18318654
2022-02-28,667.2235404627246,673.0956919438478,661.6321738924195,667.3405151367188,24880832
2022-03-02,648.7415860755369,654.3095923595013,633.7220483369093,643.0098266601562,38505560
2022-03-03,646.1681843541296,651.315070688594,637.6992282634567,641.4891967773438,17527922
2022-03-04,636.3422642528815,648.5076310694807,625.5338151583654,639.3836059570312,21219364
2022-03-07,616.9244686053191,623.4048545200336,606.8880638056838,619.8722534179688,27054458
2022-03-08,609.2976870802052,624.1768891432812,604.5251430083352,621.2759399414062,39212492
2022-03-09,622.3053420795318,643.2203935118266,617.0882595553301,641.5593872070312,23134694
2022-03-10,667.6914658500247,667.6914658500247,645.8172009386801,651.6425170898438,22273206
2022-03-11,649.4434424176493,659.2458980426811,642.284568944958,653.5609741210938,15150780
2022-03-14,662.0765933959925,678.4530462361761,662.0765933959925,674.9672241210938,25018126
2022-03-15,675.4118058493968,678.219198184067,660.5560214117672,666.2877807617188,18867928
2022-03-16,677.0494904640341,680.7926804596888,671.9961611232817,677.5875854492188,13364108
2022-03-17,688.7469421183597,697.075562498746,688.0685117950921,692.5135498046875,14823954
2022-03-21,695.765443516387,698.8769816373319,689.1213040913631,695.531494140625,12257876
2022-03-22,693.098353094048,700.9122383788925,681.8219489596073,699.11083984375,10461814
2022-03-23,705.123411414872,710.6446394736307,689.4955818487248,692.1392211914062,31188256
2022-03-24,685.9394607752508,687.6473023703385,671.2240702239247,675.0140380859375,20160044
2022-03-25,678.9210493269327,679.3889480514861,663.948290141225,669.5162963867188,16366462
2022-03-28,669.5162544931684,672.8383238063171,655.8067998749772,670.4052734375,15754886
2022-03-29,674.2420809430911,683.2491316427125,669.0951948290217,679.29541015625,12377448
2022-03-30,688.7469124751822,693.7768236906089,680.3481533388308,691.06298828125,20109742
2022-03-31,688.2791212232486,694.6893118101823,685.8928488136298,687.9749755859375,14295714
2022-04-01,690.8056063288415,706.5269901837961,687.9514358712739,704.6553955078125,14568556
2022-04-04,739.2799561112737,805.7683508673401,731.1151465312183,775.214599609375,97450970
2022-04-05,779.8467649375319,779.8467649375319,749.573740943305,752.4981079101562,30922582
2022-04-06,742.8828666435577,743.8654997701474,724.0031623832192,725.6408081054688,27027860
2022-04-07,721.1723618948894,721.1957225623213,708.258310779131,709.6854248046875,40781732
2022-04-08,707.5096552211411,713.8964842819717,700.5847883163185,708.7028198242188,41256322
2022-04-11,704.6554214956503,706.5270162406587,698.6897132459362,700.046630859375,20799066
2022-04-12,694.3617247002636,705.0531994018879,692.5603259887371,698.8067626953125,27435402
2022-04-13,697.1690044138467,702.9241807868303,684.3719874675439,685.4481201171875,28892520
2022-04-18,663.8780399059723,669.8671659396864,650.4025920049239,652.92919921875,45620376
2022-04-19,646.1213247578577,650.1686599267982,620.9015734629207,628.0136108398438,74096022
2022-04-20,633.7454320872375,636.2955145164841,624.8085774843098,633.67529296875,49325736
2022-04-21,638.6817987018899,645.6067231021995,633.2074061310639,643.056640625,52446270
2022-04-22,636.3422741404268,643.524508237747,631.2655843325418,634.2835083007812,20659148
2022-04-25,631.663309565486,641.3254301314081,618.6791193133066,639.03271484375,20935488
2022-04-26,641.9571120000527,646.6126819117425,635.0088266936243,641.9805297851562,17016842
2022-04-27,636.3422646708045,645.2323404272349,634.5174482238076,642.2144165039062,18054334
2022-04-28,641.9570386552584,645.2323296688057,637.3248299413617,641.6528930664062,20773722
2022-04-29,645.8639695553754,657.2807094431166,641.7464951987836,647.8525390625,28401476
2022-05-02,637.3015513975251,658.0762113815073,637.3015513975251,656.7894897460938,19494316
2022-05-04,655.0582480641592,656.7426721358721,631.6633106332964,634.470703125,29055916
2022-05-05,643.3608312222118,643.3608312222118,630.0257158114241,633.0436401367188,17862912
2022-05-06,622.3052510154229,624.6447444402929,614.3509733708648,616.5032958984375,26731268
2022-05-09,608.2683134837084,620.6676291047224,606.1627693216494,617.5560913085938,32762434
2022-05-10,615.3103392190344,633.0670758160337,615.3103392190344,627.4757080078125,20113812
2022-05-11,633.0670056593522,634.0028031547836,621.6736825757839,631.0082397460938,17102924
2022-05-12,625.3280964613642,628.0261632360961,612.0272830721492,616.7843627929688,22382290
2022-05-13,620.0978123194584,623.8608344529532,609.187324689644,611.246337890625,16768238
2022-05-16,614.867343445593,621.0207502699137,608.382622442987,617.7546997070312,9804356
2022-05-17,621.3047820818717,623.3874853125446,614.4886886817793,621.9674682617188,16641444
2022-05-18,626.7245072423251,631.1028928608465,620.0740713797754,621.9201049804688,15732384
2022-05-19,608.8086141504247,613.6367067414336,605.0692821799639,609.2109985351562,20537506
2022-05-20,616.7607290100877,626.7954928932373,611.7196570057959,625.2571411132812,13919350
2022-05-23,621.9674599302327,629.5171940370686,614.9146971161438,617.2340698242188,19486320
2022-05-24,615.3406742424088,627.1741487470705,613.8733349599582,624.3104248046875,12870796
2022-05-25,629.5408230008094,632.3571667282956,626.3220949288518,628.9728393554688,12887112
2022-05-26,635.2919163568214,648.9477342187919,634.2742260052379,646.912353515625,26992428
2022-05-27,649.326445570491,660.1658621498103,648.8294165218157,658.9115600585938,24031718
2022-05-30,667.5262901343535,672.3780146327596,661.9408671117387,663.4082641601562,12624674
2022-05-31,660.7339547503448,664.9466836174759,653.2078527172565,657.4442138671875,13485388
2022-06-01,653.2078050088518,662.887564224445,652.8054784242131,660.2368774414062,12091896
2022-06-02,656.6395776905593,656.9945819675592,652.5451834730333,655.6218872070312,11475020
2022-06-03,661.8698937980286,663.0295511428869,651.4564366321221,653.3497924804688,6957244
2022-06-06,651.4564275288357,656.521131240136,644.0486613195667,652.4740600585938,6173266
2022-06-07,644.6876878569063,650.5097803969437,640.9482983756177,644.9716796875,10253966
2022-06-08,650.0364861317101,653.6811733997421,642.3210371494931,647.2437744140625,5986588
2022-06-09,644.8059552230447,654.1780891177646,642.391938244293,652.1190185546875,7311816
2022-06-10,643.7883099305161,647.5040092218784,635.9782170663667,639.5282592773438,9155430
2022-06-13,626.511501525943,629.5408827433928,619.2694493477306,627.9315185546875,10892572
2022-06-14,620.6657477122982,627.6474977818931,617.707379038741,621.020751953125,11870356
2022-06-15,616.1217338404382,622.819492387173,614.5833820581435,618.8670654296875,11810470
2022-06-16,620.0740634178733,625.0678127660508,604.9272160672077,606.4892578125,12169192
2022-06-17,603.5072026453316,614.8673382245379,601.8978385488166,610.4889526367188,14723922
2022-06-20,617.5653947653956,627.1741999600592,612.5717027850421,625.8251953125,15936840
2022-06-21,632.8068924380476,640.9009774209887,626.7244981154012,632.6412353515625,13220684
2022-06-22,630.6058576498191,632.8305277490141,626.3221167580701,629.6591796875,8159698
2022-06-23,629.7775387566263,638.0609712468488,624.097470763331,631.9785766601562,15372244
2022-06-24,633.5879159905552,644.5220348931247,633.5879159905552,640.8063354492188,8013432
2022-06-27,648.4744145125288,651.3144484447005,639.9543127160139,641.9660034179688,9804164
2022-06-28,636.1675999329924,639.48097284931,633.5169131560658,637.0669555664062,9770574
2022-06-29,630.1324782999224,639.362587841217,630.1324782999224,636.1438598632812,9994046
2022-06-30,632.3809061022116,640.9010081305348,632.3809061022116,638.0609741210938,12475822
2022-07-01,636.1439086225995,643.7410224780701,629.5645429261943,640.7826538085938,11472452
2022-07-04,640.7590220937827,643.8357257901995,635.3393133100445,641.6820678710938,8487480
2022-07-05,645.6343570808499,652.9000987367396,638.202958341074,640.23828125,14325718
2022-07-06,638.0609093693026,650.0837303452961,637.6348927549916,649.0660400390625,15049078
2022-07-07,653.2078053283803,661.7279071370114,650.5807508251304,660.6865844726562,17743142
2022-07-08,667.4079643038475,667.4079643038475,660.1895448317669,661.3018798828125,12474030
2022-07-11,659.8346125475413,667.3607147345925,659.4796082724978,665.585693359375,7462880
2022-07-12,665.1595990343833,665.1595990343833,657.6571877869562,658.793212890625,9876974
2022-07-13,657.9411875229638,659.9291881427924,641.0193188510601,642.7233276367188,15945610
2022-07-14,644.6877388120965,649.7288108809627,638.6526663672696,639.5046997070312,10372410
2022-07-15,640.4276239716492,646.0603692493304,637.4929454810771,644.7113647460938,13595646
2022-07-18,638.0609408531288,646.6283647787831,635.2445970528642,637.8479614257812,20332220
2022-07-19,632.8542367511087,643.0547152126437,632.8542367511087,638.0846557617188,15792538
2022-07-20,643.6937013470418,648.9950749004665,641.492663496681,646.1314086914062,20347862
2022-07-21,644.0013636183196,648.2377243196178,642.8416484646634,644.0960083007812,12640278
2022-07-22,646.581029089991,661.2545370708034,644.8770203644754,659.12451171875,12729592
2022-07-25,660.3078547606243,664.8518972587639,654.7698119942409,661.065185546875,10143126
2022-07-26,660.7811992012332,663.6212330086884,656.1898343247683,659.7161865234375,8527964
2022-07-27,657.4205694862873,665.5146550866178,655.2195315104202,664.75732421875,9212778
2022-07-28,669.7983540849104,674.0347148899765,667.8813080826944,670.6503295898438,17420406
2022-07-29,680.6615043400415,680.9454961932345,669.9167317996424,678.86279296875,20019736
2022-08-01,681.1347798374608,685.6078100048894,676.8984191557296,684.5191650390625,13193036
2022-08-02,682.5548362631915,683.7855061039321,673.5850853482716,676.9931030273438,15036510
2022-08-03,674.4843417078575,679.5964256924633,670.7213200112976,678.5787353515625,10975498
2022-08-04,681.6081431357295,684.7794912450086,668.8043003902649,677.7741088867188,12012206
2022-08-05,678.2947372860145,680.164403086726,672.6856821032446,675.4783935546875,9268982
2022-08-08,675.9280724889151,693.2049454902074,675.5020558450844,692.0452880859375,15357736
2022-08-10,691.7138832613585,696.5182853005304,685.8918486744243,694.0569458007812,17353102
2022-08-11,703.6185014831334,705.7485272192075,697.962122918484,703.2398071289062,18301766
2022-08-12,702.9084187458374,704.9437995689399,698.6246776607533,702.9794311523438,8850370
2022-08-16,707.5472147556159,714.0319364423374,704.3521762597685,711.0262451171875,12563756
2022-08-17,710.0084517055847,716.0435235450822,703.2633714143817,714.6945190429688,12384350
2022-08-18,710.0084658675503,716.5878892073837,709.8428087816419,715.5465087890625,8342138
2022-08-19,714.7418839044774,715.6885618964038,705.2751039852128,706.7188110351562,8063702
2022-08-22,702.8138439940487,704.4941629518266,694.7197000209609,695.9740600585938,8234066
2022-08-23,687.9036356580337,698.6247184668651,686.5309409144127,693.8203735351562,14966884
2022-08-24,691.9742490093071,698.4116474192263,690.6961991270781,697.1572875976562,13455520
2022-08-25,700.4943803550603,703.7604309305221,689.6549059666497,693.37060546875,11823040
2022-08-26,696.778693332773,701.3937485514476,691.642918993121,693.4889526367188,7706176
2022-08-29,680.1881325761254,684.4481835108402,676.2120734809305,681.3241577148438,8653178
2022-08-30,684.6611742208433,705.251420744394,683.0755001251575,703.4290771484375,10135400
2022-09-01,693.3232687724303,705.014718429371,690.6015696459982,696.8259887695312,22403136
2022-09-02,696.8260769945268,705.5118367937589,693.5363360089872,703.1451416015625,12038086
2022-09-05,703.4290477623429,709.5351321703702,702.482369800808,707.6654663085938,12131932
2022-09-06,709.4878176550125,713.156194796427,703.5947126110668,704.9674072265625,12238696
2022-09-07,696.4237030597683,705.2751193650466,696.4237030597683,701.6304321289062,9776206
2022-09-08,705.3224549448381,710.0085227511238,701.5594328865137,708.8724975585938,11164690
2022-09-09,708.2098000210051,714.2685624302175,707.1921673792319,709.3458251953125,15128888
2022-09-12,710.0084575913257,711.9018134782359,705.2750678740501,706.9554443359375,11080492
2022-09-13,709.4878378356536,717.5346008263482,709.3221807419732,716.209228515625,13001966
2022-09-14,707.1921836653196,728.4214270878097,706.3874726655264,723.5697021484375,20219760
2022-09-15,724.2086553128241,729.3916941454547,715.6885534856144,719.8065795898438,13539372
2022-09-16,711.4758907092803,716.9666119495581,701.9617876785321,706.5768432617188,20560046
2022-09-19,704.8017372069685,716.6352116395905,700.5416864112245,711.2391357421875,12076038
2022-09-20,716.6352314664156,721.3686213704209,714.694553161901,719.8065795898438,10781668
2022-09-21,713.7951670816074,720.1852431794865,712.3751501709676,718.6942138671875,9072304
2022-09-22,710.955137435071,714.812861621089,701.8433622049612,703.3817138671875,12048144
2022-09-23,696.920622977358,698.1749828076821,680.1881018946707,684.5191650390625,15806252
2022-09-26,674.6736987181858,679.9277498021432,671.1946687964193,675.2890625,8923486
2022-09-27,678.0108084136324,681.6081733278456,665.9879860224158,669.2303466796875,12639700
2022-09-28,665.5146136488581,667.6919614261478,656.0005115959231,657.7282104492188,11816132
2022-09-29,660.9232428535685,663.7158966193714,652.6398106789119,654.3201293945312,14410388
2022-09-30,652.6398551450152,677.5611079896381,646.1077536442672,672.7803955078125,15781756
2022-10-03,667.3842557736752,671.1236451823496,663.1952174570123,668.922607421875,11541112
2022-10-04,676.638129699665,690.1282917818199,675.0524555373647,687.7615966796875,11538526
2022-10-06,691.051216767887,692.3055766138067,678.8627381029233,680.1881103515625,12549198
2022-10-07,676.9931194360024,679.2177896720063,672.3070516782196,677.2534790039062,13297994
2022-10-10,666.4613460689046,674.9814485044445,661.8226005195202,669.7747192382812,13109302
2022-10-11,663.1952792481815,670.7213811074919,662.4142583209682,662.9822998046875,14521620
2022-10-12,664.1892100752841,669.7036205529012,661.3965564168059,667.3132934570312,9225050
2022-10-13,663.6450131620727,665.6330139849169,655.1012205192,659.645263671875,14714234
2022-10-14,670.7213685736215,684.9215386916234,669.8930253167381,681.1348266601562,12849920
2022-10-17,679.2414685381723,689.9389184377674,675.4547565184473,684.7085571289062,18410500
2022-10-18,690.1519292027847,692.4476117206183,681.6081374235195,683.4304809570312,10561108
2022-10-19,692.968326325787,699.3110807594875,687.9509442623435,690.4359741210938,12967040
2022-10-20,683.5015092803935,687.7142378951055,682.7915007873737,685.7735595703125,7898078
2022-10-21,687.2882499642978,689.9626269558933,678.7681476920131,680.9454956054688,10492606
2022-10-24,688.3769222390107,692.4949483754677,688.3769222390107,691.5719604492188,2167794
2022-10-25,691.5956128933714,694.7670189147169,683.9748664222344,686.767578125,13773394
2022-10-27,693.2049677303476,694.5539723285599,686.9332259601686,688.4242553710938,15937276
2022-10-28,686.3415077571179,694.3882702618566,685.1108379889911,690.4595336914062,10474278
2022-10-31,696.7550817774064,709.06189708054,694.506721289334,708.446533203125,12830528
2022-11-01,711.6652179833346,723.7353630173054,709.487870043139,716.2802734375,19073756
2022-11-02,718.0552306509842,723.3802941610854,715.4991886100082,716.7298583984375,12720406
2022-11-03,708.9197790999174,719.5935963898347,708.5884649206265,713.5822143554688,10332352
2022-11-04,711.5231511022943,717.6292356675809,705.0857523541924,708.6594848632812,10818060
2022-11-07,714.7418728342593,715.6885508115232,706.2690933816195,714.1738891601562,9835834
2022-11-09,717.1322824659693,718.5049193556288,711.9018633497144,713.9608764648438,9269790
2022-11-10,708.6357980412447,722.7886455515248,707.6654877696277,721.7236328125,12774182
2022-11-11,731.3087317757319,774.8559183927981,727.9953588809551,762.6201171875,56722338
2022-11-14,763.0224794395369,770.5959035530808,756.3957333401862,764.4661865234375,19195390
2022-11-15,768.3001225786612,768.3001225786612,759.8273438800626,766.3357543945312,11030202
2022-11-16,766.170202291269,777.2226566503574,763.022486309608,772.915283203125,13578150
2022-11-17,765.9098426520217,772.2762870225876,763.9218419167568,765.9335327148438,12100930
2022-11-18,767.2825705697473,768.2292486333745,759.8274808186842,763.921875,10459232
2022-11-21,760.9634887596205,763.0225019450933,752.7036881737774,756.0880737304688,8344816
2022-11-22,757.3423417907524,759.4013547263689,753.0822911181793,754.9756469726562,8546314
2022-11-23,759.7090850341104,759.7090850341104,754.5023561024125,756.9400634765625,10185738
2022-11-24,760.1587437409996,772.4892478000642,756.9400732102165,769.2468872070312,17197960
2022-11-25,771.40060010171,772.3472781691015,764.0165227321851,765.6968994140625,8410496
2022-11-28,758.7151143331906,760.8687721706614,754.526075630677,757.4607543945312,16105980
2022-11-29,756.0407762005783,763.1881840970266,753.9580728834337,756.3247680664062,12638236
2022-11-30,755.9697158820187,763.448495298528,755.9697158820187,761.3421020507812,15184806
2022-12-01,767.7558572644913,774.8559422576894,764.4424842676656,766.572509765625,20446366
2022-12-02,762.075758564348,766.1464622403034,759.7800760651729,760.7030639648438,7811078
2022-12-05,762.052089952201,764.2531278294877,755.5436787874839,763.4721069335938,11592622
2022-12-06,757.8157149339461,763.827096930786,757.342375948978,762.6201171875,12353092
2022-12-07,764.0401462647712,766.1464816690436,759.4487233693498,762.2887573242188,11674720
2022-12-08,762.0757892699328,769.6492132626774,759.7090942722001,766.572509765625,14803634
2022-12-09,769.649226714661,773.8382653777363,766.8091926677436,772.0396118164062,11963384
2022-12-12,769.175858298182,782.7133418481023,767.4718494913106,778.0509643554688,14434808
2022-12-13,781.0093651173817,784.322738181516,778.6426700715715,780.2047119140625,17031702
2022-12-14,782.4294142784042,788.346152135924,781.0093971925995,786.8078002929688,14227640
2022-12-15,784.3464018645261,790.1921268749417,770.146232067255,772.3945922851562,18182648
2022-12-16,766.8328578314446,778.6899649239426,761.6024388526127,776.1102905273438,14647958
2022-12-19,778.1693487623974,779.4237087213362,769.7438910954138,778.5243530273438,9604542
2022-12-20,766.903867720086,774.5719946187421,766.903867720086,773.1519775390625,7174698
2022-12-21,776.7493009218134,778.5480122385196,760.4427954437242,765.6731567382812,9269198
2022-12-22,767.850487106121,770.3592068674686,761.6024355451656,763.046142578125,9747096
2022-12-23,751.1890303820713,759.3068061921712,750.4553317833038,756.2301025390625,10693152
2022-12-26,757.1058062416816,775.8026986121389,752.6090852918247,771.2822875976562,9907322
2022-12-27,772.9625269730042,774.3588538023118,763.7324171897993,772.0631713867188,7926772
2022-12-28,768.2765309952387,772.9625987224337,768.2765309952387,771.4479370117188,8691870
2022-12-29,766.8564752725806,777.9326190377025,762.5491020807658,776.8912963867188,11012896
2022-12-30,778.6426203561981,778.6426203561981,766.8091458826996,770.6668701171875,7122640
2023-01-02,770.1225318929031,776.1576039774972,766.1228405647803,770.9271850585938,4381378
2023-01-03,767.8504260872918,777.6958994173672,767.8504260872918,775.9682006835938,8378030
2023-01-04,773.9092103736828,778.9976042645189,760.6557193091794,762.0994262695312,10351600
2023-01-05,764.4424882611195,765.8861953295342,752.3250213655542,757.2003784179688,10941436
2023-01-06,758.2890762614053,761.649771597572,747.0235849749788,754.6917114257812,9092462
2023-01-09,755.4489881345364,762.8094321524873,752.6089543445569,756.1589965820312,10729340
2023-01-10,757.3424088115413,757.3424088115413,740.7755436187888,742.3375854492188,16371766
2023-01-11,742.17186935277,756.3957295571362,738.4088473774297,753.0350341796875,15195798
2023-01-12,751.5676897826115,759.1884361515325,749.8399908708047,757.0584106445312,9250070
2023-01-13,756.750729788885,762.0284712196939,750.7156575106625,757.6500854492188,9244546
2023-01-16,764.4425457184223,767.4246047675382,748.0177042260798,750.3843994140625,14748094
2023-01-17,752.5142912567735,762.5490539569893,746.692199017474,761.5550537109375,10786354
2023-01-18,759.709052840869,777.033247723356,757.2003331678316,774.9979248046875,19090642
2023-01-19,774.8559185317824,781.0093253374716,772.9625625915704,778.2166137695312,11172162
2023-01-20,778.2165718647993,790.0027235140965,777.8852577053577,786.1923217773438,18843404
2023-01-23,788.7010600166277,796.4401406323066,786.4053775646045,791.9434204101562,15444400
2023-01-24,792.866505329516,805.8123152644733,792.842815267551,802.5462646484375,24983940
2023-01-25,800.6056037705797,801.3392445591735,778.7846872191718,780.370361328125,14704142
2023-01-27,772.4892355564111,774.8559305182873,752.5853078147762,764.8211669921875,35179948
2023-01-30,754.9757076943356,769.3179025577755,748.8223006723755,764.0401611328125,18512822
2023-01-31,766.6671531399184,768.0871701361255,754.975702983403,758.9990844726562,18596244
2023-02-01,768.7024970580272,788.1093950748863,760.18239548965,770.3828735351562,17302790
2023-02-02,761.1763996984457,768.9391705012463,752.0173020214557,758.9280395507812,17497106
2023-02-03,762.5491167048964,785.9793968271139,760.6557607354243,785.1747436523438,14411100
2023-02-06,785.7426930007946,790.1920908907817,779.2105920792565,781.837646484375,11167672
2023-02-07,785.4586505805794,788.06201475717,772.773143844212,782.9972534179688,10264588
2023-02-08,783.0209836671545,789.6240391235308,781.0092930638084,782.9026489257812,8444826
2023-02-09,785.7426834360527,786.5237042859567,774.1695688314326,781.2696533203125,11777336
2023-02-10,780.441316337142,785.0326812308807,777.3172329126792,784.3699951171875,8172116
2023-02-13,783.3759959273335,786.5710339771882,778.4296267994425,784.961669921875,5736944
2023-02-14,788.1094517520668,794.026189377833,784.7723886188783,792.2274780273438,10908592
2023-02-15,794.262851292887,794.262851292887,784.204397425203,790.6181640625,11438712
2023-02-16,791.9908166376073,796.1089007357218,786.216103767944,787.7544555664062,8062500
2023-02-17,786.2160191131189,789.6004042614547,777.6722277016523,783.802001953125,8956270
2023-02-20,785.7427119293137,790.2157422072587,773.8145926677021,776.4415893554688,8086706
2023-02-21,776.275896847954,786.8550110811879,773.4358630789981,779.3526000976562,12389296
2023-02-22,775.8026119130404,777.1989388344294,761.6261321413451,764.0637817382812,10359102
2023-02-23,763.4957310605046,766.2647523789618,753.6029353883428,758.8806762695312,27882010
2023-02-24,765.8151364213195,765.8151364213195,750.336917326773,752.1119384765625,17061740
2023-02-27,750.6683165199346,756.8690457387776,746.5976127581428,753.981689453125,14312972
2023-02-28,753.5557112171675,759.8511432233867,751.993669356785,757.153076171875,18993992
2023-03-01,763.0224897194503,763.4958287329239,755.3307307505042,756.41943359375,14137256
2023-03-02,754.5024054273814,760.1587836607059,748.8223371305629,749.9819946289062,17391814
2023-03-03,755.4490722648835,766.8092086899194,751.662360123205,764.8685302734375,14986234
2023-03-06,766.8091895470669,776.0156100994345,765.8862015978312,770.2645874023438,27004710
2023-03-08,766.8091679963849,776.039278351897,766.8091679963849,771.8029174804688,20099774
2023-03-09,771.5188971092862,779.0923212778464,770.1225701404643,771.8739013671875,20700166
2023-03-10,762.2887256418968,763.8507673644085,750.2422718962587,751.969970703125,27387000
2023-03-13,751.6150309707979,759.1411328403547,740.751865944351,742.4559326171875,26443550
2023-03-14,743.2606073239067,749.5796717797343,738.0775680892785,740.4678955078125,33185612
2023-03-15,746.9288948951588,749.2482674050162,727.3326499748621,729.8413696289062,37264754
2023-03-16,728.4687442505466,737.9828468980804,725.1790612078056,734.5748291015625,21753342
2023-03-17,737.2255088798554,747.4969422958127,728.9420761958121,744.3966064453125,22950876
2023-03-20,742.1719225798777,742.2429349918079,731.498161926119,739.2372436523438,26503114
2023-03-21,744.0651919987587,749.0589413869266,736.6101030086518,747.615234375,33050494
2023-03-22,749.768929690198,750.7392976925187,740.9175140491653,745.8875732421875,14177324
2023-03-23,742.0771890697815,752.7746385074203,737.722493547406,739.8998413085938,28364178
2023-03-24,738.4088708154069,744.9882947461084,736.018485653395,738.716552734375,31477748
2023-03-27,739.4501509534972,747.6152485739262,737.8881669466679,741.9351806640625,31872006
2023-03-28,741.1069207513099,749.2483870058587,740.3495898343076,747.9703369140625,39276302
2023-03-29,749.7689157853254,758.2890171010677,748.7749155212824,751.567626953125,39763612
2023-03-31,755.2597399090109,763.4721604711577,753.7450781349003,761.8628540039062,34711228
2023-04-03,760.916103659407,764.7737701383646,758.6440534334533,762.3361206054688,40025398
2023-04-05,766.1464855665928,783.8493755314626,764.9158157360166,782.7843627929688,43365392
2023-04-06,780.3230741298614,790.0974787885557,779.6366978740349,788.7484741210938,44637344
2023-04-10,787.2810834915474,790.9494607030667,782.902697787476,785.009033203125,31813286
2023-04-11,785.2694286862951,790.1921660159843,781.5300388983272,787.3048095703125,42361542
2023-04-12,789.5294292037479,799.0908536154229,789.4347845187364,797.5288696289062,26955504
2023-04-13,799.138228506588,803.2799446098875,794.3338262706332,801.1025390625,35330086
2023-04-17,814.1430655398879,814.1430655398879,782.571377912893,788.8904418945312,32405148
2023-04-18,790.4761429987975,793.9078508052294,784.0387440490672,785.5534057617188,29637226
2023-04-19,788.1094206815565,790.6181404482337,784.3937211551915,788.4407348632812,24741168
2023-04-20,791.280785812552,794.0024850715804,788.7721237726142,791.37548828125,32922716
2023-04-21,790.0028164885751,793.7658385477291,787.2811171507625,792.6535034179688,20128618
2023-04-24,798.5228483313539,800.6291836512714,792.4167640167948,799.0671997070312,35675852
2023-04-25,798.8541289397548,798.8541289397548,786.6420186043182,787.70703125,50353068
2023-04-26,785.7427625625156,792.8428477663938,783.3760674945562,791.3281860351562,27392750
2023-04-27,790.7128018135829,797.6945520840111,788.5117639010149,795.682861328125,47790392
2023-04-28,797.4341901096315,800.4162489215953,790.4761299225689,798.806884765625,27916272
2023-05-02,799.3274927082318,804.202907194295,796.1561447326687,798.6411743164062,32221184
2023-05-03,797.552545393005,802.7829645894082,795.0438832970477,801.4339599609375,29407270
2023-05-04,798.5702121515963,820.9828021558743,798.5702121515963,817.8351440429688,56854638
2023-05-05,775.8025843027785,786.192351749063,767.8031440250422,769.4835205078125,62770416
2023-05-08,773.9092329312004,781.174974723999,771.5425380292702,778.3822631835938,37244524
2023-05-09,780.9620480823568,783.8494045017483,776.2522902407883,778.406005859375,43688938
2023-05-10,778.4059920594077,783.210394506021,773.0099158578086,782.0033569335938,46340550
2023-05-11,788.1804838313546,798.9962689250709,780.6543818274131,782.5240478515625,35734618
2023-05-12,779.5892797778581,791.8014482563958,778.2875976167232,789.4347534179688,22478760
2023-05-15,791.4227853213184,795.5645014526352,788.1567347587811,793.2214965820312,18512260
2023-05-16,800.4030139627808,800.4030139627808,787.0932626645074,788.6732177734375,32722086
2023-05-17,789.9658192684319,789.9658192684319,778.1641970070733,784.43603515625,30466868
2023-05-18,789.0083230433131,791.8569644245696,785.1781855528116,787.572021484375,49646942
2023-05-19,789.0083827444214,789.9659171894996,781.1326853109591,788.4817504882812,30460332
2023-05-22,787.5720151966582,791.354287626984,781.6831554747228,785.680908203125,28334032
2023-05-23,789.487061418846,789.774310031499,782.0422085660649,783.8375854492188,22470074
2023-05-24,779.2176169192138,782.6647175463944,772.5387790945629,773.5921020507812,33588112
2023-05-25,773.5441253964981,775.6268094273125,764.7587591498904,770.6236572265625,29776930
2023-05-26,775.1241337865805,775.1241337865805,767.1047828039214,773.5921020507812,26635066
2023-05-29,779.6723723310973,785.6569622323185,777.9248603912886,783.0237426757812,21816292
2023-05-30,782.1140640569184,786.4469304713781,779.696324831423,783.6221923828125,37125928
2023-05-31,780.3426451693598,782.7603843834687,768.2537737690359,771.2221069335938,43334270
2023-06-01,775.5549758597977,775.5549758597977,766.0274971750312,767.9425659179688,50366938
2023-06-02,771.9881066411427,773.1132562550899,766.5062458740007,769.1394653320312,17859710
2023-06-05,772.9695697675878,773.9271040751352,767.2004021873126,768.134033203125,18697242
2023-06-06,769.6901249341668,770.7433894299307,762.3170981340278,765.7402954101562,32182852
2023-06-07,767.6792895707576,772.0361181070452,764.112497093835,769.7140502929688,24949026
2023-06-08,767.5834304077028,778.4753830300483,767.5834304077028,770.1926879882812,37395522
2023-06-09,773.639906451702,774.8846894448892,769.3788668136775,771.1024169921875,18212578
2023-06-12,772.0360982895694,773.5920917430839,765.7642009992537,766.4105834960938,13408292
2023-06-13,761.2876940266594,770.3364055694209,761.2876940266594,767.7031860351562,27926108
2023-06-14,771.030546307908,771.7726587801916,766.1231829378727,766.8652954101562,20113968
2023-06-15,767.9425712071014,768.8761438484094,755.9733914813049,757.4336547851562,35377476
2023-06-16,759.8753597118556,770.4321412189463,758.3672313699111,767.3441162109375,15779272
2023-06-19,771.2939478800904,772.8499412572538,765.2375312003252,768.014404296875,24829146
2023-06-20,768.0144276761805,771.2939713592292,761.5510703742875,769.6182861328125,20005626
2023-06-21,773.6877691232111,783.8615717803077,771.2939332038942,783.0715942382812,24308946
2023-06-22,785.1782441229523,793.5806322468177,784.7234386393332,786.9017944335938,56596140
2023-06-23,784.0052404143834,794.7056754911911,782.3295552385844,786.8538818359375,21339218
2023-06-26,787.571994837304,790.3249060654587,779.7680665871447,783.0476684570312,16130314
2023-06-27,786.5905337191974,800.9296461673263,784.4840048316838,794.083251953125,33831864
2023-06-28,799.5412267594668,804.2810337444777,794.9929383437692,802.4856567382812,59562950
2023-06-30,815.8192458258862,818.1173515857972,805.8848271927366,814.574462890625,40699016
2023-07-03,819.8888261766497,841.4333500761821,818.6919081822313,823.3838500976562,44104116
2023-07-04,825.1313123295552,836.406303333363,820.5112555769142,827.4054565429688,38795188
2023-07-05,821.6841820227852,823.4795589682101,798.8470106542848,801.1211547851562,37165754
2023-07-06,800.977524195429,808.0872054143094,794.9450691746598,801.93505859375,52156544
2023-07-07,797.1473857846021,801.9350577712964,792.9821345334826,794.945068359375,19926336
2023-07-10,795.2323081500037,802.772891445225,789.8222154878739,793.0538940429688,38398442
2023-07-11,796.1898182223189,802.4137915457645,787.8113925946035,789.1998291015625,50670426
2023-07-12,792.5273150200137,797.7698512050471,779.0261026386073,781.8029174804688,70958358
2023-07-13,793.1735905563402,793.5326659534852,784.2446291019418,785.704833984375,41913546
2023-07-14,791.6894727017868,791.6894727017868,782.7844139927244,787.3327026367188,24727214
2023-07-17,789.9658626293475,805.2864126924621,781.8268204083179,803.80224609375,49252928
2023-07-18,812.9466853634967,815.8192884919896,799.5412040971963,803.1319580078125,81076818
2023-07-19,804.8554392242829,808.5180195878992,801.934971315903,806.7705078125,32935134
2023-07-20,804.8794475665894,810.0740597242783,804.328853626943,808.51806640625,56210948
2023-07-21,804.3288890002611,809.0208308967337,801.0972104283851,802.2941284179688,42154248
2023-07-24,803.6107312414538,806.555161158962,799.5890751426567,803.5628662109375,32179444
2023-07-25,806.555183500857,813.4254812031791,803.5628884699448,812.2764282226562,55992596
2023-07-26,813.7126998116902,813.7126998116902,808.1590121278992,809.45166015625,24794358
2023-07-27,813.8564004422645,815.3405671200665,798.3203692500316,801.0493774414062,59741302
2023-07-28,795.4716913114755,799.0145802289601,785.7048288838802,786.8538818359375,41015684
2023-07-31,789.989808735889,793.2214872008873,784.5557544882844,790.5403442382812,34565006
2023-08-01,792.0964028577838,798.3203767107598,789.9659121084937,795.830810546875,35394188
2023-08-02,786.1356922581007,790.6839803679983,781.8986144970055,785.4175415039062,28116322
2023-08-03,785.1782590801716,790.6122554650307,777.039216150682,779.7442626953125,57673946
2023-08-04,782.856158727379,793.0778262359121,780.0314207032054,791.0191040039062,37388304
2023-08-07,796.2376491558498,796.2376491558498,788.7928549114002,790.5642700195312,28300918
2023-08-08,790.779775695363,792.6469794990385,786.1597188833139,789.9180297851562,43773828
2023-08-09,791.4021180992739,792.1202688416507,780.9171055719207,790.2052001953125,33361236
2023-08-10,788.5534502391737,792.0005503088863,780.8692141779015,783.1912231445312,50781118
2023-08-11,784.4122069559019,784.4122069559019,773.7835398495799,775.0283813476562,28225822
2023-08-14,771.2939587813216,773.2090275802822,766.1472113841155,771.24609375,31304410
2023-08-16,757.936278873205,770.6475703412267,757.0745330516527,768.9957885742188,34137542
2023-08-17,764.8785194202845,770.7673797609358,763.1549690708855,764.7349243164062,52884040
2023-08-18,760.0668453838622,764.2560581283789,759.085349306415,761.598876953125,25633366
2023-08-21,766.2668661889733,766.2668661889733,759.8035093045302,761.0004272460938,21837270
2023-08-22,764.2800574379922,765.0700350577124,756.4522249006168,757.744873046875,32273570
2023-08-23,756.4520870169149,761.5031037600577,753.2204087970642,759.6119384765625,36498588
2023-08-24,762.8198062571005,764.2081843881693,754.6089370548672,756.1170654296875,43145792
2023-08-25,753.8428443940812,755.2551841186172,746.1107431818068,747.5949096679688,30069756
2023-08-28,747.5949720764402,757.7209098998453,747.5949720764402,755.3749389648438,28867238
2023-08-29,761.0961768187698,762.5085750919843,757.1463475103358,761.3834838867188,35538932
2023-08-30,767.918583020737,767.918583020737,753.4358760513546,755.8297119140625,28084204
2023-08-31,755.973358072876,757.9602535082042,748.3609484150296,752.358642578125,100075772
2023-09-01,752.1432576208482,755.9733951516992,746.5656081528945,753.9146728515625,43226776
2023-09-04,761.2398731833899,761.9340622690505,754.0104999128797,758.630615234375,25073638
2023-09-05,760.4738554447009,760.4738554447009,751.9517756465584,754.010498046875,38712082
2023-09-06,754.9201238552107,766.0274992165465,754.010454511239,763.873046875,56320910
2023-09-07,763.8730423452171,772.7302352523851,759.8753480460392,771.2221069335938,34208342
2023-09-08,770.0012791246807,781.7789400663747,769.6661070326583,777.2306518554688,34502210
2023-09-11,779.8639437312936,783.5025629490954,777.5179726424265,781.2523803710938,31573022
2023-09-12,785.178197372979,786.5666339228394,778.0206512071577,783.6940307617188,39033340
2023-09-13,781.0129551372609,790.7318942113928,779.7202486339522,787.04541015625,46420094
2023-09-14,787.2129744267565,789.965885847133,782.8322428256791,786.566650390625,23538848
2023-09-15,789.9658552054733,799.5411989049336,789.9658552054733,795.5913696289062,173411202
2023-09-18,791.7612564347212,792.3597154342939,778.5233316755201,779.9357299804688,37056288
2023-09-20,765.548760092835,765.548760092835,747.0683576854377,748.6482543945312,115474648
2023-09-21,743.5254363384076,751.161749541656,735.8891231351594,743.6929931640625,72841442
2023-09-22,746.3980579436757,748.9834124885792,729.5215142987016,732.3462524414062,61704250
2023-09-25,730.1199506265053,737.636571986799,730.1199506265053,732.9925537109375,40208754
2023-09-26,730.1199143423902,737.3014216965777,730.1199143423902,736.1763305664062,27575308
2023-09-27,729.1623733855774,733.7106613351264,725.3322361649047,731.005615234375,39338538
2023-09-28,734.4288226787853,736.1523727643475,726.9361049439,729.4974975585938,55354188
2023-09-29,729.4975291821899,735.1230435502242,728.8273018844358,730.7423706054688,32053782
2023-10-03,731.0774976675469,731.0774976675469,721.0233866976592,722.0048828125,38971694
2023-10-04,715.7569109328484,734.9075975129915,713.0039997369529,732.29833984375,54649430
2023-10-05,734.9316099718342,742.8312687313597,733.7585952718871,735.2667236328125,48512674
2023-10-06,739.2165913446855,739.6953585670591,732.4420234594476,734.452880859375,17759356
2023-10-09,731.55630088108,732.513835306317,723.8960254791839,725.9307861328125,16454972
2023-10-10,727.989492834349,732.035052316478,725.4280415474352,730.0481567382812,33266292
2023-10-11,732.561636194785,738.3308039789869,731.7956204103215,737.1099243164062,31333360
2023-10-12,735.4342849776942,743.046695154072,733.2798325755078,742.017333984375,22025336
2023-10-13,737.3014842223872,741.5146589381054,732.4898505097352,735.2667236328125,39745300
2023-10-16,733.2319960651158,734.6443359841811,727.965556654919,732.3223266601562,17856084
2023-10-17,744.8420626176685,744.8420626176685,734.9076433348039,737.8759765625,32902558
2023-10-18,737.8760401745988,737.8760401745988,726.8165287202147,727.6065063476562,31216200
2023-10-19,720.7361578942352,730.7184423716426,719.682834983418,725.308349609375,30252364
2023-10-20,720.5445716148215,731.0774490736428,720.5445716148215,729.066650390625,21094010
2023-10-23,729.4017657824131,731.9152933638753,718.1986025878159,721.0473022460938,22376136
2023-10-25,728.2048937755804,729.066698092264,714.0572999767982,716.47509765625,28311996
2023-10-26,713.9616466683456,714.3207220983548,699.1198622279642,700.6279907226562,55561798
2023-10-27,703.548416210113,707.6179375015631,702.3036331507926,703.380859375,31940532
2023-10-30,700.5560993380782,713.3391600901615,699.9097753123232,711.0171508789062,23310982
2023-10-31,720.0658162779376,720.0658162779376,705.7028013255851,706.8997192382812,32634824
2023-11-01,700.077362339955,707.3546006535829,700.077362339955,705.9422607421875,33877466
2023-11-02,710.9692996573848,713.6025192857455,702.4233167339939,707.0194702148438,45225154
2023-11-03,712.4056102569502,714.0334304636632,709.3654501545199,710.370849609375,18095340
2023-11-06,717.1932021415764,717.1932021415764,710.0116947770078,715.5175170898438,25593730
2023-11-07,715.2781873463503,715.2781873463503,707.234875115352,712.0465087890625,41952848
2023-11-08,710.4665472159254,715.014835514477,709.054207384732,714.105224609375,31399546
2023-11-09,711.4480744130556,714.607926311971,710.2511563874616,711.280517578125,22116740
2023-11-10,708.6232803377466,716.2356900692465,708.5993770450763,714.0812377929688,14015186
2023-11-13,714.3684707875195,716.2117126727126,711.4001377601898,712.78857421875,20605914
2023-11-15,720.1137317170233,723.3932753387419,718.4141432279705,720.2573852539062,41245460
2023-11-16,722.7948225701767,727.2473809327844,719.9461810912933,722.1484985351562,29713838
2023-11-17,713.3630955591337,721.7415211781168,712.8843283809061,720.5924682617188,23701874
2023-11-20,724.3747884733571,724.3747884733571,718.8929272981045,720.640380859375,19331452
2023-11-21,727.2473578304415,728.6836593929769,723.9438525479579,726.74462890625,24959972
2023-11-22,727.7260937743376,727.7260937743376,719.8503972552013,724.1593017578125,29123650
2023-11-23,722.2202676591917,729.5693319457266,722.2202676591917,728.3485107421875,13046220
2023-11-24,728.3006518298484,734.0219550188177,727.654327789123,733.5192260742188,16469192
2023-11-28,735.0033827728541,735.9848789111071,730.5030178431152,731.8674926757812,28489338
2023-11-29,734.3810375748553,748.3131517440087,733.9501353957551,746.4699096679688,34042488
2023-11-30,751.2575357769422,752.8374324125391,738.3308218551477,746.3023071289062,69491440
2023-12-01,745.871478620776,749.6297896841719,743.0946053120196,744.674560546875,22153536
2023-12-04,760.2823241901957,771.7727371502491,753.4120264631497,770.5279541015625,50662456
2023-12-05,783.5025110233172,784.6994290053266,773.9271671672425,777.374267578125,52230820
2023-12-06,784.4361042559843,784.4361042559843,773.9990142449448,779.3372802734375,38613060
2023-12-07,777.996699171334,782.3056039667443,773.7835244385168,780.60595703125,20450386
2023-12-08,780.605970823838,792.3597291563016,780.605970823838,791.4979248046875,33728038
2023-12-11,789.9897746540502,796.5248996245001,788.5295114407461,790.444580078125,23187620
2023-12-12,791.9765979096665,792.9580939466462,781.2761637720791,782.5927734375,36581476
2023-12-13,781.563526294323,783.2631733056354,773.256926701281,780.8214721679688,29346914
2023-12-14,788.0508241253218,794.2508360897075,787.5720569174692,790.0377197265625,35172366
2023-12-15,789.9658581899005,798.5836675519721,788.3380380661904,793.101806640625,138837130
2023-12-18,795.0886602023099,797.0037289891579,790.4206800343679,792.69482421875,18014754
2023-12-19,789.9658725265142,794.1072204559873,787.1172310907685,791.3543090820312,24008446
2023-12-20,793.795966876438,799.038444004139,787.308648353673,793.3171997070312,34232520
2023-12-21,793.31719852569,808.9968233004131,790.0855201370065,807.5365600585938,36589240
2023-12-22,806.0524630799391,807.1536510402615,798.1528041148157,799.9481811523438,48578850
2023-12-26,801.0972570093661,807.1775773726962,798.847074435413,805.5018920898438,18045856
2023-12-27,805.0470435987298,817.0162235511344,803.6586070355986,815.4841918945312,27009078
2023-12-28,818.3567550440999,824.1498261689791,814.8617312916912,816.417724609375,44076470
2023-12-29,812.4679265922668,821.0378710363707,811.9891593992248,818.3328247070312,25011426
2024-01-01,816.7768404269046,818.2849687904367,810.0740996496615,812.9945678710938,14239686
2024-01-02,813.3297325444754,815.2448013204753,808.4941371304667,813.4733276367188,29242092
2024-01-03,814.8617397029581,816.1543877106121,799.038461039413,800.9296264648438,28389762
2024-01-04,803.3713517790169,811.4864323425077,799.8763278844378,809.5234985351562,26734056
2024-01-05,807.7521349770598,816.2502532169135,798.6315959676855,805.3822021484375,31889470
2024-01-08,803.6107431564817,805.4539851831421,794.7535499790049,796.4052734375,17998470
2024-01-09,798.1766851243468,803.2755670838737,788.4098233393704,790.2052001953125,25326888
2024-01-10,786.6145023545687,794.7295829425168,785.8484865302768,792.8145141601562,16115824
2024-01-11,794.7535608406137,796.1419974247106,786.6145183500772,789.4871215820312,18314010
2024-01-12,790.9234559912412,792.8385248919463,782.1141273593444,785.7527465820312,19773552
2024-01-15,788.8646717373587,804.7597774337735,786.9017379565865,800.8817749023438,28320356
2024-01-16,800.977566949657,806.076449581534,793.8439236127375,803.9219970703125,25322500
2024-01-17,751.6644245426829,764.4954075236436,731.7477228166999,736.1044921875,170145236
2024-01-18,715.2782697105378,725.3323819353847,708.5994899670536,711.5199584960938,161070930
2024-01-19,720.999446229209,723.0581685801238,703.0217728163159,704.0989990234375,109600538
2024-01-23,701.3939438294391,706.0379622645205,682.243255943311,683.3683471679688,115469402
2024-01-24,660.8183625809348,698.2579305485548,660.8183625809348,697.037109375,86004404
2024-01-25,695.4093846155678,697.7313939357863,679.5622013776972,686.9830932617188,98941852
2024-01-29,693.2788688648152,700.3406850803747,692.2016426624417,696.438720703125,65645498
2024-01-30,696.3908230536141,700.5321123941566,689.8556393766623,691.4834594726562,41728768
2024-01-31,689.1853406292018,706.1576134139724,687.8926926486038,700.220947265625,65761040
2024-02-01,701.4179208991782,705.5113454583611,697.1090160306093,702.040283203125,32690740
2024-02-02,706.1815615123702,708.982337711751,690.4062069562272,692.369140625,44867754
2024-02-05,692.2973590957444,695.1220972150085,686.5761145330804,691.7467651367188,38605046
2024-02-06,692.0818817154674,694.0687186467284,685.8818120153059,691.3876342773438,41075740
2024-02-07,695.6487048996299,696.0317420167268,683.0332015338389,684.6130981445312,54837086
2024-02-08,684.5653014988382,688.9220715355453,670.5134952051483,671.734375,69106124
2024-02-09,666.515758652701,677.0725401801844,664.0500959229506,671.9976196289062,56642124
2024-02-12,670.1065656569043,676.809306881893,662.3026364247897,665.4864501953125,34447812
2024-02-13,666.4199643535106,672.3566891768745,662.7813454112104,667.6168823242188,57580994
2024-02-14,658.7836570696176,666.2045485555035,652.8230288985812,662.6377563476562,91320810
2024-02-15,663.0925826953933,677.6949825309235,662.7813723217212,677.0007934570312,41584944
2024-02-16,681.7166435513678,683.5359238875297,674.31965507416,679.8015747070312,32175742
2024-02-19,684.1583399970523,684.1583399970523,677.5513291516161,678.4609985351562,34451756
2024-02-20,677.4556044062488,697.6835190961174,675.9235727064516,696.2711791992188,56133508
2024-02-21,700.9151133163471,700.9151133163471,687.0308658531135,689.0177612304688,45893136
2024-02-22,678.7722288264276,684.0626300055545,676.1150473676641,679.634033203125,50560882
2024-02-23,681.0703499192647,686.5043463190802,678.8919356342462,680.13671875,29833452
2024-02-26,676.7614094932516,686.9591159463556,676.7614094932516,680.9506225585938,23506870
2024-02-27,676.7614735040879,683.0572161231547,676.5220898777122,679.9213256835938,32087150
2024-02-28,679.9212837827165,681.8602559709077,672.1891814386264,674.7745361328125,25321986
2024-02-29,671.2794957514693,675.2532869853846,668.9814482015562,671.9019165039062,53295700
2024-03-01,670.2740637422462,685.9536891619308,670.2740637422462,684.9961547851562,34738898
2024-03-04,685.0919059296933,687.9884708858845,681.9081507835436,685.9297485351562,35616474
2024-03-05,680.806915575396,690.8610261429652,680.6393587545882,689.8316650390625,37991672
2024-03-06,686.3367475409569,695.576919496979,686.3367475409569,690.6695556640625,42409530
2024-03-07,692.0580272311091,694.7152087205789,690.0950932873528,692.3452758789062,49348046
2024-03-11,684.6370656855901,692.2733788101641,681.2856954339823,683.5838012695312,50531094
2024-03-12,686.5521430195154,700.9151585638567,684.2779988916614,698.78466796875,65418454
2024-03-13,701.6333514911945,704.553819805337,694.260324713518,699.191650390625,63067454
2024-03-14,700.0054686474973,701.8726723020275,691.4834480743144,696.8216552734375,52432158
2024-03-15,694.2124563732988,698.665014815619,690.5020104857863,695.481201171875,143613804
2024-03-18,692.7760944963727,697.0849990233024,687.4139255734966,692.3212890625,21437856
2024-03-19,687.2703309378574,695.361508487081,687.2703309378574,693.9012451171875,36183594
2024-03-20,693.757641226056,695.002424269405,682.0757097447741,685.1398315429688,43606094
2024-03-21,690.6695449843953,694.8108929167894,688.6108811083764,692.1776733398438,28922860
2024-03-22,689.9034770136652,694.5714568199686,688.3474837448974,690.7891845703125,45980326
2024-03-26,683.2964992802526,688.4432464905726,680.8787600753138,682.4347534179688,56844290
2024-03-27,681.5490768981103,693.2309499256703,680.4478889511747,689.7598876953125,62168668
2024-03-28,689.7598723903825,699.2394862002545,689.7598723903825,693.20703125,55592142
2024-04-01,698.0425707036562,705.6071157662267,696.8935177463561,704.0271606445312,25199570
2024-04-02,701.4657698820595,715.685132245699,700.5561005197442,708.6472778320312,41225446
2024-04-03,704.7932359077813,716.0682276845824,704.4581222201347,709.6766967773438,45584386
2024-04-04,720.065912216293,732.5138601668406,720.065912216293,731.3648071289062,88935066
2024-04-05,736.8227616793371,744.2436536910523,732.5856834129139,741.873779296875,59055902
2024-04-08,744.4590593119542,745.5602472863112,738.0436253706997,740.4613647460938,20482940
2024-04-09,744.4111567395224,744.4111567395224,737.4451291623751,741.3949584960938,21884494
2024-04-10,742.041335404094,742.041335404094,733.9261958559255,735.5540161132812,27807400
2024-04-12,728.2048847735614,732.4419626511461,724.5901691674342,727.223388671875,41084208
2024-04-15,716.9778144689066,722.9384424882777,714.3445949763995,715.61328125,23415248
2024-04-16,711.9268363888184,724.3269187314523,709.6526921569106,722.5794067382812,20744886
2024-04-18,722.8427124294902,727.1755203466597,713.8658277959437,715.61328125,34234884
2024-04-19,711.7113984519393,734.8836839791993,708.6951417404246,733.13623046875,34576434
2024-04-22,745.6320734709891,745.6320734709891,722.124614867159,723.9917602539062,42298438
2024-04-23,730.7424105369589,730.838140600938,719.7068030516607,721.7894287109375,26827060
2024-04-24,725.332274400053,728.5639528503503,722.4836330693169,723.7523193359375,22441580
2024-04-25,721.1430939897369,727.5824894434112,721.1430939897369,723.2975463867188,35445204
2024-04-26,727.6304456461381,731.5563134799157,720.8080127488288,722.8427734375,24854694
2024-04-29,725.332350292873,734.6443494985349,721.286790594288,732.2744750976562,36093350
2024-04-30,732.1308179153048,737.0621437156515,725.2844816560712,727.7740478515625,52307382
2024-05-02,728.6836398774014,735.8651474977438,727.893662350512,733.5910034179688,33475006
2024-05-03,734.0697907360874,737.5887178779653,721.5978821158841,727.5346069335938,31865242
2024-05-06,728.6836626849343,734.6682525558684,726.361653503664,728.994873046875,28793396
2024-05-07,728.6597013791286,729.6651592326485,720.1376804638342,721.09521484375,28480602
2024-05-08,716.211807311795,716.6905745370962,708.7430502857517,709.84423828125,41687862
2024-05-09,706.1576388307392,711.8071150125822,691.9622384959757,693.0155029296875,46281278
2024-05-10,698.353892008822,704.6385680353703,692.4331947307146,697.820068359375,27276608
2024-05-13,694.956710818051,708.4482125597933,694.1317160729689,706.2400512695312,27047202
2024-05-14,704.7841569928967,711.2144479759614,703.8378359787137,709.0062866210938,25665142
2024-05-15,708.3995858863757,708.3995858863757,696.8008453990276,698.1111450195312,38931996
2024-05-16,701.7752582341244,709.782790041372,696.655267230535,708.6665649414062,34945236
2024-05-17,701.848002597153,712.4276743183018,701.848002597153,710.5349731445312,20920190
2024-05-21,703.7407626513565,713.2527287219871,703.7407626513565,707.9629516601562,43769978
2024-05-22,707.5018935449791,711.2630073542172,702.7944586673697,708.1570434570312,39996278
2024-05-23,707.8900706969359,725.8463536828482,707.1135946322969,724.3661499023438,40861920
2024-05-24,721.8911533778286,737.6150464828621,721.1631959122375,736.3046875,31060206
2024-05-27,739.2893258205864,749.7961904344879,737.2025499615863,741.400390625,29385440
2024-05-28,742.5651435020584,745.4527436990592,739.9930626339711,742.75927734375,27908904
2024-05-29,736.6929693394153,739.5319916615282,728.5641108173895,731.9855346679688,35147706
2024-05-30,727.569210732381,739.4106642295702,726.8170235494816,735.1642456054688,33755350
2024-05-31,737.1782587165238,745.4284433104547,734.751733835956,743.2688598632812,74079588
2024-06-03,776.0026570209221,776.0026570209221,752.2227131847588,762.9964599609375,72637256
2024-06-04,755.6198511271432,756.5904610836327,705.6334383679294,719.7800903320312,89531240
2024-06-05,725.06989130594,756.8815955434779,719.3917877908412,753.0962524414062,81631650
2024-06-06,759.4537972959696,759.7206794979887,750.5726922052945,756.93017578125,46422870
2024-06-07,757.585349822155,768.8929201187634,753.2176050765474,763.5545654296875,36712216
2024-06-10,763.8700143938665,767.0973042572016,755.9110011249785,757.7066650390625,22454058
2024-06-11,755.1345658211561,762.4141406844706,753.2903831592504,759.4052734375,29545326
2024-06-12,764.3553684919713,770.8099486335476,760.1817573757736,763.94287109375,39280436
2024-06-13,767.6311179466796,769.5480488358222,763.8700045190919,767.1458129882812,24120192
2024-06-14,768.7230745298527,776.0026490992642,765.6656295141681,774.9835205078125,25540554
2024-06-18,774.983540294414,781.5836762242601,771.3679826211641,780.2733764648438,32415714
2024-06-19,782.9910236928816,810.4107535609992,778.4291452824868,804.5628051757812,90131196
2024-06-20,810.3622215983705,816.0159768197282,801.7237698729426,810.143798828125,41408742
2024-06-21,811.8423818466847,811.8423818466847,797.4288483846301,808.396728515625,51630776
2024-06-24,799.2973257667842,812.9343842609869,798.6906945237919,811.6240844726562,28544994
2024-06-25,810.9931467609703,833.2443684249017,810.9931467609703,830.5266723632812,74521548
2024-06-26,828.8765922572081,830.3082774504516,820.699215435536,825.7463989257812,47596666
2024-06-27,823.1257354693937,831.3274011881083,818.5153383232833,823.1500244140625,55074650
2024-06-28,823.8536668700472,828.2214113967111,814.8270066965403,817.156494140625,26476046
2024-07-01,815.3123910533884,828.5612411045389,815.3123910533884,827.5420532226562,21187024
2024-07-02,832.2980286836319,841.9556094944659,826.353042764463,839.8687744140625,45921690
2024-07-03,869.1812101031826,870.6371250279785,856.3934358619908,858.3346557617188,123217802
2024-07-04,854.0154497500956,854.0154497500956,837.0782938778042,838.1945190429688,45848658
2024-07-05,817.7388811097651,817.7388811097651,796.9678045280713,799.8311157226562,82242548
2024-07-08,798.472252380916,803.1553977227993,789.6639557513818,793.6434326171875,39087800
2024-07-09,788.6205918556537,799.1516862165171,786.3639118522315,794.2015991210938,48550878
2024-07-10,791.0228924563764,795.9002315965357,786.5581099756618,789.1544799804688,45507182
2024-07-11,788.1109895551602,789.0330808548738,776.973264088155,787.1161499023438,44177074
2024-07-12,787.1647047300575,795.1237185250396,781.899157363576,787.50439453125,56049960
2024-07-15,787.892573532859,790.9500183647494,783.8645188167274,787.213134765625,33375694
2024-07-16,786.5580588939988,789.5912150674294,784.6411278889234,786.07275390625,28950324
2024-07-18,780.3703737749313,788.1109641715035,776.0754367376819,783.6704711914062,33717064
2024-07-19,784.2528302190582,787.649965003423,778.1865181041212,780.0307006835938,26002152
2024-07-22,784.7381898248855,801.2385599263364,782.6271249101725,797.1377563476562,53744822
2024-07-23,799.5641926190166,799.6855188562965,778.9144433374342,785.4175415039062,52002152
2024-07-24,780.4431686261755,786.6793253968798,770.6885509614999,778.4534301757812,61728206
2024-07-25,773.0908809941293,788.6206413154175,773.0908809941293,784.5440673828125,25535732
2024-07-26,778.9144923179402,787.0433507268658,774.7651110455088,785.2962646484375,43810540
2024-07-29,783.7675425920842,791.9449196556922,775.6629731237323,778.9387817382812,51001148
2024-07-30,777.4585181584071,793.3522550308714,776.0026033303951,784.034423828125,54595834
2024-07-31,783.2822470366172,790.0279981871195,780.9527594083772,784.1315307617188,37820484
2024-08-01,787.6014491725216,800.7774909815698,785.1991540216145,795.3178100585938,26215174
2024-08-02,791.5323792943032,810.7019249608421,791.5323792943032,805.1937255859375,44119238
2024-08-05,795.9486953170099,798.8120065813332,776.9732822215763,784.1315307617188,41333634
2024-08-06,791.0471196604719,792.4787456590307,773.2364505401089,777.0703125,45116050
2024-08-07,784.7380959828303,791.0470602671697,777.5555591010518,787.892578125,42346264
2024-08-08,788.1353303314752,802.3547907144078,785.8301315512568,797.2105102539062,33976950
2024-08-09,801.7237923493824,806.8437833638833,798.7149252998082,800.8502197265625,26644618
2024-08-12,801.7238266679481,813.3468572381819,799.4671466635041,805.65478515625,39316196
2024-08-13,790.0764803424304,792.2118340294594,777.0460539246062,778.0408935546875,54055042
2024-08-14,779.6424562895212,783.1366284755188,778.0409261468292,780.2733764648438,32334428
2024-08-16,790.319198015761,793.0611831331643,781.8263604564881,792.0662841796875,27849246
2024-08-19,794.759726022084,794.759726022084,787.9896858897818,791.7993774414062,19502164
2024-08-20,789.8095595425733,798.8119905444514,789.8095595425733,794.783935546875,31134494
2024-08-21,790.1250771140934,793.255329982036,785.126471042094,789.0089111328125,47630904
2024-08-22,792.0177293410987,795.0751744192786,790.0765094162431,791.6780395507812,21300638
2024-08-23,792.988292052303,792.988292052303,787.6499375770427,788.6448364257812,20333422
2024-08-26,792.1147410094821,799.7582942162704,792.1147410094821,795.8758544921875,22364266
2024-08-27,797.5502737581256,799.4914938187558,792.1148220435606,794.8082885742188,35773244
2024-08-28,794.8081968881353,795.7788068064845,791.1441207498361,794.4927368164062,26921188
2024-08-29,796.8707505966252,798.035494358065,791.6052035874162,795.1964721679688,49052604
2024-08-30,803.6650654368904,806.5768953841255,786.7521983416328,794.395751953125,445342100
2024-09-02,799.200245545704,799.200245545704,787.747000900005,789.56689453125,34049680
2024-09-03,792.9883758285047,795.875916903195,788.4264969467081,794.6141357421875,37282860
2024-09-04,795.4148040993854,798.2295964742419,792.0176694876126,796.773681640625,24682744
2024-09-05,798.8119853769339,800.7046866194709,796.8707654853739,798.5450439453125,22876318
2024-09-06,795.0751920423825,799.6613005199742,793.0368755313057,794.4199829101562,26029602
2024-09-09,794.9295342541234,800.0252363967779,791.0956131747174,799.0546264648438,23792914
2024-09-10,802.6943484628727,802.6943484628727,794.9294696385643,800.9229736328125,26606646
2024-09-11,800.9473902400173,801.9665188998836,795.5119386518413,797.7929077148438,22226684
2024-09-12,802.6944342572692,810.4593139115112,799.32158835399,808.8092651367188,32424046
2024-09-13,812.400503038587,812.400503038587,804.1746076631325,808.4937744140625,23860532
2024-09-16,809.0033572167779,814.2446744093743,807.5717313009576,810.9202880859375,15172820
2024-09-17,814.3417351276187,814.3417351276187,807.6202731787942,809.876953125,20127122
2024-09-18,811.3570886275262,824.4846115422112,810.9931099061356,822.494873046875,40917342
2024-09-19,824.6301946967953,834.2392569551141,824.6059649927001,829.1435546875,30651776
2024-09-20,833.0259912779876,846.8328941482245,828.6825354394553,845.0130004882812,60623386
2024-09-23,848.7984163669939,857.2184459846895,844.5519977602407,854.0397338867188,26965350
2024-09-24,856.5633141386422,864.6436541344489,851.3462854547951,858.0435180664062,33039036
2024-09-25,854.2095009540504,867.7252316684056,854.2095009540504,863.406005859375,31965312
2024-09-26,860.4700264333525,867.7253122548344,858.0435015109396,865.5171508789062,31899644
2024-09-27,862.3869272945984,862.9692695590985,849.2836931713828,850.5697631835938,35613502
2024-09-30,848.7013681367213,849.987378933711,836.8599148404105,840.572509765625,26383534
2024-10-01,836.6658121791694,845.4013020975134,834.773110848595,837.7334594726562,24572284
2024-10-03,832.613483062025,837.7091852435565,812.0850591484665,816.282958984375,48473398
2024-10-04,812.6431974622866,820.4808848190723,802.2091402837622,804.4658203125,48683232
2024-10-07,801.8208473760044,805.1209448670484,782.7969162571121,785.1264038085938,94458296
2024-10-08,791.0470635179641,804.0532597925816,787.1646239424159,801.2627563476562,29734406
2024-10-09,800.5105298956967,804.0289908485573,790.4161630516477,792.5758056640625,41125642
2024-10-10,795.4147877416559,808.2510795642027,792.2603056670246,806.7709350585938,21754766
2024-10-11,807.7658537028776,807.7658537028776,797.4774117796152,801.238525390625,23672594
2024-10-14,803.689297804442,821.1602762579215,802.6943989459767,819.2432861328125,18527508
2024-10-15,822.1065938917583,824.0478137120458,813.1284522229286,817.3020629882812,19651130
2024-10-16,815.3609038822862,828.8766360391955,815.3609038822862,824.9214477539062,20470682
2024-10-17,822.5676501021808,823.8780090897097,808.1298269832027,811.988037109375,14695732
2024-10-18,807.1106759435778,820.6506963237373,802.7429312558701,816.2101440429688,24809724
2024-10-21,832.2980010606213,848.3858722296796,830.3810701774502,838.9466552734375,46548354
2024-10-22,839.601939418289,844.4307004744691,830.2112402699462,832.0797119140625,38875280
2024-10-23,827.4692671141377,847.5851345291038,827.4692671141377,842.3923950195312,38036090
2024-10-24,843.5085346118838,858.3346247570413,843.5085346118838,849.1138305664062,30832258
2024-10-25,851.7102142266036,853.0933215296461,838.9466699408074,846.0806884765625,26130478
2024-10-28,845.4012471416386,849.7689918168825,839.043763962605,841.6158447265625,22012142
2024-10-29,837.7091441080032,856.0779244597386,837.1995502183419,850.1814575195312,35794926
2024-10-30,845.4012662208864,851.5889046504595,836.7628139716957,841.8099975585938,32715724
2024-10-31,838.6070472346083,843.8968836285101,834.4334360468695,842.3438720703125,22895912
2024-11-01,841.0335262277963,846.4203996311912,837.6849100339031,843.120361328125,1759692
2024-11-04,846.8572030494149,846.8572030494149,830.3083148266296,831.8612670898438,28089248
2024-11-05,826.4743572133567,855.447039991069,823.999313734677,853.0933227539062,44232406
2024-11-06,859.7177486791857,859.7177486791857,847.0270119492034,851.83154296875,27787910
2024-11-07,846.5174998307751,854.5977803501312,843.4600547619757,847.6094360351562,18895456
2024-11-08,850.2543248355499,855.0103373353861,847.2696873607207,851.4432983398438,19902986
2024-11-11,851.4918196964699,865.2016844692026,849.8660007285889,857.1941528320312,24565362
2024-11-12,859.9603824917264,861.4162973605047,829.2163253609564,833.8509521484375,31395406
2024-11-13,833.1473377113161,839.2864576545572,811.9152444974701,815.967529296875,35728500
2024-11-14,811.9637453515568,827.3721783747438,811.4784403744485,821.5,27146470
2024-11-18,825.0184258091194,834.190701332557,822.5919010273279,827.4934692382812,27081968
2024-11-19,831.8127776666084,851.1036515944076,826.3288074195308,845.5226440429688,50981272
2024-11-21,848.9925368361551,853.6514527573436,841.6158656563873,845.0130004882812,35716512
2024-11-22,846.1534758192824,851.3705040721685,839.3592064666866,847.1483154296875,24773612
2024-11-25,866.293664684976,875.2718066744363,856.5147576427843,866.560546875,427737274
2024-11-26,878.4019987795361,878.4019987795361,858.8927626136716,866.5363159179688,30935566
2024-11-27,868.6473457001546,881.9689429401197,866.3421471774458,879.5181884765625,32714976
2024-11-28,882.769668950273,891.0683714170436,867.7252160984541,870.2245483398438,35722392
2024-11-29,874.1799313606635,875.7814023363161,865.2503073983569,871.632080078125,27669536
2024-12-02,875.2475527258944,877.5042327860683,861.4163604593637,875.8298950195312,15110876
2024-12-03,884.5653546960274,891.6993733770357,881.3623537076274,886.3125,43410242
2024-12-04,891.9905313310416,905.0937654692016,888.6662041479593,902.7157592773438,44669084
2024-12-05,902.6672600453907,912.349070670313,890.6316728815866,905.457763671875,39682714
2024-12-06,901.2113107944992,904.7054828102569,894.9023463139778,900.6531982421875,17783156
2024-12-09,899.585600026442,912.3733745717748,897.3289199910699,907.5203247070312,26947912
2024-12-10,911.2570600965298,911.2570600965298,901.963517909446,906.59814453125,13325480
2024-12-11,903.492253077643,908.4423993938311,901.0900171351183,904.1716918945312,14045426
2024-12-12,898.2994568437374,906.8651010060448,897.183231769173,902.30322265625,17293790
2024-12-13,903.8804969466607,909.9468090067054,887.7441068669418,908.3695678710938,19009002
2024-12-16,905.1422772502634,907.4959944793276,900.3620351992098,905.1907958984375,13107082
2024-12-17,900.8958970749953,903.8077269850552,886.4095551207139,889.6853637695312,21079532
2024-12-18,888.0353013877913,891.0199388482123,877.0189020931173,878.74169921875,23422312
2024-12-19,873.3548187057529,874.0827761662058,863.3575480971324,870.3944702148438,25380770
2024-12-20,864.9105130352275,872.3599918831414,857.5581899695972,859.7177734375,25692348
2024-12-23,864.8135067920166,876.4608267488114,864.4738169898098,874.0343017578125,11044592
2024-12-24,874.5438211790217,877.7710517489787,868.4775092184595,872.6268310546875,14485834
2024-12-26,872.8452166518102,879.372544346817,864.2067650913875,869.059814453125,10481678
2024-12-27,871.0253675774094,876.4364704987394,868.2590937552997,872.6996459960938,7259330
2024-12-30,869.7635560951499,880.8285332674382,859.4751142791366,862.82373046875,22222218
2024-12-31,859.1353716990042,864.7163785916373,856.8544029024364,860.3728637695312,14117236
2025-01-01,860.6640693133434,870.637110073425,854.6705648241472,865.1774291992188,7313806
2025-01-02,862.4354683380634,875.2232427161829,860.4457297678027,870.5158081054688,18558576
2025-01-03,869.181218624921,871.2437647886038,847.4881097293069,848.8954467773438,24426194
2025-01-06,844.4791507386858,852.7778537230372,827.8332261221516,830.1141357421875,18816348
2025-01-07,832.2980215119891,835.209851324859,825.0184469798143,831.5215454101562,13527906
2025-01-08,829.022239132803,830.6722879270967,816.9381331798057,822.2522583007812,19738190
2025-01-09,817.3263871062876,819.6801043914131,804.6841687860751,809.3916625976562,40420222
2025-01-10,810.9446489326335,812.8373502667392,802.6944639943603,804.029052734375,17453280
2025-01-13,795.9001470292906,799.1759555612708,788.2808827329198,791.4595947265625,21669066
2025-01-14,795.8516298211142,803.7620652641559,794.4442335639691,799.1031494140625,26661432
2025-01-15,803.9076993782851,806.9165665577839,794.1045624787163,797.38037109375,14022892
2025-01-16,802.1363163454865,805.873200199019,797.2832665938832,801.7481079101562,21212454
2025-01-17,797.5987456720695,800.9958805790999,790.31917087129,794.3229370117188,23112076
2025-01-20,789.1059123060181,806.0672979791628,789.1059123060181,801.35986328125,17557618
2025-01-21,804.756952160241,806.115829748555,792.5272908307279,797.0648803710938,31158144
2025-01-22,797.0648841596673,811.3813805875693,788.8389294808721,808.5423583984375,30619306
2025-01-23,818.70954271768,818.70954271768,801.3598888041311,807.9843139648438,34909158
2025-01-24,805.6062761215885,810.6049411699597,798.0840488445496,800.6561889648438,24236200
2025-01-27,796.433983923838,797.6472463633178,789.1058906376462,790.9500732421875,22804166
2025-01-28,799.2973542955573,817.3992549290822,799.2973542955573,810.6535034179688,30179312
2025-01-29,812.8857890816031,815.8704263644069,809.9011517987993,814.0020141601562,12619890
2025-01-30,815.7976693049923,823.9993352943973,811.696865930955,820.8933715820312,25744846
2025-01-31,818.830797136207,827.2993450265934,817.2292670650723,824.4118041992188,15821686
2025-02-01,823.8051750140157,831.3274019434516,813.3954072501344,820.6264038085938,5587528
2025-02-03,810.4592960980566,818.6124432523412,807.2805248629369,814.3417358398438,20276540
2025-02-04,819.534460691003,837.5393220656948,815.3366201880791,835.1613159179688,28616502
2025-02-05,841.0334885893271,846.4688803989707,834.1907005592836,843.3629760742188,23675506
2025-02-06,842.2467875560731,848.7984047453597,836.6657803207547,846.299072265625,26760716
2025-02-07,849.2837426225924,857.5339275509261,837.1511177279839,840.9122314453125,23509600
2025-02-10,833.4142336911924,836.3988118099606,829.1435263354559,832.6619873046875,17195950
2025-02-11,826.4743520691721,830.3567917735487,819.5344674010676,825.6978759765625,22724704
2025-02-12,821.6213102303759,830.8421046157138,815.8946879155817,828.3185424804688,22809570
2025-02-13,824.5332029174352,831.934104238501,821.8883143385714,823.9022827148438,12602434
2025-02-14,825.9405276867242,825.9405276867242,815.3123371576534,822.5191040039062,19959892
2025-02-17,817.8359099627821,834.7245465784594,815.918979031997,833.4384765625,12938946
2025-02-18,831.3517231291166,840.3298652963055,828.0031069049801,836.2047729492188,16350910
2025-02-19,833.268662828246,843.4115489066289,831.0605014404679,838.21875,11884112
2025-02-20,830.3567961314325,832.152400807599,817.8844822121968,818.7579956054688,26390510
2025-02-21,815.74907568617,822.567574466393,813.977700828203,821.3786010742188,15680940
2025-02-24,815.8461881773111,817.3506217636291,806.1400885993494,813.9049682617188,20693646
2025-02-25,810.9931388087847,819.1948048046805,810.9931388087847,816.4528198242188,24138708
2025-02-27,816.5499163188684,830.235493033587,816.5499163188684,825.358154296875,35786800
2025-02-28,817.7388430279666,843.0960267361039,817.7388430279666,840.7423095703125,54516728
2025-03-03,844.3336059197142,845.9108470636534,822.1551333662954,825.7706909179688,21205364
2025-03-04,824.04786119963,831.9583561196923,821.7426625301964,829.8715209960938,19920958
2025-03-05,825.9647760106438,830.2597724194886,819.316121569752,820.1654052734375,21583872
2025-03-06,818.7094845214233,824.9699304836942,811.5512362127743,820.7477416992188,32966088
2025-03-07,816.2829306934012,825.5765323887408,814.1475770525966,819.8013916015625,13372914
2025-03-10,819.6801059027778,824.969941998729,816.7925649870414,818.9521484375,15604050
2025-03-11,816.4771337496867,822.1066598317914,810.4836289220838,817.9815673828125,19898430
2025-03-12,820.9176607269924,833.9966062113717,820.9176607269924,830.4296264648438,18784106
2025-03-13,832.8076643515269,835.112863088808,825.0427843943695,828.2214965820312,15736264
2025-03-17,827.4449541690359,836.6657483797172,827.4449541690359,830.0656127929688,18950652
2025-03-19,842.004146653194,849.7690263917825,840.6452690024086,846.42041015625,15221406
2025-03-20,851.2249908210027,860.9310910584144,848.9440809617447,858.3832397460938,17833978
2025-03-21,851.9771897387066,860.9795616616999,851.9771897387066,859.15966796875,33508264
2025-03-24,863.3575457763671,875.6843039218336,860.7611760226637,873.5489501953125,17393736
2025-03-25,875.9269782864857,894.7567761384419,874.2769294910811,883.958740234375,39101416
2025-03-26,885.681575218163,886.8948376499686,874.5195608455505,876.7277221679688,24478442
2025-03-27,873.548970937254,893.4464752752693,872.6268796196651,885.8514404296875,41658100
2025-03-28,887.6227647317345,891.0198994245295,876.3879431494396,887.2344970703125,28773648
2025-04-01,874.5195261060333,878.3534470865061,856.7330877140463,857.9463500976562,28511006
2025-04-02,859.3294691298255,873.16066049231,859.3294691298255,872.0444946289062,11573564
2025-04-03,864.3766781830471,875.490173946712,862.3869396359797,871.0496215820312,11250038
2025-04-04,879.8579280746396,893.9074835384829,878.9358367650708,881.9447631835938,33540454
2025-04-07,855.4956105111871,863.7700245665659,843.5570610557007,853.0205078125,37995450
2025-04-08,856.5633039940931,864.8134887917699,849.4293443655757,858.5773315429688,35563872
2025-04-09,856.5632934570312,861.4163432783175,850.982286162552,856.5632934570312,22454608
2025-04-11,861.2950087869681,882.9638878798253,861.2950087869681,876.8247680664062,32775766
2025-04-15,905.0937456982635,910.8203678930464,900.240696123474,905.0452270507812,49298344
2025-04-16,914.2175024102767,914.2175024102767,902.9098732067754,911.4027099609375,19136820
2025-04-17,913.3439239431574,931.6398970227459,910.7717839889756,925.3309326171875,35703084
2025-04-21,933.7267676045618,946.6843866809207,926.9324979858176,935.231201171875,34247298
2025-04-22,939.0651467003056,956.3419923313835,939.0651467003056,952.0227661132812,45961750
2025-04-23,960.3699954066212,960.3699954066212,932.0281739470523,933.67822265625,30570642
2025-04-24,926.9324466168475,933.6781972127433,924.5544405338061,930.2325439453125,25931754
2025-04-25,934.1150265036636,938.094503546439,918.099962552793,927.5148315429688,18500878
2025-04-28,927.5148236825167,936.4929655182809,926.156005327847,931.882568359375,13920492
2025-04-29,931.2032084346736,936.0562581779409,922.1764885191324,926.3501586914062,18918308
2025-04-30,928.3883766867898,939.9871769317172,927.0780770079656,934.2120361328125,31936870
2025-05-02,936.5415014593009,942.4136794135693,931.7854893276606,932.7075805664062,17840404
2025-05-05,941.0063068714467,947.3152712805899,937.754787372496,939.9386596679688,15068024
2025-05-06,936.638567281111,941.5401354999643,933.8723527219415,937.4635620117188,17490156
2025-05-07,938.5797640346196,945.7137230326645,932.950238518458,944.2092895507812,21420778
2025-05-08,948.6741890736062,948.6741890736062,931.348765916796,935.91064453125,34803430
2025-05-09,926.9810441332826,931.3002703673066,915.6734734771652,917.080810546875,17188796
2025-05-12,930.6208021509265,951.149226156264,928.0487213449755,949.8388671875,18618972
2025-05-13,946.3446699698328,952.0227142931207,931.7855212010662,933.0473022460938,24242102
2025-05-14,932.8047011833116,936.7356597192896,923.5353878045329,927.2236938476562,15445308
2025-05-15,928.6310129632633,943.8210814498384,920.6234813646776,938.4827270507812,32241458
2025-05-16,938.4828285590543,943.3358785376587,935.8621697223413,938.9195556640625,15868010
2025-05-19,940.0357840059994,943.918224001894,937.1239540090784,940.8607788085938,10202964
2025-05-20,935.7165491131649,938.8710315810085,928.388455536133,929.310546875,23879090
2025-05-21,935.1827306623918,944.8403119658641,932.3194193274059,935.085693359375,15132040
2025-05-22,929.4560306672615,933.8237752836327,924.6029810935157,931.7369995117188,21306670
2025-05-23,931.8340640363383,940.0357299039,929.1163680438908,938.3856811523438,9566072
2025-05-26,939.0651219212037,946.2961778607493,935.13416349166,941.5886840820312,10802860
2025-05-27,937.415037254252,945.3740503477449,929.989907003196,934.8429565429688,26162148
2025-05-28,931.8826007257043,938.8224856498367,930.6693382733266,933.484130859375,18157594
2025-05-29,935.6679454442282,941.8798725130029,925.6221566559584,935.42529296875,28917794
2025-05-30,937.560664423884,945.7623300992254,934.406182182701,943.86962890625,28748078
2025-06-02,936.6871049098005,939.5504160632175,925.9618769879231,937.65771484375,14668822
2025-06-03,940.5209813981357,947.3152506136021,931.7854924068217,934.0178833007812,24377584
2025-06-04,932.2708380103269,943.0931624292062,932.2223193620798,942.073974609375,12961542
2025-06-05,945.3740366284826,950.6638723983343,941.5886343458625,946.1505126953125,22255418
2025-06-06,943.432829986841,968.8143027617217,942.8019098505041,960.2728881835938,30127008
2025-06-09,968.1833931080394,968.1833931080394,958.9140802403333,960.3699951171875,13202588
2025-06-10,962.2627345803987,962.2627345803987,951.7315810074685,953.7698974609375,15533126
2025-06-11,954.8860400853163,954.8860400853163,944.8887696252715,946.538818359375,11096394
2025-06-12,946.3447246989118,951.6830795561876,939.2107650861756,943.1417236328125,16349130
2025-06-13,931.7855323379068,938.0944968797781,928.3883975845915,930.6207885742188,12117762
2025-06-16,933.7267280054107,940.957783641244,931.8340268436207,939.2592163085938,16513746
2025-06-17,940.0357879023232,942.2681790609491,931.348816527236,936.4445190429688,16978736
2025-06-18,930.329645039179,939.6960548333931,930.329645039179,938.5313110351562,18433816
2025-06-19,938.5313155721643,944.7917616817875,934.5032605291775,939.2107543945312,16876220
2025-06-20,937.415115265286,956.0023202459611,937.415115265286,953.4786987304688,32900408
2025-06-23,945.5681762695312,950.1785732937573,942.3651754483343,945.5681762695312,11739518
2025-06-24,953.6242600004867,960.4185295373859,949.0623814631601,951.634521484375,22625322
2025-06-25,954.1096083800328,961.8744882040819,953.0904797513926,961.0009155273438,18405932
2025-06-26,961.5833031108746,983.7617170900772,960.9038642878594,981.1896362304688,50084830
2025-06-27,987.6660313444861,991.0024333509556,978.0494242399598,988.5982666015625,28213384
2025-06-30,986.9301202198938,988.0586250503452,979.0798184930638,982.023681640625,13649020
2025-07-01,983.740927917604,989.138010315157,983.250284063281,987.2244873046875,14389386
2025-07-02,991.0515399227539,991.0515399227539,970.4444979040134,974.418701171875,18878250
2025-07-03,978.7854199779471,985.2128423794024,973.584607191008,974.9583740234375,16860506
2025-07-04,974.9583893832662,983.0049605598704,971.4748300017685,976.037841796875,7863944
2025-07-07,975.8906089947405,980.5026731224453,973.3392849545877,975.1055908203125,11349426
2025-07-08,970.0028875050783,983.740915249207,970.0028875050783,981.974609375,15224316
2025-07-09,984.7221568062151,988.058558773539,980.3554147849677,986.7828369140625,13861428
2025-07-10,989.1379844829171,989.6286283244265,981.2876830187669,984.3296508789062,17030310
2025-07-11,980.306453474884,983.642855752239,971.9164552660966,973.2902221679688,12516922
2025-07-14,972.94677734375,975.7434233970494,966.8627814826074,972.94677734375,13088850
2025-07-15,968.0403470063502,983.0540373178538,968.0403470063502,979.079833984375,14498168
2025-07-16,990.1192370651518,992.4252390812768,977.6568719540081,979.4722900390625,17994612
2025-07-17,983.2502269350301,983.6427659529008,972.7994894879338,974.8602294921875,22529158
2025-07-18,974.8602232374529,979.8157138677898,958.2273856704023,960.38623046875,16129446
2025-07-21,970.5916382285527,982.2689857931025,969.7575676423911,981.5330200195312,22309078
2025-07-22,987.7151032772119,990.1192700741381,982.7596124670459,984.771240234375,14836814
2025-07-23,986.6848008986999,995.9089294093236,982.7596500249109,993.2103881835938,13634916
2025-07-24,999.7849522880986,999.7849522880986,985.4091233743482,988.2548217773438,19107176
2025-07-25,991.1076548914018,991.1076548914018,983.237817433207,985.9922485351562,9306598
2025-07-28,985.205265864704,994.2555908496133,983.9756037755068,987.9105224609375,12059580
2025-07-29,983.6804999207345,996.7640925817828,981.9097985152405,994.3539428710938,19895696
2025-07-30,997.5018784172968,999.764444634085,992.091365270063,996.4197998046875,15154036
2025-07-31,990.9108782036614,999.1742313953042,987.664582321978,992.6815795898438,22183032
2025-08-01,990.6157884442932,997.6494796779898,988.3040477115343,989.7304077148438,11317258
2025-08-04,988.6974801605747,992.8291567300697,977.8764539291843,979.7947387695312,13933946
2025-08-05,977.0894619202779,980.975205994727,966.7603007320947,972.7118530273438,23978058
2025-08-06,969.5147509914575,977.8272785976125,968.9737116887809,976.499267578125,14080204
2025-08-07,973.9415460716062,984.5166400056098,972.3184281442016,981.4671020507812,13081186
2025-08-08,977.3846207407715,980.1882863803764,968.9737439061473,970.8920288085938,13895264
2025-08-11,971.8757166821836,982.5491593344192,970.4984711596596,981.5654296875,9105854
2025-08-12,979.7455870293594,981.7622208654035,967.7440729221851,968.924560546875,12937802
2025-08-13,980.7784409396806,980.7784409396806,968.5309950398891,974.0399169921875,13577396
2025-08-14,972.908633518138,981.7622004561191,969.5639286580633,979.35205078125,17511716
2025-08-18,988.6483131467888,996.8132573563983,981.5654475516468,985.5003662109375,19284796
2025-08-19,982.8935135816985,986.7300232295675,977.1878335213248,979.35205078125,12352438
2025-08-20,977.3354453835109,979.7947696044055,973.4005266300795,977.9256591796875,9950228
2025-08-21,982.5000176251586,982.5000176251586,975.4663263982883,979.4012451171875,12439850
2025-08-22,978.7618310909676,981.7621945267439,962.6286407512459,966.317626953125,19833502
2025-08-25,964.1534314319724,972.6135426708398,962.5794879672083,966.0717163085938,17518044
2025-08-26,963.5632270654481,969.6623631247153,952.2503356808104,957.5625,16917731
2025-08-28,951.2665723546679,956.3819785474136,939.4618165446824,942.2162475585938,25438255
2025-08-29,938.4781016808785,947.6267755693488,934.6415319653455,936.1171264648438,14823813
2025-09-01,934.1496321868741,941.8719458039564,930.9525108908947,935.1333618164062,20178344
2025-09-02,935.5269334024698,939.2650942089082,928.6408255856272,929.1326904296875,14196320
2025-09-03,929.6245191670979,940.740652202688,924.7058709175366,938.9207763671875,16083481
2025-09-04,944.5772033181551,949.9877162864987,940.6914592688354,945.610107421875,17597657
2025-09-05,951.7584261964354,951.7584261964354,938.5272505370174,947.7251586914062,11602111
2025-09-08,953.2340258485783,957.3165278914954,944.823149393627,950.2828369140625,11711307
2025-09-09,958.1526998830964,958.5462157684692,947.0365666053971,949.4467163085938,13985539
2025-09-10,958.0543466125587,958.0543466125587,946.0528326679372,950.1845092773438,18091100
2025-09-11,944.6755555766032,953.4799478098324,944.2820997482355,952.0535278320312,15113633
2025-09-12,954.1194397337725,954.9555859441327,946.5938836721522,951.5617065429688,14363519
2025-09-15,953.824233432933,956.5294899386951,949.2991011128589,951.3157348632812,14486377
2025-09-16,945.560981879392,953.5783427584718,945.560981879392,951.1190185546875,18661794
2025-09-17,949.4467082101403,958.5462075924,948.6596764461077,950.7747192382812,17361476
2025-09-18,957.4640913046234,963.7108108355188,953.4799980850369,961.0055541992188,17791598
2025-09-19,959.0380500102757,960.8087513537787,946.4462625851606,951.168212890625,31243267
2025-09-22,948.315388056543,955.3982535857159,946.298754270858,948.5121459960938,10854415
2025-09-23,951.2665762064279,952.447063800625,939.9536851760515,941.6260375976562,21022298
2025-09-24,936.7074240016012,940.8882751893465,927.6570988338277,935.5761108398438,15117220
2025-09-25,937.0024763946197,942.4129893816753,931.9854792780051,934.3955688476562,31413279
2025-09-26,929.7228805294212,935.9695999150294,925.9847198182591,929.6737060546875,14874656
2025-09-29,930.6574059019287,941.232499440892,923.8204729543667,934.8382568359375,32398179
2025-09-30,942.4621986714628,944.3804835370663,930.9033750448373,935.5269165039062,28296687
2025-10-01,937.1992488555558,953.8242439027433,930.6082481971154,949.5450439453125,25350832
2025-10-03,936.5106471136629,951.0206597658967,936.5106471136629,949.4467163085938,26658296
2025-10-06,956.0868643620497,961.4973774003239,946.3479168763192,957.6116333007812,18542683
2025-10-07,958.1527020714059,973.7447933808842,955.201513050652,966.514404296875,25535736
2025-10-08,960.1201629857547,969.8591107869768,958.6937429483099,962.7762451171875,15939710
2025-10-09,958.6445364195181,963.0713198098597,954.3653364923583,961.2022094726562,15370950
2025-10-10,963.0713193511867,970.1541847807785,962.1859386567031,964.9404296875,13757080
2025-10-13,958.4477997344204,965.0388004923793,956.1852335153851,961.1038818359375,18634254
2025-10-14,954.2177737318785,964.4977607253469,951.2665847409552,961.25146484375,22934382
2025-10-15,959.1364356766506,968.8753835018975,957.5132576917447,962.3335571289062,23310447
2025-10-16,966.6619807603523,980.384961573746,965.5306676270898,978.1715698242188,22936566
2025-10-17,977.7781081157631,992.5832274986775,969.9574453059425,986.2381591796875,25210511
2025-10-20,980.7784494751901,1003.4042311581684,980.7784494751901,986.6316528320312,22195202
2025-10-21,989.6320299074079,993.5669485153896,987.664570603417,991.3043823242188,3471600
2025-10-23,999.4693402098319,1003.8961237048558,989.6320435542233,992.386474609375,43526526
2025-10-24,994.5506701933195,995.4852253636408,975.1711841959709,978.5650634765625,17707768
2025-10-27,980.286584655995,992.6323796093756,979.9914777728962,986.6316528320312,15700796
2025-10-28,981.4178939740924,991.5994716753507,978.8109864255694,987.2218627929688,33904289
2025-10-29,988.5499498614066,996.0262711888014,983.729650556841,991.451904296875,17769445
2025-10-30,983.7296659041476,993.0750977302371,980.8768258561881,981.9097900390625,19962917
2025-10-31,977.8272677237645,988.1072545286754,965.1863657946757,971.2362670898438,23221330
2025-11-03,968.9737116887809,978.3683179002891,967.3013592642496,976.499267578125,16607180
2025-11-04,970.9411924643373,980.7784892471573,967.6948965344255,969.2196655273438,20024544
2025-11-06,965.0388182096445,974.9252895070431,958.1527104344483,968.6294555664062,22279516
2025-11-07,964.0550607577244,968.8753600783504,958.8904800750938,966.317626953125,15004568
2025-11-10,966.3176552483678,974.8269410200376,964.2518469316628,968.4818725585938,15988262
2025-11-11,967.4981021987119,977.3353986115102,962.0875891716729,975.564697265625,10200530
2025-11-12,982.549186657653,982.7459446009269,971.629811290036,973.4005126953125,13137263
2025-11-13,967.990016129637,973.9907432290495,966.6127705451346,970.596923828125,14124839
2025-11-14,960.169315545859,975.5155341538173,960.169315545859,973.4988403320312,21386965
2025-11-17,975.121999344663,981.7129998984626,969.5639028977658,980.3357543945312,18396408
2025-11-18,981.4178963551165,982.7459073482096,973.8923406153428,976.302490234375,20002640
2025-11-19,973.8923481205824,980.3357652840727,967.9899702531849,978.41748046875,19813847
2025-11-20,979.106143718625,995.1409255797437,976.3025381325072,992.4356689453125,19850865
2025-11-21,986.7792242744008,991.8946306513916,980.3358068377918,981.8114013671875,17499897
2025-11-24,983.7296398293618,994.9933562138265,977.4337461176169,982.8934936523438,32204053
2025-11-25,987.6645910314578,989.7303993265384,972.3184321597589,973.6956176757812,24989383
2025-11-26,965.3338969506472,990.566586579224,965.3338969506472,987.5662231445312,19494356
2025-11-27,985.7954498771661,1000.2562876177888,984.7133712881919,993.0750732421875,25536848
2025-11-28,990.615779865885,995.583602701878,987.8613487922537,991.2059936523438,15988807
2025-12-01,1000.9449320171519,1000.9449320171519,983.0410401436599,985.7954711914062,16746566
2025-12-02,971.9249162739843,978.2208101938114,968.9737272569581,973.6956176757812,27316662
2025-12-03,969.957416921422,985.9921979107919,969.957416921422,984.2214965820312,15448777
2025-12-04,983.7296507402166,988.3531921071142,976.8435431850351,980.9752197265625,14528169
2025-12-05,975.8598190407668,991.5994935414243,974.0891176678615,986.9759521484375,12843366
2025-12-08,983.7296369469886,990.1238795871441,981.2703128546212,986.7791748046875,12901022
2025-12-09,978.7126738119038,986.4841021884776,977.82729309106,980.8768310546875,15294322
2025-12-10,981.2703481612342,982.2540778335763,969.2688341502419,973.6956176757812,15322830
2025-12-11,973.892376646044,986.3857555063869,972.4167821359742,984.0247802734375,11844809
2025-12-12,986.6808557305643,988.3532081724247,981.9589653386773,985.2052612304688,11988618
2025-12-15,975.8597989154725,985.5003373398883,975.8597989154725,979.89306640625,9790060
2025-12-16,973.9906989646398,982.4508099496376,973.9906989646398,978.1223754882812,20049088
2025-12-17,979.7947462128429,979.7947462128429,964.8420432983647,967.989990234375,19080922
2025-12-18,957.464054962666,971.334679033018,957.464054962666,963.7599487304688,14912404
2025-12-19,970.9411706561548,971.9249003123414,962.7762265182249,969.465576171875,25952384
2025-12-22,971.9249286743926,976.745228147207,967.8916609831689,971.6298217773438,13540411
2025-12-23,974.3842218605324,982.647574967353,971.6297908389565,980.3849487304688,17927849
2025-12-24,976.8435431850351,983.1394369666097,976.8435431850351,980.9752197265625,13699996
2025-12-26,979.7947606844748,980.9752483081762,971.6298163538564,975.9581909179688,9360853
2025-12-29,976.9418827381613,981.1719682293385,971.1379138798658,975.564697265625,13545749
2025-12-30,974.0891482066822,978.8110386964976,966.219310709625,974.7777709960938,33155849
2025-12-31,974.8761180311038,981.3687099365719,971.531413084593,975.0728759765625,10963454
2026-01-01,977.3354223369146,981.3195154723957,973.4005036762727,975.023681640625,7132074
2026-01-02,975.0236621058955,986.8775923251652,972.7118614138294,985.3035888671875,11751459
2026-01-05,989.3861276768052,990.0255759869466,960.4152765333309,961.5957641601562,27647379
2026-01-06,947.0365425575541,950.9714611429873,940.445541918535,946.544677734375,31988783
2026-01-07,940.4455758755977,940.8882662408619,930.6082790568153,933.608642578125,52884712
2026-01-08,929.3294156929511,937.4943598087852,926.083119844739,931.296875,21928849
2026-01-09,929.6245460388378,935.1334082207486,918.1148967937476,923.72216796875,38183839
2026-01-12,922.246544668881,926.6733280832916,914.4750564356341,921.7055053710938,21071666
2026-01-13,932.2806373194226,932.2806373194226,917.4262830054705,922.0989990234375,32042827
2026-01-14,914.8685971701506,924.7550683892156,905.2280583696796,910.3926391601562,36688248
2026-01-16,906.9987674975428,920.7218085803552,904.2443363942556,915.95068359375,37780235
2026-01-19,920.6726328615482,920.9185652819042,904.5394420693568,912.8027954101562,38191942
2026-01-20,914.1799618930222,919.2953681382725,904.637772173591,916.049072265625,36022727
2026-01-21,909.9499161549952,916.9836070913005,900.6044845836736,905.3755493164062,32766854
2026-01-22,912.9011151422527,913.1962220288154,898.3419283315923,903.75244140625,44444755
2026-01-23,905.0312717738813,911.0319985807623,894.4561781091321,901.1947021484375,30985247
2026-01-27,891.2590997657288,916.0490999795524,890.2753700750383,911.3272094726562,44753093
2026-01-28,917.3279002643548,926.1322926560076,913.2946327089841,917.524658203125,35347138
2026-01-29,914.9669494914904,924.0172745375145,909.310503842987,920.2791137695312,37175628
2026-01-30,914.8685955943554,923.6238136980638,912.6552038308206,914.1307983398438,29691233
2026-02-02,900.1126164754811,914.6718030723491,894.5053455447564,912.9994506835938,28032106
2026-02-03,967.7440559401642,977.8272849855383,929.6245315003357,933.2643432617188,50336968
2026-02-04,937.0024986247718,941.62604002273,932.5265406922532,937.5927124023438,24366770
2026-02-05,940.4455315704454,940.4947060438036,931.2968579683982,934.248046875,28103169
2026-02-06,929.6245335781572,932.674071523322,922.3449100391202,925.7879638671875,18120272
2026-02-09,929.6245151050697,934.5431633331389,920.1315000080592,922.0006103515625,23947829
2026-02-10,914.868578036692,925.5912552799808,914.8194035624206,917.2295532226562,31525385
2026-02-11,916.098249190927,920.7709650928405,910.2450456843219,912.0157470703125,24869804
2026-02-12,911.9174149760892,913.4913584500406,903.5557126812706,905.6215209960938,33872203
2026-02-13,898.1451529282086,913.097855324917,886.3403973585059,889.1932373046875,50188359
2026-02-16,889.1932346170704,914.3766890728148,887.4224732532938,910.7368774414062,18806989
2026-02-17,907.9824677389611,912.9994649414832,903.6540332583628,910.6385498046875,22599629
2026-02-18,908.1792516728873,910.4418179261975,904.5886143276533,909.6548461914062,12738702
2026-02-19,913.8848827326366,914.0816406792112,897.6041683586819,900.702880859375,21209234
2026-02-20,896.1777087970013,902.9162328649714,893.6200357305538,897.0138549804688,22654907
2026-02-23,901.5882362795462,910.5893867142319,900.3585742006053,908.5726928710938,23270122
2026-02-24,912.8519465614362,912.8519465614362,894.3578410316289,895.6858520507812,31313985
2026-02-25,895.7350222932594,901.0963609031212,888.4062243801156,892.8330078125,27884303
2026-02-26,897.1614323550999,897.1614323550999,880.4380284625158,883.9794311523438,41165937
2026-02-27,883.9794733683615,884.3238147843207,870.6007736322075,873.3060302734375,34620755
2026-03-02,861.9439110956672,873.3059762779105,857.3695443137591,865.0918579101562,38378924
2026-03-04,834.202743374385,864.993469417403,834.202743374385,854.5167846679688,39862322
2026-03-05,859.6321193633155,867.0593261570968,849.4505416361635,863.4686889648438,31324582
2026-03-06,853.9264946975441,857.5171318697022,841.1871839599715,843.10546875,34439647
2026-03-09,811.5769775858611,828.7430723323081,808.1339237415574,827.0215454101562,35592613
2026-03-10,836.2193641547399,842.8595391904452,826.923107096334,835.629150390625,52866024
2026-03-11,831.2515482012323,835.0388833093358,814.1346283989498,820.38134765625,42261076
2026-03-12,806.7566625998296,822.7915039414563,806.7566625998296,819.2008666992188,46107561
2026-03-13,806.6583423777922,810.3965031755142,798.7885048911796,803.7071533203125,41700464
2026-03-16,803.7071599773169,830.7597265616207,802.3791489072894,826.9231567382812,52182605
2026-03-17,833.907625869114,835.0881134427475,821.5125964091002,831.5958251953125,38826979
2026-03-18,831.5958180920426,833.0222380629118,818.0695356894909,829.333251953125,23507063
2026-03-19,757.4718247668609,802.3791069663046,757.4718247668609,785.2130126953125,171637393
2026-03-20,772.2277890336613,780.8354236248008,765.5384393026802,767.7518310546875,103129469
2026-03-23,750.7333447737776,756.1930326018271,728.9928823726722,732.04248046875,72341738
2026-03-24,742.7158864237038,760.1770877270425,735.5346719806084,752.454833984375,61269986
2026-03-25,755.7011518436857,781.8683373030494,755.7011518436857,769.5717163085938,59230640
2026-03-27,760.6197661066401,762.2921184952538,742.2731843894259,743.8963623046875,65485199
2026-03-30,733.0753333889118,738.7809532430898,714.8271607333363,719.6473999023438,103500135
2026-04-01,730.9111370884557,743.6012737142313,727.0745673991486,730.17333984375,78862761
2026-04-02,718.1226435138951,742.7158847301245,714.8271732077576,738.6826171875,49310300
2026-04-06,746.6508105088765,760.1770933079504,732.8785952952741,758.45556640625,42976659
2026-04-07,753.5368922732654,761.4067292682865,748.6182441513773,759.4392700195312,51309793
2026-04-08,786.9837533249241,804.4941298279846,783.0488345582994,802.82177734375,70269512
2026-04-09,801.7397031581198,805.674621946626,780.1959987742106,784.72119140625,48879392
2026-04-10,790.9186649096054,799.0344347920734,787.9674758614352,797.1161499023438,38156026
2026-04-13,778.6220116333144,785.5081191272287,774.5395096022282,781.7699584960938,47549328
2026-04-15,791.8531825431569,801.5428954413671,790.9186273804953,796.72265625,39769515
2026-04-16,804.6908427624061,806.7074765090769,779.3106301457999,782.5077514648438,62861293
2026-04-17,777.2447773125524,790.8694690755784,775.3757269911107,786.8853759765625,37282544
2026-04-20,784.130869340026,796.7718311959621,777.146412936798,782.5077514648438,52148044
2026-04-21,782.2618278432276,801.6413139109341,782.2618278432276,798.5425415039062,49135752
2026-04-22,796.8210214869076,799.8213849297669,785.0162656130275,786.8853759765625,23876412
2026-04-23,779.1138736217773,783.6882404572269,769.7684420568696,771.5883178710938,37677616
2026-04-24,764.6530532653331,774.7854567622786,764.3579463755373,772.0802001953125,27720358
2026-04-27,774.6870798664892,780.0975928052393,772.227755803421,776.9496459960938,18115375
2026-04-28,772.2277766082829,781.5732082997206,765.6367759332712,769.817626953125,35366803
2026-04-29,772.7196209849993,777.1464043006358,764.7022005187322,766.3253784179688,25799963
2026-04-30,757.4718126650201,766.1286213727735,749.847908057028,759.1441650390625,47998755
2026-05-04,760.0295232783589,773.8017387354295,760.0295232783589,766.7189331054688,29028060
2026-05-05,761.8002432312857,764.2595672860843,751.2743242683289,759.734375,38887657
2026-05-06,762.5380651832903,785.9508189360297,760.9148872376333,783.58984375,35530831
2026-05-07,781.0813276889071,788.5084744009563,775.7199891869062,783.0979614257812,46137553
2026-05-08,771.2440360478325,775.9167518274592,764.5546865191014,768.145263671875,38016841
2026-05-11,759.3901026416063,762.2428825536997,749.5036318326614,751.2251586914062,41123422
2026-05-12,744.2898305325124,747.3394284783378,735.6330216051203,738.2399291992188,43937132
2026-05-13,739.7647228184694,747.5853858194506,735.1903557682459,737.4037475585938,28960919
2026-05-14,738.7810009702333,765.6368096362314,734.846082190099,757.0291748046875,50992358
2026-05-15,760.4230253238243,769.1782432932904,752.9467039429112,755.0125122070312,24347873
2026-05-18,746.6507839481793,761.5050772404568,739.1252283144738,756.143798828125,29812079
2026-05-19,754.2255287138954,758.2587962302428,747.8804605130283,750.044677734375,40307830
2026-05-20,747.2410491475586,749.8479568451309,742.8635000569833,747.1427001953125,24013451
2026-05-21,754.5206547496631,755.7503168336749,742.8634822100684,746.7984008789062,34664725
2026-05-22,746.7984174780529,762.390509033052,746.7984174780529,754.3239135742188,25604071
2026-05-25,763.3742255318324,775.0313981291084,762.5872538025895,774.0476684570312,26043952
2026-05-26,771.2932224692265,777.9825721015808,764.1120080103449,766.22705078125,31528062
2026-05-27,756.9799611769273,761.3083956280444,744.584991677417,746.3065185546875,63680153
2026-05-29,733.9115075895189,748.1264133157719,725.7465633447872,732.4359130859375,101299431
2026-06-01,736.8135126590627,740.1089829912345,727.1729740345589,730.6160278320312,47996441
2026-06-02,725.0087855549667,741.3386744827858,721.2214502442791,736.0757446289062,47314447
2026-06-03,732.3375535846441,744.5849997963322,730.5176176978582,741.3878784179688,36109480
2026-06-04,736.9610714527732,744.9784318589446,732.8785694984622,741.9288940429688,42673538
2026-06-05,741.6829610502508,746.355676758121,732.5342875674706,734.8952026367188,22116568
2026-06-08,725.9925096938186,729.4355636015806,722.5494557860566,726.6319580078125,21550700
2026-06-09,727.4189306755471,731.8457142768752,720.3852393810432,726.3367919921875,38539563
2026-06-10,724.5169081730804,743.6504624272108,724.418559222074,734.698486328125,44458159
2026-06-11,730.9111639255492,743.699649970007,728.0583237911012,732.485107421875,32632007
2026-06-12,742.4207572291352,761.8494172504803,740.8467538097462,759.8819580078125,36088159
2026-06-15,777.1464134002696,780.5894671305239,762.980682607529,764.7022094726562,39990334
2026-06-16,767.8010209255166,774.8838866823837,766.7681167622869,772.1294555664062,27820970
2026-06-17,774.8346784396643,781.376444549763,770.3586605239058,774.2935791015625,32405604
2026-06-18,773.7033792240301,789.8857441736253,773.4082723338255,786.0,41492071
2026-06-19,788.7000122070312,789.0499877929688,776.2000122070312,779.7999877929688,33798761
2026-06-22,789.9000244140625,789.9000244140625,783.0999755859375,786.4000244140625,25194765
2026-06-23,783.0499877929688,790.9000244140625,772.5499877929688,774.6500244140625,28289062
2026-06-24,773.0,794.9000244140625,772.6500244140625,793.2000122070312,34701292
2026-06-25,798.5,804.4500122070312,794.75,796.2999877929688,46707966
2026-06-29,800.0,805.9000244140625,793.2999877929688,798.9000244140625,46695977
2026-06-30,806.0999755859375,806.0999755859375,792.75,797.9500122070312,45778356
2026-07-01,793.5,802.25,793.5,796.1500244140625,26094378
2026-07-02,795.0,805.4500122070312,794.0,795.9000244140625,34143823
2026-07-03,803.0,807.0,798.5499877929688,801.0499877929688,25871958
2026-07-06,805.0,831.5,805.0,829.8499755859375,63203327
2026-07-07,843.0,843.0,826.0999755859375,829.2999877929688,57611729
2026-07-08,825.9000244140625,834.3499755859375,806.9500122070312,810.2999877929688,38754632
2026-07-09,813.0,822.8499755859375,812.2999877929688,817.5499877929688,39891798
2026-07-10,824.0,827.7000122070312,820.2999877929688,824.9500122070312,23595785
2026-07-13,817.0,821.9500122070312,811.0,817.9500122070312,21741736
2026-07-14,811.4000244140625,818.4000244140625,807.0,809.4000244140625,25605395
2026-07-15,811.0,819.7000122070312,809.7000122070312,815.4500122070312,21488739
2026-07-16,814.5,818.0,806.5,808.2999877929688,18698186
2026-07-17,810.0,823.7000122070312,808.5,819.5999755859375,17415322
2026-07-20,790.0,790.0,774.5499877929688,777.5999755859375,56061789
2026-07-21,769.1500244140625,772.5,760.0999755859375,761.4500122070312,42246009
2026-07-22,760.25,761.3499755859375,750.3499755859375,753.1500244140625,23385446
2026-07-23,749.4000244140625,751.0,743.25,747.25,32532090
2026-07-24,738.5,748.25,737.25,742.7999877929688,23837859
2026-07-27,746.0999755859375,747.9500122070312,738.0999755859375,739.5499877929688,29678752
2026-07-28,732.0,740.25,732.0,735.4000244140625,33886037
2026-07-29,743.0,751.25,740.7999877929688,748.2000122070312,20460659
2026-07-30,752.7999877929688,757.9000244140625,745.5,753.9500122070312,35844392
2026-07-31,753.9500122070312,757.5499877929688,747.2000122070312,748.1500244140625,25522483
2026-08-03,753.0499877929688,756.8499755859375,750.0499877929688,753.0,14827841
2026-08-04,753.2000122070312,753.2000122070312,738.0,742.0,31559802
2026-08-05,733.7999877929688,741.9500122070312,732.5999755859375,735.0,60050538
2026-08-06,739.0,740.5,733.5499877929688,734.2999877929688,44772122
2026-08-07,733.0,736.0,728.2000122070312,731.0,19382042
2026-08-10,731.5,737.5499877929688,728.5,731.0,23660590
2026-08-11,730.5,730.8499755859375,726.5499877929688,729.0,29154365
2026-08-12,729.0,730.6500244140625,722.0,729.0,26993177
2026-08-13,726.9000244140625,729.0,724.5,725.0,22129893
2026-08-14,725.0,729.5999755859375,723.5,727.0,20364131
2026-08-17,727.0499877929688,732.0999755859375,724.5,729.0,14823722
2026-08-18,726.2999877929688,729.0,723.0,723.0,17916507
2026-08-19,724.0,725.4000244140625,715.0999755859375,720.0,21342651
2026-08-20,725.5,728.2999877929688,724.2999877929688,725.0499877929688,17603805
2026-08-21,728.2999877929688,732.7999877929688,726.5999755859375,726.9500122070312,26029811
2026-08-24,732.5,734.4000244140625,724.0999755859375,729.0,11408345
2026-08-25,726.5999755859375,728.7000122070312,722.0,727.5,17511874
2026-08-26,728.0,731.0,724.1500244140625,727.2000122070312,21156463
2026-08-27,728.1500244140625,728.1500244140625,710.0,711.0,46515020
2026-08-28,710.8499755859375,720.2999877929688,707.0,720.2999877929688,16494301
2026-08-31,723.0499877929688,739.75,704.1500244140625,709.0,78157067
2026-09-01,705.0499877929688,715.4500122070312,698.5,711.9000244140625,44417092
2026-09-02,702.2999877929688,705.6500244140625,700.0,700.7999877929688,36950338
2026-09-03,705.0,712.5999755859375,705.0,706.6500244140625,27770641
2026-09-04,708.3499755859375,716.5,708.3499755859375,712.0999755859375,14488024
2026-09-07,712.0999755859375,713.0,707.0499877929688,710.5,12180390
2026-09-08,707.0999755859375,708.9000244140625,703.0,703.0,19883515
2026-09-09,698.0,700.0,687.0999755859375,687.0999755859375,39173990
2026-09-10,687.0999755859375,694.5,686.2000122070312,693.7999877929688,27108053
2026-09-11,683.9000244140625,709.0,681.9000244140625,708.25,31411934
2026-09-15,722.4000244140625,730.75,715.0499877929688,716.5499877929688,50387632
2026-09-16,714.9000244140625,725.4000244140625,710.8499755859375,721.5,27476943
2026-09-17,717.5,719.4000244140625,713.0,713.0,21543303
2026-09-18,715.25,733.7999877929688,715.25,731.0,39400710
2026-09-21,731.0,742.6500244140625,729.0499877929688,739.5,35482683
2026-09-22,738.8499755859375,749.2999877929688,738.5999755859375,738.5999755859375,35483669
2026-09-23,735.6500244140625,742.7999877929688,734.0,737.25,23197231
2026-09-24,725.0,734.8499755859375,722.7000122070312,728.9000244140625,29575194
2026-09-25,723.0,739.6500244140625,723.0,735.5999755859375,19853034
2026-09-28,731.5999755859375,733.0,718.0999755859375,719.0499877929688,21675579
2026-09-29,713.7000122070312,722.7000122070312,706.25,722.7000122070312,42755901
2026-09-30,711.5,720.2999877929688,708.7000122070312,708.7000122070312,39365496
