Date,open,high,low,close,volume
2021-01-01,2180.6424196565604,2188.471483081026,2168.44387383486,2173.496337890625,830096
2021-01-04,2189.3819086816466,2212.14055638104,2185.467376826867,2208.954345703125,1614486
2021-01-05,2189.381845175265,2236.6742692723315,2189.381845175265,2230.84814453125,2356303
2021-01-06,2226.5239586872644,2230.347366865695,2186.2867159477605,2200.5791015625,1641627
2021-01-07,2213.9611531092537,2214.598350766986,2152.967979894484,2156.472900390625,2403881
2021-01-08,2175.7269651753486,2184.8304252806847,2149.1449061182557,2176.8193359375,2797948
2021-01-11,2207.588782014623,2223.019100391005,2186.7419500462547,2211.3212890625,2787672
2021-01-12,2211.958150188783,2214.962335617503,2159.340121331494,2162.890380859375,2036708
2021-01-13,2168.3525600867197,2183.0092162863457,2152.6037556360247,2159.658935546875,1702740
2021-01-14,2153.8779680635917,2190.2917967713447,2140.359245254889,2183.509765625,2120413
2021-01-15,2178.0027584781797,2191.202775196229,2132.7586076950765,2140.35986328125,2042957
2021-01-18,2161.6163040736506,2161.6163040736506,2112.594089262234,2123.472900390625,1733797
2021-01-19,2132.030207670633,2168.535169042822,2114.961221166011,2151.283935546875,1495269
2021-01-20,2145.684667135269,2161.1149812371714,2135.9440132665427,2144.728759765625,1380562
2021-01-21,2162.981848223955,2184.739026230628,2139.3128549353087,2155.38037109375,1521133
2021-01-22,2147.506273877263,2204.858073476359,2145.6855818264985,2193.34228515625,2548089
2021-01-25,2203.037031520348,2214.279892049113,2171.1749256925746,2184.466064453125,2124424
2021-01-27,2207.588520500492,2207.588520500492,2125.65740015202,2176.909912109375,2460297
2021-01-28,2155.608017642157,2195.3447504490805,2084.6921592904087,2094.15966796875,3867335
2021-01-29,2107.541520512564,2114.0959654178846,2049.18826943015,2060.931640625,4472694
2021-02-01,2072.5384369027597,2080.139912354323,2026.6115410563948,2047.00341796875,2717591
2021-02-02,2067.440467807256,2071.0362885611007,2007.3120950669131,2030.4803466796875,4215607
2021-02-03,2031.4365937187904,2054.6504109447947,2018.7828763671382,2032.6656494140625,2353429
2021-02-04,2038.2646987740131,2056.471618816657,2026.6122254962324,2044.2730712890625,2908003
2021-02-05,2044.2727011007091,2080.140238188647,2040.0850213482527,2066.075439453125,4036942
2021-02-08,2082.8709746785344,2083.5081722220616,2030.3440719091868,2036.1246337890625,2780672
2021-02-09,2045.5470894802243,2052.5567079531966,2012.319466531391,2017.553955078125,3131481
2021-02-10,2020.9677644822186,2040.0850271192126,2014.3677571432565,2035.078125,2055520
2021-02-11,2040.9952869963129,2064.664277835699,2033.7580823247483,2060.112548828125,1824480
2021-02-12,2064.664048544289,2068.5330177710584,2031.8916033293,2040.58544921875,1222094
2021-02-15,2049.188447371614,2058.9746649679028,2014.5953061010139,2016.5980224609375,2449407
2021-02-16,2027.3400448193297,2029.206298112142,1993.702812818943,1999.21044921875,2396356
2021-02-17,1999.1191585468853,2004.171621635763,1966.3467133248053,1969.89697265625,2447956
2021-02-18,1969.988318186915,1974.130436042084,1951.0530810292792,1954.3759765625,3205806
2021-02-19,1959.883609673187,1997.2989152639204,1957.2436954500588,1985.5555419921875,3364030
2021-02-22,2007.3125928508111,2007.3125928508111,1967.8036719877252,1973.2657470703125,2678023
2021-02-23,1989.1055821240104,1995.7967126856597,1975.6324197717306,1983.87109375,2062144
2021-02-24,1992.2914605129433,1992.2914605129433,1962.2956157132883,1983.5067138671875,924143
2021-02-25,1981.8230126656763,1989.1057798229226,1966.3471324565276,1969.351318359375,2099460
2021-02-26,1964.526384947366,1986.7387352459925,1929.9332419316108,1940.9029541015625,3413194
2021-03-01,1943.7701946761308,1960.8847391713707,1937.215749747761,1951.2349853515625,1229276
2021-03-02,1968.1675296044125,1988.1040128118484,1948.6406575377684,1982.6875,2095135
2021-03-03,2007.3123598153102,2007.3123598153102,1978.6364689608058,1996.8433837890625,2031893
2021-03-04,1989.1054511073066,2005.9468473752631,1979.091647920954,1999.9384765625,2290915
2021-03-05,1988.741622653282,2011.8187564814705,1980.229800098295,2003.7623291015625,2129837
2021-03-08,2011.8639957507373,2017.4171934182364,1974.5398220739137,1979.59228515625,1440724
2021-03-09,1980.9123621219012,2007.312389006798,1968.2130832949877,2001.3951416015625,1711842
2021-03-10,2012.3196671135574,2036.3527106314064,1996.570638161347,2028.1142578125,2696085
2021-03-12,2035.533144214551,2039.0834038209475,2002.7606964543882,2007.0848388671875,2038930
2021-03-15,2008.3137972498446,2018.6460878999426,1987.5578702236228,2012.637939453125,1632022
2021-03-16,2022.196645863272,2046.002098621474,2015.7786637953175,2042.8614501953125,2633605
2021-03-17,2051.9191676650485,2059.2019331225997,2020.2846552088104,2026.70263671875,3703365
2021-03-18,2037.3539516737774,2048.1869780654533,2007.3125395177296,2016.5980224609375,2597091
2021-03-19,2006.4933480729046,2116.781657315713,1995.0229016266571,2104.76513671875,5382214
2021-03-22,2102.989817253521,2145.2297713790863,2095.615927738025,2142.2255859375,2471516
2021-03-23,2151.1473094550515,2160.205206489579,2124.2009825685304,2127.75146484375,1970612
2021-03-24,2127.7509584773006,2140.131526118811,2107.9509403452325,2110.7275390625,1762743
2021-03-25,2110.728007410239,2113.8230944442935,2031.0271826330572,2036.4892578125,2495833
2021-03-26,2052.8296730670504,2116.553875778666,2047.1855738487836,2110.09033203125,1929236
2021-03-30,2116.554131281755,2190.2921461780224,2116.554131281755,2183.692138671875,3327203
2021-03-31,2172.0851246015836,2219.9694035922503,2168.125031387122,2213.505859375,2709756
2021-04-01,2227.4341932819198,2227.4341932819198,2177.5927597162336,2184.0107421875,1532653
2021-04-05,2184.830422975802,2200.488329889973,2136.126911463633,2160.43310546875,2545447
2021-04-06,2168.716993889966,2194.84387570776,2164.2108263185673,2192.385986328125,3683538
2021-04-07,2200.3059388317224,2216.692164276063,2173.3142730424242,2189.609375,1713970
2021-04-08,2190.2920253876273,2220.333437207158,2180.8245178363695,2193.84228515625,1814515
2021-04-09,2206.6783725325627,2260.3887784646668,2206.6783725325627,2254.016357421875,2604858
2021-04-12,2222.608910220508,2265.1675694680234,2219.0586510772728,2241.27099609375,2261945
2021-04-13,2248.5545131700064,2281.2358441163233,2229.255223337414,2234.35302734375,1811781
2021-04-15,2273.133641808537,2273.133641808537,2204.038479042193,2240.04248046875,3352379
2021-04-16,2248.462532174011,2256.7012043910813,2221.2432873488306,2238.44873046875,1225517
2021-04-19,2221.2435947713334,2239.17736131143,2197.6201673839746,2218.19384765625,1746316
2021-04-20,2235.8093372118306,2235.8093372118306,2170.082413361539,2182.508544921875,1589508
2021-04-22,2175.72648621417,2175.72648621417,2122.9264292265457,2138.766357421875,1721265
2021-04-23,2130.209486462057,2139.312945805912,2093.7956490866372,2100.850830078125,1949756
2021-04-26,2115.643726454931,2157.337610264979,2103.809230566844,2149.0078125,1946867
2021-04-27,2151.1471564135163,2172.49472128081,2141.998136541135,2166.486572265625,1668456
2021-04-28,2166.622999222195,2225.795476091709,2154.1513062401764,2190.792724609375,1951215
2021-04-29,2214.871721933615,2229.391695553347,2170.4012328614717,2191.7490234375,3151150
2021-04-30,2193.933267019052,2223.8835534230484,2121.333193141554,2142.726318359375,4010778
2021-05-03,2132.940313092102,2198.4852138785427,2130.2092755593335,2192.11279296875,1692239
2021-05-04,2193.2047814351167,2201.3978926060327,2159.521991065796,2191.793701171875,1453111
2021-05-05,2215.7816686489637,2215.7816686489637,2156.290481947592,2179.95947265625,1256857
2021-05-06,2184.830020920502,2199.8962890569137,2163.93762829593,2175.7265625,1377740
2021-05-07,2192.841137757421,2206.6783502889502,2182.2354752059505,2195.02587890625,1169518
2021-05-10,2205.7679386518507,2227.570676756349,2199.3955178633396,2214.7802734375,988495
2021-05-11,2207.588775263995,2208.499121150702,2179.595639247761,2186.741943359375,1019077
2021-05-12,2174.815964120935,2174.815964120935,2116.5993987323423,2120.149658203125,2053932
2021-05-14,2120.1043540709916,2168.8078568830483,2117.4644400157854,2163.755615234375,1388970
2021-05-17,2171.174754343931,2180.278212433423,2154.33335687837,2163.209228515625,811243
2021-05-18,2186.7413991296667,2192.4310595055586,2154.7426158242365,2161.38818359375,1153722
2021-05-19,2148.416307176343,2166.6232250337694,2133.8507728904015,2148.188720703125,1323590
2021-05-20,2148.4156390815815,2150.236330301142,2130.208726885975,2133.986572265625,856235
2021-05-21,2130.209161518415,2154.0146151703243,2130.209161518415,2150.46435546875,771492
2021-05-24,2143.8644397074386,2148.370607136598,2116.781651137886,2127.068603515625,1194864
2021-05-25,2143.8642375887503,2157.337399116217,2128.3883598651796,2133.89599609375,1098457
2021-05-26,2144.547451100313,2157.7019055008936,2134.988818717185,2142.954345703125,811095
2021-05-27,2142.044150059178,2142.044150059178,2114.6426464039373,2117.828857421875,3755182
2021-05-28,2124.155712001128,2139.312882458858,2111.4108692971176,2113.550048828125,1215325
2021-05-31,2116.5536479723983,2134.760561073236,2112.138382644502,2130.25439453125,1178704
2021-06-01,2136.5812138953625,2151.146744113652,2121.6516343225567,2146.8681640625,1141451
2021-06-02,2144.7747177628653,2160.842232329019,2139.312642929853,2147.32373046875,1113091
2021-06-03,2156.609244316454,2158.4754976951094,2134.7609446695164,2151.374755859375,868532
2021-06-04,2157.5195602810663,2157.5195602810663,2124.7015495233586,2132.075439453125,1283795
2021-06-07,2142.9538149150476,2142.9538149150476,2122.015863452411,2129.57177734375,1128300
2021-06-08,2129.5718484851404,2150.2366524729096,2125.7937802870733,2147.505615234375,1106664
2021-06-09,2150.236732884457,2159.294628947189,2135.307150989771,2144.774658203125,1072858
2021-06-10,2152.0575986304807,2184.78448762787,2144.0920724088155,2165.53076171875,1944339
2021-06-11,2167.5332655399916,2174.4064205132854,2148.41600448315,2154.333251953125,1128097
2021-06-14,2162.4940372664264,2177.8069927785837,2142.5050830591936,2168.17919921875,1761632
2021-06-15,2163.961125711883,2196.053769525407,2163.961125711883,2193.257080078125,1215463
2021-06-16,2186.8848951784075,2217.923162375375,2185.6469462595524,2207.882568359375,2153668
2021-06-17,2198.8046344812765,2224.3869674983794,2188.1681255208937,2216.8681640625,1555777
2021-06-18,2218.977360575137,2289.306061074149,2205.223368670746,2276.65234375,3937751
2021-06-21,2268.445772163649,2318.9229657149617,2262.07313421068,2305.489990234375,2506277
2021-06-22,2308.928266190942,2323.4615148220328,2275.505890986896,2283.3916015625,1945883
2021-06-23,2287.7471848779855,2305.1689069271565,2254.004015294853,2274.45166015625,1035668
2021-06-24,2283.1628425826993,2296.7334938087174,2268.583699517662,2283.30029296875,759681
2021-06-25,2281.328708122999,2283.116682233866,2241.9005994215163,2245.247314453125,1112942
2021-06-28,2246.577247370988,2260.2394571825544,2234.8404622126955,2255.838134765625,694906
2021-06-29,2251.0696230025314,2290.03926006062,2241.9002966359226,2285.50048828125,1354397
2021-06-30,2285.500935624073,2296.916704412817,2258.405526135237,2266.01611328125,1447245
2021-07-01,2277.6605310324608,2277.6605310324608,2258.404946832911,2272.158935546875,735043
2021-07-02,2272.159491856139,2285.6383593238543,2248.319238914953,2280.68701171875,860231
2021-07-05,2291.4145578168423,2304.6182976574223,2278.6233928724373,2291.46044921875,761700
2021-07-06,2283.1620422301567,2290.451611207349,2263.9064587414687,2267.11572265625,461782
2021-07-07,2253.8204913841223,2283.895927579089,2242.6798490445535,2275.505859375,623145
2021-07-08,2257.6717446099137,2264.5946315596802,2235.894592064295,2244.23876953125,1114426
2021-07-09,2237.3156192738693,2259.780468729693,2235.8943289239505,2247.814453125,538094
2021-07-12,2249.2360381403378,2255.5627845778477,2228.1465848679254,2241.12109375,543898
2021-07-13,2251.0699535494573,2251.574311345782,2228.1466342668764,2234.2900390625,994396
2021-07-14,2237.132307486552,2238.5535978555085,2208.890737305972,2214.2548828125,1377829
2021-07-15,2223.561755375425,2223.561755375425,2201.555370992328,2211.962646484375,693792
2021-07-16,2218.9773765435525,2228.146704545799,2206.1403173404083,2216.59326171875,545405
2021-07-19,2200.6840941678415,2216.226056702781,2199.262803889789,2208.569580078125,463873
2021-07-20,2203.389098948698,2255.654258599167,2203.389098948698,2232.63916015625,1061476
2021-07-22,2246.4849713096382,2299.667064507989,2178.1734895289983,2180.603271484375,3546044
2021-07-23,2184.1335951607957,2193.0736885918695,2159.1012887816864,2162.218994140625,1517589
2021-07-26,2161.439673112255,2163.961238114295,2143.7887180979756,2153.599853515625,1311535
2021-07-27,2153.5992290491813,2163.4562530171543,2138.2865017035856,2147.822509765625,1656945
2021-07-28,2154.791686439639,2171.70904873767,2148.4649408194014,2165.24462890625,912373
2021-07-29,2165.2447603460373,2174.4140872279304,2136.4531634811005,2140.80859375,1012663
2021-07-30,2145.622652750592,2160.797934660743,2125.450132083706,2139.479248046875,1708251
2021-08-02,2147.455998226715,2157.9089395876395,2131.5014616525714,2139.020263671875,1229936
2021-08-03,2136.4530992463797,2194.2198568654876,2132.8771514141636,2188.580810546875,1733476
2021-08-04,2188.5809632052687,2195.8246421852305,2170.884116848791,2179.640869140625,1588974
2021-08-05,2192.3862001986304,2192.3862001986304,2158.459688526799,2161.852294921875,921757
2021-08-06,2161.85214356795,2182.9874866991486,2161.6688018033155,2174.505859375,1432661
2021-08-09,2181.7954704787753,2196.0538187504912,2177.5777143707664,2186.426025390625,921476
2021-08-10,2195.136483298795,2195.136483298795,2163.135627451539,2183.949951171875,1061370
2021-08-11,2191.4695050689475,2196.0541693054934,2165.978727141641,2191.882080078125,1300594
2021-08-12,2196.0542873299255,2213.0175459168163,2179.96207022268,2193.57861328125,1226064
2021-08-13,2201.555627814547,2209.487006900315,2189.6355015498284,2204.764892578125,1033159
2021-08-16,2204.3060137440793,2234.4273397905654,2193.8987389852377,2224.84521484375,1146309
2021-08-17,2230.897551172662,2280.8244984520734,2229.1095769456824,2277.477783203125,1921902
2021-08-18,2278.5781913354213,2292.332184442074,2250.15327224834,2279.541015625,1545643
2021-08-20,2283.162472171379,2411.533052936035,2270.3254140949134,2401.8134765625,5779927
2021-08-23,2406.94853356205,2450.8238563751975,2378.982083933996,2415.33837890625,2163220
2021-08-24,2415.200624065348,2437.2070078837114,2393.1942402469854,2414.28369140625,1482854
2021-08-25,2413.366983695652,2444.955271973817,2402.9597075006236,2425.287109375,1746570
2021-08-26,2412.449852741006,2473.7009998175936,2412.449852741006,2444.9091796875,2117291
2021-08-27,2447.2930100539866,2466.5485938723205,2430.8800067244592,2455.49951171875,1176229
2021-08-30,2468.0161132066914,2480.9906212010574,2449.6774594419235,2464.43994140625,1168190
2021-08-31,2464.6235050004275,2510.0575685640406,2453.3910785585317,2497.816650390625,2535891
2021-09-01,2516.9802289770964,2544.4882096216547,2489.472248332538,2505.88525390625,1775792
2021-09-02,2519.730705761241,2576.5805251779793,2503.3633698204517,2568.3740234375,1946183
2021-09-03,2569.428549498682,2575.434502946992,2527.0663071195054,2536.87744140625,1561823
2021-09-06,2558.2418793787665,2590.3345194426574,2544.76301532403,2549.622802734375,1444978
2021-09-07,2556.9583226435225,2575.3885334772267,2539.9032868411127,2546.963623046875,1219915
2021-09-08,2557.2333804552363,2576.5807489327076,2535.4105624530403,2568.236572265625,946711
2021-09-09,2550.906967621583,2589.0971279700484,2550.906967621583,2577.177001953125,879454
2021-09-13,2565.1194629493493,2587.9968911354485,2544.488475311687,2554.895751953125,1341412
2021-09-14,2569.245460502739,2571.079325927795,2522.527783571556,2533.072509765625,1755061
2021-09-15,2543.571371231245,2553.6576311748436,2520.6939445858234,2544.90087890625,1362350
2021-09-16,2523.398915153978,2564.9360132896295,2523.398915153978,2538.299072265625,1259196
2021-09-17,2539.9954377382032,2551.82378037756,2474.801431275255,2496.1201171875,3095032
2021-09-20,2494.0570314432994,2575.6640446044953,2484.93359553053,2567.732666015625,2671330
2021-09-21,2576.5809521784026,2621.78578020403,2564.339810779536,2578.827392578125,2277437
2021-09-22,2592.994010187561,2603.9972030857475,2543.571424964087,2553.19921875,1580594
2021-09-23,2566.4946160161967,2583.6412126587056,2542.5169155608255,2551.181884765625,1054473
2021-09-24,2539.9954154197135,2549.072959797082,2504.50994009239,2518.4931640625,1635284
2021-09-27,2535.3187159221316,2535.3187159221316,2479.8442919390254,2484.428955078125,1465932
2021-09-28,2498.641541235954,2525.6451637627124,2484.795768288935,2497.587158203125,1078052
2021-09-29,2489.426220987415,2516.475733810821,2454.6286721443216,2462.2392578125,1503894
2021-09-30,2462.2397490780413,2480.578405498597,2459.1679345833772,2477.369140625,1620199
2021-10-01,2481.220103055412,2486.721699736245,2457.4716335940357,2479.43212890625,956111
2021-10-04,2475.7181685362875,2497.7245522566104,2457.104390867413,2463.064453125,1025005
2021-10-05,2463.064321826876,2489.426134253248,2462.8809800777494,2483.6494140625,562784
2021-10-06,2470.2627080585585,2506.8941264732125,2453.712027228353,2462.92724609375,862471
2021-10-07,2473.8845220471962,2479.6153516479353,2444.5426744914103,2447.66015625,1082816
2021-10-08,2448.6690947409497,2456.050448710838,2407.3153350327834,2420.74853515625,1579941
2021-10-11,2422.7194230860855,2444.0839987798045,2416.576019052401,2425.378662109375,1086252
2021-10-12,2406.9485864629964,2464.7612439499594,2406.9485864629964,2453.849609375,1174337
2021-10-13,2464.806857905465,2469.849987709411,2423.0864204364584,2426.8916015625,1660007
2021-10-14,2426.891772026629,2454.3997547075774,2402.363820802784,2429.459228515625,2158809
2021-10-18,2450.7779314820264,2456.3710870149,2423.49918180767,2433.53955078125,1758177
2021-10-19,2448.118160686136,2505.059762399066,2311.128525302652,2335.243896484375,5431133
2021-10-20,2355.599832160393,2369.3538210597335,2264.8235054247452,2272.7548828125,4864654
2021-10-21,2295.449214993159,2296.91639684673,2226.312579458627,2242.588134765625,3254632
2021-10-22,2254.7372649645436,2290.7268695395164,2228.146219546092,2250.244384765625,1845622
2021-10-25,2250.24448896833,2258.909457673494,2209.807669863553,2251.84912109375,1560381
2021-10-26,2277.7267994467798,2277.7267994467798,2229.8918099489006,2248.15869140625,1595060
2021-10-27,2264.9034933520934,2265.0879618277268,2205.9974610781574,2211.025634765625,3083879
2021-10-28,2214.162189929185,2228.9232711953796,2184.6400273967956,2204.613525390625,2015791
2021-10-29,2214.1622073582007,2216.0073425309993,2189.252882525421,2207.842529296875,2453400
2021-11-01,2207.704110013082,2224.2179787858063,2184.8705635346764,2220.71240234375,1941114
2021-11-02,2228.0004655921075,2239.9938428396013,2216.0070883446137,2231.598388671875,1350154
2021-11-03,2245.529365215164,2245.529365215164,2201.430592289004,2224.63330078125,1591607
2021-11-04,2240.916375604419,2241.8389430707034,2232.6132684078607,2235.24267578125,245719
2021-11-08,2259.368036962324,2259.368036962324,2214.2545717250646,2243.592041015625,2555533
2021-11-09,2250.88024641318,2256.784588357693,2229.338205051423,2242.89990234375,1696949
2021-11-10,2224.3569043498624,2232.6138402406914,2210.4722153788002,2214.30078125,1794509
2021-11-11,2216.6531194363647,2220.5740317221494,2182.9794021584476,2192.205078125,1282647
2021-11-12,2203.0915274333993,2226.709349145272,2192.2051842187666,2218.72900390625,1651974
2021-11-15,2217.9451603014845,2241.839574311785,2217.9451603014845,2236.99609375,1007999
2021-11-16,2246.1290107154628,2246.1290107154628,2214.254481836201,2220.297119140625,1245209
2021-11-17,2217.852643057335,2223.4342224184347,2202.3534614030305,2205.99755859375,956809
2021-11-18,2204.936597102425,2220.0206676833723,2186.4852448254173,2213.608642578125,1236943
2021-11-22,2222.834768735676,2223.2960526359893,2193.081957165462,2203.599365234375,1629290
2021-11-23,2202.906693326371,2214.1619716349414,2155.5789361354337,2208.81103515625,1932539
2021-11-24,2219.697669450403,2219.697669450403,2183.7175326638003,2190.867431640625,999070
2021-11-25,2202.168866154651,2202.168866154651,2159.7307564591697,2167.157470703125,1363272
2021-11-26,2162.498358838923,2181.8722775827873,2145.1540436781247,2154.28759765625,2450902
2021-11-29,2153.641646446176,2160.8838919689742,2107.790083240306,2149.02880859375,1724612
2021-11-30,2142.202060639324,2178.1821986087184,2123.750707834506,2138.0966796875,3931035
2021-12-01,2158.808171914308,2174.261179127797,2143.3551647008185,2163.28271484375,1263139
2021-12-02,2174.4917985531033,2203.0913936974166,2163.4209875294982,2198.75537109375,1673117
2021-12-03,2198.7554788001476,2204.8442900196555,2156.8707732340426,2162.175537109375,1890178
2021-12-06,2162.4983834746913,2180.903561443795,2122.8279779757954,2127.902099609375,1079171
2021-12-07,2147.645003442618,2160.330307809702,2132.976268850808,2141.8330078125,895313
2021-12-08,2138.742582244387,2162.913811069584,2138.742582244387,2159.362060546875,839769
2021-12-09,2159.7310905403556,2166.7426954952234,2141.7871929515513,2158.577880859375,716666
2021-12-10,2165.266186534611,2165.266186534611,2140.356860997144,2152.165771484375,724539
2021-12-13,2169.8792056209923,2169.8792056209923,2122.8282534582922,2125.9189453125,1804894
2021-12-14,2126.518379735286,2144.9235588423635,2125.5958121085027,2138.78857421875,1219031
2021-12-15,2136.6664898774125,2144.785129532136,2122.366692557421,2141.233154296875,755122
2021-12-16,2141.2330307430143,2145.246289531218,2125.549382974457,2130.669677734375,926493
2021-12-17,2124.6734417035645,2130.1626745452127,2053.635727847214,2057.556640625,2439222
2021-12-20,2053.635200921345,2098.241428466206,2030.7093090555736,2093.39794921875,2175705
2021-12-21,2112.6798547820667,2124.3964185364493,2078.3142108560264,2096.85791015625,1591415
2021-12-22,2121.90536349423,2137.9579487583514,2093.3057694645254,2101.285888671875,1661605
2021-12-23,2120.936807030046,2126.518386236396,2098.4724203909404,2122.505126953125,1423081
2021-12-24,2131.1313501993504,2133.8990532515572,2106.4988380819586,2119.091796875,895503
2021-12-27,2119.0916406401966,2129.3784047009017,2101.839671267297,2123.197021484375,584302
2021-12-28,2131.1314904070323,2138.880969368551,2119.8300355336614,2130.30126953125,783710
2021-12-29,2135.6513414435963,2142.063365534749,2121.0287822184405,2128.224853515625,1410236
2021-12-30,2129.2859143168903,2149.5824005018867,2118.8146824860523,2145.523193359375,963711
2021-12-31,2158.808301164332,2186.8083194384603,2149.5826246636298,2177.39794921875,1123597
2022-01-03,2193.8658187106234,2193.8658187106234,2170.8016280177026,2178.458984375,879278
2022-01-04,2185.5162105701543,2221.6348629483823,2172.9694278468323,2215.315185546875,1484275
2022-01-05,2217.668201674402,2232.6137528237414,2206.781858162971,2228.739013671875,1202512
2022-01-06,2212.3170634845283,2225.23300964332,2184.363220679326,2206.22802734375,1198901
2022-01-07,2203.091336677933,2234.3662869156815,2203.091336677933,2229.0615234375,1026186
2022-01-10,2237.2265481535815,2237.2265481535815,2216.00749223295,2220.66650390625,919447
2022-01-11,2229.9842037244166,2231.0452916154236,2206.7817184762353,2217.529541015625,1321335
2022-01-12,2220.80471306216,2228.923353104157,2212.7784198759605,2226.2939453125,1487554
2022-01-13,2230.7689863532246,2234.366910752829,2217.161111022906,2227.26318359375,1586299
2022-01-14,2232.613449166806,2233.536016707784,2177.99749578815,2180.6728515625,1596037
2022-01-17,2180.949836818986,2208.811333680341,2163.421052174502,2204.521484375,912205
2022-01-18,2222.1885306139893,2222.1885306139893,2174.8607677391096,2186.02392578125,1667579
2022-01-19,2180.9500656883006,2185.1939672473404,2126.5647442497966,2131.0390625,2145255
2022-01-20,2144.969805165682,2145.477262424906,2069.3192571985483,2086.66357421875,2829711
2022-01-21,2089.4311612090123,2153.595783317832,2075.777115579289,2145.338623046875,4596050
2022-01-24,2157.7934877442076,2163.37506733587,2091.184145335836,2107.6982421875,2231103
2022-01-25,2106.6830783507557,2152.9959260266146,2067.3816091725157,2147.04541015625,1843543
2022-01-27,2131.131248488314,2145.5233937674066,2098.841381086976,2117.61572265625,2620474
2022-01-28,2116.923664880657,2139.1574084769786,2101.655126343169,2106.729248046875,1967721
2022-01-31,2112.6799570076278,2132.8381506220467,2095.1511713381324,2097.688232421875,1639875
2022-02-01,2124.9502650718982,2140.35710088012,2101.9781938043175,2127.1181640625,1270508
2022-02-02,2144.139442850704,2152.3502043716894,2118.7226604993693,2147.64501953125,1246111
2022-02-03,2148.6597848218175,2151.3813139975136,2112.679651027034,2120.198486328125,1448039
2022-02-04,2127.4409982224497,2133.668329852112,2106.2219422991557,2127.99462890625,1014561
2022-02-07,2117.523152102328,2137.3121808433843,2063.783592747155,2082.78857421875,1207402
2022-02-08,2092.3833950526905,2092.3833950526905,2072.59436433985,2089.01611328125,1190660
2022-02-09,2091.9680915652184,2103.777001244082,2080.9434543977854,2101.285888671875,1049611
2022-02-10,2103.453865797984,2108.0667032229794,2081.173951129736,2106.35986328125,1195100
2022-02-11,2102.5313887211787,2102.5313887211787,2074.854362981102,2083.157470703125,2100036
2022-02-14,2048.0997960044656,2063.091517484228,2036.1064188206558,2055.98779296875,1661501
2022-02-15,2073.8856164543167,2125.733866154016,2050.4524914852373,2112.77197265625,1533070
2022-02-16,2112.7725058876135,2125.3654656492595,2098.841642692161,2109.451171875,995668
2022-02-17,2105.299203055527,2133.89879783849,2099.763797613663,2128.870849609375,869374
2022-02-18,2116.370211582203,2147.553043530707,2116.370211582203,2133.48388671875,890713
2022-02-21,2120.0608145049405,2125.6423947688,2107.8367910966763,2117.108642578125,737919
2022-02-22,2103.4544681139396,2103.4544681139396,2075.8697825081804,2094.1826171875,902667
2022-02-23,2094.2285657072484,2097.872662877861,2077.852989918128,2085.371826171875,1324411
2022-02-24,2029.6485831995174,2068.3964197878718,1993.0226969953872,2003.2630615234375,2997629
2022-02-25,2025.03586922646,2025.9584368206404,1994.7294336631348,2002.617431640625,2193728
2022-02-28,1996.4364136270947,2011.1051493073985,1955.8434366402223,2003.9093017578125,2334036
2022-03-02,1964.0998289404904,1987.9482864191589,1958.6567713534644,1982.689697265625,2034688
2022-03-03,1990.8084240558615,2000.0802729713153,1925.029537995742,1929.0887451171875,2372998
2022-03-04,1914.3276198543692,1917.0491490136667,1822.3015089722135,1863.1251220703125,6320118
2022-03-07,1826.2226171468747,1826.8223086278842,1777.7878167426256,1793.42529296875,2976453
2022-03-08,1775.5274960424974,1806.3873368053328,1754.3084415243552,1798.084228515625,3211938
2022-03-09,1811.9228110423805,1851.6393922481686,1799.929431946886,1843.1978759765625,2879079
2022-03-10,1893.0164837957482,1950.3080253443052,1890.3411276870772,1939.1910400390625,4879791
2022-03-11,1937.3918100514977,1946.8019537959337,1909.7147841936192,1932.225341796875,2481643
2022-03-14,1932.7789999825723,1932.7789999825723,1887.6654246669948,1899.8433837890625,1730325
2022-03-15,1886.650824336971,1919.6787909056195,1868.1994715317196,1880.3773193359375,2391023
2022-03-16,1900.4892580005055,1918.940610019928,1874.703538600609,1911.6983642578125,2808685
2022-03-17,1935.6392281162618,1952.7988508350625,1921.108787992415,1939.2833251953125,2995889
2022-03-21,1943.3885131488037,1947.4477202097198,1887.5731772620234,1892.3704833984375,1674982
2022-03-22,1894.7232488895797,1894.7232488895797,1816.5356431228643,1839.1385498046875,5356303
2022-03-23,1856.2060329404437,1860.403760616855,1822.3016732433457,1825.34619140625,3212162
2022-03-24,1817.4582861238923,1837.1550830970928,1800.2523767798564,1813.67578125,3054664
2022-03-25,1821.97854236764,1823.9159115558396,1794.3937521376367,1801.7742919921875,2233647
2022-03-28,1808.1865288900228,1827.4221556393338,1781.7550542286372,1822.1634521484375,1794533
2022-03-29,1826.6837200393122,1840.3838254159855,1821.1944882510834,1833.1878662109375,1249125
2022-03-30,1845.135350657399,1862.664136488644,1840.5686857117716,1859.80419921875,1476829
2022-03-31,1863.0330761138428,1894.9538932724129,1861.7414589209975,1890.01806640625,2540524
2022-04-01,1895.7841886888157,1924.3378378681969,1880.5619349631133,1917.23388671875,1714996
2022-04-04,1917.095545937541,1967.329308626722,1909.8994733357633,1963.6390380859375,1693019
2022-04-05,1978.4461299011105,1990.9007919452536,1962.3011976216658,1974.110107421875,1277652
2022-04-06,1969.6820099917516,1996.8054098709079,1957.0428777383522,1976.1861572265625,1736115
2022-04-07,1974.2486635833036,2006.584705844274,1969.7743454729411,1997.174560546875,1824732
2022-04-08,2009.0757690614246,2023.6523847395813,1995.975351896095,2014.0115966796875,1693462
2022-04-11,2018.5780770854776,2024.2058300091462,1973.2799140545533,1995.56005859375,1380107
2022-04-12,1975.1251402089094,1997.3591123391518,1960.456403566142,1967.14501953125,1370233
2022-04-13,1972.172727313377,1997.3588680173782,1965.714754068055,1985.5037841796875,1071601
2022-04-18,1981.6752569101895,2013.8727769023644,1969.7280512232717,2009.029296875,1828131
2022-04-19,2016.4558385504654,2035.9682772736987,1938.3605859416782,1949.431396484375,1775996
2022-04-20,1950.6769054291142,2000.726199322018,1930.6572329192002,1997.312744140625,1511804
2022-04-21,2015.8104834127773,2033.1086282933215,2000.126832054417,2027.7576904296875,2244813
2022-04-22,2013.0426440030271,2019.5006176547327,1955.8434488022078,1962.2552490234375,3520828
2022-04-25,1937.39193661304,1994.5911271225677,1888.4958544032822,1938.0838623046875,2437310
2022-04-26,1976.3242431340236,1990.8546826536087,1956.7658553041135,1981.9981689453125,1447088
2022-04-27,1981.4906432150797,1985.734318833927,1940.6208554083446,1978.999755859375,2214481
2022-04-28,2057.3252987328888,2075.776646703587,1997.3584178281183,2068.2578125,5865359
2022-04-29,2070.610633368373,2112.6798060639644,2050.452666430418,2061.80029296875,2678692
2022-05-02,2048.1001492098185,2077.622313522753,2035.091855464936,2057.787109375,1543544
2022-05-04,2068.3502768534363,2076.561263202784,1982.2746792589307,2003.401611328125,1608395
2022-05-05,2009.3525091403424,2031.4479611518188,1986.841946699023,1998.8353271484375,1101451
2022-05-06,1960.4558944592732,2001.9714310478225,1943.1115807928168,1982.781982421875,1585602
2022-05-09,1957.2273510005652,1973.7412225289304,1946.7561176424038,1952.7528076171875,1341414
2022-05-10,1968.759477021287,2027.7114631131299,1954.9209614845863,2011.5665283203125,2162232
2022-05-11,2015.8103020008812,2020.1463248801338,1952.1531345692745,1995.97509765625,1858636
2022-05-12,1997.220305912026,1997.220305912026,1945.879290335057,1973.1873779296875,1531515
2022-05-13,2001.9719603820347,2046.255211118596,1987.3491718672285,2024.2059326171875,2057239
2022-05-16,2029.6486973587778,2049.8990109056344,2004.093620171097,2045.56298828125,1396818
2022-05-17,2064.613743076452,2100.6862228563473,2049.299257533322,2071.1640625,2055096
2022-05-18,2062.9533861422306,2123.7504975188517,2062.9533861422306,2113.97119140625,2137455
2022-05-19,2071.718071115021,2106.9601114235707,2071.57955082135,2089.20068359375,1734602
2022-05-20,2112.6799292669716,2166.188853239672,2105.9451403404,2145.84619140625,2599505
2022-05-23,2130.208537617383,2203.0913762799096,2127.763823630156,2195.5263671875,2363306
2022-05-24,2195.7110759185252,2195.7110759185252,2123.796970391049,2130.808349609375,3078655
2022-05-25,2149.5362916112877,2149.5362916112877,2109.4507752396985,2120.7060546875,1884260
2022-05-26,2112.818419982746,2118.2155313570597,2083.1579572318124,2103.638916015625,2299127
2022-05-27,2119.1378676905783,2154.103091129157,2103.915501640559,2150.13623046875,1011303
2022-05-30,2160.8376106165097,2181.872195220209,2150.5048993904047,2167.06494140625,939562
2022-05-31,2177.2595579252097,2184.54775194411,2125.5034249495284,2171.0322265625,3123979
2022-06-01,2186.485003137357,2226.893505204606,2123.7504123300405,2129.700927734375,2197599
2022-06-02,2117.292467917809,2128.3171047841256,2082.373197034353,2107.88232421875,1460335
2022-06-03,2107.1448790012855,2144.9239857907637,2089.754385680339,2114.479248046875,1845303
2022-06-06,2096.2584140480308,2123.704804840252,2073.5633823498383,2103.915771484375,2131405
2022-06-07,2075.7772157284135,2084.864597189544,2036.1529801465351,2040.3507080078125,2034730
2022-06-08,2043.4871668520366,2047.1312637050473,2016.7327073311749,2026.9271240234375,1506843
2022-06-09,2026.881103168607,2037.3523359672286,2002.6637026414444,2027.52685546875,1497867
2022-06-10,1995.5139817929394,2037.8138019222129,1995.329513295874,2029.556640625,1641981
2022-06-13,2000.126702866766,2045.3325185680906,1989.0558908582784,2026.788818359375,1519441
2022-06-14,2021.207221128956,2042.5183965410713,1992.745921918183,2002.8941650390625,1592475
2022-06-15,2009.1298479420552,2009.3159450730284,1983.3491466196042,1997.82177734375,1432377
2022-06-16,1996.3795031731913,2014.0630512199468,1987.1189537199953,1997.961669921875,1353485
2022-06-17,2010.3397678243368,2010.711962076599,1954.496996495883,1964.222900390625,3252189
2022-06-20,1964.7350041792643,2050.267431945925,1962.0823814267471,2043.75244140625,2022000
2022-06-21,2042.9150379552864,2077.351419005102,2021.6481549845803,2052.22216796875,1606187
2022-06-22,2037.516822816739,2070.743230960725,2034.5851678017711,2050.22119140625,1741378
2022-06-23,2055.014279722326,2100.9450566196474,2040.216034087092,2096.524169921875,1585753
2022-06-24,2108.0646474102273,2158.1370451866132,2103.457664155553,2144.269287109375,1930048
2022-06-27,2155.391646400277,2170.2830533947563,2138.824910673951,2159.85888671875,1450391
2022-06-28,2159.859033532507,2162.977012973852,2120.024698894455,2157.06689453125,1404108
2022-06-29,2137.1031691398257,2140.546761833503,2070.8364482410825,2078.700927734375,1682914
2022-06-30,2070.743094395346,2093.17336676102,2060.039895765843,2076.04833984375,2387212
2022-07-01,2071.7668844626082,2134.124647831429,2050.9190067038585,2124.212646484375,1235612
2022-07-04,2118.302947562289,2213.5149400791533,2118.302947562289,2210.629638671875,2410245
2022-07-05,2219.2848149715996,2244.879418625078,2207.278709965896,2235.10693359375,2463079
2022-07-06,2233.7113812883754,2335.2522687193914,2233.7113812883754,2325.29345703125,4770394
2022-07-07,2331.435839522616,2355.6343751823315,2294.672679578048,2301.6064453125,3333262
2022-07-08,2304.863906518729,2330.318995121599,2282.8526374119147,2323.8505859375,1346970
2022-07-11,2314.683034001477,2350.0501249914473,2308.1680435559565,2318.03369140625,1587197
2022-07-12,2303.5144792515607,2318.033691707686,2275.081154072802,2279.827880859375,1116476
2022-07-13,2293.276670878791,2344.7917226993836,2290.85672635887,2324.688232421875,2528792
2022-07-14,2329.341602336783,2348.095375511219,2297.1854276896474,2324.734619140625,1663307
2022-07-15,2354.7039259067183,2395.562136339821,2328.690542605013,2390.536376953125,2996964
2022-07-18,2402.1700447340963,2424.50715479749,2357.542405698242,2376.575439453125,1566888
2022-07-19,2373.2713375549665,2396.585741377214,2347.955991867715,2390.024169921875,1473121
2022-07-20,2396.5857174969105,2436.606372196859,2359.9157201268895,2424.041748046875,4012897
2022-07-21,2435.676442435311,2447.682551815665,2412.129353049324,2426.7880859375,1990695
2022-07-22,2435.675709219891,2460.060342254695,2430.13801279636,2457.640625,1905780
2022-07-25,2462.2013725511724,2470.1124334722404,2431.0224853916698,2441.81884765625,1253821
2022-07-26,2443.1213398317363,2443.1213398317363,2362.2424804620946,2370.618896484375,1685576
2022-07-27,2359.6833528392845,2411.0120851479155,2350.050382165021,2403.054443359375,1404133
2022-07-28,2443.121437616533,2443.121437616533,2405.8929204719,2438.56103515625,1442054
2022-07-29,2457.0827869467057,2461.7363528310743,2416.1314071642605,2454.662841796875,1463059
2022-08-01,2454.75559668609,2455.22095319731,2401.239597895777,2413.3388671875,1559918
2022-08-02,2419.853985331088,2456.244957308131,2418.923272259807,2452.66162109375,1359934
2022-08-03,2434.0469255488947,2479.419179681581,2417.8989657522525,2444.3779296875,1767904
2022-08-04,2451.4980466055495,2460.293239027102,2433.814499572328,2445.8671875,1189384
2022-08-05,2455.220968777058,2473.509388894115,2445.495063075813,2462.108154296875,1176666
2022-08-08,2462.1076334544227,2473.8347060207443,2444.0984765005587,2466.71484375,1024511
2022-08-10,2466.715160647105,2491.239310571789,2448.891871300013,2459.688232421875,1098949
2022-08-11,2472.020030037307,2482.909325463082,2425.9963228277325,2432.604248046875,810674
2022-08-12,2443.0283723257335,2444.1454096642437,2405.986178077577,2415.153564453125,1473527
2022-08-16,2427.2529025034546,2464.853843722323,2411.0585873295126,2461.2705078125,1584117
2022-08-17,2467.320027889315,2507.34068469778,2461.270393720594,2498.638427734375,1711381
2022-08-18,2498.964552207388,2526.885943852163,2480.024450651735,2496.218994140625,1465489
2022-08-19,2502.6870386077735,2511.9475867046986,2444.517481183829,2452.009765625,1324508
2022-08-22,2464.5280903001526,2482.0255406158353,2438.561287791541,2444.703857421875,1410895
2022-08-23,2421.7616327531014,2447.4957544605686,2406.125610033763,2413.10595703125,1305045
2022-08-24,2397.5167342799186,2429.160976890756,2383.835298360793,2408.91796875,1242489
2022-08-25,2420.9703123620866,2446.285657403186,2387.6973267048506,2395.841064453125,1106593
2022-08-26,2419.760823379198,2433.5354222805295,2384.486888864015,2393.375244140625,1048791
2022-08-29,2373.3181258060654,2427.2063170667802,2373.3181258060654,2397.33056640625,1450034
2022-08-30,2409.336523273569,2482.211391344048,2406.4514495172953,2475.556884765625,2227943
2022-09-01,2466.3893587664284,2471.0429235942897,2414.2694326943833,2425.43798828125,1702269
2022-09-02,2433.8143825228476,2441.260086178749,2405.8929938132164,2423.204345703125,937600
2022-09-05,2417.0616957774732,2440.7017154276723,2406.91701482145,2420.412353515625,1274074
2022-09-06,2411.663395325669,2438.467974227799,2385.4173350938354,2394.817626953125,1250776
2022-09-07,2393.607337030118,2416.968093073636,2383.369495748744,2386.90625,1344964
2022-09-08,2401.2392925885038,2416.130699054169,2385.417173218734,2398.586669921875,1004533
2022-09-09,2417.992591184927,2463.5975322811782,2404.450670373616,2409.3369140625,1785443
2022-09-12,2411.4772202898994,2424.507201410725,2395.6551003574687,2401.611572265625,1595709
2022-09-13,2417.9923614738445,2428.230204420808,2400.308814565452,2407.38232421875,1342130
2022-09-14,2373.318183967383,2425.4381127133333,2370.246785578454,2393.2353515625,1610054
2022-09-15,2401.2391329098027,2418.736579788372,2374.248460485623,2382.9970703125,1199906
2022-09-16,2377.9719147737073,2386.2088164056318,2344.1404034915768,2352.982177734375,2516820
2022-09-19,2355.634362107898,2408.6849976828294,2334.2745463871684,2400.541259765625,1166725
2022-09-20,2418.550977759535,2439.8642153192604,2400.867430137537,2404.543701171875,1253333
2022-09-21,2403.101093905548,2463.364763863094,2401.2396678064733,2441.81884765625,1960049
2022-09-22,2441.353181309957,2514.0883060108595,2438.514461424145,2506.17724609375,2620240
2022-09-23,2510.9706597246945,2535.0296830818893,2488.7267086043034,2496.218994140625,1789791
2022-09-26,2483.6076189345317,2539.9157549456013,2459.921018735176,2476.20849609375,2678551
2022-09-27,2490.5877318891717,2525.722144026248,2469.5535293622083,2493.612548828125,1898501
2022-09-28,2484.9568387403497,2521.0685443686107,2468.297168875616,2514.87939453125,1526197
2022-09-29,2523.25583411824,2538.0540783385327,2504.6415761179574,2513.436767578125,2019666
2022-09-30,2519.4401616202003,2526.7927036363517,2483.049191410216,2509.62109375,1340054
2022-10-03,2534.3318349134593,2544.569679270436,2436.188181499962,2440.795166015625,1683197
2022-10-04,2466.3892077204423,2491.053099797647,2451.637317229616,2483.095458984375,1327939
2022-10-06,2495.520569163032,2505.758411165381,2424.5537098285663,2432.883544921875,1752351
2022-10-07,2430.929115680719,2431.9529908377535,2396.585897974441,2419.574462890625,1025923
2022-10-10,2391.93244381046,2429.8124180009304,2365.872479442097,2425.06591796875,1043728
2022-10-11,2429.1610048450043,2429.6729424557484,2368.6646579810485,2373.923095703125,1129783
2022-10-12,2385.8361936297756,2424.1351699022425,2377.227098382573,2411.80322265625,882873
2022-10-13,2404.031468304621,2426.5080943947714,2385.324047754245,2388.58154296875,753331
2022-10-14,2410.5466454265525,2443.0284379054874,2392.118482769441,2397.33056640625,1001536
2022-10-17,2395.282811392344,2429.114088987452,2390.0707282601,2411.058349609375,778918
2022-10-18,2438.4684002425784,2458.944089099577,2417.061998255716,2421.9482421875,1123374
2022-10-19,2434.0938143675244,2436.141337573044,2399.750367485734,2404.03173828125,1241979
2022-10-20,2390.210313735455,2429.1607406390854,2390.210313735455,2420.691162109375,1428125
2022-10-21,2425.437982906568,2481.978795439789,2425.437982906568,2470.01904296875,2458302
2022-10-24,2429.254006741838,2457.082233573049,2373.3180665194227,2394.817626953125,719908
2022-10-25,2406.823911204295,2406.823911204295,2326.7825901046936,2331.808349609375,2923789
2022-10-27,2321.1984809975434,2354.7041527360807,2315.614202374454,2344.46630859375,1846329
2022-10-28,2351.0742048652405,2374.1557055312574,2337.9510606492026,2349.352294921875,1164951
2022-10-31,2368.664220442707,2393.7934675751053,2365.9186629602423,2373.96923828125,1324443
2022-11-01,2407.0440918840513,2413.4623429904373,2386.993290598174,2390.928466796875,1280132
2022-11-02,2402.359198201214,2402.359198201214,2343.705563094823,2359.540283203125,1338284
2022-11-03,2357.104134454052,2388.3048675676064,2350.1707398729995,2385.822021484375,730444
2022-11-04,2384.5102013800715,2385.494052611196,2356.6826063748276,2361.461181640625,889055
2022-11-07,2371.5336825328113,2391.1160066043662,2358.3224877050116,2373.12646484375,1283685
2022-11-09,2351.7637077299682,2384.463438301821,2335.5074009596337,2350.639404296875,1436444
2022-11-10,2346.1420774835647,2377.998639238533,2343.378098022359,2355.136962890625,1459152
2022-11-11,2384.5572818240403,2386.2438513881834,2337.709398094688,2345.251953125,1162847
2022-11-14,2348.7654157270244,2355.2772254587667,2300.3714172362206,2302.8544921875,2137131
2022-11-15,2302.85437521008,2313.3482543076043,2290.064767052659,2302.5732421875,1558333
2022-11-16,2308.2420847371077,2326.4658654402274,2275.026981501953,2321.640625,1330395
2022-11-17,2323.6082765871915,2340.520409362297,2299.528508677909,2304.916015625,960476
2022-11-18,2314.285551252871,2331.666162579982,2294.468987121474,2327.121826171875,1075675
2022-11-21,2327.121705634642,2353.6376532906284,2314.3323250136264,2343.705810546875,1354881
2022-11-22,2347.922017585297,2364.881042072989,2339.583186234649,2357.104248046875,921265
2022-11-23,2362.070141632423,2365.817972083248,2344.267946991005,2349.28076171875,734152
2022-11-24,2358.3222179422173,2398.6113936957,2352.8409246248293,2388.4453125,999929
2022-11-25,2393.926561051514,2394.301252575009,2359.4464771620264,2377.48291015625,783480
2022-11-28,2367.6916962697974,2382.2145380949587,2362.81956282672,2366.005126953125,830905
2022-11-29,2367.8793207894287,2473.5212955351185,2367.8793207894287,2468.1337890625,2542932
2022-11-30,2467.946166555314,2527.9114492658455,2457.6396335894415,2515.1220703125,3698270
2022-12-01,2511.046269774166,2513.857142464212,2479.986218048923,2494.9775390625,1675569
2022-12-02,2492.3073440103817,2492.3073440103817,2442.789040807247,2450.238037109375,2101890
2022-12-05,2436.090018867,2459.5139613561055,2422.1761055286956,2454.688720703125,1640511
2022-12-06,2442.4612008071144,2492.260407447323,2439.6972215426445,2487.200927734375,1484562
2022-12-07,2492.353981194533,2548.3371949096204,2488.7934967481283,2536.672119140625,2368561
2022-12-08,2525.1475783453566,2540.138899664637,2516.4338270786425,2534.891845703125,1314703
2022-12-09,2552.9280684970827,2568.7627875835333,2540.326035802867,2550.632568359375,1883397
2022-12-12,2531.846740641604,2552.272461746136,2519.1509196139464,2545.947998046875,1163204
2022-12-13,2545.713604847105,2548.524477432509,2527.724066050402,2539.43603515625,1265839
2022-12-14,2548.524865486891,2548.524865486891,2502.9419662859514,2515.4033203125,886858
2022-12-15,2500.130870117913,2514.0914466719687,2481.4852768769233,2495.352294921875,990722
2022-12-16,2499.8027696932227,2518.2607878724857,2486.0295393132346,2502.894775390625,1793864
2022-12-19,2502.8949660154867,2548.5247569057906,2502.8949660154867,2546.74462890625,1546941
2022-12-20,2535.4072115481604,2535.4541051770434,2485.9826992018316,2505.93994140625,827567
2022-12-21,2518.4952840830792,2525.241333452075,2483.0315740758383,2498.116455078125,779092
2022-12-22,2507.766947485057,2519.010438376079,2475.441911173368,2478.580810546875,852567
2022-12-23,2466.0723653240034,2482.516016701331,2443.6322768985397,2455.859619140625,1189702
2022-12-26,2455.7192934301843,2471.554016166847,2442.4145395401115,2452.43994140625,605144
2022-12-27,2459.5137856958872,2468.7895747593143,2412.900143471746,2429.765380859375,870960
2022-12-28,2429.5309423377967,2438.994305151716,2415.570366255285,2420.7236328125,822651
2022-12-29,2417.5848899054668,2420.442656385594,2379.3100797727616,2406.154052734375,1345863
2022-12-30,2417.303621302198,2423.39384546772,2394.113921595018,2399.59521484375,696432
2023-01-02,2411.6351479258137,2417.397574589378,2378.0453542016885,2397.1123046875,681703
2023-01-03,2389.288629096571,2400.4852259893814,2375.187372319704,2381.79296875,821843
2023-01-04,2389.71060519071,2397.1124794941134,2367.7389929552132,2376.218505859375,1672649
2023-01-05,2377.5768796889943,2428.547283259781,2377.5299860576115,2420.8173828125,2008493
2023-01-06,2417.3506593630577,2447.2395159383605,2412.572084001759,2414.0244140625,991782
2023-01-09,2426.1113944322215,2463.683259131931,2407.981172315986,2458.623779296875,1267078
2023-01-10,2458.623487856922,2486.076389632311,2450.2377635921844,2477.17529296875,1413088
2023-01-11,2477.3159807161624,2480.923359101618,2424.9401405510166,2429.765380859375,1471687
2023-01-12,2423.066153055006,2438.525953532815,2410.5576775322857,2426.76708984375,1703829
2023-01-13,2426.9074485857586,2472.865263078271,2404.842052094002,2458.57666015625,1348015
2023-01-16,2462.277808968446,2462.277808968446,2421.098566027576,2433.372802734375,930068
2023-01-17,2441.1961878922,2506.361636182838,2437.7763840753073,2499.38134765625,1892865
2023-01-18,2499.803128602817,2523.695549809478,2492.3074670477863,2516.855712890625,2038075
2023-01-19,2501.7703015431557,2510.3902647563878,2447.2391922770157,2482.703125,1649842
2023-01-20,2389.2417535786535,2440.7744188519187,2376.1712415001334,2388.070556640625,4569549
2023-01-23,2398.611629271074,2439.8377666491706,2391.115967929602,2432.716796875,1388360
2023-01-24,2439.8377013585127,2445.4594472141775,2418.1003297998273,2436.558349609375,1462462
2023-01-25,2436.5583895331097,2475.442132338579,2430.4681647563493,2457.031005859375,1591810
2023-01-27,2469.3516836418157,2479.7051105733485,2415.6639689590274,2447.4736328125,1581382
2023-01-30,2445.4593254849115,2445.4593254849115,2370.6900635765246,2406.24755859375,2744039
2023-01-31,2406.107041179538,2426.907453495928,2380.996532538842,2414.305419921875,2366794
2023-02-01,2436.277139068055,2438.9006661337953,2386.29058767451,2411.963134765625,2014615
2023-02-02,2407.512884964956,2473.3341654353926,2401.4226597256984,2468.7431640625,1980667
2023-02-03,2473.567978704578,2489.9178425109067,2465.275812730749,2481.766357421875,1638238
2023-02-06,2465.1355681110294,2478.2529751629318,2435.855641655891,2471.319580078125,1697446
2023-02-07,2478.252900765544,2478.7682732055678,2431.6861528791146,2437.214111328125,1495745
2023-02-08,2429.249909780567,2443.1169279305927,2415.8047055476436,2419.97412109375,1061956
2023-02-09,2423.9090626885595,2435.9957229896086,2404.2329551058538,2423.6279296875,1102484
2023-02-10,2422.03572788479,2423.5816166368536,2394.2550227378433,2415.008544921875,1523011
2023-02-13,2398.6114877954283,2427.422934377346,2389.241911671227,2418.28759765625,1146525
2023-02-14,2422.035554089223,2437.963834328881,2408.1685349542227,2416.97607421875,1944364
2023-02-15,2389.2418808116263,2409.6676022484476,2377.0614320074883,2387.78955078125,2009134
2023-02-16,2398.6114580984527,2400.3915860402444,2363.8035747277663,2367.78564453125,1982857
2023-02-17,2365.8178448890317,2385.728193088593,2348.8588215110553,2356.916748046875,1395341
2023-02-20,2359.259188216002,2382.683127733635,2350.076958175208,2353.1220703125,632091
2023-02-21,2368.6289184613074,2383.573347098075,2353.9187292349884,2357.52587890625,862797
2023-02-22,2357.5257170089444,2364.4593403317426,2326.231425421773,2336.819091796875,885515
2023-02-23,2334.898285011658,2357.2914796321907,2323.748581330186,2333.63330078125,757215
2023-02-24,2335.0857488958277,2352.93483741435,2316.1123569764086,2327.590087890625,732783
2023-02-27,2330.2137456869955,2330.2137456869955,2301.1680576627505,2312.552001953125,853991
2023-02-28,2314.0513090220265,2318.3614059966494,2282.100959545673,2305.52490234375,1780454
2023-03-01,2303.0418281566776,2314.285319587874,2293.6722519640143,2310.771728515625,967339
2023-03-02,2310.7715838012773,2314.2851746534843,2289.924278078184,2300.558837890625,827174
2023-03-03,2310.5376237400724,2332.930820645566,2300.840020315843,2315.222412109375,1176008
2023-03-06,2325.4816605639494,2341.3163798304286,2319.532117588322,2328.198974609375,1214503
2023-03-08,2330.213721820577,2343.7058207487166,2311.6619142323125,2328.43359375,1448340
2023-03-09,2328.199133162967,2334.8513947284646,2302.0109858136857,2306.227294921875,1038910
2023-03-10,2295.545538869551,2314.753164807031,2290.9545392915543,2310.021484375,772024
2023-03-13,2310.5374534237462,2331.618999531627,2290.8613437230574,2300.32470703125,1314549
2023-03-14,2306.789489693156,2316.159065199627,2285.9421841912585,2288.471923828125,1250763
2023-03-15,2297.3260455181126,2304.4470141504353,2242.1393392404925,2254.41357421875,1738040
2023-03-16,2272.074922950173,2313.6290773633227,2255.9593005577603,2304.306396484375,1628035
2023-03-17,2315.831330893253,2326.653237719197,2285.98936638772,2293.110107421875,2127178
2023-03-20,2293.1099972967613,2357.9943127536376,2272.1222380205863,2352.887939453125,1561128
2023-03-21,2356.4482918782055,2364.178191841623,2303.7444284912676,2307.351806640625,1595161
2023-03-22,2316.7215163262267,2324.9665604311444,2299.668704542479,2320.235107421875,1063244
2023-03-23,2318.9702297973176,2342.4410651457583,2310.5376107798725,2328.43359375,1578627
2023-03-24,2316.3466138744157,2340.42637928558,2314.285352832304,2324.404541015625,1449326
2023-03-27,2328.3396249124653,2347.0787768232294,2308.663515406163,2341.45703125,1387736
2023-03-28,2351.5761749174585,2355.0428722060337,2316.065345463075,2326.2783203125,1412387
2023-03-29,2328.3392380084742,2379.684551461715,2323.7013444311287,2371.298828125,2613254
2023-03-31,2397.4873671058185,2406.528917254898,2357.900904964468,2398.939697265625,2146167
2023-04-03,2407.981280274505,2407.981280274505,2356.495500595955,2376.218505859375,918048
2023-04-05,2354.1059745660814,2425.361645934174,2344.2679197469993,2419.92724609375,1489612
2023-04-06,2412.6660993765836,2422.0356764615412,2392.053029789677,2403.53076171875,797414
2023-04-10,2403.530477831666,2406.997175193752,2365.8179345190356,2372.51708984375,853322
2023-04-11,2379.872610866819,2393.9269766790244,2373.313906821123,2387.134033203125,913184
2023-04-12,2394.863300072336,2394.863300072336,2359.867846969413,2369.5185546875,1109809
2023-04-13,2365.817888436723,2400.813345533759,2365.817888436723,2376.311767578125,1261711
2023-04-17,2410.7919035266423,2416.413649123673,2381.1839518825154,2390.975341796875,1566977
2023-04-18,2398.6117482459163,2398.6117482459163,2370.5030168211597,2380.8564453125,1474786
2023-04-19,2387.3682119969135,2387.3682119969135,2351.9980589345573,2372.002197265625,1320243
2023-04-20,2359.071980020171,2372.7514242465463,2323.6549356542655,2335.460693359375,1401364
2023-04-21,2334.8985362313215,2351.2952956149684,2328.948763469482,2340.473388671875,1206288
2023-04-24,2344.2678224853735,2346.9849079181486,2319.0637555419476,2342.15966796875,1735797
2023-04-25,2333.8209652172677,2342.159796485265,2321.8278620036335,2333.446044921875,1701098
2023-04-26,2333.02441979896,2359.2592325517194,2325.7161047822374,2352.51318359375,1245903
2023-04-27,2355.464607365137,2363.0071620979274,2302.1049156521044,2313.301513671875,2743893
2023-04-28,2282.475637067844,2312.2240412567344,2266.500464029124,2302.385986328125,3761927
2023-05-02,2315.971855388902,2321.7809467940324,2295.5461338359078,2297.138916015625,1760370
2023-05-03,2302.0579470910807,2333.0244417566496,2298.0289836305337,2329.276611328125,1258140
2023-05-04,2330.166941509511,2351.1549315566235,2323.795583303255,2348.71875,1150227
2023-05-05,2342.3939614990504,2361.1331131910424,2337.4280405507902,2343.0966796875,1354871
2023-05-08,2347.781312152746,2367.5512073785035,2339.7233859589787,2357.666259765625,972810
2023-05-09,2365.817962298237,2365.817962298237,2342.440915707787,2357.197998046875,1651327
2023-05-10,2362.070059660433,2375.187465783101,2347.875243820309,2363.662841796875,2025658
2023-05-11,2377.0144977012933,2435.1527615560435,2364.506251200738,2428.96875,1749356
2023-05-12,2430.4679431640157,2473.5679915007713,2423.3469741129625,2458.014404296875,2170011
2023-05-15,2471.6474104831673,2502.3796674441996,2457.68683286568,2494.41552734375,1561055
2023-05-16,2501.676631857383,2509.5469836938037,2483.4997470807257,2507.20458984375,1477905
2023-05-17,2503.5505923029964,2505.4245074169953,2480.1735470057365,2493.94677734375,839404
2023-05-18,2497.4608202875834,2500.9275181261632,2456.562707020694,2461.9033203125,1434067
2023-05-19,2462.933411093132,2482.0005890356556,2436.698599279995,2474.926513671875,1174757
2023-05-22,2468.883425701609,2488.044164033545,2457.6868274525827,2471.7880859375,768232
2023-05-23,2466.0724102706818,2482.7503013483833,2459.5137070518767,2462.605712890625,703864
2023-05-24,2454.8290940902366,2471.694332141238,2443.5856020562355,2450.097412109375,628872
2023-05-25,2445.4591479344135,2460.590920510954,2417.8657944863357,2433.512939453125,1072231
2023-05-26,2439.6034163578033,2489.215276857039,2438.9944854012556,2485.1396484375,947073
2023-05-29,2501.677014754281,2510.6250063809107,2478.299966302625,2483.218994140625,698267
2023-05-30,2488.090855821525,2496.9919528391506,2483.7340945705564,2489.07470703125,948051
2023-05-31,2489.074813825218,2511.046424287853,2471.69420420573,2499.38134765625,3388305
2023-06-01,2498.8659721401505,2559.065499215518,2487.154001892024,2527.81787109375,1541080
2023-06-02,2539.155290676707,2565.577451272608,2521.962025898736,2545.432861328125,1509260
2023-06-05,2545.1986707322853,2550.3988316606133,2514.934891601561,2525.8505859375,1000190
2023-06-06,2529.7853296984927,2537.187202681926,2501.817055942623,2521.4931640625,655372
2023-06-07,2520.416110477185,2555.08354396702,2510.4376028778556,2544.96435546875,1428490
2023-06-08,2536.3442797445905,2549.9770588783986,2506.2678486143086,2510.95263671875,923536
2023-06-09,2519.4320815390515,2519.4320815390515,2454.9226883162682,2470.007568359375,1413808
2023-06-12,2478.252867148135,2489.49635841686,2467.00937587941,2476.800537109375,775484
2023-06-13,2463.8236387402744,2526.9744854379633,2461.8559364064695,2507.20458984375,1787924
2023-06-14,2502.613685082793,2531.753157191345,2484.811491141732,2528.6142578125,1536248
2023-06-15,2542.8562333579403,2546.182478850207,2509.313102882079,2520.135009765625,1830192
2023-06-16,2520.1347273058177,2552.272417668782,2514.044503108003,2544.44873046875,1748145
2023-06-19,2552.336684866475,2561.2159282366138,2526.832210221251,2534.625244140625,1068263
2023-06-20,2522.108880091478,2531.932732545881,2501.4220118614003,2527.87109375,1129279
2023-06-21,2537.175471993452,2556.917961609869,2520.644795113001,2528.343505859375,1201840
2023-06-22,2520.833422303501,2529.6656181838885,2501.9884986425827,2507.32568359375,830052
2023-06-23,2504.4448987546984,2513.1825425093994,2481.9158547725215,2495.2822265625,991214
2023-06-26,2495.8013848354094,2526.0761834675086,2495.8013848354094,2505.200439453125,758700
2023-06-27,2505.200400895473,2514.1741963527184,2489.992086873488,2504.491943359375,687747
2023-06-28,2506.003196288723,2538.7340730259034,2495.659762322393,2513.843505859375,1397573
2023-06-30,2518.283176287608,2537.128101107674,2504.4920076017515,2529.807373046875,1160181
2023-07-03,2538.167147813337,2555.973139106291,2512.143095391975,2551.43896484375,980665
2023-07-04,2551.4391523518384,2556.7761071606037,2526.832013165509,2550.447265625,721907
2023-07-05,2550.399774845032,2606.5567943547785,2546.7631646422487,2603.20361328125,1717547
2023-07-06,2607.029000802995,2611.846603965153,2584.1222087067363,2604.38427734375,1265020
2023-07-07,2600.606392198823,2616.2395062641617,2541.9460074716203,2548.65283203125,1178930
2023-07-10,2559.7988641116162,2561.1687332755905,2504.161420460869,2509.404052734375,1518183
2023-07-11,2509.9234410943345,2566.2693379928464,2499.4381773549544,2535.8056640625,2476367
2023-07-12,2555.122735165759,2555.122735165759,2496.1318876714754,2525.556396484375,2395826
2023-07-13,2536.230950893927,2538.5924762454397,2504.350358648507,2507.656494140625,1495067
2023-07-14,2507.9398398406797,2537.6950582794675,2504.208676033007,2528.626708984375,1419016
2023-07-17,2522.1087534206954,2553.4697599614165,2522.1087534206954,2533.16064453125,912701
2023-07-18,2536.797628873859,2551.486361639526,2529.0045957679067,2534.199951171875,1215904
2023-07-19,2534.152426227333,2547.51856520983,2513.5126058978612,2523.6201171875,1166542
2023-07-20,2521.211472609234,2565.8442969854914,2510.962361431316,2553.51708984375,1430764
2023-07-21,2503.2167121195757,2528.107279975843,2448.4293274769584,2459.7646484375,5198952
2023-07-24,2459.7645667813194,2461.606510252722,2432.3708753693927,2437.330078125,1777469
2023-07-25,2437.2827434233677,2443.328385961522,2420.3743162018372,2425.900146484375,1653775
2023-07-26,2436.6216173368666,2454.852637375737,2429.8204711189323,2440.211181640625,1300033
2023-07-27,2419.1464560588693,2439.927878172612,2411.5895752902356,2427.50634765625,2276136
2023-07-28,2427.6478101117627,2450.082298629333,2423.1136357825694,2441.439208984375,966450
2023-07-31,2432.418213062982,2439.8332637607236,2412.5341249153757,2418.95751953125,2003252
2023-08-01,2427.647714594634,2431.2372787397494,2404.032464452663,2409.794677734375,1758897
2023-08-02,2397.4203701639326,2430.906751196545,2395.5311500140792,2426.656005859375,2082908
2023-08-03,2416.265451877678,2419.1938355471134,2396.6647915506487,2409.98388671875,1475310
2023-08-04,2409.9837745344507,2417.2099494932445,2394.6338605350475,2404.977294921875,1359318
2023-08-07,2399.3095225583493,2431.426264198894,2398.128759998035,2426.89208984375,803823
2023-08-08,2426.8920884923928,2442.005849255998,2413.9982535880167,2423.727783203125,1002061
2023-08-09,2423.727560430679,2426.6557129388793,2400.2539106551667,2410.83349609375,1212549
2023-08-10,2407.858409737453,2410.0781050909627,2387.5965693152134,2396.1923828125,1313334
2023-08-11,2394.586595022939,2396.1451094353415,2360.5806315433233,2363.2255859375,1472199
2023-08-14,2363.2251669987254,2399.309220170674,2350.2840570922026,2392.79150390625,1060479
2023-08-16,2393.6415886451564,2413.52567401138,2384.573240971496,2411.21142578125,1155882
2023-08-17,2411.211835360745,2418.8157621774308,2392.697385139432,2402.379638671875,1532873
2023-08-18,2391.8471070850114,2425.5223618143514,2391.8471070850114,2413.242431640625,1970819
2023-08-21,2413.2424362847983,2432.276235843633,2398.412105169986,2420.79931640625,977004
2023-08-22,2431.0486690370512,2432.371030942716,2411.589608542429,2423.6806640625,960025
2023-08-23,2432.3709662687493,2440.400151982646,2420.563340218901,2431.4736328125,1136112
2023-08-24,2441.8174348327784,2448.1935538599046,2424.7671741255836,2438.275146484375,1143934
2023-08-25,2424.813789909451,2437.754900358477,2410.172335393052,2421.554931640625,802955
2023-08-28,2422.9248122900835,2425.7586424798965,2398.364950645038,2414.139892578125,619841
2023-08-29,2417.1627886442957,2417.1627886442957,2382.40132007785,2386.226806640625,958564
2023-08-30,2386.2262943800138,2395.5307944842025,2380.4170355284664,2391.705078125,1227377
2023-08-31,2391.7998810565846,2399.120608815014,2353.118146314614,2366.29541015625,3235414
2023-09-01,2366.295722852043,2375.2222427232246,2361.5253954297323,2366.0595703125,813413
2023-09-04,2374.7498359805163,2374.7498359805163,2353.9684133903925,2362.84765625,1143301
2023-09-05,2370.9713681447347,2383.676327958066,2363.509040547854,2368.184814453125,844088
2023-09-06,2374.2302550029017,2386.1797113664225,2368.5625942948077,2383.7236328125,1094146
2023-09-07,2370.971301828584,2382.1650235285183,2361.5252010244863,2368.5625,1894798
2023-09-08,2365.303809586244,2381.409458726338,2362.98956084817,2374.56103515625,1018234
2023-09-11,2374.560883647412,2398.270458468714,2370.073985732606,2395.767333984375,1121083
2023-09-12,2407.8113166309895,2407.8113166309895,2350.190096421303,2360.439208984375,3946716
2023-09-13,2355.857499915505,2370.026650877306,2353.9682797872647,2367.71240234375,1231305
2023-09-14,2371.915982844162,2374.749813170141,2355.007554146237,2362.281005859375,2081195
2023-09-15,2337.720923661659,2352.078949842382,2329.4083093619734,2332.9033203125,3750697
2023-09-18,2334.4618991075095,2354.865335717462,2325.629703801733,2350.803466796875,1499641
2023-09-20,2313.9639482061284,2342.6329558606117,2309.571603660966,2330.21142578125,1795159
2023-09-21,2329.4083423668044,2345.466712934621,2307.587758348168,2336.351318359375,2223720
2023-09-22,2331.297453264445,2352.0788730261215,2321.8513533727737,2344.947021484375,1176741
2023-09-25,2344.9471786006093,2361.241702005508,2323.7407290464666,2338.712890625,1122778
2023-09-26,2336.96509585249,2351.134245584821,2324.9213185800086,2341.640869140625,1263548
2023-09-27,2338.8545135592585,2366.059329468946,2332.242243125125,2363.17822265625,1086791
2023-09-28,2361.5252311216345,2362.4698412140833,2317.317432671498,2324.071533203125,1612346
2023-09-29,2328.9832409544006,2335.831663481838,2314.7668142739085,2329.030517578125,1249567
2023-10-03,2352.0793159909003,2360.5808074944816,2325.441355403221,2332.14794921875,1585626
2023-10-04,2330.4000529721457,2371.962891301867,2328.605155673671,2368.940185546875,1587335
2023-10-05,2378.5282398571253,2384.951634682424,2357.1329132667297,2379.992431640625,1909928
2023-10-06,2380.3700344827253,2380.4173111084674,2355.85744996211,2360.958251953125,1083342
2023-10-09,2347.355928792562,2377.111144791341,2343.5774886657327,2372.19921875,1468771
2023-10-10,2373.0489529648958,2381.2199669990946,2364.689293691218,2376.827392578125,1092373
2023-10-11,2378.8590382001694,2421.9331222114447,2376.875264659182,2414.80126953125,1697398
2023-10-12,2413.478699804611,2425.33360216398,2398.553814754688,2415.367919921875,1625010
2023-10-13,2411.6369043036275,2433.976841314084,2401.8600973497582,2427.12841796875,1531977
2023-10-16,2418.201982536736,2438.983405824161,2411.211959678051,2416.59619140625,954899
2023-10-17,2416.5959914300765,2427.6478831402897,2405.402269838559,2414.56494140625,1253538
2023-10-18,2427.695084097668,2428.8285700243123,2398.8844778222215,2407.1025390625,1084689
2023-10-19,2385.1403533078123,2412.911796263609,2385.1403533078123,2406.9609375,1272343
2023-10-20,2380.417254803117,2402.6628669388015,2347.403180666586,2356.943603515625,3608160
2023-10-23,2355.8573699699264,2370.9238535380587,2342.9635355529686,2345.93896484375,922707
2023-10-25,2337.9571469218904,2352.079021024989,2328.463769809878,2340.08251953125,1435836
2023-10-26,2324.6855181935252,2352.0792118252243,2319.6317617764566,2339.232421875,2650560
2023-10-27,2330.6365808936484,2356.8022349334974,2327.377722123193,2344.569580078125,1784812
2023-10-30,2334.1316662487516,2353.9684792763614,2326.007926761789,2341.593994140625,875135
2023-10-31,2333.3759548530197,2353.968502321105,2331.108982731899,2346.41162109375,920414
2023-11-01,2347.3557889052863,2355.810002061713,2330.1639334762745,2335.31201171875,1267131
2023-11-02,2355.0567164539566,2375.0390158662935,2343.923767528903,2366.284912109375,1595123
2023-11-03,2375.990388005785,2390.739227018236,2365.3332088586044,2387.646728515625,1125583
2023-11-06,2393.1180109195598,2395.7347403549593,2370.376346204631,2376.370849609375,1338677
2023-11-07,2375.038895368902,2383.7929986816816,2364.8098616648895,2375.467041015625,1473411
2023-11-08,2376.942137312586,2402.6336656182066,2376.6566294251475,2397.257568359375,745022
2023-11-09,2397.9233366863427,2399.77878928841,2353.20105155686,2356.674072265625,1823094
2023-11-10,2356.9593973790047,2367.997330031977,2345.8740736778946,2366.046630859375,771062
2023-11-13,2357.150040381176,2366.6654209997896,2351.250550859455,2358.053955078125,760809
2023-11-15,2380.6526464611566,2381.747054462564,2356.0079070773095,2365.90380859375,1457029
2023-11-16,2360.004517474422,2384.363983366674,2355.3896975279267,2370.471435546875,1420578
2023-11-17,2345.5413365463196,2410.721694174483,2345.5413365463196,2406.24951171875,1756043
2023-11-20,2411.6254864138623,2411.6731097766415,2378.8450481126865,2384.982421875,944231
2023-11-21,2383.60293578797,2395.021392965398,2376.9421691011376,2383.8408203125,1088806
2023-11-22,2386.219423948532,2401.9198009778015,2382.6511564418797,2399.68359375,816610
2023-11-23,2384.7447362298585,2405.250428716341,2384.7447362298585,2397.78076171875,1023670
2023-11-24,2393.2135793250236,2397.6857619539287,2385.934173440823,2393.30859375,735137
2023-11-28,2409.0565945439425,2409.0565945439425,2378.8452597451787,2388.884033203125,1880641
2023-11-29,2390.2637774525856,2406.1067943595876,2386.5528716771605,2402.681396484375,1265214
2023-11-30,2394.212385917684,2430.7039632772917,2394.212385917684,2422.187744140625,3095684
2023-12-01,2424.0429113840873,2456.823347080147,2418.8094526941513,2439.41015625,1345599
2023-12-04,2452.1135410090665,2481.9917426867814,2450.210464919808,2476.1875,2188039
2023-12-05,2509.205964012819,2509.205964012819,2432.416885978685,2439.030029296875,3108717
2023-12-06,2445.4530044135768,2458.489030387733,2438.7922374754853,2443.216796875,1573754
2023-12-07,2427.468811211775,2435.747145781318,2377.51306360873,2396.210693359375,3925967
2023-12-08,2396.924331120229,2411.1497784060275,2386.742920518536,2400.064453125,1605805
2023-12-11,2400.064684982732,2407.3438587936876,2377.8937999697705,2382.318359375,2012243
2023-12-12,2378.8451843597045,2395.9728696870943,2375.990570138473,2381.4619140625,1677929
2023-12-13,2386.314913579073,2394.735886366507,2376.989793750654,2390.16845703125,1513205
2023-12-14,2399.1602775899255,2402.443037020629,2379.9866487163035,2394.402587890625,2166569
2023-12-15,2397.8758864843303,2409.2943430866367,2385.505891831832,2400.63525390625,2543337
2023-12-18,2398.0185536861045,2421.188598416162,2393.118225591137,2412.624755859375,1969036
2023-12-19,2412.1964150951935,2442.5503838900313,2412.148791734133,2436.603271484375,1656220
2023-12-20,2448.2598103471983,2448.2598103471983,2423.5674440982407,2433.55859375,1468642
2023-12-21,2419.047502143593,2454.9680619649803,2413.1003895903837,2429.466796875,1945695
2023-12-22,2435.17613073748,2454.7302841239025,2423.3771518428653,2450.781494140625,1174984
2023-12-26,2450.781556654719,2466.053556897237,2442.6458596590815,2459.488037109375,893776
2023-12-27,2460.677625709768,2485.4176173062315,2455.8246882806616,2481.89697265625,1073278
2023-12-28,2487.177751595804,2512.060377946143,2480.516985442159,2506.160888671875,1635216
2023-12-29,2506.1610729677977,2537.847337890644,2494.2192234523473,2534.849853515625,1305681
2024-01-01,2534.754547548559,2540.0353975040516,2510.157197777863,2526.095458984375,526353
2024-01-02,2519.672928160282,2525.334533481902,2480.6598654508516,2487.13037109375,1310629
2024-01-03,2473.0472868784123,2501.2129048853863,2469.7645272072045,2480.2314453125,1008270
2024-01-04,2480.23168969662,2495.884445034577,2462.628234785015,2466.91015625,1376844
2024-01-05,2469.2410754095913,2502.4496582207557,2469.2410754095913,2493.0771484375,1150738
2024-01-08,2497.739759008787,2498.738920423555,2442.1224064230973,2453.302978515625,1189828
2024-01-09,2457.3948219518165,2463.5321963731953,2446.9279026161253,2454.73046875,1017205
2024-01-10,2454.968232542675,2468.5752734716893,2440.695161423241,2452.494140625,881278
2024-01-11,2454.9679364475815,2463.5317780863525,2409.1514766037876,2413.29052734375,2399600
2024-01-12,2410.7214975896873,2431.179564374048,2390.1207930304627,2420.712646484375,2979841
2024-01-15,2422.616012767572,2453.778885673361,2408.342941207669,2448.497802734375,1391204
2024-01-16,2448.4976020680647,2459.3452749500357,2432.464325715243,2444.596435546875,1599406
2024-01-17,2425.470248545435,2446.737214774277,2416.668522457147,2438.696533203125,3047652
2024-01-18,2445.452880859375,2445.452880859375,2414.5755164325237,2424.51904296875,1273095
2024-01-19,2440.6954053901272,2449.2116255475,2409.294645788617,2441.075927734375,1323064
2024-01-23,2332.219769208468,2360.29014178768,2250.8156422669326,2260.42626953125,4369332
2024-01-24,2272.272831171449,2327.3667905613916,2252.433170186705,2323.32275390625,1551469
2024-01-25,2335.835631151106,2348.3958868393197,2302.9123219857183,2310.619873046875,2364765
2024-01-29,2293.206638020459,2330.3166209593796,2293.206638020459,2325.939453125,1587091
2024-01-30,2335.074464258939,2373.6593801281356,2328.6992055412425,2339.4990234375,1793711
2024-01-31,2331.268234546181,2365.428357794056,2323.418045593117,2361.289306640625,1445004
2024-02-01,2355.151672158884,2389.8351839626457,2348.7287909985926,2353.724365234375,1727534
2024-02-02,2356.959868303827,2366.380002548617,2323.656034880075,2333.742431640625,1956115
2024-02-05,2344.5897815922713,2345.3034351378046,2295.8234559808247,2302.246337890625,1315445
2024-02-06,2307.4321116623337,2323.0374748228087,2300.8665921440406,2308.764404296875,1557511
2024-02-07,2321.65739200059,2321.65739200059,2294.681430030404,2307.90771484375,1149076
2024-02-08,2323.465851916783,2323.465851916783,2282.7399734976043,2299.915283203125,1758661
2024-02-09,2299.9148741619647,2310.7623139893262,2289.4955799550644,2306.670654296875,886474
2024-02-12,2306.623444399983,2312.0947881032084,2266.563600188382,2270.03662109375,1292460
2024-02-13,2274.1757816579207,2284.5950761204376,2264.7556485403748,2277.98193359375,957865
2024-02-14,2269.4181070464574,2277.98194895984,2255.145037190819,2272.22509765625,1397975
2024-02-15,2253.575255883098,2269.1327637686886,2233.021940876607,2236.92333984375,2553695
2024-02-16,2255.0976707552395,2266.563751307428,2243.3463146207005,2260.140869140625,2363302
2024-02-19,2273.700074434181,2278.8859101258126,2258.760974142025,2271.4638671875,576683
2024-02-20,2255.2407196544727,2291.732069250529,2253.43265773797,2287.593017578125,1032995
2024-02-21,2287.592651559068,2305.386366108225,2278.077271339296,2290.447265625,1127778
2024-02-22,2303.0073961054027,2303.0073961054027,2251.1009533608717,2272.367919921875,2258516
2024-02-23,2272.796066238622,2288.924588379188,2268.4188986500394,2278.0771484375,1210775
2024-02-26,2275.2229619621176,2289.9241799085767,2264.6607955800923,2287.735595703125,831596
2024-02-27,2287.5451965256293,2292.2076402527696,2273.3671395694214,2288.734619140625,1120424
2024-02-28,2294.2534952803453,2307.4797813093674,2284.6428680098106,2304.197021484375,629152
2024-02-29,2307.4795049095815,2311.095395544037,2281.0743270698945,2295.39501953125,2848084
2024-03-01,2299.8197932900557,2320.610992152407,2287.4974222733213,2292.921142578125,2326244
2024-03-04,2299.1060332243937,2310.2389811886724,2287.8778385379705,2304.625,1501261
2024-03-05,2288.449156471972,2302.722228133959,2275.222869655507,2283.548828125,1587199
2024-03-06,2287.4972676039697,2292.1123196573326,2260.188174473341,2284.452392578125,1354111
2024-03-07,2288.401396798682,2308.4313192997674,2286.545944054963,2302.2939453125,1820704
2024-03-11,2292.2553091657774,2296.0614616093903,2268.0387107051133,2274.033447265625,2040761
2024-03-12,2264.6605848205845,2269.4182751248295,2246.3911005141035,2262.900146484375,1012157
2024-03-13,2259.9027333065187,2259.9027333065187,2192.200898030252,2200.52685546875,2322669
2024-03-14,2193.15243804242,2228.216473730242,2190.297824060878,2221.460693359375,2292515
2024-03-15,2217.1309824317714,2223.696501172356,2203.6665814450907,2214.894775390625,2751403
2024-03-18,2208.3294060404837,2212.3258191228897,2185.682755494743,2188.48974609375,2487402
2024-03-19,2172.599473723718,2192.248643531876,2137.9635781031657,2157.08935546875,4220638
2024-03-20,2140.96046434362,2155.661679736964,2131.445084502093,2133.300537109375,2995013
2024-03-21,2125.735961002828,2149.6670495560147,2125.735961002828,2133.681396484375,3504486
2024-03-22,2130.541200274139,2156.185102851086,2123.880434290045,2147.193115234375,3507809
2024-03-26,2123.928254544735,2149.667173922062,2123.8330078125,2131.4453125,3027027
2024-03-27,2140.960556087323,2153.3305504113832,2127.6390237383353,2131.15966796875,2168861
2024-03-28,2136.202638489029,2177.023522487978,2131.540195586999,2154.614990234375,3186360
2024-04-01,2159.991486744805,2183.7799392419947,2152.379181945704,2175.120849609375,1427873
2024-04-02,2186.6347521861035,2186.6347521861035,2166.7000736443174,2175.88232421875,1221495
2024-04-03,2171.267075188301,2171.267075188301,2151.4750383541527,2155.423828125,1175309
2024-04-04,2159.991348715431,2171.409805184411,2140.2469344044857,2155.18603515625,1890255
2024-04-05,2155.1862791751128,2169.9827438199663,2148.6683822548757,2157.08935546875,1153449
2024-04-08,2166.6521151770908,2178.022948283286,2157.3269959314625,2158.9921875,1127294
2024-04-09,2160.942688440038,2164.3683179899913,2146.431734675745,2154.424560546875,1189343
2024-04-10,2166.55712999579,2166.55712999579,2148.2876439001657,2151.33251953125,2308993
2024-04-12,2151.3322566982424,2155.0910177947553,2120.597763925149,2124.118408203125,3388551
2024-04-15,2119.741083507388,2119.7887068675727,2083.8681485983543,2087.721923828125,4909564
2024-04-16,2077.2075959305644,2123.1193075676006,2066.7883005804556,2113.17578125,2821129
2024-04-18,2107.704193082432,2129.2564348333967,2101.994965354063,2107.46630859375,3392171
2024-04-19,2112.414458340636,2135.0134868927034,2089.5775452774938,2123.452392578125,2337694
2024-04-22,2140.9606320927674,2144.3386386629995,2121.025956224656,2132.87255859375,1804108
2024-04-23,2143.8150341424634,2163.3215624158415,2139.7233744330624,2153.092529296875,1991778
2024-04-24,2156.232834312824,2158.4214182791357,2136.8213188005566,2150.7138671875,1404398
2024-04-25,2129.590042015343,2131.3028571784907,2107.752287535297,2122.739013671875,4951866
2024-04-26,2136.2030043143795,2145.7183851799227,2111.0824917529876,2114.93603515625,2307512
2024-04-29,2125.735806975703,2125.735806975703,2112.4142755085322,2118.21875,1395292
2024-04-30,2123.8804638974716,2131.683029125793,2117.172074458158,2122.35791015625,2119102
2024-05-02,2098.188996387385,2134.4900796001903,2098.188996387385,2118.4091796875,2140383
2024-05-03,2123.832868867289,2127.305889730108,2097.1898042040793,2109.607421875,2595307
2024-05-06,2117.171925883484,2151.9030608474154,2104.801932608659,2146.85986328125,1619256
2024-05-07,2156.1850424716877,2273.7952286210457,2149.524276674114,2264.08935546875,8277810
2024-05-08,2251.7194941298253,2257.2860845113137,2212.325912736349,2227.59814453125,1813439
2024-05-09,2227.170261103702,2247.6283310925387,2207.045090078051,2212.944580078125,1558987
2024-05-10,2208.5199417588396,2256.0968470099992,2208.5199417588396,2248.056396484375,2610266
2024-05-13,2258.951417394285,2266.230590832508,2234.1161804125177,2246.248291015625,1170617
2024-05-14,2246.2005599454214,2257.3335074106412,2233.0216665184257,2235.733642578125,689430
2024-05-15,2235.686124115199,2241.6332365347407,2205.3319229404124,2210.708251953125,812282
2024-05-16,2223.744569078208,2234.3067350513884,2189.822328288699,2229.596435546875,1880021
2024-05-17,2237.922206273115,2237.922206273115,2202.905792515625,2207.9013671875,1264582
2024-05-21,2195.198349707812,2212.1357739870573,2190.2027747897514,2198.718994140625,1663959
2024-05-22,2199.00419017492,2258.95108069029,2198.7186823296997,2252.195068359375,1914851
2024-05-23,2252.1949782332495,2271.1307219602377,2240.8717700682055,2267.0390625,1614718
2024-05-24,2263.23319883726,2267.7530044687405,2250.101927593456,2254.2412109375,974100
2024-05-27,2254.2414095917443,2283.6438443145053,2248.008788499374,2268.942626953125,1116934
2024-05-28,2274.1760412952726,2292.2552650545235,2263.280976596913,2279.837646484375,1631747
2024-05-29,2265.8021695871143,2278.9334400458533,2254.5739750699586,2258.380126953125,1592495
2024-05-30,2253.2419122833867,2257.4762097868,2220.9372446734023,2237.4462890625,1837380
2024-05-31,2238.968730126002,2262.233785853556,2205.284380615942,2216.179443359375,5529186
2024-06-03,2265.6119681036826,2271.7493417150577,2230.6905701180376,2241.728271484375,1207445
2024-06-04,2258.951313785197,2388.408110980156,2228.597343141122,2375.324462890625,7826048
2024-06-05,2410.7690967329754,2591.9418352796642,2402.633400538643,2476.615478515625,11061076
2024-06-06,2473.999177643706,2473.999177643706,2395.9730497334044,2426.041748046875,4102547
2024-06-07,2431.4651503967925,2470.668470382015,2402.6335019120306,2452.874755859375,3974253
2024-06-10,2454.0167222546115,2467.9566622821258,2422.6159654363087,2441.0283203125,1449122
2024-06-11,2441.6468496706557,2451.82826123357,2427.659285575129,2432.464599609375,1402423
2024-06-12,2443.5497898876715,2443.5497898876715,2395.021347798781,2406.154296875,1754677
2024-06-13,2367.378861098653,2384.3639068951125,2327.8900350917966,2366.85546875,3123098
2024-06-14,2376.0797273343774,2412.013876045768,2373.5815310828184,2382.565185546875,1729552
2024-06-18,2382.709074497223,2400.0998034109475,2376.223616661745,2388.810302734375,1820933
2024-06-19,2397.217018956521,2397.217018956521,2355.421852493752,2360.706298828125,986976
2024-06-20,2360.706616671376,2392.4132989465716,2350.76215431065,2384.9189453125,2163310
2024-06-21,2378.0010255446114,2380.88345103012,2331.4499008681246,2345.621826171875,3646215
2024-06-24,2339.568554263009,2371.1312053845827,2331.9301740701367,2346.486328125,1945519
2024-06-25,2343.7483395788545,2350.8101414046546,2332.7468944491416,2336.87841796875,833789
2024-06-26,2341.4906141230595,2370.3148728114843,2337.070800628534,2349.753662109375,1738656
2024-06-27,2353.93272429665,2385.8796067402795,2340.5294927122213,2365.654541015625,3402726
2024-06-28,2366.471512485225,2392.893748211309,2366.327485028409,2376.127685546875,2129791
2024-07-01,2364.5977267940966,2424.1197644648755,2354.0769209852706,2406.92138671875,3312865
2024-07-02,2416.4334016689368,2416.4334016689368,2382.1806721302996,2387.753173828125,1305210
2024-07-03,2389.1944701801613,2421.093501473132,2377.3286254147783,2411.9658203125,1406405
2024-07-04,2416.4811726317103,2437.426842313378,2395.1991261867634,2398.129638671875,1977010
2024-07-05,2398.12987938707,2453.9048585805604,2398.12987938707,2447.17919921875,1754286
2024-07-08,2459.6697583062924,2493.2980557831365,2436.8505564470056,2485.755615234375,2818809
2024-07-09,2485.755757930268,2511.553561447393,2467.3563679406675,2488.63818359375,1479529
2024-07-10,2479.8465724683215,2523.0829520735424,2472.160104982949,2508.142333984375,1764036
2024-07-11,2514.4359645699687,2514.4840519117424,2488.542221172962,2506.60546875,1432671
2024-07-12,2499.062800724271,2536.053926378974,2499.062800724271,2519.47998046875,1912642
2024-07-15,2525.004868370629,2526.2058790576393,2511.2171718547897,2517.606689453125,920101
2024-07-16,2523.035159123248,2618.203292695142,2521.6901209853186,2583.085693359375,3298003
2024-07-18,2594.1829285927874,2643.376276472366,2550.9465464495743,2631.077880859375,5569762
2024-07-19,2631.654702970297,2635.4979372937296,2609.5080182670367,2620.125,1668862
2024-07-22,2599.659583162453,2642.175360458866,2599.611495821651,2628.099609375,1911629
2024-07-23,2638.380313247674,2701.121159308212,2624.9289933695,2657.932861328125,3906259
2024-07-24,2640.3016724627655,2649.3812655791385,2570.258828910882,2610.564697265625,3611927
2024-07-25,2610.5648880170047,2618.0592415362944,2565.358799338894,2601.100830078125,2166670
2024-07-26,2617.2424725522474,2620.1248981828116,2581.9327585778365,2604.800048828125,2135309
2024-07-29,2604.943905005056,2613.3990665465953,2587.2651227956057,2605.328369140625,957011
2024-07-30,2609.1719217378477,2646.403254898648,2580.1553144294367,2585.920166015625,1560399
2024-07-31,2598.9868964520315,2603.4545619829696,2570.210729854959,2599.611328125,1751085
2024-08-01,2607.63447908741,2618.155286095555,2589.571230917644,2609.123779296875,1886392
2024-08-02,2605.712580239621,2651.3509827327557,2576.071545001969,2587.02490234375,1738872
2024-08-05,2571.075464055805,2634.5369125284533,2561.707581161147,2609.459716796875,3118731
2024-08-06,2613.495074992731,2663.120736017322,2602.493630934585,2642.271240234375,2296031
2024-08-07,2672.680937724784,2672.8251997421476,2628.291632268289,2636.506591796875,1713875
2024-08-08,2646.066651142138,2651.1108958474742,2613.783391199029,2626.081787109375,1464161
2024-08-09,2647.988365284219,2649.909982385296,2612.0542193230376,2639.533203125,1284031
2024-08-12,2630.693760855518,2655.098203741582,2615.7050539259953,2640.974365234375,1297178
2024-08-13,2634.5367839801565,2649.573342474069,2623.103257193001,2633.960205078125,1051237
2024-08-14,2633.5761711471446,2635.0654712777045,2600.524451664369,2615.368896484375,946995
2024-08-16,2630.5975302627953,2645.682411553872,2604.4635856599443,2640.5419921875,1727926
2024-08-19,2642.271493522543,2651.591289168054,2629.7809828751347,2635.0654296875,1130327
2024-08-20,2635.0653057720447,2648.2283348439128,2627.8592422758707,2643.232177734375,1097889
2024-08-21,2641.742926879829,2685.555887581203,2635.449584394862,2681.80859375,1417729
2024-08-22,2693.0980594265625,2699.8718060680067,2673.065343530661,2683.345947265625,1552947
2024-08-23,2689.495041641558,2710.440713352591,2662.7366663031476,2705.25244140625,2111401
2024-08-26,2705.252661115509,2723.84416591014,2693.7229584562397,2710.5849609375,1152244
2024-08-27,2698.9113169229367,2713.419620394313,2651.399379279982,2658.461181640625,1357212
2024-08-28,2651.83161941354,2672.729205544788,2638.1400974654807,2656.01123046875,1723549
2024-08-29,2661.391380337622,2699.871806559106,2637.419255873575,2676.091796875,2129934
2024-08-30,2686.1324855620223,2705.925236031188,2651.9278410437555,2669.126220703125,4029712
2024-09-02,2684.499119525131,2698.815073255556,2670.086991109642,2679.7431640625,957950
2024-09-03,2671.0477444623643,2717.1184670971547,2666.2437017564966,2684.787353515625,2022116
2024-09-04,2671.0476947453803,2732.3954127863854,2663.0248497469543,2729.897216796875,1640986
2024-09-05,2728.7444187868173,2743.1084599551136,2712.9870175378533,2727.20703125,1945173
2024-09-06,2717.262381125525,2754.109243217161,2717.262381125525,2727.68701171875,1672730
2024-09-09,2741.2830254850464,2823.0476940661742,2731.7708798965596,2807.29052734375,3342754
2024-09-10,2819.0122846882073,2822.471289295926,2774.334687129243,2784.999755859375,1536584
2024-09-11,2797.4902425402506,2834.3851966953944,2784.5193272333395,2790.33203125,1913665
2024-09-12,2796.913567246111,2847.2598392446016,2780.7719373945893,2840.5341796875,2454564
2024-09-13,2840.534085684311,2840.534085684311,2804.119538259187,2818.003173828125,1902001
2024-09-16,2795.9527214811214,2795.9527214811214,2697.3736760288116,2754.734130859375,1489057
2024-09-17,2754.734220040867,2799.6998714212546,2748.008560355651,2760.88330078125,1098661
2024-09-18,2761.363767778583,2780.1476218120856,2749.5457757201657,2763.141357421875,464796
2024-09-19,2763.5255740396533,2819.3005569204092,2760.7393230916587,2797.63427734375,1713010
2024-09-20,2810.172827301893,2872.193064647857,2781.924915858446,2860.903564453125,3641632
2024-09-23,2863.209629130844,2916.054102151715,2853.5534557825476,2909.85693359375,1300470
2024-09-24,2901.641927696049,2901.641927696049,2830.638267069139,2834.913818359375,1929308
2024-09-25,2834.913608154621,2844.3295785071546,2791.244908103834,2833.376220703125,1055354
2024-09-26,2835.4420155060993,2875.555769777395,2825.929870755823,2869.0703125,1902889
2024-09-27,2869.0704340908233,2911.2498345646336,2837.027375911129,2849.998291015625,2977081
2024-09-30,2848.0287842912826,2880.407986959027,2827.27545942713,2842.360107421875,1627702
2024-10-01,2846.587262073405,2846.587262073405,2778.0815699262566,2809.163818359375,1184642
2024-10-03,2794.7516790969526,2808.5393746775317,2748.9692486426334,2779.955322265625,1233447
2024-10-04,2777.6976792178584,2799.7962771500656,2706.6459297372667,2737.103515625,2456486
2024-10-07,2733.5004540047285,2754.109751462268,2714.3323694403375,2722.35498046875,1280975
2024-10-08,2732.5397229556534,2772.893685109007,2689.01504543291,2708.327392578125,1761488
2024-10-09,2712.746640266062,2715.1008087621585,2652.5039938931,2660.4306640625,1476282
2024-10-10,2661.4396754977797,2678.1576503885535,2626.081874049611,2646.7392578125,2065078
2024-10-11,2656.4435309289793,2680.65585951984,2629.781093616551,2674.122314453125,679307
2024-10-14,2682.1932811757006,2694.7797326210543,2656.6356795435354,2679.791259765625,874010
2024-10-15,2683.6344784180606,2689.591444565931,2656.8758662364426,2672.44091796875,1082666
2024-10-16,2679.8390730118053,2687.9100055740655,2647.6041338219375,2672.248779296875,1170797
2024-10-17,2670.519396883651,2672.969505710269,2616.714115675968,2631.318359375,1368242
2024-10-18,2631.318273958351,2632.615459345749,2587.889773879245,2610.613037109375,1137277
2024-10-21,2608.594889629369,2630.6934835378315,2575.398911430661,2587.985595703125,792345
2024-10-22,2579.8669872871565,2603.7910250164714,2568.961717025015,2576.60009765625,1272253
2024-10-23,2518.27935266977,2587.5056595460446,2518.27935266977,2555.078369140625,1431962
2024-10-24,2543.2600144821745,2543.2600144821745,2356.478942154974,2406.92138671875,9216267
2024-10-25,2404.230863823927,2440.453292950492,2402.1171322956857,2428.9716796875,2761166
2024-10-28,2444.297069791252,2488.110035625909,2421.333838161093,2474.850830078125,852829
2024-10-29,2484.3625217211766,2484.3625217211766,2436.6103856054533,2447.8037109375,1695654
2024-10-30,2456.7873312900288,2462.840471746598,2434.1121568907006,2454.817626953125,1200637
2024-10-31,2454.8176022437847,2463.03256173984,2425.176801099299,2429.1640625,1901355
2024-11-01,2444.248681442397,2446.170298398986,2412.9264657934314,2438.051513671875,118532
2024-11-04,2447.179267173946,2447.179267173946,2405.384097122094,2425.849365234375,1097260
2024-11-05,2421.2377266411363,2431.0860150133867,2408.7472145592574,2422.534912109375,702046
2024-11-06,2444.744462450784,2451.4513228337587,2425.1103499635406,2430.650634765625,1219166
2024-11-07,2430.650792943567,2439.5930367343426,2397.0201443149404,2406.15673828125,1322446
2024-11-08,2414.3698717211782,2444.793147696757,2398.1863642528074,2437.45458984375,1700877
2024-11-11,2438.7181349716725,2444.452769822316,2405.719186544309,2421.27099609375,1175577
2024-11-12,2425.11043110781,2427.005760537496,2387.202893306927,2392.548828125,1624222
2024-11-13,2393.1320758129814,2403.5323013697825,2381.7596248219456,2395.902099609375,1262017
2024-11-14,2391.479431181601,2395.6590274804553,2316.9279912203806,2322.27392578125,2443393
2024-11-18,2333.8890447659433,2357.0710550111958,2309.20064286303,2355.02978515625,1374215
2024-11-19,2363.7779423907036,2371.845491684891,2337.728849202436,2342.831787109375,1133370
2024-11-21,2356.828323206402,2356.828323206402,2309.5411934961326,2316.053466796875,1291829
2024-11-22,2323.9749048547187,2383.4121196689493,2311.242003100475,2376.75390625,1696471
2024-11-25,2400.8108793992014,2435.5108110459455,2388.7583205124147,2402.22021484375,4368045
2024-11-26,2416.6054934792924,2425.061742768364,2391.4795053433168,2409.7529296875,982442
2024-11-27,2405.816200610109,2423.1176358895655,2389.1466999635395,2417.237060546875,948232
2024-11-28,2416.3623676782477,2468.023439226603,2384.48111118336,2393.22900390625,2540530
2024-11-29,2386.3283453708796,2437.2604325704724,2386.3283453708796,2426.228271484375,1795164
2024-12-02,2415.390571345119,2420.736506211275,2391.62550835502,2409.704345703125,1006993
2024-12-03,2410.530520207273,2421.659736640615,2396.922686625458,2413.30078125,1641588
2024-12-04,2411.599696499456,2423.1662596170304,2387.7373419097,2395.464599609375,1321495
2024-12-05,2396.5340239678508,2444.550142583365,2381.4195611129917,2424.7216796875,2071795
2024-12-06,2425.110340492518,2425.8879784428123,2405.670578244081,2414.22412109375,1308086
2024-12-09,2395.9504745627996,2407.56568396696,2316.5391006147215,2333.500244140625,3385021
2024-12-10,2341.2279687941573,2345.4075655839893,2321.3995041053026,2330.196044921875,2063838
2024-12-11,2337.63164642286,2341.8598900595666,2318.191882211443,2334.083984375,1718225
2024-12-12,2318.240493440362,2332.723022634481,2272.508401375754,2279.263671875,3231056
2024-12-13,2279.2635193052206,2327.474225501901,2268.0856558037367,2323.14892578125,2260902
2024-12-16,2323.343038096719,2325.9673583202207,2296.8077173885004,2299.869384765625,1247552
2024-12-17,2287.428194383181,2313.3315812440496,2287.428194383181,2297.05078125,2131569
2024-12-18,2284.220661696739,2316.2476218485995,2284.220661696739,2293.1142578125,988403
2024-12-19,2281.2559523920368,2320.086827512877,2270.5640838465265,2293.74609375,1655915
2024-12-20,2286.2135686615097,2307.0140214802755,2259.532302397213,2268.523193359375,2069691
2024-12-23,2271.536130079183,2285.8729541778853,2250.395389459062,2273.3828125,1066199
2024-12-24,2265.801653352284,2290.9274044487324,2265.801653352284,2270.126953125,683646
2024-12-26,2266.919279380392,2276.25046019758,2259.5807216577036,2267.4052734375,1033769
2024-12-27,2277.368215575781,2279.9438892300855,2263.031390488396,2275.667236328125,556816
2024-12-30,2275.910271731068,2293.0657677973463,2259.87246712566,2277.854248046875,924180
2024-12-31,2274.451957647109,2286.747511129924,2258.1711583776264,2261.67041015625,1878762
2025-01-01,2259.872381567988,2271.681942318693,2255.255437992742,2257.0537109375,559893
2025-01-02,2264.7325320988266,2312.991651864243,2250.638703036409,2303.612060546875,1650744
2025-01-03,2315.130020118565,2346.9626313452286,2298.5575750577605,2338.846435546875,1274239
2025-01-06,2350.2673355310308,2351.190676808784,2295.4957086180993,2309.63818359375,900419
2025-01-07,2310.5615649077026,2334.958562700219,2308.714882320198,2323.829345703125,922768
2025-01-08,2324.0237704097904,2341.519557890918,2301.668041961683,2333.74365234375,953351
2025-01-09,2337.679991498679,2404.358231754575,2319.5522713307405,2367.1796875,2425267
2025-01-10,2367.1796915296013,2387.2027410371884,2346.184891237052,2373.6435546875,1651911
2025-01-13,2349.344066488188,2391.5769052431565,2341.5681610860565,2382.343017578125,2595013
2025-01-14,2395.950631825166,2398.8665960829653,2297.8771288752246,2301.619140625,2052741
2025-01-15,2307.40252642736,2318.0943958552334,2284.2693987793928,2306.52783203125,1215150
2025-01-16,2310.3672303924936,2313.3318417677237,2260.8931275207856,2279.312255859375,2762596
2025-01-17,2284.1723497985477,2312.651652513846,2277.36843216085,2288.060302734375,1333005
2025-01-20,2290.441458627697,2301.6679693677006,2270.224057382351,2279.506591796875,1382273
2025-01-21,2287.5738326938354,2310.7071953095374,2267.1134371654116,2274.93798828125,1842885
2025-01-22,2276.93063564134,2295.835755601157,2266.8704644841923,2277.3193359375,2658047
2025-01-23,2250.152521908459,2275.7158571987056,2190.7155426543577,2256.664794921875,3408925
2025-01-24,2267.5025558634734,2314.1093382473864,2257.9283780654696,2301.76513671875,1688664
2025-01-27,2298.7518143345746,2342.199634147266,2295.0095652975047,2325.82177734375,2477358
2025-01-28,2333.7433982337784,2339.575326759144,2312.7970074864847,2321.933837890625,1892156
2025-01-29,2318.3372366543103,2328.8834020727195,2297.779784014987,2317.1708984375,699576
2025-01-30,2317.2199030228335,2357.071419811397,2317.2199030228335,2341.276611328125,1419960
2025-01-31,2334.229677503571,2409.5587634942135,2334.229677503571,2399.64453125,2116148
2025-02-01,2405.6707931713304,2529.1132944774954,2366.936968510051,2435.85107421875,2970999
2025-02-03,2434.830286295242,2449.410108368866,2348.809336060859,2373.54638671875,2528480
2025-02-04,2381.370825473779,2381.370825473779,2335.5416818552712,2369.755615234375,1992474
2025-02-05,2384.28688281628,2384.28688281628,2320.1356662382636,2324.072265625,1357416
2025-02-06,2332.7714061901434,2341.470652098705,2294.1835266397707,2306.236083984375,1132113
2025-02-07,2313.3315451962494,2315.226874422086,2270.6613649765723,2297.634033203125,855602
2025-02-10,2304.4862645712956,2330.827234409639,2286.1644330705235,2295.301025390625,1326354
2025-02-11,2304.5838458151115,2311.3391158277254,2232.2193773239997,2250.3955078125,1389260
2025-02-12,2260.5525432249356,2274.354725969566,2240.5297319283436,2267.162109375,1341909
2025-02-13,2264.8296518793604,2279.8954679957756,2248.5488505922667,2256.470458984375,1334967
2025-02-14,2256.9563530266864,2299.7238291391645,2248.597160502172,2253.40869140625,1135380
2025-02-17,2253.4086473996276,2270.564141993552,2235.572571312144,2264.14892578125,1409168
2025-02-18,2264.149124063214,2273.042958104678,2223.908909176285,2231.684814453125,1035705
2025-02-19,2234.3575336219537,2241.1128031202393,2185.0291400031115,2187.36181640625,1521343
2025-02-20,2187.3619104978293,2191.2985097365113,2164.1314899859503,2185.077880859375,2206196
2025-02-21,2185.078044378828,2190.4239792926655,2164.034358200554,2178.857177734375,1781509
2025-02-24,2167.533624682074,2187.9453763046404,2156.647404610398,2178.662841796875,1627949
2025-02-25,2180.169242301758,2206.024219899787,2175.2606550849946,2196.0126953125,1988040
2025-02-27,2206.072509704585,2206.072509704585,2170.546537494994,2182.064453125,1699658
2025-02-28,2182.1619689131203,2186.584562304575,2124.620319863376,2128.89697265625,3683249
2025-03-03,2137.4020017993853,2137.4020017993853,2098.0364806202697,2115.87255859375,1306470
2025-03-04,2118.8854906754163,2118.934137542599,2076.166659537152,2096.918701171875,1800330
2025-03-05,2091.7184776027166,2130.500709473983,2089.7745013224167,2109.651611328125,1145673
2025-03-06,2114.0738994802296,2167.338889327485,2103.139034482918,2156.792724609375,1856868
2025-03-07,2164.3258279458114,2164.3258279458114,2127.876274648227,2142.79638671875,1738356
2025-03-10,2146.149847764431,2203.642852252801,2133.173710965246,2184.786376953125,1242387
2025-03-11,2177.2534958213787,2199.074582727622,2149.3088359977787,2154.84912109375,1325891
2025-03-12,2155.237955656902,2167.4848636040488,2123.794045012546,2131.47265625,1526212
2025-03-13,2123.793869228055,2148.0449233865756,2103.8194675285085,2113.879638671875,1845629
2025-03-17,2100.4663210186386,2133.951264191827,2096.0923744917604,2110.42919921875,1111886
2025-03-19,2145.177877700536,2150.8641033799995,2132.007390619496,2138.422607421875,1341405
2025-03-20,2142.164397075367,2185.9038599093537,2127.1472289627195,2179.5859375,1426689
2025-03-21,2182.1134468098517,2192.027678706935,2163.451321362083,2183.27978515625,2152415
2025-03-24,2187.2162299631173,2202.525042593678,2178.225340005486,2192.99951171875,1454404
2025-03-25,2187.7021117094087,2227.7966189216772,2180.5094950332496,2207.676513671875,2229340
2025-03-26,2208.3569585052783,2216.035569558241,2175.1150130163032,2183.03662109375,1416907
2025-03-27,2181.3358461347175,2197.5680014294758,2138.3740156444046,2181.773193359375,3752627
2025-03-28,2184.057285417061,2231.684702856062,2177.5450125337175,2195.575439453125,2280152
2025-04-01,2195.7212865784686,2220.652688338022,2157.8137477663568,2171.27587890625,2495962
2025-04-02,2180.8497368615344,2180.8497368615344,2128.7026682002793,2175.212158203125,1351493
2025-04-03,2163.110957010432,2189.791983972201,2158.3969569161945,2181.676025390625,1310088
2025-04-04,2167.5335505043304,2203.5457585235163,2159.7576453904135,2181.676025390625,1120226
2025-04-07,2089.7746056836772,2198.248582462212,2089.7746056836772,2186.39013671875,3435185
2025-04-08,2204.760675866648,2241.598930289759,2189.2575129830993,2225.123779296875,2774874
2025-04-09,2229.69237498603,2288.206019555254,2225.367074779754,2284.17236328125,2989089
2025-04-11,2327.522634090619,2327.765631098383,2278.6802355299874,2299.869384765625,3836083
2025-04-15,2332.7713946379417,2332.7713946379417,2279.506400333353,2295.349853515625,3042779
2025-04-16,2285.14401964844,2309.443722111737,2285.14401964844,2300.30712890625,1131979
2025-04-17,2291.0731880539342,2313.2343263375133,2277.4653549947234,2308.4716796875,1962402
2025-04-21,2301.764888627587,2305.9442472059845,2283.005472678344,2285.143798828125,1478430
2025-04-22,2303.612042656163,2338.603617987649,2289.1295133424655,2331.508056640625,2352346
2025-04-23,2342.49130202455,2369.706968604088,2326.35620477454,2355.90478515625,2226066
2025-04-24,2355.904893997615,2417.723197131752,2252.193807236699,2260.1640625,7065430
2025-04-25,2266.5792056868227,2276.2990877598427,2230.1296479129974,2266.870849609375,2859858
2025-04-28,2279.3122481174555,2283.2002007794895,2250.1526031522,2253.65185546875,1555660
2025-04-29,2262.7883676038414,2267.1623141907044,2247.8198453161813,2256.664794921875,1896387
2025-04-30,2255.012376420818,2286.601989452575,2251.1244240476785,2276.493408203125,2083807
2025-05-02,2268.7176720341317,2279.3122481174555,2245.2926623246576,2253.65185546875,1424284
2025-05-05,2258.997813142575,2288.934859100469,2254.1378722660597,2282.8115234375,2074103
2025-05-06,2274.646738914956,2323.1490924917193,2274.646738914956,2315.08154296875,1888125
2025-05-07,2302.640022235044,2320.038515916267,2289.3238314916816,2304.3896484375,1610400
2025-05-08,2295.544136531012,2305.4583672078948,2275.424031301092,2288.9345703125,2323073
2025-05-09,2264.73235471963,2277.0765565746965,2237.8083308384716,2267.551025390625,1805685
2025-05-12,2293.891985834208,2320.135665333158,2280.381445753612,2315.76171875,1274873
2025-05-13,2309.0552002736067,2330.827640442929,2286.893822453739,2293.89208984375,1929665
2025-05-14,2303.611726353103,2303.611726353103,2272.994102142081,2284.657958984375,1568111
2025-05-15,2285.727303591603,2303.514495923454,2274.4521467468458,2289.226318359375,3236681
2025-05-16,2293.8921741926106,2320.135855846509,2283.2003038891703,2314.692626953125,1473000
2025-05-19,2308.4717935959884,2337.6314373045693,2308.4717935959884,2315.9560546875,936655
2025-05-20,2327.5228488343587,2327.5228488343587,2272.9942203403725,2275.521484375,1617408
2025-05-21,2280.284124796257,2309.1521244400974,2279.3121366782702,2297.6826171875,1570754
2025-05-22,2289.0322024287943,2296.9054017400363,2248.305991922015,2265.412841796875,2423653
2025-05-23,2271.438875913527,2298.2658421573706,2264.3435526876015,2293.1142578125,844118
2025-05-26,2301.6681217274645,2330.147424241296,2297.8774625625742,2327.037109375,892618
2025-05-27,2327.0369005720772,2342.0054230052847,2294.183653984274,2313.526123046875,1865258
2025-05-28,2321.107628598645,2321.107628598645,2286.1160563082135,2295.8359375,897517
2025-05-29,2302.6399170703785,2309.4438340900037,2289.518077103958,2300.404296875,1111275
2025-05-30,2293.891989062484,2308.374517293052,2277.8541849016656,2282.519775390625,3288892
2025-06-02,2282.1309268833143,2317.2197947019963,2277.9515675984035,2305.167236328125,1178205
2025-06-03,2298.8494557783715,2312.8459913579845,2276.979720621593,2286.407958984375,1643913
2025-06-04,2293.406172250839,2301.279371640828,2276.493672385733,2298.26611328125,3287896
2025-06-05,2298.2661985112804,2313.332016264262,2283.1030870133595,2309.832763671875,1787978
2025-06-06,2306.8193742991416,2329.369450456811,2303.7090598811487,2322.857177734375,997488
2025-06-09,2326.939747394223,2331.79968838711,2311.67958013692,2326.162109375,1293622
2025-06-10,2326.356086953054,2332.9656531051187,2311.776266309573,2328.105712890625,1778782
2025-06-11,2328.106190084242,2335.5904520882627,2304.875766018113,2309.832763671875,1977707
2025-06-12,2320.038399244325,2321.107681120332,2258.997733820115,2267.356689453125,3339584
2025-06-13,2240.4326931985097,2259.7751625270976,2237.5167287388153,2254.04052734375,1740682
2025-06-16,2255.0124608859933,2271.1475587596,2248.3058377118327,2262.205078125,1105297
2025-06-17,2255.012389459953,2267.745528476323,2248.3057664982202,2263.37158203125,1119284
2025-06-18,2262.496584614853,2266.09289301594,2221.4787354933574,2232.9482421875,2056563
2025-06-19,2235.6699307829094,2243.154191716161,2226.144399912506,2229.93505859375,1214549
2025-06-20,2230.712900802916,2248.2086882601934,2228.1856365828094,2241.59912109375,2685864
2025-06-23,2242.777637332428,2245.3314785900775,2218.517104573964,2234.62548828125,842856
2025-06-24,2254.171508269237,2260.0647671143856,2220.0888759075924,2222.839111328125,2440747
2025-06-25,2238.455843673713,2249.751254907696,2230.9909542436453,2238.1611328125,1047270
2025-06-26,2248.179876457905,2250.2426129211913,2231.187839049338,2240.22412109375,1874722
2025-06-27,2240.223846681488,2269.395425704689,2238.7505321874146,2265.859375,1050745
2025-06-30,2268.8059358629935,2275.7797201777867,2247.295640814318,2253.7783203125,1403754
2025-07-01,2259.082297140465,2261.636138264844,2245.9207831543013,2254.662353515625,759914
2025-07-02,2254.171318752975,2267.9222549022306,2246.9030627072866,2266.05615234375,1128034
2025-07-03,2268.9044793168537,2285.503727857006,2263.011220929018,2272.243896484375,1060039
2025-07-04,2276.762233670115,2299.7458462360423,2269.199266444391,2297.683349609375,1242346
2025-07-07,2299.3528119827433,2372.723825559003,2299.3528119827433,2367.51806640625,2701583
2025-07-08,2362.607071634493,2375.474114379278,2343.552299734942,2350.133056640625,1471046
2025-07-09,2356.3210447333263,2396.29693113012,2354.45494224249,2380.286865234375,1741690
2025-07-10,2380.2868562218573,2390.6983748083844,2354.946038170592,2365.5537109375,1053695
2025-07-11,2455.5244711336377,2484.9907647872415,2417.218289383953,2474.77587890625,7242235
2025-07-14,2455.5240816011337,2487.445894661949,2445.7019852747294,2471.828857421875,2427712
2025-07-15,2475.8561480958347,2484.8924301255456,2465.3465513939755,2481.94580078125,1700294
2025-07-16,2481.356455874828,2487.8388961282812,2462.890865236824,2472.811279296875,1284379
2025-07-17,2468.2929253596812,2480.472229470397,2461.613851577524,2465.14990234375,807474
2025-07-18,2470.1590393490687,2470.1590393490687,2437.353331809416,2445.309326171875,771112
2025-07-21,2446.5862827986753,2449.2384410834075,2411.717835071157,2421.048828125,1169960
2025-07-22,2426.057819495432,2440.7909641482383,2408.967467617087,2435.585205078125,861632
2025-07-23,2436.8623544586453,2442.755612873297,2398.5561747634065,2406.806640625,1320795
2025-07-24,2412.2087602925917,2422.1291744035116,2377.9297369143965,2394.430908203125,693984
2025-07-25,2382.9390347834888,2385.3945590187477,2362.6071022777146,2372.42919921875,769388
2025-07-28,2372.429243771511,2404.7440871927433,2369.384537540986,2398.163330078125,987995
2025-07-29,2401.3064573670335,2413.7804732980653,2386.4749941452433,2409.949951171875,732282
2025-07-30,2398.5561023639793,2409.262092241855,2355.829980147422,2394.037841796875,1224146
2025-07-31,2377.0459063535795,2503.652646914568,2377.0459063535795,2476.34716796875,5505507
2025-08-01,2504.6346709904583,2678.976888284892,2491.767628330378,2508.268798828125,4259653
2025-08-04,2501.688117328015,2537.2440606709806,2489.9999177635377,2498.44677734375,1293028
2025-08-05,2492.357168773925,2507.5814194600316,2472.516580355361,2489.60693359375,756361
2025-08-06,2493.535917373264,2517.501979853343,2481.651322928679,2490.4912109375,885487
2025-08-07,2490.5890589949863,2498.741447368421,2450.613172635303,2472.712890625,847151
2025-08-08,2471.2397680498043,2484.892387860569,2442.362896885792,2454.1494140625,839794
2025-08-11,2445.800579905625,2479.5884991865532,2434.4068509541976,2473.596923828125,992436
2025-08-12,2473.2040732697083,2491.47326996814,2435.9784208260676,2439.612548828125,1406211
2025-08-13,2440.7910122672074,2456.9974717047967,2429.397284258838,2450.71142578125,969803
2025-08-14,2454.44372812859,2464.3641420365734,2429.200986749531,2436.469482421875,1104362
2025-08-18,2493.830443434499,2550.798606380226,2476.445379598451,2522.412841796875,3089136
2025-08-19,2526.439827717028,2568.47845225644,2512.8852854397333,2558.4599609375,1400717
2025-08-20,2552.762973091036,2632.3219576313877,2542.449771391361,2622.303466796875,3156954
2025-08-21,2619.651659128844,2619.651659128844,2580.559664029887,2600.891357421875,2235686
2025-08-22,2599.9091636055095,2611.20457553655,2572.4072910777595,2583.11328125,1223445
2025-08-25,2595.980052850747,2595.980052850747,2568.674577169291,2584.782958984375,667598
2025-08-26,2577.9077368329176,2656.877302702266,2577.9077368329176,2644.697998046875,4348648
2025-08-28,2699.1121669118434,2699.1121669118434,2599.7125964973993,2607.17724609375,3198743
2025-08-29,2617.392493882605,2674.5570512791683,2594.4086426961376,2612.4814453125,1972773
2025-09-01,2612.4813094408382,2625.7411398904956,2592.346011350618,2602.364501953125,1096729
2025-09-02,2601.8736154116664,2644.5014224406004,2598.043093323752,2629.37548828125,1525106
2025-09-03,2633.304255827349,2639.099197248745,2611.00814317238,2617.294189453125,1010692
2025-09-04,2701.0768426775303,2701.0768426775303,2608.2580202655204,2619.16064453125,2494678
2025-09-05,2620.1427902324845,2625.348310000531,2577.1219557941918,2586.551025390625,944879
2025-09-08,2583.2115458729263,2597.5519036054347,2572.210845043877,2577.219970703125,903410
2025-09-09,2590.087242016731,2599.123524215233,2564.844498121878,2594.998291015625,1610956
2025-09-10,2594.9981209437656,2605.704111140776,2572.407297029418,2596.471435546875,1031486
2025-09-11,2596.765978572866,2610.418597093595,2567.4960823902916,2575.353759765625,1212707
2025-09-12,2578.300619467218,2582.131141611505,2523.296872918584,2534.59228515625,1368380
2025-09-15,2534.5921470999765,2547.262556392294,2522.7073137348634,2535.083251953125,752745
2025-09-16,2542.1552867248165,2543.9233122758214,2526.8329581431617,2534.985107421875,1040928
2025-09-17,2540.9764060412954,2545.0035615909655,2520.8411078875088,2523.984130859375,970247
2025-09-18,2525.162751622593,2563.468928857849,2525.162751622593,2540.780029296875,1550153
2025-09-19,2553.745387548905,2558.3617254823207,2509.3495541555926,2514.064208984375,2214708
2025-09-22,2523.2966742412086,2541.1728425025335,2514.6531810760985,2526.439697265625,1174161
2025-09-23,2523.1982437079832,2529.484529270965,2473.4002630096147,2477.3291015625,1430474
2025-09-24,2477.3294242524616,2530.1723576313984,2465.3465130647555,2504.143798828125,1882881
2025-09-25,2500.7057886709636,2521.8232963129217,2486.758459490149,2493.142822265625,1624258
2025-09-26,2489.901473834488,2500.1163583210514,2454.9347142199126,2467.1142578125,885612
2025-09-29,2450.6133575294402,2472.6147602913434,2399.538449877524,2453.461669921875,2403556
2025-09-30,2453.461508732884,2481.3564080346573,2447.273779473271,2469.66796875,1678088
2025-10-01,2470.650311487506,2504.6348647874647,2453.4616408468078,2491.080322265625,1483899
2025-10-03,2491.080068139014,2503.2596116860273,2463.676514803471,2499.625244140625,1242611
2025-10-06,2490.0978867192407,2504.2418497280028,2475.3647417917477,2496.58056640625,818923
2025-10-07,2494.812642046405,2513.8674143383946,2463.676642465363,2472.418212890625,1291750
2025-10-08,2466.328548368669,2480.0794841222178,2441.8716228402013,2455.62255859375,1225128
2025-10-09,2456.506502076689,2478.1151158494545,2453.854583800399,2472.811279296875,1259173
2025-10-10,2465.3462454628498,2489.8031700666565,2461.908511654435,2483.909912109375,1018875
2025-10-13,2474.3826327864285,2486.5621769669815,2441.183896906515,2448.452392578125,1114750
2025-10-14,2448.648848847169,2464.560598461446,2438.139252730148,2457.783447265625,1461017
2025-10-15,2458.07813584284,2486.75861164498,2458.07813584284,2474.186279296875,881070
2025-10-16,2473.0076593520143,2522.8056437611326,2462.498063399367,2515.93017578125,1446646
2025-10-17,2519.85903126701,2568.478412302955,2514.4568778185712,2557.37939453125,2050690
2025-10-20,2562.585231279587,2578.00587635619,2539.6016191065405,2548.244873046875,1011485
2025-10-21,2547.8519036554026,2560.3259186012747,2539.11033344381,2545.5927734375,82020
2025-10-23,2554.727472782394,2619.7497080594576,2549.914741090149,2555.31689453125,3386744
2025-10-24,2538.0300447047853,2538.0300447047853,2430.478074931111,2471.632568359375,3110800
2025-10-27,2471.6322783442465,2480.0793772907623,2461.4173938576832,2467.1142578125,2127832
2025-10-28,2474.186322669988,2481.0617908155573,2437.7462455795494,2452.676025390625,2294976
2025-10-29,2467.900320582059,2468.8825303347708,2439.8090257355866,2443.836181640625,1870143
2025-10-30,2446.684475836149,2452.5777343086565,2411.22660810764,2425.665283203125,1195631
2025-10-31,2425.075917782587,2435.389120349099,2409.2622445950133,2421.63818359375,1401937
2025-11-03,2412.405317967791,2430.8706683206365,2396.8863568906377,2416.23583984375,1049185
2025-11-04,2416.236077610307,2419.4774178690022,2397.86880254078,2402.1904296875,1251588
2025-11-06,2420.066396652233,2420.066396652233,2389.3234247182095,2392.662841796875,1329256
2025-11-07,2392.662907838229,2400.582354781839,2376.4281382767645,2389.693115234375,817896
2025-11-10,2380.7836246996762,2404.8389919884094,2379.7936938785956,2384.54541015625,780558
2025-11-11,2397.8104470854564,2409.194651815599,2378.9029129343594,2403.05712890625,1422399
2025-11-12,2406.126077343887,2410.283738675327,2391.870927758796,2400.08740234375,1680827
2025-11-13,2404.542090020514,2406.5219517661053,2380.7837490734196,2383.357666015625,1256059
2025-11-14,2380.882834280137,2405.729954130381,2367.91464319838,2403.255126953125,975973
2025-11-17,2406.9177360630524,2413.847251909541,2391.672897873711,2400.582275390625,920038
2025-11-18,2391.474933232895,2398.503297074712,2377.7147497683018,2379.793701171875,1229034
2025-11-19,2387.7133295616327,2426.023607035294,2386.7233986621463,2417.015380859375,1465143
2025-11-20,2420.480036715518,2434.239978963932,2400.5823298037967,2403.947998046875,1396929
2025-11-21,2411.6696515110984,2418.5991679296735,2388.703302574577,2409.19482421875,1840712
2025-11-24,2417.312010655888,2420.281803162537,2388.703106181435,2399.790283203125,4092327
2025-11-25,2397.612593614541,2399.7903932161203,2381.7736995196474,2389.792236328125,1240672
2025-11-26,2387.713234421413,2403.2551005876053,2384.7434418412868,2400.7802734375,1242683
2025-11-27,2401.6713428676044,2434.932874570679,2400.5823222546774,2427.013427734375,1872248
2025-11-28,2425.3307221458876,2445.129340285854,2422.5588672698223,2441.763671875,973225
2025-12-01,2441.7635217623283,2462.9479451967945,2434.042012825968,2439.6845703125,1924828
2025-12-02,2446.119251627908,2459.3842290026473,2435.2300117380223,2452.850830078125,2179406
2025-12-03,2453.2466947597763,2459.879183417393,2378.903029581739,2423.350830078125,3535932
2025-12-04,2415.431298091029,2457.9983250655837,2398.8004113086886,2437.40771484375,2587753
2025-12-05,2397.6126302941066,2397.6126302941066,2263.674931718664,2315.052490234375,4008271
2025-12-08,2326.4365509724244,2331.3862051452247,2278.8207811571547,2290.699951171875,1898154
2025-12-09,2294.659840185007,2306.934886746879,2274.960311827886,2283.275634765625,1471488
2025-12-10,2283.2756424827394,2293.570827267341,2271.891437024881,2278.52392578125,2857290
2025-12-11,2273.1783599753567,2289.710157566845,2268.9216087951613,2282.384765625,1108032
2025-12-12,2283.6714979780418,2285.750449542293,2222.097844295659,2237.837890625,3203114
2025-12-15,2237.83786456232,2275.8511140306505,2229.32436224316,2270.406494140625,1274115
2025-12-16,2270.3073037063286,2279.513708903146,2253.0826036728013,2258.13134765625,1256042
2025-12-17,2258.230235399214,2263.179889712154,2245.460223944765,2252.686767578125,808100
2025-12-18,2247.1431656574155,2255.35964054673,2232.5912296171614,2242.6884765625,1057295
2025-12-19,2240.906558258753,2261.7941971851546,2240.906558258753,2257.04248046875,1237214
2025-12-22,2257.0424338692947,2271.8913972500136,2257.0424338692947,2266.44677734375,790773
2025-12-23,2266.2486667249427,2286.7401862916095,2257.7351650294536,2279.414794921875,1128801
2025-12-24,2279.414949884213,2281.790687332576,2255.161643229268,2259.22021484375,519380
2025-12-26,2259.3192987304974,2266.9417181800486,2252.092754960529,2262.387939453125,533626
2025-12-29,2265.8526552878384,2275.554026080165,2257.0423672814736,2270.20849609375,1086695
2025-12-30,2270.208530832208,2274.8611576222947,2260.0121944524367,2267.1396484375,1556717
2025-12-31,2266.941697626568,2302.0842435941418,2263.773967171593,2292.580810546875,1324220
2026-01-01,2298.6194441455013,2302.5791675634955,2276.8409653465346,2299.609375,758866
2026-01-02,2302.5791870325143,2333.959947048983,2298.61946358104,2324.357666015625,973413
2026-01-05,2317.923087360375,2369.8944570321323,2312.8743433478985,2360.09423828125,1344113
2026-01-06,2374.646286801663,2403.65131045372,2343.958428959233,2400.285400390625,1584720
2026-01-07,2391.672939054789,2397.5134344101753,2358.0152900780245,2375.239990234375,892690
2026-01-08,2364.944858096775,2393.7519432044614,2344.255399502143,2362.66796875,1163828
2026-01-09,2358.0152139754705,2361.9749372567057,2337.2266667489866,2348.7099609375,1189464
2026-01-12,2338.216782309291,2389.5940992696505,2337.226851410769,2381.9716796875,1057665
2026-01-13,2390.782022961365,2397.8103867825116,2341.1863921461404,2365.439697265625,1519683
2026-01-14,2374.7450098298477,2374.7450098298477,2317.428110518576,2329.80224609375,1027639
2026-01-16,2346.1362458650515,2349.0069488178538,2325.2486070875743,2336.6328125,1367606
2026-01-19,2329.30730174585,2400.978198972787,2329.30730174585,2389.593994140625,1505238
2026-01-20,2398.602397957309,2414.441291216623,2344.6511677927724,2355.14453125,1460806
2026-01-21,2355.1445790948096,2376.329002586571,2336.2368032094596,2344.15625,1020245
2026-01-22,2345.04711560399,2377.8139237153,2341.879385191128,2366.52880859375,1745964
2026-01-23,2375.8341817545133,2409.7888602718917,2352.8678330006896,2385.238525390625,1378097
2026-01-27,2387.713182496065,2397.216615218734,2356.5303610828705,2376.724853515625,2060117
2026-01-28,2378.902901138909,2395.8305735138733,2317.0322235644744,2354.451416015625,1797593
2026-01-29,2346.6310422104034,2350.7887033771153,2288.720088416137,2328.911376953125,1478536
2026-01-30,2317.428169157251,2360.985127484,2316.4382382861886,2349.10595703125,2090462
2026-02-02,2332.3760961990047,2336.236729715009,2279.810673107486,2333.56396484375,1375089
2026-02-03,2365.934667080886,2375.734885556113,2319.704945981085,2344.750244140625,1553270
2026-02-04,2336.830792697157,2369.3994200347297,2333.0690072409366,2347.1259765625,1232755
2026-02-05,2338.7116518565326,2398.6024687612185,2327.921502178045,2330.693115234375,1962066
2026-02-06,2330.693062545289,2404.5419995502302,2313.963328097432,2399.790283203125,1421995
2026-02-09,2400.58238066687,2414.441412967627,2377.813970458483,2410.481689453125,958484
2026-02-10,2410.4817200012817,2433.3492202602692,2405.6311553074825,2428.89453125,792532
2026-02-11,2435.2298831546827,2445.723246803812,2422.360782146142,2438.1005859375,1137856
2026-02-12,2450.078811010715,2454.6325895142136,2326.436546675471,2385.436279296875,4656164
2026-02-13,2375.834017414984,2375.834017414984,2277.13796094467,2281.988525390625,2791519
2026-02-16,2284.8595085309053,2303.5691050619544,2265.0608913838323,2295.649658203125,2036833
2026-02-17,2286.047297375419,2302.579093779329,2280.206560511637,2289.01708984375,1233244
2026-02-18,2289.3143418344703,2305.4500224815533,2282.7807010907572,2300.1044921875,830787
2026-02-19,2312.4783943638467,2313.864200838222,2252.686669538672,2256.349365234375,940180
2026-02-20,2261.992106805432,2307.7268660551376,2255.359618111006,2291.195068359375,1716316
2026-02-23,2301.589198978469,2326.3374699352266,2297.4315377942003,2321.78369140625,1300035
2026-02-24,2307.627974972371,2348.116051360412,2306.835981930553,2334.85107421875,1544803
2026-02-25,2345.0472309590837,2356.0355607092815,2325.3477025655893,2350.98681640625,1158620
2026-02-26,2354.0555642457175,2363.261969498705,2331.485092501007,2359.30224609375,1470677
2026-02-27,2345.443166643118,2354.946357613014,2307.1328918130507,2314.557373046875,3053227
2026-03-02,2279.810762828429,2330.29723651677,2267.139599527044,2297.233642578125,2273224
2026-03-04,2269.812432719107,2288.3243336403816,2229.4234459004774,2238.53076171875,2648737
2026-03-05,2252.5877729936083,2254.86466241023,2205.961930722778,2232.294189453125,1751288
2026-03-06,2222.4938661562232,2227.344430687897,2197.15153951635,2203.2890625,1674258
2026-03-09,2176.8580406764563,2177.8479715726257,2148.545920373073,2172.50244140625,1512817
2026-03-10,2201.606195210621,2201.606195210621,2153.0995838952795,2168.146484375,1084986
2026-03-11,2168.1465318534633,2172.8982483412015,2134.290944612132,2139.636474609375,1313256
2026-03-12,2143.2992989000727,2143.2992989000727,2088.061111223958,2115.383056640625,1791973
2026-03-13,2114.492390950521,2169.8294312879443,2098.950524241146,2138.250732421875,2298875
2026-03-16,2147.7540473535414,2164.681719709848,2132.3110295750503,2153.79248046875,1981511
2026-03-17,2150.921837339099,2162.8010077496438,2123.8966763186418,2136.46875,1705956
2026-03-18,2143.2002132585976,2153.099521402979,2108.2556071724653,2113.79931640625,2441148
2026-03-19,2090.734099450428,2112.1167039586576,2049.256090646583,2056.383544921875,2098905
2026-03-20,2078.5578289353593,2078.656918696704,2048.166999131025,2061.72900390625,2429744
2026-03-23,2041.534531517212,2075.8850852106953,2012.8265355843985,2031.5361328125,2599535
2026-03-24,2049.1568963579134,2093.7037854091727,2045.1971728866906,2064.005859375,1702418
2026-03-25,2076.874939459462,2133.0039707547157,2064.9957691670343,2113.304443359375,2069217
2026-03-27,2101.920214571949,2105.5829103672913,2048.6618866972776,2053.512451171875,2789151
2026-03-30,2043.2172992976207,2061.4319304866403,2025.5964816164349,2034.505859375,2482193
2026-04-01,2098.5542902611737,2098.5542902611737,2031.338082923151,2043.91015625,2028470
2026-04-02,2034.3079361718803,2049.0578094497764,2002.13518292342,2044.5042724609375,1431905
2026-04-06,2044.5042099690797,2071.727308039528,2021.3398041699922,2063.807861328125,1661298
2026-04-07,2043.9101735971367,2098.1584324058085,2030.1502314824131,2089.34814453125,2709707
2026-04-08,2108.552830795398,2170.720540058606,2108.552830795398,2123.995849609375,3794437
2026-04-09,2123.896656880212,2141.1213571449207,2093.7037656964103,2111.720458984375,2506245
2026-04-10,2111.7205746871014,2148.1500806118274,2100.039341580484,2133.59814453125,2144484
2026-04-13,2109.5427916939393,2119.145073286812,2092.2190005842986,2105.781005859375,1994541
2026-04-15,2119.342960674532,2146.1701846556675,2119.342960674532,2135.875,1552971
2026-04-16,2136.270876584757,2141.9134343634555,2107.6619703228953,2117.561279296875,1845734
2026-04-17,2120.4318458384037,2222.3947217120526,2111.522468334881,2218.237060546875,4882697
2026-04-20,2218.2371672517165,2230.710151347242,2200.814287067127,2209.03076171875,1460822
2026-04-21,2216.1580861785023,2312.1813760556415,2204.773881708532,2287.43310546875,3217281
2026-04-22,2287.136135627566,2383.753483110979,2287.136135627566,2344.9482421875,5558325
2026-04-23,2312.478464472606,2375.8340388417187,2312.478464472606,2342.572265625,2063531
2026-04-24,2364.5490228916565,2364.5490228916565,2275.8511183860137,2303.8662109375,1676706
2026-04-27,2311.3896002112174,2339.0088177903613,2301.5893808110277,2304.856201171875,1099681
2026-04-28,2297.62960044326,2310.8945777237636,2258.131454523486,2266.44677734375,1629120
2026-04-29,2281.7906936045574,2326.0405558989446,2267.9316611922086,2291.095947265625,1778765
2026-04-30,2288.720225829817,2344.948348918507,2189.331260792845,2228.2353515625,4434979
2026-05-04,2245.955163802939,2341.978456380622,2245.955163802939,2286.04736328125,2554255
2026-05-05,2278.3259741656116,2311.884535117792,2265.0609967330465,2303.965087890625,1741424
2026-05-06,2306.5388097283676,2315.84406275992,2265.258742886433,2293.768798828125,1196175
2026-05-07,2286.7402347777156,2304.4599000972157,2245.262229356629,2249.32080078125,1859012
2026-05-08,2249.3208664913536,2274.16822791307,2233.2840347907604,2264.664794921875,1104526
2026-05-11,2254.1717310173203,2293.7689667003274,2236.4518230397666,2283.968505859375,1903862
2026-05-12,2262.289070470158,2283.770522059433,2233.2840475795756,2239.2236328125,983506
2026-05-13,2242.193325602698,2272.683243444049,2227.3443631814885,2244.47021484375,1308559
2026-05-14,2245.1630860930386,2262.882750990242,2222.3946773716366,2226.057373046875,1380764
2026-05-15,2226.0574260984463,2275.7519058077983,2223.582599004531,2249.32080078125,1038522
2026-05-18,2240.312727327763,2242.193499373944,2202.299235574,2231.502197265625,1118204
2026-05-19,2219.424971337065,2259.022205437637,2207.0508356806363,2210.41650390625,1145022
2026-05-20,2202.4969749325523,2204.4768365637315,2178.83772511289,2187.05419921875,1071994
2026-05-21,2201.6062145049336,2206.5558687641624,2154.0895336163376,2157.059326171875,1581812
2026-05-22,2158.0493989217307,2202.101324725408,2153.4956200308816,2181.411865234375,1382889
2026-05-25,2192.696776899151,2215.56427562462,2170.8192089984664,2174.383056640625,780722
2026-05-26,2177.451947396857,2197.6464396286196,2167.9485147687737,2187.153076171875,2302703
2026-05-27,2182.8966461541704,2192.3009893676626,2164.9788008323703,2176.263916015625,616538
2026-05-29,2112.017544397656,2185.569457533162,2096.77270543257,2131.816162109375,17701621
2026-06-01,2136.7658114814612,2145.6751894306544,2059.3532647482753,2063.31298828125,1470488
2026-06-02,2058.066228961863,2075.88498419097,2044.9001003727778,2072.6181640625,2148903
2026-06-03,2070.9353670832684,2078.4589383211337,2051.334687643431,2069.549560546875,1544973
2026-06-04,2067.9655912455964,2089.64498066566,2052.621662732285,2058.462158203125,2142735
2026-06-05,2065.688783694319,2106.07801320051,2056.284440039605,2100.138427734375,1822999
2026-06-08,2084.101554867211,2103.603145099428,2070.440460223743,2088.853271484375,1601497
2026-06-09,2098.3565153522595,2117.0663546833757,2088.8533235633454,2111.32470703125,1460636
2026-06-10,2113.403324412981,2182.6984855334144,2112.017517863509,2147.655029296875,2325534
2026-06-11,2142.2104294070446,2143.2003602893956,2113.7994614200466,2118.254150390625,1178896
2026-06-12,2129.539277901612,2157.455280606382,2123.40175473256,2146.962158203125,1156153
2026-06-15,2177.848007096508,2188.7372471319904,2128.351461480678,2134.39013671875,1439449
2026-06-16,2139.2405659215233,2186.7572467009,2138.3497248298445,2177.748779296875,1337309
2026-06-17,2178.9369260000276,2202.2003013528906,2161.0190806510564,2175.47216796875,1511401
2026-06-18,2186.460250293131,2199.2305034441215,2174.68016968817,2196.16162109375,1120482
2026-06-19,2187.3514048487905,2188.34133574496,2157.950263886682,2172.50244140625,1508994
2026-06-22,2181.5106513903265,2185.9653403900866,2160.524164883483,2162.89990234375,765860
2026-06-23,2160.10009765625,2179.699951171875,2156.0,2160.10009765625,710082
2026-06-24,2160.0,2166.0,2140.0,2157.800048828125,942271
2026-06-25,2161.0,2200.89990234375,2161.0,2174.199951171875,1898262
2026-06-29,2172.0,2189.89990234375,2143.0,2151.300048828125,1423514
2026-06-30,2151.0,2151.300048828125,2114.199951171875,2118.199951171875,2364422
2026-07-01,2133.5,2190.0,2120.199951171875,2182.0,2497576
2026-07-02,2186.0,2216.0,2179.199951171875,2210.60009765625,2585362
2026-07-03,2224.89990234375,2239.300048828125,2190.0,2201.199951171875,1536616
2026-07-06,2202.10009765625,2221.39990234375,2190.300048828125,2202.0,2131061
2026-07-07,2200.0,2219.39990234375,2193.699951171875,2208.800048828125,2552492
2026-07-08,2199.0,2199.0,2130.0,2135.800048828125,1326689
2026-07-09,2139.0,2166.800048828125,2137.10009765625,2144.5,2201039
2026-07-10,2151.5,2178.0,2145.0,2150.60009765625,1665179
2026-07-13,2143.0,2143.0,2120.0,2130.60009765625,1833988
2026-07-14,2125.0,2145.0,2116.10009765625,2120.199951171875,2681897
2026-07-15,2121.0,2128.5,2091.0,2102.60009765625,2029614
2026-07-16,2104.89990234375,2123.0,2096.0,2098.39990234375,2143092
2026-07-17,2100.0,2154.5,2092.10009765625,2143.800048828125,1059832
2026-07-20,2153.800048828125,2153.800048828125,2128.39990234375,2139.699951171875,689849
2026-07-21,2139.699951171875,2147.699951171875,2127.5,2142.5,1032417
2026-07-22,2139.699951171875,2159.89990234375,2130.0,2154.60009765625,819175
2026-07-23,2150.0,2166.0,2139.89990234375,2161.800048828125,833281
2026-07-24,2148.0,2163.0,2139.0,2145.0,1603494
2026-07-27,2155.0,2181.300048828125,2152.39990234375,2174.60009765625,698681
2026-07-28,2174.60009765625,2213.0,2016.0,2022.699951171875,9947304
2026-07-29,2050.5,2123.0,2047.0,2117.800048828125,5183374
2026-07-30,2120.0,2132.60009765625,2088.0,2107.89990234375,2602039
2026-07-31,2119.60009765625,2119.60009765625,2091.10009765625,2101.300048828125,1759019
2026-08-03,2107.0,2138.0,2105.300048828125,2138.0,740649
2026-08-04,2119.10009765625,2119.10009765625,2070.199951171875,2096.5,1657094
2026-08-05,2085.300048828125,2097.800048828125,2074.199951171875,2085.300048828125,1150148
2026-08-06,2081.0,2094.0,2075.199951171875,2079.5,1160270
2026-08-07,2083.10009765625,2099.39990234375,2077.199951171875,2096.0,1054665
2026-08-10,2096.0,2097.0,2076.0,2087.199951171875,1118008
2026-08-11,2086.0,2086.5,2063.800048828125,2064.89990234375,956661
2026-08-12,2065.0,2072.10009765625,2050.10009765625,2063.0,995523
2026-08-13,2063.0,2092.0,2052.89990234375,2092.0,1186057
2026-08-14,2089.0,2090.89990234375,2066.39990234375,2077.0,1148419
2026-08-17,2070.89990234375,2076.0,2055.0,2055.0,1024288
2026-08-18,2055.0,2060.0,2034.9000244140625,2035.0,1234596
2026-08-19,2035.0,2041.699951171875,2008.300048828125,2020.699951171875,1449442
2026-08-20,2022.9000244140625,2043.5999755859375,2018.199951171875,2028.0,1401471
2026-08-21,2028.0,2034.699951171875,2012.0,2015.0,857550
2026-08-24,2019.9000244140625,2030.0,2006.199951171875,2030.0,891171
2026-08-25,2024.0,2029.199951171875,2012.0,2024.199951171875,1019583
2026-08-26,2030.300048828125,2051.89990234375,2021.0,2021.0,765343
2026-08-27,2020.0,2028.0,2004.300048828125,2009.0,989046
2026-08-28,2018.0,2018.0,1997.5,2010.4000244140625,933212
2026-08-31,2001.0999755859375,2008.5999755859375,1967.4000244140625,1967.4000244140625,1800025
2026-09-01,1987.0,2003.0,1980.0,1994.800048828125,922778
2026-09-02,1983.0,1983.800048828125,1962.300048828125,1975.0,1497019
2026-09-03,1978.9000244140625,1978.9000244140625,1959.9000244140625,1962.0,1638341
2026-09-04,1967.0,1984.199951171875,1950.4000244140625,1973.4000244140625,2247162
2026-09-07,1972.0,1974.199951171875,1958.0,1960.0,713057
2026-09-08,1967.0,1990.800048828125,1956.699951171875,1980.0,1256067
2026-09-09,1973.0,1979.5999755859375,1936.0,1945.0,1455307
2026-09-10,1940.0,1950.0,1936.0,1942.300048828125,1232506
2026-09-11,1930.5,1946.5999755859375,1926.199951171875,1927.0,1100313
2026-09-15,1944.0,1969.4000244140625,1933.800048828125,1938.0999755859375,1715702
2026-09-16,1944.0999755859375,1977.0,1943.5,1962.0,1013304
2026-09-17,1962.0,1968.9000244140625,1942.199951171875,1942.199951171875,1171388
2026-09-18,1950.0,1959.5999755859375,1932.0,1932.0,1994635
2026-09-21,1940.0,1966.5999755859375,1939.0,1947.0,864547
2026-09-22,1952.0,1956.800048828125,1933.800048828125,1933.800048828125,1023040
2026-09-23,1938.0,1954.0,1936.0,1950.0,870342
2026-09-24,1940.0,1953.0,1925.5,1933.5,1257687
2026-09-25,1933.5,1942.9000244140625,1915.0,1942.9000244140625,732074
2026-09-28,1932.0999755859375,1933.199951171875,1893.199951171875,1896.0,1852879
2026-09-29,1896.0,1898.9000244140625,1863.800048828125,1863.800048828125,2057852
2026-09-30,1871.4000244140625,1889.5999755859375,1865.199951171875,1879.0999755859375,1430335
