Date,open,high,low,close,volume
2021-01-01,229.45444725030035,230.41450769904637,228.11036848179987,228.83041381835938,5091899
2021-01-04,231.2785529617472,247.69559226211993,229.98248016394493,244.14337158203125,24902369
2021-01-05,241.07118238552067,242.6552762520513,237.13492872109464,240.30313110351562,12297457
2021-01-06,240.73515391321249,249.61571293094815,237.8549726101631,248.70364379882812,18029077
2021-01-07,251.00781381975477,264.4006393818454,250.5757749021598,262.00048828125,32739259
2021-01-08,263.0085677124138,263.4885979295938,254.56001831081412,257.48822021484375,20606695
2021-01-11,256.9122062035428,258.6403034549762,247.69561916554545,254.12803649902344,13163440
2021-01-12,250.04773213091477,259.6963270159004,250.04773213091477,253.79196166992188,13136084
2021-01-13,254.8960444209997,257.68021381105206,248.51164841483148,252.1598663330078,13300126
2021-01-14,252.20790457640203,254.512043912153,249.18369056833757,250.95980834960938,7601547
2021-01-15,251.53584035602998,252.78390723372834,241.07118720859563,243.2313232421875,17738049
2021-01-18,242.22326783638846,244.09538288736334,230.9905628811784,233.43870544433594,17989695
2021-01-19,236.65489623932575,242.55926203017768,233.63071174144739,241.50320434570312,10254337
2021-01-20,241.5512197656877,243.51933200687995,238.671038359814,242.03125,11090894
2021-01-21,242.75129599069749,244.38339586178498,236.60690018570423,238.95904541015625,8781513
2021-01-22,237.37497485840169,239.82313223069636,226.14226917010092,229.646484375,16005359
2021-01-25,231.086563513073,234.15875423761472,224.27014263195872,230.70254516601562,8297942
2021-01-27,230.41449967458027,230.4625056252177,220.57388041764509,222.15797424316406,14139166
2021-01-28,216.013577624067,222.83001193328087,215.58155339869052,219.90182495117188,13756664
2021-01-29,220.90992096410432,224.9421720257069,216.013606686141,217.26168823242188,14992241
2021-02-01,218.26976193931046,234.20675755224863,217.5017106044959,231.51858520507812,12417894
2021-02-02,234.44676059947776,247.11955569821927,234.15873953259182,245.1514434814453,18251184
2021-02-03,243.85535889858176,252.87992143902144,242.46327414970204,246.97555541992188,15670948
2021-02-04,249.56772147990287,256.72015413231236,248.60766104612557,251.39183044433594,21296401
2021-02-05,253.45596140332654,255.3760823230487,245.6794658187077,251.58383178710938,12833374
2021-02-08,253.4559532741383,269.3449416557377,253.02391436156972,267.8088684082031,27556901
2021-02-09,267.4248239213133,274.4812740171365,264.6406545042368,266.9447937011719,22066741
2021-02-10,269.7770391591653,272.0331875172166,263.7286688619198,268.2409362792969,16789592
2021-02-11,269.584978425317,285.4739973823866,268.6729385236469,283.60186767578125,47356292
2021-02-12,285.1379641206456,285.3779792419593,275.0573290254713,279.1855773925781,15454237
2021-02-15,280.8176689869033,284.2258717115305,277.4574575631284,279.7615966796875,8041775
2021-02-16,281.82571455750764,295.0745654619726,281.29769306475714,290.61029052734375,27519511
2021-02-17,290.6103046792058,296.17864346902223,288.9781902242324,291.7623596191406,18221106
2021-02-18,293.82646676562,300.1148798164318,292.8184150888993,297.522705078125,16202053
2021-02-19,295.6986389160156,300.8349685361518,290.17829094923934,295.6986389160156,17410357
2021-02-22,297.6187532975831,314.8998421987331,297.6187532975831,303.4751281738281,45975603
2021-02-23,309.0914312950129,324.644390877217,304.0030940271663,319.7480773925781,50677230
2021-02-24,320.8521951477448,324.0203827260231,314.8998089900314,319.5080871582031,14777374
2021-02-25,324.1164092096984,340.4374366295717,323.54036708807666,336.6932067871094,35967464
2021-02-26,329.30074985792845,335.68514629134813,321.38025077242435,326.66058349609375,20379210
2021-03-01,328.340648357953,333.14095023453126,321.23620744036066,330.3567810058594,14556212
2021-03-02,330.50084642635403,335.34914051500743,325.2205133679809,331.4609069824219,12878208
2021-03-03,336.6931945673773,346.8698113855673,336.5011707675661,344.9977111816406,20104887
2021-03-04,337.94130669549264,343.4136634381756,333.14100404356805,335.4931640625,13623173
2021-03-05,331.4609183284226,333.7170665721552,319.8441793426129,324.3564758300781,15127687
2021-03-08,326.468532405294,330.16477086283345,321.3322326239556,323.1563415527344,10555735
2021-03-09,326.3725719661784,330.6448235238713,315.33187644378705,319.9401550292969,13883599
2021-03-10,322.388268903066,328.676682069187,317.25196922908435,326.7565612792969,10886045
2021-03-12,327.9086252353943,331.22084540897157,314.371796731568,317.011962890625,15035151
2021-03-15,318.6440914937102,322.48433370345356,312.0196795416475,320.46820068359375,14049436
2021-03-16,322.58031127199075,323.3003566096515,313.26771318542455,320.5641784667969,13294567
2021-03-17,319.652152821216,320.22816567796235,312.01966018339533,313.3637390136719,11028678
2021-03-18,316.1959648098298,326.9006346515983,316.1959648098298,318.548095703125,23744146
2021-03-19,316.81993363360345,326.13253128110887,307.7953716868142,321.71624755859375,16753538
2021-03-22,321.7162667032526,328.9647114724798,317.87602485492664,326.1805419921875,8470164
2021-03-23,328.2446557079635,328.77270652458094,317.10794884153523,318.4520568847656,13880498
2021-03-24,315.18783000055305,315.18783000055305,304.1471349661928,305.0592041015625,20388678
2021-03-25,306.3073089858517,307.1233663190316,293.202488242782,301.4590148925781,20856373
2021-03-26,305.3952353880363,315.3798582208238,305.3952353880363,314.0837707519531,13857627
2021-03-30,317.3479878545934,319.6041358985733,311.9716724715622,313.2677307128906,9159261
2021-03-31,310.19551936968895,322.58029260087164,308.0833747819817,313.7957458496094,10387652
2021-04-01,316.57993039465396,337.94127520521056,315.3318635409407,336.26116943359375,25631843
2021-04-05,335.9251268218808,338.80530801092016,324.5004139651016,336.6451721191406,14771653
2021-04-06,338.61335269448017,343.98966809718127,334.5810868437328,336.4532165527344,11185963
2021-04-07,336.4052047609269,346.2938458258707,335.06112587504083,338.1333312988281,12542475
2021-04-08,341.68552502325826,359.06262587873823,340.4854494020058,350.6141052246094,28768469
2021-04-09,352.3422243270707,355.22240599731924,340.5334911985409,346.6298522949219,16371164
2021-04-12,338.03726238403294,339.86137122862385,318.3560247846352,322.7723083496094,16096812
2021-04-13,322.77234578114764,336.3091751389271,322.77234578114764,334.7731018066406,12942071
2021-04-15,339.86142127414064,352.1501841091972,335.78116409782683,339.42938232421875,21825520
2021-04-16,342.5016095135663,361.46280583562077,338.613375911318,355.222412109375,28438547
2021-04-19,344.37370511915407,351.38213488786647,339.7174059419068,346.9658508300781,15435944
2021-04-20,353.8782698966192,356.6624392015715,340.389403674637,344.9977111816406,15526407
2021-04-22,346.38979378873563,350.9981014634203,340.5334485647395,341.63751220703125,12756931
2021-04-23,339.90940115898206,348.1659271451345,331.5088719606016,335.5411376953125,12805877
2021-04-26,338.9013481086242,343.94166560882326,331.70089453691116,334.43707275390625,16472269
2021-04-27,336.11719048505097,355.2223887785303,336.11719048505097,351.6221618652344,41263319
2021-04-28,354.11829764633256,354.1662889486405,343.70163605693034,348.117919921875,15197329
2021-04-29,352.72624190658433,362.2308355375492,350.03808407314557,357.2865295410156,34391622
2021-04-30,354.16631104956537,361.9428069254804,346.8698454215621,349.8460388183594,19935239
2021-05-03,349.84602433100343,358.2945739236234,343.36561625255246,355.17437744140625,15890242
2021-05-04,357.14246772611335,369.09523138966006,345.33373656110814,348.06988525390625,29767756
2021-05-05,352.3421899982318,358.7746068212298,349.7500150280755,352.4382019042969,15192338
2021-05-06,355.22239284056616,373.0795243944579,353.11024797445776,370.5353698730469,31912131
2021-05-07,374.4236138031361,388.7765307184121,369.86332619912355,385.0802917480469,46343220
2021-05-10,391.51266035449396,410.42586393238724,390.45661724300174,408.7457580566406,39516234
2021-05-11,398.28113001261937,403.8014782442188,392.5207666405156,396.31298828125,27497466
2021-05-12,399.3851525090761,400.9692464128897,377.97581590896704,382.8721008300781,18242276
2021-05-14,386.9043722730096,387.52840572338323,353.4462587861826,367.5111389160156,41384078
2021-05-17,369.14327511267703,379.5599377603865,362.18283624514277,377.25579833984375,20821967
2021-05-18,384.9842413634534,396.31294298084515,380.6639693282027,386.0403137207031,30540086
2021-05-19,384.0241949238665,390.2165967865022,378.4558558169588,387.1923828125,16113667
2021-05-20,374.4235552914009,377.495760285074,364.29492981005666,369.8152770996094,30689219
2021-05-21,373.17549385104564,376.2476695901087,368.03916478727865,374.2315368652344,22406993
2021-05-24,377.2077801992484,377.975846210264,364.29498351914503,373.7515563964844,23694105
2021-05-25,378.26377983284294,383.5441117848243,373.9914995340259,375.57562255859375,18155697
2021-05-26,373.70358084130476,373.9435959863537,365.06303561954047,365.7830810546875,15340621
2021-05-27,366.79108375991643,372.9354940882214,364.82297155391615,370.4393310546875,17374666
2021-05-28,377.3037449377418,382.9201042526657,369.4312377768052,372.263427734375,14862168
2021-05-31,375.91167019267925,379.60790890994315,372.50346719938966,378.50384521484375,13703439
2021-06-01,380.1839494708714,380.9519861341526,371.06337492548437,378.9358825683594,11399189
2021-06-02,373.4635200144966,386.61636007382685,373.4635200144966,382.8721008300781,9587386
2021-06-03,386.9043827430134,389.3045340007244,382.1040802275914,383.25616455078125,12441261
2021-06-04,384.02419220149744,384.02419220149744,376.6317147821303,379.2718811035156,10040657
2021-06-07,380.32794060856105,385.36825796046963,378.5038316171381,379.223876953125,6176784
2021-06-08,379.2238657771196,379.7038959869641,365.87903180318756,372.263427734375,17334691
2021-06-09,372.50343626421824,375.33562617179695,367.03108024909676,367.8471374511719,11807015
2021-06-10,370.7273390428187,374.3755863530613,368.9032300370574,370.0072937011719,5796380
2021-06-11,372.8874969919396,379.22390223072904,367.8471793040628,377.4477844238281,9630564
2021-06-14,377.25580230257424,381.6240660561811,366.119094137794,379.0318908691406,11601461
2021-06-15,375.38362722784757,380.51995637574737,374.4235668001549,375.2396240234375,7929361
2021-06-16,371.8314027744716,375.71966519930265,361.9427918002137,365.06298828125,17978012
2021-06-17,360.98275841549594,365.11100696512045,350.47008391768344,354.5023498535156,14321673
2021-06-18,354.02233034474466,358.438614766078,345.4297766412949,356.51849365234375,22723111
2021-06-21,352.246158883538,355.17436071588173,346.0057662129702,352.918212890625,13172227
2021-06-22,356.1824290315794,356.99848627859245,351.6221418674284,352.8702087402344,9787216
2021-06-23,353.350233793222,361.942786464588,352.6782090633683,353.39825439453125,14295574
2021-06-24,354.262311430634,357.5745317529288,351.4781419430912,354.310302734375,9066954
2021-06-25,356.7104800803427,365.1590303680636,356.7104800803427,360.8867492675781,12815999
2021-06-28,363.7668977498878,369.575281037323,359.30262252812,367.0310974121094,14518487
2021-06-29,368.08715929087,368.1831711926457,357.81453037267937,359.3026123046875,9106037
2021-06-30,361.51076289303563,364.2469411273534,356.13444763109567,357.19049072265625,10110801
2021-07-01,357.43048287844255,365.5909964537377,357.1424764717432,364.2469177246094,8232292
2021-07-02,362.9028608536353,365.3990239573462,359.2546427550182,361.0307312011719,5070326
2021-07-05,363.86292033059107,375.38364604026674,362.4228296168816,373.9915466308594,12836172
2021-07-06,373.8475225411645,375.3836250764128,368.66320212108053,369.95928955078125,6153733
2021-07-07,367.6071454326345,379.22388289498446,365.0149997616984,377.92779541015625,10577866
2021-07-08,376.8237574442855,377.20777579594926,365.97508519149306,367.7991943359375,12333337
2021-07-09,367.7031433302053,375.76764505263833,366.83909480614443,374.4715576171875,7375406
2021-07-12,377.30375272298755,377.30375272298755,371.15937176993975,372.8394775390625,5679273
2021-07-13,374.9036039373083,379.17588463892423,374.42357371459724,376.5837097167969,5467940
2021-07-14,376.58373259167524,378.6478568149701,375.38365696200134,376.0076904296875,3341557
2021-07-15,376.15168323944437,386.80836039588104,374.42358610000946,385.4162902832031,10347950
2021-07-16,386.9043533193492,389.78453460956763,383.4001386093272,389.30450439453125,9287112
2021-07-19,382.1040294580149,388.77646078738434,380.3759325015612,381.0959777832031,5708367
2021-07-20,380.61598040080355,380.61598040080355,365.97505841217935,367.7031555175781,9214553
2021-07-22,374.6156254896404,379.41592807511137,373.4635411496387,377.7838134765625,7381389
2021-07-23,378.35981605170343,380.7119464932037,375.19159909760924,376.1036682128906,5217004
2021-07-26,377.30375957045163,386.37634260785507,374.61560201055727,384.0721740722656,7083799
2021-07-27,387.8644307340196,402.93739186569616,387.43239180208013,400.6812438964844,28240273
2021-07-28,402.2653624085297,402.64938076110843,391.27265761128984,399.6731872558594,12775129
2021-07-29,403.70537507075636,455.0686035280345,400.15314007478503,439.80364990234375,61414603
2021-07-30,439.803703310058,441.29178530602064,424.4907272283509,427.0348815917969,12987115
2021-08-02,430.10707877765935,434.18733566338494,425.0187701455365,427.99493408203125,7683565
2021-08-03,429.86710075452135,432.84329424651366,422.6186554986966,430.8751525878906,8879300
2021-08-04,428.18695604159103,437.30753021736484,423.38665384381534,425.0187683105469,8621637
2021-08-05,427.2269105529178,427.8989646036128,415.6101729680269,425.4028015136719,11790679
2021-08-06,426.9389250797278,437.6435940208979,421.7545748313388,424.4907531738281,18059875
2021-08-09,424.2986945564212,427.22686698141354,411.67387718305264,417.3382568359375,13778833
2021-08-10,419.0663928674,422.23458068161733,406.3455917093403,409.8978271484375,10417993
2021-08-11,412.1539680446275,426.746899616002,411.91395291548463,419.2104187011719,19239106
2021-08-12,422.3521695825276,429.50575969637447,419.40373978267326,422.6905212402344,8349354
2021-08-13,422.83552922292824,434.62930766387416,420.99880097429815,427.3306884765625,13343808
2021-08-16,427.8623826693687,432.1158662805735,421.6754947347608,427.0406799316406,8288547
2021-08-17,425.4456218293668,429.0707548894306,414.71522207129635,422.0621643066406,8413999
2021-08-18,424.18888673469314,425.0105894530125,410.2683818352763,412.7334899902344,12169397
2021-08-20,402.1480976166349,402.1480976166349,387.74424136670547,390.2093200683594,23309477
2021-08-23,397.31460363416085,401.9064390776213,386.1975283499933,393.30279541015625,15943020
2021-08-24,401.18139536502645,409.6400392432047,398.8129632785731,406.83660888671875,15050015
2021-08-25,409.5917272880323,420.46712686139557,409.5917272880323,416.358642578125,17974391
2021-08-26,417.13201471636603,417.90536470438354,406.7882889935187,409.9784240722656,7695674
2021-08-27,412.7818303257478,424.3822564707337,412.7818303257478,423.3188781738281,15558923
2021-08-30,426.26735820903923,437.4327571149448,425.9773298404923,433.13092041015625,11735730
2021-08-31,433.08259139926906,455.4617417286591,429.98913251728163,452.7066345214844,20847646
2021-09-01,458.21684201227885,458.21684201227885,439.8978235532071,442.8462829589844,10038500
2021-09-02,444.73134188623567,449.5165296475642,440.52621085517706,441.7345886230469,5360608
2021-09-03,442.0245955444997,449.03318672590507,435.0160043630942,445.9397277832031,8516918
2021-09-06,451.4015967765894,459.18353755993604,446.3264103088216,453.625,12183840
2021-09-07,454.3500211173989,456.6701004313336,445.55302544654614,446.9064025878906,5684070
2021-09-08,449.37152266609013,450.338224864145,440.04285235514254,441.106201171875,6689343
2021-09-09,442.9912971080356,451.11158994361267,440.8162170895019,448.11480712890625,6926659
2021-09-13,460.1502713981427,464.50043152690665,452.9483278288467,462.4220275878906,16632808
2021-09-14,467.0138190580027,467.35217071403935,457.44347358121667,462.0353088378906,15253798
2021-09-15,462.2770215693242,471.364016697537,458.55521205630725,470.59063720703125,12415050
2021-09-16,466.9171849645641,471.7506961960813,464.4521060370549,467.2071838378906,8011765
2021-09-17,467.88386275843817,469.28559274288585,454.4467081373518,457.2984619140625,12113274
2021-09-20,446.6164119609405,448.54981634172384,427.66904312898237,429.6024475097656,18031539
2021-09-21,430.18248327555517,437.38442653769874,424.18891777542154,435.9826965332031,18750888
2021-09-22,437.8194315164042,448.9365070966469,437.1427576601924,447.5831298828125,13613171
2021-09-23,457.7334675243711,468.6571900068604,452.41660570518627,467.1588134765625,12757667
2021-09-24,464.9837652858804,469.47892468410004,457.8301747971489,462.8086853027344,9226843
2021-09-27,459.086888314849,473.6357747416121,456.57345658816257,465.3704528808594,6825039
2021-09-28,464.88709936171676,470.68731277733747,459.2318853812044,462.2286682128906,6148679
2021-09-29,459.1835802026234,480.3543541053671,457.63685066376365,477.6959228515625,9508220
2021-09-30,478.7592455219309,487.217889435746,469.4305755629767,471.70233154296875,14333358
2021-10-01,467.0138207827407,469.81725115478173,457.68515081132773,468.2221984863281,8072310
2021-10-04,469.81728244745057,492.486461477218,464.9837713111599,488.861328125,10303925
2021-10-05,479.4843205695136,489.3446954140481,477.74426830349535,478.8076171875,8162109
2021-10-06,481.41771421349006,481.9010653321783,458.2168605164544,460.0535888671875,11231113
2021-10-07,468.8505779486052,469.430605182432,457.2501512777119,461.6003112792969,9774465
2021-10-08,464.93545356578903,474.40912370575734,456.9118072826545,457.8785095214844,7086881
2021-10-11,462.56701397235577,473.68408954326924,460.391933969351,471.267333984375,5565678
2021-10-12,476.3908371976741,482.8677538040178,471.2190039762768,482.0460510253906,8685800
2021-10-13,483.3027921709464,494.9515422534966,478.517604327111,491.133056640625,8901206
2021-10-14,494.371525662381,505.92359987036053,491.42309559500245,498.9150085449219,8876529
2021-10-18,517.6206542383259,533.4745333683011,508.9686585927393,524.7258911132812,23481789
2021-10-19,529.4628022993197,529.4628022993197,508.53367624374965,515.977294921875,11017925
2021-10-20,513.3188664131497,513.3188664131497,493.5014713821336,495.8699035644531,9440844
2021-10-21,499.0117118722615,503.45851860885,475.2308306876636,477.3092346191406,14173662
2021-10-22,472.71741054220934,475.6175173553517,449.0332049015465,454.78509521484375,19392383
2021-10-25,457.78182015175616,462.0836567906432,444.0546664584033,457.4918212890625,9196105
2021-10-26,459.23187620315485,471.7506817089041,456.8151206616133,469.8656005859375,8120433
2021-10-27,466.9171457145174,471.46065769077086,459.81187890118866,463.8720397949219,8972879
2021-10-28,440.6712260201679,461.2619721192492,438.351146523307,453.19000244140625,12659503
2021-10-29,453.81838542068624,458.41022113204116,441.4445788555565,444.48968505859375,8306338
2021-11-01,448.3564852269156,465.0804516094685,447.92148692159066,462.2286682128906,7466267
2021-11-02,464.0170658677368,464.9837680882946,451.59493643328716,452.8033142089844,5953912
2021-11-03,455.3167428638441,464.4520905881096,454.2050412178557,462.3736572265625,6928590
2021-11-04,465.9504591100297,465.9504591100297,454.3500327421452,456.86346435546875,1615558
2021-11-08,464.01708256882404,465.41881263964865,443.90968745807294,454.1567077636719,13018619
2021-11-09,455.0267416713281,460.3436038219319,446.90641951291417,449.1298522949219,8628327
2021-11-10,448.2114774385791,448.5498291151334,433.56594473736493,434.7743225097656,14672997
2021-11-11,434.0976384938817,441.1062298860089,431.7292356553202,438.8345031738281,7789754
2021-11-12,445.16633233347096,454.8333536653596,443.66795582759136,452.9482727050781,17010073
2021-11-15,457.8301531310308,457.8301531310308,439.99448631271525,440.7195129394531,8882843
2021-11-16,441.7829428382347,444.5863735555253,428.29743420486153,430.7625427246094,8937525
2021-11-17,427.28240154569414,434.2426696610304,424.8656458808429,430.5691833496094,7474301
2021-11-18,433.17924103396507,438.88277784131276,421.7721379178612,425.6389465332031,9688141
2021-11-22,427.86239595089563,432.7925830288959,418.48537289074983,427.4273681640625,10007050
2021-11-23,424.62394949239274,438.3027799844097,422.4971928110471,435.2093505859375,9020906
2021-11-24,438.78610310720984,441.6862095778476,429.4091098863263,437.0460510253906,7761523
2021-11-25,436.46605176185517,443.522966158105,428.8774334444511,432.1642150878906,8633424
2021-11-26,427.0890092774958,427.9590648364553,400.89140392612103,403.11480712890625,14826141
2021-11-29,400.2146996453598,419.0653920199601,393.54446055155233,406.159912109375,19069247
2021-11-30,404.9999133162178,415.6819612166869,396.347916508934,399.00634765625,14850682
2021-12-01,405.53161402797343,411.91185509532306,402.24483211491844,410.7518005371094,8183556
2021-12-02,413.74855112132144,419.45208833229117,406.9816355655989,417.7120361328125,7775405
2021-12-03,413.5551767375614,419.35538976053647,409.88172029024076,410.51007080078125,5938378
2021-12-06,410.8001106178349,418.098700408212,404.27487078487434,407.3199768066406,8160853
2021-12-07,413.16853714570993,429.60247545123605,411.0418098893711,427.7657470703125,18303734
2021-12-08,431.1491742141715,443.18462820972735,425.44563722686684,442.2179260253906,13700443
2021-12-09,442.2179565084588,443.4263343221759,437.14276969084716,440.4778747558594,5586232
2021-12-10,440.23622692033615,445.60144245200195,438.35117511305896,439.94622802734375,5308752
2021-12-13,444.68303141409234,453.86670271503556,442.21795249703524,442.9913024902344,9401208
2021-12-14,439.75282337723866,448.93649424586135,439.55950063874513,446.326416015625,8027659
2021-12-15,446.2297644901631,448.4048445526138,440.8645493019379,443.0879821777344,3651118
2021-12-16,448.54980793909544,448.54980793909544,433.6142475767667,435.49932861328125,8879417
2021-12-17,434.53266018169535,441.7829270367848,429.94082450680537,435.1610107421875,14337902
2021-12-20,429.9891398382564,430.42416764205245,412.49185308717585,418.6787414550781,5952052
2021-12-21,423.4155497212826,434.7259768911133,422.78719921216066,430.61749267578125,5029410
2021-12-22,435.83773024992416,449.1782099565679,432.45427225896543,447.9215087890625,7765878
2021-12-23,449.5648611528956,452.85167234254544,444.0063233193672,445.9397277832031,6986665
2021-12-24,448.5498159734818,448.9364909490391,437.77109245974583,443.61962890625,3122116
2021-12-27,441.6862019602865,443.32960739920156,436.07934134764923,437.72271728515625,6146709
2021-12-28,441.39624613993595,443.861325037162,437.7227599482644,442.8946228027344,2889804
2021-12-29,441.7829122926484,442.4112628321699,435.4993478946129,439.1244812011719,3050356
2021-12-30,438.882772523198,440.8161768074412,433.4692346270355,434.6776123046875,3843627
2021-12-31,440.3328430498661,461.45529158601965,440.3328430498661,459.7152099609375,18257598
2022-01-03,459.7152329541849,463.9687463606356,456.38012796676753,462.1319885253906,5549693
2022-01-04,463.05034817024335,465.4671036408605,456.2834328525154,460.2469177246094,5063834
2022-01-05,457.44350772375367,463.43704385791085,456.28345324544665,459.52191162109375,4489031
2022-01-06,458.7001976349164,469.52727416363865,457.7334954270451,463.14703369140625,12132277
2022-01-07,465.0804637789749,478.7592948751247,464.0654087038343,477.06756591796875,9300149
2022-01-10,480.45097254117564,480.74097138802136,473.7323807423,476.48748779296875,4746931
2022-01-11,475.5208252721606,480.6443648376423,469.527289093623,470.1556396484375,5346073
2022-01-12,477.550899176102,484.1728153179961,474.6507925009435,481.369384765625,9296587
2022-01-13,485.4778392015603,492.0514021248653,482.5293798966269,490.6013488769531,9366574
2022-01-14,489.1513333743569,492.53479121390285,486.2512266547461,489.48968505859375,5461072
2022-01-17,492.0514267774174,492.0514267774174,479.48429799921223,489.1029968261719,6721706
2022-01-18,491.85809091175906,495.2898720841284,477.3575572233061,479.48431396484375,6194537
2022-01-19,478.7109841397169,489.3930326064128,473.97411933410007,487.9913024902344,5799747
2022-01-20,487.0729367505655,491.08474520580296,481.5143987880982,486.6379089355469,4243563
2022-01-21,484.3178189165134,498.62500016977015,482.62609000812233,489.8280334472656,14173177
2022-01-24,482.33605344034487,483.83442998438846,459.6668760391143,462.4703063964844,11020372
2022-01-25,459.7152178342379,470.30061868853136,458.84519175750097,469.5755920410156,5498495
2022-01-27,466.53050834945594,476.4392063397254,462.51869994148274,472.8623962402344,6746500
2022-01-28,476.6325393488187,489.7313727236829,472.1857325366287,474.0224609375,6616401
2022-01-31,482.2877083421078,483.10941108966574,471.8956599794987,472.76568603515625,4846015
2022-02-01,476.39084061810024,495.57991502245204,471.46068291375946,493.9848327636719,9809417
2022-02-02,497.8516649789319,501.1384762711844,490.7463974522512,496.8366394042969,7283452
2022-02-03,495.9182171806129,499.30167480270285,492.0514084696529,495.57989501953125,5078613
2022-02-04,495.91830029504683,510.90218656127144,494.9999212717126,507.66375732421875,12631663
2022-02-07,510.2737647499379,515.4939805592624,502.1535011611064,505.1985778808594,10939353
2022-02-08,508.4854085074529,515.3489712188757,496.93330425125265,509.2587585449219,9863290
2022-02-09,518.1524024138093,526.2727248587369,514.3822400637739,524.2426147460938,9235351
2022-02-10,529.462798780117,535.0696596552542,522.9858823369333,529.0277709960938,10906403
2022-02-11,529.5111065537495,535.4079661109574,521.5358137576411,524.6292724609375,9110193
2022-02-14,513.3189017535971,516.1706852305707,502.39517798012105,503.8935546875,4995178
2022-02-15,508.9204133326803,518.4907302439658,496.59495959626764,516.073974609375,8233217
2022-02-16,518.9740970278884,520.0858282544694,508.67875311562415,511.6755065917969,4348474
2022-02-17,516.0256385295847,522.7442308280782,510.7087762650366,514.8172607421875,5340469
2022-02-18,513.3189219595881,519.8924858074697,510.41881505586167,511.96551513671875,3344269
2022-02-21,510.90209326148033,511.38544434309006,494.17815763834733,494.9515075683594,6308263
2022-02-22,485.1878290496395,501.9601181465367,484.8494773788206,499.0116882324219,10664925
2022-02-23,502.49181566633774,505.82695021557635,498.4800367471624,501.428466796875,8928934
2022-02-24,488.2812912181942,509.83876815996183,488.2812912181942,500.4134216308594,24819208
2022-02-25,507.518701518551,528.6895052401692,505.68194356906804,516.1223754882812,13815949
2022-02-28,519.1190799887663,560.7355977850672,514.092216761868,554.6453857421875,35212827
2022-03-02,556.095512802127,593.7969035005764,556.095512802127,580.1180419921875,41248362
2022-03-03,593.4584212908286,593.4584212908286,577.0244861862107,586.1114501953125,18676314
2022-03-04,587.5616335098953,597.4220085585133,561.2673197145219,564.3607788085938,20490598
2022-03-07,567.2125348286938,602.2554907512165,567.2125348286938,599.1137084960938,20963374
2022-03-08,597.421953888481,597.421953888481,567.7925081406188,570.3059692382812,19477245
2022-03-09,571.6109591768848,579.0062540920267,565.617394154505,568.4691772460938,15686460
2022-03-10,554.4036686261713,576.6378174987118,550.8268589635039,574.0277099609375,14824703
2022-03-11,575.1878812625274,582.9214998341245,566.2458847891185,569.4843139648438,7635725
2022-03-14,566.3908798568251,573.7861167718335,558.9955839389929,571.127685546875,7904911
2022-03-15,560.6873556310015,562.524113672993,537.4381762196265,541.1116333007812,13005715
2022-03-16,549.7635016195644,556.2404175555014,544.543286625749,553.6303100585938,10485661
2022-03-17,555.902143053714,564.9408449155216,554.7420884989099,557.5938720703125,11581454
2022-03-21,564.554079402707,580.9396933366199,563.1523494255439,570.3059692382812,14159371
2022-03-22,579.8279887157327,582.7764187317316,567.6475641566325,573.689453125,7490300
2022-03-23,580.9880587971827,591.4284314142711,577.6046008840543,588.1900024414062,13581577
2022-03-24,589.881667152084,605.3489016417994,589.6883149203992,601.2404174804688,12139664
2022-03-25,600.3704327906001,609.9408088616638,596.1169782056572,601.9655151367188,11087146
2022-03-28,600.8053176612514,613.6624429884362,596.4551584826904,609.2156372070312,7075442
2022-03-29,609.0223517456219,614.8225646193897,603.7054899446681,610.279052734375,5245788
2022-03-30,601.2886782835627,601.2886782835627,578.9095021064504,579.827880859375,11195965
2022-03-31,580.0212803171642,580.3112791567596,549.2318409547877,550.536865234375,23497993
2022-04-01,550.9236033595805,557.787165328351,542.7549580286448,551.5036010742188,15300787
2022-04-04,552.9537358710106,570.0160556926372,550.1019521809004,567.9376220703125,15845385
2022-04-05,571.2727188141218,571.2727188141218,562.6690450016026,567.3092041015625,7065571
2022-04-06,563.5390965672398,569.8226612828817,556.8688273448905,561.8956909179688,9648592
2022-04-07,562.0406534435854,565.4241109675768,550.053523186032,555.612060546875,9357569
2022-04-08,560.1072408680271,565.0857214637911,559.043833117367,562.3789672851562,7157576
2022-04-11,563.9741114837093,567.8892437625491,555.4187612418361,557.1588134765625,8297062
2022-04-12,551.6002296100978,551.793581842912,520.665760449987,524.2908935546875,16701775
2022-04-13,528.7861091463764,533.5229735789803,525.4509747195691,528.54443359375,7396320
2022-04-18,526.8043945469149,537.1481202577205,519.5058044762343,527.1910400390625,7550655
2022-04-19,533.6196180178765,537.6797790859679,519.699082642369,522.7925415039062,8143101
2022-04-20,526.8043378268497,530.7194696548883,518.7323396353273,526.8526611328125,4725779
2022-04-21,526.8526381422446,529.1243644487053,513.7538366458762,522.2608032226562,8575442
2022-04-22,511.3854725769762,512.2071458599507,496.20823597592334,497.02996826171875,23871439
2022-04-25,485.9128300024818,491.56804348265246,475.8591335385166,479.00091552734375,10749312
2022-04-26,481.417678610855,484.2211089916404,473.44238574230167,477.0191955566406,11623406
2022-04-27,472.7173956274626,481.0310407964487,460.58529430916275,475.9075012207031,17623544
2022-04-28,485.2844603632191,485.2844603632191,464.0170138931179,472.3306579589844,25042778
2022-04-29,476.5842320891406,481.2243913109443,463.2920755146463,466.578857421875,12462169
2022-05-02,461.93865074024393,469.8172677455719,453.86668149495057,468.2705383300781,14625673
2022-05-04,466.91714264239465,466.91714264239465,443.71629083407686,446.2780456542969,10366562
2022-05-05,454.34999774225463,460.0535343668227,444.8763287388302,446.2297058105469,6328868
2022-05-06,435.0160101232395,439.1244946632923,424.38228543133806,428.97412109375,8595262
2022-05-09,419.40377155016125,433.6142767375323,415.19861091765137,429.3124694824219,10773327
2022-05-10,420.51546570257096,427.57238010804986,406.30493126791987,408.9150390625,9661841
2022-05-11,408.9150082355213,415.58524715042904,400.16636560456817,408.47998046875,14197501
2022-05-12,402.14814270631393,407.94835630303965,381.46072011160805,392.33612060546875,23831422
2022-05-13,397.314626713389,400.6497612929346,372.1320447770101,375.0804748535156,17007818
2022-05-16,382.62073322018006,387.45424440033094,372.1803608716185,377.9322509765625,13900633
2022-05-17,385.71418414167283,422.73886720984564,384.7958052360094,414.1352233886719,37772554
2022-05-18,420.03209751489226,423.8022301193471,409.3983735271735,421.5788269042969,18052317
2022-05-19,408.0449941235704,411.7668033990232,400.0213483671615,403.11480712890625,10319381
2022-05-20,417.6153506473944,420.5154572491124,407.02994975055964,414.8119201660156,9703961
2022-05-23,404.08154778599265,406.6916557086201,386.0525563986943,399.3930358886719,15828786
2022-05-24,400.60137923841853,401.66475754133694,386.68087368600425,387.4542236328125,12840838
2022-05-25,391.5144208531218,391.5627441662425,376.7238878659021,383.63580322265625,11103850
2022-05-26,392.96444685365907,396.83125567878733,379.52729208662043,394.2695007324219,13391224
2022-05-27,409.0116910561332,412.733500283879,392.57775428551287,395.52618408203125,20350558
2022-05-30,396.347898633164,405.5315694551519,392.0944148895778,402.8731384277344,7161082
2022-05-31,401.0847149434956,414.2318700447302,398.2812846171035,408.47998046875,39115757
2022-06-01,406.98163111534114,407.94833332701654,392.6744501831094,396.97625732421875,12551513
2022-06-02,394.4144924474018,400.6013805462949,392.8677630473262,396.251220703125,7202046
2022-06-03,400.2147376606196,403.01816832849136,391.8044161555926,393.2061462402344,12229014
2022-06-06,389.194296715091,397.0245901354919,382.7657332315713,395.52618408203125,8810058
2022-06-07,394.36619176019553,399.248026285887,388.8076538639634,390.7410583496094,7636671
2022-06-08,388.6142777793913,393.4477886970454,387.7442517144954,390.0643310546875,6911005
2022-06-09,385.7142127861896,388.90431853498404,380.30067407487286,386.4392395019531,8798828
2022-06-10,377.01384924482545,378.75390136385323,370.0052584575819,372.9053649902344,14541630
2022-06-13,365.220125136704,365.220125136704,348.4961867810631,354.2480773925781,12269608
2022-06-14,351.7346306405253,357.2931687530893,345.45106581762695,346.3694152832031,11273145
2022-06-15,348.0128250655594,350.81625581163837,344.19433921219166,345.5960693359375,8393144
2022-06-16,348.39948311870154,351.6379415389993,321.2351441400801,324.90863037109375,16614475
2022-06-17,321.91182816290404,331.1438222450902,314.9999134284569,322.5885314941406,18606308
2022-06-20,319.97844054131633,323.45857449582434,298.66266800974773,310.7947692871094,20646347
2022-06-21,316.69166014102467,332.0622198769689,314.75825565848044,327.9537353515625,15208306
2022-06-22,322.8785135234961,322.8785135234961,304.94620069573335,305.91290283203125,19176515
2022-06-23,306.44460045947403,316.73997309197875,300.7410633228132,307.0246276855469,18756690
2022-06-24,310.9881479614255,314.1299304995753,306.0579602320462,311.5681457519531,11621311
2022-06-27,320.4617860648946,326.7453504975396,315.4832755300811,318.9634094238281,15014176
2022-06-28,317.51335480038847,333.75394023653325,314.4682192173772,332.11053466796875,15742835
2022-06-29,328.1470691797303,334.09228172953493,323.89355595577655,332.6905517578125,12659696
2022-06-30,333.51225249468706,338.24908728201086,325.82695835402836,327.3736877441406,21225418
2022-07-01,323.84525337820156,331.4821952441515,319.2534176959734,329.79046630859375,11278576
2022-07-04,326.7453537995595,330.61216272026434,315.77327758677734,329.162109375,10905377
2022-07-05,330.37044883689356,345.01598002477283,330.37044883689356,333.75390625,20928565
2022-07-06,328.485406284423,330.90216186185813,316.8849795127342,329.5971374511719,22317536
2022-07-07,336.26739974716577,352.36298708405616,329.93548200406684,349.6078796386719,18699515
2022-07-08,355.7464290036751,355.7464290036751,339.4091668328647,345.6443786621094,25506273
2022-07-11,340.27919419203045,351.20291788683494,336.2190329153109,344.33935546875,13745531
2022-07-12,338.345781848665,344.14599525178494,330.2254889845792,335.3489990234375,16896696
2022-07-13,334.4789487748141,340.1824856426578,332.54554444663603,337.2823791503906,13690887
2022-07-14,342.69595541129274,342.69595541129274,334.9623372355795,337.47576904296875,9511166
2022-07-15,333.1256110676647,340.182525900071,333.1256110676647,338.8774719238281,10062417
2022-07-18,344.04932674904495,355.8431060638602,342.40595061593893,354.87640380859375,13863266
2022-07-19,352.3629551780188,358.9848712099042,351.20290072666285,355.6980895996094,10868823
2022-07-20,362.5133140007144,363.6733684060803,355.1663716033514,357.05145263671875,10150339
2022-07-21,359.2748343562951,366.86345184278434,358.50148446654384,363.4316711425781,12521152
2022-07-22,366.13845084768826,369.28023293417004,364.2050464867764,368.5552062988281,9498042
2022-07-25,368.31351224259146,375.6121015376492,367.63680894971907,374.16204833984375,7734139
2022-07-26,374.5004253173391,376.4338297118544,368.3618604644709,369.1835632324219,5532712
2022-07-27,369.18356146920644,376.868855701264,366.52513043944447,375.70880126953125,4744697
2022-07-28,380.8806527028783,382.089030408154,373.0503592724105,379.33392333984375,7586494
2022-07-29,383.2974223178537,402.92146517820385,382.04072125835916,401.229736328125,15509534
2022-08-01,406.01493547547534,413.74855329405585,404.90323381433655,409.8817443847656,15535311
2022-08-02,405.048227912629,406.4982812345119,394.0278285666009,404.46820068359375,15535733
2022-08-03,403.1148521777874,408.4317147364872,395.9612611809101,400.4564208984375,6883530
2022-08-04,412.78186590126427,418.5820794736474,404.4682205472328,407.6583557128906,20678616
2022-08-05,408.8667015027529,412.29848246360956,395.4295175118383,397.1212463378906,12217436
2022-08-08,401.0847220649076,408.47998772146775,400.21469601732565,407.3682861328125,7643955
2022-08-10,408.9633871600068,429.6024867083408,402.7281751639019,425.4456787109375,23766201
2022-08-11,435.5915772329152,435.5915772329152,421.4458261245675,422.9091796875,14865139
2022-08-12,425.00660214533224,431.88438102564106,422.42135041245075,425.5919494628906,9420634
2022-08-16,423.39691629438755,424.12859299305296,412.03154419618494,418.4215087890625,11154059
2022-08-17,420.4214613890879,431.591708281773,416.17773039642486,428.22601318359375,12297570
2022-08-18,426.3236563940058,430.22593242507224,423.05549426358704,427.3479919433594,6755688
2022-08-19,431.20150391993946,431.20150391993946,414.7143935479896,416.909423828125,8116871
2022-08-22,411.6901263347521,415.0070550475034,406.178167327562,408.275634765625,7407485
2022-08-23,404.9098862385133,421.2506663709492,403.73922134595796,417.4459533691406,8605014
2022-08-24,419.4946706140384,421.59213801270795,414.8119513159853,418.3727722167969,6538727
2022-08-25,420.42144752972166,426.0797354854097,419.2019863520302,422.1774597167969,6818164
2022-08-26,425.54321640924456,434.56722980133327,425.3480906973709,429.29913330078125,11051127
2022-08-29,407.83660184536177,422.4213700647112,407.83660184536177,419.6897888183594,7716457
2022-08-30,423.3969052256104,430.81123486598887,422.76279139107805,428.2747497558594,8824878
2022-09-01,413.6412619920445,421.0555924538498,410.5194292380201,411.641357421875,14093149
2022-09-02,413.7388272123767,414.81195908845575,403.15389739414894,404.7635803222656,10102220
2022-09-05,404.8611130265064,419.68977293049477,404.8611130265064,418.8117370605469,14707728
2022-09-06,419.93366328256957,422.32378932891856,416.66550137021335,420.42144775390625,6180669
2022-09-07,413.88515543166,422.95793538028795,412.3730353642232,422.2750549316406,7043379
2022-09-08,424.86031210437994,426.27489910514794,408.9097525267722,410.2755432128906,12076714
2022-09-09,415.5923767089844,420.12876641584404,412.9095620706048,415.5923767089844,8000436
2022-09-12,421.4458167700942,422.3238229339645,418.17765459768464,420.6165771484375,5530132
2022-09-13,421.6896802919344,428.5674295076175,421.6896802919344,425.982177734375,7628228
2022-09-14,415.592373809124,436.957327916742,413.73879875357756,431.20147705078125,12387075
2022-09-15,428.7625609785299,428.7625609785299,413.3973497489239,414.0314636230469,13039806
2022-09-16,413.6412227746212,413.9338815423124,395.8858564920046,402.42218017578125,14826674
2022-09-19,404.47090542365453,406.08058828769174,395.73955113605507,402.08074951171875,6080201
2022-09-20,405.8367015267261,417.0557449583543,405.64157581911394,411.153564453125,8758050
2022-09-21,407.6902886769167,413.5437028137626,400.76374266058156,401.3003234863281,6859320
2022-09-22,399.00774291891855,404.8611572404675,393.6421131241654,402.0320129394531,8704463
2022-09-23,400.66619964930476,402.61733764658015,384.81320342144215,386.6667785644531,9228856
2022-09-26,380.47191749367477,380.47191749367477,360.5703154560987,364.2774658203125,13092570
2022-09-27,366.13101404461844,370.66743346755777,356.180228644497,364.4725646972656,14934966
2022-09-28,359.0093676910083,363.0092062745747,350.0341215899327,351.9364929199219,10751444
2022-09-29,357.789931616621,367.6919510362045,357.0582548648488,362.1312255859375,14020084
2022-09-30,366.81390723312336,385.69117144539825,365.98466771183996,381.0084228515625,17706821
2022-10-03,379.49632355120616,379.9353414898219,369.8381968496761,371.64300537109375,8504297
2022-10-04,386.32531452738993,391.1055965557779,380.7645594549371,384.4229431152344,9017446
2022-10-06,392.1787385697746,403.83680004551326,389.64225321168885,402.56854248046875,11758976
2022-10-07,399.9345285919542,401.885666616997,395.8858933723875,401.0564270019531,5241693
2022-10-10,393.64206629091973,399.1540248335299,390.22757500958585,397.5443420410156,6519737
2022-10-11,393.1543008249648,402.37343963896666,384.27661711000053,386.37408447265625,7054654
2022-10-12,388.32520195063296,391.5933638312462,382.1791295802865,390.4226989746094,6584436
2022-10-13,400.95882319412004,406.32445221496596,390.22756515242827,391.73968505859375,16565725
2022-10-14,401.2027328120871,401.2027328120871,386.7155278734691,387.44720458984375,6115990
2022-10-17,385.39850601200504,386.2277455829924,376.8622776059626,378.81341552734375,8966396
2022-10-18,381.93524460212353,388.6666644146572,381.7889152137644,383.8376159667969,7081590
2022-10-19,384.3741739806949,388.3740127100213,379.9841136179712,380.7645568847656,6208852
2022-10-20,373.6429077444066,387.0082142644302,370.8137637446065,385.54486083984375,8222063
2022-10-21,387.4960043753187,388.3252141770437,376.813512311663,384.1302795410156,7988528
2022-10-24,385.3497709580661,389.10571771800755,384.71565703620684,385.8863220214844,793366
2022-10-25,384.7644109779224,392.95918469449407,381.9352668078207,388.66668701171875,6156624
2022-10-27,398.0321483894318,403.3002149872443,395.4468965172834,402.32464599609375,9752346
2022-10-28,402.4222050473714,402.4222050473714,389.9837005277254,395.0566711425781,6569623
2022-10-31,395.10544908612394,398.76383287395845,393.15431106594554,395.73956298828125,4257977
2022-11-01,396.08098381485786,404.8611041457291,396.08098381485786,404.2757568359375,7483252
2022-11-02,404.6172371949673,416.4216278873042,403.8855604550126,411.0072021484375,11554760
2022-11-03,404.861096495413,405.739102557509,398.95891651554507,400.32470703125,7304472
2022-11-04,402.37344446555414,421.44580643597345,401.9344265083821,420.0312194824219,13317485
2022-11-07,421.4458024553571,428.1772225123963,415.88504731971454,426.8114318847656,9887999
2022-11-09,419.59221707984636,422.42136111908417,405.44646711165535,406.9098205566406,13898567
2022-11-10,405.1538056593099,410.1292136594544,402.6661165452397,404.9587097167969,5574432
2022-11-11,410.080422423314,421.2506692646899,410.03162611162105,419.34832763671875,14060782
2022-11-14,424.37248073383137,447.44467976645444,423.4456783498652,444.42041015625,30135088
2022-11-15,444.8594511551428,449.29827806817497,438.56701937802893,445.7374572753906,11841577
2022-11-16,444.4204555401492,444.4204555401492,433.2989746568416,436.4695739746094,7137989
2022-11-17,432.6160684606534,433.5428411121083,425.8358522604209,429.6893615722656,6533823
2022-11-18,429.7381270723825,433.05505558346704,423.83594677054106,427.8845520019531,6128677
2022-11-21,429.05523269893285,433.5916523497003,417.9337520946064,420.0312194824219,6372470
2022-11-22,422.1774543690805,425.6895084707452,418.51907088234674,420.1287536621094,6108017
2022-11-23,423.8846851407812,428.5674039308897,421.0067449899437,422.7627868652344,6031033
2022-11-24,424.9090445922649,428.8601167060211,422.0799005894776,427.6406555175781,4733568
2022-11-25,427.29923896853427,431.00638940694813,423.7384179315307,429.8844909667969,4800030
2022-11-28,424.37252383099764,425.8358773614494,418.5191097091908,420.6165771484375,5613201
2022-11-29,422.4213759545712,430.12836508109694,421.689699206382,425.29931640625,6518828
2022-11-30,428.0308735536314,440.9083955043874,427.4455262336877,439.6889343261719,13921394
2022-12-01,443.88390056801285,455.1029442087428,442.9570980975859,452.07867431640625,13243436
2022-12-02,451.9811033097807,458.90764912615396,446.8105995469685,449.8348693847656,6621056
2022-12-05,454.7614561863634,472.02903836201267,454.7614561863634,469.44378662109375,14599958
2022-12-06,465.83416196133226,465.83416196133226,455.7858139367259,458.51739501953125,7409338
2022-12-07,458.517420128141,460.5661209384332,451.7860001274688,452.9566650390625,5510513
2022-12-08,453.68834445900075,461.3953632562947,450.0299607661091,460.1271057128906,4902003
2022-12-09,462.41967132005055,464.3708091737217,450.6152813509402,451.5420837402344,5405738
2022-12-12,447.7861526765425,455.5419378179762,443.347325816981,450.6640930175781,4809486
2022-12-13,452.9566826491503,454.6151618867231,446.1276995306802,446.9081726074219,4359377
2022-12-14,450.3713765289909,459.4441851581295,449.7860292348529,457.83447265625,6639699
2022-12-15,455.59068771660196,459.1515083364322,447.7861363210285,449.7372741699219,3986930
2022-12-16,446.8105560954177,451.44450836933305,441.49369368286216,445.5910949707031,6460140
2022-12-19,447.7861521886406,451.6884280247072,443.9326428917241,448.9080505371094,3690005
2022-12-20,446.8105914995205,448.030052720862,433.39651806476417,445.8837890625,7580480
2022-12-21,448.0788211147503,452.56644438225413,440.8596166089412,445.9813537597656,5557133
2022-12-22,448.2251522092621,451.68840996651176,436.2744329390898,444.37164306640625,4435416
2022-12-23,441.83517464387916,441.83517464387916,417.1532919420893,419.0556335449219,7766201
2022-12-26,420.4702345626668,434.51842206001197,418.6166594366287,432.1282958984375,3939359
2022-12-27,437.0061282988266,460.858771549,435.8354336359952,459.49298095703125,13898138
2022-12-28,456.22479449751813,462.1270042622133,452.61520739616776,454.56634521484375,7519133
2022-12-29,448.07882362768834,460.66368737218085,444.12778114083784,458.41986083984375,8427104
2022-12-30,462.3709002833213,470.51687692553145,460.2734032934342,461.7855529785156,8024424
2023-01-02,464.32205678834515,479.00435767592455,463.54158375988794,475.1508483886719,11255811
2023-01-03,474.6142981882199,476.51666956560655,466.8097465222266,468.175537109375,5906501
2023-01-04,465.34641729584234,465.7854352586964,448.761744142741,450.22509765625,9899885
2023-01-05,451.9323233732139,456.0297249380698,447.44470017646745,454.3224792480469,7087634
2023-01-06,455.5907159015614,462.41969879516085,449.83486484564247,451.34698486328125,6004013
2023-01-09,459.4929767108255,462.4196835688562,454.81025764677696,459.24908447265625,6047398
2023-01-10,466.3219830476782,468.7609055531577,461.7367968285755,465.8829650878906,7092319
2023-01-11,470.12667989699304,481.3945193447214,469.24867377987187,478.9555969238281,11383752
2023-01-12,482.906640528312,483.491987865171,470.4193696113303,473.7850646972656,7278634
2023-01-13,475.736190129754,478.0287831051689,470.858345404191,476.5654296875,7445162
2023-01-16,478.95561515235147,480.6628609119527,469.492583890332,471.24859619140625,3294109
2023-01-17,469.98035922673876,477.3458931657049,465.29764000053547,475.9801025390625,7819426
2023-01-18,476.5654313363307,491.68675003789286,476.5654313363307,490.66241455078125,12045667
2023-01-19,481.10184303527427,490.71120357255694,479.004375654325,486.71136474609375,7945795
2023-01-20,485.8333289939969,489.2965867999127,476.32153189019874,477.9800109863281,5664588
2023-01-23,481.9310644854565,488.1259333133035,479.19948331620196,482.1261901855469,5559031
2023-01-24,484.5651335751738,485.7357985104411,471.73637742434636,472.80950927734375,3293586
2023-01-25,472.27294252220184,483.6870815642748,472.27294252220184,477.1507873535156,7341066
2023-01-27,481.44326530568037,482.7114930015353,456.51749113837104,467.2975158691406,4591590
2023-01-30,467.2975560417665,471.5412871919536,452.61525434215747,460.8100280761719,5804476
2023-01-31,463.34647630334086,464.71226685415667,454.1273379843322,456.95648193359375,5679604
2023-02-01,461.44409582225876,468.8584255150292,443.4936337784991,456.419921875,6075062
2023-02-02,455.59070143677206,459.4929772520763,449.54216201424975,454.02978515625,3356544
2023-02-03,456.3223719411962,457.493066578654,439.2011489433842,448.4202575683594,5707642
2023-02-06,445.83504196977026,445.83504196977026,435.10378275386773,436.4208068847656,4398369
2023-02-07,429.25034105374914,431.1039161175354,415.1045911781142,419.0556335449219,16652967
2023-02-08,421.445815882732,429.0552423162576,421.445815882732,425.83587646484375,6121515
2023-02-09,426.32364457122094,436.7622445736423,421.20190742248207,433.6891784667969,11431814
2023-02-10,433.68916814942185,434.0794195500248,420.4702206840489,422.56768798828125,6648361
2023-02-13,423.8847424885875,429.0552464260218,416.128956810432,417.2508850097656,6437475
2023-02-14,419.00686463039267,424.6163861009975,414.9582594364435,424.1773681640625,3951666
2023-02-15,424.86029507427526,426.5675408064911,420.0800129784716,423.3481750488281,3623450
2023-02-16,426.22606780869705,427.2991996068589,422.42135486248833,424.079833984375,4282249
2023-02-17,424.12863436289246,427.2992336997053,416.17775274959325,419.00689697265625,4014137
2023-02-20,419.39713772678414,424.9090970242991,418.5191315171632,423.640869140625,3749802
2023-02-21,427.0553447948823,427.5918958549833,419.4946847785251,420.9580383300781,3761409
2023-02-22,419.98243911221334,423.8847149692374,416.3240554962533,419.2019958496094,5276939
2023-02-23,419.88486886444855,427.7869832901144,419.59221008912823,425.7870788574219,5037774
2023-02-24,427.2992048453022,427.2992048453022,404.12944202549414,405.1050109863281,10814032
2023-02-27,404.8611209303904,404.8611209303904,391.6909398880765,401.7392883300781,8301373
2023-02-28,403.3977994854516,403.788021148449,388.27647931126904,389.4471740722656,12174759
2023-03-01,392.178745017851,404.76357938865,391.8372899073402,402.9587707519531,7935816
2023-03-02,404.86113461506176,406.6171469045909,398.0321516215547,400.76373291015625,4804013
2023-03-03,403.1051341405245,409.1048777062716,402.12956511285824,406.7147216796875,5102333
2023-03-06,408.7633817187264,411.885214203899,403.78797422073313,404.3733215332031,5071598
2023-03-08,399.93453280191017,399.93453280191017,386.42289588185616,397.78826904296875,7044653
2023-03-09,400.9588565429022,408.27562399806465,398.03214956083724,398.86138916015625,6982179
2023-03-10,393.15431106594554,399.49550963152535,385.739980634867,395.73956298828125,5239128
2023-03-13,399.00769778880516,404.81234490993677,388.7642238846916,392.422607421875,5962595
2023-03-14,394.42251982394737,397.9833703564254,389.69103417109676,392.86163330078125,5841181
2023-03-15,397.9833674230751,402.6660865020633,395.1054270946957,396.2273254394531,5681268
2023-03-16,390.8129365598321,391.0568288030956,373.7404795313871,375.5452880859375,16739755
2023-03-17,379.74020873884325,388.32520347590486,377.10616070006233,387.0082092285156,9861244
2023-03-20,384.13026553813467,384.42292430783954,371.69176170166173,376.3257141113281,6331283
2023-03-21,378.22810220344894,381.0572462667283,375.5452875315111,379.05731201171875,6080002
2023-03-22,380.5694722297378,387.0570001146886,378.76466362829956,383.15472412109375,6511605
2023-03-23,377.54518308175204,390.8616932748089,376.5696141332204,389.056884765625,10453779
2023-03-24,391.00802944173245,391.2031551436224,376.71595005235713,378.9109802246094,8833099
2023-03-27,380.4719232811823,386.9106848603416,379.8865759063488,380.42315673828125,7066058
2023-03-28,383.3985882377065,390.03244503123796,382.17912707918964,383.301025390625,6424209
2023-03-29,385.2522062240289,391.10562043793266,380.3743610457758,389.3008117675781,6959623
2023-03-31,394.1786418530746,400.27594809243044,391.3007311713005,395.4468994140625,7468634
2023-04-03,396.56881109485903,396.95903275285167,389.7885944207209,392.7153015136719,5200766
2023-04-05,392.17873267523925,394.71521799520104,384.6668395684298,393.44696044921875,5607641
2023-04-06,391.2031664933635,396.5687959589832,389.00813625742813,395.3493347167969,4174551
2023-04-10,396.8614683891336,403.73924789466747,395.5932405624698,401.39788818359375,5327008
2023-04-11,402.8124261128327,407.8366004082415,401.1051803968781,407.34881591796875,4965642
2023-04-12,409.6414415133853,412.0803641584662,405.44650647264814,407.4464111328125,4701591
2023-04-13,407.8365853063013,412.4217712538795,405.2025670195661,411.7388610839844,6368113
2023-04-17,412.03160141718405,418.6654591642289,411.2999246169068,418.2264709472656,6920340
2023-04-18,419.4946549155189,422.4213618102783,417.44595413478686,421.00677490234375,4866068
2023-04-19,423.7871473322876,426.6650876531411,420.7628776228487,422.4701232910156,5982454
2023-04-20,421.3482321160736,425.0554120646368,417.59228562781965,419.34832763671875,3830118
2023-04-21,419.49465174664084,420.323891314959,408.7633932135873,412.03155517578125,5139533
2023-04-24,408.76342363293304,418.47034739172915,408.1293097177362,417.3484191894531,2308450
2023-04-25,414.6168108973744,421.1531348838516,414.6168108973744,419.2995300292969,3648159
2023-04-26,415.20216494380315,416.5679555650256,411.78767350474556,414.42169189453125,5184973
2023-04-27,414.6168577462867,420.909290202062,411.73891706018674,420.275146484375,3271257
2023-04-28,422.90916283097596,426.323654341722,420.3726774685925,425.4456481933594,4913550
2023-05-02,428.2747793469286,438.9084752031922,427.2992103734732,435.2500915527344,5178547
2023-05-03,430.2259128813162,433.0550569209199,423.6408223780308,431.494140625,4826725
2023-05-04,434.12818232235554,435.5427692072627,429.73812205168,434.615966796875,3100187
2023-05-05,432.1770985130613,432.66488304862906,422.079952672407,423.640869140625,3034975
2023-05-08,427.5430840946671,435.9817493950732,425.543179694525,434.17694091796875,4090222
2023-05-09,433.68916863792924,435.7866657165261,428.4698985270075,429.591796875,2941913
2023-05-10,430.2259056577889,432.0307141642684,423.0554679424254,425.7870788574219,3075599
2023-05-11,423.3969013110775,423.3969013110775,409.29991884019205,410.56817626953125,11081500
2023-05-12,408.76343120271,408.76343120271,393.9347697610175,394.861572265625,11152831
2023-05-15,398.5199350295865,402.7636661183291,394.47132964892523,400.66619873046875,5148782
2023-05-16,403.495341992548,407.49518082353563,400.9588566529946,402.3734436035156,4010692
2023-05-17,401.7392802989848,403.30019656793695,395.6419743827666,397.7394714355469,3727878
2023-05-18,400.9588469895929,403.3002065650587,395.7395470415323,396.56878662109375,4078918
2023-05-19,398.03214433197604,398.42236597005785,390.61781412041125,396.81268310546875,5523299
2023-05-22,396.0809923175349,399.0076991573196,392.8616267025723,397.7394714355469,4237198
2023-05-23,399.2028683184976,403.690462143818,396.9590416338326,400.2759704589844,3690618
2023-05-24,398.9101528667584,400.47106920050317,393.73964914398175,396.9590148925781,7866105
2023-05-25,394.6176410172556,395.8371022070494,388.08131713116046,394.3737487792969,8018242
2023-05-26,395.2030232135289,405.15380953705335,393.2518851377001,403.4465637207031,6401768
2023-05-29,406.8122743023746,414.61682632736023,405.3489207976898,409.64141845703125,8350721
2023-05-30,411.20231103979097,411.20231103979097,401.54418442172647,403.0075378417969,5596603
2023-05-31,400.4710829214262,400.66620863433076,394.4713393996594,395.98345947265625,22945527
2023-06-01,399.0564424556117,404.2757419703334,395.98340640720545,396.42242431640625,4269628
2023-06-02,401.98318018417626,411.59254044537397,401.98318018417626,410.47064208984375,11695310
2023-06-05,414.47049395569195,415.5923923468286,408.17806202192116,409.4463195800781,8039709
2023-06-06,409.4463096134942,411.6901063411497,403.6904288588952,405.3976745605469,4383684
2023-06-07,407.7878284548176,413.34858347891145,403.73922319369774,412.27545166015625,6911473
2023-06-08,413.59249354499013,415.2997393118573,407.4951872347503,408.03173828125,5571023
2023-06-09,411.5437683281555,411.5437683281555,404.37333057703336,404.9098815917969,3518826
2023-06-12,407.73905457498273,410.7145279637819,403.88554531355277,406.61712646484375,2813911
2023-06-13,408.76337687797354,413.64122147078945,406.7146761945907,411.104736328125,4247391
2023-06-14,416.5679598231998,419.4946668008804,413.7875822400027,414.66558837890625,7213168
2023-06-15,414.5192249463421,415.25090163068086,410.47061991406747,412.71441650390625,4863359
2023-06-16,417.25084173386915,420.90922520790235,415.3972369560916,416.5191650390625,7931068
2023-06-19,413.88513341692396,421.44579289596027,412.7144387500788,415.73870849609375,3950931
2023-06-20,415.7387258348336,422.6652717298739,412.7144559626889,418.4703369140625,5090801
2023-06-21,418.4703232758101,419.2020000062571,407.8853939542758,410.665771484375,5689533
2023-06-22,411.59255886484993,415.00705039570414,406.0318333778038,409.7877502441406,3566261
2023-06-23,405.836664244186,406.7634666121976,397.4955620200828,398.5198974609375,5403772
2023-06-26,399.98326500545664,405.8366786396829,398.2272528239893,404.5684509277344,4460980
2023-06-27,405.8366691913525,409.056034706426,403.88553135870177,407.5439147949219,3047635
2023-06-28,409.4950336129108,411.2510456719568,408.12924314787506,409.9340515136719,4613401
2023-06-30,409.5926396586522,412.32422087685353,404.51966908541846,410.665771484375,4115005
2023-07-03,413.64123272232933,418.2751852115535,411.78765768103995,415.25091552734375,3693861
2023-07-04,417.49474437613617,418.47031332687186,412.8119955494039,415.3972473144531,2721964
2023-07-05,414.6167922557319,416.95815171642295,409.10483379543825,411.2023010253906,4783528
2023-07-06,408.71463398000986,417.54352129485,406.95859196183005,415.98260498046875,5021705
2023-07-07,413.5436812605757,414.61681308413506,408.2756147663777,412.3730163574219,6769909
2023-07-10,412.66564068831565,425.54316195192825,412.66564068831565,417.39715576171875,6502214
2023-07-11,418.7629833557924,421.29946865026295,413.64124622680487,414.2753601074219,3055356
2023-07-12,415.1046033882161,417.6410887052709,411.93400418489836,414.4704895019531,2854995
2023-07-13,419.6897821111636,428.762561608411,419.6897821111636,424.567626953125,11590791
2023-07-14,430.2259311257985,437.54269866195153,428.8601404734506,436.03057861328125,10801568
2023-07-17,436.8597908443059,443.05466001327164,432.56729315396865,436.1769104003906,8441112
2023-07-18,436.07933382564244,438.03047178459383,431.39661463296,433.6404113769531,3963196
2023-07-19,433.15262888221866,433.54285052140574,427.7869994703894,428.46990966796875,5062700
2023-07-20,431.20149964993425,432.0795057988932,427.54311588593595,430.7624816894531,5156038
2023-07-21,430.6649516399208,430.6649516399208,423.0554954940078,423.8847351074219,4309067
2023-07-24,423.39695519234425,426.86021330873353,420.95803263939297,422.37261962890625,3399581
2023-07-25,425.49439788216495,439.4938184761497,424.37249952746976,438.51824951171875,8482756
2023-07-26,438.5182715672958,440.6157389919156,435.4940016710517,438.0304870605469,4218466
2023-07-27,439.98160453910106,448.3715036177504,437.1524604864873,440.371826171875,5615100
2023-07-28,439.493821897116,441.59128923256856,432.5672762413403,440.4693908691406,3886408
2023-07-31,441.9815161167387,451.93233165838495,441.93274957635913,451.2982177734375,4974267
2023-08-01,453.639541706337,460.0295061377014,450.81039783074056,452.76153564453125,6249656
2023-08-02,448.7617477568069,449.9324424858436,438.664602477878,443.3961181640625,5986653
2023-08-03,439.0060371351742,447.2983733921719,434.1281922781167,442.22540283203125,4026983
2023-08-04,452.6640357887719,454.6151738740683,442.810782503624,445.8350524902344,7576934
2023-08-07,447.98129671950335,455.9321781152927,447.9325004063003,453.4932556152344,3770469
2023-08-08,453.4932677671027,455.83462747549737,440.9571998264843,443.6400146484375,6448476
2023-08-09,443.6400098048053,458.32231157948337,439.88406314067726,457.4443054199219,6171305
2023-08-10,456.5662992603604,459.4930063069011,451.68845418279244,457.4443054199219,4285159
2023-08-11,455.59071292940894,458.51741986471563,448.76173008036,451.1518859863281,4422888
2023-08-14,450.3172230933598,450.3172230933598,439.5158942924421,442.6580810546875,4566085
2023-08-16,438.92671887923444,439.90865784764435,431.0712071319551,437.15924072265625,5066857
2023-08-17,434.9990044969792,441.13612363491626,432.54415684180435,439.51593017578125,3558210
2023-08-18,439.4177069029304,439.4177069029304,430.2365711676561,431.56219482421875,3990678
2023-08-21,434.99901262663116,442.7072404012188,431.9549954840446,441.2834167480469,3775298
2023-08-22,441.6270476711873,446.1930578461588,440.2523391191871,442.2162170410156,3254685
2023-08-23,446.4876839700672,456.89621359937723,444.7201757558518,452.91937255859375,9182054
2023-08-24,455.6197000359392,457.48537815918564,445.6530250909331,448.2551574707031,5950400
2023-08-25,444.81837565104166,446.09488438930777,440.7924196794629,441.87255859375,3304204
2023-08-28,442.41258997860007,444.6710675844963,437.4538101775134,438.2393493652344,4259997
2023-08-29,439.90866608234586,450.2190254436508,439.2704117342117,447.8132629394531,6062408
2023-08-30,451.8883424254841,456.74892252402867,447.5187018634063,448.5006408691406,5510658
2023-08-31,453.9013254589997,456.6016578440992,448.5006606888007,451.544677734375,9294166
2023-09-01,454.58867689716834,469.85781652387084,453.75402274496395,464.70263671875,11151562
2023-09-04,468.97405997499766,483.40854491293703,466.4210126493215,477.860595703125,10359653
2023-09-05,477.2223567467798,480.90462801797406,469.5632444892558,477.320556640625,4941534
2023-09-06,476.14221792794444,476.14221792794444,465.68457350926116,469.5141296386719,5138246
2023-09-07,466.9610806454972,470.8397516918756,464.99720264052587,466.51922607421875,4055611
2023-09-08,464.4571301888296,470.15236419612876,459.25286566375956,467.55023193359375,5637990
2023-09-11,469.3668513708677,478.9898417764298,467.8448578770413,476.0931396484375,5960678
2023-09-12,481.1500901442308,482.0338292144812,466.8137753425719,469.121337890625,6817270
2023-09-13,469.8578056788209,476.04400931561855,465.2917953786703,474.4729309082031,4162140
2023-09-14,477.2223568945887,499.70875413769977,477.2223568945887,488.36737060546875,16108768
2023-09-15,498.628631811128,498.82503160540716,486.0107391383249,487.5818176269531,8515363
2023-09-18,485.07784016927087,485.07784016927087,474.42379659332596,475.7494201660156,6238600
2023-09-20,473.2945937244424,477.6151192921324,466.66650553431793,469.6614074707031,5861905
2023-09-21,470.34877001206706,477.66422737772893,467.7957226784294,470.8888244628906,5146457
2023-09-22,470.34876190152073,473.09817900332075,462.98421970055745,470.20147705078125,3684720
2023-09-25,470.15238299795874,470.15238299795874,458.81099949147125,460.8730773925781,5768069
2023-09-26,460.0384055144713,465.7336395300119,457.7799578795085,462.9842224121094,4666823
2023-09-27,457.82906680531886,467.1574874694487,457.82906680531886,466.3719482421875,5656858
2023-09-28,467.4029795641069,470.93796607509887,456.06159572300885,458.4182434082031,5869780
2023-09-29,469.3668278598576,485.5688208717565,465.6354717588285,483.7522277832031,11604605
2023-10-03,474.3747486619719,475.7985422674545,467.99214500362683,471.2816467285156,4657602
2023-10-04,465.43908394145546,469.2686400312381,461.51132795882717,464.84991455078125,3302259
2023-10-05,464.84989308566077,473.6873436384923,459.89111337313136,462.0513610839844,4801287
2023-10-06,466.42100909864206,467.84483258666074,460.8730599310644,464.0643615722656,3134022
2023-10-09,463.917103792506,464.9481277809615,456.20887646220245,461.31494140625,2681298
2023-10-10,464.45713643716334,476.0440043870909,458.5655025711528,471.9689636230469,7863825
2023-10-11,476.87867157831784,477.17327125953034,471.42892208948956,475.1602783203125,7006735
2023-10-12,474.37473640506136,485.0778655007658,473.8346519757771,475.6512451171875,6895255
2023-10-13,470.34881337358235,478.69529544806136,468.8759047722037,471.919921875,4652247
2023-10-16,471.08524012959305,477.7133284482481,466.7155995477714,474.6693115234375,5043158
2023-10-17,477.7133357624741,479.6281288481852,472.0181014028426,475.6021728515625,4495043
2023-10-18,478.9898219381663,485.86339479071466,474.81658127769055,476.28948974609375,7437952
2023-10-19,469.80873819197444,473.5400944979851,462.4932804739263,471.2816467285156,6035837
2023-10-20,466.42103816822333,471.18344844595805,461.5113430296105,463.229736328125,2777724
2023-10-23,462.2968535435194,465.38998526179535,446.78222985596,448.4515380859375,2994345
2023-10-25,457.5835957302389,464.4571690566588,451.1027920291913,452.87030029296875,7854105
2023-10-26,448.45155023224,450.1699434705363,440.645123248848,448.4024353027344,6625855
2023-10-27,449.72803100636827,456.01243417998984,446.242159783162,447.91143798828125,6193726
2023-10-30,450.46451318197,453.4103301619066,445.80030296373707,448.4024353027344,7523779
2023-10-31,456.60165348820897,456.60165348820897,445.0638697710338,451.20098876953125,5236060
2023-11-01,450.2190447754264,457.58358749258167,447.7641972030413,454.34320068359375,4931538
2023-11-02,454.8832239143253,467.2065458945758,454.8832239143253,465.6354675292969,3933951
2023-11-03,470.29970294471326,472.7545504807721,465.6845775903624,466.617431640625,3274345
2023-11-06,471.33075126999853,476.04404679613765,469.61235790599335,473.24554443359375,4294682
2023-11-07,473.29459052532303,482.62301087800057,471.62528226512615,475.79852294921875,5425669
2023-11-08,482.5739069162955,482.5739069162955,469.5141009568746,479.23529052734375,8220612
2023-11-09,479.97175846380776,479.97175846380776,474.4238092544596,475.7003479003906,3271496
2023-11-10,473.3437236003345,479.4317579095566,470.8888758895841,472.6072692871094,3498064
2023-11-13,473.2946172626202,483.45769231952727,472.4108781199329,478.6952819824219,4918873
2023-11-15,488.0236609053818,504.22565367185825,485.27424381641805,496.2719421386719,11674265
2023-11-16,494.89726377802424,498.2849653678269,488.1709755290309,495.19183349609375,4171759
2023-11-17,493.96439649172913,497.30301302786694,487.87639273900686,488.7601318359375,3595049
2023-11-20,491.11676935966057,496.81203335978813,487.5817830779261,488.3182373046875,4305637
2023-11-21,493.7189297504254,501.72175677676097,492.83519062126464,497.69580078125,7154476
2023-11-22,495.7809760010746,497.6957689638453,489.9384571560647,491.2149658203125,4337970
2023-11-23,489.9875453994182,493.91530127436346,482.7702879859265,492.88427734375,6628259
2023-11-24,495.73192940906154,503.48924181725636,493.47345164144957,498.6286315917969,5973059
2023-11-28,502.50727858477984,508.88988202552446,500.59248556599647,506.2877197265625,7804926
2023-11-29,509.62636364826625,513.8977745149715,504.6184984988322,508.1043701171875,6275280
2023-11-30,509.9209250359089,510.36280958488044,502.1145277464858,506.3368835449219,7599701
2023-12-01,510.6573890275057,515.3215994973006,505.99317855771085,507.85888671875,4933886
2023-12-04,514.5851213892148,517.1381987510074,507.2205788831212,509.871826171875,5985489
2023-12-05,508.9880439240193,519.2493182034798,506.14045685504664,511.2465515136719,6399021
2023-12-06,511.5901992243517,517.4327480350665,506.28770485620083,513.5540771484375,4831956
2023-12-07,511.59022434515686,512.9649629326403,505.7967602115059,506.7296142578125,4628885
2023-12-08,510.1173106373485,515.5670601022558,504.7166461358944,510.9519348144531,3733998
2023-12-11,510.9028579274788,514.3396444827337,507.76064109039976,512.9649658203125,2597347
2023-12-12,515.5180044160084,528.77418167242,512.7195020794429,517.9237670898438,9498031
2023-12-13,519.396669972264,525.582873970787,513.8486903934727,523.2261962890625,4000017
2023-12-14,530.2470288767889,536.0895775704166,527.5466967852868,533.291015625,7190654
2023-12-15,545.9580621389917,548.9529639825112,538.2989502322345,547.1854858398438,8191005
2023-12-18,546.93997724975,557.1521659686443,541.5393132015029,556.1702270507812,5076184
2023-12-19,557.692240071874,557.692240071874,545.66348790347,554.648193359375,4484733
2023-12-20,559.2142380698373,560.5889765878164,536.3841572355551,538.2989501953125,6959868
2023-12-21,534.1747998595506,551.5060466589954,531.8672672523943,546.2035522460938,4591119
2023-12-22,549.2966811468551,561.669088136176,548.9038815876265,560.1470947265625,7865384
2023-12-26,564.565854075968,570.359258360356,560.1962134307454,569.3773193359375,4649730
2023-12-27,571.488495134623,596.6752543314597,569.8191868564327,594.6622314453125,12430827
2023-12-28,597.0189352062572,605.3654170306868,594.2695178859468,603.2051391601562,7139743
2023-12-29,603.2051237520193,606.8383100869968,597.1170898843274,603.7451782226562,3995822
2024-01-01,603.4014749728872,609.2931085771789,595.9878480073792,599.3755493164062,2961919
2024-01-02,599.3756106228626,608.8022013807993,596.4297935194072,605.8563842773438,4975013
2024-01-03,597.2644760254457,600.3576082591201,581.3079651575238,582.3389892578125,7226455
2024-01-04,583.2718087243993,585.0883720343417,577.0365195907873,579.8350219726562,6592370
2024-01-05,579.9330883789839,586.8066606554227,571.046553351004,576.3981323242188,2990123
2024-01-08,576.3982079660465,581.7988726062734,566.0387632336259,567.2171020507812,4425767
2024-01-09,571.4394246470498,574.3361567424655,563.2401978707779,565.5477905273438,5314029
2024-01-10,565.596828718228,571.4884623507096,560.3434793690506,569.5736694335938,2408792
2024-01-11,572.42135818437,576.3981991905212,565.1059005692418,566.5297241210938,3899383
2024-01-12,570.506573666305,574.9252992798995,565.3513937837781,571.53759765625,2440863
2024-01-15,575.2689085017039,575.4162233169687,561.9145627869204,564.271240234375,3778987
2024-01-16,565.5478070697735,574.2870286432812,559.165203253399,569.082763671875,5187155
2024-01-17,560.6381073802883,562.3565007018384,548.0201547452245,550.13134765625,6148035
2024-01-18,550.1313405504185,551.2114495083205,537.9061876627377,544.8779907226562,3784905
2024-01-19,546.4490685646911,550.8677941865079,544.4851905105502,547.0382080078125,4451789
2024-01-23,547.9219275383983,551.6532835171544,527.8903492251662,531.6217651367188,7867972
2024-01-24,540.0664707004263,556.5630345461698,537.1206535875149,554.94287109375,8619429
2024-01-25,556.2685022229085,559.7052890857155,548.314819456392,556.9558715820312,5366990
2024-01-29,557.7413584045697,561.6200294856687,551.8497243369158,557.6431884765625,5126212
2024-01-30,559.656119254895,573.7469192826543,557.0048720904699,558.96875,7968815
2024-01-31,558.9197073533245,570.1137763254442,557.9868532891139,568.8863525390625,5644545
2024-02-01,567.5607667618299,571.2921231380633,559.9998241453972,560.9326782226562,3509803
2024-02-02,566.5788220664631,578.3620904629927,562.74923586447,572.96142578125,7145858
2024-02-05,572.9614090795133,580.227781685347,565.6459515100184,569.4264526367188,4801118
2024-02-06,568.1499176005105,577.1346839956832,558.9688113390772,574.336181640625,4099573
2024-02-07,579.7367816372177,591.2745643312442,574.09063265929,581.5533447265625,9415146
2024-02-08,581.3079201871677,597.9517991453037,577.2328491384098,590.43994140625,11844758
2024-02-09,590.1453031056707,591.1272420459463,565.8913992943026,580.6204833984375,5105348
2024-02-12,581.2096940395699,590.9308537779109,569.2791117097902,571.9303588867188,4595403
2024-02-13,529.2651157882129,530.2470547785435,487.38542384389126,500.8870849609375,46100123
2024-02-14,505.6986046531195,507.5643127987472,494.06262105762664,498.6286315917969,16634538
2024-02-15,503.44015231151906,509.1353866949309,498.4322572687805,503.9311218261719,13303658
2024-02-16,510.55916580402607,510.55916580402607,501.7217153100224,506.38592529296875,12066565
2024-02-19,509.38085123791285,509.52816605958344,502.5563632685028,503.0473327636719,5580597
2024-02-20,503.3418943596711,506.5823409217864,497.9903449284422,502.3599853515625,5186970
2024-02-21,525.3373945524631,528.2832117181779,500.78891817150685,502.556396484375,18106978
2024-02-22,506.9751388123711,512.7195184330534,504.9621756698642,511.7375793457031,8727844
2024-02-23,515.2234472622101,515.321617197088,507.66250435965424,508.98809814453125,6445580
2024-02-26,510.0191444070095,510.3627990864727,494.89725972021597,495.92828369140625,7605543
2024-02-27,496.37017996359447,502.9491834551125,495.58464072568233,500.4452209472656,6741206
2024-02-28,503.24375117186236,505.1585442604425,492.6879066350867,495.2900390625,4406098
2024-02-29,497.3521018304066,498.8250103254621,489.98755935512906,494.7499694824219,16860796
2024-03-01,500.7888967745076,513.0631344405494,500.7888967745076,509.7245178222656,9882296
2024-03-04,514.5360180662663,520.2803370429326,510.65734716489413,515.4688720703125,5989974
2024-03-05,514.5359960140686,518.7583213993806,510.80464009060205,512.6702880859375,5729926
2024-03-06,512.6212749199015,518.3656543876823,504.6675924971944,517.4328002929688,4637732
2024-03-07,521.2131889837708,531.0816635641891,519.6911955794035,527.0066528320312,7909060
2024-03-11,530.2470557142206,533.4383574384265,522.4897137037999,524.0608520507812,5527908
2024-03-12,523.4716170250127,527.1538879943299,515.8125053953921,519.3966064453125,3703670
2024-03-13,519.7893915376103,520.4276758679272,492.1478443356264,497.84307861328125,5712435
2024-03-14,502.75279628748217,516.8435977571837,497.84310101123725,515.7634887695312,10349338
2024-03-15,512.5721355795372,524.4044880254171,508.153410272817,522.9315795898438,8467660
2024-03-18,522.391570012831,525.8774416231606,517.4818748059434,521.5569458007812,4282437
2024-03-19,522.3915564358718,530.0015838087629,519.6912241422654,524.0117797851562,7119131
2024-03-20,523.3734770117667,525.8283244649176,507.0241690006622,518.3164672851562,5005234
2024-03-21,528.6760058763166,535.8932338849719,524.6009348658657,529.9525146484375,8795679
2024-03-22,529.9524591648241,540.704702569953,527.6448666906585,537.8570556640625,5518261
2024-03-26,535.7950348068186,550.867774356648,535.1567504890787,548.5602416992188,7198061
2024-03-27,554.0099965780979,554.4518811152893,546.7436239945961,547.5783081054688,5320703
2024-03-28,550.8678019369144,556.4157814910401,545.270737417305,550.13134765625,8326754
2024-04-01,559.7051827931089,563.6329384618324,553.9117192086235,558.3304443359375,6192790
2024-04-02,560.6872061574555,561.9637149554914,551.4078700059421,560.8836059570312,4626877
2024-04-03,559.9016611637504,573.550578068963,556.9067590324746,566.18603515625,7514291
2024-04-04,579.34406143512,579.34406143512,558.6742556365807,567.3153076171875,7246259
2024-04-05,562.160096112305,564.6149436935815,557.3485708798823,559.7543334960938,4884617
2024-04-08,561.6690901899211,569.2300322367298,560.1961817366259,566.3823852539062,3276169
2024-04-09,567.658879372533,584.6955560051864,563.6329536765336,577.96923828125,7829711
2024-04-10,585.4320667545444,593.9749483762635,580.375056733025,592.1583251953125,11748104
2024-04-12,598.0499596343615,598.0499596343615,584.5482978499633,587.8378295898438,15994496
2024-04-15,603.8924809012364,614.1046704050439,594.7604602497776,601.634033203125,27067692
2024-04-16,601.6340166047212,610.1768975976103,595.8405527307578,597.853515625,10722248
2024-04-18,605.2672553145951,613.71190718433,598.7864216150465,601.7322387695312,9953539
2024-04-19,598.0008236643453,605.168966050117,589.8507423234597,603.64697265625,6443897
2024-04-22,609.4404647948701,611.2079430096783,601.6340377522673,607.3783569335938,6503652
2024-04-23,607.3292471635561,607.5747319037193,599.3755655553903,600.750244140625,6154126
2024-04-24,600.7502828647819,626.1334425935169,597.7062958636641,624.6113891601562,11775700
2024-04-25,624.2186046184987,636.5419264962319,616.7558326135115,635.1181030273438,11897458
2024-04-26,639.1932214140435,649.6508360886702,631.3867941652533,637.572998046875,7545608
2024-04-29,643.1209734154017,643.5628579611544,629.6193118845267,638.3094482421875,4157501
2024-04-30,641.795326784846,641.8935566476421,630.6994277194403,632.7615356445312,4771959
2024-05-02,624.4150574613393,635.2163868659162,617.2959994446865,629.8648071289062,17929526
2024-05-03,643.2191469695167,643.2191469695167,626.869898146939,635.4127197265625,10633995
2024-05-06,638.2603632929519,643.1700583952053,617.9342135830622,627.2626342773438,10094421
2024-05-07,635.2163801842056,635.2163801842056,600.7011994313358,608.9985961914062,10787196
2024-05-08,603.9906482363933,622.9912036356018,603.9906482363933,622.058349609375,7683352
2024-05-09,622.5492974650801,626.2315685463011,603.8924573202277,608.2130126953125,6588118
2024-05-10,608.9003607942366,618.1796964964096,606.8383128305542,614.301025390625,4364788
2024-05-13,613.8100381276225,624.6605119036707,603.2051090316548,622.058349609375,3582386
2024-05-14,632.712317738041,637.7693271380426,626.6734293529929,634.9708251953125,8339846
2024-05-15,641.2061244114384,647.0977580201193,636.983798978443,641.8934936523438,6764257
2024-05-16,648.0797228376963,653.9713566816754,631.6322450232548,641.5498046875,8781056
2024-05-17,641.206236713598,646.9014715462384,638.6532190091474,643.6119995117188,5026205
2024-05-21,654.2658942544266,682.84035295403,651.2219075576559,681.0728149414062,15976672
2024-05-22,685.9334865338577,686.0808013591405,665.1655123386363,672.1863403320312,8004434
2024-05-23,662.9561305775874,666.294687171348,653.9222799170126,664.5762939453125,9749101
2024-05-24,666.9820883007595,677.9798174591543,658.9301762419632,661.0904541015625,15930052
2024-05-27,672.6773339839664,677.0469747415201,663.2998280462608,665.6073608398438,10475785
2024-05-28,669.6824254670963,685.3934501114857,666.0983239969739,668.9950561523438,12925385
2024-05-29,682.4476244706588,700.6134964889425,669.9769868283036,692.5615844726562,22684652
2024-05-30,692.1196698800261,700.1715815467957,680.8273715480246,682.5949096679688,10361716
2024-05-31,686.277162169255,690.7449724445246,671.9899023747498,676.8995971679688,13620282
2024-06-03,702.0863573558128,702.3318420961469,680.2873004275762,683.3804321289062,7081956
2024-06-04,684.4115030653933,684.4115030653933,583.5172678574031,637.3275146484375,24250212
2024-06-05,615.6757209391013,687.9955484962151,596.0369419617775,682.6930541992188,25836374
2024-06-06,682.4476043588561,682.4476043588561,660.8449463791513,665.263671875,10420244
2024-06-07,665.263692562942,674.5921133442673,660.3049124499557,668.0621948242188,7172942
2024-06-10,664.8218181693172,672.4809307307455,660.8940619908615,664.18359375,4054802
2024-06-11,667.7184951077097,668.9459188119517,659.9120683621702,660.7958374023438,5157918
2024-06-12,661.8268686547758,670.6643194231631,659.715675886986,661.7286987304688,10783822
2024-06-13,665.7546365243084,672.2845547937213,663.839843503497,668.4058837890625,9555904
2024-06-14,677.5378509945713,677.5378509945713,665.1654446451797,671.25341796875,8326865
2024-06-18,671.2535304625939,675.5740863835175,664.7727565140136,666.4911499023438,4013739
2024-06-19,667.7676509871595,669.6824441556905,648.4725842669899,650.4364624023438,4770356
2024-06-20,652.9894396999723,671.9899355136106,649.7981379270025,664.28173828125,6646966
2024-06-21,667.718481784149,678.7162099412709,664.7726649527484,672.13720703125,11973903
2024-06-24,667.3256782540567,675.2794196110862,662.9069530333059,672.8736572265625,8014595
2024-06-25,676.3595271272263,683.429499452954,668.6022454925387,673.119140625,5778636
2024-06-26,671.2044187568118,671.2044187568118,659.2247504831191,662.5142822265625,6069407
2024-06-27,665.7545999264639,675.2794196110862,659.961136219472,672.8736572265625,7135387
2024-06-28,677.7834168916415,684.9024748742049,673.6101760053112,681.0238037109375,6101211
2024-07-01,686.3753912186877,689.1738935187758,675.966861333557,677.390625,4870114
2024-07-02,677.4397074547699,690.5976534615419,675.9667990256896,682.2020874023438,5482768
2024-07-03,686.2771999317381,690.3031259105855,671.0571452352742,679.1581420898438,5875690
2024-07-04,685.0988714579272,693.0034686425644,678.0779834383391,679.3544921875,5924057
2024-07-05,681.4656344539451,689.8121155675741,680.9746649766728,686.5226440429688,5174673
2024-07-08,690.9414289460154,693.1507917843428,679.1581604749365,684.60791015625,2636146
2024-07-09,689.321140229955,697.8149360876736,682.987622040428,694.2308349609375,5507357
2024-07-10,695.21283609943,699.2387621658679,672.92280804019,680.7783203125,5327276
2024-07-11,689.3211239059275,689.3211239059275,679.5017346764984,683.7240600585938,6856272
2024-07-12,684.9024215801196,689.7630313972477,673.7082935123577,679.5508422851562,3839953
2024-07-15,679.5509080001042,688.9284139470348,676.0159513909671,687.4555053710938,2848268
2024-07-16,687.6518454640103,690.4504074750017,676.5559471418574,678.3234252929688,4570179
2024-07-18,673.6101594981874,683.2822347540134,671.7444514098389,677.4888305664062,7841505
2024-07-19,671.5480603717975,673.3155384649541,646.7541023091179,651.0255126953125,6207375
2024-07-22,643.1700596724655,662.8088401204798,639.0949887563819,660.1575927734375,3291634
2024-07-23,660.1575221800529,661.041291178829,627.1643985286013,641.6970825195312,9602846
2024-07-24,641.2062206216781,644.7903222445233,633.350707964751,639.8314819335938,2610134
2024-07-25,630.355724407174,637.2783820562018,621.8619284698235,634.8726196289062,6171776
2024-07-26,648.0797073823103,656.426188462234,643.170012629414,655.5424194335938,4730539
2024-07-29,664.5271888817803,664.5271888817803,652.9894061416829,654.8059692382812,6032470
2024-07-30,652.989404001171,652.989404001171,642.7772149128457,648.5706787109375,6714850
2024-07-31,654.9533301624706,661.8269033425864,652.2529978417108,657.50634765625,8551592
2024-08-01,667.7185412026727,678.4217006156599,655.2969884851196,661.3359375,8831127
2024-08-02,647.8833025996895,653.5785364824849,634.872611605043,636.3455200195312,6717210
2024-08-05,616.7068009349688,622.4020353697838,598.2463590039674,603.2051391601562,13451475
2024-08-06,613.7119211573378,617.6396774527448,597.0189569018582,599.2774047851562,7063441
2024-08-07,613.7119336400978,618.0815745941765,605.6109361160484,612.4354248046875,4839670
2024-08-08,613.7119002404928,619.6035344828015,601.9286317558752,602.9596557617188,5396272
2024-08-09,614.2672926240256,618.7113485996014,607.156791007831,615.1561279296875,3629264
2024-08-12,611.3046345406531,626.5132069095637,608.8357143688411,621.5259399414062,3586449
2024-08-13,626.5131892183986,626.5131892183986,611.5021429423817,613.6748046875,6793767
2024-08-14,619.0569519145073,626.0687205997134,603.996540517232,613.72412109375,8646288
2024-08-16,626.0687097076305,634.0186195958888,622.3653299202714,626.2662353515625,6566337
2024-08-19,628.5870580822,652.0911654021913,628.5870580822,650.6591796875,9510274
2024-08-20,654.7575983732667,665.9171049629672,652.8318286757186,664.5345458984375,10295836
2024-08-21,660.5842616829572,687.9398471601078,659.4979007132354,677.0765991210938,7815238
2024-08-22,682.9032632597555,683.3970472534357,668.7810530957743,677.0272216796875,6188728
2024-08-23,681.4712984491346,686.0635138412491,669.373590234253,676.5828247070312,7774920
2024-08-26,685.7672310693347,704.0372387432079,680.9281238451678,703.000244140625,11517668
2024-08-27,703.0496846822004,704.08661902895,694.0134133540237,694.7540893554688,6465241
2024-08-28,697.2230527897625,701.8646347432122,692.4333717926191,696.2848510742188,3599946
2024-08-29,688.9768371552888,693.6183585196754,682.804537174597,691.7913818359375,5728640
2024-08-30,690.3100376314582,699.6919337079944,686.4584982894909,692.6307983398438,7404373
2024-09-02,697.9143040180348,697.9143040180348,674.706456471516,675.3977661132812,6186645
2024-09-03,679.101181216239,684.0883877218372,669.1267079286731,670.4599609375,4457291
2024-09-04,658.3622769321202,665.4233524556009,653.0293852520276,658.5103759765625,5816848
2024-09-05,661.670582166693,664.0407695566437,658.9547700757103,661.6212158203125,3749608
2024-09-06,659.9423068847036,668.5835267653489,657.1771285781705,658.8065795898438,6311131
2024-09-09,655.7451728655976,655.7451728655976,642.9067884570844,650.3629150390625,5144488
2024-09-10,656.6340391928495,658.5103823752838,645.5732646636366,651.3011474609375,3304741
2024-09-11,650.4122825443197,650.4122825443197,637.3764327273885,639.6478271484375,3825823
2024-09-12,649.819767754104,669.472395783051,643.400575519451,667.7935180664062,8594764
2024-09-13,677.4716805940749,677.8667319236282,662.2631085518232,664.8801879882812,5977861
2024-09-16,671.6449963865384,679.0023903013966,668.1391419181177,676.6322631835938,4258546
2024-09-17,680.434380415418,683.3970845391426,672.632568779062,674.5089721679688,3395470
2024-09-18,676.4840650367111,679.3974026275438,664.9788739806498,676.73095703125,3404940
2024-09-19,681.4219130480084,682.2613217288978,659.8929429229244,675.6940307617188,5134590
2024-09-20,683.4958182299533,690.1125361711995,680.1874893975152,685.7672729492188,9753966
2024-09-23,686.8535616716713,689.3224817351927,679.3974351351102,681.965087890625,2808114
2024-09-24,688.9274073351138,710.7526961313081,684.3846186809672,708.9256591796875,15201960
2024-09-25,715.9868079280711,721.8134833031364,706.6542781694593,709.5182495117188,9525319
2024-09-26,709.518232259708,726.9981976835087,701.864580361059,725.516845703125,10573166
2024-09-27,737.6639245414084,748.2802804678104,732.874183608793,737.8614501953125,12936973
2024-09-30,740.6759558696941,754.946324674723,740.132805557329,746.7988891601562,8566640
2024-10-01,745.6138391238122,755.9833031116268,735.9356847904587,752.0823974609375,4402151
2024-10-03,740.6760442354985,763.0444848819589,735.4419455781751,737.8120727539062,5649089
2024-10-04,733.4173799532484,748.132106599058,730.8496670551984,738.6021118164062,4624509
2024-10-07,743.6386717855074,743.6386717855074,713.5178490903442,722.2084350585938,5862059
2024-10-08,714.5054768441424,722.8998051830163,699.198172226196,712.8265991210938,5418558
2024-10-09,701.1733196288411,726.6031970660842,701.1733196288411,718.505126953125,3733320
2024-10-10,722.8010589788698,729.0227254584648,717.2706418931654,721.0728149414062,3890250
2024-10-11,726.8500265668522,740.6266118158856,723.9366889974864,738.0588989257812,5224383
2024-10-14,736.7257656749454,745.6138781294687,730.2572069994272,733.7630615234375,2540789
2024-10-15,736.7256941001477,740.675965918379,711.6908705626522,717.9125366210938,3056619
2024-10-16,719.4432952491485,729.7140266631837,717.0237415694954,723.986083984375,3207796
2024-10-17,731.886644575119,738.009578430219,723.2454242931063,725.6649780273438,6213860
2024-10-18,725.6649731893658,747.045845055148,716.0361849393179,744.1325073242188,5474367
2024-10-21,750.5516848790099,755.9339425692712,727.8376207313557,730.4052734375,2981749
2024-10-22,723.8873291439334,736.5281872292363,709.3700677865921,711.2958374023438,5672302
2024-10-23,707.0986968555361,722.0603763534594,704.4322511668687,708.1849975585938,6522834
2024-10-24,706.1111102274401,706.1111102274401,658.4609548869171,682.1132202148438,14909729
2024-10-25,685.8660257413243,686.2610770805215,660.1398895308513,670.3118286132812,4091651
2024-10-28,672.5338054066453,688.3348933457148,672.3362797521336,684.285888671875,2587719
2024-10-29,684.2858624666374,687.5448246739927,668.040357496142,684.9771118164062,4293867
2024-10-30,682.3600830773527,690.1124673285169,676.8790930424994,679.841796875,3284187
2024-10-31,678.3110995235226,680.9775453471769,670.8056063601116,677.5210571289062,4478581
2024-11-01,678.9529747945751,685.2734338704814,678.6567164608467,682.3107299804688,472898
2024-11-04,680.4343140686535,681.3231493296516,653.3749282665534,665.9170532226562,5245661
2024-11-05,667.2009219322039,692.7295910986242,666.4108795812693,688.8780517578125,4931994
2024-11-06,697.2230291966431,705.3704654443376,679.2986453411676,699.3956909179688,5500043
2024-11-07,673.5213643773537,679.1505139354875,638.26517533048,640.0427856445312,26671445
2024-11-08,646.610178002703,652.2393279191689,638.9565256475736,642.3636474609375,7886228
2024-11-11,639.4009463211488,649.4247258674258,630.759725879684,647.2026977539062,4933389
2024-11-12,659.6954186122705,665.1270425679105,640.0922180829166,643.5487060546875,12009560
2024-11-13,639.9441001327267,641.8205035492197,614.8104810583509,618.8101196289062,7867492
2024-11-14,622.1677993544196,628.5376245935589,617.3781189778713,619.5507202148438,6937416
2024-11-18,633.9199049501942,654.8562977227153,631.9447690074005,642.9561157226562,13618683
2024-11-19,643.0054987223236,647.4001883641525,629.7227573840529,632.0435180664062,5015887
2024-11-21,633.0310660992719,645.77071696907,626.4143486729145,639.993408203125,7910597
2024-11-22,644.832510923207,649.1284074345701,639.3515208056994,643.9930419921875,3586402
2024-11-25,651.8936205185902,654.7575918635329,646.313897417399,651.646728515625,5760810
2024-11-26,654.6588613344252,661.9174621350192,651.0542139686854,657.8190307617188,3604133
2024-11-27,658.9054269660222,661.4730798320444,651.9430841425184,652.8812255859375,2910507
2024-11-28,652.7824324065564,654.9057276663826,639.5489974121252,642.1660766601562,4686850
2024-11-29,644.3881007119126,650.4122412210486,641.0303455018714,648.0421142578125,3412007
2024-12-02,648.0421496380641,655.1526514687052,644.9312862507934,654.362548828125,2174126
2024-12-03,657.1277416242393,661.275478815768,648.832146688453,659.2509765625,3306465
2024-12-04,659.2510017699424,662.9050153998593,651.4492507899018,654.8069458007812,2785457
2024-12-05,655.7451926567476,665.5715069212607,650.5110939875026,662.510009765625,5156111
2024-12-06,665.0776879615656,668.0897583348528,658.9547542482344,661.8187255859375,2723680
2024-12-09,658.6584815994684,664.1394718771589,646.116356097593,662.5593872070312,5079369
2024-12-10,666.6083689242465,667.5959368782084,656.4364310537123,660.584228515625,3950822
2024-12-11,662.6581516934366,671.3487383488963,659.7448139339964,662.1643676757812,3418716
2024-12-12,666.6083849543003,671.3486991920355,653.7700012440694,660.38671875,6585440
2024-12-13,654.7575486414538,657.2758348501866,639.9440294414209,653.8687133789062,4198819
2024-12-16,653.0786895331539,658.3127877431442,643.9436857683075,645.3756713867188,2619582
2024-12-17,641.4254125015308,645.4744171688998,629.1795452577754,631.5003662109375,4800541
2024-12-18,633.9692999986994,634.0680326897633,620.4396061226844,625.1305541992188,3753662
2024-12-19,612.8847193400642,625.3774795199815,606.4655268933531,621.5259399414062,5198027
2024-12-20,621.5258981167573,632.6360381422712,612.9834710629603,614.9092407226562,5964142
2024-12-23,617.7731148734006,627.99447925233,617.7731148734006,626.2662353515625,2921238
2024-12-24,627.1056622666946,630.1670988695763,617.9706585250144,619.6495361328125,4830151
2024-12-26,622.1678095489563,625.5749310374734,618.9582137060451,620.933349609375,4476967
2024-12-27,620.9333596263629,624.9823641829628,608.0456097045002,609.7244873046875,3391148
2024-12-30,607.7493452099058,612.5883920362659,591.7013658991085,593.6270751953125,8023050
2024-12-31,593.9233928499087,598.3674486519159,590.0224873684294,594.9603271484375,3807525
2025-01-01,594.0221241242698,596.2441520199965,580.1961727730815,585.5784301757812,9217246
2025-01-02,587.5042180307521,593.0839409767984,581.2824915079323,591.55322265625,8525001
2025-01-03,591.5532269078764,592.2939029015006,582.6651149843858,583.8008422851562,6291674
2025-01-06,585.2327766792422,586.4672366876581,564.4938485378558,566.9627685546875,11202314
2025-01-07,565.9257945329321,581.0849985394776,564.9382265954254,577.2334594726562,5379682
2025-01-08,575.5052720785162,580.2949529350741,570.2711735511798,579.3568115234375,4077369
2025-01-09,572.789434563269,589.429931094776,571.4562418864701,581.9244384765625,7595188
2025-01-10,578.7148704672406,581.9244665918457,564.4938666045967,567.3084716796875,10613705
2025-01-13,564.4938396990432,566.8146606443462,555.0132110934036,556.741455078125,7689295
2025-01-14,562.815027086385,584.5908894224385,561.284248465901,583.553955078125,8506497
2025-01-15,586.6153542809474,588.7880157965199,579.2579610987505,584.19580078125,4390121
2025-01-16,588.5905347089101,599.4537828327323,583.2082769922882,595.1084594726562,4959410
2025-01-17,596.3429242119653,611.304603811601,596.194825174924,609.3294677734375,6414327
2025-01-20,609.3788489476912,614.2179564694935,604.638534396022,610.4652099609375,2995173
2025-01-21,618.2669119327091,620.5383061950982,605.8235796943236,607.304931640625,3529837
2025-01-22,607.3543267602018,607.7493780751458,597.82427134358,605.8236083984375,4426051
2025-01-23,603.4041057168041,608.5394718632856,599.6513590131199,600.6882934570312,6826419
2025-01-24,601.1327130594533,607.7000047426154,592.4421258559194,599.3551025390625,4608870
2025-01-27,592.590182110144,594.1209004955942,578.0729200686498,579.6036987304688,2919161
2025-01-28,582.7638615928349,584.2946402373157,561.2348909191919,566.7158813476562,6250865
2025-01-29,569.332947313732,580.5418199109231,564.4938400430166,576.8384399414062,4618198
2025-01-30,579.6037286648711,594.3678231990763,574.4683626077524,580.5418701171875,4604752
2025-01-31,582.6650909606655,588.9855499562082,577.035941585942,586.91162109375,3750965
2025-02-01,586.615428567325,587.998047964059,574.7646118285911,579.1593017578125,1740719
2025-02-03,567.8515927565871,569.431677425885,550.6678856652326,566.9133911132812,8169543
2025-02-04,573.2832468612022,588.4918187782315,572.9869885046616,576.6903686523438,5318376
2025-02-05,577.23348051824,596.9848399884962,577.23348051824,593.13330078125,3974704
2025-02-06,593.5777198355211,599.2562356967175,583.8995657273639,588.04736328125,3571342
2025-02-07,588.0473664868333,603.0089852368558,586.6153808587568,599.8488159179688,4687823
2025-02-10,597.4786888993026,598.5649896776616,582.1713836465105,588.590576171875,3434505
2025-02-11,586.6647724251095,599.4537903873287,584.2946453340451,588.4423828125,5303293
2025-02-12,591.6026278501597,597.4293034513046,579.0605015693635,591.4545288085938,3764143
2025-02-13,588.6398790995424,600.3919621057221,582.7638375964526,595.0097045898438,4415122
2025-02-14,601.4289357782702,608.3419120515837,587.6523495783216,598.6637573242188,11475440
2025-02-17,598.6637045639702,604.2928539457023,582.3194670134711,603.255859375,4470099
2025-02-18,601.4289569062558,606.0705389080973,594.219722023245,603.8485107421875,2956837
2025-02-19,599.4538037533065,620.538357418925,599.0093860774575,618.5138549804688,6101855
2025-02-20,619.2051685159867,636.1913510632464,617.2300324122674,630.8584594726562,6904537
2025-02-21,631.2534722597997,648.042128116303,630.0190122703509,645.425048828125,7490723
2025-02-24,634.0186545642296,639.8453298615816,628.3401385770889,633.919921875,5931712
2025-02-25,628.0932621504495,630.5128158602336,609.4282024193934,611.7490234375,10249548
2025-02-27,617.3287507657813,626.0193976413505,611.7983939143909,624.0936279296875,7263151
2025-02-28,622.1678483699422,628.6857731470801,611.7490178850525,626.4637451171875,13041185
2025-03-03,626.5625448345236,635.5000233957716,612.9834845055541,628.6364135742188,5368388
2025-03-04,620.1927072859984,635.8456360583862,616.3411679550446,633.6730346679688,4430660
2025-03-05,630.0683788761063,654.2637946793424,630.0683788761063,649.1777954101562,7876653
2025-03-06,656.6833889949494,679.0517692328922,653.6218918643733,673.4720458984375,10993614
2025-03-07,670.1636346900718,685.9647230201778,670.1636346900718,682.755126953125,8142832
2025-03-10,681.2244025731829,700.4819788057937,677.9654401890916,680.58251953125,10707412
2025-03-11,675.4965441201249,690.3100648245136,668.3860421267443,686.8535766601562,5262297
2025-03-12,691.2976436544758,693.2727797792029,675.2990289889124,681.2738037109375,5219333
2025-03-13,681.6194227224544,684.3352346310819,664.8801336303678,668.9291381835938,4877884
2025-03-17,669.8180062318172,678.9530103713591,669.4229549152358,672.2869262695312,4033068
2025-03-19,694.2603515775345,694.2603515775345,681.9157507315613,689.8656616210938,5462686
2025-03-20,693.7665233478166,701.0251240722965,688.9274160139182,697.1736450195312,4670064
2025-03-21,706.1111813320455,706.1111813320455,685.569777203115,686.7054443359375,7595841
2025-03-24,696.0873205782534,696.9761559397343,686.4585320264823,692.7789916992188,4296847
2025-03-25,691.742016515958,695.5934955437941,674.7558348886612,684.8290405273438,4552278
2025-03-26,686.3598245457746,693.6678525435736,681.9157681278523,682.705810546875,3646226
2025-03-27,682.3600976585461,689.2237070724453,680.6318537193238,684.730224609375,5002247
2025-03-28,681.9157309716677,688.7793408984161,670.8549568789099,673.9658203125,4362212
2025-04-01,663.6457274011299,674.6077086092613,653.7206805867888,655.498291015625,5131883
2025-04-02,660.3867405460353,660.6829988938532,644.6350187264017,652.97998046875,8357384
2025-04-03,649.8197809075043,649.8197809075043,639.5490490136156,644.5363159179688,5646497
2025-04-04,636.9813830314843,636.9813830314843,589.133699646171,592.491455078125,9393865
2025-04-07,552.0504955657166,562.9137432423228,539.6565295899525,554.815673828125,13117998
2025-04-08,567.85165368929,577.0853912517754,549.038493565815,561.2843017578125,8831753
2025-04-09,560.691783661538,560.691783661538,545.3351119018643,556.9884033203125,7009318
2025-04-11,577.727317833745,600.3920169732662,568.9379379476063,592.8370971679688,12562852
2025-04-15,605.3791476187098,611.6008135895347,598.811796702839,609.9219360351562,4871858
2025-04-16,610.4651850466074,611.6502184288837,594.5159376907036,602.3177490234375,4447732
2025-04-17,601.3301517946907,608.3418601632999,596.4910447055732,601.9226684570312,4518317
2025-04-21,603.8978093383396,617.1312441522932,599.5031198479797,614.2672729492188,2655716
2025-04-22,617.2299762650892,623.2047503800624,611.3539348357726,612.390869140625,4970919
2025-04-23,620.9334280181939,625.1305923427702,612.9835170586827,621.279052734375,4674766
2025-04-24,622.1678413923186,624.6861277426806,618.3163020731524,620.538330078125,3367773
2025-04-25,624.5380884846381,626.4144317026074,605.3298769479023,614.3660888671875,3925971
2025-04-28,614.7117220230963,623.6492004894851,614.6623556776977,620.8346557617188,3965901
2025-04-29,623.2048143790912,626.3650442373762,613.9217107485696,614.8104858398438,4528870
2025-04-30,614.8104095372479,624.6860889460106,607.3542836389048,616.8843383789062,5905186
2025-05-02,616.2424895296392,642.0179926253778,614.0698276715358,622.6616821289062,5494275
2025-05-05,627.3526115703148,633.6236446553138,621.7234615599823,625.525634765625,2552160
2025-05-06,631.0066036827478,634.7099837885512,619.6495713582843,622.2172241210938,2778131
2025-05-07,625.1305639186202,630.7597137532559,621.5259164932179,628.3895263671875,3587997
2025-05-08,627.8957217330385,628.3895057325575,607.4036857530016,612.4896850585938,5791783
2025-05-09,601.5276215490239,622.4640743988838,596.2441570628228,619.353271484375,3870212
2025-05-12,632.1916803394329,646.1163650515482,630.1177513702372,643.844970703125,5474816
2025-05-13,636.9813982921117,638.3145910617097,624.1430135203328,626.8588256835938,6025310
2025-05-14,627.5994551729113,644.8325285858043,626.1181031937464,642.4623413085938,4819584
2025-05-15,641.4254553849465,655.3995675535349,638.2652255356279,653.1281127929688,7133226
2025-05-16,651.3010747682766,654.7081963124815,646.2150756235279,649.3753051757812,2701320
2025-05-19,646.8570763978289,653.5231607729211,643.8943722311213,650.1654052734375,3320756
2025-05-20,659.6954130664136,662.6581170173107,647.4001796149175,654.5106811523438,7950974
2025-05-21,658.8065729521069,662.6581121706495,646.4619732469905,654.757568359375,8623519
2025-05-22,654.7575943456196,655.4489040118162,634.5124500257324,641.4747924804688,6784976
2025-05-23,644.8819156984381,647.4002020888474,634.6111842015756,642.0179443359375,3448707
2025-05-26,646.8570420008052,661.3743037009822,645.1781643403388,653.2268676757812,6826417
2025-05-27,653.177539794163,657.4240704020874,648.3384321836907,651.2517700195312,4223074
2025-05-28,651.2517696226427,653.7700561219167,639.8453705779045,641.869873046875,3546275
2025-05-29,641.869884139672,645.4251051087506,637.0801427971286,641.9192504882812,4545776
2025-05-30,639.7465389718514,642.8080359406728,624.2911359225212,625.6243286132812,9054009
2025-06-02,621.1309153233964,627.8463657726513,610.317033499801,623.254150390625,8397065
2025-06-03,628.0932775569868,632.9323850952537,621.7728179490099,624.1430053710938,3783426
2025-06-04,626.2168852825018,632.932396338913,622.8098236827408,627.9451293945312,3066925
2025-06-05,630.0684348488378,633.4261904303679,625.6243784901861,629.3277587890625,3565664
2025-06-06,629.3277310356365,643.1536835417156,627.2044356473695,642.0673828125,5492102
2025-06-09,645.2769414261961,646.4619747796041,641.1785102038348,642.709228515625,2822003
2025-06-10,645.6719826758717,655.2514048701671,644.0425315500049,650.1654052734375,5693888
2025-06-11,652.2886637725892,654.6588510823098,645.9682044642459,647.0545654296875,3928464
2025-06-12,647.8445892363438,653.5231050718758,640.1415711147214,642.9561157226562,6539340
2025-06-13,627.1057162591744,639.9441010014882,627.1057162591744,633.8211669921875,4543933
2025-06-16,633.8210910199184,642.9560944531461,628.0932090305727,641.5241088867188,3422978
2025-06-17,641.0798059324577,642.3142659606136,629.6733470512025,633.722412109375,4199339
2025-06-18,630.0683648630423,640.8328798466405,630.0683648630423,637.3269653320312,3412544
2025-06-19,635.0062202853896,636.6850979308422,627.1550426760434,633.376708984375,4392425
2025-06-20,633.3766945487508,646.3632374873469,630.660882626535,641.0797729492188,7166880
2025-06-23,635.9937831626029,657.7202788607042,632.1916705259816,653.177490234375,6080547
2025-06-24,660.4854869805093,665.6208527962289,656.4364821645518,661.0780639648438,5510353
2025-06-25,668.534189160027,668.534189160027,660.1398609151191,664.2876586914062,5533268
2025-06-26,665.7195926476951,684.3846527421189,664.337033555452,682.0144653320312,8196123
2025-06-27,686.3597812309471,691.3469877299412,682.7551338088988,688.6805419921875,5666934
2025-06-30,691.2976470213063,691.2976470213063,682.8539521022489,684.2365112304688,4919088
2025-07-01,683.7921139787726,690.9025554270186,675.842143280152,685.66845703125,5468762
2025-07-02,687.051071778047,696.976118153439,685.0265694270654,689.6680908203125,4566893
2025-07-03,692.2852150884796,699.2969242548614,683.199576815211,684.2365112304688,4216075
2025-07-04,683.3970618481719,692.0382819221192,680.8294091367461,690.7544555664062,2680991
2025-07-07,690.7544495388153,690.7544495388153,679.5455165748848,683.4957885742188,2481724
2025-07-08,683.4957911441475,687.6435888143172,674.607679112227,677.0765991210938,3923236
2025-07-09,683.3970626871208,683.3970626871208,655.8438911069629,665.5714721679688,6703774
2025-07-10,666.6084095334736,671.0524655970302,664.188855843597,666.6577758789062,3641238
2025-07-11,664.6332670023093,667.645337360642,653.3256012959563,662.6087646484375,4450346
2025-07-14,662.6581675936562,672.0894305018983,656.7327592396146,658.214111328125,4338084
2025-07-15,661.6706010241279,665.8677652843555,654.6588918999429,662.510009765625,4815703
2025-07-16,659.6954585999016,662.2631114240237,655.7451863927165,658.4609985351562,4497141
2025-07-17,661.6705183676871,669.5710618705848,660.0904337776528,666.1639404296875,4022119
2025-07-18,668.08970903416,670.8548872010539,662.6580853834757,667.4971923828125,3400654
2025-07-21,670.5586330413951,678.6073358843225,670.5586330413951,674.212646484375,4912558
2025-07-22,674.7064965177776,683.8908672281672,674.7064965177776,681.4713134765625,3802270
2025-07-23,683.3970664156216,687.3473384758274,681.0268790689507,686.7548217773438,3640968
2025-07-24,688.3349509639186,695.6429788580153,683.0020592275374,686.9523315429688,4593102
2025-07-25,688.3348948662962,690.112505208095,679.3974165362898,684.8290405273438,5220901
2025-07-28,684.8290331774136,685.3228171713008,674.31140999707,680.7799682617188,5031797
2025-07-29,677.5703938141746,686.359773294974,676.4840931036795,684.08837890625,2985507
2025-07-30,680.5825624331931,688.8780980905002,676.2866051446775,680.2368774414062,2829322
2025-07-31,668.6823076120693,683.6933541411047,666.5590724543005,674.558349609375,6136890
2025-08-01,671.5462756665104,674.8052381843238,662.5100038760378,664.0901489257812,3475656
2025-08-04,667.5959552605301,680.2368133640363,663.4481576844075,679.1505126953125,2286286
2025-08-05,683.39709095651,683.39709095651,673.6695697694836,678.5579833984375,3302614
2025-08-06,683.3970729860537,683.3970729860537,674.8545854631805,676.3359375,2498667
2025-08-07,673.4226109134614,681.3231545333813,665.9664246510707,678.2616577148438,3417324
2025-08-08,680.4502834970735,682.8378526388115,665.5778565313439,669.2586669921875,3471816
2025-08-11,670.2534468287026,679.9031189860951,663.7871798092049,669.3580932617188,3235082
2025-08-12,654.5852349727745,674.2327401258327,654.0878297790263,663.5882568359375,12238878
2025-08-13,669.507340425087,701.2915420584875,667.4679914277997,696.8646240234375,13151356
2025-08-14,697.3620663409351,698.7050360472392,684.429531587109,691.6419067382812,4179259
2025-08-18,696.3672566802791,715.2686536473152,693.4822823295268,710.44384765625,7211389
2025-08-19,710.2945739513842,711.4386301155581,701.888414538951,703.032470703125,5641195
2025-08-20,697.362075434004,702.2366705767544,694.4273726733037,697.2128295898438,5358070
2025-08-21,697.411768940391,705.3205231989257,696.8646354031698,703.6293334960938,3231092
2025-08-22,704.3257384348045,705.9174107314756,697.9091994367385,700.5454711914062,5623045
2025-08-25,704.3257119461114,717.1587894596097,703.8780351550073,712.1349487304688,4539337
2025-08-26,710.2945722475216,710.2945722475216,697.6107406002444,702.0376586914062,5229246
2025-08-28,697.1630871194591,703.3309234860733,694.4770870077265,697.760009765625,5620555
2025-08-29,697.3620502748641,705.0718304312553,693.3828089038235,700.2967529296875,5335149
2025-09-01,700.8438670437796,717.2582372442372,698.7547896692644,715.865478515625,3771744
2025-09-02,716.2634751222164,722.33179416575,710.4935870496355,717.2085571289062,4660894
2025-09-03,721.2375024573848,740.1388990735095,719.3473385084104,739.0943603515625,8986550
2025-09-04,740.1886515121763,741.1337335173899,733.3742246927013,735.214599609375,3763325
2025-09-05,734.1700534012493,742.7751873931117,734.1700534012493,739.93994140625,2778157
2025-09-08,741.1337023120241,745.9585081672305,733.5731680254645,734.9161376953125,2703395
2025-09-09,736.856021834706,746.6548792747059,735.1648321340186,739.0446166992188,3393363
2025-09-10,741.133709818763,745.9087873490821,737.2041967975194,739.2933349609375,3351988
2025-09-11,738.1492474508896,744.0683809184687,734.1700062247393,738.7958984375,3756027
2025-09-12,745.0134886084255,755.6579106816326,741.2829498299451,754.115966796875,5698959
2025-09-15,754.2154770578222,759.4382312978076,748.6942311436859,749.7388305664062,2554957
2025-09-16,750.4849725635102,753.3698862252562,745.2622180851833,752.0269165039062,2662690
2025-09-17,752.0766196693507,755.7574300839002,740.536843972368,746.2072143554688,4182521
2025-09-18,742.4766910840257,747.5502603728359,732.4291306922818,746.2570190429688,4915450
2025-09-19,748.0973668827162,752.8724443148825,735.1648326147969,739.4425048828125,5132517
2025-09-22,739.4425090363038,748.594776251767,737.7015909519974,741.830078125,2232330
2025-09-23,741.1336991460315,748.3460740706071,735.8114881442237,742.029052734375,3783529
2025-09-24,740.1388651340051,745.063188275553,733.871572371309,737.2041625976562,2415165
2025-09-25,742.1284937949844,765.1085877471194,736.2093602865851,741.7803344726562,4702510
2025-09-26,742.0290337315025,745.6103265563535,728.1514177780007,739.9896240234375,3636265
2025-09-29,741.133681892825,754.862052044609,740.9844360587741,749.8880004882812,4347158
2025-09-30,756.0061069198739,765.7055074384184,754.1159430442837,757.9957275390625,4718308
2025-10-01,757.946005939761,765.4070833283854,751.3802214067294,761.9749755859375,3663841
2025-10-03,762.02472770584,786.4970380158195,760.1345637544555,776.3002319335938,6522416
2025-10-06,777.9914003899243,780.8763746118773,770.3313487647414,772.669189453125,3544658
2025-10-07,766.9987738912934,776.6981747284401,761.9252654330708,763.8153686523438,4918764
2025-10-08,766.003964345363,777.4442832933781,762.1739688109981,764.2133178710938,6393179
2025-10-09,766.2526461709643,775.952046755407,765.2578358546112,770.0826416015625,6806889
2025-10-10,770.4806052207987,771.7241181407807,760.3335276500653,769.9334716796875,4365229
2025-10-13,768.2422909635083,770.5800709930958,763.218510851617,766.2029418945312,3077938
2025-10-14,772.0225719448762,777.4940289547171,750.5346923390451,756.1553344726562,3510594
2025-10-15,761.0299212424865,764.7107316980594,755.4092184518302,760.2838134765625,5690264
2025-10-16,761.1293587309847,776.7976214189196,759.5376864913179,776.051513671875,4180590
2025-10-17,775.9520753967423,777.8919677289152,762.0247304537239,768.7894287109375,3254932
2025-10-20,770.281651283456,785.3530525576724,768.0433279685767,782.2691040039062,4845432
2025-10-21,786.8949943396979,787.8400763248742,778.4391062842144,780.8764038085938,457667
2025-10-23,787.392366153619,795.6990080158254,779.931288773768,788.2877197265625,5916416
2025-10-24,807.1393349963821,822.2107357466126,807.1393349963821,820.17138671875,16905398
2025-10-27,830.5671940213568,840.7142111207091,822.708167888386,836.4862670898438,7308067
2025-10-28,833.651065119,855.4374358575624,832.6562547787626,844.5442504882812,8010504
2025-10-29,849.56801223198,854.3928179906668,845.1410941697603,851.8063354492188,5663683
2025-10-30,847.6778869447647,859.516154564673,843.6986454884468,856.8798828125,4704178
2025-10-31,852.5027620048522,856.1337834383199,841.3111452991656,843.449951171875,4138495
2025-11-03,843.4499350261364,851.5576637050832,838.2271806634592,842.8033447265625,4885067
2025-11-04,837.1826154997383,842.6043439058593,824.9464606658015,827.0853271484375,4673187
2025-11-06,783.9105232688397,790.8741954298573,766.1531835456059,784.3084716796875,34786635
2025-11-07,784.4079318210144,798.4347329473201,778.9364750993713,786.298095703125,13189011
2025-11-10,787.8898205067395,795.7488467915811,779.7820916270409,781.1251220703125,5914226
2025-11-11,786.6960345467713,790.5758193071902,774.061930606215,789.6307373046875,5411465
2025-11-12,793.8586366203243,804.8015501576972,787.6410721104534,790.27734375,7589035
2025-11-13,798.8327024099622,812.2626419897063,794.853461053001,807.7362670898438,5854638
2025-11-14,802.8119605358912,808.2834175159995,791.8690465756746,799.4793701171875,4113598
2025-11-17,796.8430738276206,804.8015564626031,795.5995609159046,802.961181640625,2770547
2025-11-18,800.3248930018485,800.3248930018485,784.2586822359543,793.0130615234375,7299555
2025-11-19,793.0131123290018,794.6545130117618,785.9001938818227,786.8452758789062,3005726
2025-11-20,795.6492919921875,798.4845378715761,785.2037834982808,795.6492919921875,6016713
2025-11-21,781.9209150140596,782.915725338505,772.2215143507173,773.6640014648438,5099356
2025-11-24,778.7872793289849,784.0100338081136,767.8443651822392,770.6298828125,5666985
2025-11-25,773.9127382699147,787.641109210676,768.6402554608753,785.2535400390625,6090783
2025-11-26,786.0494103688002,798.8326988842563,783.1147077373129,796.6441040039062,3842280
2025-11-27,803.7072898707509,809.7258802233932,796.2959407687878,803.3590698242188,4481695
2025-11-28,807.9849791036094,810.7704359423068,803.0109273493621,804.2047119140625,3200488
2025-12-01,813.7051424505047,813.7051424505047,804.0057414840745,806.5922241210938,2064678
2025-12-02,806.7912070338888,809.2782329495296,798.4347756699731,802.6627197265625,4237151
2025-12-03,806.5922028567913,815.3465216109944,796.7933454004989,812.0636596679688,4948661
2025-12-04,819.7237329577879,821.9620562577334,804.8015776248185,806.5922241210938,3381601
2025-12-05,807.3383071508871,827.5827336967028,803.8067426406393,818.9776000976562,4273147
2025-12-08,821.5143478876886,829.1743994746262,813.0087318184022,815.1973266601562,4354685
2025-12-09,814.7496541291194,815.1476025454816,798.9321457139766,808.6813354492188,3394966
2025-12-10,811.8149814070549,827.4335161887442,809.3776838835572,817.4854125976562,5280811
2025-12-11,821.7133608023012,826.5879558740841,816.8885548234515,820.0718994140625,3098584
2025-12-12,826.4884085964972,850.5628306847041,826.2894343871591,847.6778564453125,8178645
2025-12-15,847.5287101356581,851.8063825994838,840.9131968622673,843.449951171875,2521938
2025-12-16,840.61471765618,840.61471765618,826.836619056514,832.8054809570312,2713249
2025-12-17,839.6696703318439,847.4789680713794,835.7401572749724,844.39501953125,3270389
2025-12-18,845.5887869150658,857.4767825924349,843.101761071198,852.2540283203125,4174631
2025-12-19,853.5472923601177,859.914102977439,843.1515119120504,847.5784301757812,4939377
2025-12-22,855.5369184160693,867.8228022013096,852.8011898978784,860.0632934570312,4865457
2025-12-23,866.4798004962512,867.2756366193867,856.3824513236576,859.3668823242188,5452783
2025-12-24,861.4560216547013,877.721146343037,857.675754525743,859.9638061523438,3683590
2025-12-26,860.7596715093437,870.2103700119022,856.5317274424096,868.3699951171875,2334952
2025-12-29,881.4019419763819,882.8444290815363,856.4322272754732,860.5109252929688,9836341
2025-12-30,863.4953732294697,883.6900109435749,859.3668860401467,879.5615844726562,15280248
2025-12-31,881.7998966827927,885.3811895667124,874.8859527778887,882.0983276367188,3539118
2026-01-01,883.4910546091778,891.3003523501388,877.8704125177965,890.3055419921875,2566505
2026-01-02,893.3396767609288,922.4876072999821,891.8971896380683,920.8959350585938,5357771
2026-01-05,927.6606432582619,933.0326433886206,921.0451302012835,926.8648071289062,5278463
2026-01-06,931.142481738359,965.7618695567453,931.142481738359,937.3600463867188,10369133
2026-01-07,946.1143589087,949.6459234615503,930.2471218890552,933.5797729492188,6555117
2026-01-08,929.2026180802362,929.3518639237614,893.9365781634829,899.2588500976562,6266789
2026-01-09,897.3189528062318,903.7354918297359,889.3604698545136,896.2744140625,4320582
2026-01-12,905.2276782784996,917.1654023222578,892.3448722709296,915.374755859375,6884726
2026-01-13,922.5871422904257,933.0326509587804,918.1602240920611,931.44091796875,6868939
2026-01-14,936.1165247954091,954.0231108170003,931.8885808736445,950.3920288085938,7050653
2026-01-16,961.4841842447346,961.4841842447346,925.1736071884151,929.7994995117188,4037987
2026-01-19,933.6295343010171,941.886448246519,923.6317022041814,935.072021484375,4007683
2026-01-20,939.5983610406162,944.9205720434263,920.8959388935998,923.283447265625,5709976
2026-01-21,923.9300866891567,939.2501899375012,921.592306719485,934.3258666992188,5590031
2026-01-22,940.0957785670798,946.462589079658,929.302110582005,939.5486450195312,6165965
2026-01-23,950.0439070336226,958.8977436483143,943.5776396035509,945.3682861328125,5958887
2026-01-27,979.8881594268654,979.8881594268654,945.8159061676064,956.8582763671875,10009735
2026-01-28,966.0105887707211,1002.6693869995049,958.0521058838304,993.0197143554688,12615677
2026-01-29,1005.0071641877512,1024.4557552617289,1003.3159744354394,1018.735595703125,14615261
2026-01-30,994.8103630165241,994.8103630165241,950.5910302367585,957.6044311523438,11977092
2026-02-02,900.9997362424727,931.8885851270214,892.8422793183898,925.6710205078125,9659915
2026-02-03,945.069802611676,967.502763151041,940.2947252263714,950.34228515625,10099249
2026-02-04,953.9733986336938,965.7618770106069,950.4915624037391,959.9422607421875,4388355
2026-02-05,938.255388611682,938.255388611682,918.9063155168184,930.5953369140625,4580529
2026-02-06,921.1943487486254,939.1009343614497,917.2151075013312,937.658447265625,3830296
2026-02-09,955.5153109150165,965.6623883073522,943.3786128856897,959.245849609375,5294536
2026-02-10,965.2147348117335,971.5815452911027,950.043877088591,963.8717651367188,4101779
2026-02-11,964.9660425404197,966.9556632466886,945.219081318063,960.9370727539062,6275356
2026-02-12,945.0698480386666,961.5339474581853,939.051257465891,959.3951416015625,4557796
2026-02-13,918.7570709761302,927.8098814382379,896.3241101087648,904.2825927734375,10170485
2026-02-16,890.355260655997,905.5758468229716,884.8838037469378,902.7406616210938,6943209
2026-02-17,888.2661693586269,894.2350313481303,876.4279021254168,885.4806518554688,7099432
2026-02-18,888.3656263438934,902.2929709898223,886.7241650089759,894.5831909179688,3909665
2026-02-19,905.8742748344301,915.7229215260372,895.6277404363206,900.9500122070312,3522571
2026-02-20,902.7903912061889,932.8336758726543,896.4235806888328,930.8440551757812,5855696
2026-02-23,941.985941241312,941.985941241312,902.9396351472761,911.4452514648438,4932242
2026-02-24,915.7229498873477,922.1892173227283,903.337548578976,918.0607299804688,5179022
2026-02-25,931.1424585512439,941.0905617408939,923.6813811590064,932.5352172851562,5288850
2026-02-26,937.1113574217629,938.2056245284176,926.3674176969142,936.4149780273438,3075442
2026-02-27,934.0771702301458,938.4542992451661,917.8119849256665,919.901123046875,5418634
2026-03-02,896.4235582295727,940.4937041358904,891.4495066120112,935.1217041015625,5573300
2026-03-04,923.1840106693003,940.5931919049822,907.2670449681054,917.0161743164062,7575786
2026-03-05,925.1736106472871,978.3959635178568,921.5923177321431,949.994140625,16533658
2026-03-06,950.0438604643051,966.6074766644736,938.2553823993085,953.9236450195312,8295000
2026-03-09,935.1216977839334,951.287365431794,920.44824561126,940.4439086914062,7016889
2026-03-10,951.0386971577881,954.7692359803212,928.5062183823256,951.6355590820312,4839199
2026-03-11,954.968183801196,973.819851607057,947.5568347349167,954.12255859375,4456510
2026-03-12,962.9764280621616,966.9556695004351,929.6005526423247,964.7173461914062,4664967
2026-03-13,961.9816101115346,963.1256663033727,899.6069889151202,905.3271484375,10347187
2026-03-16,902.1437314515595,938.2553953246486,896.6225462149117,916.3695678710938,10755610
2026-03-17,924.0793434474283,937.1113345341616,911.5944251822551,931.7891235351562,4862641
2026-03-18,928.0585785538337,933.5300353535611,918.2099320269631,928.207763671875,3906519
2026-03-19,907.2670188273779,928.2077640809738,887.5200581106567,892.3945922851562,4733569
2026-03-20,880.3574345876676,902.7903959183205,865.4850076572329,869.7129516601562,10063637
2026-03-23,850.5628570947077,852.900637151407,831.6117318961033,835.889404296875,11372786
2026-03-24,844.593958073173,860.013517967324,839.1225013365388,850.2146606445312,3526970
2026-03-25,861.5057571120553,870.2600759875269,857.8249466989579,864.1420288085938,4491373
2026-03-27,855.5369069028318,868.4197131678985,850.3141525292971,862.2021484375,4104597
2026-03-30,871.4538865926856,908.2618703871256,871.4538865926856,879.8600463867188,12727309
2026-04-01,904.2825852242021,917.7125246087198,895.4287490463066,899.9053955078125,7777034
2026-04-02,894.2847879806206,916.1706159670633,880.2081970565234,911.4949951171875,7698211
2026-04-06,912.4400350691286,930.8937543092978,912.4400350691286,922.6368408203125,5555538
2026-04-07,929.1031078794174,959.8924993400004,928.1082975622315,949.5464477539062,11877733
2026-04-08,969.9400857660024,971.9297064547532,942.433555456661,946.8604736328125,8174489
2026-04-09,954.0231308158022,984.7130059921184,947.3081609169423,980.5348510742188,9386595
2026-04-10,990.1844274845286,990.3834016921609,973.5711437192797,986.9512939453125,6013190
2026-04-13,972.9742435612111,983.469480533308,960.5888426505694,973.1732177734375,4754347
2026-04-15,1030.6235093696762,1032.613130044135,996.8994146502373,1006.200927734375,11075349
2026-04-16,1011.6226580995581,1043.257554020271,1007.7428734897775,1034.5032958984375,10942179
2026-04-17,1031.1208843859029,1035.348828195493,1019.6805658423064,1033.60791015625,4301884
2026-04-20,1025.6494640809683,1028.6338951112718,1006.1512056370141,1009.981201171875,4286182
2026-04-21,1012.7169403814414,1017.8899663659707,1006.1512163323424,1016.3480224609375,3002043
2026-04-22,1024.6546492541668,1037.9353429935459,1011.7221148461044,1034.5032958984375,4474181
2026-04-23,1034.3540065227644,1043.556001771945,1025.7986622541302,1035.9456787109375,4370028
2026-04-24,1025.6494882501718,1048.5301266883423,1022.217441059171,1042.909423828125,4526003
2026-04-27,1052.8575042993702,1060.965232898143,1046.5404828962462,1056.2896728515625,4241483
2026-04-28,1054.4990163244463,1074.0967324870708,1049.6742102069288,1068.724853515625,7798496
2026-04-29,1072.4054987919935,1074.3951193834444,1047.5352413988583,1061.6614990234375,3710080
2026-04-30,1053.0067716683036,1058.3289828352874,1025.0526246907825,1032.6131591796875,4392857
2026-05-04,1037.8856796444354,1043.9539984506468,1029.1313000494742,1037.2886962890625,3349359
2026-05-05,1030.9220269147952,1053.50417356184,1025.7489401693074,1049.2264404296875,4580696
2026-05-06,1062.258507692142,1068.1277914275,1036.9903012905436,1040.3726806640625,5336857
2026-05-07,1042.5612006252331,1055.3942778592216,1031.220338850155,1050.22119140625,4290514
2026-05-08,1042.9592219707852,1052.509377288307,1029.9272303389826,1038.97998046875,3065690
2026-05-11,1025.7489500655872,1036.9903558415424,1016.7956567194748,1018.1884155273438,3746752
2026-05-12,1021.869104103305,1049.1269309445777,1019.6805699912169,1035.9954833984375,4323348
2026-05-13,1042.5612893428213,1076.782791066628,1041.566478952227,1067.531005859375,5341453
2026-05-14,1078.2749951610976,1099.265469891574,1075.2905640211206,1097.5743408203125,4920811
2026-05-15,1095.4851443135208,1095.4851443135208,1052.1114359365833,1061.9600830078125,6800905
2026-05-18,1044.5508777969617,1054.498981395028,1038.582015638122,1047.634765625,4023849
2026-05-19,1047.0378961171557,1047.9332497218627,1031.717792399671,1042.8597412109375,3674289
2026-05-20,1033.0110364577315,1084.3432234839215,1033.0110364577315,1079.8665771484375,11945517
2026-05-21,1092.9981093995539,1105.1348688251135,1083.646989032887,1093.5950927734375,4584559
2026-05-22,1093.296586411192,1109.2135521824198,1087.1288107495661,1103.443603515625,4136312
2026-05-25,1104.239484507139,1113.9886744766106,1075.5888979560136,1093.8934326171875,7677225
2026-05-26,1096.280948162697,1112.1979129273097,1088.9193276717028,1098.0716552734375,5880899
2026-05-27,1112.496450935139,1148.0111314709106,1112.496450935139,1143.7333984375,7559470
2026-05-29,1169.8969824893504,1169.8969824893504,1116.1772230893291,1120.852783203125,11987286
2026-06-01,1124.1356699213757,1144.0318764686567,1121.3501524300334,1135.3770751953125,6934532
2026-06-02,1135.078652658168,1154.9748604172946,1130.502549160932,1140.3511962890625,5325199
2026-06-03,1149.0059238773879,1153.8805187508958,1120.7532863968509,1132.989501953125,4865978
2026-06-04,1128.1149764421427,1131.1988643478755,1115.5803898801485,1119.758544921875,3868557
2026-06-05,1120.753362884573,1126.4238549787588,1084.4427835913227,1086.9298095703125,4546693
2026-06-08,1055.493715918352,1073.0023527056032,1045.346699552105,1056.886474609375,4879594
2026-06-09,1068.4263651933045,1076.8822535584286,1048.331243770913,1071.1123046875,5880133
2026-06-10,1061.3632368095004,1061.3632368095004,1028.8328639666497,1033.906494140625,8048339
2026-06-11,1024.4557096552096,1033.2099675539614,1017.4919767406876,1018.9842529296875,6664493
2026-06-12,1039.5768039874074,1043.556045342383,1010.0309247830317,1016.2982177734375,9388824
2026-06-15,1033.8068737834299,1034.3042789616236,1005.8527270562961,1008.6382446289062,8474101
2026-06-16,984.862231031232,984.862231031232,964.9660243437323,977.3016967773438,11200461
2026-06-17,979.888191335612,1006.3501222660442,966.159820697129,1002.6693725585938,10853418
2026-06-18,1000.7792094830659,1012.1200717307727,993.8155370512751,1003.2662353515625,6184717
2026-06-19,992.8206990157024,1011.523120881536,980.087139067799,1004.7584228515625,6013455
2026-06-22,1008.7376712987868,1012.8163693509964,998.3916196134891,1008.9366455078125,4244908
2026-06-23,993.8155313197628,993.8155313197628,972.9245141448729,981.6788330078125,7191224
2026-06-24,966.9556350775039,983.3700054260418,965.2644453827617,971.53173828125,5029316
2026-06-25,959.9919848136951,965.8613901481046,945.2688038224096,948.2532348632812,12155741
2026-06-29,947.1589243576767,968.4478904589283,947.0594676085257,958.7982177734375,9499504
2026-06-30,952.0335075104636,961.5836626087863,943.8760504748434,951.6355590820312,8514541
2026-07-01,946.9600017036402,955.2666438848419,932.6347082968385,934.8233032226562,5637215
2026-07-02,937.1610685984608,957.5049521939509,937.1610685984608,944.2739868164062,3505234
2026-07-03,959.9919848136951,973.8198729237622,946.1143683299613,948.2532348632812,3352734
2026-07-06,955.8634822090474,976.5057965763269,949.0490557293795,975.3120727539062,4642287
2026-07-07,965.3639815261125,973.8695978185315,957.9029039505863,964.4686279296875,4411767
2026-07-08,957.0572672965081,974.814668145208,957.0572672965081,966.6074829101562,6547101
2026-07-09,966.6571973235631,968.8955205371627,949.6956935597445,958.4500122070312,6043658
2026-07-10,976.0,985.5999755859375,964.7000122070312,967.4500122070312,5859033
2026-07-13,963.0999755859375,971.7000122070312,956.4500122070312,966.8499755859375,4070887
2026-07-14,964.0,998.0,964.0,974.2999877929688,8061017
2026-07-15,972.0,976.0,953.0,955.7999877929688,5279138
2026-07-16,972.4000244140625,972.4000244140625,957.2000122070312,959.2999877929688,3388958
2026-07-17,955.0,959.0999755859375,939.5,944.1500244140625,4222686
2026-07-20,944.3499755859375,957.75,944.1500244140625,947.7999877929688,3996887
2026-07-21,944.1500244140625,956.2999877929688,941.0,951.4000244140625,4965762
2026-07-22,955.0,961.9500122070312,945.2000122070312,950.0,4055709
2026-07-23,950.0,964.0,947.5499877929688,955.6500244140625,4722307
2026-07-24,947.5999755859375,950.9000244140625,939.7000122070312,942.7999877929688,4494329
2026-07-27,944.4500122070312,951.25,943.0499877929688,945.25,2035425
2026-07-28,945.0,947.9000244140625,935.0999755859375,936.4000244140625,3835947
2026-07-29,940.0,964.7999877929688,938.1500244140625,962.4500122070312,2939377
2026-07-30,968.0,973.0499877929688,960.5999755859375,970.4000244140625,4259226
2026-07-31,979.7999877929688,988.0,971.0499877929688,974.4500122070312,5579336
2026-08-03,990.0,994.9000244140625,981.3499755859375,994.9000244140625,5617219
2026-08-04,995.0,1020.0,993.0999755859375,1020.0,7690755
2026-08-05,1028.5,1040.0,1011.2999877929688,1040.0,5041671
2026-08-06,1044.0,1044.0,1016.0,1027.0,6345953
2026-08-07,1017.0,1059.5999755859375,1017.0,1059.5999755859375,9284747
2026-08-10,1065.0,1068.3499755859375,1040.449951171875,1054.050048828125,7055761
2026-08-11,1053.4000244140625,1068.75,1049.0999755859375,1049.0999755859375,4831839
2026-08-12,1063.199951171875,1087.949951171875,1056.9000244140625,1078.5,8786842
2026-08-13,1072.300048828125,1073.0,1040.0,1046.25,4983399
2026-08-14,1035.800048828125,1036.800048828125,1021.3499755859375,1029.5,3423326
2026-08-17,1033.0,1060.0,1032.699951171875,1049.9000244140625,3062996
2026-08-18,1048.949951171875,1050.5999755859375,1038.0,1041.5999755859375,2525385
2026-08-19,1030.5999755859375,1039.199951171875,1025.550048828125,1038.949951171875,2125136
2026-08-20,1044.0,1048.0,1013.0,1029.8499755859375,4321761
2026-08-21,1029.800048828125,1040.449951171875,1024.5999755859375,1034.0,2644211
2026-08-24,1047.949951171875,1058.5,1043.300048828125,1058.5,4052159
2026-08-25,1055.0,1057.0,1040.449951171875,1051.050048828125,3495294
2026-08-26,1052.6500244140625,1059.5,1039.1500244140625,1053.0,2289903
2026-08-27,1060.5,1061.800048828125,1020.0499877929688,1024.0,3635432
2026-08-28,1030.0,1037.4000244140625,1025.949951171875,1037.4000244140625,1687987
2026-08-31,1029.9000244140625,1029.9000244140625,1005.4000244140625,1015.4500122070312,5759006
2026-09-01,1023.0,1033.9000244140625,1010.0,1014.4000244140625,2765114
2026-09-02,1004.0,1011.2000122070312,998.2000122070312,1009.7000122070312,1902917
2026-09-03,1014.5,1022.5,1002.0999755859375,1010.0,1459349
2026-09-04,1012.9000244140625,1020.7999877929688,1005.0,1011.0,3682428
2026-09-07,1011.0999755859375,1014.7999877929688,999.7999877929688,1006.0,1848438
2026-09-08,1014.0,1024.699951171875,1007.5,1009.0,3094146
2026-09-09,1013.9000244140625,1032.4000244140625,1010.7000122070312,1026.9000244140625,3255790
2026-09-10,1027.5,1029.5,1007.7999877929688,1014.0,2172772
2026-09-11,990.0,992.7999877929688,973.0999755859375,981.5,4754493
2026-09-15,980.0999755859375,981.0,958.7000122070312,958.7000122070312,2245506
2026-09-16,956.4000244140625,978.5,956.4000244140625,972.7000122070312,3439776
2026-09-17,972.0,987.2000122070312,970.5,980.5,2724042
2026-09-18,982.9000244140625,999.2999877929688,979.4000244140625,986.5,8310236
2026-09-21,987.0,993.5,976.0,981.2000122070312,3348127
2026-09-22,987.0,987.5,967.0999755859375,973.0,3336085
2026-09-23,979.5,1003.7999877929688,978.2000122070312,1003.7999877929688,5158521
2026-09-24,983.5,991.9000244140625,976.5,982.0,4331000
2026-09-25,979.2000122070312,983.4000244140625,971.2000122070312,977.0,2469481
2026-09-28,972.0,972.9000244140625,951.0999755859375,955.9000244140625,3354458
2026-09-29,955.9000244140625,963.5,947.0999755859375,955.2000122070312,5092531
2026-09-30,950.2000122070312,956.7999877929688,941.0999755859375,941.7999877929688,4420021
