Date,open,high,low,close,volume
2021-01-01,1083.899961941162,1090.448664611065,1082.0904672170202,1086.09716796875,4253550
2021-01-04,1093.4646501620718,1111.5598098574253,1086.700528170064,1110.0518798828125,7208454
2021-01-05,1104.6664299105278,1119.3148927096533,1098.6778357224719,1114.834228515625,8145280
2021-01-06,1120.17655398767,1121.8999025322664,1092.6461030616813,1104.7525634765625,7161715
2021-01-07,1116.7297849912563,1118.151568485968,1081.8319792102795,1087.5621337890625,10954918
2021-01-08,1101.435011419496,1134.6525928560131,1101.435011419496,1130.6026611328125,13186251
2021-01-11,1156.452988712158,1191.997051488517,1154.6434938259667,1185.8360595703125,20528626
2021-01-12,1187.3868054250388,1187.3868054250388,1171.8766729884271,1182.0013427734375,8309868
2021-01-13,1183.8110536129677,1200.139842468759,1171.8768872321662,1195.2713623046875,14442997
2021-01-14,1171.8769809148123,1192.5571629309559,1136.0743737254254,1180.924560546875,27521697
2021-01-15,1171.8769303937345,1175.7113385699836,1154.6434461232384,1158.90869140625,15018441
2021-01-18,1152.919971634621,1154.643319873238,1125.3463998167526,1130.5595703125,8861765
2021-01-19,1137.4099028583078,1146.8883187154604,1130.5165095076513,1134.5233154296875,5585744
2021-01-20,1137.883875806407,1161.8814805840243,1137.883875806407,1154.16943359375,8225838
2021-01-21,1163.2600510513976,1172.7815920617124,1150.3349393730487,1154.384765625,6142421
2021-01-22,1143.441808415928,1168.4303633850782,1143.0540970506927,1155.3759765625,9646591
2021-01-25,1158.951780705668,1161.4506568831903,1131.3782067409234,1141.804443359375,6542611
2021-01-27,1137.0653281460511,1143.915701597975,1107.3375662888109,1121.0382080078125,8133665
2021-01-28,1113.1109044191408,1117.117605772038,1096.5236741202204,1099.668701171875,4660690
2021-01-29,1108.32845129276,1112.5506759537004,1060.7209512469485,1067.657470703125,12183519
2021-02-01,1077.5669208380566,1101.1767143265185,1069.3378885660422,1086.4852294921875,8880279
2021-02-02,1102.9427236971485,1115.3508503757043,1088.8112490128158,1095.403076171875,6892490
2021-02-03,1100.9179880401161,1123.6230806340604,1096.911182244754,1106.94970703125,8182968
2021-02-04,1107.2514151368716,1114.489499899249,1096.0927756341387,1102.3829345703125,5032240
2021-02-05,1108.4577254721191,1110.4826388299136,1087.4328536980415,1096.1357421875,5477481
2021-02-08,1107.681971099055,1128.792984939527,1099.0652307560053,1123.2352294921875,6921922
2021-02-09,1126.1222237050054,1147.7502287503414,1118.3240288005893,1124.958984375,7965949
2021-02-10,1116.5575146413062,1123.924766232091,1106.0450258741864,1117.16064453125,5951207
2021-02-11,1110.6980078831743,1116.7297270881256,1105.5710886329,1113.8431396484375,4673317
2021-02-12,1124.485014839865,1140.6414087312423,1121.5122804377938,1128.62109375,5797875
2021-02-15,1137.4097605729255,1144.6478437226267,1126.2941441485439,1128.491455078125,4363513
2021-02-16,1132.2397849125675,1137.1944110642016,1108.1129097393925,1111.904296875,6896421
2021-02-17,1111.9044468739928,1115.4372901782608,1098.6346427016474,1104.063232421875,4575741
2021-02-18,1099.4961573516564,1125.3463804868834,1098.6344832471489,1113.670654296875,6437551
2021-02-19,1116.816027195596,1119.7457408210937,1100.1857764951576,1112.6800537109375,5389696
2021-02-22,1115.8681194822566,1127.543847285139,1085.7095216584119,1090.190185546875,7371303
2021-02-23,1095.316985701977,1112.4211944951671,1083.5982397016564,1091.180908203125,6612942
2021-02-24,1085.7526365780805,1100.013281724026,1078.8161170740752,1098.031494140625,4537258
2021-02-25,1110.2241360693142,1119.9610970869585,1096.049636849095,1098.2469482421875,8788221
2021-02-26,1093.4645216914641,1098.0314368662373,1072.5689230697005,1079.936279296875,15132388
2021-03-01,1088.552936758949,1106.8203856747455,1084.8476960408755,1091.7410888671875,5756286
2021-03-02,1104.8817047902842,1128.793163014445,1102.2535564971179,1124.053955078125,10461434
2021-03-03,1136.7205420391444,1160.6751264405077,1127.0698332473528,1157.702392578125,9056399
2021-03-04,1150.3352981177582,1175.194582961458,1142.494082291156,1146.3284912109375,12041941
2021-03-05,1144.7343273097638,1154.6435819308117,1124.5281066999157,1134.5665283203125,6486176
2021-03-08,1141.5460327392925,1159.8996302572925,1134.9972246111543,1150.9813232421875,5119392
2021-03-09,1145.5959886492894,1163.6480232674905,1136.332989869312,1159.4259033203125,6518173
2021-03-10,1169.2055806586063,1183.94018639556,1167.5683788689837,1178.8994140625,7925984
2021-03-12,1183.0785313845056,1199.1917948727676,1180.536634880443,1184.672607421875,9462061
2021-03-15,1180.493696929162,1189.0242928563487,1170.5844432688077,1183.595703125,6658635
2021-03-16,1194.3237253947968,1211.51408589093,1189.5413908765495,1192.5572509765625,9352771
2021-03-17,1199.6658792970159,1206.3438542042177,1190.8337189358776,1195.14208984375,7626744
2021-03-18,1200.9583948470276,1200.9583948470276,1131.8090415293782,1152.14453125,10961755
2021-03-19,1146.0267544140797,1167.7409034764084,1135.6866633968098,1158.4779052734375,12767112
2021-03-22,1163.3461449063454,1185.6635244337417,1151.2827078844905,1181.182861328125,4862758
2021-03-23,1182.604890521496,1191.9110153467443,1171.5323964330696,1181.8294677734375,7165335
2021-03-24,1170.0244207218523,1180.8814958046016,1160.0290199343187,1166.4915771484375,6134303
2021-03-25,1160.4597868345645,1165.4144137321318,1143.958704043089,1149.3011474609375,8749994
2021-03-26,1158.6932492202639,1169.0333395716661,1147.750029005632,1151.3690185546875,4922071
2021-03-30,1160.5889375852169,1206.3438140675257,1151.3259404414841,1193.67724609375,10546381
2021-03-31,1190.83366672419,1196.0037115869577,1174.7204023091629,1178.8133544921875,8220987
2021-04-01,1189.110522281534,1199.105923026061,1181.3554536579588,1193.5911865234375,5675155
2021-04-05,1198.5888478178297,1227.885771488431,1195.142150915406,1214.87451171875,9479572
2021-04-06,1226.162320506341,1228.747342967001,1211.9015711911009,1215.8653564453125,5793571
2021-04-07,1215.1759757090142,1236.4592852394153,1212.0308440098686,1232.3663330078125,5879234
2021-04-08,1232.1941703487278,1250.8924593912707,1224.4391021437357,1240.681640625,5654434
2021-04-09,1253.7360117447722,1253.7360117447722,1232.23728165855,1241.7156982421875,6052712
2021-04-12,1270.1077622934201,1273.166747756868,1219.2689848339141,1228.531982421875,20384532
2021-04-13,1234.7790588105163,1236.7178256509376,1184.8019580352127,1203.8880615234375,14855206
2021-04-15,1148.0084843876693,1177.3915511559262,1137.4098505247566,1172.5230712890625,25342491
2021-04-16,1176.1854129696155,1181.2261865596581,1160.3305849006742,1166.4915771484375,10879878
2021-04-19,1154.6433034910378,1188.8517234682965,1148.0514755348884,1174.0740966796875,12508028
2021-04-20,1188.2487756609848,1188.2487756609848,1156.7115195484307,1164.4234619140625,8560766
2021-04-22,1168.04239869778,1176.0128843300108,1159.0809667878193,1164.2078857421875,6622446
2021-04-23,1157.2285084231075,1161.8815703725743,1146.8884175064454,1149.3011474609375,7316262
2021-04-26,1147.9654322200197,1164.380367507534,1138.271597645071,1157.702392578125,7088606
2021-04-27,1159.8135877247869,1165.8453077203837,1154.7728141940079,1161.9677734375,3636115
2021-04-28,1170.1536463734674,1171.446157764896,1158.607190239735,1168.4302978515625,4879234
2021-04-29,1178.7702141412208,1179.6318882743649,1164.4664445679937,1168.731689453125,5412357
2021-04-30,1160.0721300500113,1183.854319239692,1159.727439299612,1167.008544921875,8354677
2021-05-03,1155.3328979061107,1172.738676005061,1152.920167887415,1165.0267333984375,4560337
2021-05-04,1166.706806746648,1167.5253551205797,1140.9427284558226,1145.5096435546875,4887060
2021-05-05,1155.5913444106986,1158.0040744447103,1144.131139711262,1155.93603515625,3939788
2021-05-06,1158.9516028318233,1175.926539624651,1152.4029010572472,1173.25537109375,4810090
2021-05-07,1176.4438659417935,1183.1218412109477,1161.9676968327874,1165.45751953125,4991435
2021-05-10,1163.1306725944937,1165.7588204694923,1150.3779600149412,1154.2554931640625,7195348
2021-05-11,1151.9723783704771,1155.50522191954,1141.8045796830766,1146.5869140625,6420988
2021-05-12,1146.0265506149326,1146.0265506149326,1132.6706020927286,1143.4415283203125,5241898
2021-05-14,1143.3123140362059,1143.3123140362059,1129.913344241812,1134.307861328125,4824609
2021-05-17,1137.6684297752622,1150.2918720076307,1137.6684297752622,1145.5096435546875,5017129
2021-05-18,1152.9198404340602,1158.6068679373545,1145.5956112534254,1154.6431884765625,5620150
2021-05-19,1156.3667204007338,1169.6795440720994,1148.8270715158558,1152.058349609375,4435878
2021-05-20,1161.8816201844372,1162.4847501064953,1150.3351637955125,1154.0404052734375,4490092
2021-05-21,1161.10597595688,1169.7227178934802,1160.1150295972031,1167.1376953125,4969733
2021-05-24,1168.9904560421035,1174.46206679099,1159.038075837983,1161.580078125,4225371
2021-05-25,1170.153365535774,1178.7701060772745,1167.094380569613,1173.25537109375,4099340
2021-05-26,1178.6842466258772,1206.3439694601002,1173.6434732190312,1203.974365234375,6850024
2021-05-27,1209.9629375542268,1220.346154321598,1199.1920094490051,1208.28271484375,15365391
2021-05-28,1214.7450164723891,1218.4071312587043,1202.983144415848,1210.6951904296875,4261312
2021-05-31,1220.6680058856502,1220.6680058856502,1204.5550140134528,1213.91796875,4429904
2021-06-01,1219.361626449695,1220.2325990400163,1200.7663829103165,1208.213134765625,4791325
2021-06-02,1202.5951340462432,1212.3499823394552,1188.8773188289856,1200.76611328125,9272276
2021-06-03,1208.9971178292371,1218.4907410067083,1199.372933809797,1210.34716796875,5115645
2021-06-04,1214.09216769656,1216.6616005621086,1199.895378641077,1206.8631591796875,4194328
2021-06-07,1211.5229597857979,1212.3939324384116,1199.5906769729504,1210.34716796875,5154576
2021-06-08,1215.8775621634632,1238.3051031560915,1215.4856670818356,1230.6405029296875,7360630
2021-06-09,1231.0325089745763,1241.1357683512133,1223.3679087192618,1232.6873779296875,5394317
2021-06-10,1240.2649108243102,1244.619773572991,1235.9100480756292,1240.5262451171875,3496575
2021-06-11,1245.5777030430665,1264.3036110722962,1245.011549675881,1260.2100830078125,6140828
2021-06-14,1281.2005264104598,1286.4263613244386,1265.9149167591186,1273.1876220703125,7132294
2021-06-15,1275.103791070357,1285.5554614889663,1274.2328185354727,1283.7264404296875,5403104
2021-06-16,1282.6810640692133,1297.2698523733502,1278.1520499296114,1289.561767578125,7661710
2021-06-17,1284.7715259128947,1308.7668610479423,1284.7715259128947,1302.365234375,7677951
2021-06-18,1314.2973860242691,1320.2200410273454,1295.4844029554913,1309.3328857421875,13533974
2021-06-21,1300.3621939068503,1311.5106865902096,1292.6975918970525,1306.7203369140625,5454052
2021-06-22,1314.907051074631,1325.1409772519048,1308.2876817899016,1316.7796630859375,6427862
2021-06-23,1328.2329974366169,1328.2329974366169,1305.2828944498028,1309.2022705078125,5529809
2021-06-24,1321.2653858939264,1366.3382162960427,1316.2137024706592,1358.0203857421875,10785137
2021-06-25,1369.168863834137,1374.3946991922826,1343.9106596031002,1371.0849609375,9780240
2021-06-28,1369.9526773998857,1376.2672280750623,1359.239673036804,1368.99462890625,5019178
2021-06-29,1359.5881210099008,1370.605944791992,1358.020327926008,1361.3736572265625,5913567
2021-06-30,1369.2124860237218,1385.7173738759964,1369.2124860237218,1376.83349609375,6058722
2021-07-01,1373.3928839350976,1373.3928839350976,1357.8896381461875,1359.0654296875,4814317
2021-07-02,1357.8026718078984,1366.9478839702683,1343.5622912761874,1365.5108642578125,5166064
2021-07-05,1366.6864575080867,1380.491349741526,1359.6316018427842,1375.221923828125,4058338
2021-07-06,1370.6494852954324,1382.015719815571,1356.1913619563304,1360.63330078125,4089574
2021-07-07,1363.986484620662,1367.9058607513202,1345.3476524242224,1362.7235107421875,4797120
2021-07-08,1365.6850347389075,1372.6528155283918,1349.1365553638825,1359.3704833984375,3326813
2021-07-09,1355.2333100346107,1367.3398499422146,1350.8784472131626,1361.2430419921875,3436594
2021-07-12,1367.9060290680072,1374.3947322658926,1335.8541955721248,1348.1348876953125,4588982
2021-07-13,1355.5815853790407,1355.5815853790407,1338.0750598435359,1345.60888671875,4456160
2021-07-14,1353.4912324038655,1378.5752823277203,1339.6427487234016,1373.4365234375,5657716
2021-07-15,1356.8882027607826,1390.8125422016935,1355.2333335958833,1376.83349609375,10021355
2021-07-16,1370.6931133844064,1371.4770099793125,1349.6591040738929,1354.7542724609375,6265593
2021-07-19,1345.3912379284575,1352.5332765373414,1339.1638693330044,1342.7783203125,5669162
2021-07-20,1339.816976921609,1356.7137575793088,1339.5556426558176,1350.0509033203125,5069939
2021-07-22,1359.9364422808278,1387.3284840624563,1359.9364422808278,1385.0203857421875,7854575
2021-07-23,1383.5832745741461,1392.2494075892132,1380.5348711168035,1385.238037109375,4179719
2021-07-26,1388.4174287474325,1403.7030407175228,1388.4174287474325,1396.9530029296875,4586710
2021-07-27,1397.9106953105897,1401.655919140617,1391.726812564156,1395.77685546875,5892859
2021-07-28,1397.9978633827702,1400.1752945157943,1380.9268245638377,1398.433349609375,4686788
2021-07-29,1393.6429713489965,1410.9753440616303,1393.6429713489965,1408.3624267578125,4660873
2021-07-30,1402.2658076696387,1413.9368611216748,1398.9125846109287,1402.7012939453125,6234257
2021-08-02,1417.4642058801662,1423.8223478971256,1410.278682485059,1421.0352783203125,5553389
2021-08-03,1434.4917348838053,1444.638585966481,1424.562626930286,1441.6336669921875,5513668
2021-08-04,1453.7401991220645,1463.146744783546,1427.5675389174712,1436.451416015625,6740391
2021-08-05,1436.6692958051754,1451.0403436262031,1434.5354554748603,1440.19677734375,5420536
2021-08-06,1443.2017093986747,1446.3807808976014,1431.879064726265,1437.279052734375,3754855
2021-08-09,1446.6853193592076,1452.3030494440573,1433.9691421507919,1448.6885986328125,5018477
2021-08-10,1452.7822488331904,1463.2339196881055,1446.7290319910098,1460.8387451171875,6846517
2021-08-11,1458.7046793150253,1466.7175832036262,1452.7820242183186,1461.099853515625,4899639
2021-08-12,1462.4934728122273,1477.6048241977232,1458.0079432401938,1471.5950927734375,5659579
2021-08-13,1478.0405554063918,1500.2503575058986,1473.076053935639,1491.279296875,5612790
2021-08-16,1487.359863555825,1498.0292778847625,1472.030767090066,1484.4857177734375,4564109
2021-08-17,1484.0501084300226,1523.2438721030503,1468.9387563667328,1516.9293212890625,9510390
2021-08-18,1505.9114463640587,1528.9922175200145,1504.1695013711565,1509.7872314453125,6686090
2021-08-20,1494.6758198585792,1519.8469452589354,1494.6758198585792,1509.3516845703125,6206972
2021-08-23,1511.7906467286912,1526.9455907943864,1508.524499573149,1514.403564453125,6189051
2021-08-24,1524.2018576309072,1530.298665061431,1491.7145412231635,1498.81298828125,7602939
2021-08-25,1496.3309650992367,1521.5020951474821,1496.3309650992367,1511.6165771484375,6153253
2021-08-26,1510.2664667041324,1520.718137753988,1498.072850479301,1504.779296875,5302248
2021-08-27,1502.427583260766,1504.7791665153063,1485.1822849945138,1488.31787109375,6698514
2021-08-30,1483.3095738715613,1496.8967219149827,1472.2917518551153,1478.9547119140625,6559667
2021-08-31,1480.783933076624,1493.7178535768544,1468.3289836646177,1486.27099609375,12255438
2021-09-01,1488.927423514973,1488.927423514973,1457.267595791076,1461.2740478515625,7801974
2021-09-02,1460.9257408190936,1475.688788882233,1448.1224872534362,1471.15966796875,6830050
2021-09-03,1477.2129082319484,1485.835450675509,1467.0660576377923,1481.2193603515625,5339139
2021-09-06,1485.1389236872342,1508.5245163164989,1480.0872401693016,1507.1309814453125,4876026
2021-09-07,1506.7823763845429,1511.0501627608223,1484.13709211518,1486.4451904296875,3520341
2021-09-08,1481.3936622056285,1481.3936622056285,1465.8032320672012,1474.7742919921875,4584896
2021-09-09,1468.3726571492882,1476.2114101731731,1465.1065100560027,1473.337158203125,3331674
2021-09-13,1465.8467121859994,1481.9597033775865,1459.0530841826737,1473.598388671875,4662374
2021-09-14,1477.1257989130531,1477.1257989130531,1462.0144469944478,1468.59033203125,4945167
2021-09-15,1474.7740766214572,1493.8048030758805,1472.117568164851,1490.625732421875,4062344
2021-09-16,1493.891966210481,1497.4194473085083,1473.2063696575788,1482.6129150390625,3246568
2021-09-17,1478.0403062981004,1496.3307284738578,1467.1095590889208,1473.0758056640625,7454864
2021-09-20,1467.5885506094764,1487.3595823241576,1461.4481524246728,1470.07080078125,5660743
2021-09-21,1480.6532560868934,1503.9517705576725,1467.2838494209095,1496.72265625,4672222
2021-09-22,1495.4597566485802,1514.5340753328271,1492.0194578610053,1495.3726806640625,4553892
2021-09-23,1508.5243325905415,1519.8469748097546,1499.0307113119939,1517.713134765625,3826090
2021-09-24,1531.1697244858785,1557.2989006716446,1526.3357843635558,1536.264892578125,8280446
2021-09-27,1540.5323596964495,1540.7501027861592,1496.4175884572815,1499.0740966796875,5045337
2021-09-28,1489.3628929542976,1489.3628929542976,1458.8788571335956,1469.4176025390625,6557197
2021-09-29,1445.1612257222725,1481.8727405310417,1441.4595923280765,1473.9033203125,7792548
2021-09-30,1483.2661787983272,1483.2661787983272,1454.6111620660795,1459.0531005859375,6914031
2021-10-01,1450.2563356034423,1462.3192838563787,1446.9031126334762,1450.2999267578125,5733906
2021-10-04,1456.7015632635075,1470.2016375418839,1450.517679535455,1462.1451416015625,2947154
2021-10-05,1455.3950807569224,1483.2226102398492,1448.4273005977032,1474.38232421875,4373310
2021-10-06,1482.4822902737767,1488.492021865943,1454.524093924005,1457.6160888671875,4271698
2021-10-07,1469.3305632299673,1484.3112472506546,1460.3160193905471,1472.814453125,5476108
2021-10-08,1485.22571554193,1508.0887415105421,1479.2595757436197,1501.42578125,4738376
2021-10-11,1464.9757128474757,1506.7823919299244,1449.0368739193389,1472.7708740234375,8840633
2021-10-12,1460.6209130640477,1471.072583282753,1447.5563252906663,1467.7193603515625,7439300
2021-10-13,1477.1257522003684,1492.5420290685638,1463.277374662343,1488.6661376953125,7104171
2021-10-14,1527.6857924741366,1553.4665576738048,1479.085483572147,1494.37109375,19655776
2021-10-18,1515.4922131177411,1566.8795927579404,1515.4922131177411,1560.9134521484375,13438109
2021-10-19,1579.944155219386,1597.799091923905,1552.3343687944996,1587.0426025390625,10324260
2021-10-20,1593.3570895202022,1609.5571565198998,1562.5682333583247,1569.7972412109375,5876115
2021-10-21,1579.9441517799685,1579.9441517799685,1521.4583257794832,1527.3809814453125,8779629
2021-10-22,1524.11481075835,1535.6986813056806,1486.7500689564513,1497.8985595703125,7369809
2021-10-25,1499.8581040438655,1506.5645491752007,1469.5046300365234,1487.22900390625,5905209
2021-10-26,1502.606020384496,1517.1482962671541,1490.172517699748,1497.0262451171875,5871709
2021-10-27,1501.77149758961,1523.7827607577628,1494.785943644436,1519.2135009765625,5090259
2021-10-28,1510.7781326616437,1515.5230879740864,1486.789920282188,1497.202392578125,5329972
2021-10-29,1492.8966047069405,1504.8467856229756,1459.5503108556832,1465.4375,5875091
2021-11-01,1474.0049226994552,1500.102016130917,1472.6868855107523,1493.8194580078125,3636806
2021-11-02,1489.3818273621403,1499.4428003412402,1481.7811257877784,1491.9300537109375,3471772
2021-11-03,1501.6836622957965,1509.108562016102,1492.896747946494,1495.97216796875,3530713
2021-11-04,1506.955843008158,1508.713225915456,1498.1689284716672,1501.4200439453125,483407
2021-11-08,1520.1361328125,1529.80173828125,1496.4114648437499,1526.726318359375,5245903
2021-11-09,1524.3098926867096,1537.7099364183555,1516.621343004618,1531.1197509765625,4016134
2021-11-10,1516.621547382803,1538.5448576686747,1513.0628038598095,1529.0550537109375,4780368
2021-11-11,1522.7281388179986,1528.7032829292987,1501.6835237971957,1523.0357666015625,4731349
2021-11-12,1531.5591812690018,1566.5750137314162,1527.2097015420263,1564.2464599609375,5069009
2021-11-15,1565.9158372510615,1581.6444339073435,1560.1164957791602,1570.353271484375,4354074
2021-11-16,1572.8576289550256,1589.508788323187,1561.4346405883132,1574.878662109375,6034233
2021-11-17,1575.0982330141132,1583.4018234229952,1564.6856546363958,1570.6168212890625,4732492
2021-11-18,1565.476535154988,1572.3742410091222,1545.618131495533,1563.54345703125,4326924
2021-11-22,1567.5853905552658,1568.8155799150782,1538.7204007522319,1545.9696044921875,6621839
2021-11-23,1524.6175312167047,1535.2936539110958,1502.5623970170118,1526.19921875,8436160
2021-11-24,1528.923167102742,1529.362512840415,1483.231210384729,1490.2607421875,7333061
2021-11-25,1493.7751795707143,1516.7968482568974,1491.0951282554602,1513.4578857421875,4476260
2021-11-26,1496.0163580873511,1509.8996203753168,1479.7165867477097,1486.4385986328125,4494181
2021-11-29,1485.867137758942,1504.319656915026,1466.6677523751573,1490.568115234375,3942776
2021-11-30,1497.7734901514705,1520.0482960069558,1493.8193787950365,1504.890869140625,14808963
2021-12-01,1506.9558896878457,1530.5927119756113,1505.1985067261105,1506.8680419921875,5193264
2021-12-02,1506.9558718875126,1538.1494190898488,1503.7486265678017,1536.17236328125,5559574
2021-12-03,1556.2503551294296,1569.914049638286,1522.3768651886874,1525.012939453125,6754012
2021-12-06,1520.1361797156055,1523.6069679725288,1486.3065595311832,1489.6456298828125,3991449
2021-12-07,1494.741848225563,1515.6547454589877,1488.5031610337503,1504.0120849609375,4202122
2021-12-08,1522.7723363402492,1546.3213109323074,1522.4208382954744,1540.6536865234375,3029169
2021-12-09,1545.6179429277577,1554.7563535822555,1530.680191347444,1549.528076171875,2082171
2021-12-10,1546.496909194259,1549.7920020405534,1534.1952292347592,1545.837890625,1823469
2021-12-13,1552.6917427954177,1556.470051607841,1527.8687097618824,1533.009033203125,4040584
2021-12-14,1520.9268087010425,1549.1327782768003,1502.8696593903012,1539.5989990234375,4768144
2021-12-15,1533.3163250007074,1535.9084214418483,1512.4034290671957,1523.826416015625,3053149
2021-12-16,1548.8253305126736,1561.9617232986577,1544.7393942801555,1556.6895751953125,4481031
2021-12-17,1599.2183437253605,1618.549554473689,1587.5756827064808,1599.9652099609375,18887243
2021-12-20,1583.1382500746142,1607.6977390246545,1570.4851797435072,1580.677978515625,5773891
2021-12-21,1582.523173111217,1615.0347541246067,1582.523173111217,1591.8372802734375,5353584
2021-12-22,1603.6116727640501,1607.258263225774,1592.4962060182195,1603.3480224609375,4156428
2021-12-23,1609.1035837520574,1635.771845585297,1605.3691454006876,1632.257080078125,4112933
2021-12-24,1645.744996985642,1648.2053757839751,1629.0938380399784,1637.44140625,3780347
2021-12-27,1634.3659241624905,1647.1069488401015,1621.2295312790468,1639.7698974609375,2647733
2021-12-28,1652.5547486394014,1665.910921270975,1650.5338229288552,1658.96923828125,3340933
2021-12-29,1655.0151681366292,1664.065732003417,1648.7764809648074,1656.8165283203125,3236635
2021-12-30,1655.8940269931556,1678.124963441618,1646.9752873799528,1663.2310791015625,4584738
2021-12-31,1660.7266893716478,1668.0637408590383,1644.602724183878,1658.7496337890625,4619420
2022-01-03,1658.7495350628487,1681.8591596242486,1658.7495350628487,1668.1514892578125,3329616
2022-01-04,1668.1518193720126,1675.3571539606305,1650.1826212731244,1668.7669677734375,3921999
2022-01-05,1669.5137232070176,1672.061949815919,1616.7922372110065,1620.878173828125,6995719
2022-01-06,1606.2480104983958,1606.2480104983958,1581.6446492872608,1597.285400390625,6449205
2022-01-07,1595.2202481604722,1613.2773992100788,1587.619653412898,1594.2098388671875,4834389
2022-01-10,1594.8248209393573,1643.0649981325935,1593.0674382165591,1626.238037109375,7857560
2022-01-11,1629.9726844976424,1643.1530566094832,1625.7110523005758,1630.4998779296875,5142287
2022-01-12,1642.1864712150102,1659.8481478952956,1634.3660958630228,1649.69921875,5362535
2022-01-13,1673.9071309319909,1680.497316486841,1639.9456865869017,1666.701904296875,14277630
2022-01-14,1653.6972065268249,1698.5104677026313,1652.8185151312207,1695.30322265625,7688506
2022-01-17,1703.38720992574,1716.8751010955164,1696.3137014437718,1704.221923828125,5262464
2022-01-18,1688.932549709658,1709.0546022112537,1679.5744657824005,1687.746337890625,3690315
2022-01-19,1683.5728166181689,1683.5728166181689,1636.8703446421212,1640.5609130859375,5747770
2022-01-20,1620.3070843889625,1623.8218502987,1595.2643772820832,1602.4696044921875,5533463
2022-01-21,1577.2509740263736,1588.6739615819963,1560.5558383681557,1569.0791015625,8252758
2022-01-24,1550.89050775429,1554.097753202925,1518.3789220393276,1526.1114501953125,7116712
2022-01-25,1517.1486594985286,1528.9231465624146,1494.2148337525207,1513.238525390625,9137653
2022-01-27,1495.5329605483666,1502.2988423181387,1463.0213744494893,1474.9715576171875,11231734
2022-01-28,1477.0801399370898,1517.983264646861,1475.7621029294125,1481.6492919921875,10998502
2022-01-31,1509.591843604878,1537.2706230423364,1507.2632899140617,1525.583984375,8788872
2022-02-01,1551.8570483269698,1564.070881720928,1524.2661135677781,1557.0853271484375,5119935
2022-02-02,1571.978861227617,1575.3179313391013,1557.041107934789,1570.309326171875,4253717
2022-02-03,1563.191948829261,1563.191948829261,1523.6508371388077,1527.64892578125,3832922
2022-02-04,1521.8933349019508,1541.1805660739483,1502.6939514077194,1529.889404296875,4700077
2022-02-07,1513.2824685548035,1521.8936882174746,1489.733600553992,1506.9559326171875,4310209
2022-02-08,1502.5623164200595,1515.7426876167267,1490.2606366365032,1508.976806640625,6053401
2022-02-09,1524.5295040838362,1531.5590349384013,1515.7425905156294,1526.550537109375,3867244
2022-02-10,1542.6747912961507,1558.7109115647966,1536.6117983448905,1554.9324951171875,4334630
2022-02-11,1528.9230162412698,1534.1511870988509,1505.1983487478708,1512.535400390625,7551371
2022-02-14,1484.9883568052496,1510.0750373354194,1474.663733614444,1478.134521484375,7459637
2022-02-15,1492.8967373992116,1534.8542531207022,1485.3838827787808,1527.3853759765625,4669915
2022-02-16,1527.3852458984643,1542.4986942805128,1517.368143011698,1523.0357666015625,5350642
2022-02-17,1532.4378490996394,1536.8313062358195,1511.6129051790003,1515.5670166015625,3937950
2022-02-18,1502.5623760399344,1513.5460191396417,1496.8508816280867,1499.88232421875,5602215
2022-02-21,1494.6540080635389,1526.550547436766,1486.3064401172699,1520.7510986328125,5120890
2022-02-22,1493.687498875911,1538.5886069583632,1485.911101612414,1523.9583740234375,8878515
2022-02-23,1537.7099108964103,1544.9591147620647,1523.123655479762,1531.42724609375,5478811
2022-02-24,1485.0762465850694,1506.9117054360172,1467.8539173756792,1474.575927734375,13592379
2022-02-25,1506.9558447051804,1518.5106587861058,1473.565569428914,1489.030517578125,9737281
2022-02-28,1478.1347163040493,1518.4228051512885,1463.0212662482625,1507.4830322265625,15076542
2022-03-02,1502.5622527750063,1506.4285162813565,1485.8671166330619,1496.2357177734375,6771489
2022-03-03,1511.5248984753623,1523.5630349736196,1498.6521553167977,1512.0960693359375,7344147
2022-03-04,1489.601685282867,1525.4083619826322,1477.0803320811085,1514.2490234375,9074499
2022-03-07,1491.1394725869231,1538.5888134942265,1490.2607810886398,1528.7913818359375,9742588
2022-03-08,1509.9873201847918,1581.6446527750986,1509.9873201847918,1562.4891357421875,10984500
2022-03-09,1573.7363895823908,1609.411241059636,1573.7363895823908,1593.3751220703125,10193515
2022-03-10,1620.9661453613448,1620.9661453613448,1590.6073111176956,1604.40283203125,6547182
2022-03-11,1593.9461769078878,1609.2354285026502,1591.310102745416,1600.9757080078125,4758657
2022-03-14,1609.367286068122,1665.1202128221414,1609.367286068122,1661.341796875,10289724
2022-03-15,1659.27699787109,1659.27699787109,1608.0053726067936,1616.17724609375,7140443
2022-03-16,1638.7594929307566,1664.1975665515567,1624.7004302568198,1660.1995849609375,5233979
2022-03-17,1689.9872589454178,1689.9872589454178,1610.6853579171534,1629.62109375,17731459
2022-03-21,1635.2447090569246,1658.0028379594185,1617.7587285984619,1628.2591552734375,8362085
2022-03-22,1625.579059476518,1660.7267148165508,1615.9134542580089,1658.442138671875,5709382
2022-03-23,1666.8775046856965,1669.5135787574188,1631.7298503960667,1645.26171875,6192824
2022-03-24,1630.9831884689734,1664.7688324815458,1630.9831884689734,1657.8271484375,3784303
2022-03-25,1662.4840638904113,1664.2414466217965,1632.6085574568626,1648.9083251953125,3438588
2022-03-28,1639.6380289243905,1652.7305512508635,1627.9075210702022,1646.5797119140625,4008555
2022-03-29,1646.5798912876753,1660.1996084457126,1634.8493821555994,1657.2120361328125,3917785
2022-03-30,1678.3005006424887,1686.208722896825,1665.1201302185948,1672.984375,7795839
2022-03-31,1669.5135784299448,1680.9365660718338,1664.4171256540967,1675.5325927734375,5399145
2022-04-01,1657.9587249104113,1678.564101084847,1650.4459783492766,1672.6329345703125,6171518
2022-04-04,1660.5071270406477,1663.362874183329,1645.7890456129824,1654.531982421875,7364074
2022-04-05,1655.27912549965,1660.375471949798,1631.861975078566,1635.332763671875,5472024
2022-04-06,1629.9726764339382,1632.1694051083773,1601.1076831042346,1606.994873046875,5407453
2022-04-07,1600.1410724456011,1606.3797601498356,1588.2787381336382,1591.3101806640625,5797544
2022-04-08,1601.8542952289317,1615.034665184189,1588.6739252736745,1594.4732666015625,5131446
2022-04-11,1593.9463082740529,1593.9463082740529,1548.737675566616,1552.25244140625,8248407
2022-04-12,1544.3002774245751,1544.3002774245751,1518.1592058721535,1531.075927734375,6456184
2022-04-13,1542.0593298022513,1544.3000356322013,1521.8934063812078,1536.435791015625,6257693
2022-04-18,1410.7391117521547,1449.8408809660887,1397.1193943855035,1424.7103271484375,30523965
2022-04-19,1438.110326839995,1438.110326839995,1361.9716942234015,1372.5159912109375,17044923
2022-04-20,1383.9389289365774,1402.6550983089535,1373.3946323351558,1395.0982666015625,10678747
2022-04-21,1401.5127612789481,1429.8065810155888,1396.4602858072528,1422.4256591796875,7766514
2022-04-22,1409.7287515285802,1415.3084213582451,1390.4415151197413,1393.1214599609375,8134245
2022-04-25,1382.0059741881291,1382.0059741881291,1365.5743794932316,1371.7252197265625,7000570
2022-04-26,1385.8721112277144,1398.8767875849937,1376.5141331003783,1389.211181640625,5345435
2022-04-27,1381.9619804602605,1381.9619804602605,1362.279270492614,1364.43212890625,8819356
2022-04-28,1379.5454535287045,1407.4878820528004,1368.5178339093395,1390.616943359375,9245177
2022-04-29,1397.1192785504973,1403.5337684574995,1371.4615334467492,1377.3927001953125,9831395
2022-05-02,1362.7624202077359,1364.387977733773,1345.2764410950936,1354.0633544921875,7072627
2022-05-04,1359.5551819523712,1379.5454100276122,1344.5295814229673,1349.2745361328125,6220959
2022-05-05,1370.8025337737408,1396.5921043901596,1368.5178503702025,1392.857666015625,6144870
2022-05-06,1361.9716296199067,1372.3841009487683,1348.8352364842315,1355.68896484375,6171472
2022-05-09,1353.1846449249074,1394.3074419742286,1337.5000261747937,1379.8529052734375,6832202
2022-05-10,1369.0011227639045,1378.7985527649935,1358.5008040403675,1364.607666015625,6212545
2022-05-11,1361.9277121263535,1361.9277121263535,1328.2299179037932,1341.5421142578125,7846080
2022-05-12,1330.3386832943772,1342.2010163356415,1321.8154202362452,1325.76953125,7034979
2022-05-13,1334.9958431960715,1343.7387794348365,1316.3675217689756,1321.9033203125,6723761
2022-05-16,1326.8241461984453,1328.4497039979815,1299.2771895162246,1308.45947265625,6145331
2022-05-17,1313.555783441477,1340.0043728900273,1301.2541039526504,1334.2489013671875,6516378
2022-05-18,1337.36814100626,1361.7078467912104,1322.6940393941536,1326.120849609375,6594126
2022-05-19,1301.341796355947,1304.5929112137708,1245.6767247637058,1254.0242919921875,16561140
2022-05-20,1276.7387215514266,1288.8207294119443,1271.20292231775,1278.6279296875,10488908
2022-05-23,1278.5837480095965,1307.4927145622214,1274.1464210976928,1290.2703857421875,5887569
2022-05-24,1290.446073263294,1291.2808943889067,1261.14173869041,1266.1942138671875,5693167
2022-05-25,1260.9222603048568,1267.5124463343247,1229.50904023106,1239.350341796875,9630092
2022-05-26,1245.984232144746,1256.5285274802447,1236.3626055559514,1251.21240234375,13040065
2022-05-27,1268.7861902183386,1289.0400664785568,1263.0308268759254,1284.075439453125,8284860
2022-05-30,1306.614218168776,1344.397951444672,1304.856835225711,1341.586181640625,10904213
2022-05-31,1341.4971403772934,1347.9795623962705,1321.4728713370666,1335.1923828125,16033857
2022-06-01,1343.539700941573,1345.0936959690998,1307.220595475762,1312.9482421875,8738508
2022-06-02,1317.787679252321,1344.2943706627866,1310.3284820297667,1339.099609375,7205840
2022-06-03,1354.1067924628962,1380.835483354974,1347.9795908249841,1351.26513671875,9395707
2022-06-06,1346.2036506605543,1364.496369880414,1325.779716646575,1358.6800537109375,6624883
2022-06-07,1349.6222508666924,1349.6222508666924,1334.3043022524057,1337.945068359375,4904592
2022-06-08,1349.9331029298305,1349.9331029298305,1324.89162890625,1331.99560546875,4697608
2022-06-09,1318.675639841816,1347.0471026731207,1315.5676501182832,1345.3155517578125,4361061
2022-06-10,1319.6525958969517,1326.6233521245908,1308.5526310764772,1311.394287109375,6516436
2022-06-13,1281.9126277011962,1281.9126277011962,1253.5854977400272,1264.951904296875,6987685
2022-06-14,1252.075869762069,1286.618977493986,1245.9931115070253,1279.2042236328125,6090247
2022-06-15,1278.8933715213977,1284.3990185434857,1259.9346552426048,1262.909423828125,4651958
2022-06-16,1276.93979675799,1282.0457799508679,1236.0919312149667,1240.70947265625,6641772
2022-06-17,1235.2483238555576,1240.4874196646322,1214.0251729542306,1231.9183349609375,9692047
2022-06-20,1234.360400176754,1263.0426411881947,1227.2119802322318,1255.7611083984375,4595194
2022-06-21,1264.5078124914492,1292.9237183901334,1263.397816167282,1287.5069580078125,6270787
2022-06-22,1275.2082505737685,1296.1205167768,1274.2758102801847,1276.2738037109375,6253366
2022-06-23,1278.5382855533985,1294.6997896368189,1272.4998618309749,1289.7713623046875,6254281
2022-06-24,1294.699676447172,1303.1356482758742,1268.8589844199196,1279.6925048828125,6114340
2022-06-27,1303.6242355705597,1317.7877464947417,1301.049022203048,1309.4405517578125,4511097
2022-06-28,1304.4680708387993,1321.562019350472,1290.2601136342923,1314.3692626953125,4412178
2022-06-29,1300.649368901304,1311.5717770934775,1293.8118342756918,1299.36181640625,5060038
2022-06-30,1300.9602987057103,1316.01180739461,1292.035883778109,1298.1630859375,9165177
2022-07-01,1291.1478536823045,1318.675765280758,1280.802665224558,1313.7030029296875,4651635
2022-07-04,1314.4577439626057,1325.1137094600226,1298.2517964352844,1321.3397216796875,4800224
2022-07-05,1330.9301027704544,1340.831183761111,1307.1317370251647,1310.6392822265625,7379669
2022-07-06,1316.189416047647,1331.9958096817759,1305.3558934881405,1324.5810546875,5209162
2022-07-07,1334.7041829822008,1344.3832653678094,1328.1773170972135,1330.84130859375,3323472
2022-07-08,1345.3154680811654,1347.0470188887734,1331.9510697419882,1344.8270263671875,3652582
2022-07-11,1327.555669124535,1331.9068766093092,1302.1589736556825,1308.1529541015625,4702638
2022-07-12,1298.0742548130895,1304.1125702899615,1275.1638853794875,1277.47265625,4710356
2022-07-13,1287.5957856267937,1296.475756562151,1277.4725970808702,1282.6673583984375,5264025
2022-07-14,1288.4838556808252,1290.215406752036,1255.6279613595361,1268.814697265625,6157606
2022-07-15,1284.043782478867,1284.043782478867,1252.6531072631665,1270.1466064453125,5620018
2022-07-18,1287.5958695188904,1326.3125236399783,1285.8643184329112,1323.0269775390625,5835171
2022-07-19,1306.7322778541525,1320.3185695057068,1305.4446169198009,1317.9210205078125,3418540
2022-07-20,1333.1057497387085,1354.9061235932559,1331.9957532776436,1345.5821533203125,5079392
2022-07-21,1347.0916394538826,1363.475143060979,1334.7484577291702,1361.2108154296875,5008061
2022-07-22,1362.1876887519136,1367.515671889144,1325.0250280493503,1337.5902099609375,7020642
2022-07-25,1314.3244515105814,1347.2247865607108,1314.3244515105814,1335.1923828125,7859626
2022-07-26,1329.020809215027,1329.020809215027,1283.1557398113582,1288.616943359375,7268273
2022-07-27,1288.4837019687088,1308.019636802142,1283.1557197414088,1306.2880859375,4517285
2022-07-28,1328.7988388509684,1353.7070916560501,1322.9824146761307,1347.44677734375,6636841
2022-07-29,1361.122085160738,1381.457133330871,1356.859655449305,1376.129150390625,7009465
2022-08-01,1388.8276455859902,1388.8276455859902,1365.6509399319816,1377.328125,2983249
2022-08-02,1373.3319367159932,1373.7314920454614,1357.1703247119033,1370.7122802734375,4374635
2022-08-03,1375.5075317485316,1394.1554711718493,1367.4267796780443,1390.6922607421875,6011955
2022-08-04,1409.6954786756162,1424.214210429917,1398.5510710597634,1420.7066650390625,7402209
2022-08-05,1428.2547116101568,1443.6169980608536,1422.8379503946153,1435.5806884765625,5361971
2022-08-08,1435.8913682028474,1440.3313538806547,1417.2434283560572,1438.0225830078125,3763409
2022-08-10,1439.6208933320956,1439.6208933320956,1410.2282102223699,1422.970947265625,4423829
2022-08-11,1447.4352785059941,1448.6340529159374,1435.0033190587033,1438.5108642578125,3462090
2022-08-12,1432.6058852060069,1433.2274398690179,1412.0487289334715,1415.5562744140625,3562286
2022-08-16,1428.7872284070231,1428.7872284070231,1412.8920598110092,1417.642822265625,3004430
2022-08-17,1417.643043330634,1431.4514427285992,1407.475519060068,1426.345458984375,4067324
2022-08-18,1415.5562190867397,1419.1969856808453,1397.7074982537147,1405.655029296875,4635706
2022-08-19,1407.741913599355,1425.1466359156411,1407.5642491319722,1418.22021484375,4739884
2022-08-22,1408.3636011768147,1419.9075651208868,1397.7076344592094,1399.1728515625,3950555
2022-08-23,1374.619613036166,1380.391594615452,1361.2996555455054,1369.6468505859375,5551574
2022-08-24,1363.0755394912346,1372.8435075266768,1359.5235511147102,1365.2955322265625,2888426
2022-08-25,1374.61935974096,1375.240914283423,1344.20546240819,1348.1126708984375,4331088
2022-08-26,1363.2086962369879,1371.9110023088876,1347.4910833756708,1351.1319580078125,3079136
2022-08-29,1304.0683315463896,1304.0683315463896,1287.5959401255452,1298.0299072265625,8079050
2022-08-30,1308.1085087048089,1328.5324420418817,1301.8037509629814,1325.7352294921875,6725875
2022-09-01,1296.5202209856338,1303.668532666685,1288.5282470130728,1300.205322265625,8140604
2022-09-02,1312.4599411105257,1312.4599411105257,1285.8200234966448,1290.260009765625,5175653
2022-09-05,1288.4838352280558,1302.6917893036236,1284.3546268952266,1297.6302490234375,3669352
2022-09-06,1297.6302811685841,1305.3558130293177,1283.5554395953404,1292.1246337890625,3428442
2022-09-07,1278.7158670634933,1301.5817931585523,1276.984316019413,1294.3890380859375,3600574
2022-09-08,1309.7957516157421,1315.212512366536,1299.6725627710948,1310.594970703125,4061475
2022-09-09,1321.33978765346,1349.7556970653623,1314.2358103004844,1342.3409423828125,4816910
2022-09-12,1354.9061513249576,1372.7548731045804,1350.7769427256635,1364.1412353515625,5494819
2022-09-13,1378.0826553311847,1379.0594304149024,1368.669908200499,1371.9110107421875,4947158
2022-09-14,1329.33171750544,1331.0632685678052,1307.1317890233854,1310.1510009765625,14332197
2022-09-15,1309.7955735540913,1309.973129594667,1268.9921548083635,1272.3221435546875,12784100
2022-09-16,1265.395822315344,1265.395822315344,1215.0907667170163,1222.81640625,20464045
2022-09-19,1236.0918269349809,1248.5237849644993,1225.96863943133,1234.582275390625,6595241
2022-09-20,1250.255623540864,1255.2284946157747,1229.9649090518215,1233.028564453125,7219797
2022-09-21,1225.3472325735095,1233.250428524418,1215.1352658184694,1222.9940185546875,7917054
2022-09-22,1213.3149439431238,1228.9436728727633,1207.676183442698,1214.7357177734375,9168498
2022-09-23,1214.3360624565184,1238.5784272088517,1209.4520782930736,1212.515625,10426200
2022-09-26,1207.6761385505345,1242.7075831808704,1203.2361527470398,1225.6580810546875,9414587
2022-09-27,1237.3794973619085,1248.967902705002,1223.6599857287542,1237.4683837890625,8561254
2022-09-28,1224.5479909555759,1248.3906912173352,1222.7719967699986,1238.489501953125,7022098
2022-09-29,1247.547174377518,1251.9427167580907,1236.9799869799815,1241.9971923828125,6119965
2022-09-30,1233.3837161802428,1260.334518980672,1221.8841953463611,1255.1396484375,8120130
2022-10-03,1253.8520673346413,1253.8520673346413,1230.764139749159,1237.6461181640625,4943169
2022-10-04,1260.689463513092,1271.8338706895042,1255.6279233059583,1269.3031005859375,6631341
2022-10-06,1283.155995899196,1296.2983982475762,1282.3567767134796,1292.169189453125,6180672
2022-10-07,1284.3547342638644,1294.566702109372,1278.8491949585682,1288.6614990234375,3994466
2022-10-10,1266.5946414154234,1300.9157509967636,1266.5946414154234,1298.8289794921875,5274677
2022-10-11,1298.8288627361512,1313.9248120732866,1261.0445461830916,1264.3302001953125,12824774
2022-10-12,1276.052061234237,1279.6928283166628,1255.2285688690922,1268.681640625,5481467
2022-10-13,1270.7239342833766,1276.8954711779975,1256.515979742123,1260.8671875,4821514
2022-10-14,1318.6757298301836,1326.6677039503666,1302.913780870934,1309.1297607421875,14990688
2022-10-17,1311.4829914797187,1327.55571795731,1310.2397738100408,1323.0712890625,4286396
2022-10-18,1340.8754301523504,1341.7189839180535,1329.5534687388124,1335.281005859375,4692004
2022-10-19,1335.54770780305,1336.3912617326525,1315.3902159447794,1319.0753173828125,3553171
2022-10-20,1309.7956544303293,1335.5475689920102,1309.0852134280171,1332.7947998046875,4583939
2022-10-21,1332.262019144321,1337.323558976435,1324.3143804980116,1332.4395751953125,3594485
2022-10-24,1348.4237774893445,1351.3542116722354,1341.763798344682,1347.8465576171875,982837
2022-10-25,1356.9484274924105,1361.2108571850185,1350.6881126041244,1355.35009765625,3914341
2022-10-27,1374.201589434972,1377.8821439078786,1357.7736070831302,1368.05224609375,6760137
2022-10-28,1369.892717518689,1371.6431919026134,1352.8363861734367,1358.447021484375,3053981
2022-10-31,1373.70805956196,1388.2059642832278,1373.70805956196,1380.35107421875,4542336
2022-11-01,1394.1756124417263,1413.8801201240165,1388.8342217938466,1412.084716796875,4542692
2022-11-02,1411.1870015279026,1411.8602777690894,1386.9490568451713,1394.4000244140625,2938906
2022-11-03,1381.3384738631173,1385.9616594777258,1365.9877968987141,1374.1568603515625,3174027
2022-11-04,1364.9104934069014,1364.9104934069014,1347.5849165055247,1359.120361328125,4509682
2022-11-07,1365.7633606565107,1371.598421588422,1338.5629558638961,1353.2403564453125,4898592
2022-11-09,1372.5859461620792,1372.5859461620792,1347.5400459604302,1356.6068115234375,3334755
2022-11-10,1333.086979052459,1357.32492412614,1333.086979052459,1348.302978515625,3435763
2022-11-11,1388.4303838615199,1412.5336530698069,1388.4303838615199,1409.4814453125,7214098
2022-11-14,1414.014771210018,1428.602422973989,1408.0001044253945,1423.12646484375,4908813
2022-11-15,1416.4386189277827,1434.392653098893,1411.8603621306952,1430.9365234375,3497614
2022-11-16,1433.7642672771042,1444.4020103215976,1430.4876342122222,1438.8363037109375,4497697
2022-11-17,1433.8091297730527,1438.8363470236297,1421.0168803841925,1425.01171875,3469515
2022-11-18,1428.8715466578726,1434.527110387981,1414.3288250414669,1430.397705078125,3126064
2022-11-21,1420.2537091834579,1425.4154934915452,1404.0502607137878,1407.775634765625,3071764
2022-11-22,1408.4938228981273,1425.550153449475,1402.2099116423676,1422.9019775390625,3399329
2022-11-23,1426.3583182139566,1429.141171694554,1417.7404034167669,1421.196533203125,3245067
2022-11-24,1426.4480659668009,1468.6400477795382,1422.6328335688406,1463.0743408203125,5282215
2022-11-25,1464.5104516907584,1475.8214702395546,1448.710925020796,1468.32568359375,4563255
2022-11-28,1461.4583854460668,1484.3497790755966,1454.276771758371,1457.3289794921875,3825766
2022-11-29,1455.354076434166,1471.1087864470599,1449.8332981741007,1462.401123046875,3131710
2022-11-30,1454.2318618548122,1477.3926101335646,1448.12755589009,1467.6973876953125,11868134
2022-12-01,1486.7734674759286,1501.49579683449,1483.272518616262,1487.5814208984375,5407928
2022-12-02,1486.5940827164045,1491.800796645968,1466.799715499316,1470.345703125,4283343
2022-12-05,1470.4353696971718,1476.5846043633042,1457.2391986740056,1472.00634765625,3824966
2022-12-06,1458.7651217066502,1459.6628233200083,1443.1002723866409,1447.9029541015625,4822398
2022-12-07,1443.5043861676659,1457.6881173772813,1433.3603127551614,1441.2601318359375,4898087
2022-12-08,1441.2600256218434,1457.777758202631,1434.976113956099,1454.411376953125,4206837
2022-12-09,1461.4583510232733,1461.4583510232733,1401.4020860579217,1408.7633056640625,8880658
2022-12-12,1391.4374363592497,1405.7557325970877,1373.528333834033,1388.923828125,8037679
2022-12-13,1388.924053738368,1416.1244596167126,1383.4930240961316,1411.32177734375,6135067
2022-12-14,1420.164080614015,1425.9991416279158,1412.0847653639985,1417.830078125,4976020
2022-12-15,1408.7632757795202,1409.3916231159728,1378.1964900565588,1382.909423828125,6443866
2022-12-16,1368.995176129455,1390.9888691230103,1357.3699822373837,1366.4815673828125,9630453
2022-12-19,1353.6893559876567,1361.7238526722738,1342.1090906861166,1353.1507568359375,6222740
2022-12-20,1347.4502703396117,1360.9157960258838,1330.797859741164,1353.1058349609375,7396259
2022-12-21,1360.0179181471094,1365.4041277239296,1348.6619710394373,1355.12548828125,6236361
2022-12-22,1365.853266083518,1373.4388023348172,1357.1006736784477,1366.3470458984375,6302640
2022-12-23,1354.3622907194851,1355.4395983339368,1340.2684201544278,1343.948974609375,6283822
2022-12-26,1347.0013761347504,1355.4397938764648,1343.2758922315616,1348.70703125,4115459
2022-12-27,1355.484662525693,1365.8082322618604,1344.3083199922382,1359.8834228515625,4860076
2022-12-28,1351.1306256894318,1368.9499801299278,1345.2058171799563,1355.6640625,5029860
2022-12-29,1350.1432281967893,1365.6735099605971,1347.4501233533117,1362.30712890625,4624745
2022-12-30,1371.6881105842783,1373.8426164441485,1350.188200066258,1353.91357421875,5060544
2023-01-02,1359.1202737002234,1370.341544123772,1350.1881862761663,1368.0972900390625,3801140
2023-01-03,1364.3719160112378,1375.862541681665,1360.1078329075388,1366.7957763671875,4551130
2023-01-04,1365.4040133594633,1365.4040133594633,1338.5627159666253,1341.88427734375,7059590
2023-01-05,1351.8488104729133,1351.8488104729133,1318.948026154757,1324.289306640625,9868404
2023-01-06,1319.6213856737572,1324.109893788294,1298.5253975354353,1300.32080078125,6443714
2023-01-09,1300.051693768312,1336.992144494622,1300.051693768312,1332.5933837890625,11498717
2023-01-10,1330.3939407278556,1332.0995959017448,1305.3032216437111,1319.3970947265625,7158624
2023-01-11,1319.621525196474,1341.1663664241717,1314.2353148895497,1320.74365234375,6173092
2023-01-12,1330.3490824935222,1333.087116700985,1306.156063838339,1329.13720703125,6591385
2023-01-13,1331.7405119183861,1363.9680258321482,1317.8261351507858,1349.8292236328125,11610426
2023-01-16,1355.5295931085607,1371.6882240197885,1348.617333718516,1369.4439697265625,6073063
2023-01-17,1370.7904478929847,1384.435469422026,1368.097342887301,1382.01171875,5922644
2023-01-18,1386.7248215371396,1393.098482244262,1382.1016354639867,1387.308349609375,5843098
2023-01-19,1382.3708462159693,1391.0336893900567,1370.0274480510775,1381.47314453125,6165284
2023-01-20,1380.6652340912512,1386.9491460799632,1368.0974101138277,1369.4888916015625,6496429
2023-01-23,1377.9720899793838,1394.4000746897525,1371.777926420586,1389.6422119140625,4855020
2023-01-24,1400.4144270919162,1408.3142446162876,1391.2129861446776,1393.14306640625,5200802
2023-01-25,1388.744493228618,1396.8238083152746,1381.338454399183,1385.1536865234375,4158617
2023-01-27,1387.8469227136595,1392.2905025981806,1353.1956566504216,1363.74365234375,6209955
2023-01-30,1372.4065271087168,1386.0515503516226,1364.5067076000428,1381.383544921875,6964719
2023-01-31,1390.4503014665167,1390.4503014665167,1358.222785821618,1376.85009765625,9448126
2023-02-01,1384.43560335875,1395.9711585819437,1371.733211185899,1392.4251708984375,6194199
2023-02-02,1393.2329580209157,1424.607586792744,1393.2329580209157,1421.7349853515625,6916834
2023-02-03,1434.0785244711133,1440.4971138054802,1412.084831920539,1435.7841796875,7040194
2023-02-06,1434.527157913661,1434.527157913661,1401.8507977317506,1409.2568359375,4570612
2023-02-07,1408.494023406654,1414.822864476851,1396.0159473630506,1402.5692138671875,4336238
2023-02-08,1405.3520131355485,1439.0158269283195,1405.3520131355485,1427.7945556640625,7983338
2023-02-09,1432.9112588662606,1454.0521755088755,1423.7996752366064,1451.58349609375,6904911
2023-02-10,1447.9477241027244,1450.9551120711883,1433.1356479869482,1443.9979248046875,4786762
2023-02-13,1433.6295447624907,1433.6295447624907,1405.8007934239577,1407.1024169921875,4001199
2023-02-14,1422.5877904936112,1432.731863182567,1416.7079103135172,1430.26318359375,5043736
2023-02-15,1421.9593883192538,1435.424912829853,1414.7777752469344,1433.6744384765625,3465747
2023-02-16,1436.3228137046135,1449.2945602827897,1434.3927330071513,1437.938720703125,4290289
2023-02-17,1430.9364201598676,1431.8341218036317,1414.328939750233,1421.7799072265625,2857734
2023-02-20,1422.8121596263827,1439.0157179378093,1420.6128344582553,1429.544921875,2417716
2023-02-21,1435.1556281819492,1437.80391388057,1414.7778439330089,1417.9197998046875,2723288
2023-02-22,1403.1077157532914,1413.8801358358503,1396.1954567000723,1402.030517578125,3656244
2023-02-23,1409.256926645148,1409.256926645148,1389.7768444892642,1392.06591796875,4766854
2023-02-24,1400.4147296784008,1408.4940454265454,1386.949203431493,1392.021240234375,2790986
2023-02-27,1382.4605194389667,1382.4605194389667,1348.3478572709923,1354.901123046875,4920268
2023-02-28,1360.556563512157,1368.0972790929927,1329.7654634659286,1335.3760986328125,9679811
2023-03-01,1339.7300806437838,1347.3156164114991,1329.94510989306,1343.0067138671875,5125043
2023-03-02,1333.0870811609395,1336.318785501753,1317.1978042286796,1321.5516357421875,4644499
2023-03-03,1334.6578035381822,1337.3958371481567,1322.3144070030216,1327.969970703125,4615015
2023-03-06,1341.6600924158531,1364.8656589746784,1340.4032881447426,1353.2403564453125,6561742
2023-03-08,1338.0692966126087,1342.961726985448,1329.585949900398,1339.999267578125,4137080
2023-03-09,1342.0639414577045,1345.0712200119858,1323.7508062262864,1328.95751953125,5104656
2023-03-10,1310.6443201947616,1323.4814967530424,1308.5347433767442,1321.0128173828125,3699580
2023-03-13,1314.4147222773474,1327.0724033065608,1281.9179661287412,1288.2916259765625,8798403
2023-03-14,1293.5881864305952,1300.1862721963982,1266.6571346659055,1274.7364501953125,7402784
2023-03-15,1290.8950455008883,1295.2488768323813,1271.9086326160925,1274.4222412109375,7556182
2023-03-16,1272.7614692311392,1272.7614692311392,1255.615279699322,1260.462890625,7323117
2023-03-17,1283.7132927675293,1295.2936653670802,1267.016064862061,1275.3646240234375,9090018
2023-03-20,1274.4671293545564,1274.4671293545564,1243.1822453152042,1260.05908203125,8221829
2023-03-21,1255.8845609971513,1261.2707706940655,1247.80524645178,1248.43359375,8536755
2023-03-22,1259.4753551088436,1263.2905869400715,1240.758298512187,1247.1319580078125,8356487
2023-03-23,1242.3742213827816,1242.3742213827816,1229.851326526063,1233.9359130859375,7607718
2023-03-24,1246.0098280458892,1255.8396167899662,1236.583961191075,1239.4117431640625,7559127
2023-03-27,1244.4389202610448,1252.9670859905164,1233.5318232273341,1246.8626708984375,4170193
2023-03-28,1249.6903792948028,1254.9868406676687,1235.102728249846,1236.6737060546875,6633366
2023-03-29,1237.9304287914233,1247.715397534525,1224.9586853177364,1242.0150146484375,8813966
2023-03-31,1260.37313586201,1283.6684502024389,1251.3063709749888,1281.873046875,8711975
2023-04-03,1288.2017312639566,1288.2017312639566,1261.4053617670984,1266.522216796875,5242764
2023-04-05,1256.7825403486722,1281.4693402483783,1256.7825403486722,1277.9234619140625,7506334
2023-04-06,1271.1455548730469,1282.277077411361,1266.073518560293,1276.4420166015625,6948465
2023-04-10,1278.2823267500144,1287.3042729141996,1270.2479401489488,1281.5589599609375,4993788
2023-04-11,1282.7259356078043,1286.7206641982061,1246.907617130072,1262.30322265625,6942255
2023-04-12,1268.4974270475386,1285.059979527605,1256.7823760661174,1282.1873779296875,5831169
2023-04-13,1265.534971977077,1266.7020280205386,1241.5214514944475,1247.087158203125,11267238
2023-04-17,1122.3963899019734,1132.136430654267,1064.0457840517952,1129.5780029296875,53171705
2023-04-18,1140.0363692179153,1140.0363692179153,1124.9101156433735,1130.520751953125,12430884
2023-04-19,1126.0320630409092,1126.0320630409092,1103.6344503031144,1106.14794921875,11307230
2023-04-20,1104.801324932899,1111.2199133454824,1096.452765729637,1098.2481689453125,8621249
2023-04-21,1102.4674657463806,1107.0906515432816,1095.1961036957662,1101.794189453125,8691352
2023-04-24,1102.3776114514949,1104.1730147274745,1093.4005950715969,1100.8515625,8313774
2023-04-25,1100.537247505562,1109.110341734084,1090.7074586862907,1099.5947265625,6808576
2023-04-26,1102.3776768107684,1106.8661852668383,1095.6898430443146,1101.9737548828125,5680192
2023-04-27,1104.1729691026203,1120.152101431663,1100.0435636550399,1118.7606201171875,8020704
2023-04-28,1127.2438790677813,1130.2063382433646,1117.5935866641942,1124.595703125,10118277
2023-05-02,1126.2116409241175,1148.833678512012,1126.2116409241175,1146.7689208984375,8886401
2023-05-03,1136.4903330105763,1142.3253939620522,1132.9892745231455,1139.318115234375,5549783
2023-05-04,1139.1383075798776,1145.2876506991165,1133.3481765702838,1143.267822265625,4505401
2023-05-05,1148.1604275980321,1148.1604275980321,1125.9423114267645,1130.296142578125,5373791
2023-05-08,1133.303321607686,1140.3503667127331,1126.7949851195513,1136.131103515625,5260842
2023-05-09,1136.4903186239899,1141.8765286648618,1131.7324559214633,1140.70947265625,4969897
2023-05-10,1145.8265283700148,1145.8265283700148,1130.3411732804484,1134.021728515625,6515734
2023-05-11,1140.305527683217,1145.3775639523772,1124.8651030446258,1127.60302734375,6888461
2023-05-12,1125.1344060204995,1127.5133374467855,1112.2973374345554,1117.818115234375,8292212
2023-05-15,1122.0372679380657,1139.0935985840445,1118.222036083044,1129.622802734375,5534710
2023-05-16,1135.5924585788403,1143.6268436028956,1133.572630095202,1134.964111328125,5236469
2023-05-17,1131.6427073715677,1131.9568810406574,1115.3494000856915,1119.34423828125,10465667
2023-05-18,1129.8472737459822,1130.7899043107132,1115.3493701951222,1118.5362548828125,6948732
2023-05-19,1127.558062988569,1143.0434145513507,1124.6405329839868,1139.093505859375,11094136
2023-05-22,1142.7292411104354,1163.0622048581356,1140.3054905530537,1160.5487060546875,7625947
2023-05-23,1166.293872811124,1179.7145774568664,1164.3639020407309,1167.0570068359375,7436031
2023-05-24,1163.6908378150881,1171.5007993107326,1159.2023290054685,1165.8004150390625,4824077
2023-05-25,1162.0746538564665,1173.2959232061812,1157.3617207295863,1170.9169921875,4334121
2023-05-26,1172.398482842331,1188.0633345112276,1172.398482842331,1182.6771240234375,5521606
2023-05-29,1196.3668378156449,1196.3668378156449,1175.8543788695222,1179.93896484375,4419365
2023-05-30,1180.477725221967,1190.7115464294097,1175.2261922392356,1188.42236328125,6274719
2023-05-31,1184.8315574211917,1194.9307014660071,1179.7147016049091,1183.440185546875,17800782
2023-06-01,1187.2553678657034,1193.4943505359809,1183.2605297506059,1184.517333984375,4277841
2023-06-02,1190.8857617337856,1194.4338775054596,1179.104315999841,1181.7880859375,10909311
2023-06-05,1186.3369863034209,1191.2951754512299,1180.241587621195,1186.7918701171875,5002553
2023-06-06,1172.3265202842344,1172.3265202842344,1158.134167776339,1163.5927734375,10008100
2023-06-07,1174.0550816558036,1177.2392682391398,1166.7769408938925,1172.6448974609375,5397578
2023-06-08,1170.1430477667195,1175.4197442918237,1165.5032551977433,1167.0499267578125,5034942
2023-06-09,1166.7767889359425,1166.7767889359425,1149.9460906160089,1151.7200927734375,5339073
2023-06-12,1158.5889785796096,1178.785773831074,1158.1340948031748,1175.3741455078125,4785588
2023-06-13,1182.606802691583,1188.6112460171735,1180.0139875118512,1187.110107421875,4846587
2023-06-14,1188.4749628140476,1188.7933592845616,1176.5114958499232,1183.0618896484375,3457981
2023-06-15,1177.1937141878004,1177.1937141878004,1166.9134071805377,1170.68896484375,6161155
2023-06-16,1170.8708768960637,1184.0625068222432,1165.4578042106698,1175.101318359375,8536287
2023-06-19,1177.2393798828125,1182.2431021311552,1170.9165389185205,1177.2393798828125,4451787
2023-06-20,1177.239178669295,1187.24662145551,1174.6008306327171,1185.791015625,4009180
2023-06-21,1182.6524057587176,1186.1551000366512,1178.1491003379751,1182.1065673828125,4041529
2023-06-22,1173.0542504034897,1173.0542504034897,1158.588924773524,1165.91259765625,6676607
2023-06-23,1161.27275111336,1163.9110992338817,1149.354818354435,1150.85595703125,7239467
2023-06-26,1155.6321899905513,1159.0438181837924,1148.3540498449702,1155.72314453125,3403244
2023-06-27,1164.5025282959484,1166.322063496411,1159.2258317923613,1163.729248046875,3240024
2023-06-28,1173.6001280966725,1179.6955262002027,1165.7761494538163,1176.6478271484375,5662358
2023-06-30,1190.1579290222737,1218.0878609550978,1186.7463005247835,1214.99462890625,12821692
2023-07-03,1209.9908380904787,1224.5471188494619,1208.5806539697087,1213.35693359375,7732412
2023-07-04,1223.0005235288127,1224.5470838930623,1211.2645002907818,1223.7738037109375,5797775
2023-07-05,1235.327962395677,1235.4189169481579,1219.9983999394044,1225.72998046875,5414936
2023-07-06,1221.4084327344483,1225.8662047537898,1216.495665897886,1222.6365966796875,5963897
2023-07-07,1213.6300129632032,1224.365315371182,1205.7605007879629,1210.1728515625,6295647
2023-07-10,1215.9499539497926,1220.817188493727,1200.2564625432983,1209.2176513671875,3940315
2023-07-11,1213.129475218487,1229.0049853388443,1207.2615190395204,1226.9124755859375,6126128
2023-07-12,1229.0960058756348,1229.9148189122855,1207.26158386156,1212.9931640625,8102770
2023-07-13,1214.4487694545699,1252.5680534152623,1210.7641663190607,1241.9237060546875,9977644
2023-07-14,1256.0706748916025,1300.9676843031073,1256.0706748916025,1297.2830810546875,12833381
2023-07-17,1297.2831359575227,1327.3054684043354,1286.684431680645,1294.5538330078125,11569884
2023-07-18,1304.60684950845,1344.5910945115115,1300.0580111210427,1342.0892333984375,16743977
2023-07-19,1351.9145478817393,1363.5596166733535,1328.8973849794104,1341.861572265625,13687062
2023-07-20,1338.2681331891117,1338.2681331891117,1310.7021306189188,1318.7081298828125,8347221
2023-07-21,1201.0751601871634,1228.1862795203028,1187.2467368696261,1211.446533203125,45548305
2023-07-24,1219.998361010124,1228.0953149237007,1213.8574296627578,1215.995361328125,8859789
2023-07-25,1216.359245637285,1221.681363730559,1204.759709076421,1214.17578125,6801982
2023-07-26,1221.817774817035,1228.186147433356,1218.5426339683336,1227.139892578125,5528885
2023-07-27,1236.0101907567564,1240.7410487249037,1225.5024420215238,1231.052001953125,9191861
2023-07-28,1231.6889554588863,1240.7866322891853,1215.4496245279279,1219.5435791015625,6122735
2023-07-31,1227.0491075504592,1235.0095744205735,1212.9477090948283,1233.3719482421875,7902180
2023-08-01,1239.1034366209878,1245.471809643269,1234.55459874793,1242.0146484375,6064652
2023-08-02,1245.7448867591504,1248.1556821855895,1226.776142424458,1234.418212890625,7419145
2023-08-03,1228.186323150697,1243.2430221271263,1227.2765555039189,1241.196044921875,6503741
2023-08-04,1245.381011248576,1260.847061956178,1239.1035919855417,1253.978271484375,5712345
2023-08-07,1262.6664818373094,1269.1258096249944,1252.7499927266074,1267.3062744140625,3729093
2023-08-08,1267.1698175564386,1267.8067215289614,1259.482325527499,1264.7589111328125,4161877
2023-08-09,1259.1184720200824,1270.0356842052277,1257.7538204969392,1268.580078125,4090828
2023-08-10,1266.0325977609016,1269.853688398212,1260.5739920409878,1263.7581787109375,3873025
2023-08-11,1266.396413303026,1270.8087636526227,1243.6977576448737,1248.0645751953125,5783517
2023-08-14,1248.0646177377491,1269.1257591782453,1242.378570429603,1267.806640625,4304135
2023-08-16,1283.5000834227826,1291.8243675275844,1278.5873165202784,1290.5052490234375,7735313
2023-08-17,1291.8699868845008,1291.8699868845008,1279.1332405349353,1284.1824951171875,5618346
2023-08-18,1277.0408006474313,1281.589638878783,1261.0744450887594,1263.4853515625,5134103
2023-08-21,1264.3493965362918,1280.042886077757,1261.9840232223223,1278.5872802734375,3032722
2023-08-22,1277.9505385325194,1279.178813670877,1270.6269757839684,1277.0863037109375,2890714
2023-08-23,1288.2309000421885,1288.7767383819312,1278.8148277508842,1280.9072265625,2559125
2023-08-24,1293.2345299499723,1296.4642490688886,1286.820624510391,1295.14501953125,5171963
2023-08-25,1285.5016097963642,1294.14440193583,1284.0460038576823,1291.9609375,4307172
2023-08-28,1291.9608968278883,1296.236871016697,1284.0459634347399,1287.9124755859375,3133464
2023-08-29,1295.509057691945,1295.8729869417455,1287.594124022955,1289.7320556640625,3074444
2023-08-30,1298.2383261733323,1307.0176054605395,1295.5090234553786,1305.6529541015625,3070887
2023-08-31,1305.653039664003,1314.5232740786394,1299.7395500542452,1305.9259033203125,9792735
2023-09-01,1301.8319683222358,1315.524015813637,1299.3301072963106,1313.5679931640625,3582133
2023-09-04,1312.794670582204,1337.3583962271932,1305.243554943164,1332.9005126953125,4609014
2023-09-05,1332.8095304482017,1346.5015772139598,1325.0765058688094,1345.455322265625,5496840
2023-09-06,1348.1845184505673,1349.0942859762029,1331.2628646848657,1344.135986328125,5075786
2023-09-07,1337.903999998318,1340.451393300053,1330.1255548746453,1333.9010009765625,4411743
2023-09-08,1331.4448248574233,1341.679709913553,1328.442547485381,1336.994384765625,3125838
2023-09-11,1336.994432557999,1344.6820353527714,1332.3546400444875,1343.226318359375,4182226
2023-09-12,1348.7305652975347,1368.2905701230975,1343.8177976883615,1365.6522216796875,6793161
2023-09-13,1369.2002453382354,1369.2002453382354,1354.3255672096375,1363.1502685546875,4804686
2023-09-14,1369.200240762729,1376.0690305788348,1363.8781225031132,1370.9742431640625,6444213
2023-09-15,1381.0272468920564,1381.3911761511094,1372.839338313645,1375.2047119140625,8657816
2023-09-18,1369.1093400919283,1369.1093400919283,1353.7342448047293,1357.19140625,3991916
2023-09-20,1342.9988490854248,1360.193478454991,1342.9988490854248,1355.7811279296875,4169337
2023-09-21,1352.4151068014573,1368.7909240446215,1342.8170139394665,1366.2435302734375,6779195
2023-09-22,1357.2821697249913,1370.9741041105199,1351.186660777571,1361.148681640625,5455613
2023-09-25,1355.417217832278,1355.417217832278,1338.7685376167728,1341.1339111328125,4217863
2023-09-26,1345.6826275575102,1346.3649531864253,1327.3507901162034,1328.8519287109375,3996528
2023-09-27,1324.621827336827,1336.9946463700553,1319.2087537146745,1334.6292724609375,3863586
2023-09-28,1335.447772053514,1339.723634998435,1305.5163982722486,1309.5648193359375,5814602
2023-09-29,1302.8782039633304,1316.251854791077,1288.2309672949007,1305.9259033203125,6068968
2023-10-03,1306.4717573853966,1307.3359921507258,1292.142918222993,1304.606689453125,4181867
2023-10-04,1296.4188460811952,1319.1175035605104,1290.2323819022101,1314.0228271484375,4510406
2023-10-05,1320.982497846701,1342.4985228636597,1319.3448718155562,1331.3992919921875,7384621
2023-10-06,1336.9034978713848,1350.5500119701062,1331.2629831328265,1345.2733154296875,3598672
2023-10-09,1332.7185470073355,1356.4634585781648,1330.2621079137662,1342.3165283203125,3567552
2023-10-10,1350.0041284403374,1361.9220614766054,1336.5395238912695,1360.239013671875,5688951
2023-10-11,1361.9220140294271,1381.254574348816,1347.7750842911132,1359.556640625,7220129
2023-10-12,1357.2824151740776,1368.6545111001026,1320.9826627670805,1333.2645263671875,11081662
2023-10-13,1278.2234711912276,1308.2458018313064,1273.6746332154582,1302.013916015625,17973439
2023-10-16,1302.8780961484347,1313.340423053773,1300.9676064898863,1304.7431640625,4850745
2023-10-17,1310.2928671016498,1322.2108011891066,1308.291422679862,1312.2943115234375,3923764
2023-10-18,1311.8847923385383,1322.8020028156968,1308.5641186072812,1310.565673828125,4264837
2023-10-19,1297.419661765858,1309.7470582096269,1297.419661765858,1304.2884521484375,6795691
2023-10-20,1300.9675589324422,1308.7005828841384,1296.6461631947295,1298.4656982421875,3928622
2023-10-23,1296.964582762976,1303.1055136577397,1278.4508355358098,1281.5440673828125,2636516
2023-10-25,1289.2388086550927,1292.5103316871437,1254.4966784655405,1262.5601806640625,6940777
2023-10-26,1248.7371699932087,1266.2003688015045,1246.9400932403355,1252.7918701171875,6357656
2023-10-27,1256.6623976967833,1276.3373223697179,1256.6623976967833,1272.0521240234375,4634358
2023-10-30,1272.0522558250557,1272.0522558250557,1256.155634097897,1269.01123046875,2667696
2023-10-31,1271.6835518717269,1272.7894712580314,1256.0634389161826,1261.039794921875,3451595
2023-11-01,1265.3249033766447,1269.379603358429,1245.6038569027073,1247.90771484375,3090672
2023-11-02,1262.5140897817043,1268.319856505661,1254.819227134566,1262.65234375,3758060
2023-11-03,1271.7755703024777,1282.787965091785,1269.655976225005,1280.0694580078125,3349045
2023-11-06,1284.5391312922866,1296.8417109189295,1281.6823697767961,1293.20166015625,2736381
2023-11-07,1290.1604881630135,1295.5976155760281,1285.4145181543718,1294.1231689453125,2272209
2023-11-08,1294.7681818070128,1294.7681818070128,1277.6735106371746,1281.8665771484375,3550635
2023-11-09,1286.3821608724284,1287.8566074771882,1262.5602919196745,1266.9376220703125,5498051
2023-11-10,1262.4681428598753,1265.4171487849635,1254.2203756878132,1261.4544677734375,2943649
2023-11-13,1271.5914215374528,1273.9874114709824,1263.2975323492624,1265.7857666015625,3462092
2023-11-15,1289.2390443084512,1303.0621934611509,1283.7097846473714,1299.8367919921875,8551860
2023-11-16,1304.9973516506468,1339.3709592887674,1299.9288638617754,1331.537841796875,6673907
2023-11-17,1327.9899276991723,1337.1592379171582,1322.4606682729127,1324.7645263671875,4901251
2023-11-20,1328.8652717092657,1338.0807035519097,1321.1704086192708,1323.888916015625,3584210
2023-11-21,1328.8654600226937,1336.2378065415437,1324.0273576196985,1326.100830078125,3793135
2023-11-22,1323.520357257011,1344.4854659823166,1323.520357257011,1343.42578125,3108786
2023-11-23,1352.733312304696,1352.733312304696,1334.1180718038254,1335.5465087890625,3186928
2023-11-24,1332.1368202960523,1338.6797545299087,1321.3546973396635,1324.626220703125,2973195
2023-11-28,1330.7085493558543,1331.6300926725826,1315.0884351345396,1329.510498046875,3755373
2023-11-29,1337.251355220777,1346.0981477081089,1336.0534165206054,1345.08447265625,3875778
2023-11-30,1339.2326879569457,1346.0521303013406,1335.8230230312827,1340.983642578125,10120867
2023-12-01,1345.3610059685648,1345.3610059685648,1332.6897863489253,1338.3572998046875,3489187
2023-12-04,1345.8677509348179,1356.4194883018783,1335.592634024112,1349.4617919921875,5511948
2023-12-05,1350.7981854850148,1351.8118605948976,1328.8654104130064,1339.8778076171875,5123039
2023-12-06,1342.4580969426866,1361.1193473034825,1337.2053455420607,1358.6312255859375,5269178
2023-12-07,1357.2948166644478,1357.2948166644478,1347.1118322726165,1350.89013671875,4424453
2023-12-08,1355.0371580856024,1377.4305905862009,1351.2127312666094,1374.1591796875,6323433
2023-12-11,1373.0994779966725,1380.4718241872586,1365.7271318060862,1371.7171630859375,3862018
2023-12-12,1361.5800891380788,1373.0993792323097,1352.5029110424384,1360.243896484375,6103494
2023-12-13,1360.19782972632,1360.2439518858023,1320.7097241735976,1335.316162109375,8549258
2023-12-14,1348.5863495012065,1392.4517835867966,1346.697140932601,1383.6510009765625,12489858
2023-12-15,1403.5565657706456,1463.917651822094,1401.6673570114986,1454.56396484375,18395389
2023-12-18,1444.9334995521797,1468.0181998579026,1437.883784632054,1441.615966796875,6467243
2023-12-19,1446.915036424613,1450.4629554436433,1422.1716226248461,1436.0408935546875,4221721
2023-12-20,1442.2612442252062,1459.2636714338232,1409.9611097529205,1415.8590087890625,6592367
2023-12-21,1401.897594233354,1425.3048140325604,1401.897594233354,1415.4903564453125,5319038
2023-12-22,1414.522587091421,1443.1365463701209,1403.5101916485912,1440.27978515625,6741060
2023-12-26,1414.5690046946413,1426.549067926583,1403.5104847882335,1422.8167724609375,6878067
2023-12-27,1422.8627642542663,1446.8228885227966,1422.8627642542663,1444.150390625,4225849
2023-12-28,1445.8553380015408,1445.8553380015408,1432.9998537640408,1440.0496826171875,5702253
2023-12-29,1420.144166634131,1437.1004712006081,1419.1765012951132,1421.8489990234375,4388990
2024-01-01,1418.254950581332,1434.8427277811138,1414.799163664711,1429.635986328125,2808451
2024-01-02,1424.7057474638627,1427.6086309615123,1403.5102544550214,1414.015869140625,5396313
2024-01-03,1400.6995390215577,1400.6995390215577,1371.2562788380874,1373.099365234375,7550363
2024-01-04,1386.8764724125788,1400.5153575424802,1375.771943719321,1394.0184326171875,7056038
2024-01-05,1388.5351762892633,1418.8999788505123,1388.07440470264,1412.31103515625,8895403
2024-01-08,1408.99332800709,1415.4902520910591,1394.525145818226,1403.325927734375,4440136
2024-01-09,1420.9277078418625,1431.1568164848954,1406.1368921398105,1409.3162841796875,4412074
2024-01-10,1405.3072902245185,1414.983494047482,1386.9225479581153,1400.653564453125,4096845
2024-01-11,1405.2611686981993,1405.3533005143752,1369.9660211372372,1376.9697265625,11296088
2024-01-12,1439.450434041234,1491.056851650907,1433.368271607278,1486.21875,26754401
2024-01-15,1515.8923891628679,1534.3232525223632,1507.6446228067189,1522.4814453125,13228305
2024-01-16,1515.7543934625273,1519.1640585147397,1497.5077919845023,1503.5439453125,6500917
2024-01-17,1493.1303945709744,1518.2424471875822,1493.1303945709744,1511.51513671875,9209876
2024-01-18,1513.7729287969016,1519.6247054977496,1500.5026844916376,1513.726806640625,6375464
2024-01-19,1522.0207083253042,1534.830181149936,1515.1552565650597,1529.0244140625,4522736
2024-01-23,1520.6384796288353,1543.3084208611072,1509.2113209406687,1513.312255859375,9401255
2024-01-24,1529.6695716902016,1548.1925674088009,1515.938555587784,1543.9534912109375,8999681
2024-01-25,1541.6956238359799,1548.6994420250173,1527.9185982399085,1538.147705078125,8865304
2024-01-29,1534.5076571987393,1547.5935254301967,1518.3345293026832,1526.62841796875,4253785
2024-01-30,1532.0194213135253,1557.4079810311105,1518.9335530973535,1521.8824462890625,4995943
2024-01-31,1518.93352092331,1536.442841049227,1509.5798353047996,1530.591064453125,6763779
2024-02-01,1529.3470709031976,1545.4279548337279,1520.8688059210901,1527.043212890625,5760011
2024-02-02,1535.3371760388302,1583.6720744845543,1534.3695106294924,1560.4952392578125,7858483
2024-02-05,1561.785455468717,1567.3147150838886,1549.8975247974827,1554.8277587890625,3634135
2024-02-06,1554.4130874102375,1597.0344630098957,1542.6172887335351,1593.762939453125,7694265
2024-02-07,1593.3481668011993,1593.3481668011993,1554.5050990563916,1560.86376953125,4613877
2024-02-08,1564.7802667251876,1572.4751295193644,1550.7728558600897,1559.3431396484375,5919715
2024-02-09,1552.5238399589869,1560.080561966992,1529.577503446997,1538.378173828125,4600004
2024-02-12,1539.2996220000239,1560.1264752853303,1539.2996220000239,1548.28466796875,3555808
2024-02-13,1550.9571831806093,1556.5785741207376,1532.9870910403704,1552.3856201171875,2696481
2024-02-14,1529.9460822117326,1538.470357405494,1507.1840085834583,1535.475341796875,3768579
2024-02-15,1545.4277608582577,1555.3343490688874,1531.235974783489,1544.8287353515625,4834391
2024-02-16,1556.486498735968,1574.917363137815,1555.5188333576436,1568.14404296875,4880654
2024-02-19,1571.2312906913012,1577.221322004787,1555.2885469674084,1566.3931884765625,3690993
2024-02-20,1552.800375906301,1561.324650966914,1537.8252980971156,1553.03076171875,3706389
2024-02-21,1542.663439133254,1542.663439133254,1516.2151921931338,1525.6610107421875,4300508
2024-02-22,1534.3694366019563,1552.4316609246032,1515.3856690741432,1549.4366455078125,5841277
2024-02-23,1563.8587905950133,1565.194983220865,1540.728079066558,1545.2896728515625,5373072
2024-02-26,1543.5386736406174,1543.5386736406174,1515.9385009458492,1529.89990234375,2782438
2024-02-27,1530.683233844853,1539.9907975363865,1523.1266247075048,1533.0792236328125,5159088
2024-02-28,1538.9772213327412,1555.380736114235,1531.6509975218291,1540.129150390625,3188916
2024-02-29,1534.369531530479,1550.2661528030922,1523.5875203601972,1542.5712890625,7814722
2024-03-01,1538.05555376044,1540.774061120071,1521.467776667757,1524.87744140625,6387291
2024-03-04,1527.7803779385492,1533.8625405850848,1505.479077403563,1508.75048828125,4445156
2024-03-05,1505.8016678459578,1508.888815229402,1476.312283897934,1480.459228515625,4596579
2024-03-06,1477.0495710017406,1493.0383239437163,1452.3521668225044,1490.642333984375,6420684
2024-03-07,1489.7667940250446,1500.6870590284748,1478.3396352373709,1489.6285400390625,6348359
2024-03-11,1481.9796685740168,1487.186409973432,1463.4105512344881,1475.02197265625,6752895
2024-03-12,1474.4691365947879,1497.5077168540815,1472.303532549028,1486.403076171875,4614222
2024-03-13,1486.3570462420234,1497.046924837975,1473.1329238521018,1484.9747314453125,5688997
2024-03-14,1487.7394689212454,1527.6883469444472,1481.8415695289827,1523.5875244140625,8803799
2024-03-15,1512.344570167545,1516.6758908384104,1491.3794617139743,1505.8016357421875,11809997
2024-03-18,1502.11543929507,1504.5575513115562,1473.4093456712776,1476.9112548828125,4958904
2024-03-19,1467.4193112677192,1473.5475961267095,1435.764324431153,1438.943603515625,6870411
2024-03-20,1440.371958643916,1451.3843544053573,1430.5575014942751,1432.9534912109375,4759059
2024-03-21,1441.2936639483573,1453.2276042120811,1422.309895221054,1432.7232666015625,11062497
2024-03-22,1401.6672315575609,1408.9474454626866,1380.6560012352104,1390.470458984375,14673890
2024-03-26,1374.9424783172167,1389.1802760076575,1371.164173630106,1375.54150390625,8351081
2024-03-27,1378.628657389427,1381.3932870499673,1365.3124028550521,1367.431884765625,6857402
2024-03-28,1370.472857803067,1393.188917951044,1370.472857803067,1380.5177001953125,12499530
2024-04-01,1405.3533500790074,1409.9149438246613,1375.6797046680076,1378.1217041015625,6580002
2024-04-02,1368.353462463362,1376.0023163808078,1364.6672894897633,1366.5103759765625,7279400
2024-04-03,1362.9624633692197,1377.799287158803,1359.2762903783632,1364.4830322265625,8736248
2024-04-04,1373.6062588459959,1378.3061066574217,1352.8254147328123,1370.0582275390625,11186915
2024-04-05,1363.93009899174,1370.0582714607572,1360.24392608138,1363.0545654296875,5072482
2024-04-08,1366.6485404880466,1373.9747637962018,1358.4467836601393,1360.8427734375,6610887
2024-04-09,1373.099263903387,1395.0320353978589,1370.6111424492417,1377.5687255859375,9423230
2024-04-10,1382.6372778632074,1391.3919380114644,1368.076963217734,1388.581298828125,6744595
2024-04-12,1386.0009366054892,1388.581302495331,1363.4231287950938,1368.26123046875,12275616
2024-04-15,1363.884010132131,1374.8964069734686,1346.420810540168,1352.9637451171875,8531224
2024-04-16,1337.159257468646,1340.983684459676,1302.1867360834249,1303.476806640625,16173541
2024-04-18,1309.6049788534715,1331.3533752077963,1297.072014216493,1307.900146484375,22107945
2024-04-19,1276.3373231980736,1314.903883353496,1270.5776782377934,1300.52783203125,20603621
2024-04-22,1308.4991354557612,1324.1192467826613,1302.1865874045059,1320.3409423828125,5859087
2024-04-23,1329.7867901203954,1333.334708815105,1320.5713584494295,1329.23388671875,4856174
2024-04-24,1330.985003306902,1330.985003306902,1315.0883817387778,1318.498046875,4268213
2024-04-25,1308.5913232271268,1331.5377710414832,1308.5913232271268,1325.59375,9089398
2024-04-26,1326.745647271391,1331.9985107982977,1315.042094094127,1318.037109375,8062444
2024-04-29,1317.7607514168,1326.838042603384,1316.1941728580287,1322.1842041015625,5055957
2024-04-30,1322.1380131744238,1323.8429581264434,1306.3336369406475,1309.0982666015625,6936588
2024-05-02,1302.1406139236367,1312.2775896866656,1301.08081668616,1303.476806640625,10076354
2024-05-03,1310.5266461015717,1313.0148803966708,1293.109456008172,1305.1817626953125,8842345
2024-05-06,1308.5914366893924,1332.27505360971,1305.9189387214822,1314.028564453125,6445422
2024-05-07,1313.1528923189749,1330.1093091097507,1304.5364861962978,1327.8975830078125,6080661
2024-05-08,1322.6448266752147,1326.791770914921,1313.751912640343,1315.318603515625,6234983
2024-05-09,1315.5490256671164,1336.1915031252968,1313.0607915586831,1326.6075439453125,6088406
2024-05-10,1322.460619610937,1323.289918499904,1302.1405469699123,1313.10693359375,8777481
2024-05-13,1313.199189050727,1313.199189050727,1300.4818466437416,1311.770751953125,3735954
2024-05-14,1314.489298423798,1321.2626187308836,1306.7944348778417,1312.922607421875,3463230
2024-05-15,1314.120792315833,1319.4657886422606,1307.2553394850484,1308.54541015625,4327544
2024-05-16,1321.4467475230538,1341.5364330774394,1315.0420676637514,1339.32470703125,9249145
2024-05-17,1342.6885398437046,1342.6885398437046,1326.33114685659,1330.9849853515625,7542860
2024-05-21,1317.8067987413262,1331.3534390178734,1316.332352094495,1321.6312255859375,6752663
2024-05-22,1316.6547668463822,1345.4068679388222,1315.9636094884577,1340.6610107421875,7173285
2024-05-23,1340.5689872639355,1362.17924504405,1336.237778771356,1356.88037109375,8641428
2024-05-24,1353.0558377538796,1359.737026123514,1345.4531061608475,1350.1529541015625,5277938
2024-05-27,1356.373369267408,1363.5153292403581,1345.6834903871545,1355.91259765625,5821844
2024-05-28,1359.7370687266528,1360.1978403527887,1345.7296562893546,1351.9500732421875,6186922
2024-05-29,1350.4295268928772,1350.521658721026,1336.237738072663,1337.1131591796875,7401634
2024-05-30,1329.6025651299135,1336.0993771509409,1310.0197722599248,1315.456787109375,9663150
2024-05-31,1325.18568552157,1350.5181357141773,1315.9738228639974,1322.459716796875,37113815
2024-06-03,1353.5732408404072,1353.5732408404072,1319.733909819397,1321.5198974609375,10589244
2024-06-04,1324.4336953647442,1330.0735833506835,1276.8236180013437,1310.0050048828125,13736134
2024-06-05,1316.1149378567663,1351.6932097544602,1316.1149378567663,1344.267333984375,9233424
2024-06-06,1358.2260359203012,1385.8145809499692,1351.2232206049546,1383.8875732421875,12660930
2024-06-07,1392.1123044504961,1447.2891608293014,1388.5873745776473,1441.5552978515625,24075302
2024-06-10,1433.753506313127,1437.9834221145236,1407.434030215548,1409.7369384765625,6810606
2024-06-11,1410.0190163300265,1416.0348049461413,1404.2850385180848,1405.97705078125,4853054
2024-06-12,1416.5519427607585,1418.1969101793593,1393.7573942458623,1396.060302734375,9564320
2024-06-13,1405.2721826102318,1414.6719965407349,1399.961264790733,1404.28515625,7307565
2024-06-14,1413.449739391059,1413.449739391059,1396.8591623623047,1399.5380859375,4237727
2024-06-18,1407.152097561087,1416.5519111720494,1405.6481503320965,1408.280029296875,5420939
2024-06-19,1414.6718886285164,1424.6827126496337,1406.8699977638037,1420.6407470703125,5493456
2024-06-20,1425.2936379231433,1426.4215695435462,1409.125891319924,1424.4476318359375,7927010
2024-06-21,1452.2710438887668,1464.2558049305671,1432.2493971920012,1440.709228515625,17301941
2024-06-24,1433.0486251290843,1437.325471461373,1424.4477727552649,1435.4925537109375,5564989
2024-06-25,1434.4115183965616,1451.237207255743,1429.1006009006553,1449.4041748046875,4551525
2024-06-26,1448.5111662607692,1455.889996430208,1442.8712785271127,1448.2291259765625,4851004
2024-06-27,1446.1141853395814,1483.6665071274144,1440.0983968135813,1478.9195556640625,14757754
2024-06-28,1478.1677581888457,1493.160415233066,1470.3658668733547,1472.7158203125,8197544
2024-07-01,1465.900925341744,1503.8761950899986,1465.900925341744,1495.3223876953125,6801771
2024-07-02,1500.3980870491325,1535.7414752975033,1491.2803144467298,1523.7567138671875,10493173
2024-07-03,1527.4696078755678,1537.809402144264,1509.609963229638,1529.7255859375,7269965
2024-07-04,1530.4775505601317,1560.3690026530594,1530.2896001922775,1551.5802001953125,8008311
2024-07-05,1552.332191113537,1565.8679458210338,1535.3185512266714,1548.572265625,7065022
2024-07-08,1544.483343885064,1566.008939897241,1541.5694246287367,1561.9200439453125,5880533
2024-07-09,1560.2750121000736,1566.7138611771477,1551.9091554243114,1557.6900634765625,5191182
2024-07-10,1557.5490553427878,1573.5287378659184,1539.2664644712022,1549.32421875,9852770
2024-07-11,1556.6090643284788,1565.0688961998292,1543.4963708254108,1553.507080078125,8857679
2024-07-12,1579.1685341207829,1616.532789615605,1566.6198071109059,1609.012939453125,17078316
2024-07-15,1622.5957659620963,1624.2877782953476,1600.4592739409936,1604.59521484375,6942230
2024-07-16,1615.4519041715741,1633.593589888385,1597.9682742375035,1622.454833984375,6886281
2024-07-18,1615.827863817848,1659.4430193327232,1615.827863817848,1652.5341796875,11248896
2024-07-19,1733.3255702708213,1733.3255702708213,1679.2295989019908,1685.3394775390625,29819116
2024-07-22,1692.1074068427617,1713.5859571917674,1685.3394724496927,1702.1651611328125,8462126
2024-07-23,1701.3662125939957,1729.5186076175692,1676.2217119382558,1726.6517333984375,7113056
2024-07-24,1727.2156416274588,1731.7745279912915,1710.3899533806657,1723.878662109375,6002845
2024-07-25,1710.7660645530111,1721.0118842620095,1703.246213719811,1715.324951171875,5815599
2024-07-26,1715.7949342558115,1769.9848820315087,1715.7949342558115,1766.1309814453125,11369047
2024-07-29,1779.9487760733678,1788.784624281326,1752.12534926978,1758.7991943359375,4635931
2024-07-30,1758.7990290172347,1767.1178407699306,1748.365259289592,1764.4859619140625,2721265
2024-07-31,1764.344953812893,1772.0058245898792,1753.1122228334534,1756.1201171875,5004209
2024-08-01,1744.699358548906,1755.7911843622094,1734.3595637121655,1741.409423828125,7475014
2024-08-02,1732.3855594141,1747.895251074617,1707.147084115294,1711.8939208984375,7400938
2024-08-05,1677.8196096487513,1689.6164211011132,1615.4049418548652,1646.7532958984375,10736703
2024-08-06,1654.5551502330297,1689.0994653436978,1640.126459251215,1646.0013427734375,7690163
2024-08-07,1688.206449501223,1689.9924369566963,1656.341059827465,1684.1175537109375,5094329
2024-08-08,1673.1196857214622,1673.1196857214622,1623.4416964698462,1638.5284423828125,6227910
2024-08-09,1664.9420365933122,1673.8718597959298,1650.6073203996366,1664.4720458984375,4258524
2024-08-12,1666.634058979033,1695.2564465708763,1661.9810822256,1689.5225830078125,4315329
2024-08-13,1701.366147109179,1701.366147109179,1681.673584839887,1689.5693359375,4176918
2024-08-14,1693.8464406687062,1715.4660123309595,1689.5694795075585,1713.821044921875,7450718
2024-08-16,1738.9653871768742,1750.1041425189478,1719.6957707243737,1747.378173828125,7335657
2024-08-19,1748.3653628246682,1755.46226812506,1738.2135180462226,1752.8773193359375,2585989
2024-08-20,1767.165030694927,1772.5228787734409,1756.073204285589,1759.8331298828125,3870333
2024-08-21,1762.5589566406527,1766.2249067508462,1755.0391060531026,1760.302978515625,1966902
2024-08-22,1770.924710030664,1779.9955522213554,1757.4829319922503,1767.3997802734375,4300287
2024-08-23,1765.4729100507645,1769.6088509029312,1745.5453515046195,1750.3392333984375,5015935
2024-08-26,1757.7652339668489,1775.3898853769442,1752.1253455156184,1763.546142578125,3728589
2024-08-27,1763.54596510821,1788.5494451104064,1761.431007151832,1786.0584716796875,3830679
2024-08-28,1792.450420519267,1833.903574209478,1783.5205978872887,1822.7177734375,6514531
2024-08-29,1816.983773648736,1833.4334456812517,1805.6100233635862,1817.312744140625,7228284
2024-08-30,1821.6837784081808,1832.9635541258785,1812.2839653100993,1827.0416259765625,13466759
2024-09-02,1826.712755054023,1857.1681741009113,1826.195834151735,1846.5933837890625,5573739
2024-09-03,1848.9431652572641,1848.9431652572641,1820.2266914499244,1824.7386474609375,4694322
2024-09-04,1805.7980647866775,1811.5319278069883,1786.0115271331308,1807.0670166015625,4778310
2024-09-05,1810.638983993486,1823.5637269032381,1794.9882723576418,1817.1248779296875,4081810
2024-09-06,1806.6440148254599,1820.273743345215,1783.0034627545024,1787.703369140625,5848106
2024-09-09,1776.564732765143,1805.5631341580754,1775.6247514250556,1780.9356689453125,4772612
2024-09-10,1790.5704823041315,1818.8638977650467,1782.2046254069915,1797.5263671875,6909600
2024-09-11,1799.7822173243185,1810.4040523138208,1790.6644442667855,1795.50537109375,5312946
2024-09-12,1809.464116978717,1838.9795546148218,1796.1164275717779,1833.3865966796875,8555092
2024-09-13,1833.3867057185469,1841.0475772026095,1819.4750496173078,1827.4178466796875,3843127
2024-09-16,1828.9686923682912,1834.8435757434945,1817.0309752474043,1833.1986083984375,1570181
2024-09-17,1830.8486394119768,1840.9063937669002,1825.584766901514,1835.360595703125,2793127
2024-09-18,1822.388675234394,1822.388675234394,1768.386797525358,1778.5855712890625,6385468
2024-09-19,1795.9282898631557,1809.370068657787,1766.036952686509,1780.5125732421875,7976570
2024-09-20,1790.664520804125,1800.0643345616268,1755.3212440246816,1791.3695068359375,15242974
2024-09-23,1794.4243751721033,1803.73021337189,1765.7078993837924,1782.6275634765625,3636672
2024-09-24,1774.6847802570394,1796.210376017183,1759.0811128709156,1784.6485595703125,7277616
2024-09-25,1773.1337292502485,1787.4684442930745,1764.156976545127,1781.546630859375,4268341
2024-09-26,1783.896554606288,1802.8370859804254,1779.3845984749128,1786.199462890625,8952803
2024-09-27,1816.1378289440818,1856.0870338017216,1789.0664366162493,1792.309326171875,14908931
2024-09-30,1767.1649937536263,1787.1395980713203,1758.2351706468926,1763.029052734375,6986955
2024-10-01,1762.4650370326212,1794.3773580722982,1762.4650370326212,1790.053466796875,4029072
2024-10-03,1776.0947919095763,1797.1033525009973,1768.104950294741,1779.7607421875,7503887
2024-10-04,1776.1418246086153,1836.8175525476968,1772.8048448832324,1803.0252685546875,10001483
2024-10-07,1807.772048058558,1825.4437429610623,1801.0512733437376,1818.2059326171875,6112575
2024-10-08,1821.5897622643915,1840.4363182559603,1791.933306709296,1831.6005859375,5637391
2024-10-09,1835.3605115538048,1858.3430081700687,1828.3575821051584,1835.5484619140625,4857163
2024-10-10,1840.3895163779584,1846.1233796899428,1799.2182871655539,1803.82421875,4782119
2024-10-11,1802.8842276209207,1830.1436867455332,1795.4583520140732,1818.9578857421875,4709431
2024-10-14,1816.1849669571325,1851.2932470173037,1815.1979406537325,1841.3294677734375,3751378
2024-10-15,1842.3633853617557,1871.925751948734,1834.6085394794932,1841.7054443359375,5353705
2024-10-16,1837.6635261263593,1841.9404871358424,1801.3332242595482,1804.858154296875,3111512
2024-10-17,1819.0517651449982,1859.2830106666543,1814.304928428157,1849.9771728515625,8162822
2024-10-18,1780.1367445813487,1820.6028732629586,1757.0601563072833,1766.7889404296875,10526196
2024-10-21,1777.5986762175419,1784.8366013292746,1727.6856903747387,1741.5504150390625,4654601
2024-10-22,1746.6732140121014,1765.0969393741664,1736.098424337156,1740.4693603515625,4125240
2024-10-23,1734.500561986716,1772.804801466981,1733.3255853155424,1760.9610595703125,4311910
2024-10-24,1749.6812424897346,1770.9247972575436,1748.3652457001226,1751.51416015625,2906475
2024-10-25,1751.60811836117,1763.7339001545147,1735.581505943881,1750.292236328125,4689120
2024-10-28,1748.0833692337449,1768.951025226307,1745.5454653432146,1753.394287109375,7018940
2024-10-29,1754.9627985871089,1760.2866061853301,1738.8011693476826,1748.59326171875,4621252
2024-10-30,1741.653136738328,1748.3079249245552,1707.76122797984,1713.2276611328125,5919715
2024-10-31,1699.728089871948,1699.728089871948,1660.3697457491953,1670.589599609375,7395236
2024-11-01,1677.4819828348002,1678.9080088899161,1665.6460129974564,1674.011962890625,371966
2024-11-04,1639.454765739415,1679.8588408591163,1633.2753189564019,1676.674072265625,7336722
2024-11-05,1673.2039554066878,1681.2371893406507,1658.9436944231081,1667.68994140625,3160880
2024-11-06,1677.0066599508023,1737.0898453384439,1675.723259696614,1733.762451171875,10421494
2024-11-07,1723.5426610222241,1735.6638830746192,1698.8724555004114,1714.1309814453125,4550965
2024-11-08,1728.3437169759088,1749.829154713953,1723.7329222391422,1739.704345703125,4210960
2024-11-11,1738.8011800020988,1775.8778590726738,1732.669314114394,1768.367431640625,3804234
2024-11-12,1778.8249314544848,1788.2367269114475,1769.223045604574,1776.638427734375,5012450
2024-11-13,1769.3181384269985,1780.8213927172376,1764.7549244206982,1776.2581787109375,4257495
2024-11-14,1773.5961711004963,1783.4833086013102,1764.469627272938,1772.5980224609375,4311431
2024-11-18,1758.0049000608628,1758.0049000608628,1706.4778709351956,1722.1165771484375,4839244
2024-11-19,1735.4737552340218,1767.987103735295,1730.7679155470983,1734.7607421875,4669769
2024-11-21,1751.16006482196,1774.9271666789355,1730.8154024223286,1743.6021728515625,5436504
2024-11-22,1762.6633798054363,1819.6569616576032,1743.554652462339,1808.4388427734375,6301486
2024-11-25,1821.5106048142616,1824.647908539123,1789.187347735094,1796.507568359375,12764638
2024-11-26,1811.00558516297,1842.9961275482167,1803.7329448177684,1829.2587890625,6850495
2024-11-27,1834.9153604909611,1845.6581372544963,1817.4703304442407,1829.591552734375,4447143
2024-11-28,1820.4649949645564,1820.4649949645564,1760.3342260139732,1765.087646484375,8468790
2024-11-29,1759.811276019277,1784.4340168837268,1754.0121263454853,1766.2283935546875,5244346
2024-12-02,1767.3216723437565,1789.9479994533772,1744.6953452341356,1787.095947265625,2868263
2024-12-03,1793.9408410909798,1806.0620629902432,1778.8725217831325,1798.789306640625,4715792
2024-12-04,1791.0888644737497,1819.56180716774,1782.5327074778559,1796.0799560546875,4705573
2024-12-05,1806.2997139926326,1853.7388717964993,1795.7946087095554,1839.4310302734375,9050038
2024-12-06,1837.4822303839658,1842.3781605401093,1818.088252003757,1827.5950927734375,3573331
2024-12-09,1829.3062538776032,1835.0103583375276,1803.6377838079438,1828.783447265625,4274645
2024-12-10,1843.3764867481466,1868.664660829215,1836.721697987323,1852.45556640625,6174921
2024-12-11,1858.5873457085745,1880.4530791874988,1855.7352935156714,1876.79296875,5025612
2024-12-12,1877.7911587179638,1900.2273959695365,1873.3705705619063,1889.00927734375,6462130
2024-12-13,1872.6100645470372,1907.5001256882165,1857.4466990978751,1901.0830078125,5362693
2024-12-16,1897.042541916786,1900.9879041439099,1880.0728539329739,1882.402099609375,3119221
2024-12-17,1870.9462106912868,1884.255787393359,1861.4393701898068,1879.1220703125,5811050
2024-12-18,1869.8054617493733,1887.060284654621,1864.8618349910091,1881.54638671875,3064095
2024-12-19,1838.623014099366,1863.1031292043601,1825.3134369549032,1850.2213134765625,5323592
2024-12-20,1877.7438033938301,1882.3070176382269,1816.9950636033855,1827.3575439453125,11056720
2024-12-23,1834.8678004850174,1844.3270603797318,1814.8558547757257,1829.4013671875,2781793
2024-12-24,1832.015755380025,1846.2284355881454,1749.2586619372746,1814.9034423828125,2360544
2024-12-26,1814.9034908105154,1825.0757640546135,1808.4863732653307,1813.3348388671875,3623321
2024-12-27,1815.236249934069,1829.25884045684,1810.007487366256,1822.2237548828125,3937500
2024-12-30,1821.2254956591669,1821.510747311123,1793.4655661808106,1812.00390625,7789055
2024-12-31,1798.9794709559926,1803.4476395627287,1754.0596496753712,1787.2860107421875,3613063
2025-01-01,1781.5819053214227,1799.5973216045268,1781.5819053214227,1789.6627197265625,1838368
2025-01-02,1793.9409285299619,1865.8602051810894,1792.3248119514092,1861.296875,7083645
2025-01-03,1856.6384617090841,1856.6384617090841,1827.214835312903,1843.1387939453125,6218003
2025-01-06,1855.7354066651392,1875.6997732327457,1832.9189877307317,1842.283203125,7164403
2025-01-07,1849.08049857111,1861.9623140172655,1828.7834170796311,1835.6282958984375,4294832
2025-01-08,1834.8202633622047,1842.9961231909604,1795.6045452981161,1837.81494140625,5482050
2025-01-09,1838.670663062687,1855.5927707165636,1816.3295863112587,1822.7467041015625,6833503
2025-01-10,1841.4749361612496,1880.262890374542,1836.9591870921913,1869.9478759765625,8036913
2025-01-13,1859.538056114521,1885.0164358188285,1852.8832675701437,1865.4322509765625,5804152
2025-01-14,1871.7543886244132,1874.5589763818855,1835.8660634362316,1844.374755859375,5792162
2025-01-15,1850.981884706997,1861.4869901029845,1841.5700892018165,1853.501220703125,2985439
2025-01-16,1868.9973329214629,1869.948017007702,1822.3187674971882,1833.3466796875,7533579
2025-01-17,1759.7161759087412,1766.3709642563163,1722.6394979722525,1725.9193115234375,16409953
2025-01-20,1733.0494968108637,1737.8029172097529,1704.7191808636662,1723.87548828125,4333011
2025-01-21,1729.3418737355341,1741.3204695981628,1704.6240883474466,1711.896728515625,7169109
2025-01-22,1718.2664752007781,1773.7864501626696,1716.1274359637641,1764.8974609375,8373913
2025-01-23,1766.3710631349807,1786.8583519719805,1761.3323909696403,1773.45361328125,5907471
2025-01-24,1773.501188842313,1801.4513245969808,1772.312833717117,1782.96044921875,4887027
2025-01-27,1757.577160982871,1771.1244088768565,1722.6395216773292,1732.1463623046875,7652371
2025-01-28,1739.7519532584283,1771.5998715284597,1734.9034874184256,1739.5142822265625,6999495
2025-01-29,1754.0120684956396,1795.5094503993766,1749.7339902797964,1788.474365234375,5145155
2025-01-30,1780.7739533235829,1794.1309953598945,1753.0614884709362,1768.224853515625,7336056
2025-01-31,1778.729881094765,1803.875428129993,1778.729881094765,1787.095947265625,5820470
2025-02-01,1787.571323971164,1797.3633003755383,1754.9628135718901,1760.0489501953125,1701402
2025-02-03,1745.4559465267448,1784.0062318529979,1742.0335070965566,1771.40966796875,4823228
2025-02-04,1795.8421853594061,1816.947325024505,1782.5326085489075,1805.158935546875,7334787
2025-02-05,1812.0038151596648,1825.0281403385413,1800.88085809743,1803.4952392578125,4996744
2025-02-06,1822.4615009681065,1829.1162899648602,1806.2998705474192,1821.1781005859375,4765255
2025-02-07,1824.648004479721,1828.8309215990796,1796.2699917999128,1809.769775390625,4126260
2025-02-10,1811.0531389851265,1811.0531389851265,1785.9550565261386,1787.5712890625,3828734
2025-02-11,1790.2333073638108,1809.1519452403381,1777.7793681552455,1783.1507568359375,4411601
2025-02-12,1792.0395140512057,1801.1660581275596,1755.9135185424811,1771.26708984375,5633947
2025-02-13,1776.3532848619434,1781.106705479717,1745.1233346132335,1752.3485107421875,5237744
2025-02-14,1762.5681886374266,1767.606860408019,1738.1831200991312,1764.849853515625,5292961
2025-02-17,1747.880247229523,1761.3799146336082,1732.2890052365772,1751.4453125,4428956
2025-02-18,1751.445375977347,1769.8410902296603,1746.977091046225,1760.619384765625,4365260
2025-02-19,1756.2937934312417,1758.004955145868,1716.840404092615,1721.498779296875,4611411
2025-02-20,1716.5077280780874,1740.7025920720746,1716.5077280780874,1735.14111328125,2218020
2025-02-21,1731.9563977351202,1739.6093353659326,1717.125632438778,1725.49169921875,3379879
2025-02-24,1711.2788452920981,1718.8367369576058,1663.9347338827708,1677.1016845703125,7594720
2025-02-25,1659.0863139546623,1690.744023588038,1659.0863139546623,1680.524169921875,5092963
2025-02-27,1668.640552657757,1688.2722009652173,1664.7427713690586,1677.2918701171875,5757079
2025-02-28,1668.4981483304996,1668.5456129045258,1599.478390980019,1604.469482421875,12182167
2025-03-03,1608.8426647276233,1643.3524261230082,1608.8426647276233,1624.3387451171875,7504969
2025-03-04,1611.4094536632444,1615.212189837081,1587.642352576766,1605.0399169921875,6759673
2025-03-05,1608.9852468032536,1647.4879525703643,1608.9852468032536,1627.0958251953125,8180782
2025-03-06,1630.4231429408271,1637.3631829139892,1607.7017709749155,1631.231201171875,10610547
2025-03-07,1619.109945155919,1620.9162680194895,1592.8710891886537,1602.853271484375,8019331
2025-03-10,1602.8533592169706,1634.225933863566,1593.5366088108908,1617.5413818359375,7558981
2025-03-11,1597.1492261839649,1597.1492261839649,1556.3173920894415,1579.6566162109375,12671234
2025-03-12,1556.174926049121,1556.174926049121,1486.679937103563,1512.3958740234375,14870008
2025-03-13,1520.3814033600804,1526.846101049761,1492.859147684044,1501.9381103515625,7822888
2025-03-17,1468.949515897204,1515.3904095675546,1468.949515897204,1511.63525390625,7526032
2025-03-19,1523.9465678973438,1523.9465678973438,1495.2359553339961,1508.307861328125,7387068
2025-03-20,1513.4890294263832,1551.4213467784741,1513.4890294263832,1535.877685546875,7186750
2025-03-21,1500.131882621123,1524.8022038807094,1486.5371700431922,1514.011962890625,10074677
2025-03-24,1519.1456594946171,1527.844442496362,1495.140885206093,1514.2021484375,8857726
2025-03-25,1525.84798372026,1555.46181670782,1525.84798372026,1548.1414794921875,9890140
2025-03-26,1545.8122407498795,1556.9827781599724,1516.3410356679321,1520.571533203125,6651302
2025-03-27,1516.8640098840594,1540.0606082841557,1507.7849306219216,1524.469482421875,9426573
2025-03-28,1511.5877308709687,1519.620965158934,1483.0672076469882,1493.1920166015625,6799047
2025-04-01,1463.3404602190724,1471.0885586286036,1442.9957978349414,1451.21923828125,12680733
2025-04-02,1459.4902057913214,1478.9317655581158,1459.4902057913214,1473.7030029296875,6193478
2025-04-03,1458.9673514518697,1458.9673514518697,1411.8134441365378,1422.69873046875,10459504
2025-04-04,1388.4742004590178,1399.4070681791675,1376.5906485892897,1380.0606689453125,9590254
2025-04-07,1285.3249277060586,1336.5668248830998,1242.5441423903983,1327.8680419921875,21715252
2025-04-08,1360.4289830692378,1384.671428260199,1345.218037067066,1358.3375244140625,12805001
2025-04-09,1335.7586139092537,1339.9415307106342,1313.7502558802394,1334.47509765625,8546854
2025-04-11,1341.652928180614,1367.844321400648,1328.1532604606723,1339.941650390625,12567440
2025-04-15,1374.3089224037624,1376.3053358191778,1339.513907284088,1355.675537109375,10178530
2025-04-16,1354.724784610381,1357.10149475882,1327.915540556106,1343.41162109375,12022740
2025-04-17,1329.0563853909828,1359.2881865002564,1310.327954849587,1349.49609375,14264227
2025-04-21,1340.4645789137878,1399.2169026224717,1340.4645789137878,1379.442626953125,15648970
2025-04-22,1368.9850198763202,1368.9850198763202,1349.3059066357173,1352.63330078125,9399738
2025-04-23,1374.6891479419496,1414.4277879886072,1368.6047467603623,1402.1639404296875,11136642
2025-04-24,1397.4105217628291,1409.7694145318515,1389.4247524558623,1398.8365478515625,7114292
2025-04-25,1402.7343459374797,1427.642222162945,1391.3261370921732,1407.2025146484375,8329979
2025-04-28,1407.2024661808139,1416.1389193452367,1393.0373668593481,1409.0087890625,5886253
2025-04-29,1408.9138107783806,1435.3428747016321,1401.4033833138335,1423.6494140625,8056743
2025-04-30,1422.9840278751349,1434.3922372400868,1409.4842438297574,1426.1212158203125,7704183
2025-05-02,1425.7408206525301,1448.081895785028,1422.4134264838601,1432.5858154296875,7402310
2025-05-05,1440.2864278864722,1447.8919007730015,1428.6881281546378,1434.2020263671875,4282493
2025-05-06,1431.7302219442606,1440.856765886036,1425.170478593818,1436.958984375,4270530
2025-05-07,1426.0260242923393,1443.8989302169214,1422.7936754272177,1433.916748046875,5691799
2025-05-08,1433.6315426322524,1441.7123570303784,1427.166844693632,1436.8638916015625,8424409
2025-05-09,1426.6915991963783,1436.8639888159648,1420.4171072727893,1433.2513427734375,4478653
2025-05-12,1461.2014458755218,1551.516434397431,1456.4480254270004,1546.66796875,11372857
2025-05-13,1529.6507024801845,1532.6928451513845,1487.4403056280353,1491.2430419921875,12846210
2025-05-14,1496.3767741072957,1516.3411402167324,1492.0986956552736,1513.869384765625,4870057
2025-05-15,1511.3976659657826,1538.7772990924948,1493.524758023796,1533.4534912109375,11151167
2025-05-16,1533.0731584594146,1533.0731584594146,1503.5069061207216,1511.49267578125,4576751
2025-05-19,1498.7534529196623,1506.8342676039738,1478.9791776249906,1482.8770751953125,8855798
2025-05-20,1492.573904126385,1505.4081383338412,1481.1656959419795,1483.637451171875,7143998
2025-05-21,1490.577561992386,1493.5246593705174,1475.556707413097,1491.14794921875,4157309
2025-05-22,1478.789066286349,1483.8277382618005,1464.0534632471729,1471.18359375,6158990
2025-05-23,1473.560201459695,1508.9255998746105,1473.560201459695,1487.63037109375,5038421
2025-05-26,1489.3416207391451,1505.693456152503,1485.6339297061554,1502.55615234375,3170102
2025-05-27,1501.985817890451,1504.8378701621398,1479.6447417622219,1492.6690673828125,7775714
2025-05-28,1503.0315254066693,1509.4010623010483,1492.5740005619675,1494.2852783203125,3623370
2025-05-29,1510.6370121874,1529.555648703017,1498.8485063145804,1507.4046630859375,8609500
2025-05-30,1514.5387348868949,1515.5027951891782,1499.2101525439637,1506.5369873046875,13148092
2025-06-02,1503.9340358386107,1503.9340358386107,1483.6887699715526,1497.9569091796875,4374509
2025-06-03,1502.9700087561519,1510.9717563250315,1480.410974183671,1487.5450439453125,6853403
2025-06-04,1487.545069852834,1501.3311794658816,1486.0025968815146,1495.4503173828125,4548307
2025-06-05,1492.2689554139665,1511.3572786610305,1486.195328477135,1498.43896484375,6948539
2025-06-06,1498.8244913615613,1512.5142181403369,1487.641415492617,1507.5975341796875,3960020
2025-06-09,1521.2871674371763,1530.9277705261318,1514.5387452749073,1516.3704833984375,2903202
2025-06-10,1527.0715350387688,1549.726952383094,1520.8051430073597,1538.6402587890625,8591925
2025-06-11,1532.9522867625028,1575.8529708756475,1532.9522867625028,1572.478759765625,10597410
2025-06-12,1558.8854834598367,1569.4901466126246,1540.6647205061456,1550.787353515625,10483574
2025-06-13,1519.3589933969258,1551.1729824718614,1513.7673967286814,1544.424560546875,6968315
2025-06-16,1542.4964798976407,1576.0458254086714,1539.7006814911979,1565.441162109375,5591842
2025-06-17,1562.45249586964,1588.192976732241,1557.5358118299073,1580.9625244140625,7622083
2025-06-18,1562.7417700471647,1585.589952431105,1562.7417700471647,1574.214111328125,5629707
2025-06-19,1565.5375611980423,1571.4183055533617,1553.5831898154863,1560.2352294921875,5147760
2025-06-20,1560.8136276168789,1572.0930860674746,1551.076642111549,1564.573486328125,9202821
2025-06-23,1543.4605584963404,1543.4605584963404,1518.7806380620095,1527.071533203125,7943676
2025-06-24,1543.4604830931148,1551.172965207259,1519.9373891083474,1524.7576904296875,8083992
2025-06-25,1532.8558375256184,1561.6812632899293,1528.1319186406413,1556.8609619140625,7813533
2025-06-26,1550.9801998907828,1565.6338688312192,1548.8591966999713,1557.92138671875,6519233
2025-06-27,1560.8136478253264,1571.0326636135578,1544.8102701550988,1550.208984375,8912268
2025-06-30,1556.9573602116636,1556.9573602116636,1536.8084767193552,1544.2318115234375,6294505
2025-07-01,1551.1731318297038,1559.5604099565173,1542.9786187031953,1549.05224609375,4178937
2025-07-02,1559.8495930029494,1589.735462831807,1545.7743359105034,1552.619140625,8653641
2025-07-03,1560.331649069145,1573.7321112354073,1556.9574379034102,1560.5244140625,5259695
2025-07-04,1566.5979433677658,1584.3366759246808,1554.3544249759318,1581.733642578125,4411273
2025-07-07,1581.0590301119776,1584.915271648836,1564.670003580329,1568.5262451171875,3294523
2025-07-08,1569.490144015709,1587.035994129852,1563.2237521630664,1579.8055419921875,4590681
2025-07-09,1578.9380931561673,1579.1308581535004,1565.2483655342028,1574.9853515625,4580828
2025-07-10,1579.9985303020203,1579.9985303020203,1549.3413641152463,1557.728759765625,5330179
2025-07-11,1522.3475129338776,1549.341199857552,1506.826166489392,1537.5797119140625,11391755
2025-07-14,1534.5911874414394,1534.5911874414394,1503.7412587495296,1513.8638916015625,9173426
2025-07-15,1508.8507771918205,1545.967099361679,1507.790334380739,1528.614013671875,7614807
2025-07-16,1522.2513030563432,1554.0652948238287,1521.769272878048,1550.1126708984375,6223491
2025-07-17,1540.5684750083872,1552.1371994765352,1523.3117708067696,1526.589599609375,7374814
2025-07-18,1534.8803087969368,1541.821613244393,1523.2152032454187,1529.095947265625,5161833
2025-07-21,1523.2153333190533,1531.8918763569468,1510.4897839367352,1527.36083984375,3682661
2025-07-22,1508.7544033781517,1528.806905141675,1508.7544033781517,1514.4423828125,8473741
2025-07-23,1519.648319505044,1534.6876368616054,1494.2934861823694,1517.9129638671875,8035026
2025-07-24,1523.21527148752,1525.14339208434,1492.558106924831,1496.70361328125,14169664
2025-07-25,1487.930738061539,1493.8114825426642,1456.9844249801497,1461.2261962890625,10851259
2025-07-28,1459.4908778130184,1464.6968268487494,1429.2193615593824,1461.515380859375,6439855
2025-07-29,1458.5267960319763,1462.6721845547067,1442.3305365336291,1459.2979736328125,7070448
2025-07-30,1465.2753927209724,1467.0106307922656,1451.8749299240865,1464.40771484375,5719051
2025-07-31,1455.4418850255533,1472.21655890233,1443.198365471235,1454.76708984375,6851407
2025-08-01,1440.2096707795008,1444.8370894973941,1412.83033538686,1416.782958984375,8702978
2025-08-04,1408.9741142502269,1429.5086455065348,1398.8514812022438,1427.291259765625,8610216
2025-08-05,1425.5558755811649,1425.5558755811649,1402.7076942328947,1407.8172607421875,10213323
2025-08-06,1399.8155998166778,1403.768223634903,1378.895537719122,1385.0654296875,10566934
2025-08-07,1378.60613953599,1390.1748623852432,1363.3739407112198,1385.2581787109375,9892020
2025-08-08,1373.785961785155,1381.6912093691872,1366.169861688454,1371.9542236328125,10048009
2025-08-11,1368.8692198674414,1381.884033692687,1363.1812406590395,1376.870849609375,6625368
2025-08-12,1376.8709588997938,1389.2109785794498,1369.9297713819558,1372.9183349609375,9899184
2025-08-13,1373.7860181657672,1382.462561438393,1371.279484756972,1375.3284912109375,10318063
2025-08-14,1374.9427475738962,1417.1686356270611,1374.9427475738962,1395.6700439453125,12902347
2025-08-18,1412.0590009823861,1412.0590009823861,1378.2205097468736,1384.19775390625,7254561
2025-08-19,1381.2092603896435,1397.309139357621,1381.2092603896435,1388.2469482421875,3986094
2025-08-20,1388.921654258322,1445.1264179190935,1388.921654258322,1442.427001953125,10413061
2025-08-21,1453.802949118853,1453.802949118853,1430.9547668193538,1442.619873046875,6565539
2025-08-22,1444.258688328196,1450.2359327005538,1432.6899649169563,1434.0396728515625,5543397
2025-08-25,1452.549588321255,1483.6887826854402,1452.549588321255,1477.0367431640625,10694531
2025-08-26,1468.2638125760993,1483.1103644867733,1464.021923789744,1474.6265869140625,15994798
2025-08-28,1474.6266696224122,1474.6266696224122,1444.162386475055,1446.1868896484375,5443364
2025-08-29,1447.922152992462,1447.922152992462,1414.951220922169,1416.782958984375,8169075
2025-09-01,1423.6278448203498,1449.368326287933,1423.1458146544753,1445.5120849609375,4546057
2025-09-02,1445.5120710387366,1458.4305028963795,1432.8829043510907,1444.837158203125,5218763
2025-09-03,1446.0904115917858,1447.9221496497632,1420.0607841831338,1425.9415283203125,4623483
2025-09-04,1430.665555379037,1430.665555379037,1407.6244895421655,1410.4202880859375,5787724
2025-09-05,1417.1685500698275,1419.771465639559,1381.4983212585462,1392.681396484375,5466487
2025-09-08,1398.8515684147906,1405.5999908675153,1376.967445534214,1381.402099609375,3811567
2025-09-09,1427.7733097648295,1453.0316426482493,1419.5787971834648,1450.2359619140625,13072640
2025-09-10,1455.8274419814547,1479.7361846012639,1455.056264347903,1477.518798828125,7281071
2025-09-11,1469.1314991861996,1472.6020926929066,1452.3568266067848,1455.4417724609375,8003662
2025-09-12,1481.7606968153777,1487.4486761823323,1466.4321143461764,1470.7703857421875,12856963
2025-09-15,1470.7703889313757,1472.6021270614033,1447.2472937742573,1454.1885986328125,6167414
2025-09-16,1454.18869843609,1459.5874130189484,1449.4647790449067,1456.9844970703125,8923112
2025-09-17,1462.3832147820146,1471.830935901443,1459.58741614181,1467.685546875,4795698
2025-09-18,1494.2935138953433,1499.1138155530703,1483.2068200825713,1485.2313232421875,9331945
2025-09-19,1489.0875921991392,1495.546867150236,1465.4681136380061,1484.845703125,12988129
2025-09-22,1429.4121385641438,1460.2620677071914,1428.7373434373958,1445.6083984375,15655204
2025-09-23,1439.3420265057648,1458.6232324870878,1439.3420265057648,1443.6802978515625,9832164
2025-09-24,1433.7504516255494,1442.909024606748,1429.4121802134027,1440.884521484375,4937004
2025-09-25,1435.4857737282794,1448.6933526456728,1423.4350200871756,1431.436767578125,9491867
2025-09-26,1421.9889772759154,1425.555953399892,1389.4036912657584,1396.8270263671875,8597058
2025-09-29,1407.5280279964163,1412.3483294621576,1384.872611107433,1389.982177734375,10513117
2025-09-30,1391.1390030128964,1400.0083106366037,1386.4150840398418,1389.982177734375,7556305
2025-10-01,1394.031143886091,1397.405354815276,1376.099646484765,1393.83837890625,6250692
2025-10-03,1387.282784330546,1396.2485922754322,1381.6911874663804,1394.609619140625,6877533
2025-10-06,1394.6096065704758,1425.6524188431904,1390.4642178899833,1422.9530029296875,4630590
2025-10-07,1424.5918193613172,1429.6050033943986,1401.743637948074,1406.0819091796875,5570320
2025-10-08,1404.6358503769075,1444.1623224877194,1402.707729786136,1441.2701416015625,4657192
2025-10-09,1448.0185870707542,1459.5873108023447,1433.557682406266,1455.0562744140625,7028753
2025-10-10,1455.7310370996563,1467.0104954131987,1444.933608930849,1460.4549560546875,3738353
2025-10-13,1443.1982662450723,1450.6214834671307,1430.087069727637,1439.5347900390625,5859355
2025-10-14,1445.1264411305913,1459.9729938155936,1433.075686951717,1436.353515625,5600789
2025-10-15,1430.569218120133,1435.1002548224249,1414.7586043879573,1421.41064453125,6986098
2025-10-16,1420.9285143742625,1421.5069270236047,1408.0100826842827,1418.61474609375,8005748
2025-10-17,1402.6114532010124,1405.9856644896408,1382.4625679694304,1389.307373046875,16959378
2025-10-20,1401.4544470050912,1414.276496397426,1397.8874708768014,1408.395751953125,6994246
2025-10-21,1424.881136066363,1432.5936185349226,1417.1686535978035,1419.482421875,1698704
2025-10-23,1455.7310466373283,1490.4372172856354,1451.8748054541832,1473.566162109375,20358624
2025-10-24,1484.1708637038648,1487.5450748262833,1463.4435668090073,1470.57763671875,8652257
2025-10-27,1478.0165606695539,1483.2043487095048,1466.3685916918344,1472.633056640625,7273211
2025-10-28,1467.9347848431598,1474.5908017388306,1458.9296979699484,1468.4241943359375,8211019
2025-10-29,1468.4241778932897,1488.0005573851865,1465.1941469679696,1478.408203125,4884976
2025-10-30,1475.0801523386458,1476.2546872805226,1457.5592692997866,1462.1597900390625,5608867
2025-10-31,1458.4403008415877,1465.3898918009988,1449.3372364048548,1450.9034423828125,4819814
2025-11-03,1450.9033496746388,1459.8105780526128,1442.974820743242,1454.0355224609375,5470600
2025-11-04,1448.3583414401685,1450.511814804534,1431.9142548968182,1436.808349609375,8691330
2025-11-06,1447.2816360762577,1451.58846323567,1430.9354078512456,1435.6336669921875,7944752
2025-11-07,1438.8638806951196,1449.533031326473,1418.4065403991735,1445.5198974609375,8765759
2025-11-10,1458.5381171839108,1487.8048281611332,1458.4402591842686,1481.4425048828125,9787975
2025-11-11,1492.6989304110698,1500.9210336624128,1479.0933228205395,1497.88671875,13692989
2025-11-12,1507.3812396717751,1526.1745164244364,1505.5214596999074,1518.8333740234375,14635417
2025-11-13,1524.1189242683809,1524.5104757353395,1497.8866487683968,1509.14306640625,19655689
2025-11-14,1487.8047537888665,1497.59294295853,1457.2656513734084,1470.9691162109375,9739549
2025-11-17,1464.3132041198487,1478.212385937251,1460.8873376663598,1475.66748046875,7910354
2025-11-18,1474.1013313334302,1474.1013313334302,1451.784211591062,1454.91650390625,7525119
2025-11-19,1458.9296699222182,1510.317665675936,1458.9296699222182,1508.4578857421875,10981126
2025-11-20,1522.0634729079381,1522.0634729079381,1501.5082748815287,1503.955322265625,7387584
2025-11-21,1498.5718033380108,1518.6375916910017,1493.9714020948772,1512.2752685546875,9186302
2025-11-24,1530.4813442936104,1551.4280945139647,1508.3600590826622,1515.2117919921875,19270381
2025-11-25,1516.1905908718425,1517.7566773334454,1493.5798964672151,1498.1802978515625,8107952
2025-11-26,1499.6485223505715,1527.251289037942,1499.6485223505715,1524.902099609375,7575038
2025-11-27,1530.8728564928056,1540.954739594805,1519.3227449478784,1533.2220458984375,7552252
2025-11-28,1531.8516566735827,1535.179665000364,1524.0211050739736,1527.055419921875,4453221
2025-12-01,1529.4045743430058,1540.6609920101703,1523.042251313739,1530.872802734375,5341800
2025-12-02,1533.8093151456649,1546.4361036663386,1523.1401645511503,1527.9364013671875,6335969
2025-12-03,1522.1613705980963,1552.406900951154,1521.182551618934,1545.261474609375,12895312
2025-12-04,1534.7880917871573,1565.1314788059085,1534.7880917871573,1563.7611083984375,12609619
2025-12-05,1575.8985332981872,1597.2368345243183,1566.1103436503722,1581.9671630859375,10344725
2025-12-08,1582.8481284293375,1595.4749170068917,1566.306063981828,1576.681640625,7550413
2025-12-09,1567.2848235795727,1572.8641631737528,1548.883099378693,1565.1314697265625,6957599
2025-12-10,1573.9408513587562,1573.9408513587562,1549.2746619298632,1551.2322998046875,5116140
2025-12-11,1564.1527099609375,1573.3536321517727,1547.023378030827,1564.1527099609375,5159319
2025-12-12,1567.4806809838458,1567.8722324584342,1549.0788370408115,1564.348388671875,4633912
2025-12-15,1551.4280562362142,1576.6816332735752,1551.4280562362142,1572.766357421875,4190558
2025-12-16,1566.1103574156468,1569.0468143358012,1552.0153403019585,1559.1607666015625,5499258
2025-12-17,1553.5814245843821,1572.8642300238714,1552.4068896118622,1568.0679931640625,4817628
2025-12-18,1576.3879761796316,1595.4749463972676,1572.6684162407605,1592.3427734375,6577293
2025-12-19,1615.0513027562847,1619.847539612933,1595.2792073285575,1603.9906005859375,13149023
2025-12-22,1628.7547583833573,1657.3362243784013,1628.7547583833573,1653.8125,23098923
2025-12-23,1643.4370603643276,1643.4370603643276,1621.3157754082474,1632.9637451171875,6593060
2025-12-24,1625.8182910699556,1632.2784723030877,1617.4983299175808,1628.16748046875,4271167
2025-12-26,1628.167521100225,1633.453167508233,1616.7152673020842,1621.0220947265625,2006491
2025-12-29,1622.8818655924697,1637.6620082639456,1602.4245250544589,1609.863525390625,4062817
2025-12-30,1612.1148331917736,1612.9957941560388,1582.554548282334,1587.2528076171875,9395937
2025-12-31,1586.6655664923117,1594.1045668429529,1575.1154547350545,1581.1842041015625,6538656
2026-01-01,1581.184158007412,1604.8715288376811,1579.9116455766828,1595.2791748046875,3658165
2026-01-02,1601.2499777187402,1608.6889779975038,1593.0278744696911,1605.6546630859375,2524526
2026-01-05,1602.3265912739637,1602.3265912739637,1549.568226955718,1572.374755859375,5917885
2026-01-06,1566.2081943610224,1585.5888575673962,1565.1315174017209,1578.0518798828125,4466729
2026-01-07,1580.7926463324388,1607.2207586859843,1580.7926463324388,1604.2843017578125,4508079
2026-01-08,1604.186403368615,1609.472049603195,1574.5281413468902,1579.128662109375,3942131
2026-01-09,1575.898487352098,1596.747378487979,1572.9620305433675,1579.91162109375,6816681
2026-01-12,1575.996349102621,1579.1286413969012,1558.867017677559,1562.09716796875,6985362
2026-01-13,1583.7290294043642,1583.7290294043642,1552.7983751003353,1565.1314697265625,8080618
2026-01-14,1554.3644397699236,1582.7501883551427,1549.5682031809922,1565.91455078125,7557157
2026-01-16,1628.461030733189,1658.119292555676,1618.3792672921977,1654.00830078125,19335957
2026-01-19,1649.309891747184,1649.309891747184,1631.201741600405,1645.59033203125,5104958
2026-01-20,1637.5641409981627,1644.6115898062917,1617.889903547792,1623.7628173828125,6406503
2026-01-21,1616.0301458476063,1621.9030597634667,1596.6494821313709,1619.358154296875,6224582
2026-01-22,1630.712428320841,1635.8022392467942,1618.7708845027832,1628.265380859375,6228892
2026-01-23,1631.8869227568262,1640.2068839190629,1626.9928279555104,1635.4107666015625,5869137
2026-01-27,1650.0930280724322,1653.6167523834592,1625.9161283991023,1647.05859375,10673087
2026-01-28,1644.4158380681818,1653.029492632909,1615.05126953125,1631.2017822265625,8588664
2026-01-29,1622.8818691859371,1631.2018305177105,1607.318623503672,1624.35009765625,4749582
2026-01-30,1619.9454090553113,1619.9454090553113,1583.8269648597889,1606.241943359375,9207926
2026-02-02,1626.7970461591942,1626.7970461591942,1583.7290136495644,1594.8875732421875,6784887
2026-02-03,1690.616056346825,1691.3991593070652,1617.9877374621406,1620.9241943359375,8805868
2026-02-04,1540.66097646391,1551.3301265638145,1478.1144237257668,1503.2701416015625,28828622
2026-02-05,1501.5082372972433,1518.1481590925844,1483.5958031001303,1488.00048828125,10628127
2026-02-06,1489.86026239605,1492.6988611765453,1448.6520095352703,1475.177978515625,13900866
2026-02-09,1489.8602864300617,1495.6353420798034,1461.376679139494,1465.4876708984375,8294615
2026-02-10,1468.2284271414342,1483.7916723660803,1459.4190565785855,1466.0750732421875,8657000
2026-02-11,1469.4029562852068,1474.003477029586,1437.885033967625,1440.7236328125,7934411
2026-02-12,1398.6344233110094,1405.2903204885395,1351.259562174479,1356.64306640625,26048896
2026-02-13,1266.493817560756,1348.1273389393946,1254.3564391221673,1340.1009521484375,45785709
2026-02-16,1344.6035807140283,1346.854912154694,1309.953484521095,1336.6751708984375,14621891
2026-02-17,1340.9819956812096,1400.6899531531467,1338.0455387563604,1361.73291015625,25347684
2026-02-18,1361.4392729027982,1371.3253201935424,1316.805153615715,1344.603515625,20241373
2026-02-19,1355.6643110050506,1372.3042339560152,1334.326009074035,1341.471435546875,14574228
2026-02-20,1330.4106332686276,1336.0878308198503,1309.8554358713993,1324.5377197265625,12633552
2026-02-23,1323.3632672728343,1323.3632672728343,1290.0834217940796,1299.3822021484375,12887826
2026-02-24,1273.4434027288626,1275.988307999553,1237.3249610296912,1248.4835205078125,27839061
2026-02-25,1258.9568742250233,1295.564726518415,1258.9568742250233,1262.7742919921875,16669618
2026-02-26,1277.848187510079,1286.168148899459,1259.054910753846,1261.7955322265625,11493914
2026-02-27,1298.207628321947,1306.723305439908,1266.7874442662774,1272.5625,23141724
2026-03-02,1263.6552272829085,1271.290062662244,1246.0364867011174,1261.5997314453125,9700361
2026-03-04,1264.6340504084835,1289.104523520103,1264.6340504084835,1279.7078857421875,15154950
2026-03-05,1292.0410271405913,1292.0410271405913,1262.7743163409898,1278.141845703125,10362147
2026-03-06,1275.4011212294208,1299.0884925711757,1275.4011212294208,1280.686767578125,8724291
2026-03-09,1262.676497890922,1290.0834296280893,1255.3353554613236,1287.14697265625,10068514
2026-03-10,1292.0410437407636,1293.0198627132945,1256.9014187299574,1268.1578369140625,9600171
2026-03-11,1260.7188580118502,1271.975276386956,1244.3726286871142,1249.2667236328125,7868891
2026-03-12,1245.5471752363726,1251.5179472285731,1231.3542997621664,1238.9891357421875,7599940
2026-03-13,1224.5025045780033,1242.7085131232232,1216.280401513626,1221.8597412109375,7366098
2026-03-16,1213.931245180508,1227.7326883178384,1198.2701415781937,1223.3280029296875,12314450
2026-03-17,1218.6295738865974,1218.6295738865974,1189.3628638376754,1206.785888671875,11223276
2026-03-18,1211.7778669014497,1263.459555545422,1208.7435520363658,1240.261474609375,12365381
2026-03-19,1217.846529327881,1228.4178221249233,1189.3629208552388,1194.9422607421875,9156461
2026-03-20,1215.6930991638783,1238.0102183433878,1203.1641691885866,1229.2987060546875,27299975
2026-03-23,1211.9735596886824,1234.3885372371806,1201.4023868626336,1230.1796875,12420293
2026-03-24,1242.1213008151199,1269.5282325903943,1224.5025589595862,1251.224365234375,13613495
2026-03-25,1243.100095463166,1263.263742406015,1230.4733068170258,1252.00732421875,10824030
2026-03-27,1257.9780904958054,1267.3748481809973,1236.444073189259,1242.806396484375,13092541
2026-03-30,1223.5236944376795,1238.6953882487069,1216.6719617488286,1224.1109619140625,14108486
2026-04-01,1262.6764804554484,1275.4011271577126,1242.610691424955,1248.6793212890625,8137156
2026-04-02,1233.3119397486187,1277.7503462365091,1233.116223742555,1273.247802734375,12873492
2026-04-06,1273.8350657038357,1292.041075138383,1271.4858762157266,1278.5333251953125,10208682
2026-04-07,1274.4222980187042,1316.609371698259,1266.1023367797188,1311.0301513671875,15355792
2026-04-08,1320.4267760360608,1347.7358488962445,1302.8080347694565,1317.68603515625,16030133
2026-04-09,1301.7313192842819,1309.170319257509,1286.1680743957882,1303.395263671875,14894607
2026-04-10,1290.0834192154255,1290.9643801968148,1256.1184483091881,1265.12353515625,19233369
2026-04-13,1245.0577246851824,1261.6976471062894,1238.8911174058185,1249.756103515625,10366082
2026-04-15,1278.631284802942,1294.4881045276459,1272.9540869097948,1277.6524658203125,12098912
2026-04-16,1294.0965334739733,1302.808046184627,1281.2740288923192,1291.2579345703125,18527029
2026-04-17,1285.1893342368037,1300.165312581974,1278.4354593069281,1290.7685546875,12064048
2026-04-20,1292.0410136169874,1296.8372503675125,1280.3930442184933,1284.7977294921875,7172300
2026-04-21,1282.2528368892558,1296.9351212811175,1271.7795218169556,1285.385009765625,10057440
2026-04-22,1267.5705813427946,1270.2133447995752,1229.2987830540255,1241.729736328125,20088378
2026-04-23,1227.438951608261,1238.891085420282,1200.0320212693207,1214.32275390625,14792854
2026-04-24,1174.5826894228176,1197.9764852174349,1127.7950978335834,1130.144287109375,42078914
2026-04-27,1130.1443119385692,1154.9084786451926,1130.04645394258,1145.5118408203125,19579883
2026-04-28,1138.0727223885278,1144.6308809119316,1125.4460537763027,1127.697265625,12720276
2026-04-29,1133.961747660014,1153.2444330805374,1132.2978032475876,1142.7711181640625,8303109
2026-04-30,1142.7711514334947,1164.5988623339997,1135.0384576467616,1156.768310546875,12205669
2026-05-04,1169.6886601132755,1169.6886601132755,1140.5198072387318,1143.652099609375,7735811
2026-05-05,1144.728787187228,1160.0961972461241,1135.5278649580357,1153.1466064453125,8164108
2026-05-06,1161.8580797644604,1166.2627649868193,1139.443102180398,1142.4774169921875,9856963
2026-05-07,1148.1546369607545,1150.5038263553197,1134.6468875555572,1138.07275390625,12013987
2026-05-08,1136.4088093734103,1158.4322359116547,1134.2554554613432,1154.2232666015625,7582770
2026-05-11,1151.0911273032605,1161.8581361470833,1147.2737093616843,1152.0699462890625,7336288
2026-05-12,1137.3876630949442,1137.3876630949442,1099.2137225952,1116.1473388671875,16891948
2026-05-13,1112.5255790772605,1118.398492694932,1097.2560275682617,1099.3115234375,6664111
2026-05-14,1096.0815207310736,1098.137016652994,1065.933848927119,1071.8067626953125,16914842
2026-05-15,1078.658538900176,1109.1976439317652,1078.266987402901,1095.2984619140625,17482450
2026-05-18,1095.2984136735845,1121.8243835304838,1094.319594715878,1118.3006591796875,12096377
2026-05-19,1137.3876555901809,1173.0166903851343,1137.3876555901809,1171.5484619140625,32175705
2026-05-20,1161.8580984968487,1181.3366195800531,1159.802602590221,1168.4161376953125,15121010
2026-05-21,1170.7653346096859,1176.3446743746752,1152.0699163634372,1156.180908203125,10021033
2026-05-22,1157.4533539662823,1166.5564175672662,1147.6651649263981,1149.622802734375,8803066
2026-05-25,1157.9428754813864,1159.900513478819,1141.4008105061328,1143.75,5856136
2026-05-26,1141.5965459846338,1155.6914427435413,1138.2685377836078,1142.966796875,8005767
2026-05-27,1136.4088302961693,1142.5754376343073,1130.5359164445094,1135.3321533203125,6371871
2026-05-29,1156.96396849116,1184.370898370815,1129.1654871448488,1136.3109130859375,69085430
2026-06-01,1150.1122640819906,1191.222659904496,1148.8397516554953,1177.02978515625,19439331
2026-06-02,1206.3943648530496,1251.811588367994,1206.3943648530496,1243.8831787109375,36032600
2026-06-03,1215.7909483013548,1223.425783618914,1190.2437985614154,1196.7039794921875,18534303
2026-06-04,1182.4132636253246,1189.4607121046952,1170.8631524946943,1175.855224609375,12755957
2026-06-05,1194.159169493737,1197.8787294549086,1169.0035692089534,1172.1357421875,8692290
2026-06-08,1152.559265415463,1175.26781631171,1151.5804465064052,1162.4453125,8631711
2026-06-09,1168.3182691086097,1168.3182691086097,1142.5754025403635,1155.300048828125,10984054
2026-06-10,1160.0999755859375,1171.4000244140625,1143.300048828125,1145.300048828125,8887626
2026-06-11,1129.699951171875,1133.699951171875,1109.0,1114.5999755859375,9372176
2026-06-12,1120.0,1123.300048828125,1111.5,1116.4000244140625,8075333
2026-06-15,1130.0,1151.0,1123.0,1134.9000244140625,7856192
2026-06-16,1136.9000244140625,1153.800048828125,1123.199951171875,1143.5999755859375,10456090
2026-06-17,1149.0,1162.5,1148.0,1157.699951171875,5995119
2026-06-18,1142.9000244140625,1142.9000244140625,1125.300048828125,1127.5,16781447
2026-06-19,1062.300048828125,1066.0,1030.0,1051.4000244140625,45665442
2026-06-22,1055.0,1080.300048828125,1055.0,1065.4000244140625,10178505
2026-06-23,1053.800048828125,1055.300048828125,1026.0,1029.300048828125,19323064
2026-06-24,1040.9000244140625,1065.5,1037.699951171875,1056.5999755859375,12346266
2026-06-25,1065.0,1068.0,1039.0999755859375,1041.199951171875,15866779
2026-06-29,1037.0999755859375,1046.5999755859375,1029.0999755859375,1036.699951171875,15080892
2026-06-30,1030.0,1030.4000244140625,996.0,1000.4000244140625,24128263
2026-07-01,1006.0,1014.0,982.4000244140625,985.2999877929688,13037982
2026-07-02,1006.4000244140625,1045.0,1006.0,1040.9000244140625,18741111
2026-07-03,1063.0,1068.699951171875,1042.0,1047.199951171875,11653534
2026-07-06,1050.0999755859375,1053.0,1033.0,1042.199951171875,5559747
2026-07-07,1040.5999755859375,1087.5,1040.5999755859375,1071.800048828125,18866296
2026-07-08,1071.9000244140625,1079.699951171875,1064.4000244140625,1069.300048828125,13022221
2026-07-09,1062.699951171875,1062.699951171875,1040.4000244140625,1050.800048828125,9003333
2026-07-10,1075.0,1091.300048828125,1064.699951171875,1068.0,9747266
2026-07-13,1057.0999755859375,1114.9000244140625,1057.0999755859375,1102.5999755859375,20994760
2026-07-14,1107.800048828125,1113.5,1090.0,1092.9000244140625,14819413
2026-07-15,1079.0,1088.0999755859375,1073.0,1076.300048828125,8501933
2026-07-16,1082.5,1097.300048828125,1077.9000244140625,1082.4000244140625,8592146
2026-07-17,1105.0,1116.800048828125,1092.0,1096.5,12547728
2026-07-20,1102.0,1103.800048828125,1083.199951171875,1087.0999755859375,6372645
2026-07-21,1080.0,1094.5,1067.199951171875,1073.5,9485229
2026-07-22,1064.0,1069.300048828125,1046.199951171875,1052.0999755859375,7517203
2026-07-23,1046.9000244140625,1058.5,1032.0,1047.4000244140625,13794578
2026-07-24,1028.0,1043.4000244140625,1013.9000244140625,1040.9000244140625,29036900
2026-07-27,1065.0,1082.0,1057.4000244140625,1079.199951171875,15956349
2026-07-28,1097.0,1118.5,1097.0,1105.699951171875,28100895
2026-07-29,1147.0,1164.5,1128.4000244140625,1155.5999755859375,34400369
2026-07-30,1168.0,1187.699951171875,1151.300048828125,1155.0999755859375,22630218
2026-07-31,1118.9000244140625,1139.300048828125,1107.199951171875,1130.0999755859375,14367075
2026-08-03,1145.0999755859375,1180.0,1138.0999755859375,1180.0,8582270
2026-08-04,1168.0,1175.699951171875,1153.300048828125,1167.5,9243589
2026-08-05,1174.699951171875,1177.5,1162.300048828125,1174.0,9964155
2026-08-06,1174.0999755859375,1185.800048828125,1163.0,1165.0,8521064
2026-08-07,1160.0,1183.0,1155.5999755859375,1175.0999755859375,7581410
2026-08-10,1178.0999755859375,1195.0,1175.199951171875,1183.0,9377001
2026-08-11,1188.0,1193.5,1182.0,1190.699951171875,10160091
2026-08-12,1185.5999755859375,1190.4000244140625,1163.300048828125,1176.0999755859375,7529777
2026-08-13,1170.0,1175.0,1157.0,1175.0,6234215
2026-08-14,1170.4000244140625,1174.0999755859375,1158.9000244140625,1169.199951171875,5844763
2026-08-17,1163.9000244140625,1166.5,1129.699951171875,1139.9000244140625,5817153
2026-08-18,1124.5,1131.9000244140625,1112.5,1115.0,8851110
2026-08-19,1125.5999755859375,1134.699951171875,1113.800048828125,1119.800048828125,8408573
2026-08-20,1143.0,1144.699951171875,1125.699951171875,1130.0,8559841
2026-08-21,1133.0,1133.5,1118.0,1121.0,6094967
2026-08-24,1126.5,1144.5,1122.0,1130.0,8565354
2026-08-25,1132.0,1144.0,1119.9000244140625,1144.0,8121237
2026-08-26,1142.0,1142.0,1118.300048828125,1120.0,6323984
2026-08-27,1120.0,1130.699951171875,1107.199951171875,1110.800048828125,6933998
2026-08-28,1123.5999755859375,1145.0,1123.300048828125,1144.0,9621969
2026-08-31,1138.5999755859375,1143.9000244140625,1111.0999755859375,1133.800048828125,8808120
2026-09-01,1128.0,1156.0,1125.5999755859375,1156.0,13516123
2026-09-02,1137.699951171875,1147.800048828125,1118.5999755859375,1140.0,8564358
2026-09-03,1144.0,1144.0,1122.5,1130.300048828125,5786250
2026-09-04,1133.0,1146.699951171875,1125.4000244140625,1130.0,5881388
2026-09-07,1109.5,1109.9000244140625,1085.0,1087.5,7668346
2026-09-08,1095.0,1095.0,1078.9000244140625,1082.0,6269037
2026-09-09,1059.0,1059.0,1026.5,1035.0,13530457
2026-09-10,1039.5999755859375,1046.5999755859375,1027.300048828125,1036.5,8998529
2026-09-11,1032.0,1047.300048828125,1029.699951171875,1037.699951171875,6168088
2026-09-15,1085.0,1097.699951171875,1071.699951171875,1077.0,14816117
2026-09-16,1082.5,1085.0999755859375,1053.5,1060.0,6230590
2026-09-17,1054.9000244140625,1063.5999755859375,1048.5999755859375,1058.5999755859375,5469865
2026-09-18,1061.9000244140625,1061.9000244140625,1038.0,1051.4000244140625,22124953
2026-09-21,1041.5,1044.5,1030.300048828125,1038.5,6074358
2026-09-22,1037.699951171875,1041.0,1019.2000122070312,1029.4000244140625,9341109
2026-09-23,1021.7999877929688,1029.4000244140625,1015.0999755859375,1020.5,5108734
2026-09-24,1015.0,1022.7999877929688,1005.2000122070312,1014.5,6891893
2026-09-25,999.5,1004.2000122070312,991.5999755859375,1000.2000122070312,10240700
2026-09-28,1002.0,1009.5,986.5999755859375,1003.2000122070312,8567672
2026-09-29,1002.5999755859375,1015.4000244140625,980.4000244140625,1015.4000244140625,12992711
2026-09-30,1004.0,1024.0,992.2000122070312,994.0999755859375,13508984
