Date,open,high,low,close,volume
2021-01-01,156.76650758945306,159.97801618220277,156.31839423992702,159.71661376953125,20279389
2021-01-04,159.8286523102674,161.3223753781856,158.40962072155173,159.3805389404297,27927482
2021-01-05,158.6710006463969,159.26848505479006,157.2892972405204,157.92413330078125,18718244
2021-01-06,157.92412923471008,157.9614690504922,152.7334332711615,153.40560913085938,50957586
2021-01-07,153.92845959306462,155.0487490801294,150.94100123567955,151.46380615234375,36298522
2021-01-08,152.62140249657696,153.85372293760332,149.55926538440232,150.4928436279297,58600546
2021-01-11,152.36002014038917,153.92843463608904,150.30615246872895,151.23973083496094,44625924
2021-01-12,151.61315029710536,154.52591664694873,150.56755248509452,154.18983459472656,36989137
2021-01-13,154.93666353444348,159.08176159004785,153.29356970581983,157.77474975585938,66387977
2021-01-14,158.33490445159242,161.69578378697142,158.0361622518085,159.94065856933594,50164605
2021-01-15,160.50083550713518,163.18955135256485,157.7374518493937,162.70408630371094,60567280
2021-01-18,163.11483812315416,165.8035417749933,160.27676336122676,164.12310791015625,70211602
2021-01-19,165.05667846255284,165.57947140571451,162.44265457112326,163.45091247558594,33009228
2021-01-20,163.18955420754122,163.562976121518,161.09833468066358,162.55471801757812,46392916
2021-01-21,163.56296329064665,163.9363970104556,158.48429783959654,159.60459899902344,30116008
2021-01-22,159.82865500015055,160.38879968065626,156.20637265307076,157.364013671875,25663922
2021-01-25,158.33491848064696,158.70835218102644,154.48857385347588,155.19808959960938,25929487
2021-01-27,155.34746881968542,158.8203796631308,154.67529290918387,157.32664489746094,50338134
2021-01-28,156.2810680607777,157.58806840309313,153.66704370589417,154.3018798828125,22984352
2021-01-29,155.75828849812928,155.94499948161877,151.12773538928172,151.79991149902344,24679902
2021-02-01,152.3600382496751,162.77877263496438,150.7169439170512,161.28504943847656,59968324
2021-02-02,164.30980582097115,166.92382962822342,162.06921567691546,162.9654541015625,50324035
2021-02-03,165.43011318608674,165.80354689039115,161.09831535450613,161.8825225830078,55709225
2021-02-04,161.39706561965468,172.82406889657946,161.32237414102494,171.74111938476562,109894300
2021-02-05,173.38420388673765,178.38818945700945,169.72458201089154,175.0272979736328,130323308
2021-02-08,177.37990394162276,177.79067742698098,172.89873541904453,174.0937042236328,43093963
2021-02-09,175.21403993716467,178.64961143624902,170.43411643150407,171.03160095214844,73377134
2021-02-10,171.03158840659154,172.60000291092584,166.6250989671229,169.94863891601562,49104142
2021-02-11,171.03158700222625,171.25564959675577,167.6707072599105,169.12709045410156,45311749
2021-02-12,168.60427341930617,168.60427341930617,161.1729868682818,162.4053192138672,114826417
2021-02-15,163.15217464353464,165.0566828876889,162.44265892617787,163.2642059326172,33000365
2021-02-16,163.60030389554439,165.65417146306058,162.25595206314748,163.0028076171875,30271502
2021-02-17,162.51731748033302,163.1148136662243,161.7331222287304,162.6293487548828,20615018
2021-02-18,162.96545934940917,164.75792442130071,162.74139677725114,163.45091247558594,24997592
2021-02-19,163.45094866514023,163.48830032551942,159.82866606724104,161.28504943847656,29208388
2021-02-22,162.2359189757715,162.2359189757715,157.64433247354873,158.44786071777344,53531490
2021-02-23,159.17487300557852,161.12629185630135,158.40960452893054,159.5574951171875,27703323
2021-02-24,160.01668637197068,160.55237196503833,158.02699529390267,159.8253631591797,13667471
2021-02-25,160.32277441285507,161.62372848560557,159.78708886839496,160.054931640625,26953713
2021-02-26,158.60091934234688,159.1748767767887,155.34854642960948,155.9990234375,45101885
2021-03-01,157.22345322498268,158.98356114524904,156.15208213206262,158.3330841064453,16850430
2021-03-02,158.40961399492852,161.31761255187553,158.02697973373967,160.62887573242188,26590262
2021-03-03,162.23592945349318,162.23592945349318,159.78708477771534,160.66714477539062,21648963
2021-03-04,159.78707804122968,161.70023710560426,158.8687582948497,160.47581481933594,25858155
2021-03-05,159.17487014358213,160.70539494264392,158.56265294792854,159.59576416015625,17990773
2021-03-08,160.47580752137623,161.31759553114463,158.94528276482325,159.17486572265625,23874105
2021-03-09,159.7105415670813,160.51406980529654,156.68775179096565,159.0218048095703,23463213
2021-03-10,160.0166683935823,160.09318796872793,157.49129200618083,158.0269775390625,20358192
2021-03-12,159.1748616311007,159.1748616311007,155.7311658589829,157.03211975097656,31973696
2021-03-15,157.52956438867028,157.64434375172988,154.27719139414097,157.22344970703125,42699297
2021-03-16,157.95045825594048,159.8636174121362,156.84081527383725,159.06008911132812,50641203
2021-03-17,162.38897306131744,163.68992703932688,159.5957661772309,161.16455078125,81604999
2021-03-18,163.0012015216271,167.6693079971668,162.15940129298986,166.55967712402344,95536034
2021-03-19,167.5927799425978,173.06441485092603,164.95262408787147,170.61557006835938,139352860
2021-03-22,170.88339307926893,173.25571800925047,169.50591956424753,172.94961547851562,47823778
2021-03-23,172.18433730661786,174.55664997598785,169.35285874034702,170.04159545898438,43165463
2021-03-24,169.12331843218487,170.50079211798618,164.7230424687859,165.25872802734375,28672557
2021-03-25,164.64652775028227,165.25873290572557,159.9784209965196,161.92984008789062,42248040
2021-03-26,163.95778607861988,164.11083736299213,160.97325571657072,161.39414978027344,27083832
2021-03-30,163.19249289174041,164.53170658620238,161.01149119696362,164.1873321533203,28862387
2021-03-31,163.80473487434085,167.82236443954616,162.7716235459279,167.2101593017578,37890481
2021-04-01,168.35802622671164,168.81718001522145,166.29181598834586,168.3962860107422,30182056
2021-04-05,166.52137681942236,168.35801611659792,161.08801487150276,162.65679931640625,32586507
2021-04-06,163.61338517707253,164.4934450785155,160.82017846651107,162.73333740234375,26663018
2021-04-07,162.77158487490803,164.68474366604548,162.5802738464796,163.61337280273438,15790468
2021-04-08,164.4169118163406,165.37349127512854,162.88638710762268,163.19248962402344,14660557
2021-04-09,163.57513874222084,165.25871486259157,162.65681898260263,163.0777130126953,16994483
2021-04-12,160.70542090017585,161.47067735995546,156.87910222112762,157.10867309570312,35840817
2021-04-13,158.40958382448738,160.4757938893212,157.6443154478615,159.7105255126953,21027436
2021-04-15,159.9401310064459,161.0497618203388,157.64433767951934,158.18002319335938,18205903
2021-04-16,159.17488385361776,160.13146345126276,158.02698106041427,159.13661193847656,13824608
2021-04-19,156.8790725293934,157.72086053918824,155.92249304067846,157.33822631835938,16400507
2021-04-20,157.79740891469822,158.4096262051332,154.96594184242596,155.76947021484375,22187707
2021-04-22,154.5832800987093,157.873912586091,153.4736493414959,157.56781005859375,24030915
2021-04-23,156.30513880790437,158.4096089878505,156.30513880790437,157.1469268798828,20381213
2021-04-26,157.4913073889513,158.21831618413785,156.64951921983538,157.10867309570312,20652091
2021-04-27,157.10861846376068,158.37131240507023,156.91730744702022,157.18515014648438,11885588
2021-04-28,157.64435616922432,158.02699045637615,157.10867059255511,157.26173400878906,13197445
2021-04-29,158.48614114761713,158.83050348409924,156.15207585939228,156.34339904785156,13601150
2021-04-30,156.03727074527032,157.41474411728498,154.58326568516,155.04241943359375,17130954
2021-05-03,153.97106569012468,154.46849140130257,153.05275809109358,153.77975463867188,21405441
2021-05-04,153.97106532223688,154.85112526093232,152.36402096441486,152.74664306640625,18962501
2021-05-05,154.16237477168352,154.5832687477649,152.6701099013173,154.12411499023438,14396547
2021-05-06,154.8128642480963,157.606071054737,154.65980085645623,155.1572265625,14872429
2021-05-07,155.31028733491587,157.98871495186125,155.31028733491587,157.1469268798828,20213092
2021-05-10,158.5243794339431,158.75395025155598,156.87906329526763,157.29995727539062,16922951
2021-05-11,156.0372957339806,158.02697442254558,155.92250424681046,156.1138153076172,14277000
2021-05-12,156.0373122627999,157.07041150333546,155.23378389420748,155.53988647460938,17174525
2021-05-14,156.87904744596048,163.15420885873039,156.1137791266617,162.4272003173828,64021335
2021-05-17,165.90919680926837,166.06224808598063,161.96808702210188,162.69508361816406,39465392
2021-05-18,163.84297380775166,164.22560803352087,160.43754981382045,160.74365234375,31653409
2021-05-19,160.74367426133918,161.77678559911055,158.8305149983462,158.9835662841797,25345241
2021-05-20,159.51923775287705,160.1697147552306,158.2565556612838,158.40960693359375,21688686
2021-05-21,158.86875067903486,160.5905986051164,158.71569941642764,159.9783935546875,23509878
2021-05-24,160.32274681794547,162.2741654644753,158.98353318730196,161.853271484375,29977506
2021-05-25,163.00120645625623,163.30730902500073,160.89672401102655,161.39414978027344,26310600
2021-05-26,162.0828705229793,162.58029624281497,160.93497994085388,161.16455078125,18253046
2021-05-27,161.4706577320576,163.8812425724524,160.9349843386851,161.58544921875,49385674
2021-05-28,162.61856480354263,163.3838211906822,161.89156820408112,162.92466735839844,26583388
2021-05-31,164.53172692380795,166.75098867654322,164.07256095654148,165.7561492919922,75852502
2021-06-01,166.8275046501443,167.89887563712747,163.95776613217427,164.7230224609375,40247686
2021-06-02,161.08802719192644,162.58029218749618,159.63402198101588,159.94012451171875,100377464
2021-06-03,161.27933535020617,161.27933535020617,159.71053868673184,159.9783935546875,48454441
2021-06-04,160.3227703917066,160.47582166818276,159.17487975477775,159.7488250732422,31286264
2021-06-07,161.01148949202664,162.5420142151847,160.85843823238224,161.8150177001953,32643869
2021-06-08,162.38896544692474,163.95776210409815,161.62370913696216,163.49859619140625,22080199
2021-06-09,163.76643604026148,164.34038129427896,161.85327710906049,162.61854553222656,25846432
2021-06-10,164.32833921342825,166.45430342331935,163.38348009496656,164.80078125,31902690
2021-06-11,165.58816839405145,165.70626642019633,163.58031478948354,163.69842529296875,22249404
2021-06-14,163.73780878355234,164.131506344757,161.57249091293912,163.22601318359375,18358717
2021-06-15,163.4228418148021,164.09212636414568,162.98977827754229,163.02914428710938,15426377
2021-06-16,163.02915429752144,164.84015305423554,163.02915429752144,163.65907287597656,20878518
2021-06-17,162.95041970304175,163.77718080571756,161.41500800912107,161.9268035888672,22304032
2021-06-18,162.20238304020225,162.5567145579304,159.4465253041258,161.0606689453125,24475206
2021-06-21,159.91896669794465,162.20239505689088,159.36779261442777,160.98194885253906,19809308
2021-06-22,162.2811236734534,162.39923417655115,160.9031885995469,161.4937286376953,18737552
2021-06-23,161.92679821514892,162.0842872100579,160.3126545520688,160.58824157714844,13059519
2021-06-24,160.9819351581897,161.13941167189247,159.485889562003,160.0370635986328,23299321
2021-06-25,160.6275999261074,161.88742448390704,160.43075740787063,161.45436096191406,14411660
2021-06-28,162.1236358025854,162.1236358025854,160.11578234528454,160.31263732910156,15190488
2021-06-29,160.3126522860979,161.65120890517827,159.95832076857215,160.07643127441406,13839294
2021-06-30,160.8638439027537,160.94257593035604,159.48590864629364,159.60401916503906,16556397
2021-07-01,159.76147794208526,160.4701284984582,159.17093789133125,159.8402099609375,10583793
2021-07-02,160.07643315882655,160.3913861932189,159.24967208554114,159.36778259277344,13187847
2021-07-05,159.84019701443572,160.7063364930399,159.6039884996705,160.3520050048828,10642939
2021-07-06,160.0370885998896,160.47015219956117,159.24969343102728,159.44654846191406,11515716
2021-07-07,159.446518080368,161.57246965839852,159.2890415720702,160.43075561523438,18568033
2021-07-08,160.23389064631948,161.0212856161284,158.89533417045138,159.0528106689453,21730892
2021-07-09,159.05283895291234,159.32842599361848,158.18671181850482,158.54103088378906,12289809
2021-07-12,159.0528431314098,159.4859067099906,158.22608198757135,158.3441925048828,13589278
2021-07-13,159.0528486806119,159.21032521674078,158.54104058018635,158.9347381591797,11247522
2021-07-14,158.93471202896475,161.533105641249,158.81660152695088,160.7063446044922,21269167
2021-07-15,160.94256653941272,164.17086646160246,159.76148637555795,162.3992462158203,29963443
2021-07-16,163.5409487807686,165.07636037139565,163.147251261598,163.69842529296875,30137464
2021-07-19,162.83229049013835,164.95824201970493,162.47795899654074,163.58030700683594,17099088
2021-07-20,163.93463866078753,164.80076567619818,162.51733763969014,162.83229064941406,24567907
2021-07-22,162.9897918701172,163.97402953275946,162.0842987105166,162.9897918701172,19016769
2021-07-23,162.98978054728622,168.18655554411333,162.59608301411097,167.24168395996094,46241640
2021-07-26,168.5014930373074,169.56447503109806,165.9818440302047,166.25743103027344,49084040
2021-07-27,166.92669968321732,167.71409460220303,163.7377664818652,164.2889404296875,25378089
2021-07-28,164.01337676789592,165.3519458249621,163.34409223936285,164.64329528808594,15304399
2021-07-29,164.6433144154026,165.50944156361288,161.9268099773393,162.2417755126953,16204679
2021-07-30,162.28111584674642,163.06851084452896,161.10003582741226,161.3756103515625,15515733
2021-08-02,162.55672857727998,163.3834897126073,161.76933345487063,163.22601318359375,10046707
2021-08-03,163.3834779289524,166.06060368378436,162.5567168532533,165.27320861816406,19179805
2021-08-04,166.06057106725592,166.21804755398134,163.85587529842357,164.24957275390625,11421835
2021-08-05,164.2495924312894,170.66682554017152,162.91102341775309,169.48573303222656,48995450
2021-08-06,169.6038420174293,170.07627152998805,167.39914600414244,168.69834899902344,24489836
2021-08-09,169.2888808563677,170.98176879151765,167.4778824294312,168.34400939941406,21142199
2021-08-10,168.50150672481868,168.85583824397807,164.21023734926786,165.2338409423828,18855165
2021-08-11,165.23381183700266,165.8243517875727,163.34406902237234,164.2889404296875,16012451
2021-08-12,165.548809546533,168.65899910545414,164.05277626449146,164.48583984375,28758718
2021-08-13,165.2338278377781,167.1629368419656,164.7220198431415,166.49365234375,19576945
2021-08-16,166.4542901580216,167.91095720756906,165.7456396369796,166.0605926513672,11621038
2021-08-17,165.9818398527029,166.53301383896817,164.40706238223333,164.72201538085938,8161139
2021-08-18,165.0369849955599,166.53301801522025,164.05274749216665,164.52517700195312,11149120
2021-08-20,162.98979408436665,165.90314109902187,162.7535730493741,164.48583984375,20168965
2021-08-23,164.9582477503513,165.50942177464665,162.20237762887444,162.4385986328125,10319044
2021-08-24,162.98977651031956,162.98977651031956,161.1787778844413,162.0055389404297,12971124
2021-08-25,162.51734924316406,163.69842935262582,162.20238373361238,162.51734924316406,10994627
2021-08-26,162.51733764221314,162.8716566588231,160.90318163200843,161.10003662109375,15407558
2021-08-27,161.41499144923048,162.871658493641,161.33624695724134,162.12364196777344,10879860
2021-08-30,162.20238576783393,163.93465242140078,162.20238576783393,163.7771759033203,12550267
2021-08-31,163.81654920710614,166.6117856015037,163.18663062939757,166.3755645751953,26802390
2021-09-01,166.13931668018628,167.16293264375184,164.80076019471187,164.95823669433594,16867486
2021-09-02,164.56453509507128,166.53301000720035,164.56453509507128,165.1550750732422,14872714
2021-09-03,165.1550868255795,166.33617934330618,165.1550868255795,165.82437133789062,10622796
2021-09-06,166.1393379064912,166.29682690357572,164.60393871965573,164.80078125,11041632
2021-09-07,166.06060435526612,168.77709613116127,165.47006429233338,166.72988891601562,38933378
2021-09-08,167.12356418597767,167.71411669166727,165.1157230986533,166.336181640625,17897021
2021-09-09,166.17871298818963,168.42277518388516,165.78501545822996,167.43853759765625,19784972
2021-09-13,167.9896923947876,169.40699335836646,166.76923393496278,168.61959838867188,16661794
2021-09-14,169.2101425466385,171.06051952328042,168.65896854973911,170.15501403808594,20377545
2021-09-15,170.94241821200308,171.0211502287393,169.5251171373494,170.07627868652344,21028598
2021-09-16,170.82429861341524,183.97371757815284,170.31249062252212,181.69027709960938,154986538
2021-09-17,183.46193146136088,186.84770786057976,180.39110810454815,182.00526428222656,82563658
2021-09-20,181.88712701334362,188.46183631236283,181.2965745490359,184.0524444580078,73101936
2021-09-21,184.99734547545646,190.9027712431659,182.43833013825062,190.15475463867188,58854434
2021-09-22,191.72952270507812,193.54052134670755,189.52482653660044,191.72952270507812,54648494
2021-09-23,192.91058311019665,193.38302508510975,190.3122021575318,190.94210815429688,22630330
2021-09-24,192.1232337623867,192.1232337623867,187.1626670339593,187.7532196044922,25779310
2021-09-27,188.81616976878303,190.43032583256678,185.4303936084641,187.95004272460938,23772123
2021-09-28,188.85555135701787,190.23348653066995,186.06031499827827,187.20204162597656,16319138
2021-09-29,185.8240781411952,190.07598104866133,185.58785715388956,187.47760009765625,16045073
2021-09-30,188.89491231481816,189.2885973473177,185.23354918025598,185.94219970703125,16987893
2021-10-01,185.19419112202874,186.61149233190739,183.3831923588857,185.3123016357422,16570661
2021-10-04,185.82407928887267,187.67444376129035,185.35163731134347,186.2965087890625,11098123
2021-10-05,186.13904513313076,186.9658061735164,184.64299956328915,184.80047607421875,9578825
2021-10-06,184.8792360102755,186.13906068027865,181.5721915725142,182.08399963378906,18179336
2021-10-07,183.46192765565672,184.99733930221277,182.91075360420888,183.4225616455078,10770973
2021-10-08,184.8398627074884,184.87922871762098,182.0446264412615,182.43832397460938,10114327
2021-10-11,182.67450638871222,188.57993111238127,182.43829788435596,187.43821716308594,22000303
2021-10-12,187.87130177561045,191.33582249501308,187.39887223642205,189.99725341796875,30347455
2021-10-13,190.98151032948132,197.55620801503875,189.09176715007376,196.2176513671875,52091422
2021-10-14,199.40656286349704,206.17811479749437,197.1231224041984,202.00494384765625,88696178
2021-10-18,205.50885048203483,208.8946267813726,202.63488221951442,206.72930908203125,62614961
2021-10-19,205.82378404215478,206.7292895233663,192.94996461617106,193.6586151123047,61336411
2021-10-20,193.6586298649954,195.66647101077237,190.82401518718382,194.17042541503906,49663940
2021-10-21,195.27277389695593,195.5483609157645,191.4145681109761,192.6743927001953,23385990
2021-10-22,192.67437566699164,193.54050265600935,184.01308082213595,186.2965087890625,36905793
2021-10-25,184.32804474910344,186.33588584060786,181.49344262525247,183.77687072753906,23194065
2021-10-26,184.32803987667015,188.18625792563452,183.14695984873234,186.37525939941406,19663381
2021-10-27,189.17052081908815,189.99726946315127,185.9815868475765,187.7532196044922,26909428
2021-10-28,185.11543134763772,185.78471584012243,176.4935023898005,177.2415313720703,48064941
2021-10-29,177.1627843758006,179.7217993361874,175.03683290975596,175.7454833984375,27668175
2021-11-01,176.49349440088918,179.17061977230944,175.1943039582894,178.61944580078125,24090945
2021-11-02,179.5249664445833,180.50920398031298,176.76909635360414,177.63522338867188,14896284
2021-11-03,177.95018910517453,178.61946114752834,174.56440049888215,175.1549530029297,18530527
2021-11-04,177.04470109191234,178.97381034877822,176.37541650603256,178.38327026367188,7295341
2021-11-08,180.86351625223952,181.6509112423611,177.7139612464323,180.9422607421875,21051238
2021-11-09,180.98163608059394,181.8083971196507,179.4068584964888,180.11550903320312,11964518
2021-11-10,179.09191715793088,183.34382065558341,178.89506214873856,181.76904296875,13948380
2021-11-11,181.41469972566526,182.28083925097576,179.95803264292795,181.09974670410156,8448263
2021-11-12,182.04460695485625,184.20992444047866,180.43045098411454,183.38316345214844,12312123
2021-11-15,184.20992219017202,188.18625058223392,183.5406377110322,187.47760009765625,40247848
2021-11-16,188.22562377506563,188.6980532903774,185.036690234027,185.39102172851562,15241184
2021-11-17,185.82409830554505,193.10745892352983,185.54851128289675,188.5799560546875,48496295
2021-11-18,188.9736169990709,191.33578923912677,186.06027082042408,187.00514221191406,21005037
2021-11-22,187.3201231162149,189.56418520729864,180.74542582947836,181.8083953857422,23443628
2021-11-23,180.43044915228364,183.22568509092432,180.43044915228364,182.35955810546875,13950744
2021-11-24,183.02884962167428,183.22569213417566,178.69820205058576,179.2887420654297,14684422
2021-11-25,178.73757584238228,182.8320025949266,177.75333828232814,182.12335205078125,24825493
2021-11-26,180.23361480961353,181.13910784159535,175.6667462103829,176.37539672851562,28067913
2021-11-29,174.80063418432684,176.09982483282278,173.3833330264511,174.4069366455078,22985358
2021-11-30,174.80061689953843,177.3202659260209,173.2258393773218,174.13133239746094,24408641
2021-12-01,174.80065585924686,175.82425960522832,173.69830760480104,174.721923828125,13496307
2021-12-02,174.7218843413698,178.06828188664724,174.24944235203955,177.51712036132812,16517389
2021-12-03,177.162799344781,178.10767090197103,174.28883114155934,174.52503967285156,14325920
2021-12-06,174.52503935329582,174.95810288343574,171.2573736341164,171.57232666015625,13644352
2021-12-07,172.35970542538814,174.76124385749264,171.72978695545592,173.73764038085938,9246755
2021-12-08,174.0132242296594,177.674587058173,174.0132242296594,177.1234130859375,10241656
2021-12-09,175.58800837054878,186.17839978389517,175.58800837054878,185.3516387939453,39714672
2021-12-10,185.98157652873255,188.14689424274292,184.0524673524883,185.90283203125,36517117
2021-12-13,187.3988663148101,187.98940633947024,184.3674092214562,184.72174072265625,22903720
2021-12-14,185.03668878015998,186.69021078676872,179.17062974376594,179.9973907470703,38953007
2021-12-15,181.09974640239682,182.83200049545155,175.90297164589242,176.41477966308594,35987634
2021-12-16,177.950179023833,178.0682770406119,173.85574012198424,175.50926208496094,25131188
2021-12-17,175.4305466037897,175.46991261309196,170.66683524864052,171.6116943359375,30827201
2021-12-20,170.2731412403354,170.2731412403354,165.19447675119494,167.24168395996094,38778895
2021-12-21,168.5014993691486,169.6432134188103,166.17870526186178,167.32041931152344,20142586
2021-12-22,168.50148951330252,168.65896601328555,166.21806154753946,166.9267120361328,17903428
2021-12-23,168.42274354192267,172.00536169359773,167.87156959899752,171.09986877441406,23065082
2021-12-24,171.65106201171875,173.58015855145786,170.43060350415095,171.65106201171875,17220191
2021-12-27,171.96605283834828,172.00541885382825,169.80073482681325,171.29676818847656,8467106
2021-12-28,171.65106941262357,173.69827653843848,171.65106941262357,173.2652130126953,12014352
2021-12-29,173.22583937404133,173.46206036943826,170.31249284772494,170.6668243408203,11923119
2021-12-30,170.54872069630147,171.5723242552535,169.68259364816203,170.07627868652344,10116360
2021-12-31,170.7849214794182,172.28095439367044,170.19436903711997,171.69041442871094,7875890
2022-01-03,171.6904356113912,173.1077366930921,170.9030405760728,172.51719665527344,8064567
2022-01-04,172.83214369843446,174.56439774339023,172.4778246789389,173.4226837158203,9398805
2022-01-05,172.95025451167805,174.40692155418895,172.1628595021728,173.65890502929688,11663111
2022-01-06,172.43843323424275,173.54078117176047,171.8085272569977,172.2022247314453,9295303
2022-01-07,173.06835135334967,173.73763581087934,171.25735295627229,171.96600341796875,9196075
2022-01-10,173.14709324441756,176.92656674829976,172.35971072944602,175.82421875,16451394
2022-01-11,175.86360905874932,176.57225960854288,174.1707209410569,174.76126098632812,8329596
2022-01-12,175.194316543933,176.09980957515606,174.48566602639414,175.3911590576172,13665682
2022-01-13,176.296663045805,177.79270855985848,175.39115754505113,176.33602905273438,11944029
2022-01-14,176.33602553755497,177.0053100287112,175.03683503872665,175.27305603027344,10976796
2022-01-17,175.2730618070464,177.63522189101,174.28882427961491,176.84783935546875,12792728
2022-01-18,176.84784821764137,178.97379988614793,173.4620719517968,173.81639099121094,14948456
2022-01-19,173.81638734957264,175.11557792910602,172.2022437466385,173.50143432617188,11915686
2022-01-20,173.65890873146816,174.9187332871304,171.65106763496712,172.24160766601562,17997322
2022-01-21,172.04478759336217,173.61956537405308,170.07629977082132,170.90306091308594,17225050
2022-01-24,170.90303391393533,171.4542079217043,166.06059081978196,166.7692413330078,18023332
2022-01-25,166.9267181427398,169.05266968629255,164.997609112032,168.7377166748047,19028606
2022-01-27,166.33617843812,169.68258850412488,166.2180679392561,168.97393798828125,24041247
2022-01-28,169.36763022142728,172.63530841212494,169.36763022142728,171.3361053466797,15865353
2022-01-31,172.04477465299018,173.81639484401165,170.9424265462173,173.38333129882812,15618203
2022-02-01,174.01320746771054,180.15484010234775,172.55652819111566,179.3280792236328,44871108
2022-02-02,181.09971475018185,183.69810791296263,180.3123198578633,182.7926025390625,42714702
2022-02-03,182.7926390629933,185.19417774387864,182.51705204335036,184.6036376953125,28918394
2022-02-04,186.80832597353665,187.79256350541536,182.3202018299825,184.4855194091797,58889867
2022-02-07,184.2493239589054,184.8398640244644,179.9186760159046,181.25723266601562,25101983
2022-02-08,181.33598302506076,182.9107607432294,180.3517453915377,182.08399963378906,16825239
2022-02-09,182.91076855186043,183.46194264835077,180.11553205604275,181.21788024902344,12351873
2022-02-10,180.07613243407573,183.77686141067338,179.32810345568086,182.87136840820312,20317032
2022-02-11,182.67453809486338,183.69815420831537,180.9422838680079,183.02886962890625,18793513
2022-02-14,182.22432189577324,182.22432189577324,176.17705601787924,176.9430389404297,23621214
2022-02-15,178.1928181809996,180.20857355135138,176.21737434048643,179.805419921875,13371177
2022-02-16,180.4504395145389,181.17611087246988,178.87814944285026,179.60382080078125,11664158
2022-02-17,179.84572640187724,180.89391558745996,178.07186581442502,179.52320861816406,14564261
2022-02-18,179.523226907946,180.16826254108844,178.59597221401498,178.9185028076172,9004891
2022-02-21,177.62839159080303,178.4346860088846,175.08853542553078,175.77389526367188,16750193
2022-02-22,173.3549866637555,174.8869652254956,171.74238504862487,173.23403930664062,26741024
2022-02-23,174.80636216470987,175.37077475236615,173.3953306955692,174.12100219726562,11438476
2022-02-24,169.32347445325067,171.9842651736251,166.90456566752826,168.114013671875,42933709
2022-02-25,170.53293328412147,174.56444392392865,169.7669503512076,172.5083770751953,24543858
2022-02-28,171.90365676725256,174.52413618462094,169.96852446299005,174.0403594970703,20806226
2022-03-02,172.8712091179761,174.64508251587702,171.29893169849586,173.59689331054688,20039140
2022-03-03,174.20162512039306,177.547776086827,174.16130081210073,176.90274047851562,29631546
2022-03-04,175.53200643513716,183.35313282642218,174.96759393504138,181.8211669921875,69409780
2022-03-07,178.99908839930814,183.03059859353402,177.46712270280045,181.377685546875,47001716
2022-03-08,180.531072936269,184.19974120325904,180.41012558205549,182.94998168945312,37424203
2022-03-09,183.5950304753054,186.5783519123669,182.30494656552446,184.8448028564453,43923809
2022-03-10,186.25582411565208,187.46527212609863,183.71596796127955,187.06211853027344,37523806
2022-03-11,186.9814891414442,191.17425828648996,185.57045799238347,190.5695343017578,43305144
2022-03-14,190.48892963444814,193.0690976499259,189.72294664695747,192.70626831054688,36465969
2022-03-15,192.70626159404955,194.64138114969674,190.20671672909373,191.7790069580078,34269168
2022-03-16,193.51252632780455,195.9314349831692,192.786855008898,195.60891723632812,22462538
2022-03-17,197.74564620201505,197.86659356756599,195.68956654170944,197.46343994140625,35541798
2022-03-21,198.2697246450044,199.76139171057582,196.5764999418318,197.14089965820312,29052540
2022-03-22,197.18122353310247,202.18030013074568,196.37491632227864,201.37399291992188,38368305
2022-03-23,202.74469349074622,204.55887826971855,200.36610901432374,203.18817138671875,42051087
2022-03-24,203.14784406816716,206.81652509782592,202.74469048137638,205.4861297607422,39712133
2022-03-25,205.84899318619688,206.2118353075967,200.97086336412806,204.27670288085938,30412482
2022-03-28,204.80077418656813,208.0259773936977,203.63163770455793,207.25999450683594,25876007
2022-03-29,207.26002033449217,207.62284967141937,204.59921649656022,205.28457641601562,18820674
2022-03-30,205.68770858744202,206.73589773439286,200.48706160287966,200.93052673339844,18281803
2022-03-31,201.25303645143083,205.08297636394835,201.1724134002152,202.0996551513672,26644916
2022-04-01,201.57560035615802,205.88931789457564,200.6080468579005,204.2364044189453,14856664
2022-04-04,204.075101834708,207.94535333067904,202.4625002389773,205.96990966796875,16520039
2022-04-05,206.45370263199385,211.13026168398704,205.68771968830882,209.19512939453125,28230046
2022-04-06,207.62284818315854,212.33971896861513,207.46158928156564,209.3160858154297,20352716
2022-04-07,208.02597009640755,211.41244484442637,206.25210967241398,206.93746948242188,16679649
2022-04-08,208.0259750341858,216.77435556386058,206.41337344891176,215.92774963378906,39283623
2022-04-11,216.6937296252797,220.24145051021586,214.47640407219458,215.68585205078125,47924937
2022-04-12,215.2020723065873,216.61311630671662,212.1381279200194,213.5088348388672,24460888
2022-04-13,213.9119891605937,218.18538159443972,212.58159376450095,217.33877563476562,22239115
2022-04-18,216.08900433968375,219.71737402227495,215.48429309529098,217.78224182128906,25339139
2022-04-19,219.3142015322425,219.71736790467094,208.67102583127604,210.8883514404297,24280577
2022-04-20,211.97687196073184,214.03293875590498,207.66315517742856,209.2757568359375,25454589
2022-04-21,209.3967080979197,213.2266355111114,209.31607226382857,209.96112060546875,24313956
2022-04-22,209.63856971444827,212.05747840120043,208.46943328420753,210.5255126953125,16274820
2022-04-25,208.67101327127827,208.83227214432603,203.5913012736471,205.8086395263672,25140992
2022-04-26,206.897141153772,210.20298001043997,206.6149349302627,208.79196166992188,21327644
2022-04-27,206.57461371495526,208.42910984286877,206.21178446005243,207.622802734375,17219401
2022-04-28,209.2354289141799,212.62189085401022,208.14691553318147,210.5255126953125,28999835
2022-04-29,212.0574950162911,212.0574950162911,208.42913809038868,209.2757568359375,21206335
2022-05-02,208.02599346363607,213.26696505137113,207.26001051760238,212.17845153808594,19696250
2022-05-04,212.86379816318995,214.51671131786773,208.50976993537478,209.43701171875,26951488
2022-05-05,211.25117712415636,213.83134460215308,209.96109338515797,211.29148864746094,18623544
2022-05-06,208.83232005746154,215.5649466312936,208.751684213923,215.0005340576172,35818441
2022-05-09,214.59736191248055,214.59736191248055,210.08206198077386,212.01718139648438,22228031
2022-05-10,211.2511965355209,215.12144810814414,208.91291075952014,209.43701171875,18727774
2022-05-11,208.83229497675688,211.41246278167694,202.98659949875966,206.1311798095703,18012072
2022-05-12,205.60708895978848,206.73591402717284,200.89023103826133,203.9138641357422,20816708
2022-05-13,205.56677094000975,210.3239530187892,205.20394162382166,208.50978088378906,12380764
2022-05-16,209.59827918653576,209.59827918653576,203.9944783987213,204.88140869140625,8502159
2022-05-17,205.6070685403372,214.0732429278886,205.44580965773028,213.42820739746094,18483427
2022-05-18,214.47642438514129,215.92776720771263,212.1784500095351,215.1214599609375,20978307
2022-05-19,211.73499053184108,225.15991838895616,211.73499053184108,222.25723266601562,81302807
2022-05-20,223.34574180040758,227.65947179332912,223.34574180040758,225.76466369628906,33617466
2022-05-23,225.76464837799926,226.1274904708716,220.16084753074523,221.32997131347656,22535903
2022-05-24,221.73312880083532,221.73312880083532,217.70161829733135,218.38697814941406,16146766
2022-05-25,220.0802122983805,220.84619519381042,218.10475582694733,219.8786163330078,15877459
2022-05-26,221.56419960504192,221.56419960504192,217.92997753619923,220.2839813232422,19129574
2022-05-27,222.18362740582583,223.58776783884613,218.92108197967306,222.3488311767578,13986762
2022-05-30,223.4225742982746,223.835570655958,221.02728966132824,222.22494506835938,12274291
2022-05-31,222.22495270655295,226.72642206707778,220.0361530846581,223.54647827148438,24102167
2022-06-01,223.5464882961431,226.39605082828868,223.17479939791943,224.53765869140625,15265925
2022-06-02,223.58778625686693,226.68514125578938,221.2337828455851,225.90048217773438,14789457
2022-06-03,227.13941071497763,227.71758467425326,224.33112971932005,225.23968505859375,12968807
2022-06-06,224.9919243166268,227.80017920581665,222.7618172241413,226.97421264648438,11345943
2022-06-07,225.65267627362795,227.13940553829357,224.868017241876,226.23085021972656,11245578
2022-06-08,226.2721398858574,226.64382876002753,219.87094493154248,221.27508544921875,14915091
2022-06-09,221.1925041323462,224.41375546325983,219.4992765736481,223.71168518066406,10239939
2022-06-10,222.2249438117044,223.83556939019513,221.9771512339188,223.1334991455078,8693455
2022-06-13,220.03613305797234,222.26621379010152,217.2278522224148,218.5906982421875,11519902
2022-06-14,217.39307700825677,220.90341551485864,217.26919379480339,219.25149536132812,7708043
2022-06-15,219.70576319369067,220.77949612937883,217.26917107835615,217.55825805664062,5254329
2022-06-16,220.53172377409734,221.27510157661789,214.33702655012465,215.3281707763672,14843837
2022-06-17,213.9240295926705,218.17773249664828,213.55234071513075,217.4756622314453,17296080
2022-06-20,217.4756529971805,219.82965627786217,215.86502744001368,218.1364288330078,17738981
2022-06-21,218.87979946406426,223.71167626793147,218.13643480874302,222.92701721191406,14417711
2022-06-22,220.53172151118915,223.25741391534424,218.79721258878322,219.12759399414062,11756920
2022-06-23,219.2927703857422,220.73821838910845,216.73229502848073,219.2927703857422,9416459
2022-06-24,219.78836159028685,221.64677983019354,219.04499691203588,219.5818634033203,7283228
2022-06-27,220.5317152505209,223.54648148235842,220.1187450498274,222.9683074951172,8487729
2022-06-28,222.10106637254168,224.86804009745464,221.81196628155058,224.53765869140625,11673046
2022-06-29,222.3900926910196,227.13938001290975,222.30750390146244,226.35472106933594,16635367
2022-06-30,226.27214488299626,226.8916263536275,224.66151923647192,225.90048217773438,20003893
2022-07-01,225.90043966379602,235.39898797079675,224.0007142961287,234.86212158203125,36520000
2022-07-04,235.93591633284515,242.2545230953778,235.2338460062172,241.09817504882812,41417701
2022-07-05,242.00671536934345,242.00671536934345,236.01851657460995,236.96835327148438,19283789
2022-07-06,236.30757589475996,239.52882702764057,235.64681314368588,238.95065307617188,18997440
2022-07-07,240.354791042405,242.13059418949203,238.28988783404802,241.1394500732422,14326277
2022-07-08,241.92413836631206,243.20438269868538,239.85923490819215,242.04803466796875,11538313
2022-07-11,242.00669733742146,245.2692559169339,241.22203830841744,243.65863037109375,12828405
2022-07-12,242.00669278258547,243.9476996632051,240.27217098300977,241.75892639160156,14616684
2022-07-13,242.00668842959823,243.4934176343334,241.75892204307092,242.87396240234375,9634877
2022-07-14,243.080473689786,244.77368815442165,238.82677069425552,240.2309112548828,13930984
2022-07-15,241.18078041344899,242.83268743038633,239.115877009439,242.46099853515625,11450042
2022-07-18,243.65864052238285,244.73239965671624,242.62618887760257,243.90643310546875,11751684
2022-07-19,243.6586589980178,244.15424420176777,241.75895934550684,243.32827758789062,9542292
2022-07-20,243.5760611299153,247.37548647073535,242.50230195410182,246.30172729492188,16397373
2022-07-21,246.9624399274023,249.60551675036479,246.13647351201803,247.41671752929688,16660697
2022-07-22,247.78845911775784,249.85336250745388,246.2191409182665,248.24273681640625,10351425
2022-07-25,246.96249944716914,250.22505841224836,246.79732183055046,248.697021484375,11050533
2022-07-26,248.61436743384735,250.8857553946761,248.1600898416816,249.81199645996094,10114261
2022-07-27,250.1424273758432,251.9182567918126,248.2840353339806,251.2161865234375,9706094
2022-07-28,251.83567120302354,252.08346379233228,249.7707678616067,250.6380157470703,11256515
2022-07-29,251.91822737345942,252.66160504508807,248.90346155593252,250.30760192871094,17584873
2022-08-01,251.09225431627186,255.05688277330984,250.3489028412728,253.98312377929688,16501510
2022-08-02,256.0480518729657,261.54069130203305,254.5613226002641,256.0067443847656,40483892
2022-08-03,256.79143405649836,256.79143405649836,250.80320937351948,254.52001953125,18376724
2022-08-04,254.3961839029337,256.33721751103513,253.69413966374728,255.63514709472656,16514348
2022-08-05,255.63508166023612,257.53478110618533,255.30470028603258,256.7501220703125,10477269
2022-08-08,256.8327305228681,259.310630284681,256.08937891830647,258.64984130859375,8627072
2022-08-10,258.6498407677098,259.43452603910265,256.6675523749457,257.0392150878906,9267241
2022-08-11,258.5259427159437,258.89763160348264,252.16605502237957,252.95071411132812,11305242
2022-08-12,252.95071848353612,255.55248838704557,251.50529657650148,254.8504180908203,6669853
2022-08-16,254.85044699530948,257.28703956259903,254.85044699530948,256.50238037109375,8941455
2022-08-17,257.4521961104488,258.73244031509876,256.874022152772,258.1542663574219,8283028
2022-08-18,258.52595245765906,261.0038522908399,258.19557104865856,260.7147521972656,10264507
2022-08-19,261.1277178536069,261.1277178536069,257.03919277211645,257.6999816894531,10823811
2022-08-22,257.0391740312692,261.82976899137867,256.87399644681454,259.6822509765625,11793184
2022-08-23,258.4846722969165,261.003853456777,257.7826019832349,260.9212646484375,9698555
2022-08-24,260.79734227573704,263.85338964997203,258.5672352565653,259.43450927734375,11783894
2022-08-25,260.5495940571549,261.3342532343233,257.36964985284914,257.9891052246094,8057930
2022-08-26,259.97142696934384,260.5082935413444,257.7000381911251,258.4433898925781,7224507
2022-08-29,256.0481077700973,260.1366076182965,255.09824475105745,258.98028564453125,11798961
2022-08-30,259.5584180737679,265.46405479077004,259.5584180737679,264.720703125,18516092
2022-09-01,263.8947228350569,265.877011292771,261.0038527794927,262.32537841796875,13765474
2022-09-02,263.2339252895259,267.8180359140448,262.6970587884709,266.9094543457031,26750910
2022-09-05,268.4374878117214,272.2369131163737,267.4050361368849,271.617431640625,18144801
2022-09-06,272.56732591348407,272.56732591348407,269.5938668415528,270.2133483886719,12431779
2022-09-07,269.26345001530615,271.16314954823065,268.6439685496152,269.3460388183594,8397233
2022-09-08,271.74130247453473,273.06285410660143,270.5023658162386,272.48468017578125,11331350
2022-09-09,273.0628744473392,275.2929553629705,272.56728927625824,272.98028564453125,9770432
2022-09-12,274.2192243139073,274.54960570456757,272.5672911834894,273.3106689453125,9048240
2022-09-13,273.9714309836329,276.69709708202555,273.062875617502,276.2015380859375,10925371
2022-09-14,273.3932657877927,280.000946149529,273.35195829632676,276.9862060546875,12739464
2022-09-15,277.8534655447925,278.3903582477678,274.9625954495669,275.9537658691406,8742900
2022-09-16,274.508300130491,276.3667183709045,272.3195004971111,273.64105224609375,12973988
2022-09-19,271.82391455711326,278.26641652426684,271.82391455711326,277.1926574707031,14918717
2022-09-20,279.7943982322539,280.4964683668544,276.69704384984027,277.52301025390625,9892945
2022-09-21,277.52310305502147,285.12195463003417,277.11013280345094,281.6116027832031,21800547
2022-09-22,281.65286881001447,288.0540638295993,281.5702800072844,284.9980163574219,25111230
2022-09-23,287.02159240818236,288.7148328987913,283.5525749841519,286.113037109375,23718397
2022-09-26,284.8327870769269,285.7413423569742,274.0127125116955,274.71478271484375,16829922
2022-09-27,276.6971079680975,280.45525205089524,275.87114137263256,276.5732116699219,10375837
2022-09-28,274.17795463392656,275.29299525331317,267.85934749553525,268.396240234375,16151900
2022-09-29,271.74133906460094,276.6145237344205,270.70888734748166,275.08648681640625,18985406
2022-09-30,275.0864390835568,277.31654592349946,272.69115465672274,274.3843688964844,12906555
2022-10-03,274.9625709433268,275.0451859223406,266.9920578666383,267.94189453125,9462192
2022-10-04,271.49355878142114,275.8711318497507,270.91538480226563,274.9212951660156,9142294
2022-10-06,276.6971034429115,280.2487361859203,274.673507567667,278.0599365234375,23091432
2022-10-07,278.1838469589442,278.22515445213264,273.64106979296014,275.9537658691406,10910698
2022-10-10,272.5673072579149,273.7649627746661,269.3047744720419,270.79150390625,9750594
2022-10-11,271.74128052051356,272.9389357722804,268.52002976292,269.5111999511719,11018577
2022-10-12,270.87409895119845,273.7649690779184,268.2310214320715,272.64990234375,10735673
2022-10-13,272.5259991002834,273.6410395218355,270.91537352376776,271.4522399902344,7546587
2022-10-14,274.467022634996,275.78854822524454,273.2693671638556,274.30181884765625,6672357
2022-10-17,273.4758269066539,276.49059287339514,272.2368902363991,274.4256896972656,7195922
2022-10-18,275.82988967892237,281.65291161003097,275.4995082406808,281.0747375488281,21691854
2022-10-19,283.38736232391483,286.9803020964805,280.66169651298895,286.0717468261719,16923690
2022-10-20,286.60866833905885,289.8712273837353,284.7915574492113,288.8387756347656,19186222
2022-10-21,291.72963109465866,291.72963109465866,284.5437760622157,285.45233154296875,28426343
2022-10-24,288.2192803128107,288.83876180337546,286.60865461446,287.18682861328125,3292671
2022-10-25,288.63222623013723,288.6735337184043,283.8416570300089,286.03045654296875,17906260
2022-10-27,286.31956734460533,287.723708001335,284.0068974229033,285.6175231933594,19273344
2022-10-28,287.062945166563,287.9301931150614,285.03934916865416,285.6175231933594,13572499
2022-10-31,287.43458242684625,289.49948554729417,284.7501978994183,288.01275634765625,14358449
2022-11-01,288.467098861316,289.4995506537312,286.7738842042639,288.673583984375,20422565
2022-11-02,287.8476066512364,294.24880229164387,287.8476066512364,292.9272766113281,17427813
2022-11-03,292.39037070096987,296.1071808091715,291.56440417344214,292.142578125,11149636
2022-11-04,292.3904051502257,294.04231222279236,291.1514421244024,292.05999755859375,8709851
2022-11-07,293.21629258172464,294.33135910335125,289.08648638133735,291.97735595703125,10437370
2022-11-09,291.97736888513623,298.5437673170048,291.7295763138031,297.9242858886719,21404869
2022-11-10,296.5201971125878,297.26354871339765,292.47297917936925,294.04229736328125,20071989
2022-11-11,297.3461303799853,298.1308156302202,292.92724984100755,294.3313903808594,11372654
2022-11-14,294.33140821252437,294.82696723881736,286.27827954268247,286.77386474609375,18319254
2022-11-15,288.2192861946013,288.2192861946013,280.12485004591844,285.1632385253906,16046491
2022-11-16,285.53484323995815,286.48470595952506,282.18969615648984,284.21331787109375,7897812
2022-11-17,284.21337701643785,286.98035078256225,282.97444018102414,283.88299560546875,10379179
2022-11-18,283.8830137598103,284.750261746925,280.66176207546425,281.6942138671875,8140173
2022-11-21,280.0835655895584,280.8269172079522,276.20155135197825,278.51422119140625,9553090
2022-11-22,278.3490276469138,281.6528676912749,277.27526850722194,281.03338623046875,6746019
2022-11-23,282.4788847218771,282.4788847218771,278.76204764712355,280.6617736816406,8067471
2022-11-24,280.6617215551485,282.8918024441172,278.80330336293036,281.4463806152344,8454385
2022-11-25,281.65291161003097,282.3962894789149,279.00983392697793,281.0747375488281,7200274
2022-11-28,280.8268870923846,282.27233503627656,279.79443549408256,280.8681945800781,10284123
2022-11-29,280.82692817476186,284.95673517212254,280.82692817476186,282.7266540527344,10582296
2022-11-30,281.8593865882039,284.2546715620514,280.0009681600286,280.8269348144531,23425220
2022-12-01,282.2310338897691,282.2310338897691,278.1838162038997,280.4552307128906,17270904
2022-12-02,280.2900109525078,281.4876662830838,278.1425190318385,278.472900390625,8711914
2022-12-05,278.88589919678276,279.87706955208654,275.99502928900836,278.1425476074219,10090597
2022-12-06,275.9537548902143,279.34018388337773,275.9537548902143,278.5968322753906,6571118
2022-12-07,279.58799403430766,282.0658677860122,278.05995705372226,280.9095458984375,10191144
2022-12-08,280.9921003986574,282.6027259937334,278.7619933527383,279.50537109375,6439244
2022-12-09,280.62041282855523,282.89180119697886,279.1749910060446,281.9832458496094,8445424
2022-12-12,281.65286003696474,284.1307596357325,280.9095084813154,283.469970703125,11646572
2022-12-13,284.5437760622157,285.78271297441347,282.8092539142909,285.45233154296875,11105261
2022-12-14,285.7826945788267,286.8977351103185,283.9242762415949,285.287109375,7664099
2022-12-15,284.7502335577192,285.86527405280185,279.17500490518864,279.8770751953125,8469001
2022-12-16,278.76198180989985,279.9183296855148,273.64103134440154,276.7796936035156,12907968
2022-12-19,278.1838250316687,282.7679093295101,276.9861957719093,281.2398986816406,8113695
2022-12-20,280.86821685923945,281.6115684568815,278.1425507060231,280.9508056640625,5693354
2022-12-21,281.652891678751,281.85937679089994,276.284147877286,276.8210144042969,7316532
2022-12-22,277.23395834350976,278.67938003214726,272.48467077722,274.59088134765625,6838031
2022-12-23,273.3106884016703,274.1366550256779,268.7266037421143,269.8416442871094,10461859
2022-12-26,269.6764640453593,276.77975669054103,268.8505235263316,276.36676025390625,9934633
2022-12-27,277.1927245554991,277.85348743586167,272.6912283509283,275.16912841796875,6986433
2022-12-28,274.92129383990306,276.69709708202555,273.80622720019244,276.2015380859375,8035558
2022-12-29,276.16023946519107,277.3165874550625,273.8475434854481,276.9862060546875,8417520
2022-12-30,277.02744708326475,278.1425135966331,272.98025588438105,273.8475036621094,7228324
2023-01-02,273.31066952244794,275.8711318497507,272.2782178580357,274.9212951660156,6181118
2023-01-03,273.8062725577751,275.33430964354,272.77382072731143,273.47589111328125,6228015
2023-01-04,274.09529587176786,274.63216229648236,269.26341951799634,270.0893859863281,6947412
2023-01-05,271.45226701413833,275.7885590204129,271.08057811091294,275.4168701171875,8486143
2023-01-06,276.44927275918127,278.8032758845486,275.12774735183467,276.7383728027344,8603181
2023-01-09,278.30772271006634,281.9006628614671,277.64695993055625,279.2162780761719,11027747
2023-01-10,279.09239021384553,279.5053865963529,274.67350954312764,275.3755798339844,7217255
2023-01-11,276.779739173355,276.779739173355,273.6410763974821,274.0540466308594,4760847
2023-01-12,275.375536372695,275.54071395793477,270.99793770714246,272.443359375,6894087
2023-01-13,272.4433758617799,274.42569024440866,269.59381366137814,271.5348205566406,14967746
2023-01-16,272.8564402611993,274.384451195267,270.54374393414156,272.7325439453125,8571826
2023-01-17,272.732475375347,275.4581412853304,271.8239200720192,274.4256896972656,14240647
2023-01-18,275.87115782063177,277.97736883807625,274.54963213079003,276.4080505371094,13039078
2023-01-19,275.87111972660165,277.23397889959773,273.93011277697354,274.3431091308594,8667564
2023-01-20,274.21926778561647,276.86234550701965,271.94787900404833,276.36676025390625,13608325
2023-01-23,277.5230231826006,279.2988523429268,275.08643133908396,278.96844482421875,7399204
2023-01-24,279.0097624916906,281.44635442413846,278.84458490342075,279.9596252441406,12776694
2023-01-25,279.91838889505897,281.652911075375,276.90362228328684,280.2074890136719,12978859
2023-01-27,282.313640378076,288.1366877827789,282.06584778505237,285.7826843261719,21850457
2023-01-30,286.52605636311534,290.5319667310704,282.3549422107496,284.7915344238281,14634225
2023-01-31,285.7826797040602,293.2163264889536,281.694180516648,291.02752685546875,17794183
2023-02-01,291.5644403392269,302.05413539091774,271.8239609151385,298.50250244140625,67003785
2023-02-02,298.66769190565753,317.7474075810031,297.676547703515,312.70904541015625,57892084
2023-02-03,315.4346732478112,315.72374712187093,307.25764949867965,314.4022216796875,23153980
2023-02-06,315.9302629741873,320.63824324042014,313.53495226542634,316.6736145019531,26783409
2023-02-07,317.0866418304203,317.0866418304203,304.32555785670064,308.2901611328125,21438758
2023-02-08,309.5290913583647,311.63530234613074,306.8860138388054,310.18988037109375,10821785
2023-02-09,308.90960377475056,313.86537687881804,307.38156697190806,309.1160888671875,12318006
2023-02-10,307.42289549933633,311.3461910554725,305.8535510997639,306.7208251953125,10674456
2023-02-13,308.0836239591265,309.8594270901421,305.60572442525455,309.07476806640625,10282470
2023-02-14,309.73556777940473,320.1839803775418,308.7030899714619,319.19281005859375,30246745
2023-02-15,320.478146363348,321.4015912156221,317.7917540823391,320.8559265136719,12679568
2023-02-16,320.6880273125074,323.41640413620297,319.84852470474647,321.1497497558594,10151755
2023-02-17,319.8905256882678,322.8287716643076,318.3794315586062,321.86334228515625,7967611
2023-02-20,322.9546573517298,325.3052538338516,320.1003540216937,322.4089660644531,8105569
2023-02-21,323.2064962108482,323.96202984256394,320.43613527827057,320.8978576660156,8577674
2023-02-22,320.6880408252716,323.12257986608466,319.0090621451135,322.2411193847656,9306194
2023-02-23,322.74478297864596,330.76197494151535,321.6114425897609,325.3891906738281,19555814
2023-02-24,326.5645077421095,326.5645077421095,319.8485137168499,323.29046630859375,13407431
2023-02-27,323.2904653611316,324.7176170805041,317.4139739320152,320.8559265136719,8455904
2023-02-28,321.1077823154553,322.5768918805146,314.8115528547274,316.2386779785156,16997837
2023-03-01,314.18193008554056,319.344845870841,313.63626536077516,317.9176940917969,8065784
2023-03-02,318.58928429660216,318.7991532971468,314.5597090253691,315.2732849121094,5212922
2023-03-03,316.4905708533101,323.54236149901516,315.7350370590492,323.1645812988281,8495772
2023-03-06,323.96204753922774,329.50274310094,323.41638285284193,325.8509216308594,11126980
2023-03-08,325.72501321339706,330.0484263258889,323.29047429863346,329.4187927246094,9261146
2023-03-09,329.1669887938517,330.42622947791915,323.7522192644157,325.3052978515625,10005328
2023-03-10,324.84360655706104,327.57195720003915,321.9473181177918,325.7250671386719,8684320
2023-03-13,326.7323898332363,328.15954154604185,321.1077784696601,322.07318115234375,9130473
2023-03-14,323.79419129774107,324.42379831258455,316.6584588867369,318.7572021484375,10623744
2023-03-15,319.84849281219215,322.6188538021777,317.3300118461412,318.50531005859375,8748113
2023-03-16,319.5127424430228,320.9818787200227,316.364627485881,320.226318359375,16315136
2023-03-17,323.2065353391372,323.2065353391372,310.3202381474808,315.2732849121094,50787703
2023-03-20,313.38439325220804,318.46333984958386,312.29303726156525,318.0016174316406,10512002
2023-03-21,318.0016258127998,318.0016258127998,314.01400849486106,316.44854736328125,12057999
2023-03-22,316.44856016486983,318.0436231202378,314.139947920916,317.12017822265625,4958761
2023-03-23,316.490575652915,321.31769622331774,314.3078899178114,319.55474853515625,10127917
2023-03-24,320.2682907617259,321.52753137601337,317.3300449243146,317.9176940917969,10317108
2023-03-27,317.2880666567205,322.70283599148394,315.9448837369688,319.17694091796875,11232922
2023-03-28,319.17694399547383,320.9818759931685,317.45598088565663,318.7991638183594,9523719
2023-03-29,319.1769601490683,322.3670596848559,316.6164942736706,321.31768798828125,10551626
2023-03-31,320.6880250253946,322.78676822677375,319.00904642795757,321.947265625,9877493
2023-04-03,322.3670265271102,322.3670265271102,317.7497755734311,318.0855712890625,7331070
2023-04-05,318.0856095595966,324.9275312328671,318.0856095595966,324.3818664550781,12055499
2023-04-06,324.591702641501,327.65584858262633,322.53491726045695,325.1793518066406,13394394
2023-04-10,325.1793499002608,327.4040198262392,322.9966378104752,326.1867370605469,7044256
2023-04-11,326.1867039479889,334.2038957924476,325.72498155396534,332.4409484863281,18939829
2023-04-12,333.91008035905895,333.952064796574,329.1669297702602,330.3841857910156,10122932
2023-04-13,332.02125181138524,332.9446967142466,330.51015773342004,332.1051940917969,6292395
2023-04-17,329.83856600767695,337.4779786716556,329.83856600767695,335.9249267578125,11466474
2023-04-18,335.7989704940616,337.47794898377504,333.2804628503284,334.5397033691406,9860308
2023-04-19,332.4830096454216,336.93235007240105,332.4410251976923,334.7496643066406,10119480
2023-04-20,335.799049835821,338.02372014067595,333.8681908587961,336.0509033203125,6924577
2023-04-21,336.0508698714704,343.3544871641832,335.00149819461507,342.724853515625,14801099
2023-04-24,344.1939867275371,344.1939867275371,339.3248819701276,343.1026306152344,6212135
2023-04-25,343.10259721867857,347.1741567634121,342.0112412126051,345.49517822265625,9180650
2023-04-26,345.87295960977156,346.71246225078784,343.3964627370243,346.0828552246094,7914219
2023-04-27,346.04085775788565,350.4062553632205,345.03347059024406,349.23095703125,13100076
2023-04-28,350.90989454831663,359.5147354234288,347.3000576960502,357.24810791015625,13208557
2023-05-02,357.6259320928701,358.4654081012991,353.59633018552336,356.32470703125,10648421
2023-05-03,355.9469311197148,359.7246796272577,354.30991031392773,358.5913391113281,7607609
2023-05-04,357.0382717097041,358.46539684287774,355.9469156844678,356.45062255859375,8292456
2023-05-05,357.58397346453967,362.578978463399,356.2407904691982,359.9345703125,12890455
2023-05-08,361.8233878281575,363.88014644389597,360.4382206045652,362.2011413574219,7522610
2023-05-09,363.33451927997135,363.62833056708234,353.8481901134796,355.7790222167969,10377820
2023-05-10,355.9049324068264,357.9197333038093,354.4358228273012,357.0802307128906,10130159
2023-05-11,358.6752776907943,358.80120440414595,351.66547260735814,352.9247131347656,16597954
2023-05-12,352.92472088152385,354.855552851783,349.2728993263859,352.9667053222656,11564770
2023-05-15,352.5889408216,359.89255764989645,351.79142265487985,359.13702392578125,9503538
2023-05-16,360.98391120139394,360.98391120139394,355.5271841877558,355.9049377441406,8302077
2023-05-17,356.0728547961286,360.10243011105604,354.7716297300872,358.9691162109375,9844782
2023-05-18,360.9839237326619,363.040682567462,350.99391424061633,352.33709716796875,24919291
2023-05-19,353.38645758005697,355.19138951321884,345.327280453651,352.4630126953125,26759905
2023-05-22,354.2259718716724,357.4160446310784,351.83339069600646,356.5765686035156,16015615
2023-05-23,357.6259471532527,361.99131836291735,356.11485302589,360.2703552246094,9068926
2023-05-24,359.5567823233287,364.9715518454359,358.4654262086875,363.92218017578125,11921823
2023-05-25,366.8184044789324,371.43562871411757,365.01347261947217,370.34429931640625,18905572
2023-05-26,372.233150853127,373.3664913098744,368.95913601863043,372.40106201171875,13496209
2023-05-29,373.57638433239805,379.2849650000539,372.8208239793013,377.018310546875,20589822
2023-05-30,378.5340810421522,387.5038840272775,378.5340810421522,386.1734313964844,19627897
2023-05-31,385.6583907555271,387.97595767203387,379.7786593147629,382.3966369628906,14821960
2023-06-01,383.6842103628602,383.6842103628602,376.8173641905987,377.418212890625,9142172
2023-06-02,377.67572763758034,381.8816685853723,377.5040449197469,380.5941162109375,9558309
2023-06-05,381.96745917563834,383.5554221471092,377.7615186370993,378.2336120605469,7427630
2023-06-06,378.36241367322003,380.76580856133046,378.01907543259387,380.0791320800781,6703067
2023-06-07,381.109123419648,382.5254037767352,380.036181282122,381.06622314453125,7833952
2023-06-08,382.568342319929,382.61126980001274,379.30658833417493,380.1649475097656,7294955
2023-06-09,373.5127150558858,381.7099867726844,373.5127150558858,376.34527587890625,7329661
2023-06-12,377.6757170059225,378.49114868429234,372.39683403052095,375.0577392578125,9054977
2023-06-13,378.5341041230648,383.16921127173345,376.21653694686665,382.31085205078125,16732376
2023-06-14,383.04040760452125,384.32793267131706,380.8945234252868,381.5382995605469,9039402
2023-06-15,381.9675125536211,385.18633921886635,381.7529295500169,384.62841796875,7787525
2023-06-16,385.40093181236045,391.0660810300958,384.45674481002595,388.9201965332031,12181426
2023-06-19,390.3364491318434,391.32356354688983,388.19056478835836,389.3493347167969,4350517
2023-06-20,390.37932999535724,390.37932999535724,386.3879994608957,388.70556640625,4644353
2023-06-21,387.97594935404305,389.86432306581673,382.0103902898175,383.7270812988281,6292873
2023-06-22,384.5425372089923,385.95884478597384,382.697090857317,384.24212646484375,6892713
2023-06-23,384.11336642917564,384.24212166183725,379.99328059518047,381.7528991699219,6325479
2023-06-26,383.59837410939156,387.460976969883,381.1091514318163,382.568359375,5688287
2023-06-27,382.9116733684778,383.8558602828028,380.3795233692762,382.0533142089844,5052984
2023-06-28,381.96750739402796,386.7742971877239,381.5383413926168,385.70135498046875,12548096
2023-06-30,386.2592797284209,387.933070675078,383.34086384041257,387.6326599121094,9456776
2023-07-03,387.63268839160764,399.9500474491052,386.30223559219195,397.63250732421875,11111199
2023-07-04,399.13453461619395,401.7096119255575,394.6711108059222,400.2933044433594,8022597
2023-07-05,400.29332954380067,412.5678138010311,398.53371095448574,407.8039245605469,16878943
2023-07-06,409.73521112545217,409.7781386030594,403.8555068794989,406.7738952636719,9835812
2023-07-07,406.0014089058079,408.147293213273,401.3662748624045,402.052978515625,7605499
2023-07-10,403.42633094153337,404.1988623491033,398.0186926997213,399.8641662597656,6772454
2023-07-11,399.99294545076737,407.33185824359526,399.99294545076737,406.13018798828125,8783282
2023-07-12,410.0785810019085,410.0785810019085,403.81261058479845,405.40057373046875,12816220
2023-07-13,406.7739298418112,409.22025219887996,404.28470720721316,405.14306640625,8214385
2023-07-14,406.00141282113736,407.718103961429,404.58510522527325,405.9155578613281,5277090
2023-07-17,407.2889551029162,408.404797590093,403.9413732339311,405.4434814453125,6325310
2023-07-18,405.61513206815613,407.0314124077616,404.28467948145015,405.57220458984375,5558415
2023-07-19,405.7867835710082,412.39611896102673,401.7954530539886,411.02276611328125,14401395
2023-07-20,411.92403489665855,423.76932589488507,408.83396371516045,422.4388732910156,21030102
2023-07-21,422.1384452121807,427.2027452802702,418.01835927513474,420.97967529296875,14510084
2023-07-24,423.5547346399295,428.919472774112,401.8383804408482,404.5851135253906,40477929
2023-07-25,401.62380976171266,402.1388307320241,390.89438757174213,396.8170471191406,45211370
2023-07-26,399.04873776734865,406.0014116761696,396.60241549420846,405.3576354980469,18842179
2023-07-27,407.203106248586,407.8468552185177,395.78698105932125,399.177490234375,14528232
2023-07-28,401.45213724855495,402.95424541008026,397.7612172595792,402.09588623046875,10362522
2023-07-31,402.5679733624371,403.16882205833537,397.847038754469,399.73541259765625,8510403
2023-08-01,399.99293585258584,402.4392309902516,398.1045619490417,398.9629211425781,6686176
2023-08-02,398.79125281075716,398.96293553714946,393.1261036919994,394.92864990234375,10715605
2023-08-03,394.92861065300184,398.0616092694034,389.9501657308603,391.4523010253906,11026824
2023-08-04,391.6668842384768,396.0444804861132,389.9072384807844,390.5080871582031,7097614
2023-08-07,389.77856395399175,391.8815210117445,387.07473093261945,390.4652404785156,9513953
2023-08-08,392.2677865260814,392.2677865260814,387.1605584681685,388.27642822265625,6638681
2023-08-09,388.2763827929899,394.75696314088793,383.5983485127932,393.68402099609375,10134166
2023-08-10,393.89862551816555,394.2419637588224,385.4009156497953,387.7613830566406,13702317
2023-08-11,389.6068336069002,389.6068336069002,381.75290040770386,385.1863098144531,12028396
2023-08-14,385.18633559327105,387.3322200165696,382.01043644013106,385.5726013183594,7854074
2023-08-16,387.11759205167533,392.6110577135574,384.7141974241364,386.47381591796875,15494896
2023-08-17,386.25926638958845,386.25926638958845,377.6757289500683,378.5340881347656,16896158
2023-08-18,378.5340892680003,380.5512183960282,376.38820490169604,379.0920104980469,20068497
2023-08-21,379.392435101255,384.97172881651846,378.83448668712066,384.3708801269531,9940689
2023-08-22,385.400905386339,390.67978850377847,383.6842142287713,389.9072570800781,10234488
2023-08-23,391.0660623589204,391.10896263642394,385.0575751730007,386.6455383300781,8770272
2023-08-24,386.7742888396267,389.26351144228437,385.6584191748243,387.03179931640625,6322751
2023-08-25,387.03175786980785,387.117585618301,379.43530843320985,380.5511779785156,9628041
2023-08-28,381.96751283082983,383.5554760253628,378.53410315948867,378.87744140625,7176903
2023-08-29,380.2078578243325,381.1091172355908,376.9890314639849,377.76153564453125,9845106
2023-08-30,378.5340963953967,381.1091468019567,378.1049031918186,380.0791320800781,7648569
2023-08-31,380.25077367486637,381.88166426278127,374.3281416344115,377.418212890625,20666732
2023-09-01,377.67570592546565,381.9674743835826,376.21649812081193,378.57696533203125,11879159
2023-09-04,380.5512188793833,380.5512188793833,374.8002422414889,375.52984619140625,14128562
2023-09-05,376.73154710205716,381.5383368383768,376.388208864281,380.3366394042969,8701612
2023-09-06,381.0662183857372,384.97172118866524,379.39242758395017,384.0704345703125,13358433
2023-09-07,385.229212574637,385.40086807191096,381.62412068719937,382.739990234375,8401953
2023-09-08,384.4566684909792,384.4566684909792,379.26364100901475,379.9503173828125,10322317
2023-09-11,382.82588123110634,384.62842747263056,379.95039274132205,383.85589599609375,9679540
2023-09-12,385.3150367400489,389.95014317919737,382.4824762278565,387.246337890625,14961276
2023-09-13,388.147619169723,392.26773215076497,387.2034322790102,389.26348876953125,12268130
2023-09-14,391.3235667416479,391.3235667416479,383.81297147813405,386.2163391113281,14986708
2023-09-15,384.5854460868818,388.06178283660665,383.68418669430196,384.84295654296875,15657801
2023-09-18,384.84299127782964,389.6926812927718,382.9975176451221,388.0188903808594,8513132
2023-09-20,387.7184397515577,390.63682807513425,385.8729663086368,388.7913818359375,10343224
2023-09-21,388.6626827680115,389.30643178942125,381.5383528272174,384.1134033203125,11132308
2023-09-22,384.1133872235612,384.88591866135266,379.607035447625,380.3366394042969,7795399
2023-09-25,380.33663337876266,381.79581406526216,376.2594476637083,379.9074401855469,6005673
2023-09-26,380.76580094782963,381.538332376587,377.4182191640011,379.7786865234375,5533023
2023-09-27,379.7786864629706,386.08758431524456,376.6457148790023,385.5296630859375,10894817
2023-09-28,386.21632194812275,386.21632194812275,377.3323741461521,378.3194885253906,10610213
2023-09-29,379.39242433925773,382.48249545401796,376.98902964917204,381.45245361328125,8474326
2023-10-03,378.5341239220027,380.16498748450357,377.0319884058364,377.461181640625,7770032
2023-10-04,377.46109282389347,379.1348834771483,371.9246999850587,374.3280944824219,13912656
2023-10-05,377.6757265216054,378.1048925093312,373.4268853097046,374.28521728515625,10416552
2023-10-06,375.8302893717635,380.76583472785967,374.80027457910154,379.5212097167969,8742804
2023-10-09,378.49117772859574,380.42247918035736,375.3152785260447,378.06201171875,5827256
2023-10-10,378.0619717641228,381.8387193035575,378.0619717641228,381.45245361328125,5207891
2023-10-11,383.85588493420624,385.78718636616406,381.7958282598694,384.7571716308594,7946195
2023-10-12,385.95884797824914,388.4051430421808,382.95460449328624,386.860107421875,12227957
2023-10-13,386.130481619679,387.8042723805197,383.68418669430196,384.84295654296875,7926432
2023-10-16,384.54251235914415,387.117589674433,382.9974768514605,385.35797119140625,4377288
2023-10-17,386.08761255540924,390.1218983049298,385.4009360377699,389.2206115722656,7203352
2023-10-18,389.90727986406307,393.29778930443706,387.11764636860767,387.6755676269531,7160492
2023-10-19,386.04467887581023,390.4652027817204,383.5554563119322,386.60260009765625,9830006
2023-10-20,381.96749884790717,385.40090839355935,375.4010905101237,376.2165222167969,13521824
2023-10-23,375.9590097457904,377.632800630929,371.7530959964487,374.1564636230469,7555671
2023-10-25,375.014852048083,375.95903906165955,366.560069205957,371.4097595214844,11308597
2023-10-26,368.7059364802493,374.75732402155757,368.7059364802493,372.8260498046875,19525305
2023-10-27,372.82605613147643,374.9290131074379,370.9805824394003,372.31103515625,13638258
2023-10-30,372.9976610489118,375.22937296590027,367.67587810725513,369.4784240722656,7911426
2023-10-31,369.09219117015067,371.9676794741852,367.28964504506666,367.71881103515625,8952141
2023-11-01,369.09219766402157,370.03638462181203,365.22959487034984,367.4613342285156,8297973
2023-11-02,369.13506734045535,371.4096794162283,367.93337009077,370.0792541503906,8465990
2023-11-03,371.4955669301622,372.86891979091905,370.03635911281424,371.8818054199219,14334179
2023-11-06,372.0964208224146,374.9289815402163,371.2809891494467,373.6843566894531,7589690
2023-11-07,373.298160752366,373.298160752366,370.9376660146961,371.4097595214844,5321353
2023-11-08,371.79598534060756,375.5298327139069,371.0663814168752,375.0577392578125,7248663
2023-11-09,375.7873426930893,375.958998202141,372.43976102559816,372.8689270019531,8085620
2023-11-10,372.86894287880256,375.9590142105664,371.23807945474016,374.71441650390625,4236307
2023-11-13,376.3023082293606,376.3023082293606,373.3839199606116,374.2422790527344,3888975
2023-11-15,376.04486354266163,379.8216112907805,375.52984259383584,379.3495178222656,7722827
2023-11-16,379.349497918328,381.5383096322674,375.61565064270343,376.5169372558594,11276031
2023-11-17,377.0318908691406,378.96319191674627,376.2164592988392,377.0318908691406,6911592
2023-11-20,377.54696335478775,377.93322905786397,372.9547840084122,374.9289855957031,4502356
2023-11-21,375.22938283673597,377.07485632698126,373.81310251348316,374.4568786621094,6228803
2023-11-22,375.10067305032794,378.0190615906513,373.21227199044085,377.418212890625,5074887
2023-11-23,378.4911561994082,379.6070258467537,376.17361635210193,377.97613525390625,6611803
2023-11-24,378.53405583244916,379.6069979208294,374.97189136347384,375.7873229980469,7084608
2023-11-28,375.95897789207413,376.8173370021395,373.2981000157129,373.5985107421875,9082513
2023-11-29,374.24235458855776,376.38823915012097,372.65439130780766,375.2723693847656,14316126
2023-11-30,374.8431796444481,376.3452878610397,372.95480570231217,374.0706481933594,15710110
2023-12-01,375.87318455434155,387.074699876353,375.4440185618797,386.08758544921875,20081576
2023-12-04,390.55102739116836,391.752724785251,387.1176179239576,389.735595703125,13293194
2023-12-05,390.55104366710236,392.95443855542743,386.3451026125334,387.7613830566406,12603697
2023-12-06,389.6068902462787,398.7054496200405,388.0618544284445,397.63250732421875,21203900
2023-12-07,398.9199628127044,398.962890290366,392.6110653938614,393.2119140625,11746535
2023-12-08,394.7998770071899,396.2161846263528,384.97174185663044,385.5296630859375,19386851
2023-12-11,387.5467814518858,389.3493275315955,385.65840761706403,388.3622131347656,6854157
2023-12-12,389.8643835355376,394.8428290394338,388.276420302644,388.9201965332031,10549319
2023-12-13,391.66692673487756,393.8557114943193,388.92019351204266,391.1089782714844,11718443
2023-12-14,394.8428221410115,395.7011813655176,385.7871908104874,394.92864990234375,14924265
2023-12-15,396.47362823907736,397.3749148156606,390.55099669356895,393.2977294921875,16397959
2023-12-18,390.5510560880987,391.4094153189034,386.55969790653415,387.6755676269531,12490839
2023-12-19,389.134711131793,393.1260414483939,388.01884159623785,391.49517822265625,10664235
2023-12-20,393.98443362414525,394.19901661338577,385.6584068932969,387.11761474609375,10766954
2023-12-21,385.40089173377436,389.47807729462164,381.49538888446534,387.5038757324219,11584223
2023-12-22,388.83428582987034,391.3235354287296,386.7313291177024,390.7226867675781,11450973
2023-12-26,391.45231606874586,393.898611145563,390.29351894461826,391.795654296875,6097422
2023-12-27,392.26771839290313,393.55524345292497,389.4780580930857,392.3535461425781,7833901
2023-12-28,392.43937126686006,398.8770237276259,391.495184415579,398.3620300292969,21493169
2023-12-29,398.36204296714664,401.6237695761511,396.0015485585568,396.64532470703125,13384631
2024-01-01,397.8470301222474,403.3834235003086,397.1174262070781,401.7525329589844,9706230
2024-01-02,403.4263381690342,404.5851080974229,397.93287207365034,403.7267761230469,10924918
2024-01-03,403.6409269336043,412.6107301461247,402.86842270487585,409.6494140625,24961710
2024-01-04,412.0099017973637,413.25452676548315,407.0314563323421,408.9198303222656,12240910
2024-01-05,411.49486773368767,411.49486773368767,405.14304267730904,406.81683349609375,9564086
2024-01-08,407.71809516963697,408.1472883482497,398.7482923424567,399.5637512207031,8311403
2024-01-09,401.2804409887197,403.3834249883553,397.9757868226536,398.748291015625,5916180
2024-01-10,398.74829615510856,400.63669719235435,394.8857207330158,397.67535400390625,6123200
2024-01-11,398.3620565020552,400.4650133189814,395.7869790243903,397.117431640625,6786448
2024-01-12,397.6324341610022,401.4521091194677,395.14321175715304,400.59375,9714589
2024-01-15,403.426328510034,403.8555216906725,400.0787468381923,401.36627197265625,7167978
2024-01-16,401.5379709667349,407.71811362572754,398.4908271181607,405.40057373046875,12531058
2024-01-17,404.6280512168097,409.43484103698813,399.306267632846,400.5079650878906,11536527
2024-01-18,399.349141029534,401.5808802693785,390.1647552149102,399.5637512207031,9495938
2024-01-19,402.1816836597356,406.0013583394424,400.3362103273759,404.71380615234375,12673308
2024-01-23,406.6450927222465,406.6450927222465,391.75266019083494,394.24188232421875,8728196
2024-01-24,394.9286178877544,401.1946152353453,393.2119267816324,397.932861328125,22459072
2024-01-25,397.88999716827067,399.09166744976585,388.0618342792077,391.1089782714844,20435547
2024-01-29,391.3235683388679,392.48233828149625,384.1133837986769,386.08758544921875,18557346
2024-01-30,383.68420026968823,389.43514944296885,375.4440014019763,376.0019226074219,45190319
2024-01-31,377.6757423653789,379.82162680148224,376.5598726652632,379.0061950683594,20648695
2024-02-01,379.3924432943424,384.3279609474678,377.07487624062026,380.1649475097656,19903526
2024-02-02,381.9674763724285,383.85585015123644,377.2465419254087,377.76153564453125,17816750
2024-02-05,379.39243172632115,380.8087120811852,374.71439748515684,376.0019226074219,12505666
2024-02-06,377.6757242063142,378.44822842023024,368.66299368578547,370.29388427734375,19487043
2024-02-07,373.3839399508634,373.3839399508634,369.7788478931724,370.63720703125,13376903
2024-02-08,373.8535172676072,373.9406548583127,356.07587448707574,361.2610168457031,50039587
2024-02-09,357.3830233416138,369.67052751049914,356.07584909868194,362.0888671875,33527317
2024-02-12,363.87536246137586,364.2675230445882,353.8536558100145,354.5508117675781,11326971
2024-02-13,354.5943737512555,357.99304337034437,351.4571445057712,354.4636535644531,16207766
2024-02-14,353.810073006866,359.2566552825192,352.4157335824784,358.6466369628906,12618012
2024-02-15,359.91022136351324,361.2609781597971,351.3264100788086,351.9800109863281,21169031
2024-02-16,352.93863534518886,356.9037408495518,348.0584884974271,352.5900573730469,38963810
2024-02-19,352.9385779137792,359.6923337151701,352.5899999983591,356.6422424316406,17602580
2024-02-20,357.68804696525905,357.68804696525905,352.3286021787309,353.897216796875,14626643
2024-02-21,354.6815166984585,357.3830304413687,349.714232381529,351.500732421875,20162369
2024-02-22,354.5943771137186,361.7838769804783,351.5878680265273,361.1738586425781,19321180
2024-02-23,362.43745298945976,362.43745298945976,357.73160904171374,358.51593017578125,11576964
2024-02-26,358.25450719886294,359.95384211966285,354.9429749478744,356.5987548828125,8289561
2024-02-27,357.29588340568495,359.69237410510254,356.03226415387263,358.29803466796875,8083518
2024-02-28,358.29802027340105,359.34378171395946,354.50721790803016,355.81439208984375,8949664
2024-02-29,356.42440777306143,358.21088006238347,352.50285763753504,354.07147216796875,15468800
2024-03-01,356.337315293301,360.04098051981117,355.11727854645085,356.86016845703125,12873024
2024-03-04,359.25666246476044,359.86668079658443,355.94513043216057,356.5115661621094,7103794
2024-03-05,356.9908877579181,358.5159474971022,352.0236031921604,353.9407958984375,10108373
2024-03-06,354.2457567606503,357.25226548806404,349.1913354908276,355.4222106933594,11534613
2024-03-07,355.422242231896,361.60956300525106,351.7621323177054,360.3895263671875,23907135
2024-03-11,363.22177159770035,364.5289458598365,355.55297357754284,356.77301025390625,18298683
2024-03-12,354.245792445932,354.245792445932,348.0148889968415,352.4593200683594,36226074
2024-03-13,379.08225632312536,381.69660509257994,367.01263623455105,368.1455078125,105525827
2024-03-14,367.70974101459535,370.80338754824123,364.2674889159415,365.70538330078125,31949569
2024-03-15,363.57038287805614,373.4613697646107,361.87104789588255,365.22613525390625,76074975
2024-03-18,365.13893424389084,366.6204111749259,363.3088793794741,363.7881774902344,16547358
2024-03-19,364.26749180614473,365.61824861989226,356.16297854254486,356.9037170410156,21803126
2024-03-20,357.2958991887677,363.09105972476596,356.9037386154801,362.26318359375,20364534
2024-03-21,365.13895628515684,367.75330475277406,362.69888298530844,367.0997314453125,19968509
2024-03-22,367.0997346711346,374.419927016119,367.0997346711346,373.5049133300781,40358503
2024-03-26,370.8469775031,374.0277893005211,370.8469775031,372.6770324707031,10669833
2024-03-27,372.1105664607041,373.7663462493522,371.6312683263577,372.9820251464844,12698464
2024-03-28,372.98202537113855,377.55714895063414,372.1105666848334,373.28704833984375,29009002
2024-04-01,373.94061930272346,375.90139442993103,371.02124791223844,371.8491516113281,9743648
2024-04-02,373.5920573017108,373.5920573017108,370.01911246222807,371.1084289550781,9194659
2024-04-03,371.23914520830874,373.679218545448,366.88187928309895,370.5419616699219,13152268
2024-04-04,370.8470255103089,372.4156403114754,365.9233233103204,368.4069519042969,19065447
2024-04-05,368.1890562257562,376.20643221522545,365.96684064487147,372.58990478515625,16768902
2024-04-08,373.24348736865613,375.94500116709133,372.76418920624536,373.9406433105469,8844633
2024-04-09,375.1171007216393,376.03211438370613,370.8469725212621,371.54412841796875,6967273
2024-04-10,373.24344743864197,381.52226312429957,371.0212320403527,380.7815246582031,14547618
2024-04-12,379.0822317625633,379.73583272202484,373.2434885876637,374.8121032714844,18785009
2024-04-15,372.9820631978144,373.9842421696475,368.5376593514713,371.1520080566406,9083087
2024-04-16,368.84265473222285,372.11060442312856,368.79909974576583,371.1520080566406,10357752
2024-04-18,371.23911220469597,372.02340563968835,363.9624754422312,365.0082092285156,22133191
2024-04-19,364.26751553828564,371.45701560681107,362.52462568029154,370.14984130859375,17221280
2024-04-22,372.11059990884166,372.6334806910874,368.9298154672141,370.629150390625,7386048
2024-04-23,370.62913183698697,375.1606729933093,370.45482904533475,374.0278015136719,12484384
2024-04-24,374.07135278062805,375.42210964113116,373.243476671,373.766357421875,6070285
2024-04-25,375.5964204369422,381.9580166930137,373.8535029761323,381.304443359375,30337038
2024-04-26,382.78588270732047,386.31527251993987,380.30225439111325,383.4394836425781,15342965
2024-04-29,385.18238148157155,385.5745144039112,378.7336205173507,381.870849609375,12075706
2024-04-30,383.3959603223565,383.87525854269387,379.1694139378657,379.6487121582031,12528665
2024-05-02,379.9536751869483,385.70525292282576,378.9514962957991,382.5680236816406,24123523
2024-05-03,383.4830821961626,383.4830821961626,375.9014215073461,380.3458251953125,23786388
2024-05-06,381.6965555614722,383.8316334777261,377.6443127327708,378.8643493652344,10753860
2024-05-07,380.73796727495403,388.6682055521619,379.2564902446458,383.7444763183594,26969062
2024-05-08,384.52883191122805,387.53534122419063,381.870900586258,384.31097412109375,10916481
2024-05-09,383.4830771249932,384.74666881049484,368.9298019173525,370.454833984375,24314298
2024-05-10,371.67482453548735,380.2586353621918,371.67482453548735,377.644287109375,14524604
2024-05-13,377.55719789702965,379.474418303003,374.2892481138932,376.3371887207031,7584217
2024-05-14,375.1606568754472,377.6007301404288,373.4613221101125,374.4635009765625,11423749
2024-05-15,375.37853574944563,377.55716877013117,371.8927284401261,372.8077697753906,7856433
2024-05-16,374.7249033866709,376.990673637984,368.5375832683046,375.9884948730469,23911954
2024-05-17,376.8164487683138,381.260852290136,373.7663570890688,380.2151184082031,11894830
2024-05-21,379.9536900005545,380.91228632724113,377.5136165803025,378.9079284667969,11175153
2024-05-22,381.1301403386556,385.13882840102065,379.4308054819888,383.35235595703125,11036895
2024-05-23,384.659488360078,387.7095797731359,380.4329429801562,384.61590576171875,27244733
2024-05-24,384.310951047624,385.5745427258716,379.34366668390487,380.1279602050781,13252938
2024-05-27,382.3937588680947,382.48089645524146,375.33497907481865,376.0321350097656,12282545
2024-05-28,376.5550602330938,376.9036382417265,373.19994511458566,373.8535461425781,9668761
2024-05-29,370.80342960528895,376.81647580985464,370.80342960528895,375.5528564453125,10832067
2024-05-30,373.417810468783,375.5528610140028,368.0583651839346,369.36553955078125,21314885
2024-05-31,371.8927270015866,374.3328003943377,369.7140939893284,371.63128662109375,29300711
2024-06-03,378.2107495176925,378.99507062030193,373.54848835957597,375.0299377441406,16116836
2024-06-04,378.0819920118962,378.34825137293643,357.5359728112726,368.4967956542969,47791986
2024-06-05,374.5319094827672,386.95715897011706,371.0262361922414,381.8983154296875,28197030
2024-06-06,386.95717084482885,388.46592707633255,382.6083333908019,386.4246520996094,32318523
2024-06-07,382.8745928945324,391.97162873664547,382.60833352183147,389.7528381347656,29543660
2024-06-10,390.50726048759805,391.3947824225192,386.82407117924964,387.7559509277344,11872688
2024-06-11,387.84467346968756,388.5546796761091,383.62896591110893,384.2945861816406,13158571
2024-06-12,382.1201976859324,385.53712730991356,381.80955237758644,383.67333984375,10751658
2024-06-13,387.7559089354638,387.7559089354638,381.4101826375395,381.8983154296875,9641349
2024-06-14,382.5195497709312,383.31829967753237,380.78889215733267,382.6526794433594,9572809
2024-06-18,384.29460735192566,385.3596448481991,380.0345417507453,380.5226745605469,14641141
2024-06-19,381.6320579972225,382.2976782837194,375.4638191590513,375.996337890625,11329972
2024-06-20,376.351347889539,378.5257525366393,374.08817136690516,375.6856994628906,15147549
2024-06-21,377.1944701000712,377.4607294610519,371.46997822289575,372.4018859863281,26176371
2024-06-24,372.7569026415791,376.26257601400545,372.7569026415791,375.6856994628906,9723008
2024-06-25,375.41944009223124,376.3069619517722,372.53502920868647,375.6856994628906,10655609
2024-06-26,375.41943732662446,378.43700600124004,374.5763014110614,376.2625732421875,11511714
2024-06-27,376.2625936563807,379.19141874299106,373.7331857724581,377.7270202636719,38438054
2024-06-28,377.63826458694405,379.85705537104633,375.86324883644613,377.10577392578125,18554411
2024-07-01,378.3482763390493,381.8539498161556,376.8838497566948,380.7889404296875,13391362
2024-07-02,381.6320482400805,382.2089247658896,375.0200345853231,377.6382141113281,11177863
2024-07-03,378.1707597480842,381.32143008834834,377.63824099221983,380.123291015625,7435499
2024-07-04,381.6320763766379,382.9633451417158,379.0138966576025,380.7889404296875,9478861
2024-07-05,380.7445568579234,385.1821381877556,379.5020318353326,384.87152099609375,13427543
2024-07-08,386.20276307915896,394.5454064017364,384.871494397807,393.7022705078125,21311436
2024-07-09,397.25236004414035,403.8199883358948,394.0573037136591,401.68994140625,27489709
2024-07-10,402.6662006020045,404.1306271806451,396.2760880434586,400.6693115234375,12065662
2024-07-11,399.38239433526815,407.81380990765183,398.22861309156133,407.0594177246094,19556596
2024-07-12,407.0594255817072,411.1420037598132,404.5743755491234,407.4144287109375,19693114
2024-07-15,407.41438116146935,413.9820086056492,405.7724672684323,411.27508544921875,16876907
2024-07-16,411.31947062570373,414.24829551887325,409.5000691316833,413.1832580566406,13497253
2024-07-18,410.9201136086524,417.9314884137471,410.60946830322706,417.3545837402344,21907158
2024-07-19,418.0202585325393,425.47540879743394,416.6002178558093,421.1709289550781,25939326
2024-07-22,421.2152745186909,425.51972582046176,413.4495078011498,414.0707702636719,18762384
2024-07-23,414.07078883419376,441.4506680930601,413.93765914854197,436.8355712890625,56125835
2024-07-24,440.20813578403585,453.210261927794,435.4599375014016,438.47747802734375,43693692
2024-07-25,434.8830418921205,440.20814495659073,430.13484351054876,434.83868408203125,18567567
2024-07-26,438.4774780631656,449.43830114712074,432.57549856626446,445.71075439453125,21534703
2024-07-29,448.6395936886127,449.26085622757836,438.4775196143826,440.2525634765625,12978187
2024-07-30,440.47441788326415,441.8056866583547,433.6849161895334,434.7943115234375,13891052
2024-07-31,437.057492794329,441.9388210644049,435.3268349298526,439.63128662109375,11982586
2024-08-01,440.1637284983504,440.8737628182259,435.7261476069811,438.1668395996094,12114803
2024-08-02,430.26800111466224,443.2701002450131,430.26800111466224,434.0843200683594,22141163
2024-08-05,426.0523205208682,436.5693983234633,425.60854546679894,431.3330383300781,25022076
2024-08-06,431.5548877403152,436.3918583538408,429.602356369564,431.5992736816406,14251363
2024-08-07,434.8830345877464,439.8531344481693,433.19676276137596,437.2349548339844,11320399
2024-08-08,438.4331345718136,441.98319394772153,437.1018376938733,439.0987548828125,21349889
2024-08-09,441.98320282176905,441.98320282176905,437.6343652317819,440.1194152832031,9556181
2024-08-12,436.65810276874254,443.7582217148487,436.65810276874254,438.96563720703125,9425644
2024-08-13,440.1637430579755,441.8500429794937,433.3298840108808,434.8830261230469,8056478
2024-08-14,436.61369785563306,442.87070869735584,434.7942963223527,436.8355712890625,9609981
2024-08-16,438.87691939201966,447.4858232645307,437.2350051859108,446.11016845703125,13643352
2024-08-19,447.97390175378985,452.01209380136623,443.40319097362044,445.04510498046875,10591508
2024-08-20,444.645738066525,446.7757849749655,441.7169411474016,442.6932067871094,6888634
2024-08-21,443.75819937308097,451.7458679452625,442.91506345507685,448.5508117675781,8801221
2024-08-22,450.72521402910553,451.3020905746001,445.0451079369473,447.7964172363281,8686423
2024-08-23,448.24020479089086,449.9264767710972,443.7138795067736,448.9058532714844,8195369
2024-08-26,449.08333702673025,450.85838087482534,445.5332774585128,448.81707763671875,8126402
2024-08-27,450.4589492663018,450.5033352031046,443.7581917194657,444.29071044921875,8260450
2024-08-28,444.11321976952377,445.79951979911414,440.65193221566744,441.3619384765625,8081932
2024-08-29,441.9832074702022,450.5921108617591,441.4063027627872,448.2845764160156,19389694
2024-08-30,445.48884633391174,451.8789866621518,443.93570422033514,445.4444885253906,15523349
2024-09-02,447.3082737169309,455.20717018302713,446.6870112489918,452.677734375,16497266
2024-09-03,452.67773713088366,457.91409626795934,450.76959190714877,452.1008605957031,12481552
2024-09-04,443.7582030567318,452.677751368125,443.71384524676586,449.3939514160156,8739052
2024-09-05,451.16895891780086,454.319657255503,450.0152058318567,453.6983947753906,11318636
2024-09-06,454.40845140363155,454.40845140363155,441.22883630394256,445.26702880859375,14245025
2024-09-09,445.5332646679885,454.98530397420916,444.06886619293823,454.1865539550781,14265060
2024-09-10,454.3196763029774,457.0709575777058,451.5239809612763,455.8284606933594,11332248
2024-09-11,455.29591008277583,461.06475973465473,454.3640023247519,456.4940490722656,15497555
2024-09-12,457.1597565673343,461.95234127279457,451.3465202280897,461.0648193359375,19085324
2024-09-13,461.06481208270264,461.5085589801638,454.40843985294913,456.05035400390625,9165077
2024-09-16,457.8697151318346,458.84598072220786,452.3671247017335,453.6096496582031,7821668
2024-09-17,453.56527143027444,455.78406201482926,449.30517775626555,450.636474609375,10889862
2024-09-18,450.72523863670733,454.76343093157726,448.2845745094767,450.2814636230469,5638729
2024-09-19,452.63337290269794,456.89346666395045,450.4145822727039,451.0802307128906,14461616
2024-09-20,454.4084053209533,459.15663177722325,450.8583460271267,456.5384521484375,24725118
2024-09-23,457.4703669208341,461.0204264871007,455.8284808966198,458.8016357421875,8105508
2024-09-24,458.8460194599906,459.5560257442093,456.3166115244718,457.2928771972656,7015487
2024-09-25,457.51473537232573,460.88730730174024,454.67468220228506,459.3341369628906,8802667
2024-09-26,459.4228959190351,464.836771186585,458.84601932926836,463.9492492675781,16086557
2024-09-27,461.730441478933,469.0524337523458,461.730441478933,463.90484619140625,17916386
2024-09-30,462.041012159613,465.369197801959,456.2277767371736,459.8666076660156,10936940
2024-10-01,459.8666441244711,461.28665660969307,456.1834550969594,458.135986328125,5285319
2024-10-03,451.3464911442906,457.6922177343659,450.9471020792447,455.0740661621094,16481353
2024-10-04,452.6333999628257,459.15667068272745,445.13389168557245,446.908935546875,18930962
2024-10-07,449.97085980040646,457.0266211371439,449.74898635096883,452.8109130859375,17114457
2024-10-08,452.63336638342724,454.8965429194943,449.08330705216247,450.81396484375,9868331
2024-10-09,452.4558677197935,452.4558677197935,435.37116365980967,436.3918151855469,24874940
2024-10-10,439.63128105582945,439.8975404359125,434.39492158878744,436.7024841308594,13292273
2024-10-11,437.5456162489988,438.38875219322694,432.57551620558445,433.2855224609375,14949380
2024-10-14,435.7705826929564,442.8707297967612,433.6849216890066,441.0513000488281,6970606
2024-10-15,441.98318067862937,443.2257056420901,438.8768682699775,442.4713134765625,8347216
2024-10-16,440.2081640936547,442.73760011362725,436.9687218016791,437.7231140136719,6939430
2024-10-17,439.3206155181232,439.3206155181232,433.10801882331054,433.9067687988281,7669729
2024-10-18,433.77365572961855,436.25870575391593,424.58787595548876,431.9542541503906,22616838
2024-10-21,431.95423781408044,432.7530159179544,423.65595210991864,429.247314453125,7680088
2024-10-22,429.2472911251276,433.46299859008997,426.71785539496267,427.6053771972656,12772970
2024-10-23,426.8954190593147,428.9366941192119,425.56415026999287,426.31854248046875,10553961
2024-10-24,427.7829319671288,428.1379350949523,417.13272562053703,418.6415100097656,13596626
2024-10-25,422.2803462228627,437.9893975946249,420.8603336004072,428.0492248535156,32154050
2024-10-28,427.73856969915084,431.24427148836685,422.4578521725881,429.69110107421875,8946214
2024-10-29,430.44547989302475,434.173055017219,427.1616797853139,433.06365966796875,7131161
2024-10-30,433.0636412897533,437.76748187143,431.7767303629288,436.2586975097656,6640080
2024-10-31,436.6581074335961,437.5456293433338,430.17922280768573,433.81805419921875,8111694
2024-11-01,435.7705544719371,436.74682006469067,434.26177014569237,435.1492919921875,1517892
2024-11-04,437.9449959595894,437.9449959595894,425.60851720016433,430.0904846191406,8754385
2024-11-05,428.6260890085853,430.48987661737266,423.3009855731891,426.1854248046875,7610046
2024-11-06,426.1853808967422,429.91295573028174,424.23284973478434,426.984130859375,11749720
2024-11-07,427.5610618759079,428.40419782708676,422.54657585220644,424.14410400390625,9267980
2024-11-08,424.14409199348466,426.62914196530926,421.21529515296464,424.2772216796875,6325023
2024-11-11,424.2772299880931,427.3391565747761,420.771556524025,423.30096435546875,5700343
2024-11-12,423.8778783496949,424.1884955450853,418.1533859891892,419.66217041015625,5236095
2024-11-13,417.1771207432275,421.30405680700125,415.57959256886795,419.08526611328125,11548660
2024-11-14,418.1977517730254,419.7508939310638,410.254469103816,413.53826904296875,12087836
2024-11-18,413.58263748083095,415.1801655090349,410.0325783212632,414.0707702636719,8448573
2024-11-19,415.35772747288905,420.46092929422525,413.8045570792864,414.78082275390625,7121472
2024-11-21,409.14507908254996,411.8520025055283,404.17497910804383,405.7281494140625,20313155
2024-11-22,404.8849760938828,422.90155996145944,404.26371361127775,421.2596740722656,20214206
2024-11-25,425.1203780003654,427.96043122898016,419.26278403833174,423.1678466796875,14427013
2024-11-26,426.0078743501634,428.35979460750633,420.7715432250395,423.3453369140625,6791715
2024-11-27,423.78909717178095,426.0966596925035,419.79529089140067,423.30096435546875,7339184
2024-11-28,423.3453549185364,429.3804644079403,417.6208626211006,421.4815673828125,14967609
2024-11-29,419.9727756769193,425.03161943508326,419.4402569251216,423.12347412109375,8668142
2024-12-02,422.45784823353785,425.38664526883133,420.15031373251634,423.5228576660156,5689595
2024-12-03,413.5826685185779,420.150296739833,410.69822941298054,419.3959045410156,23073942
2024-12-04,421.03778284596376,424.4103263564436,413.93763646943455,414.55889892578125,13957078
2024-12-05,414.9583263692382,419.57339521958045,410.4763590816044,414.9139404296875,27432375
2024-12-06,417.1327297650406,421.5259532874458,415.09145472778096,418.15338134765625,7842234
2024-12-09,418.4639618565727,418.9077368278381,410.8757108172056,412.6507263183594,12154116
2024-12-10,413.0057997049072,413.9820653621883,410.5651074337324,413.09454345703125,9163636
2024-12-11,414.6476805538857,415.5352024480384,412.4288898824899,412.9170227050781,7005617
2024-12-12,413.13890698990156,415.2689256931872,407.5031586682021,408.7900695800781,13380617
2024-12-13,408.2575584671943,421.0378115655174,400.84679442097826,417.1327209472656,32976794
2024-12-16,417.35459575232846,421.0378129462512,415.3577066901408,417.2214660644531,9354160
2024-12-17,417.1327264699478,422.2803140258282,410.96448733951416,416.73333740234375,20608409
2024-12-18,419.5290388678347,420.5053045175723,414.38142310888753,417.5765075683594,12841386
2024-12-19,416.24517481851433,420.99340109521216,412.9613750183089,414.0707702636719,15161531
2024-12-20,414.02640741203714,414.8695714730185,407.63629494293747,412.384521484375,20231570
2024-12-23,418.19777009680405,423.96662024396306,415.00268563723716,420.9046936035156,19562956
2024-12-24,421.4815623327857,426.22976080207064,419.48464513072406,424.6322326660156,12009880
2024-12-26,426.49602063096154,427.64980189132285,422.4578284116542,423.30096435546875,9188830
2024-12-27,425.78603247431005,427.6942060097115,422.4578463685404,424.765380859375,16906420
2024-12-30,426.67352277317383,427.2947852586601,422.457815059372,423.3453369140625,13578360
2024-12-31,424.6322177071176,430.1348363036615,421.1709021796047,429.247314453125,13787501
2025-01-01,431.3329818602233,432.08737403819936,427.9160522183077,429.5135803222656,18931186
2025-01-02,430.75611694752047,434.8830529409553,428.0491934724373,434.0399169921875,27131131
2025-01-03,435.1049437212856,435.7705921957735,425.8747776002328,427.4279479980469,38500784
2025-01-06,419.92534197219254,425.5937753688359,406.698978628043,407.9893493652344,22009958
2025-01-07,410.6161621050003,412.5517321310893,405.6850757448119,406.5606994628906,14294780
2025-01-08,408.31192319196157,416.65327289988676,402.8739144906199,414.3490295410156,13482926
2025-01-09,414.21078814534843,424.57988345002826,411.1230963623607,414.8559875488281,19732649
2025-01-10,414.71772931211405,416.60719760759747,407.8510728791192,410.0631408691406,9145729
2025-01-13,400.93834065834005,409.2336166719609,400.93834065834005,404.67120361328125,17799607
2025-01-14,406.468518001142,406.92936666100724,401.72178243012405,402.4130554199219,18048459
2025-01-15,402.4130665906223,407.2058759094838,401.2609449089771,403.1043395996094,9786805
2025-01-16,403.74953568775027,405.0399345529054,397.34375562074734,398.95672607421875,15774070
2025-01-17,399.09496873161544,407.20589448929087,398.63412003792996,405.731201171875,11270061
2025-01-20,404.6251362205085,406.65288163954455,401.86004417344355,403.42694091796875,8742771
2025-01-21,403.70347138071133,411.99874818990406,401.16880346679136,403.2886962890625,15686500
2025-01-22,405.45465494630946,407.34415137338146,402.36696322633964,402.78173828125,9619648
2025-01-23,400.9383635063573,407.2519962354426,400.10884148331786,405.731201171875,8888248
2025-01-24,404.99380003866463,410.1553106977586,404.6712003484769,407.02154541015625,9665384
2025-01-27,406.28420939984284,410.1553497951661,402.36699538494514,405.6390380859375,10480203
2025-01-28,405.5467997156879,407.2058435542465,400.4774647192418,401.35308837890625,20813072
2025-01-29,401.81396017503766,403.24257977791996,396.4220251969846,399.41754150390625,15158510
2025-01-30,399.0949602480921,403.70344708698457,397.66634057922397,402.0444030761719,22496695
2025-01-31,402.3209231243453,413.1047941706201,401.0305523642032,412.4595947265625,13546181
2025-02-01,412.92045953120305,434.580349707505,405.1321047910878,426.3311462402344,30393007
2025-02-03,425.8242034381593,428.77364640147414,416.88372730958895,418.7732238769531,16991730
2025-02-04,422.13740225440523,424.30339673436174,413.61170144468196,419.51055908203125,18923681
2025-02-05,419.5105361259467,420.1557355112139,411.53785980899255,413.05865478515625,12836283
2025-02-06,414.7638001060609,414.7638001060609,403.8877828211345,406.5606994628906,17469129
2025-02-07,405.5468681216365,410.616203973157,394.85517233647147,397.11334228515625,18875982
2025-02-10,393.5647947742935,399.37147721649563,393.1039460684688,393.7491455078125,12227140
2025-02-11,395.22378087499993,396.8367511087239,384.80861290271275,385.54595947265625,14288751
2025-02-12,386.80994975406657,387.4185038147077,381.61379694988227,383.76715087890625,13884574
2025-02-13,383.81395645691885,387.55893945511997,382.92451156606495,383.57989501953125,12989029
2025-02-14,385.4992173663877,389.6655227047761,382.3627881470121,384.0948486328125,14124236
2025-02-17,383.6735266720701,385.1715257026187,380.8179883419268,382.550048828125,11975265
2025-02-18,381.98828064755554,384.6565868517638,378.243297503952,379.4136047363281,12998403
2025-02-19,378.99226598682156,382.73724896523663,378.7114036922215,380.4902648925781,7079032
2025-02-20,374.45150926845105,378.1496629377972,370.940587610997,376.4176025390625,15355585
2025-02-21,376.41761935814907,377.54112576751635,373.7493416368229,375.3409423828125,8240986
2025-02-24,374.49832980990334,377.6815598988965,373.3280225292474,376.2771911621094,7037625
2025-02-25,376.3708172507043,381.05204632098673,374.96644852961964,379.03912353515625,15760891
2025-02-27,379.03910612899966,380.5839059368619,374.0301855394252,375.9963073730469,19051003
2025-02-28,373.5620607013944,376.8389208829856,367.1956009202271,369.81707763671875,31954776
2025-03-03,370.70656259549924,373.56210106205316,366.25939472571287,372.1109313964844,10702826
2025-03-04,370.19155946983375,371.8768189431307,367.80414426427035,369.6766357421875,13404774
2025-03-05,369.3489671413712,386.435452947024,369.3489671413712,379.2263488769531,15665018
2025-03-06,383.0649304920634,383.57988278105773,375.013211588438,379.83489990234375,17869996
2025-03-07,377.8219664714748,379.97534887092377,376.0899346663798,378.149658203125,11180761
2025-03-10,375.48135271072846,380.9115952921479,374.8727986777293,379.1795349121094,9785018
2025-03-11,375.9027032097249,382.36279376469145,375.6218408876654,380.3030700683594,11099475
2025-03-12,380.4903129094051,386.9504036480261,378.24332855318335,386.1077880859375,13844306
2025-03-13,386.66953531662665,387.98027378974945,382.17556667393245,385.78009033203125,8196569
2025-03-17,386.66952781576737,389.7123267634701,381.052052835393,381.9414978027344,5257805
2025-03-18,383.8607734546159,385.6864641717792,381.7542204295601,383.0181579589844,13861897
2025-03-19,383.8607709374216,384.56295527450226,376.9325578592833,377.3538513183594,12830387
2025-03-20,379.17954934766647,380.72434920469203,376.27718165061447,378.1965026855469,16994037
2025-03-21,380.06900971850354,381.5201793399715,376.08996490330134,379.6944885253906,25302035
2025-03-24,381.05201646627233,386.5290597637776,379.74127814367813,384.703369140625,14362572
2025-03-25,385.73324448631945,388.77604313821394,382.6436449762537,383.6734924316406,20338110
2025-03-26,384.1416074375026,384.9842514429551,380.34982370077415,381.37969970703125,13891436
2025-03-27,381.98825745938433,384.51613235664644,379.78807428168614,383.3458251953125,18642328
2025-03-28,384.70338591875066,389.10375252075136,382.12871001952664,383.626708984375,12981873
2025-04-01,383.67353391685737,387.9802704965241,379.74131853086607,380.724365234375,15206240
2025-04-02,381.0988219723193,383.8607583698592,380.1625762201977,382.9713134765625,8001323
2025-04-03,381.09882796400086,384.0480249871138,380.77116480316903,383.29901123046875,7059566
2025-04-04,381.52014294173955,386.4822339855749,378.7114056930887,383.57989501953125,18627592
2025-04-07,365.2762657499408,382.08188802784315,365.2762657499408,380.1625671386719,26762866
2025-04-08,385.6396149281719,389.29096760296807,381.28607794776286,386.2481689453125,18600796
2025-04-09,386.66949469252165,392.3337700503985,385.0310646302652,389.75909423828125,21785572
2025-04-11,393.2232079835811,395.51702145893296,390.4144707836984,394.67437744140625,8939356
2025-04-15,401.8366972313636,401.8366972313636,392.2869789172459,393.59771728515625,11685880
2025-04-16,391.35075980822495,398.8875273661801,391.35075980822495,397.3895568847656,13034594
2025-04-17,397.90449415891055,400.57280059883806,394.67443448342624,400.01104736328125,22410217
2025-04-21,400.76000152305585,401.7430767519647,394.6276029884348,395.89154052734375,27388236
2025-04-22,398.7939022404639,407.0796545529523,396.5468895062768,405.9561767578125,32031936
2025-04-23,408.39042088422286,409.5607281098517,401.5090086831345,403.3815002441406,19566317
2025-04-24,404.317736314244,408.2499513547456,401.9302924881275,402.6324768066406,26064089
2025-04-25,402.63249298157206,405.11356719755287,396.3128338610747,400.52593994140625,22944377
2025-04-28,399.4492659595311,403.05381801388353,397.6704046490059,401.4621887207031,6287095
2025-04-29,401.5558052623093,402.21118873045583,397.90445247166593,398.8406982421875,11189930
2025-04-30,400.1514719800394,401.93033338689156,395.0957500866863,398.6534729003906,10026546
2025-05-02,397.06183232395665,403.990045229964,397.06183232395665,402.1175537109375,9263372
2025-05-05,402.8197624517931,410.5437904360518,401.9771469315377,409.0926208496094,11525305
2025-05-06,409.60755115118997,411.6204739738847,405.3944449107777,407.7818603515625,15026568
2025-05-07,405.76890647461266,407.2669054042834,402.30481430744925,403.662353515625,9710361
2025-05-08,401.6494314878609,403.9900458904708,396.54688066139005,403.1474304199219,19937960
2025-05-09,398.7939183424925,401.7898878224534,396.031981745509,396.5469055175781,8226512
2025-05-12,402.1175715800131,408.3904298762828,400.85363403411344,407.73504638671875,8031891
2025-05-13,407.1733194186355,410.0288864391506,398.2321828708248,400.6195983886719,14976369
2025-05-14,399.8705809376595,404.3177484214116,398.74707456561424,401.7430725097656,9557309
2025-05-15,401.7430807633696,407.64141790790075,398.8407130525867,405.0667419433594,24263510
2025-05-16,407.17328847071144,408.3904251412249,404.5518116867584,407.92230224609375,16402035
2025-05-19,407.266912756039,410.54377297361634,405.0667294669892,407.5946044921875,7543854
2025-05-20,409.13940063587995,412.69712312567145,405.30078727250276,407.17327880859375,9868414
2025-05-21,408.7649303606408,410.2629293856914,404.4581938781033,405.3944396972656,5776672
2025-05-22,405.3944162358384,405.3944162358384,395.9383282951614,398.934326171875,19451749
2025-05-23,406.3306853522196,411.01191444613914,401.6494562583,408.4840393066406,18536884
2025-05-26,410.3097014858526,415.27179255079653,408.90533285555307,414.6632385253906,13107662
2025-05-27,414.6632418792466,415.88037851185567,403.38149188670627,406.2370300292969,26986022
2025-05-28,398.2753781298962,402.9475037342144,393.79393430833676,400.65911865234375,431851622
2025-05-29,402.37538231693094,403.1381676108757,397.22650883681956,399.2765197753906,21478547
2025-05-30,399.61025828083166,400.5160622005545,397.03580693342064,398.60906982421875,30656239
2025-06-02,398.8474376645607,400.8974777159352,395.2718270145734,399.8009338378906,14973380
2025-06-03,399.5149278857097,402.0893793944988,396.32070963544066,397.5602722167969,13216486
2025-06-04,397.7509287646849,399.5149025311001,396.60675079881145,397.60791015625,12598933
2025-06-05,399.0381564747108,401.37423378518696,396.4160419459044,399.6102600097656,13212523
2025-06-06,400.7544518057209,401.7079480309055,399.5149183523392,401.4695739746094,8774988
2025-06-09,402.375397024289,403.9009967663349,400.94515272206996,403.3765563964844,10473123
2025-06-10,404.75914276623337,408.62079079284285,403.3765616168375,407.14288330078125,13041075
2025-06-11,408.0963712404173,408.1917266795449,405.09286404746234,406.3323974609375,20789182
2025-06-12,407.14288279336307,407.3335936752473,400.03932436990533,401.4219055175781,18508835
2025-06-13,395.70092072544685,399.8486349912841,394.27067643366814,394.6520690917969,17873926
2025-06-16,395.65324319318955,399.4195355657901,394.0322880819885,398.7521057128906,7006629
2025-06-17,398.65677784510535,399.5625818006199,396.3683927227586,397.98931884765625,9028406
2025-06-18,397.6079031209599,398.99048420762057,395.60555534311806,396.5590515136719,8036215
2025-06-19,396.3206894558478,398.799785393935,395.51021186668925,396.6544189453125,12601006
2025-06-20,396.6544118043789,399.9916484421562,396.6544118043789,399.0858154296875,13203184
2025-06-23,397.60791311448514,398.08466121174473,392.6020580932596,394.6520690917969,14839890
2025-06-24,397.5125498490303,401.0881605080796,394.5090427151077,395.0811462402344,16690068
2025-06-25,397.035822351589,398.7044407456806,395.7962888981935,396.9881591796875,9946718
2025-06-26,397.7986102268212,401.32652856542074,396.89277723401676,400.7544250488281,13703918
2025-06-27,401.4218740876709,402.3753702256464,398.3706748067923,399.18115234375,21409935
2025-06-30,400.27768502039476,401.1835180314217,396.46370029757674,397.08349609375,12317124
2025-07-01,397.60790154563335,399.3718752738479,395.6055537757248,395.7962646484375,13670465
2025-07-02,397.5125694765953,397.5125694765953,392.55440657693595,393.74627685546875,15990899
2025-07-03,394.7474217316605,396.65441410717574,392.125307215327,394.1276550292969,14185298
2025-07-04,395.60555949045533,395.70091492818915,392.60205234140216,393.3648376464844,8256733
2025-07-07,393.79391720822565,397.79861275139564,392.8404210406513,396.79742431640625,6845218
2025-07-08,396.7974260625579,398.6567552368677,395.3671818049024,397.7986145019531,6807192
2025-07-09,396.84513753591426,400.7544487506528,396.13001537247743,399.9440002441406,9930533
2025-07-10,400.75444928229246,400.75444928229246,397.0358198471668,397.46490478515625,6220360
2025-07-11,397.6079166905238,398.6090760644153,396.1776723858816,397.4172058105469,8578844
2025-07-14,397.6555490287378,400.42071108202924,397.1788009641555,399.8962707519531,6896989
2025-07-15,401.3265266149538,402.75677085028747,399.5148897365432,402.4707336425781,8532755
2025-07-16,402.4707213505022,405.6649391982031,400.7544108614845,404.8544616699219,9780773
2025-07-17,405.99865531946784,406.0940107556235,403.3288776974709,404.2347106933594,7240795
2025-07-18,405.4265924462953,405.4265924462953,400.56375604779373,403.09051513671875,6730256
2025-07-21,402.3753881438521,403.09051027917883,398.9427960746048,400.5637512207031,4822343
2025-07-22,400.5637591824813,400.8497964029397,395.8916336251602,396.6544189453125,9869507
2025-07-23,397.7032702848046,398.46605560438246,394.74742624924966,395.65325927734375,12196187
2025-07-24,396.5113943772586,396.5113943772586,390.4090246125477,390.8857727050781,9005157
2025-07-25,390.93343164953177,391.1718056932205,388.7880652563331,390.361328125,5824089
2025-07-28,391.69621446262005,391.74390673009134,389.5985403505162,390.83807373046875,8123337
2025-07-29,390.9334127310859,392.2683014914648,389.02642047386115,389.45550537109375,6811772
2025-07-30,389.979938885481,390.26597610105154,386.8810762904252,388.6450500488281,10915863
2025-07-31,387.07180823457605,394.7474412869076,386.6903864618624,392.79278564453125,19364174
2025-08-01,393.22181910286025,399.8486291981142,392.6497155747587,397.08349609375,14324065
2025-08-04,400.6591229390907,402.85215260384814,395.79628640159,397.46490478515625,18352458
2025-08-05,397.798622737676,398.5137448813091,393.7939270939727,394.89044189453125,8495104
2025-08-06,394.8904345378628,395.700912105227,391.4101793233631,392.8404235839844,9080543
2025-08-07,392.84042811675334,395.4625426248142,392.5066986324122,394.36602783203125,11514878
2025-08-08,394.6520785787631,396.03465973340934,393.74627463123227,395.22418212890625,9814361
2025-08-11,395.22418285040254,397.6079233983543,394.74743474081214,397.46490478515625,8514272
2025-08-12,397.6079259063852,400.2777036975735,395.9869706841952,396.9881591796875,13635738
2025-08-13,397.79861741128474,398.08465462555023,394.3660253481281,394.8427734375,10874910
2025-08-14,394.98578714952254,395.7485724437067,391.8869246070097,392.3160095214844,9580361
2025-08-18,393.79392311853456,394.4613820852118,386.02293505585004,387.4054870605469,30950814
2025-08-19,387.45320272429717,390.36135461529216,385.68922886161675,390.0753173828125,16681331
2025-08-20,390.07529508093324,391.17180987394187,386.5950398255606,387.1671142578125,18188129
2025-08-21,387.16711674788274,387.9299311597819,384.59269449100873,386.69036865234375,15028966
2025-08-22,387.1194592741643,387.5962073767187,379.0147415307397,379.77752685546875,13087624
2025-08-25,380.44498754804886,381.92289503325094,377.82287297221643,380.7787170410156,10440286
2025-08-26,380.7310049784415,386.5473373730478,379.87286425427845,384.5926818847656,13715752
2025-08-28,385.6892144680879,385.6892144680879,381.39848155064317,382.2566223144531,12471719
2025-08-29,383.3054728016321,391.3625273394323,383.21011736185324,390.695068359375,25255050
2025-09-01,390.69506980769,391.12415473908817,386.1659628361549,386.9764404296875,12268090
2025-09-02,387.6438838396435,388.88344640782555,385.6415650189729,387.8345947265625,19808255
2025-09-03,389.50321848347613,394.0323256751445,388.35901134306454,392.6020812988281,12936588
2025-09-04,404.2347131456668,407.1428648264985,395.7009107798522,396.5590515136719,27274123
2025-09-05,397.5125541844266,397.60790962272006,385.59385185760647,388.40667724609375,16000675
2025-09-08,388.5020552463618,391.4578703163545,387.88225941065747,388.5973815917969,7419022
2025-09-09,389.5032021316832,391.8392794876205,388.4543504800707,390.9811096191406,8825896
2025-09-10,391.8869277335158,394.46137904411546,389.9322722150785,393.8415832519531,9252397
2025-09-11,393.8416037431192,397.32188823995943,393.26952928734954,395.74859619140625,8274406
2025-09-12,396.0346635028067,397.65558962884535,393.65092293651844,394.5090637207031,7803379
2025-09-15,393.8415671951324,395.0334373647078,392.60203385813116,393.4601745605469,5707331
2025-09-16,393.98463766531836,395.0811524650244,392.84043059703714,393.8892822265625,8239087
2025-09-17,394.6997719127026,395.31953863603036,389.0741209359244,390.2659912109375,14113882
2025-09-18,392.22066465605855,393.84159072448466,391.02879441527705,392.4113464355469,15647808
2025-09-19,392.4113634471354,393.4125519518315,389.9322965175544,391.55322265625,19505321
2025-09-22,391.5532176336283,391.8869471309128,387.16712919399254,388.0252990722656,8930779
2025-09-23,388.16830584530703,389.1218020379517,383.4008248820839,384.4496765136719,14936357
2025-09-24,384.4496930997698,385.83224517971445,382.06595251531786,382.35198974609375,12380865
2025-09-25,382.7810611389299,384.2589686096089,379.4914876094897,381.49383544921875,22006368
2025-09-26,381.4938409525902,387.02410735314936,381.2077746294194,386.2613220214844,14414044
2025-09-29,387.97758033993085,389.02643193197514,384.44966201919163,388.3113098144531,19717660
2025-09-30,387.83459589952565,387.83459589952565,381.77988895148263,382.87640380859375,9465490
2025-10-01,383.6392049522153,387.1194602903188,381.16010899274613,386.7380676269531,17643039
2025-10-03,386.0706081822361,386.6427117258004,383.5915122257209,385.4985046386719,16987141
2025-10-06,384.25895278749806,385.1170935125061,381.20775343369894,382.11358642578125,13989077
2025-10-07,383.78224573811093,383.8776011840606,380.92175695000077,381.2077941894531,12298968
2025-10-08,381.3984692581301,383.0670875611344,379.4914769118394,381.16009521484375,8402463
2025-10-09,380.4449903284688,382.73337542805876,380.3973271570088,381.3031311035156,15656267
2025-10-10,381.82754463251206,385.0694257205041,380.9217116513056,384.0682373046875,15085738
2025-10-13,381.3984717438948,382.3043047536442,380.0158906444655,380.683349609375,9508594
2025-10-14,381.3984895951822,382.20896720525104,377.7752155833861,378.3472900390625,10291102
2025-10-15,379.49149411210675,382.20896414841775,378.7763719498352,381.3031311035156,16043867
2025-10-16,382.35195675188714,387.11943750939196,380.9693756928534,386.3089599609375,22962049
2025-10-17,386.49969684539326,394.6044146786696,386.4043414041463,392.98345947265625,21071344
2025-10-20,393.3648351646861,395.5578938251509,392.17296494651845,393.8415832519531,13083621
2025-10-21,394.27067613010945,394.6997610566706,393.1741613269356,393.6509094238281,1142130
2025-10-23,396.65441365825745,400.89748332833454,394.3183363615374,396.60675048828125,24305990
2025-10-24,396.6067573166322,398.5137497228218,394.22301680889524,397.4172058105469,14935678
2025-10-27,397.60791001997336,403.0428499257912,397.22651736481293,401.0881652832031,11603679
2025-10-28,400.9451604443985,402.04167527754,396.559072013437,398.466064453125,17163147
2025-10-29,398.7521371748908,402.56612211545064,396.7020969906232,401.9940185546875,11470661
2025-10-30,401.9939896699586,402.08934510630013,396.7974239224796,399.2765197753906,12938674
2025-10-31,400.9451426303807,406.5707642578344,398.7521130615341,400.8021240234375,18599864
2025-11-03,400.42074533071906,402.041671429904,394.07997225072296,394.69976806640625,7635440
2025-11-04,394.7474188614159,395.22416695182824,389.36017125943533,389.88458251953125,10085404
2025-11-06,390.9334537061446,394.0799796210065,387.64388007828336,388.5497131347656,10095563
2025-11-07,387.1671242550703,390.0753051532848,384.3543278958865,385.2601318359375,8411611
2025-11-10,385.26012436572665,388.1683052075514,384.8787317089743,386.69036865234375,6650003
2025-11-11,387.11945405752516,389.07410961230016,385.7845652080402,387.929931640625,12005318
2025-11-12,389.0264331714527,389.1217886071048,386.6903559407471,388.07293701171875,7987236
2025-11-13,388.0729379121885,388.5496859931617,385.6891975073225,386.8334045410156,6617185
2025-11-14,385.87991971501265,389.74156764498133,381.49383142153096,389.1694641113281,64020258
2025-11-17,390.69506352506284,392.8404299507648,387.1194528155595,388.1683044433594,7855399
2025-11-18,389.26482550088946,390.74273297855876,385.73687790475674,386.9764404296875,7661681
2025-11-19,386.0229487699935,386.6903786619881,384.06826406864894,384.78338623046875,7882450
2025-11-20,384.78336574606783,388.07293915467255,384.49732853592553,386.59503173828125,6693410
2025-11-21,386.1659529187517,389.5031895489138,385.8799157040955,388.8834228515625,5808131
2025-11-24,389.40784869658233,389.78924136320717,384.1159563384741,384.78338623046875,11037491
2025-11-25,384.7834000881633,385.6892331651161,381.49385548435896,382.1612854003906,8199785
2025-11-26,382.3519887554517,385.16481427717554,382.3043255832445,383.5915222167969,11443953
2025-11-27,384.7357193128495,387.07179665807234,383.40083044346284,385.4985046386719,8679529
2025-11-28,385.4984993519528,386.1659583266901,383.782217843192,385.4508361816406,6883500
2025-12-01,384.0682550618539,386.6427064233897,379.6821958509331,385.4508361816406,13442658
2025-12-02,385.45084717768543,386.64271745343586,381.8752363504342,382.3043212890625,8093808
2025-12-03,383.01942065902773,383.49616874095415,380.3019507723685,381.8752136230469,10772192
2025-12-04,381.493813935015,384.7833581805478,380.49262552241476,384.3066101074219,8057989
2025-12-05,384.3066201289768,386.49967878158014,383.3054607886625,386.1182861328125,4419747
2025-12-08,386.11831050848593,386.40434773852076,381.92290381200377,383.5915222167969,6056866
2025-12-09,383.305460687225,385.68920111438433,381.39846834549746,382.3996276855469,9426717
2025-12-10,382.447322017598,385.5938477590759,382.35196658031816,384.4019775390625,6969146
2025-12-11,384.40200931761535,385.2124869539056,382.4473536345593,384.16363525390625,6980147
2025-12-12,384.1636131699276,385.21246480963276,381.2554613992128,381.49383544921875,12407516
2025-12-15,381.49384796695153,384.5927107187102,380.9217444084862,383.5915222167969,7756564
2025-12-16,382.7333428800691,386.8810568881978,382.39961341304394,383.0194091796875,12347384
2025-12-17,382.35200134405585,384.35434931541226,380.54036426459874,381.2077941894531,8087490
2025-12-18,381.3984840446188,383.2578132936943,381.2554654327811,381.7798767089844,7227668
2025-12-19,381.63684238821344,383.92522737860764,381.63684238821344,382.3996276855469,10654835
2025-12-22,382.92407926981116,384.87873483805475,382.5426866099581,383.9729309082031,6847871
2025-12-23,383.78221492360865,389.8845846952617,383.114755953949,388.40667724609375,10081997
2025-12-24,388.9787845212552,390.45669198464753,386.7857258129762,387.6915588378906,5777430
2025-12-26,387.5961905544338,388.2159572411766,385.0694315402398,385.35546875,3152453
2025-12-29,385.30780773012765,385.97523758942174,382.7810487018413,383.8775634765625,6647710
2025-12-30,384.258966100121,384.6880510266874,381.68451473751173,381.9705810546875,12340527
2025-12-31,382.4473351908261,384.97409432460887,382.2089611386127,384.25897216796875,9945109
2026-01-01,383.9729288975114,383.9729288975114,345.833081144032,346.9295959472656,282626710
2026-01-02,343.258630577141,343.258630577141,329.19456168543866,333.7713317871094,118790358
2026-01-05,333.91437015500077,337.4899807901625,329.9573377733733,333.4376220703125,48358124
2026-01-06,333.96207009159815,334.39115505441515,322.04336666220496,326.5248107910156,72582738
2026-01-07,327.0491724258814,328.52707978728273,323.52122510729475,325.38055419921875,29440734
2026-01-08,325.61894801457146,329.0992032790893,323.2828707159584,325.0468444824219,36706319
2026-01-09,325.04683249490375,325.1421879298111,320.47006260328425,321.4712219238281,35193201
2026-01-12,322.52006733707344,323.71193750461623,320.1839901693325,322.6630859375,16156143
2026-01-13,323.23521493145626,323.71196303607496,318.18169666185645,319.13519287109375,24922339
2026-01-14,320.37473160941005,320.37473160941005,317.9433278749468,319.182861328125,14913422
2026-01-16,321.8049675143545,321.8049675143545,313.2711648846159,313.8909606933594,30526898
2026-01-19,314.65372624927437,319.0874774812901,312.07927503151404,317.7049255371094,15507440
2026-01-20,318.5153888891398,318.9444738116522,310.3630081485584,311.12579345703125,18771011
2026-01-21,310.8397584229455,313.9862842154765,309.2664955266801,309.64788818359375,14177965
2026-01-22,310.9351259007337,313.4142219142513,306.1199524882791,309.7432556152344,18622852
2026-01-23,310.41069841240886,311.2211760598996,307.6932573272881,308.3606872558594,11950089
2026-01-27,308.551391551435,309.6002432435028,303.06878812758583,303.8315734863281,47847784
2026-01-28,305.07112352260765,308.64673430417406,304.499019977878,306.2153015136719,28400238
2026-01-29,307.5978899534603,307.5978899534603,303.25946464318696,303.7839050292969,17719420
2026-01-30,303.9745746586993,310.02928130332384,301.7338818840886,307.1687927246094,41975824
2026-02-02,295.0593918522917,300.7326764202941,287.9558339773994,300.06524658203125,35227572
2026-02-03,306.26298563884325,309.64788544935533,297.1094164617701,301.924560546875,33168353
2026-02-04,304.2122558533025,306.5972918224836,303.09276069340797,305.5264587402344,11196759
2026-02-05,305.62381368471375,306.98667865411124,301.09711153502366,301.9732666015625,15816704
2026-02-06,301.7785557148148,319.0091496502099,300.12362917115206,317.1595153808594,68057745
2026-02-09,319.25251636686045,319.9826257687896,313.11957956571865,314.23907470703125,20059198
2026-02-10,314.43379342333833,314.9691951201795,312.2434651409776,312.876220703125,11489090
2026-02-11,313.41163831821643,313.6550081166595,307.91145710682224,309.80975341796875,24843366
2026-02-12,308.8849296992704,311.90272107711473,308.49554397172875,309.0309753417969,13294561
2026-02-13,307.6194359281623,309.9557801328065,304.9423680522052,305.4291076660156,8730618
2026-02-16,305.4291060946274,309.80976259638305,304.8450126194144,309.5177307128906,11693763
2026-02-17,310.0044627469445,319.34983928901715,309.7124011623626,316.8188171386719,39360672
2026-02-18,317.35422585595626,324.11991832114603,316.18603890816456,323.6331787109375,35473203
2026-02-19,325.19071316475083,325.38542088701683,316.3807383344217,317.3542175292969,19911747
2026-02-20,316.4294014344681,319.1551610138723,316.4294014344681,318.32769775390625,11282027
2026-02-23,318.3277143412081,319.39854745647875,315.79666235281263,316.7701416015625,13486092
2026-02-24,315.4072718436051,316.7701368296786,313.5089754538475,314.9205322265625,13135859
2026-02-25,316.86749468006315,317.93832779267075,309.6637541988749,311.2699890136719,13492101
2026-02-26,311.5133555396741,312.87622052851447,309.1770113147723,309.8584289550781,11270119
2026-02-27,307.6194251776827,309.32301376648314,304.3582639374763,305.2830810546875,13892595
2026-03-02,298.85810450075655,307.376047218612,298.85810450075655,306.548583984375,22194311
2026-03-04,302.3626464990797,307.13268865380064,302.2652926371002,303.6768493652344,24165489
2026-03-05,303.9202168516899,305.28308178434213,300.026300067982,303.23876953125,19938009
2026-03-06,301.8272051738374,304.0175333092302,300.9997716448259,301.48651123046875,21288269
2026-03-09,296.9111643273846,299.05283051074235,295.54829935080625,297.8846435546875,14084931
2026-03-10,300.8050671722483,301.77854635403554,295.69430146786544,300.8537292480469,18352950
2026-03-11,300.85374630707344,302.41131902789596,299.53957310372596,300.8050842285156,14842485
2026-03-12,298.9067800288785,299.83159716315987,294.8181851652266,296.0350341796875,23319679
2026-03-13,295.937682389217,297.8846408259882,292.67652106597967,293.455322265625,25659996
2026-03-16,294.52613802796225,301.2431686839447,293.99073631862075,300.0749816894531,37472204
2026-03-17,301.7298865244703,301.7298865244703,295.98633554258623,296.76513671875,25649286
2026-03-18,297.7872705212262,298.8094414690324,295.45092646773946,295.986328125,16702554
2026-03-19,293.50397895966603,297.3978957617843,289.2206764189814,290.0968017578125,17851126
2026-03-20,293.0658899820715,300.56169141647746,290.2428063525175,291.9950866699219,58679529
2026-03-23,290.9729210433315,291.07027490300464,281.87088476609046,282.7470397949219,31788160
2026-03-24,288.1011820084419,288.14984408530046,281.0921198636166,283.52581787109375,33335721
2026-03-25,284.9373809296547,290.58354854916115,284.49930339528424,287.8578186035156,26184716
2026-03-27,286.88433837890625,288.9773127628988,283.81785506545845,286.88433837890625,22179022
2026-03-30,285.813498126197,286.64096138513423,279.38852948557997,280.0699768066406,24586921
2026-04-01,285.22940879596706,286.64096553507443,283.1850965114152,283.9638977050781,18604340
2026-04-02,282.5523525472668,285.86217605837106,280.75140999162466,285.0834045410156,18082775
2026-04-06,285.2294224223722,287.51710461894146,282.552354464483,287.0303649902344,18047063
2026-04-07,286.3489031712945,291.0702832730548,284.98603822136056,290.5348815917969,26963485
2026-04-08,295.8403295367806,296.52177687527063,293.5526474241106,294.4288024902344,22310207
2026-04-09,293.5039840547165,296.32706784361375,293.26061425035937,294.9642028808594,17691477
2026-04-10,294.96421173271233,297.30055598300885,294.57482597570106,296.1810607910156,17744386
2026-04-13,292.0437560666014,293.4553127708808,290.19415155315835,290.72955322265625,16522014
2026-04-15,292.725224960759,295.9376946310278,292.57917930537735,294.0393981933594,18701403
2026-04-16,294.91552885499743,297.2518729405252,293.84469581756434,295.35357666015625,16512053
2026-04-17,295.7916756720069,301.729905030981,295.7916756720069,298.6634216308594,35111203
2026-04-20,298.8581217781442,299.7829389242669,296.37576164015127,296.9111633300781,13540471
2026-04-21,296.91116324455527,302.849392451092,296.4730857105753,301.4378356933594,24411865
2026-04-22,301.77854447435044,302.3139461377078,297.0085024549496,297.39788818359375,24500511
2026-04-23,295.93767496628874,298.22535701375915,295.2075655708127,297.20318603515625,10701849
2026-04-24,298.5174072251711,298.5174072251711,293.114609250071,293.6013488769531,17011704
2026-04-27,295.5969487737246,297.5439071449768,294.8181773085145,295.7916564941406,14382348
2026-04-28,296.32707115310103,297.6899361310764,294.526128639099,296.3757629394531,12907339
2026-04-29,297.00850597252486,309.0796419528162,297.00850597252486,307.86279296875,31199038
2026-04-30,307.86278680248944,309.07963576218305,304.99101137432183,306.548583984375,11541956
2026-05-04,309.4690426623296,309.4690426623296,302.26530226968964,302.8493957519531,20245091
2026-05-05,302.8494008323303,305.38045282577866,301.4378440355334,303.19012451171875,26795704
2026-05-06,304.504273955316,305.28307511999276,301.04843476850743,302.4599914550781,20287609
2026-05-07,303.1901061095417,303.38478412292693,298.85811182359606,299.24749755859375,25718615
2026-05-08,300.70773068347654,300.70773068347654,297.59261494674206,299.29620361328125,17739844
2026-05-11,298.85811207299713,299.83159126541733,297.05716962537434,297.7386169433594,14968661
2026-05-12,297.25189225671994,298.1280176321973,292.141126240168,292.7252197265625,15968338
2026-05-13,293.99072694682496,297.6899361310764,293.0659097966479,296.3757629394531,13024778
2026-05-14,296.91115977719784,300.9997843525029,296.7651438369858,299.0528259277344,11113377
2026-05-15,299.0528357626027,303.77418633135375,298.17668067606064,301.2431640625,11954564
2026-05-18,301.24314294849347,304.01753483399096,298.371367495507,301.924560546875,14422870
2026-05-19,303.67685162223455,305.91584192326644,300.17232052251813,302.0705871582031,17519355
2026-05-20,300.8050809313701,301.43783648682927,298.07935098097914,299.3935241699219,12127920
2026-05-21,301.6325293694972,303.0440563532439,297.68992087203304,299.8802490234375,21868988
2026-05-22,297.7872949531656,298.8581280637695,293.01725259672514,293.6986999511719,30751752
2026-05-25,295.8890075683594,297.3978884085819,294.33143494437775,295.8890075683594,15734247
2026-05-26,296.27839961224,296.32706168880947,293.1145922213104,293.6499938964844,37560542
2026-05-27,295.6499938964844,296.3500061035156,291.04998779296875,291.95001220703125,25446093
2026-05-29,292.0,292.3999938964844,285.8999938964844,286.8999938964844,31930439
2026-06-01,287.79998779296875,288.54998779296875,278.29998779296875,279.6499938964844,23477875
2026-06-02,279.5,283.6000061035156,277.1000061035156,283.25,20206131
2026-06-03,282.3500061035156,282.3500061035156,275.20001220703125,277.0,28001438
2026-06-04,277.0,280.6499938964844,275.04998779296875,280.29998779296875,22017634
2026-06-05,280.0,281.3999938964844,277.8500061035156,280.70001220703125,16065822
2026-06-08,279.0,283.45001220703125,276.95001220703125,279.45001220703125,15779677
2026-06-09,281.70001220703125,281.70001220703125,277.1499938964844,280.0,12302522
2026-06-10,280.0,285.8500061035156,278.6499938964844,283.6499938964844,19823743
2026-06-11,283.0,283.25,281.20001220703125,282.3999938964844,12603100
2026-06-12,283.54998779296875,285.8500061035156,283.0,285.1000061035156,12893433
2026-06-15,287.0,288.8500061035156,286.70001220703125,287.8999938964844,11194950
2026-06-16,288.1499938964844,292.1499938964844,287.5,291.6499938964844,14467499
2026-06-17,291.95001220703125,292.3500061035156,290.0,290.75,8626353
2026-06-18,291.04998779296875,291.8999938964844,288.0,291.1499938964844,10409670
2026-06-19,289.79998779296875,294.54998779296875,288.3999938964844,292.5,13874008
2026-06-22,292.79998779296875,293.95001220703125,290.04998779296875,291.25,9947873
2026-06-23,291.25,293.1499938964844,289.6499938964844,290.0,9410364
2026-06-24,290.0,291.3999938964844,289.45001220703125,290.3500061035156,6218635
2026-06-25,290.3500061035156,292.25,289.20001220703125,290.0,11230239
2026-06-29,290.45001220703125,291.8999938964844,289.3500061035156,290.70001220703125,10110022
2026-06-30,291.5,291.6000061035156,285.5,286.95001220703125,18180676
2026-07-01,287.8500061035156,291.0,287.1000061035156,290.29998779296875,6551425
2026-07-02,290.70001220703125,291.0,287.70001220703125,289.8999938964844,12722639
2026-07-03,291.29998779296875,291.6000061035156,289.0,289.95001220703125,6517591
2026-07-06,289.95001220703125,290.3999938964844,287.6000061035156,288.25,27126124
2026-07-07,288.29998779296875,290.70001220703125,286.54998779296875,288.75,18491160
2026-07-08,286.8999938964844,287.8500061035156,280.0,280.6499938964844,21593793
2026-07-09,281.25,284.3999938964844,281.0,282.04998779296875,12512120
2026-07-10,282.8500061035156,283.6499938964844,280.8500061035156,281.75,11774274
2026-07-13,281.3500061035156,281.5,279.5,279.6499938964844,12559492
2026-07-14,279.25,280.6499938964844,275.0,275.54998779296875,15018851
2026-07-15,276.6499938964844,277.70001220703125,275.29998779296875,276.6499938964844,8523722
2026-07-16,277.0,280.45001220703125,276.0,279.3500061035156,11220653
2026-07-17,279.3500061035156,281.95001220703125,277.79998779296875,280.70001220703125,15215868
2026-07-20,280.70001220703125,283.70001220703125,279.5,282.70001220703125,9913943
2026-07-21,283.0,283.95001220703125,278.79998779296875,281.0,9858768
2026-07-22,280.5,282.20001220703125,278.5,280.79998779296875,12995017
2026-07-23,279.95001220703125,284.0,279.6499938964844,281.29998779296875,21143589
2026-07-24,279.54998779296875,284.8500061035156,279.54998779296875,283.45001220703125,24954082
2026-07-27,287.75,287.8999938964844,285.5,285.8500061035156,19312804
2026-07-28,284.8999938964844,287.95001220703125,282.29998779296875,284.6499938964844,14843878
2026-07-29,285.6000061035156,289.04998779296875,284.1499938964844,286.25,19030590
2026-07-30,286.1000061035156,288.3999938964844,283.75,285.04998779296875,18283697
2026-07-31,285.54998779296875,285.79998779296875,280.04998779296875,281.0,16833813
2026-08-03,284.45001220703125,292.54998779296875,283.0,287.0,45392755
2026-08-04,286.04998779296875,289.0,284.70001220703125,289.0,12689243
2026-08-05,288.25,288.5,285.0,286.95001220703125,11771241
2026-08-06,285.45001220703125,286.3500061035156,283.70001220703125,285.8999938964844,12447629
2026-08-07,285.0,286.1000061035156,284.3999938964844,286.1000061035156,6128841
2026-08-10,286.1000061035156,286.1000061035156,281.3999938964844,282.6499938964844,9347929
2026-08-11,282.0,282.6000061035156,278.0,279.0,13053722
2026-08-12,279.0,279.54998779296875,275.3999938964844,276.1499938964844,12630816
2026-08-13,276.20001220703125,278.5,276.04998779296875,278.5,11335590
2026-08-14,278.3500061035156,278.3500061035156,275.95001220703125,278.20001220703125,7338537
2026-08-17,278.20001220703125,278.20001220703125,273.0,273.04998779296875,12795275
2026-08-18,273.04998779296875,273.6499938964844,269.1499938964844,270.0,14561572
2026-08-19,270.0,270.95001220703125,265.8500061035156,267.04998779296875,13821291
2026-08-20,268.20001220703125,271.6499938964844,265.0,271.6499938964844,28272797
2026-08-21,271.6000061035156,271.6000061035156,269.0,269.3999938964844,8312928
2026-08-24,270.6000061035156,270.6000061035156,267.0,269.70001220703125,8518400
2026-08-25,269.70001220703125,271.3999938964844,267.6499938964844,271.3999938964844,8414719
2026-08-26,271.8500061035156,273.95001220703125,270.25,270.25,11693367
2026-08-27,269.5,271.25,268.0,269.0,8834890
2026-08-28,269.0,269.0,264.79998779296875,266.0,15200847
2026-08-31,266.0,266.54998779296875,255.5,255.5,24575845
2026-09-01,261.5,268.20001220703125,261.5,266.6000061035156,31258553
2026-09-02,266.0,269.0,262.79998779296875,266.29998779296875,14643482
2026-09-03,266.5,267.6000061035156,262.3500061035156,263.0,17813663
2026-09-04,264.0,266.25,262.6499938964844,264.1000061035156,9519153
2026-09-07,264.1000061035156,264.95001220703125,262.95001220703125,263.5,6688002
2026-09-08,263.5,265.8999938964844,262.70001220703125,263.5,7406617
2026-09-09,263.6499938964844,264.5,260.20001220703125,260.79998779296875,10065188
2026-09-10,261.0,263.8999938964844,259.1000061035156,259.29998779296875,17541602
2026-09-11,258.0,261.6499938964844,257.70001220703125,259.8500061035156,11116049
2026-09-15,261.0,264.20001220703125,258.0,258.0,12133201
2026-09-16,259.3999938964844,264.8999938964844,259.29998779296875,264.1499938964844,15199856
2026-09-17,264.79998779296875,268.5,264.1000061035156,266.20001220703125,13365227
2026-09-18,266.6000061035156,266.6000061035156,262.29998779296875,262.29998779296875,14399150
2026-09-21,263.54998779296875,267.95001220703125,263.54998779296875,267.0,8662786
2026-09-22,267.8999938964844,268.25,264.75,265.79998779296875,7177847
2026-09-23,265.8500061035156,271.04998779296875,265.1499938964844,270.1499938964844,13142058
2026-09-24,268.70001220703125,270.29998779296875,266.70001220703125,268.0,7398276
2026-09-25,268.1000061035156,269.0,266.29998779296875,269.0,6240148
2026-09-28,269.0,269.29998779296875,265.0,265.20001220703125,7863377
2026-09-29,265.45001220703125,266.75,263.29998779296875,265.1000061035156,14419948
2026-09-30,265.0,266.8999938964844,261.3999938964844,262.75,14079098
