Date,open,high,low,close,volume
2021-01-01,364.48530334330746,368.4854648390055,361.99109074364833,366.7912902832031,4461761
2021-01-04,368.95604825305224,381.2859627531645,368.10896102984117,379.4035339355469,8872723
2021-01-05,376.48575244109736,377.42696682220014,368.57955738455104,372.0149841308594,6190435
2021-01-06,373.8503508597817,383.4036707560749,372.48557856449025,378.0858154296875,7910567
2021-01-07,380.25060397178686,388.8156604495313,379.45056601574345,381.56829833984375,10231006
2021-01-08,386.18027376147404,386.3214789065319,375.0739548439846,379.1682434082031,7559664
2021-01-11,379.1681842876576,381.1447400508426,369.5677869942337,375.591552734375,4822618
2021-01-12,375.4974891739072,388.67449052140097,373.7091588693092,376.06219482421875,6708618
2021-01-13,377.94460604909716,383.4507156727836,370.9796256905011,379.2623291015625,6885599
2021-01-14,380.58001641509065,381.80358354287455,370.83844244868925,373.09735107421875,4886430
2021-01-15,374.60333668133813,378.8858507745679,368.2030901571209,371.0267333984375,7329969
2021-01-18,370.3678784850759,370.8384857004318,353.4260187322643,360.5792541503906,10605461
2021-01-19,363.4970034240402,374.36801797511623,359.16741155063585,372.1561584472656,5842513
2021-01-20,371.77969589145397,379.2152840645661,370.3208250299213,377.3328552246094,5604951
2021-01-21,378.83877954048114,381.1918154382481,366.0853364640173,370.1795959472656,7085945
2021-01-22,372.72093316479567,374.08570564687903,350.3200400852349,353.3319091796875,8779405
2021-01-25,365.19116586959495,371.7326170569497,349.6140799488686,359.9674377441406,17874949
2021-01-27,358.2261851142659,359.54387945130816,349.7081780658905,354.13189697265625,8576326
2021-01-28,349.1905003309653,358.4614667987542,347.87280607443245,354.1789245605469,6969457
2021-01-29,359.59092553454894,360.0615327024903,341.84905828202585,345.28448486328125,7981367
2021-02-01,344.9550846723553,361.8028170330549,342.2726178326419,358.4615173339844,6141212
2021-02-02,362.0380970519802,368.67367550988314,354.55546014019524,366.13238525390625,7450391
2021-02-03,363.49704187038697,375.02691919344926,362.0852201573589,369.80316162109375,6063017
2021-02-04,369.80311640259885,378.36817282570826,367.49715845410424,376.7680969238281,6283280
2021-02-05,379.3094175786404,382.69779529180187,366.27359189976914,378.55645751953125,9008833
2021-02-08,380.7682906437275,394.6041544168285,377.6152452450253,393.09820556640625,9008722
2021-02-09,392.4864106869259,395.3100539292779,378.2270180577653,382.5566101074219,7961747
2021-02-10,385.89790998982426,389.61571841696485,376.485765843731,386.60382080078125,8008124
2021-02-11,384.2037071430835,391.07456037259135,381.1447605216372,384.81549072265625,3598146
2021-02-12,383.8742828076044,386.7449751186906,378.93290741326786,380.0623474121094,4667663
2021-02-15,381.2859255000435,383.87426487137685,377.4269410562484,379.9682312011719,4678133
2021-02-16,379.96825560011706,397.098340032587,379.96825560011706,383.68603515625,10594928
2021-02-17,382.46245693862056,386.8390979222212,377.42695442046397,384.67431640625,5486323
2021-02-18,385.8978946875906,390.368662979703,382.13303717844343,383.68603515625,5889983
2021-02-19,384.1095790316035,384.3919318450034,367.9677587977115,372.3914489746094,4527644
2021-02-22,372.8621078699474,389.52161553754564,372.8621078699474,382.2272033691406,9371697
2021-02-23,385.89786877693075,391.73340901372177,382.22713869669576,388.34503173828125,8127742
2021-02-24,390.6039620056532,401.5220543992025,376.48574651147294,384.1095886230469,10570509
2021-02-25,386.83912876674106,400.01613071986606,385.8979143415179,396.9571838378906,9051315
2021-02-26,387.8273513790297,396.53358389094154,369.0030648667879,372.2032165527344,11433748
2021-03-01,378.93294409476556,384.4390543833172,370.2267104143434,381.2859802246094,5834233
2021-03-02,382.8860125521865,390.5569330136971,377.4269804343405,389.00390625,5055665
2021-03-03,390.88634572383023,409.42828169460626,390.88634572383023,402.98095703125,11903775
2021-03-04,390.6980808011548,396.6277196920051,386.88614546539475,389.7568664550781,8655068
2021-03-05,389.75685266459226,389.75685266459226,378.838760891693,382.5094909667969,7045618
2021-03-08,387.7332520491304,391.0745514080699,382.6036224967038,383.874267578125,4176709
2021-03-09,387.7803229863091,390.3686625208051,373.4738529789343,377.99169921875,5477847
2021-03-10,382.65069167905796,390.88631743904887,379.77999933215153,389.6627502441406,6536253
2021-03-12,393.5688105157774,403.26333643696205,389.66277635261196,394.133544921875,13448994
2021-03-15,398.03956403023017,406.36931721525974,390.50984882994743,404.39276123046875,10146579
2021-03-16,408.43999339167544,408.43999339167544,394.6982576417214,400.9102783203125,8103798
2021-03-17,400.91028712275465,400.91028712275465,392.957013914571,397.6630859375,4738590
2021-03-18,401.8985222539606,407.21637751799096,395.40414906764113,398.27484130859375,6837030
2021-03-19,395.40419008544103,420.06399106059007,385.89791854248233,414.6520080566406,11116495
2021-03-22,415.07556167628064,422.605277080839,411.1224495994536,419.1227722167969,7010923
2021-03-23,418.8403579025402,420.9580900492384,413.66367932172227,415.8284606933594,5066287
2021-03-24,411.31070592352216,417.0991689234955,406.22815374607205,411.64013671875,7803892
2021-03-25,411.35772695318377,416.20500391438503,403.31035561757545,412.25189208984375,10870751
2021-03-26,417.52264642821086,425.66414393397343,410.5576667332111,419.0285949707031,12165673
2021-03-30,428.25251240386586,442.55898145052646,425.6171238169669,439.97064208984375,17646211
2021-03-31,439.8765541705648,445.9473697968975,434.18218983472116,440.9118957519531,7635784
2021-04-01,442.8884604931793,482.7959772815539,442.37080402046223,478.8428649902344,35736230
2021-04-05,483.3136030261643,491.3139255689538,473.61910602257086,487.0784606933594,29711225
2021-04-06,492.25515272643565,509.479365510221,490.04332176857895,505.855712890625,26533367
2021-04-07,507.5498329592673,533.1508745024638,501.8554976904182,529.2448120117188,20024702
2021-04-08,538.3746515151846,601.4360180388164,530.1390252900835,577.999755859375,72006147
2021-04-09,581.6704366932745,593.7650174547149,562.8461507161459,584.4940795898438,51062079
2021-04-12,573.1996329909681,585.2001179181188,562.2815677223907,568.634765625,27047004
2021-04-13,571.3171606058839,595.6004814782816,568.4935173079966,593.2944946289062,26091257
2021-04-15,600.4947505494716,606.1420366047959,579.788035013283,592.117919921875,24006650
2021-04-16,594.7533379050835,598.5181950972102,580.6821726600775,582.9881591796875,14389029
2021-04-19,564.7286765232797,588.729645275519,560.1167026861375,579.599853515625,17044636
2021-04-20,586.1882365969495,592.9649908388253,577.3408569162219,584.1175537109375,13626064
2021-04-22,579.5056618827247,612.7305155205996,575.6466487452499,603.0830688476562,22859059
2021-04-23,603.318446256693,614.4247649791608,589.0590247430532,598.0476684570312,17931094
2021-04-26,604.2596654123033,621.8603867821269,600.7301112919043,617.2484130859375,16506538
2021-04-27,621.8132634918355,630.9429964381779,619.3190225649503,626.754638671875,15799458
2021-04-28,630.3783389494456,636.2609288985819,612.401167043752,623.6957397460938,15558949
2021-04-29,632.4960534239505,686.0511737835054,628.7782451919211,683.792236328125,56816962
2021-04-30,677.2978209075088,696.4986165590846,669.6269584501907,675.6506958007812,36449711
2021-05-03,672.026983404176,687.0864116037094,668.8268319329113,680.7332153320312,16906171
2021-05-04,685.1570786333936,694.1456652499072,669.4387856393173,673.3448486328125,13790054
2021-05-05,680.4980073216674,689.9101512680252,671.1799618359062,675.5095825195312,12284261
2021-05-06,678.8978717079433,698.3810194543919,675.7918759679965,686.898193359375,18365325
2021-05-07,694.6161861571026,721.6290493304228,693.4396682266197,712.4522094726562,26586556
2021-05-10,720.8761113338595,727.5587104039816,711.6051152905542,714.0523071289062,15105182
2021-05-11,697.4398670917391,710.4286142606942,687.6041651689604,691.086669921875,16277517
2021-05-12,696.4986014250101,698.2869316237504,658.8500283750095,666.28564453125,14410802
2021-05-14,668.21521049547,679.0862259072538,639.1316610016547,665.53271484375,26344309
2021-05-17,666.2856106088224,679.9332176446105,653.2497583856526,672.4035034179688,12706884
2021-05-18,681.2980297661577,688.1218342593558,670.0034568118988,675.2742919921875,9477286
2021-05-19,671.1328950906731,678.0037485027682,662.7090149890921,664.3561401367188,6562006
2021-05-20,656.9675899365551,662.0501702014623,643.0376296049833,653.67333984375,10104850
2021-05-21,660.1206132719792,664.403184210019,654.1439255640354,657.1558227539062,7340528
2021-05-24,656.0264363861778,656.0264363861778,632.4019779399473,641.3905639648438,22332409
2021-05-25,648.4967091268027,672.4976758651677,647.6025439745675,659.60302734375,22058890
2021-05-26,645.9554527718524,650.3791720888079,633.9549687716609,642.0964965820312,18721303
2021-05-27,644.6377174369608,653.5321468955373,638.1433155826962,641.7669677734375,15110958
2021-05-28,656.7794719202484,667.1328315039493,645.8614066108518,649.249755859375,12698590
2021-05-31,653.2027682434497,672.215309874839,645.6260041070042,669.1093139648438,11685565
2021-06-01,674.3800547128105,674.8036126427465,647.0848396581399,653.67333984375,14156453
2021-06-02,656.0264545329356,667.3680768700755,655.6028965520529,664.54443359375,9653111
2021-06-03,668.2621988691444,678.4743517462362,661.7207475457104,672.1211547851562,8329454
2021-06-04,666.4267808152632,683.321589171964,661.7207092644921,678.8037719726562,9653847
2021-06-07,680.1214898777849,687.7924100747277,670.8976004178754,673.6741943359375,6872666
2021-06-08,672.3093644163897,672.3093644163897,651.320296971621,665.9091186523438,8230750
2021-06-09,663.5561833071619,671.4153009390948,652.7792664292639,656.8264770507812,6922786
2021-06-10,660.0736174225179,676.7331230396304,658.8500502472062,664.30908203125,8543092
2021-06-11,672.0271037157738,690.9454907994929,663.32087022926,688.2160034179688,11372473
2021-06-14,689.580749405603,693.8632634129847,672.6388902973232,686.2864990234375,10470356
2021-06-15,685.2040318389554,689.345397867397,674.8506742150151,682.4744873046875,5124845
2021-06-16,677.674323547231,686.051154136611,662.1913361934204,663.9326171875,9016464
2021-06-17,660.8266560511388,669.2034878084824,652.6851853583404,655.4146728515625,5639158
2021-06-18,654.6146692351309,655.4617852439233,617.5307958351775,631.1784057617188,13505600
2021-06-21,618.2837787573447,636.5433041339242,608.1657236886606,633.3902587890625,8187341
2021-06-22,636.2609645443817,642.3788584342316,633.672624821753,635.5550537109375,5398107
2021-06-23,639.0845680380119,644.7318543535172,625.1075573860032,626.378173828125,6059813
2021-06-24,630.2371561505965,641.4376307896206,625.813494309783,639.0845947265625,6985183
2021-06-25,644.7318812779018,661.0619285766568,644.7318812779018,648.9673461914062,9066409
2021-06-28,652.1674594249708,660.1206748873125,642.6141105983228,654.473388671875,5669654
2021-06-29,654.143945702472,655.5557671680169,643.4140795854657,645.5789184570312,4377422
2021-06-30,646.6612626959372,656.9675706009575,642.519954312308,643.6964721679688,6112824
2021-07-01,647.3673232082472,649.4380066027924,639.6493527997646,640.5435180664062,4133198
2021-07-02,641.0141216181239,642.8024521410862,628.2606766746868,631.8372802734375,5499982
2021-07-05,639.630609609433,641.5314435161475,631.5045562599979,639.3930053710938,5427717
2021-07-06,639.3930643745654,647.8993084938421,636.2566997408308,639.7732543945312,4790854
2021-07-07,638.4901764314137,659.5894470006402,635.8290202354874,656.16796875,8536360
2021-07-08,653.8868853465208,657.1658355448683,633.5955059306589,635.1161499023438,7099529
2021-07-09,637.7298258230074,649.7050571729242,636.7794087949553,647.7567138671875,7814242
2021-07-12,651.0356376927876,668.8559562427727,647.0913839835179,660.01708984375,11632489
2021-07-13,663.3911173401274,668.6184112446699,659.5894490459145,666.62255859375,6832695
2021-07-14,669.0935359379763,670.8517841001834,659.7794613860636,665.6720581054688,5996797
2021-07-15,665.291921969287,672.8477489705658,661.5377630935471,664.4365234375,4735495
2021-07-16,668.6183604096608,671.9448199141865,665.9572044078103,668.71337890625,3590287
2021-07-19,662.4406941752502,677.0295729166011,659.5894429808087,663.7713012695312,5377227
2021-07-20,663.0584363046913,663.3910590476654,641.9116582763095,648.1843872070312,5829609
2021-07-22,655.6926638312069,686.7712510645487,654.8847746346346,681.021240234375,9472817
2021-07-23,690.8581130901952,690.9531315828848,676.6968771485749,681.9716796875,8731309
2021-07-26,693.3291872365961,693.3291872365961,666.2423032938367,669.6162719726562,14645713
2021-07-27,674.6534993704055,682.3044027989985,668.4282794826225,675.4138793945312,6840353
2021-07-28,676.6968981675329,689.4325090613045,666.670010505725,685.9159545898438,8329455
2021-07-29,689.5275415017029,720.5111128577154,687.1990082229112,711.2921142578125,18513875
2021-07-30,709.1536994670151,720.2735324572159,697.1784099261681,700.4098510742188,9971622
2021-08-02,704.6391930600369,714.1908723903653,697.1308754919615,709.6763916015625,6971560
2021-08-03,709.0110159266061,709.0110159266061,692.2837014889801,703.5936279296875,6939253
2021-08-04,704.2590510092997,716.6144729568313,699.8871556775612,710.1991577148438,6680733
2021-08-05,710.1990900024053,727.4491814341734,703.7837753720726,725.40576171875,8613347
2021-08-06,729.4450343887402,737.9987872349925,718.2301255920903,719.7982788085938,8973665
2021-08-09,724.0751128280551,724.6929070343111,705.6370592445551,710.2940673828125,5119564
2021-08-10,711.7673447968937,712.8127803378482,683.920079104613,686.3436889648438,6382357
2021-08-11,690.953144373937,714.7135688709775,690.953144373937,711.9573364257812,11909486
2021-08-12,715.7114684636391,716.8994896442802,704.6391458653724,711.7672729492188,3506281
2021-08-13,709.866489304196,719.9883956743735,696.0854426333439,711.9098510742188,5611264
2021-08-16,708.0606058687666,732.3912558333366,702.5481993308863,723.8850708007812,9095337
2021-08-17,720.9863620652903,724.6455025696338,699.3643738437428,707.347900390625,6482187
2021-08-18,710.9118972493915,711.76729573037,696.5606241314525,700.885009765625,5905871
2021-08-20,686.2010112614593,686.2010112614593,647.7091262807264,650.6553955078125,13126219
2021-08-23,661.4902387016942,665.9572102487201,631.0768943935705,650.2753295898438,11781361
2021-08-24,655.8827033404395,662.4406033924832,649.1347663085596,657.3558959960938,8283854
2021-08-25,661.490216434947,666.242301323129,646.2835447927642,649.942626953125,5539409
2021-08-26,649.1348240261987,651.0356580643427,636.1140992631415,638.6802368164062,5659963
2021-08-27,639.5356366451487,647.6141813237839,638.4426338674398,643.9075317382812,4978277
2021-08-30,649.1823295150164,659.5894074153427,649.1823295150164,652.5087890625,5891576
2021-08-31,654.1245081281681,658.1162711780142,646.7112670406543,653.5067138671875,5399215
2021-09-01,653.8868798908628,654.8372968674485,641.5314591952506,643.0996704101562,4316801
2021-09-02,647.2815227038545,654.8373498811773,644.382762292363,651.0831909179688,3635439
2021-09-03,652.0810794417054,660.7774181811789,648.5645829544735,656.6431274414062,4145359
2021-09-06,662.4406749680046,662.4406749680046,647.8042293907087,652.6038818359375,5179490
2021-09-07,655.2650209261892,663.2009797777056,648.6596110869765,649.8951416015625,3555927
2021-09-08,650.0852484496467,657.2133761738752,647.8993008826535,652.9840087890625,3288571
2021-09-09,649.9425728985933,657.2132853763595,649.1822509814884,654.7897338867188,2381494
2021-09-13,658.87660171134,665.2919166216199,653.4117038248053,659.9696044921875,3778975
2021-09-14,661.8704829280837,667.1927954144575,657.9262288114788,659.2568359375,3185808
2021-09-15,662.4406549760231,663.391071984597,652.9839941389425,662.1080322265625,2871538
2021-09-16,665.3394116817451,666.1948101884138,653.8868983916269,655.2650146484375,3372499
2021-09-17,657.6885385671436,657.6885385671436,635.5438349252506,648.469482421875,7804735
2021-09-20,636.6844584485885,636.6844584485885,596.9569760163597,601.8041381835938,10340874
2021-09-21,601.8514784613283,638.6801319005332,597.5270933366868,635.7813720703125,14289169
2021-09-22,638.4901416656908,649.5150138897311,633.1678295636376,644.9054565429688,8147214
2021-09-23,651.3207672257491,653.1740920023532,640.6760850813433,643.669921875,4039612
2021-09-24,643.6699322302837,645.3331620293284,618.4838809876074,626.4674072265625,7363339
2021-09-27,627.7029465961558,630.839311231014,614.2545222567671,616.488037109375,5889365
2021-09-28,617.7710673122161,634.7835552925086,615.9652517580705,628.0830688476562,4735779
2021-09-29,626.2298241084385,650.3703826298593,621.1925672827851,646.093505859375,7345149
2021-09-30,649.3249333899153,649.3249333899153,633.3103714591203,635.1636962890625,4934499
2021-10-01,627.2752222521552,652.6513678450352,626.2297867519417,640.8186645507812,5193048
2021-10-04,641.0562299853709,652.7463468177307,629.2710366531168,647.3765258789062,5617530
2021-10-05,647.3765073097798,656.59550501315,643.5748396353689,645.6657104492188,4186464
2021-10-06,646.2835927130735,650.0852609055033,623.0458842850755,626.5624389648438,5994344
2021-10-07,632.9777704929742,636.7794387842232,626.3248509832882,633.50048828125,3042177
2021-10-08,636.8269070939172,649.1348189973203,631.5521042807018,632.8351440429688,3826818
2021-10-11,637.7773270276911,644.382736891103,633.6430362113549,639.0604248046875,2257738
2021-10-12,639.0604660085048,647.2340296701067,632.4075464671087,640.343505859375,2930894
2021-10-13,640.3909688093889,657.6885699681242,637.7298127870106,647.6616821289062,5601758
2021-10-14,655.7877944482804,664.3415482889102,649.0873655415583,658.4964599609375,4751065
2021-10-18,661.0149590280829,691.2382050784967,661.0149590280829,680.3084106445312,9493244
2021-10-19,686.6762819876341,686.6762819876341,654.3145947635509,657.2608642578125,4164143
2021-10-20,657.6886174671271,661.2051722547772,641.9117171880761,651.1782836914062,3256699
2021-10-21,657.0706547358171,659.5417733085939,622.6180445162445,640.6759643554688,5811087
2021-10-22,642.4819695400016,655.7878091458597,625.4219707292908,634.6885375976562,10162556
2021-10-25,636.7793922862787,644.3827283135776,620.6698124766692,640.8186645507812,3987950
2021-10-26,645.0480063592596,662.8683244699166,641.0562435007027,659.9219970703125,4238644
2021-10-27,659.9220687240088,664.8167398334004,648.2794596275697,650.940673828125,3330934
2021-10-28,649.0397891365319,650.4654146291363,631.1243939741611,634.3558349609375,3080237
2021-10-29,636.7794499748891,650.8456112979364,630.1265303482858,635.9716186523438,3612552
2021-11-01,646.2834910425516,656.5004727024155,639.1553643031118,654.7897338867188,3234840
2021-11-02,659.0191523125159,659.0191523125159,638.2049973993045,639.488037109375,3204544
2021-11-03,643.8599623555276,649.6574824387232,640.1533131162084,646.5211181640625,2265795
2021-11-08,649.1347797083306,653.8393552333156,634.9260346414959,651.8434448242188,2919045
2021-11-09,651.9860459376918,657.070753558885,641.674044945278,643.0996704101562,2494969
2021-11-10,641.5314437928336,642.5293699925196,619.8619488487118,629.5562133789062,6871348
2021-11-11,629.5562038771055,636.6367636687271,627.5127842538083,634.3082885742188,3868489
2021-11-12,638.7277424762257,642.244297028801,630.4591028549949,638.0624389648438,2542949
2021-11-15,641.5314966318558,641.5790058816877,625.4219163368855,628.7008666992188,3143670
2021-11-16,625.3744112434666,640.5810838572895,623.188463657,631.9323120117188,2795558
2021-11-17,627.5603237741472,638.3951006098017,625.9446032974129,629.5086669921875,2882577
2021-11-18,630.1265275559826,633.8331773922071,611.1181858499199,618.2938232421875,4010171
2021-11-22,622.4756070057574,630.6016605092692,613.0664557855763,624.4239501953125,3944981
2021-11-23,624.5190436686771,655.5026754608026,624.5190436686771,649.4199829101562,9033812
2021-11-24,649.4199457732238,661.4902536704171,636.77941086089,649.3724365234375,4374307
2021-11-25,649.372433861253,653.6968197334214,640.7711713665076,647.1389770507812,2850008
2021-11-26,635.1161656068729,639.2029471395726,593.2978172541569,597.4796752929688,8921840
2021-11-29,600.3783886480227,606.1759087403243,587.452683543793,594.580810546875,4230776
2021-11-30,590.6841426276376,601.2337477155977,574.3369592588602,578.2337036132812,6606473
2021-12-01,584.458993932515,608.0768351259468,583.5560861063125,605.6057739257812,6580138
2021-12-02,606.3660412564626,616.5830239265362,599.5230273082248,614.6821899414062,4017457
2021-12-03,605.4156713436456,622.3805927766566,605.4156713436456,612.59130859375,4885753
2021-12-06,612.7338310991062,628.2256160814944,605.1780045989283,610.9755249023438,13699768
2021-12-07,616.7731749808634,630.7443176430745,615.0624358405396,627.89306640625,12896360
2021-12-08,632.5500208998243,642.4818901225718,627.4178039201314,639.5831298828125,9676621
2021-12-09,642.4817795429271,644.7152358984531,628.2730362781906,640.6759643554688,9692290
2021-12-10,636.7794247525114,647.6617115981869,636.7794247525114,645.8558959960938,2430834
2021-12-13,648.1844105531156,658.5914885706582,634.4983822000664,637.3021240234375,4149735
2021-12-14,632.5500333346017,642.4819027525917,628.4632517679753,637.0645141601562,2942047
2021-12-15,637.0645186397825,644.0501185611241,624.0437938285398,625.849609375,4724542
2021-12-16,632.0272686061126,633.1677805422087,621.0974737354805,629.318603515625,2474595
2021-12-17,629.3185716557914,632.0272366091502,620.6697430863599,627.5127563476562,3003978
2021-12-20,617.866103983623,623.4735878092291,599.2379529172546,610.7379760742188,4070706
2021-12-21,614.9197846162662,632.9777071938689,613.3991406553758,625.6594848632812,3127861
2021-12-22,630.2690055249498,633.1202562931987,625.041712449827,628.2255859375,1273217
2021-12-23,632.78757755039,637.6347386769289,615.1098459353187,618.0086059570312,2971327
2021-12-24,619.7194656653268,622.9509070464757,607.6016474993035,619.0066528320312,3973912
2021-12-27,615.8702662003925,622.3330907254158,611.2607665782062,620.6698608398438,1838919
2021-12-28,622.5706442984687,628.6058270542657,620.0995833018093,624.756591796875,2232852
2021-12-29,622.6181600240105,624.6140705502457,612.9714621781843,623.3785400390625,3014867
2021-12-30,623.4735620327675,626.7050030883071,611.6408585905889,613.779296875,3713255
2021-12-31,615.680164129602,632.0273492765713,615.2049555963113,623.4260864257812,2499623
2022-01-03,623.4260414974224,637.7298057168729,622.2380202498127,633.9756469726562,2383218
2022-01-04,636.7794169139847,640.4860665741892,630.5066876524029,637.1596069335938,1999008
2022-01-05,634.9735443817574,662.4406175826247,633.3103147106389,660.0645751953125,6342812
2022-01-06,657.6885224656373,658.163730935627,638.8702786558176,640.5335083007812,4714784
2022-01-07,642.4818737780042,645.3331246971374,634.403329507127,639.488037109375,2862614
2022-01-10,644.2877337866433,645.8083778451365,636.7794159768087,638.7752685546875,1841965
2022-01-11,631.0768845395788,635.4012702640966,611.355731897717,613.6842651367188,6912370
2022-01-12,619.6719021928905,626.5149163955639,616.8206511091807,624.4714965820312,5343630
2022-01-13,626.3248159184591,657.2608783047706,624.6615861341537,653.7443237304688,7202966
2022-01-14,646.1885145230383,655.3600033847883,643.6698863746593,648.8496704101562,2054419
2022-01-17,648.1844005176731,669.9014059825035,641.911671458139,664.7216796875,5920282
2022-01-18,668.4756876895691,669.6161995445142,643.9549438480418,646.4735717773438,3450193
2022-01-19,647.2339772882099,655.0749175417013,627.2752202793223,641.1988525390625,4889920
2022-01-20,645.3332081330128,651.9861278044872,639.0604785034508,648.65966796875,2862609
2022-01-21,645.2380682005332,646.2835036057693,629.3185848396558,633.2152709960938,3836844
2022-01-24,623.9487819520473,624.4239904683855,587.3577261940064,590.9692993164062,7296421
2022-01-25,589.25860009156,608.8371690846081,582.2254903707957,599.8557739257812,5007835
2022-01-27,588.3080931197067,600.8060992384703,581.7026837034268,595.0560302734375,4760551
2022-01-28,599.7131657611086,613.8744031799282,594.5333811745548,596.909423828125,3719102
2022-01-31,604.4651986075892,607.3164495444174,596.8618627760471,597.7647705078125,2892647
2022-02-01,602.5168858265291,626.1822349918727,596.861892914502,621.8578491210938,5150345
2022-02-02,627.2752151469682,630.8867881172565,619.8619742060921,627.1326293945312,2562721
2022-02-03,624.4239748589177,634.308334955202,617.771055796494,620.764892578125,2456228
2022-02-04,614.9197990496212,632.8827035546109,614.9197990496212,624.756591796875,3284062
2022-02-07,626.7050152351796,633.595538729613,613.5892137628316,618.8640747070312,2768417
2022-02-08,623.0933627526223,630.0314532681222,612.3061529930714,627.3702392578125,3184065
2022-02-09,629.9838552026081,633.5479187826384,625.2317704292344,630.1739501953125,2200828
2022-02-10,633.1678171466899,644.3827261474868,631.1719066409231,639.2029418945312,4284880
2022-02-11,635.7814521423118,641.5314632855458,626.9425858054807,638.1099853515625,3122555
2022-02-14,623.7586706311104,632.0273102009227,574.3369862244217,595.4837646484375,6491576
2022-02-15,604.3226563554699,611.5458607206599,586.5023367176128,608.8847045898438,4001839
2022-02-16,609.3598644958698,614.1119493534876,603.5147769174606,606.3660278320312,1939683
2022-02-17,609.9776917836331,617.2484059047489,602.9446399497264,606.5562133789062,2382178
2022-02-18,603.7048280024951,610.6428597882032,599.8556511495678,601.4713134765625,1458069
2022-02-21,600.5684884401417,603.5147577547759,590.4465248112671,592.2047729492188,1857572
2022-02-22,580.7047759911638,593.7255002460906,572.6262316443145,591.1593627929688,3353278
2022-02-23,593.535450036217,596.8144004732558,582.4630681570601,584.2213745117188,2339927
2022-02-24,569.2998233319719,574.5271172022989,537.9360601100102,541.1199340820312,5487481
2022-02-25,547.5828593134362,575.9052785301575,547.5828593134362,568.919677734375,4524909
2022-02-28,562.1716688029862,598.5726291625928,560.9361382755192,596.3391723632812,7142843
2022-03-02,594.0105841933901,621.5726752999633,591.3019191330065,612.6387329101562,8894940
2022-03-03,618.2462740074795,629.6512782935514,617.105761977102,622.238037109375,5940599
2022-03-04,622.2380775653254,627.6554665552013,597.5272333388821,600.6160888671875,7605400
2022-03-07,598.7627226420448,611.1181439029124,591.6345949915443,605.5582275390625,5507113
2022-03-08,608.2193015657223,608.2193015657223,582.7005732132138,598.6200561523438,5422987
2022-03-09,597.8122642752578,602.8019532855044,587.3576777775983,596.0540161132812,3784214
2022-03-10,600.6635080015848,619.8144326073891,593.0601724572609,618.4838256835938,5201836
2022-03-11,616.3453288945122,639.6305417825856,615.1097985879338,636.5416870117188,8172290
2022-03-14,633.9280630634518,639.6305643803644,625.9445380162368,631.8846435546875,2529995
2022-03-15,626.3247829855906,628.0355219291533,603.5147757144916,609.35986328125,4754984
2022-03-16,616.4879527410698,629.8888079873573,615.3949500894965,622.7606811523438,3150421
2022-03-17,629.1760073652001,658.5914229366867,627.6077962278966,651.130615234375,9991824
2022-03-21,655.5026301739632,664.3414968565505,645.3331564600827,647.5191040039062,4609771
2022-03-22,645.1906299918077,665.1969565046043,643.8600808470981,661.9655151367188,4811589
2022-03-23,668.0481902946416,674.7961283748481,657.9262251654768,669.4738159179688,8964532
2022-03-24,669.5687311276234,683.8249851615686,669.2836176487139,679.6431274414062,6069039
2022-03-25,682.399439087445,690.4779839791488,675.0337069803034,685.5833129882812,16121868
2022-03-28,686.2011200841869,695.1825729391371,682.5420375919887,693.8994750976562,8935680
2022-03-29,695.2299264453122,726.831286738281,690.6204279219044,716.519287109375,7285191
2022-03-30,712.8127217154932,713.478025190864,679.5006187890921,681.9716796875,5994838
2022-03-31,688.1019285825798,700.932558466371,684.8229782327295,696.3230590820312,5946576
2022-04-01,698.5564193820378,712.7651635957269,692.3787095507681,695.895263671875,5079937
2022-04-04,696.1804494326612,701.4077429096301,690.76306095476,696.3705444335938,4901374
2022-04-05,701.3126799532927,709.0110339277905,693.9469487027023,697.0833129882812,3524949
2022-04-06,694.279623859895,709.4862959772917,693.6143203529887,700.8375244140625,4111360
2022-04-07,698.5564592181112,705.9221905908191,689.7651024184274,691.9510498046875,2954985
2022-04-08,698.0337483458221,724.2652332560224,694.9448932237333,719.08544921875,8125253
2022-04-11,718.515259504392,736.5731826929945,718.515259504392,729.3500366210938,7926472
2022-04-12,731.2507943103243,735.3850846684117,701.5502658503723,718.420166015625,8595936
2022-04-13,722.3169259847858,742.3707016474021,722.3169259847858,728.35205078125,6722613
2022-04-18,726.1185667862225,737.3809847036474,720.7962549452554,729.7776489257812,5866740
2022-04-19,734.3872527441091,750.82945580749,699.6019545431598,709.3912963867188,7301285
2022-04-20,720.4161475146708,720.4161475146708,696.1805119452459,702.2156372070312,4679947
2022-04-21,707.1102790201089,710.1991344056134,689.5275637487756,697.7962036132812,3995936
2022-04-22,693.804467800286,700.4573873545353,686.2486404190462,687.53173828125,2244262
2022-04-25,675.7464685615224,683.8250128410905,660.7774012199696,680.2134399414062,4935672
2022-04-26,686.5336795806436,688.3870042860739,677.6948133034172,685.4407348632812,3260695
2022-04-27,677.6473372289903,697.7961897133056,675.7465031834671,684.8704833984375,3391522
2022-04-28,693.6617873214306,697.8436451023617,686.818831692775,692.948974609375,4079934
2022-04-29,694.8498650084948,703.308599749564,687.4366238020941,691.0957641601562,3622889
2022-05-02,684.3002204170036,697.7961530325531,673.8931429630587,695.65771484375,2802163
2022-05-04,697.6059740771065,699.5068077939378,672.9426449994513,676.2691040039062,3011231
2022-05-05,684.3002624403921,690.382954643403,670.1390254724598,672.6576538085938,3131221
2022-05-06,660.9200541030306,666.1473479913641,646.9014023115903,656.16796875,3930624
2022-05-09,647.2340214930854,652.081125322752,634.9736181467232,644.7153930664062,3380947
2022-05-10,640.5811203398976,643.4323716173749,611.2132089783393,613.3041381835938,4293241
2022-05-11,612.5437650136653,625.3743946919965,603.847426139256,616.7731323242188,4158341
2022-05-12,615.5850668484533,619.2441488829874,589.2585058714591,593.8204956054688,4123927
2022-05-13,602.6118420464092,605.415583587871,564.6902413962126,570.6778564453125,5567335
2022-05-16,585.4568819496147,595.626355624211,569.3473019240686,572.4361572265625,4641172
2022-05-17,579.7543293264499,613.7792439376101,578.9464981366646,610.0250854492188,6309092
2022-05-18,611.0706053165364,612.9239300184597,596.861859946922,599.7606201171875,4941565
2022-05-19,588.3081360105687,593.9631288874001,562.6943856923447,570.4403076171875,5816509
2022-05-20,590.2089176128841,602.8494512675583,586.1221363873822,599.80810546875,6187868
2022-05-23,564.5476992181191,564.5476992181191,510.8491386022542,520.4008178710938,17554373
2022-05-24,521.731420674713,528.812038884723,510.61153023852563,512.9400634765625,7517949
2022-05-25,515.0309524347516,517.9772216848336,495.16721559229046,502.2478332519531,4725882
2022-05-26,504.1961812260643,528.1466994572337,494.2643127085319,524.3450317382812,8178844
2022-05-27,530.3326587264577,533.4690230633931,512.6549266391146,521.2086791992188,5193961
2022-05-30,503.7209744602662,517.7396242211887,499.5391167517746,512.1321411132812,12211769
2022-05-31,510.944202986934,530.6178482980482,505.8119855202447,523.9174194335938,20152169
2022-06-01,526.5784977428791,543.9711162665625,521.9689987546996,541.262451171875,8495547
2022-06-02,542.5930737754326,546.4897601661212,530.0000488672567,544.9691162109375,7010273
2022-06-03,547.4401494664077,553.0951417788107,531.8057794293566,534.56201171875,6367536
2022-06-06,525.5805425825102,554.3306536369785,525.5805425825102,550.2913818359375,10383944
2022-06-07,546.4898142444389,550.7191817999276,538.9814962017127,543.7335815429688,3735461
2022-06-08,545.1591539771206,554.0930967509149,543.8286050166471,547.582763671875,4138705
2022-06-09,541.7376843014745,547.1550727462591,536.035182361459,543.82861328125,3922515
2022-06-10,536.9855813105554,545.5393339332014,533.5165362100544,544.1137084960938,3374125
2022-06-13,535.1797577971262,539.7893147794067,527.4814037566489,536.03515625,4071346
2022-06-14,534.8946470890869,548.200484369954,532.3760769805166,534.039306640625,3413396
2022-06-15,534.2293793175694,540.7872799048415,529.4297850080575,535.0847778320312,3803101
2022-06-16,543.1633144199071,543.1633144199071,517.4545462227996,518.7850952148438,4899759
2022-06-17,513.3202105019099,533.8492529873498,512.9400784983295,527.1012573242188,6776372
2022-06-20,523.2995549235716,527.1012227632164,509.5185090048591,523.0619506835938,5614520
2022-06-21,528.431815353085,552.0021437167052,525.2954510723629,547.6302490234375,4657829
2022-06-22,539.1239990024123,541.6426270492407,515.6011801830034,523.1094970703125,8511658
2022-06-23,522.7293519201095,537.4608154742217,520.8285179131274,531.235595703125,5037690
2022-06-24,533.8492083681314,544.493889729173,532.4710921993135,539.646728515625,3406061
2022-06-27,547.155085500591,559.3204116544312,541.7852061783632,543.305908203125,6550599
2022-06-28,545.0166158649863,551.7645530595097,539.8368318449859,549.72119140625,4285360
2022-06-29,545.0641800495296,552.3348937105754,540.9298890713526,547.4877319335938,3334027
2022-06-30,548.3906504087896,553.9030578232595,528.6219869178345,536.5104370117188,5646362
2022-07-01,528.9545769589431,551.7170760210117,528.9545769589431,550.1488647460938,3737790
2022-07-04,550.7367645080589,557.2523544187019,533.1986603552606,540.35107421875,6026463
2022-07-05,544.2701443616947,552.5983103870312,539.4691776736342,541.477783203125,3562565
2022-07-06,536.9217804545956,546.033762213732,530.0632905582777,543.33935546875,3281658
2022-07-07,549.2181115145266,566.3153605716274,540.4490295246558,562.9840698242188,4952962
2022-07-08,568.2748556829043,569.3525944197205,551.1776088404637,554.7538452148438,3313755
2022-07-11,552.5983365408597,579.395412805438,549.7569381948689,565.6294555664062,4900994
2022-07-12,562.2982277689013,569.6955871957414,552.1084472356956,562.8370971679688,3425619
2022-07-13,563.9148161976696,581.7469016050194,562.9840091948445,576.7009887695312,4569908
2022-07-14,577.0928907002489,579.4933739376114,562.6410738278742,572.1939697265625,4660656
2022-07-15,570.2344486897032,572.1940172419014,557.8401536765344,564.7476806640625,3051005
2022-07-18,571.1162841462079,580.0322972269863,566.3153172249968,574.1046142578125,3583550
2022-07-19,569.1077180530758,577.6808311498631,565.7275098730896,573.02685546875,3586372
2022-07-20,583.4615625827751,587.8216147672031,575.13339586245,578.4156494140625,4550328
2022-07-21,577.9747701475384,583.8534758219954,573.2227805132471,575.6722412109375,3773423
2022-07-22,576.1131446848068,580.5711511060392,567.4910551599851,570.6753540039062,4351458
2022-07-25,561.9062849219084,576.5050946233061,561.9062849219084,573.6636962890625,5783353
2022-07-26,572.1939826432456,587.5276295575374,569.8424766022807,585.666015625,6031921
2022-07-27,583.9514850014233,591.5937911334654,578.0727787765768,590.5160522460938,2913380
2022-07-28,592.867497667193,614.275822007217,590.8589516713205,604.2330322265625,5104503
2022-07-29,610.4055793076077,625.0533656027742,608.0050959680514,616.8721313476562,4732970
2022-08-01,621.7710935413162,628.0417369887076,615.5494871500088,626.2781372070312,3055387
2022-08-02,624.8574099943161,636.810789891744,613.6388682897472,635.5860595703125,3053206
2022-08-03,636.859765461562,647.4414234505125,631.9608441887808,639.6031494140625,4446383
2022-08-04,639.7011353235728,659.8356889006618,639.7011353235728,650.9196166992188,4705675
2022-08-05,651.6544803851107,660.3745841256818,651.5565258806802,653.6630859375,2455459
2022-08-08,656.9452772680621,662.3340901315585,649.0580267644731,655.6715698242188,2446698
2022-08-10,658.9538891482129,661.1584037233285,646.6576087006024,656.5534057617188,3252353
2022-08-11,659.4927738764206,664.5876640844035,655.9165971410006,659.982666015625,3480693
2022-08-12,659.9825810422711,671.1521442985543,659.3947344714263,664.4896240234375,3476671
2022-08-16,664.2936672886875,667.1350653023222,656.847331516878,660.2275390625,2747244
2022-08-17,658.9538913996531,662.7750739300901,654.8878226057627,659.0028686523438,2349839
2022-08-18,656.4554527668213,664.0487807652435,655.3777140036883,659.7867431640625,1806855
2022-08-19,663.1179574495156,663.1179574495156,649.6949014867265,651.1156005859375,1961510
2022-08-22,647.5394717970435,649.6949494293498,628.0417401858898,629.9523315429688,2303053
2022-08-23,629.0214648176275,641.7586595880779,623.8286204483927,639.652099609375,1751341
2022-08-24,641.2687593402994,644.0121431419267,633.920377835254,638.3294067382812,1781643
2022-08-25,640.7789041729247,646.5106181567097,633.9693916255089,635.5860595703125,1525852
2022-08-26,642.7384261970577,656.9942741471174,640.7788578245057,653.5160522460938,3070661
2022-08-29,640.7788477095748,646.6085754861489,629.6092842418318,636.4677734375,2728484
2022-08-30,639.6521350573458,654.4958906291041,638.3294502168583,653.4181518554688,2321586
2022-09-01,641.7586677582144,656.2594623366166,640.0440453634405,648.2252197265625,2472832
2022-09-02,646.6576359739389,655.4756946463108,640.7789301923576,648.0293579101562,2022058
2022-09-05,648.617230950601,669.731571448025,648.617230950601,668.1639404296875,4930594
2022-09-06,668.2129266141728,673.1118483635436,664.7836813896133,670.7113647460938,3295941
2022-09-07,664.2937019669083,673.8465981235121,662.1381647200335,670.76025390625,2310672
2022-09-08,673.1117851334438,677.1288766700579,665.5674343878483,671.4951171875,1889770
2022-09-09,673.1117824282192,687.563600173221,671.2501684252982,673.0628051757812,3953738
2022-09-13,676.0511944581614,683.8404919197852,672.7199037823442,677.0799560546875,2094822
2022-09-14,671.1522836231619,687.6126488378951,668.2129305561991,678.8435668945312,2755630
2022-09-15,678.1087368476987,683.8894885366484,670.6623995749798,675.7083129882812,2887795
2022-09-16,671.1521926826156,680.4601428001117,665.2734873452496,671.9849853515625,4073365
2022-09-19,668.2128303355537,677.5207803182337,661.6972414271648,666.2042846679688,1708723
2022-09-20,669.5356056841391,684.1344162895302,668.2618980007503,675.0714111328125,1802967
2022-09-21,671.3481483403478,678.5005610671532,668.2128269282289,671.0051879882812,1806929
2022-09-22,667.2330619461712,673.1117673377674,660.3745723226423,665.6163940429688,1504203
2022-09-23,667.7230119690945,673.0628484564712,653.5161393740074,655.4757080078125,1558314
2022-09-26,645.873881848783,648.5682889212851,625.1024408205074,633.0877075195312,2192702
2022-09-27,636.2719070457589,637.790560651939,620.2034216481063,624.12255859375,2512782
2022-09-28,616.3821825939447,619.7134726122929,602.5672500498973,604.0369262695312,2164186
2022-09-29,607.9561626405018,615.3045449447786,604.5758948202767,605.7516479492188,3577828
2022-09-30,608.4460712647868,621.1342903472331,601.7835497554787,618.8807983398438,1588501
2022-10-03,618.2438626410902,618.2438626410902,608.6909661898214,610.9444580078125,1285991
2022-10-04,620.9873295459528,631.9609265880504,619.3707211959219,630.1973266601562,1384242
2022-10-06,635.292123304515,664.2937128043692,635.292123304515,660.8154907226562,3704140
2022-10-07,657.8272090831578,659.3948400572808,646.216729138969,652.5853271484375,1601796
2022-10-10,642.3955727667847,654.4958844342389,641.2687969494152,652.5363159179688,1089870
2022-10-11,655.8185856535202,655.8185856535202,627.0619408790354,629.75634765625,1644047
2022-10-12,632.9406242553401,640.5339521779081,625.2983190806254,637.9375,1530483
2022-10-13,639.3092316395116,642.7384765601832,628.7275735588388,635.2431030273438,938662
2022-10-14,644.6980557216419,646.1677321404603,626.0821544166097,627.306884765625,1386827
2022-10-17,620.3505209397075,623.3878286795538,611.385469699083,618.6848754882812,2281559
2022-10-18,621.7710644424803,625.5922469583547,618.3908566029974,623.8776245117188,1809430
2022-10-19,627.0129665522093,627.0129665522093,612.3651794983513,613.2470092773438,2157157
2022-10-20,606.0945382785222,617.2641031125015,602.56733875268,615.6964721679688,2686775
2022-10-21,617.3621057095035,617.7540433768097,604.0370622391803,609.474853515625,2547197
2022-10-25,611.5813573197003,637.79058671471,611.5813573197003,631.323974609375,4787246
2022-10-27,636.859739301918,669.1926183741692,634.9001708732967,665.861328125,8328955
2022-10-28,662.9220268679438,664.7346636856932,650.0378993318255,656.847412109375,2500826
2022-10-31,658.4149704079797,662.7750219788244,655.524595110367,660.3255615234375,1380329
2022-11-01,656.4554655434811,674.3365285974639,656.4554655434811,672.4749145507812,2846573
2022-11-02,671.1522236573581,679.9213048172261,668.5067941731961,670.368408203125,1912908
2022-11-03,664.9795424633422,674.0915234803641,664.2447043200133,666.44921875,1639039
2022-11-04,669.3886127239726,689.7191359468168,668.5557602292539,687.5635986328125,3624889
2022-11-07,691.0418524316603,700.9866869626645,685.8490076199383,695.6468505859375,3121786
2022-11-09,701.525513525047,701.7214823326572,688.8372956986599,692.2665405273438,1632827
2022-11-10,685.6530162515586,691.4337673319038,683.1056010846897,686.8777465820312,932886
2022-11-11,691.7276490785814,707.355219116463,690.8948564244246,704.46484375,2607860
2022-11-14,707.9920732741938,716.6142224926273,702.1624048429982,704.8568115234375,2089880
2022-11-15,705.8365998950276,710.1965919805496,698.3902036902612,707.7471313476562,1065114
2022-11-16,705.9346090061607,707.3553082433915,689.7681675785387,693.9322509765625,1395043
2022-11-17,690.7478861214526,698.5371827549938,683.4484816057279,694.2750854492188,1391449
2022-11-18,695.6468394915897,697.2144704206336,687.0247497792753,693.8832397460938,893816
2022-11-21,705.4446409677299,708.2370020843806,678.6475663737051,682.4686889648438,3360316
2022-11-22,682.4197851114378,695.5489190398406,677.0309713022305,693.9322509765625,2421572
2022-11-23,695.7447632636873,707.4042196127209,693.6872402850504,705.9835205078125,1735389
2022-11-24,707.4042541742808,713.7238747764,702.6032872545223,711.2744140625,1654760
2022-11-25,707.4042422542631,713.8707945094802,705.5426282225533,711.5193481445312,1466688
2022-11-28,703.9749783585966,710.0986298752858,695.6468122958992,701.1826171875,2418509
2022-11-29,700.0558723936539,721.023280035966,699.4189886871966,717.740966796875,3306817
2022-11-30,719.2596618756987,730.5762188720863,716.3203088483336,728.3717041015625,3962572
2022-12-01,732.045804128193,737.7285406457582,728.0776301948946,731.2129516601562,1942307
2022-12-02,731.555945760028,736.111906713856,725.5792258596744,728.0286865234375,1392199
2022-12-05,731.3599741589555,743.65625468392,730.9190592809016,741.3047485351562,2129340
2022-12-06,739.6882356406405,740.4720511907393,725.2364159184264,731.6539916992188,1468238
2022-12-07,731.947889101025,735.8180492564402,721.3662300466766,723.2278442382812,1162282
2022-12-08,723.2278104884374,731.6049543571518,721.170227561952,729.6453857421875,1053397
2022-12-09,733.3195635835172,735.6220327437888,723.2767746141293,725.4323120117188,1338271
2022-12-12,723.0808076330981,726.9999448018411,712.7930725651474,725.8731689453125,1224081
2022-12-13,729.4494138492768,730.9190903043121,720.7783466850826,729.2044677734375,1201367
2022-12-14,732.8296597013687,744.2931476674698,730.772076845189,742.6275024414062,1471083
2022-12-15,740.7169270893631,747.4774626460113,726.0201626629869,728.3226318359375,1690335
2022-12-16,724.8444176592587,732.4377460311853,720.1414649504522,728.420654296875,1498658
2022-12-19,726.999972228984,735.6220623652423,724.7954574883975,734.2993774414062,944749
2022-12-20,725.4812616661499,732.0458281176344,718.2798115300769,730.7230834960938,1512103
2022-12-21,734.8381718200075,737.7285472560895,724.6974289694048,728.07763671875,1605753
2022-12-22,728.0776219438306,733.8583726986857,719.602524414929,722.6398315429688,1403642
2022-12-23,715.1935080492602,721.660060023243,707.7961490999039,713.1359252929688,1687270
2022-12-26,712.8419897585975,722.4438630527494,708.6289296174299,717.3980102539062,1168456
2022-12-27,721.0233005879793,753.7480607945729,719.6026013724316,749.4860229492188,4992699
2022-12-28,745.6158358222434,751.5924959996469,741.8436902711212,746.3016967773438,1917734
2022-12-29,740.7168757362653,755.8545540062115,737.28763094119,753.8460083007812,2103907
2022-12-30,757.3732596477149,761.7822889729604,749.7799313653478,752.5233154296875,2190914
2023-01-02,756.2954784505812,767.6609517091695,750.6617190730091,759.626708984375,3360043
2023-01-03,760.4595627637183,760.8024633276408,748.1632226950517,752.3763427734375,1635681
2023-01-04,750.9066406272686,752.1313708867721,719.7004777343514,721.4151000976562,2819669
2023-01-05,726.8529213651728,737.6305481066199,721.6600768045507,735.5240478515625,2452379
2023-01-06,734.8382080174731,739.1492827583569,711.2744081073034,713.6258544921875,3536096
2023-01-09,721.8560664392384,731.5559547068835,720.2884355157722,727.3428344726562,1761359
2023-01-10,729.2044468844674,736.2589056268116,720.1904195915436,730.13525390625,2289489
2023-01-11,734.8382022128197,743.1173912513414,732.9276109268092,738.9533081054688,2794465
2023-01-12,743.0684585240791,748.947164494044,737.3856615787481,748.016357421875,2422254
2023-01-13,749.5349883536821,756.3445011885254,746.3017121288846,752.9642333984375,1816006
2023-01-16,753.2091617570696,755.4136763768464,738.4634203717088,743.8522338867188,1673126
2023-01-17,743.1173914893477,748.3102361597244,732.1927729591039,742.1865844726562,1480994
2023-01-18,743.6562746589104,753.944009683836,739.9331063244329,751.6415405273438,1740579
2023-01-19,747.5263957671208,758.3529996284327,741.7456448468556,744.6849975585938,2185302
2023-01-20,744.6360458340306,748.5551829173676,723.4727295045252,726.4610595703125,3001352
2023-01-23,722.6398703203546,732.0458351142761,711.323374056978,719.1126708984375,3335294
2023-01-24,720.141403679286,722.9828018456087,704.4648561161995,707.4531860351562,3146984
2023-01-25,708.384064371052,712.2052471450214,702.5053584426614,710.000732421875,1567673
2023-01-27,713.0870158411785,713.5279307452543,697.2144979034774,706.7673950195312,2706934
2023-01-30,710.3436104403603,710.3436104403603,678.7945443336482,687.5146484375,2277856
2023-01-31,694.3731631794659,705.2487452678865,689.915156460385,701.9664916992188,2294866
2023-02-01,707.4042574049143,723.7666670087481,705.2487200065809,714.9486083984375,3271508
2023-02-02,714.9975985972823,722.0030803183739,707.1593241350989,712.6951293945312,2299091
2023-02-03,712.3031848201471,719.4555982370382,704.9548025833506,717.0551147460938,2558496
2023-02-06,713.1358995593147,716.5161669788075,694.7649459765067,696.675537109375,1202963
2023-02-07,693.687219642979,706.0815138014632,691.825605726249,699.6638793945312,1946683
2023-02-08,703.2891054536373,721.1211903268681,698.1452382672023,717.153076171875,1793312
2023-02-09,718.181901378994,722.4929762764092,707.8451888378214,709.118896484375,956700
2023-02-10,707.4042235359607,711.9602441870038,697.6063811047146,704.4158935546875,997205
2023-02-13,701.5255118967343,712.988999400555,700.5457276622417,703.5340576171875,863438
2023-02-14,707.0613193920649,711.3233569075677,700.986645155187,709.216796875,931784
2023-02-15,705.5426679853742,713.8708347416582,705.5426679853742,712.4501953125,859372
2023-02-16,716.0263089106808,716.6631925856636,709.3148108033264,713.2339477539062,649802
2023-02-17,711.3234204556252,721.0233092005359,710.7355737807231,713.6749267578125,1142716
2023-02-20,713.6748256606662,718.1818089999077,706.8163363523452,708.7268676757812,606435
2023-02-21,715.2424903700743,721.1211957703763,702.799218645845,705.5426025390625,1749017
2023-02-22,705.5426042631223,708.628948526336,680.9500438656115,685.7999877929688,1810091
2023-02-23,687.7105870932071,699.8598758788296,685.9469276070579,687.1226806640625,1824396
2023-02-24,690.747906984204,692.4625294483491,663.5099163711833,671.1522216796875,2142286
2023-02-27,670.6623009563281,671.1521930680566,652.3893012683415,666.7431640625,1814311
2023-02-28,670.1234841991875,670.1234841991875,651.4586052373724,653.7120971679688,1915622
2023-03-01,654.495884524048,665.0775425531019,654.495884524048,663.02001953125,1464537
2023-03-02,666.400289908498,669.8785120793258,659.9826551495526,661.4523315429688,1091983
2023-03-03,667.7229594707054,672.1319885501158,662.3831234031627,668.5067749023438,1084202
2023-03-06,669.6825726954283,669.9764960267707,659.7377380757783,660.6195678710938,1215223
2023-03-08,656.4555393152604,663.3140300245243,650.5768329930341,661.7463989257812,1539129
2023-03-09,663.4118518768053,677.9616829954858,658.9538457675329,666.44921875,6336933
2023-03-10,654.7408476241299,667.5759978209006,652.6342874935262,665.6654663085938,5369878
2023-03-13,668.9966581002635,677.4718155826156,659.4437618889424,661.9421997070312,1602921
2023-03-14,664.2937174702047,668.9966698814183,654.2019517166812,658.4639892578125,1555671
2023-03-15,667.2330852293759,670.956253480384,661.0604563130618,665.910400390625,1173429
2023-03-16,661.5503203517978,662.0402124640547,635.9289389602556,649.0090942382812,2512474
2023-03-17,656.4554312534278,664.2937050594389,651.0666180117952,662.72607421875,1667707
2023-03-20,659.2968585788719,659.2968585788719,646.6576175873324,654.6428833007812,1480884
2023-03-21,657.9251414237057,657.9251414237057,648.6171908004366,652.2913818359375,1133592
2023-03-22,652.5363125309668,657.6801798594768,646.7065842650653,648.8621215820312,949388
2023-03-23,648.5192959131208,657.2393408915906,644.9430590559475,654.2999877929688,1099501
2023-03-24,657.5822309659088,657.5822309659088,642.4935294196789,644.5020751953125,1563002
2023-03-27,647.73533729442,653.0261961121665,642.5914700332213,645.5308227539062,1134491
2023-03-28,648.764152791622,649.5479682165452,642.6894785962209,646.6575927734375,1190600
2023-03-29,649.8909268860959,671.5931734742533,645.285928626158,665.1755981445312,2208428
2023-03-31,665.273501463123,678.5005887528905,663.1179641667559,674.1895141601562,1447293
2023-04-03,676.4431178893351,677.6678482883226,662.4811913408766,668.4088745117188,1335604
2023-04-05,664.7836467917537,676.051166228902,661.4033790003516,672.6708984375,1188370
2023-04-06,674.0915259119579,674.0915259119579,666.498198403502,668.898681640625,726290
2023-04-10,670.221429894027,679.2354572991487,668.9966995346704,674.5814819335938,600036
2023-04-11,679.7253179456195,700.5457330898997,674.5814506746797,699.1740112304688,4076632
2023-04-12,705.3467706213461,707.8941859860392,697.0186037273927,703.7301025390625,1810361
2023-04-13,702.5053065393538,707.4042277843981,699.8108998545795,706.08154296875,835749
2023-04-17,699.5659637101487,709.0209057676418,699.5659637101487,706.6204223632812,1253589
2023-04-18,705.4936612515572,710.3436054142984,697.9983473648542,704.8078002929688,837349
2023-04-19,700.8886415755552,718.8677185017625,700.8886415755552,707.7471313476562,2268330
2023-04-20,711.3233397571743,712.3031239717158,698.2922216640279,701.3295288085938,1033900
2023-04-21,704.4649276106667,704.4649276106667,688.8863329683018,696.2837524414062,1416385
2023-04-24,694.2261548589511,709.2658797675622,690.8949241146652,705.78759765625,729151
2023-04-25,705.7875463035908,715.8303346631342,703.2891084768391,710.3435668945312,1079227
2023-04-26,705.4446834368163,710.0007042711937,697.6064091764072,708.824951171875,1277410
2023-04-27,708.3839755072354,719.8964398394761,703.0931169148845,717.2999877929688,1247848
2023-04-28,721.1211538194518,721.1211538194518,706.9632605104308,710.637451171875,1593083
2023-05-02,717.1531811976143,731.4090318132197,713.7729131626666,722.98291015625,1965606
2023-05-03,716.2223062097364,720.6313354545296,711.2254303194853,717.6430053710938,1215913
2023-05-04,719.1126872483566,726.999938774807,715.4874734370658,723.7666625976562,1464468
2023-05-05,721.4151558695743,726.6570376662632,715.7324189864077,718.5247802734375,945667
2023-05-08,720.7292848738206,726.0201438507371,715.29149413722,717.9859008789062,1132367
2023-05-09,718.7697186115231,725.5302540144136,707.8941371038674,709.95166015625,1179219
2023-05-10,710.3436097828147,714.8505935933357,704.8568416829382,709.7067260742188,919645
2023-05-11,712.7930583029203,714.6546723413393,694.177157123875,696.2346801757812,1284636
2023-05-12,685.75108865018,694.5691477765795,677.177975610625,688.4454956054688,1499306
2023-05-15,687.7105666485403,696.1366870042218,682.9096000590325,691.2867431640625,998259
2023-05-16,696.0878085420463,696.6756552358574,686.3879194851237,688.54345703125,874913
2023-05-17,687.1716864679659,687.1716864679659,677.8147584778277,681.0480346679688,1686465
2023-05-18,686.6328047489737,695.1569398618711,675.3163083858981,678.0596923828125,3667407
2023-05-19,681.929802134722,682.5176487332909,667.2820164073477,679.8232421875,2329260
2023-05-22,678.0106994303443,693.4912785842484,673.552693063422,690.35595703125,2182824
2023-05-23,695.6468400500903,697.5084541059502,688.2984579368851,689.8660888671875,2324758
2023-05-24,685.8489464069236,692.2665210166176,680.4601332565834,681.9298095703125,1185182
2023-05-25,678.990535761878,688.4454783982698,676.0511827932119,682.5667724609375,1213068
2023-05-26,682.5667497319315,691.1888395259846,680.1172890062751,687.5146484375,1461749
2023-05-29,689.0332781102222,694.6180603303133,686.9267180390691,688.0045166015625,1467219
2023-05-30,686.9267121641891,703.3871353671095,683.7914504124753,690.35595703125,3317461
2023-05-31,686.9757443312822,690.6989124859235,677.030910367027,682.2237548828125,14943096
2023-06-01,684.771200230796,687.7105528262042,677.1778726926578,679.8232421875,1995511
2023-06-02,683.8894911208788,694.7160964627489,681.6849762856037,692.3156127929688,3405152
2023-06-05,694.6180962269093,699.5659950157124,688.7883676415207,697.75341796875,2454283
2023-06-06,699.5659848412589,702.9952298649906,694.4710945600287,698.439208984375,2436996
2023-06-07,700.7906869259057,717.3980419737462,699.5659566097122,714.99755859375,3667486
2023-06-08,714.9975965369069,748.9961238789126,713.1359824369875,733.6624755859375,9618332
2023-06-09,736.3078831001848,741.6477193623662,726.5100403443606,733.3685302734375,2408734
2023-06-12,739.3452236312379,742.6275369825896,729.5964174924918,732.1928100585938,1703619
2023-06-13,739.7370918695028,747.1834280790665,735.9649465135956,741.353759765625,3419413
2023-06-14,746.1547069139443,763.2519545702884,743.803260521329,757.2262573242188,4758206
2023-06-15,762.2721559762734,762.2721559762734,752.9642054855606,755.021728515625,2222061
2023-06-16,761.243374943208,765.9953045724303,757.0792919357075,760.4105224609375,2285788
2023-06-19,764.7216654984048,766.1913419855895,752.3273698692988,756.0505981445312,1422461
2023-06-20,756.5893956563748,770.6002982090092,753.0131592902633,757.5202026367188,2282549
2023-06-21,757.5202333465145,758.3530260566824,736.8467493393914,743.4113159179688,2768203
2023-06-22,738.9532616656473,748.3101888921934,730.8700419492995,737.140625,1972478
2023-06-23,734.8382417100113,743.3623772741053,728.8125442074736,731.4089965820312,1704679
2023-06-26,734.7402742021549,736.1609136033012,722.2480243140486,733.6624755859375,1602537
2023-06-27,734.838206807121,749.5349709432634,733.907399784908,747.0855102539062,2783577
2023-06-28,752.4742872466757,775.4502393578888,746.595581877561,767.56298828125,8340755
2023-06-30,770.404307653673,773.0497369647593,764.2316791286594,768.9346313476562,2515440
2023-07-03,772.0700246969458,791.9596339312924,771.1392176561526,777.94873046875,4781944
2023-07-04,781.8678508653715,786.5218261681415,773.3437157189879,780.545166015625,2473106
2023-07-05,780.5941267732478,787.3546022420559,772.167946311842,775.8911743164062,2526894
2023-07-06,788.1874499152635,788.2854044195063,773.0497713301015,779.4673461914062,3316923
2023-07-07,779.90825032093,785.6890012224655,768.542777126214,772.4619140625,2547821
2023-07-10,773.0498176700773,797.3484565060402,771.8250872872034,794.213134765625,4777540
2023-07-11,802.4288151323575,802.5764258424538,780.5367896232758,784.5708618164062,3085989
2023-07-12,791.5565991790214,801.6908730248732,775.9616299162803,792.7373046875,25929716
2023-07-13,797.6568751118621,801.1005645418045,783.9804844973912,789.2444458007812,3049961
2023-07-14,794.9019172752268,794.9019172752268,779.3560715926156,791.9009399414062,2011903
2023-07-17,792.6881111237848,798.9359234496886,784.1772549130565,785.3087768554688,1769593
2023-07-18,786.9321889452762,788.1128944307139,775.8140040681872,778.1754150390625,1527919
2023-07-19,783.1933136485519,785.0135253436766,776.3551188114631,779.1593017578125,1563134
2023-07-20,782.2093856114992,788.555624712944,773.1082072254535,786.1942138671875,1780010
2023-07-21,785.1611597401265,810.10328534218,770.0089028115908,773.7969970703125,8469798
2023-07-24,776.3059673833927,776.3059673833927,760.7601818215849,763.1707763671875,2710762
2023-07-25,765.4829192668523,792.5404774671588,764.4990080595684,787.6701049804688,4850069
2023-07-26,794.4590943327332,795.9841446511584,787.2273111275466,792.4912719726562,3062011
2023-07-27,793.0324660125492,801.3957116218627,778.2737972902313,780.9795532226562,2865447
2023-07-28,782.2094680351576,793.0324921211786,773.3542665102312,791.2122802734375,2111325
2023-07-31,793.2292456048634,807.9879140542723,793.2292456048634,803.6094970703125,4226070
2023-08-01,809.7589385756897,811.7267610266634,803.8062876721293,807.6927490234375,2406158
2023-08-02,803.8554761114052,804.6917766368848,785.50550762321,791.3106079101562,1975596
2023-08-03,791.310652021163,795.9842306311731,781.4223556043041,791.5074462890625,1829238
2023-08-04,795.0002823997695,801.6908668251718,789.8839319380465,792.9832763671875,1275614
2023-08-07,795.000315216315,803.461928213435,790.6218980043024,799.9690551757812,1422051
2023-08-08,801.9368608870202,803.363544225429,786.637052796363,788.4080810546875,933777
2023-08-09,788.8016517583116,815.5640494507938,788.4572467929997,810.2017211914062,3133311
2023-08-10,811.7267693515578,821.5658817073343,806.0692797469864,818.1221923828125,6313077
2023-08-11,816.6463233505856,817.9745794938012,802.4779775747991,807.44677734375,3239511
2023-08-14,801.887636909194,801.887636909194,780.782729424078,786.5878295898438,1866848
2023-08-16,790.7694558677683,790.7694558677683,776.3059489900189,782.5045776367188,1317570
2023-08-17,782.0618074669816,783.8328957016066,770.9928062664496,777.0438842773438,1434401
2023-08-18,777.191522989233,781.1271680023636,770.6976726856614,774.4365234375,1546387
2023-08-21,780.2415953111483,784.7675628894134,775.1252449706042,781.9634399414062,1033216
2023-08-22,787.0305835605951,787.0797671093766,779.5528224974387,782.4061889648438,823108
2023-08-23,786.1450835223136,789.9823613930673,780.2907996131079,785.0628051757812,1274976
2023-08-24,787.1289339167217,793.7211507489086,773.5017882695572,775.2236328125,1726077
2023-08-25,768.4346777408585,774.8792843463598,758.152793281578,760.7109985351562,1502054
2023-08-28,763.0231937146896,768.3855221737393,758.595592977467,760.5634155273438,1769280
2023-08-29,766.3684993036126,773.2558780774941,763.0723605727773,770.0581665039062,1807893
2023-08-30,772.0751841907944,779.2085408854626,771.4848013979495,774.4857788085938,1978468
2023-08-31,774.4857182116997,779.0608692190963,764.4989955992687,767.1063842773438,3999415
2023-09-01,766.4667751988374,794.70503682206,765.4828640625102,793.4259643554688,3513798
2023-09-04,798.8867344332469,813.3009979068422,795.4922286824086,796.7713012695312,3571051
2023-09-05,795.9349485088643,804.839332536686,787.6208871584562,802.8223266601562,1770212
2023-09-06,802.9207074319795,804.3473906553972,790.3758398712989,801.7892456054688,2225037
2023-09-07,798.9851127277789,808.1847188801257,792.5405060978912,806.1184692382812,2652562
2023-09-08,806.1184833139556,810.7428782466288,797.55844334125,802.6256103515625,1866220
2023-09-11,806.8072078428306,816.0067538134267,803.3143349902437,810.9888305664062,1715172
2023-09-12,820.3851730327457,826.4854346803069,798.8375530890575,803.068359375,2776481
2023-09-13,804.8394004476112,806.9548336509874,795.0002879727016,797.6568603515625,1380634
2023-09-14,799.8706441875479,811.7267624650385,795.8365721239982,797.3124389648438,2398032
2023-09-15,799.969011052898,806.5120447333189,792.0485376866665,799.772216796875,4454542
2023-09-18,799.7722431405089,801.8384928170482,794.5575254765951,795.7874145507812,1335464
2023-09-20,795.0494603523669,797.7552162449456,772.567112684392,774.0921630859375,3359951
2023-09-21,777.2898601888292,778.8640941122454,761.5472807419667,765.8272705078125,2875491
2023-09-22,767.4507805726762,771.0912642347462,760.2682404061571,761.5964965820312,2147621
2023-09-25,764.4498059553587,770.8452286474762,761.891600846608,767.3523559570312,2326745
2023-09-26,767.3523620751556,775.715607200759,765.4337232415885,767.1063842773438,1727679
2023-09-27,767.4507173979795,773.0590231126761,762.1868166268391,767.05712890625,2612372
2023-09-28,768.1395669967102,774.7317847437453,752.0525811453807,755.7422485351562,3157286
2023-09-29,763.3674619956828,771.2879950062382,759.0382888525206,767.05712890625,1704218
2023-10-03,764.0562950902192,764.0562950902192,755.6438656280428,757.857666015625,1099773
2023-10-04,755.5946750886566,755.6438586417346,741.0328002400505,744.42724609375,1654158
2023-10-05,749.7403324513464,750.3798987509537,740.7867645758872,743.3449096679688,1459736
2023-10-06,748.1168496746446,758.7431385745724,746.444248693335,752.8888549804688,2026927
2023-10-09,744.3288436981915,749.1500327348234,737.0971201964192,745.3619384765625,725323
2023-10-10,747.4282269712644,761.744124067352,745.1159994341476,759.4811401367188,1351582
2023-10-11,763.5151670301946,769.9597740196202,762.0884836378656,764.7450561523438,1841618
2023-10-12,769.8121201303115,777.240637421343,766.9095701806158,770.84521484375,2139718
2023-10-13,765.4829896256333,767.4508122210719,760.5634331370367,764.7450561523438,998547
2023-10-16,764.7450193669094,781.5698777273359,760.5633965527448,777.9786376953125,2157341
2023-10-17,779.9464616826453,783.1933568044908,775.4696774954662,777.4375,1050381
2023-10-18,780.3400093597602,788.1129324652709,768.6315012014841,771.780029296875,1250892
2023-10-19,767.5983323085129,770.1072938108341,756.7753093114486,767.8934936523438,2130597
2023-10-20,767.0571474665715,767.2047581678348,749.6419672698406,757.0213012695312,1501944
2023-10-23,758.3987659986498,762.3344109286409,734.0961465453196,736.9003295898438,1715908
2023-10-25,741.9674151619637,749.5927269955004,729.5701580087091,736.2607421875,2417579
2023-10-26,732.7187151522078,733.0138765146656,713.8276072636106,716.9761352539062,2519570
2023-10-27,717.9600386359714,723.6175282249746,713.5816216390641,720.2230224609375,1588987
2023-10-30,722.9779616520925,724.9457841171517,714.3195548164674,722.6828002929688,1162173
2023-10-31,725.1426181152781,726.6676685986432,715.303505250756,724.5030517578125,1363728
2023-11-01,725.044201316327,725.4377297720296,711.3678113506937,712.7944946289062,1845107
2023-11-02,716.2873685228534,722.5844243553134,713.3356348613581,721.55126953125,1095177
2023-11-03,724.1094569731706,735.9655748786967,723.1747293259921,734.0469360351562,2526039
2023-11-06,736.0639186587866,744.279612920042,732.91545097271,741.8690185546875,2782755
2023-11-07,744.8207863930895,747.3789315192729,734.9324907376075,736.555908203125,2288975
2023-11-08,737.9334175581373,745.5587295395713,733.013861441083,744.525634765625,2664277
2023-11-09,744.5256310153339,747.6741589250241,736.9986861728852,738.7697143554688,2579350
2023-11-10,739.8028716681393,746.7886173214175,733.063043767128,742.6069946289062,1108868
2023-11-13,744.3780133716829,750.9702304845074,740.8851405893666,748.8547973632812,942603
2023-11-15,756.6277372631704,769.9105388926279,756.6277372631704,760.415771484375,2443652
2023-11-16,758.1036468415429,761.842497722533,751.1179007231974,756.775390625,1699954
2023-11-17,759.5794972999009,762.4328639923763,753.6760297043058,756.4309692382812,1567731
2023-11-20,757.5132454855202,759.579434953113,748.4120670226752,749.5927124023438,1024654
2023-11-21,754.5122810731677,767.0571488960197,753.6267970234591,763.3182983398438,1846834
2023-11-22,763.3182709035332,764.2529985222734,753.1839978999682,756.0865478515625,1312655
2023-11-23,759.5302703265619,765.4337375846687,754.8075085307114,763.0723266601562,1068229
2023-11-24,766.4667953682116,773.6001512942958,763.9086503677121,769.4677124023438,2069730
2023-11-28,772.3702670349606,772.9114061668348,766.2208222337268,769.7628784179688,858569
2023-11-29,770.5993136745774,781.9142932061598,770.5993136745774,780.4876098632812,1481172
2023-11-30,781.225497138258,795.1478647168404,776.8962638129476,788.2112426757812,3142500
2023-12-01,792.0485150457911,801.8876270339375,784.078858356662,797.7551879882812,2064512
2023-12-04,806.8071627096334,810.1524847226251,799.280218206988,806.41357421875,2789349
2023-12-05,802.871552455211,812.7106646176524,801.1005242766065,808.4798583984375,1338828
2023-12-06,811.6775573901284,819.9916190503865,802.0844231790246,811.4315795898438,1543909
2023-12-07,815.6132657778418,816.6463606089403,804.6918145618874,805.970947265625,1717648
2023-12-08,811.5299295320311,839.7190088699799,808.8733573344845,825.8458251953125,7142037
2023-12-11,828.0104840757048,833.3728122929474,818.4173495776454,831.5033569335938,1630946
2023-12-12,832.9792531897871,848.9186276984373,831.6509970028903,840.1126098632812,2518863
2023-12-13,841.0965332741357,845.3765833719433,826.4854747945744,837.7020874023438,2170707
2023-12-14,846.1636142607047,847.6886645780982,832.1920635029747,833.766357421875,2711444
2023-12-15,840.3094065717961,856.5439424966368,837.8988119541388,853.2478637695312,4058044
2023-12-18,830.4210953029418,851.6243707375415,822.697416008895,841.145751953125,4324786
2023-12-19,841.7852381336367,847.6395219441179,833.9631318694255,844.8845825195312,1285256
2023-12-20,845.1797315598101,849.8533098193084,826.1902571686937,828.69921875,1764901
2023-12-21,816.6463513389093,834.0124092169657,806.9056057775716,828.3549194335938,2106856
2023-12-22,831.404972156679,843.7530458271877,829.5355168370688,841.5392456054688,1846933
2023-12-26,843.7038133832347,849.1153247227189,836.2752961914858,838.5874633789062,1294151
2023-12-27,844.6385985342903,867.3177401369936,841.883659129856,861.807861328125,2466359
2023-12-28,868.6952168235557,881.3384516396511,859.9383831795201,866.6289672851562,4482599
2023-12-29,867.8096741814737,873.2211857551677,859.2496347724503,866.0878295898438,1906630
2024-01-01,866.0878575226876,870.5646415946748,860.9223235812003,863.48046875,778184
2024-01-02,869.6299375417314,869.6299375417314,845.2781340132092,856.1995849609375,1615515
2024-01-03,856.002783579026,856.002783579026,822.5498012322594,824.1732788085938,3983411
2024-01-04,826.7314245245695,830.224297437543,821.565890482613,823.632080078125,1878399
2024-01-05,825.4523091408639,832.1920768060384,813.8913525984237,816.0559692382812,2060548
2024-01-08,822.3038548087303,823.1893989847466,807.4960020094692,808.7258911132812,1107367
2024-01-09,815.1704995193129,818.565005462769,806.069320134215,808.1847534179688,1458862
2024-01-10,810.5953007136411,817.9746354657341,798.1488587970188,816.4495849609375,1265739
2024-01-11,821.3690250148861,823.2876637890563,806.9055189406736,808.8241577148438,1205504
2024-01-12,811.234782434203,817.4334109685476,808.0370710419517,812.5138549804688,1326357
2024-01-15,814.3833513181625,817.1382907996874,806.8072227040863,811.8743896484375,1497605
2024-01-16,814.3341505867583,825.9934745988367,806.1676393647416,818.9093017578125,1920936
2024-01-17,816.6463989747085,816.6463989747085,797.0173560489573,799.5755615234375,1433551
2024-01-18,799.427866153586,801.3956885933487,779.8480088566774,790.7202758789062,1991900
2024-01-19,792.294496656725,807.4959367621706,792.294496656725,803.5111083984375,1358166
2024-01-23,795.2462633728687,802.8715755177989,775.7648327422634,777.6834716796875,1533222
2024-01-24,782.2094057413776,800.9037185829955,771.3863825172831,799.1326904296875,1490515
2024-01-25,801.8876051494606,807.7910721812358,780.044765121258,802.5763549804688,3240065
2024-01-29,805.8724704959917,810.3492545239443,791.0646186866832,798.6407470703125,1574830
2024-01-30,804.839380424011,816.0067487839298,797.115701344635,798.9359130859375,1892910
2024-01-31,798.935909248222,808.7750214310818,795.0494479253573,805.4789428710938,1954023
2024-02-01,808.7750840441984,808.7750840441984,787.2274026743037,788.8016967773438,2287350
2024-02-02,796.2301308163029,813.0058046016744,792.14687535495,810.300048828125,2871131
2024-02-05,810.8904919656964,820.5819938914648,797.9520348273116,801.5433349609375,2056107
2024-02-06,801.5433194612456,807.545154032234,792.1469190324626,805.5773315429688,1547506
2024-02-07,814.0882011624298,829.3388257039912,809.7589675938767,823.14013671875,3647454
2024-02-08,827.9121317696188,827.9121317696188,804.8394009897777,808.8734130859375,2294805
2024-02-09,811.6283981093709,811.7267652111565,787.5717565115688,798.68994140625,1396058
2024-02-12,804.8393927742799,806.413626733986,789.5395850322989,798.4439697265625,1408603
2024-02-13,799.870722910021,801.5925677271363,777.8310852296719,799.5755615234375,1675844
2024-02-14,785.1611259078159,802.6747329963781,783.7344426784265,800.165771484375,1546826
2024-02-15,804.8394574358757,807.5452135580623,792.6389330818345,799.2803344726562,1482200
2024-02-16,804.9870283679093,811.1364737962127,800.4118169479802,806.758056640625,1774587
2024-02-19,812.6615180713252,812.6615180713252,800.9037664911937,807.0040283203125,829517
2024-02-20,811.7267657068346,811.7267657068346,798.7391254448901,807.9879150390625,1384043
2024-02-21,807.7910823896865,836.3245067371906,807.7418988411013,814.9244384765625,6419882
2024-02-22,817.6302215384969,821.7134771113731,806.856381698925,815.3180541992188,2366934
2024-02-23,821.5658952199585,822.8449678366117,806.0692930047318,807.7911376953125,1736000
2024-02-26,811.9235722224302,814.4817174407991,793.2292585481401,795.7382202148438,1188689
2024-02-27,795.9349363570766,807.348281669412,792.7372251213686,805.7740478515625,1331211
2024-02-28,809.4638238098797,809.5130073633499,782.2094692845496,785.7515258789062,1851909
2024-02-29,788.1129000907632,792.9340891687685,777.2898764940111,787.2273559570312,3155812
2024-03-01,791.3106062414249,826.1902713341346,791.3106062414249,822.74658203125,5377896
2024-03-04,825.5015321727398,825.5015321727398,805.3313517084475,811.0380249023438,3821690
2024-03-05,811.8251424360479,813.3502529049724,797.9520179334448,806.1184692382812,2630517
2024-03-06,807.2008680768658,809.7590134784903,787.1290531990185,799.821533203125,2041620
2024-03-07,806.8071892060428,831.3066022653985,804.8885503430278,816.6463012695312,5074846
2024-03-11,818.6142018321875,823.1401697921992,808.9226995457105,816.4495849609375,1622850
2024-03-12,815.662457594261,815.9576189699682,801.8876995649249,804.6426391601562,1231413
2024-03-13,805.2329973681626,807.3975540926823,775.7648431877576,780.1924438476562,3047464
2024-03-14,779.2576555429005,780.192383175714,749.4943423103591,772.8130493164062,5262918
2024-03-15,769.5170164324511,777.4867341261358,762.0884980052588,768.0903930664062,3992861
2024-03-18,768.0903592214224,795.4922641508002,765.9749259633865,791.458251953125,3561533
2024-03-19,789.0968370904185,796.9189436831848,780.97956912783,788.162109375,2192986
2024-03-20,789.2935687444871,796.9680640169788,776.6010903703548,781.8650512695312,1538050
2024-03-21,791.0646989956529,806.2661408563921,790.1791547889376,799.2803344726562,2783067
2024-03-22,795.0002716538094,819.5488687854377,793.7703826196914,811.5299682617188,3983433
2024-03-26,807.3483805310304,820.5819991222345,804.8886023562036,808.6766967773438,2454193
2024-03-27,811.7268062485736,819.0077737440747,802.2812819789525,804.8886108398438,1884038
2024-03-28,813.6946116073985,827.3217585302176,806.8072327908909,816.8431396484375,3722941
2024-04-01,824.5176479762151,862.3490484888621,824.5176479762151,857.9214477539062,6053539
2024-04-02,857.0850423819255,867.6620880297666,847.6887022123855,865.1039428710938,2784783
2024-04-03,863.7264502376266,865.399111341205,853.1494045028392,855.0188598632812,1980049
2024-04-04,862.2013756846777,864.5136030449902,839.8173958032804,848.6234130859375,2790334
2024-04-05,846.1636693616325,850.6404535086663,833.3236396453267,843.310302734375,1847243
2024-04-08,850.0992923487494,863.8740494006967,846.4096252812635,862.3489990234375,2462906
2024-04-09,867.6129205060859,877.1076880052271,856.543919042247,860.5287475585938,2512308
2024-04-10,867.1701881783437,874.6971335399762,861.2667204604136,869.7283935546875,2519596
2024-04-12,869.6791504771376,869.6791504771376,848.1314707602193,852.5098876953125,4129109
2024-04-15,849.0170398806222,867.8097206952694,836.5705385727357,846.6064453125,1974756
2024-04-16,845.6716745100724,849.7056863997875,829.1911619469034,831.6509399414062,1706563
2024-04-18,832.4872634999084,844.1958310993632,828.1580901415605,831.2081909179688,3437879
2024-04-19,829.2895502203974,853.3461916315292,819.7948429510839,850.8864135742188,3157898
2024-04-22,853.1493982903929,856.888308984051,839.719046114993,841.0473022460938,1584578
2024-04-23,844.687760054509,851.0831828155507,834.8978316635105,837.6527709960938,1755588
2024-04-24,837.6528203400509,871.7453692419464,836.3245641711675,868.4984741210938,4257548
2024-04-25,868.4984805726443,894.7689232059214,860.282785525792,891.226806640625,4893459
2024-04-26,895.3592623197115,899.2949074288092,870.4171354620768,872.9752807617188,3626999
2024-04-29,883.9458285910256,887.9798404098456,871.8929166297839,881.3384399414062,1956431
2024-04-30,887.9307338955992,888.225895264725,865.8910975188257,868.0065307617188,1831578
2024-05-02,868.7936061533255,880.2069522695172,868.7936061533255,876.0253295898438,2448369
2024-05-03,881.4368345623976,889.1605736024865,852.0671089283429,860.1351928710938,3672279
2024-05-06,865.5467176370416,878.6327249339332,860.2827565453418,866.4814453125,2556178
2024-05-07,866.4814542622174,866.8749827248288,832.1429280943405,843.5562744140625,2369111
2024-05-08,836.7181562022458,852.6574705084008,836.7181562022458,850.7388916015625,1849894
2024-05-09,850.7880556215732,854.8220676576694,817.6794185928921,821.1231079101562,2282517
2024-05-10,822.5006402558992,842.1788657058726,822.5006402558992,839.8666381835938,1947295
2024-05-13,834.2090992986853,848.623422614214,816.6463081388957,846.7539672851562,1735081
2024-05-14,850.2469730424107,870.7123160507409,847.3444226997578,867.3178100585938,2706050
2024-05-15,867.8097071090416,869.2855739578665,849.5089822048832,856.9375,2194086
2024-05-16,858.7577476962193,874.155983151281,850.54211258189,872.1389770507812,3282175
2024-05-17,873.7131948327312,900.2296151775357,864.5628321677536,892.8502807617188,4635724
2024-05-21,877.6488143766559,914.0043462204943,876.4681088937651,908.5928344726562,5938708
2024-05-22,910.1179135520109,912.3808974345318,891.4727832042829,901.06591796875,2938404
2024-05-23,897.3270866701881,906.0346774702227,876.3697884329346,902.2466430664062,3800388
2024-05-24,900.278756985306,910.1178690835061,891.4727396467821,894.0309448242188,2113036
2024-05-27,895.8512110837867,904.3620675881713,885.6185098573848,887.4387817382812,1893682
2024-05-28,891.2759642088023,901.1150765147036,886.7008130184636,892.7518310546875,1931419
2024-05-29,885.1265434669351,895.3592445689947,882.027259036872,887.3895874023438,1740879
2024-05-30,885.5201639446958,886.3072809686773,859.2005368496729,869.482421875,3993159
2024-05-31,877.648852690846,881.0433585824047,862.8901836433541,866.383056640625,5249761
2024-06-03,897.3270186096214,902.9353244865664,883.355467493442,900.5739135742188,2541803
2024-06-04,899.294884965928,899.294884965928,810.5460779619374,828.3056640625,4022430
2024-06-05,843.2119745914765,867.5145954380628,815.8100692167475,864.2677001953125,1969854
2024-06-06,869.7775114891933,878.5343452980806,863.3820886105963,873.8115234375,3095781
2024-06-07,873.8115568129881,900.6723819715922,862.9885330665892,897.4746704101562,3609817
2024-06-10,892.407472798073,905.19831860444,886.258027698858,901.164306640625,1765715
2024-06-11,901.2134972563027,904.0176202222591,890.4888408979206,895.4575805664062,2003998
2024-06-12,895.408426260916,909.4291616549818,893.4406037494682,902.1482543945312,1782777
2024-06-13,902.7876907100639,910.1670245560725,893.4405345051196,901.0166625976562,1788757
2024-06-14,899.2949053817615,908.6420624945915,889.0622041001287,906.3298950195312,2625892
2024-06-18,906.3298401757363,912.5284688227284,899.5900123176815,910.4622192382812,2395045
2024-06-19,914.0534933996045,921.8264158039274,898.6060757416352,900.2295532226562,1793533
2024-06-20,900.2295478158462,922.9086885461376,896.6382479809381,914.6930541992188,3120339
2024-06-21,914.0535541300194,928.8122229265213,908.2976973206545,921.8264770507812,4299319
2024-06-24,920.9408968771742,926.5000192610039,907.166139872601,920.3013305664062,1857847
2024-06-25,921.826465600211,924.8765664256634,913.0204479837143,914.9390869140625,1733931
2024-06-26,915.9230287968472,917.4480792605935,903.3289164497312,904.4112548828125,1341496
2024-06-27,901.4594717251032,930.3864255596087,900.5739276058819,927.9758911132812,4700053
2024-06-28,927.9758954512868,934.1253406046957,913.8075497965625,916.5133056640625,2402672
2024-07-01,919.956972446821,932.2558624527946,916.6116503439267,928.7138061523438,2562034
2024-07-02,929.7961250140513,938.3561648422763,921.4328794451418,923.1547241210938,1936180
2024-07-03,924.3846568834026,938.0610478346151,923.941884792301,935.1093139648438,1369238
2024-07-04,935.1092662184197,943.9644673755898,927.8282990234762,929.1565551757812,1384884
2024-07-05,932.7478495351112,940.6191394046058,929.9929100914233,938.7005004882812,1583550
2024-07-08,940.5207456515062,940.5207456515062,919.0222497727342,924.0894165039062,1569620
2024-07-09,931.1299387136023,932.9148402294194,924.4860814657712,927.4609375,1489629
2024-07-10,923.1969611167679,927.4609091976572,911.198399687633,917.6439208984375,1483892
2024-07-11,919.3792577299475,924.188583984375,907.7773073928058,917.2472534179688,2348723
2024-07-12,922.1557663924981,929.8903796799442,916.2556233796519,926.5684814453125,1498780
2024-07-15,930.0887298770999,930.8324438686019,918.3876418488553,923.89111328125,1337839
2024-07-16,924.3373472558214,931.4769531049612,920.3708726624775,926.5188598632812,1442535
2024-07-18,926.5188462001709,927.5104648338837,913.6278039619037,923.6431884765625,1812254
2024-07-19,919.23044464706,919.72625394838,879.1194600655624,881.9951782226562,3001973
2024-07-22,868.1621111425791,885.9121088408273,857.8988825246903,881.1027221679688,2725373
2024-07-23,882.5405529261405,888.6390315181585,864.691418147859,886.4574584960938,1640412
2024-07-24,887.4986925242164,887.4986925242164,872.6244127612406,873.9630737304688,1519772
2024-07-25,862.7082481842303,872.6244349449686,855.1719704555095,867.1705322265625,1636466
2024-07-26,872.624445334411,901.183051440635,867.9638253966547,893.002197265625,2056457
2024-07-29,902.2738288275162,902.2738288275162,887.5482556427355,891.0189208984375,1066351
2024-07-30,887.548285000166,900.3401901465965,882.6893897956248,894.5391845703125,979026
2024-07-31,901.3318034847479,928.5021187672791,895.1341867884222,920.4700317382812,2716481
2024-08-01,929.6920801573438,949.9211254132841,919.974229210314,926.7172241210938,4039078
2024-08-02,912.1900352535094,916.106880566148,888.4903249217156,892.0105590820312,3306705
2024-08-05,876.5908895665705,876.5908895665705,846.9910969733381,856.5601806640625,4059902
2024-08-06,859.782933226146,885.5650179716654,859.782933226146,876.5908813476562,2665068
2024-08-07,891.4651512459163,903.0175325321242,887.4986767131203,898.8527221679688,2262055
2024-08-08,892.4568096578517,895.3820968608949,875.9959638224917,880.1111450195312,2796559
2024-08-09,888.5399011863784,907.0831825043607,881.5490016358312,897.5140380859375,1722454
2024-08-12,897.2165745545584,918.4372386341455,890.5727172568484,909.661376953125,3822527
2024-08-13,917.2472508463304,919.7262974702394,897.4148778550584,900.240966796875,1329629
2024-08-14,904.3066417547258,904.3066417547258,877.9791786500508,882.8380737304688,2024615
2024-08-16,892.4567481487728,903.067079370372,875.1529913160578,900.8359375,2208842
2024-08-19,902.3729391365603,912.289125280918,896.3240897979408,910.0579833984375,847523
2024-08-20,916.1564996523648,916.1564996523648,903.1662589564512,909.4630737304688,696605
2024-08-21,902.3729648931816,919.2304818197575,900.4888652625365,918.04052734375,1600466
2024-08-22,919.2800528812897,927.0146662087375,917.048910929703,925.4281005859375,1073406
2024-08-23,926.7667673207834,936.0384380248505,921.3624940899307,933.1627197265625,1441218
2024-08-26,937.5754250099328,960.7793254173971,929.3450023948403,955.424560546875,2364465
2024-08-27,955.375007688723,958.8456729900297,934.8484893734172,936.0880126953125,2480788
2024-08-28,939.5586737049294,943.5251483168763,927.1634405425953,941.2940063476562,2285575
2024-08-29,937.0796022614899,942.5335047085144,922.9986056571796,931.8240356445312,2233515
2024-08-30,939.9553354615053,946.747898953381,930.7828630181235,933.2122802734375,2896103
2024-09-02,933.2122648162459,943.4755539105723,928.3038010359135,932.5677490234375,1316611
2024-09-03,929.2458183225472,933.6585334464404,922.1557812463498,923.1473999023438,1116938
2024-09-04,912.2891856926867,926.8659923948878,904.3562362518807,925.2297973632812,3020790
2024-09-05,926.7171868495739,936.633373238256,916.0077176545168,917.6934814453125,1482001
2024-09-06,917.6934996279443,931.5265920189563,904.0587430733553,924.9818725585938,1984209
2024-09-09,915.2640287763204,928.8492166061061,911.3471229406508,926.4197387695312,1793548
2024-09-10,926.2709680547806,940.5503009984084,922.0070199124863,930.8820190429688,1388455
2024-09-11,933.162697776614,936.3854583176206,916.5035169308991,919.9741821289062,1087490
2024-09-12,927.9567307938862,949.5740054974475,921.2137360042799,946.7974853515625,3061006
2024-09-13,949.970656959015,964.2995584093065,943.376368794693,946.549560546875,2445329
2024-09-16,953.3421796518393,970.3484029235312,949.0781711035636,962.8616943359375,2186706
2024-09-17,962.8616997479218,966.3819338163278,953.6396584976923,956.1682739257812,543055
2024-09-18,953.986715186033,962.8121454272672,942.0377224948966,948.6815795898438,644373
2024-09-19,951.953862468567,957.8540052833779,936.0879647607575,940.4511108398438,1278919
2024-09-20,961.8701195736897,979.7192558132015,957.1103620145401,973.3233032226562,8035572
2024-09-23,977.7359892897313,979.6696577627218,968.0181386205775,973.86865234375,1714600
2024-09-24,982.9915338571207,1001.3364784755954,976.8931156089216,981.4049682617188,5545642
2024-09-25,987.6521468858687,990.2799604419417,964.5474451126356,974.4140625,1309311
2024-09-26,975.752761331747,999.5020403408321,967.2744338944076,997.1221313476562,2706617
2024-09-27,999.5515919995831,1010.3602594161609,989.1395962495875,993.1556396484375,2757284
2024-09-30,995.585095583521,1024.2428979427248,995.585095583521,1021.4168090820312,4250590
2024-10-01,1020.3755836453118,1021.3175729372813,1005.8979756669753,1018.6898803710938,1392457
2024-10-03,1019.3839268250076,1051.1157222125564,1016.8552509611851,1030.390869140625,6615927
2024-10-04,1033.2666695794287,1054.090661960588,1018.6899233314982,1025.0858154296875,4855592
2024-10-07,1031.2337535096824,1035.34899506419,1004.01387033287,1010.2114868164062,2708970
2024-10-08,1005.8979743343867,1005.8979743343867,975.7527434177327,989.833740234375,4115797
2024-10-09,991.5194987326471,1003.0222507052952,976.7443568410438,986.1647338867188,2138939
2024-10-10,990.6269835365031,1004.4600751410564,988.3958416816912,998.9566040039062,1368830
2024-10-11,998.8574384391932,1017.3510896586826,997.5683463190472,1003.567626953125,1957211
2024-10-14,1008.4761387803819,1023.3504181134259,1000.9398614610786,1004.0138549804688,1831080
2024-10-15,1004.0139298713752,1012.0460171009054,983.6857465999054,992.4615478515625,1444250
2024-10-16,986.6605921462154,996.3784431601212,973.8191180633107,981.0579223632812,1248745
2024-10-17,982.793218422972,986.8588911964121,961.622184484695,971.2904663085938,1079467
2024-10-18,970.2989011765409,989.8833705666652,964.9441359692937,984.2807006835938,1291683
2024-10-21,988.6437787580246,996.5767278353206,971.8358307957839,973.22412109375,953143
2024-10-22,972.7778619955027,975.0585727068787,952.3505427216518,955.5733032226562,1318146
2024-10-23,955.5733432039294,962.8617161247853,944.1697286463238,946.450439453125,1306503
2024-10-24,946.450452384739,953.986730072861,944.4672150432754,950.06982421875,650392
2024-10-25,950.0698362564998,951.9043671347583,919.0321835740539,935.9392700195312,2541293
2024-10-28,928.1550450092078,964.2995564628437,901.3813417877883,959.1431274414062,1737402
2024-10-29,964.2995962247321,964.6466385528432,939.0628887466207,950.7639770507812,1032874
2024-10-30,958.1019807547224,960.4322604433646,944.3184568927927,949.2765502929688,733890
2024-10-31,949.970633834548,959.7380529896919,946.4503998535549,955.5733032226562,1445602
2024-11-01,961.770952325178,969.8030391764017,956.9119967333615,960.184326171875,136508
2024-11-04,956.9615604041364,960.729699147076,933.2122817727216,946.8966674804688,957723
2024-11-05,946.8966951584401,994.5935291254026,944.0209767969923,991.1228637695312,5177028
2024-11-06,991.6186415334834,1006.5424899838425,976.4468884227408,1000.1961669921875,2761749
2024-11-07,1005.5013343809658,1010.4098589168356,977.3889692120033,981.504150390625,2477876
2024-11-08,985.6689192011917,993.1556277604247,968.3155931589172,988.048828125,3568198
2024-11-11,979.7192457625766,987.1068169573081,963.8533470457737,970.794677734375,1336153
2024-11-12,978.7275828025023,979.520865597724,945.657125870641,949.2269287109375,731821
2024-11-13,945.5083635998449,950.218552091821,920.271657364432,928.10546875,1167594
2024-11-14,927.2130296956366,941.3931646394648,924.6348453507954,931.1795043945312,1662673
2024-11-18,927.2130327216947,948.037024958853,927.0643262341614,941.8889770507812,1143965
2024-11-19,941.8889670597555,952.895970582515,937.0796407321048,939.3603515625,617409
2024-11-21,933.113132471659,942.9797499622374,928.6012798019408,936.2367553710938,1669641
2024-11-22,939.9553861232276,973.0754142545991,931.1795243496962,969.1585083007812,1889389
2024-11-25,966.8281956687383,972.2325294825811,937.7242121418938,945.31005859375,4563438
2024-11-26,946.9958461762005,958.6969345792071,942.6326997435398,955.5237426757812,1184177
2024-11-27,955.2758335743895,963.8533593874322,947.2437464556014,960.729736328125,1327011
2024-11-28,960.7296997605686,966.778609807728,941.0956626991573,946.1529541015625,2959350
2024-11-29,950.962294868801,963.5558639545781,945.4092545826567,957.9036254882812,1326686
2024-12-02,957.8045004210526,983.2394830683041,953.6892587188302,981.504150390625,1272868
2024-12-03,986.6605721135452,1006.9887547550805,982.7436662803342,990.4287109375,2118830
2024-12-04,987.7513641969896,994.5935574456879,977.0914631575666,986.5118408203125,1030877
2024-12-05,982.6940932910624,1001.4852790263228,968.8114320336709,990.8253784179688,2221958
2024-12-06,991.5195033992054,999.5515901823023,986.3135055336726,995.3867797851562,1218982
2024-12-09,997.072501035951,1006.9886870233796,985.4705513259402,1003.4188842773438,1457470
2024-12-10,1012.442600712827,1014.921647237589,998.2128978701314,1004.4600830078125,2227505
2024-12-11,1007.3853800010082,1011.9468014423629,988.7429015310609,991.8169555664062,1246315
2024-12-12,996.5767733131331,1004.4601539231662,982.6941117943433,997.3700561523438,1510341
2024-12-13,986.6605832955164,995.0893420472871,964.894541237694,991.4699096679688,2444182
2024-12-16,995.5851800831437,997.865891000526,975.7528059779017,982.049560546875,1220082
2024-12-17,982.049560570309,982.4958010924082,952.9455757796131,958.7465209960938,1673092
2024-12-18,958.9448329883909,961.374310860629,933.658556632593,938.9141235351562,1612799
2024-12-19,926.2213566034504,934.7988818453027,913.8756927237546,918.1892700195312,1926448
2024-12-20,918.238902792321,933.8073282597189,904.4058100245848,909.661376953125,29003345
2024-12-23,928.1550405673244,942.9797512366611,913.8757080414647,929.1962280273438,3988457
2024-12-24,929.1962732883552,930.0887543110433,910.7521900240097,914.1236572265625,2048135
2024-12-26,914.1235858866819,921.6103547657485,905.4469231016941,906.78564453125,2056005
2024-12-27,906.9840462338227,918.7347033352542,903.6125185259043,905.6453247070312,1917836
2024-12-30,905.6452916510115,909.0168192358692,888.0936296213202,891.4155883789062,1959379
2024-12-31,890.5231174165532,898.8031694664766,889.0852582678983,893.9442138671875,1031176
2025-01-01,893.5971360591838,902.3729365624679,883.2347094631701,897.861083984375,1020555
2025-01-02,901.8771338893943,908.0251814312926,893.8946161119701,904.8519897460938,1636373
2025-01-03,906.3394277776432,916.949759222867,900.8855253128982,907.380615234375,2691743
2025-01-06,907.3806723826216,912.1404300014565,890.3744481219967,893.3493041992188,1104617
2025-01-07,893.9938065058618,906.0419976457204,891.6635268234105,904.1578979492188,688211
2025-01-08,902.3729634344414,904.3066318893779,887.6474508230002,894.7374877929688,744601
2025-01-09,893.4483598193505,901.3317398048287,881.3506007781206,883.4826049804688,1459142
2025-01-10,883.4826944314043,900.3897811915696,872.8723622179285,892.5559692382812,1614629
2025-01-13,888.4407158271216,891.1676670356004,872.6243867132249,876.3429565429688,1416585
2025-01-14,875.1034478716781,903.6620525360285,875.1034478716781,898.4560546875,1948192
2025-01-15,902.3729824996093,905.0503649919655,893.9442238718657,896.4728393554688,1581897
2025-01-16,902.3729598100184,906.7361060229348,892.5559110927557,899.1997680664062,1946590
2025-01-17,899.1997787124916,909.8101103603789,897.6627819114256,900.9846801757812,911260
2025-01-20,900.9846559001454,917.8918018271331,892.9525692699547,911.495849609375,1299378
2025-01-21,917.2472557721143,925.1802050112244,911.8429219982506,919.0817260742188,1474919
2025-01-22,924.188584686775,924.188584686775,899.5468853667444,911.6942138671875,1080075
2025-01-23,911.3471025714026,929.4937116500495,905.1494860470289,922.106201171875,1267989
2025-01-24,922.2053488514728,945.0125779090898,917.3960225857195,924.6348266601562,3538998
2025-01-27,893.5475517118964,919.230499255442,893.5475517118964,911.6445922851562,3908402
2025-01-28,915.6607321599402,917.842244881941,896.9191145129159,908.4714965820312,1101031
2025-01-29,905.9427901701201,933.1627346902507,900.3897498430831,929.7416381835938,1298065
2025-01-30,930.039201508021,947.987475740956,928.3534376158951,942.880615234375,2020147
2025-01-31,941.7898396002552,951.8547933932098,932.6669356562907,937.0796508789062,2037829
2025-02-01,939.9057284185504,947.1941619282751,904.0091811259433,926.4197387695312,1339508
2025-02-03,907.331067831921,929.5929187047575,906.3394491785529,926.1222534179688,1130056
2025-02-04,928.502125727679,941.4923667347175,926.4693195407657,936.3359375,1262634
2025-02-05,933.2122454501589,946.797432450571,933.2122454501589,941.9385375976562,1209743
2025-02-06,942.5830545301726,948.5327661706012,934.1047275472813,940.4511108398438,3060140
2025-02-07,942.9797452869591,976.7443474257384,939.8561224030112,972.5299682617188,2846285
2025-02-10,965.836535236976,965.836535236976,940.3023557889759,951.1110229492188,1665049
2025-02-11,942.0872849094237,959.3910424305919,940.5998569366632,946.5,2535726
2025-02-12,944.9134289882803,954.8791842442777,930.2374246551113,948.3840942382812,2768806
2025-02-13,946.0041903926837,975.7527498389944,945.2604764065259,961.6717529296875,1414535
2025-02-14,964.7458029885668,975.455272239397,946.2520910679228,956.5153198242188,2690126
2025-02-17,956.5153208459291,966.8281789643214,946.1033250724671,965.3903198242188,1321057
2025-02-18,966.8281747463733,972.9762224238392,954.7304152243144,970.5963134765625,1800070
2025-02-19,967.4231755828267,981.603371354137,962.9608914509436,969.1585083007812,1581818
2025-02-20,968.8113942490907,979.3721567888805,966.8281570039543,972.9266357421875,1474610
2025-02-21,970.8937685607017,982.6444855451964,967.3735345574302,973.6703491210938,1599075
2025-02-24,962.8617098518181,976.6452333063044,949.7227627297412,958.6968994140625,1898963
2025-02-25,958.8952091142438,965.2911613418039,949.4748321891296,950.71435546875,1095348
2025-02-27,950.7143829345704,972.7778979492188,950.664814106673,966.8281860351562,2049890
2025-02-28,959.9860009356061,960.4818102658122,932.6669189459701,942.7318725585938,2553800
2025-03-03,950.9622986513609,973.3232874169101,945.0125866681408,967.869384765625,1744769
2025-03-04,951.9539308308313,969.9022046922638,951.904362001654,965.9357299804688,1077034
2025-03-05,966.8281721282691,999.5515871849183,962.7625599215794,994.2960205078125,2472192
2025-03-06,1004.509710028974,1007.6829018692249,988.7429490086151,1002.6256103515625,2203409
2025-03-07,1002.526403899103,1011.8476429420248,997.1220704281621,1002.6751708984375,759943
2025-03-10,1002.6752135659681,1024.0941520130098,1001.7827325791752,1005.0054931640625,1855010
2025-03-11,995.4363612301541,1012.4426453492308,993.0565127756183,1010.1123657226562,1595868
2025-03-12,1016.1115308693772,1016.3594355193451,985.76802592275,1001.9314575195312,1263600
2025-03-13,1006.3937812128304,1007.9307779989917,990.4286848062931,992.80859375,1218174
2025-03-17,999.1053442900344,1006.9391557214662,991.7674027000485,997.2708740234375,1522656
2025-03-19,1027.316900492522,1038.2247054205316,1015.4174769346937,1024.6890869140625,2652155
2025-03-20,1029.3001810394846,1043.9761857968856,1018.5906509681703,1041.447509765625,2301795
2025-03-21,1043.182863342815,1053.6444889558663,1038.9188545509544,1049.82666015625,2630144
2025-03-24,1054.0906628141513,1063.015230984732,1047.6451413576206,1052.4544677734375,2267252
2025-03-25,1052.4544713401724,1065.8909529947416,1043.182860807644,1052.801513671875,1571677
2025-03-26,1059.0984554038325,1059.0984554038325,1043.3812013630195,1047.5955810546875,1254060
2025-03-27,1043.1332456238795,1060.0403929195418,1041.199637572983,1050.867919921875,2514499
2025-03-28,1050.867904375725,1059.2470338685916,1045.1164675677148,1054.2889404296875,1674204
2025-04-01,1054.090642797707,1061.4781534464119,1044.521498453744,1047.397216796875,1776263
2025-04-02,1049.2316835390477,1057.4125375121364,1037.4810265871424,1047.0501708984375,878958
2025-04-03,1036.241427719249,1046.9509569222096,1032.8203919987652,1035.2994384765625,1607693
2025-04-04,1023.6479575483177,1030.242124583186,989.4866232039204,997.3204345703125,3818643
2025-04-07,898.4064867978587,950.9622746568946,897.6132039914986,922.5028076171875,4581682
2025-04-08,941.3931839796538,962.3163747603342,925.9735253756363,946.5991821289062,1717533
2025-04-09,937.2283888551759,945.4092426967114,930.1878601440586,937.625,1773658
2025-04-11,964.299578368344,988.6438043753748,960.2339055467227,981.9503784179688,3641633
2025-04-15,1001.5348119584341,1007.1870502296517,993.8001987826826,999.5515747070312,1287903
2025-04-16,994.5934968596584,1006.5920582055548,983.7848294640073,1000.9398803710938,1281034
2025-04-17,987.6521599700399,1000.1465305554023,978.8267299134787,998.75830078125,2074019
2025-04-21,992.610204818401,1035.051528728014,992.1143955252849,1025.3336181640625,1345056
2025-04-22,1051.1157428157726,1051.5124144753308,1028.308514433921,1035.4481201171875,2153582
2025-04-23,1042.1911380144027,1045.0668561346324,1019.8797197410211,1030.489990234375,893969
2025-04-24,1026.821038260307,1038.7204612048977,1020.8713267880116,1035.74560546875,1242921
2025-04-25,1041.1996405074487,1048.0418337830818,1009.0711702480636,1019.7807006835938,2784217
2025-04-28,1012.8393282095466,1050.0250281312267,1010.6577550427546,1045.562744140625,1485915
2025-04-29,1046.1575904668223,1052.7022488138596,1025.4327381618807,1026.920166015625,1206750
2025-04-30,1021.3672206257804,1033.5641785725215,1012.4426526785649,1021.1689453125,1755328
2025-05-02,1012.6409863204418,1028.3085490224282,940.3519618952497,959.3910522460938,6209775
2025-05-05,951.7555863553671,964.250017898322,944.7151180152484,947.4916381835938,1646426
2025-05-06,951.9539123062016,963.7541985536037,946.99581901294,959.3910522460938,1462046
2025-05-07,949.8715221300998,966.8281767122286,949.8715221300998,958.0027465820312,1014461
2025-05-08,954.4329174849137,961.3742477938948,941.0460661747356,945.2108764648438,1646385
2025-05-09,927.163454253098,950.962302276707,927.163454253098,948.9790649414062,1481537
2025-05-12,964.8449526106222,999.2541320900477,961.5726231494478,996.7750854492188,1335817
2025-05-13,996.7750858629822,1002.4273243111385,979.8183705185138,981.6033325195312,934177
2025-05-14,986.8588749209705,1003.6171934918544,978.7275900317923,981.00830078125,1650066
2025-05-15,984.6772845770053,1031.8783064359102,981.7024287323617,1029.59765625,5297654
2025-05-16,1034.6549618598594,1035.844855864958,1011.7485338840878,1013.2359619140625,1048380
2025-05-19,1025.234577872789,1025.3337155313884,1008.1787244652256,1011.0543823242188,1434608
2025-05-20,1022.3588284335951,1025.829493709558,1002.3281195933189,1004.2122192382812,1624336
2025-05-21,1007.4845254631056,1010.3602436920752,990.7261464501954,992.5111083984375,875245
2025-05-22,993.601888958014,1003.0222661487337,979.6200901791225,997.1716918945312,1283310
2025-05-23,1002.526470980552,1013.9300856356226,996.6758966437279,1000.0474243164062,1568154
2025-05-26,1000.7415824659598,1027.3169509455452,971.2904956092293,1023.6480102539062,4716572
2025-05-27,1023.3504669698174,1024.4412232968762,1000.5432375702962,1005.203857421875,1158374
2025-05-28,1006.3938142755752,1009.3686702911417,990.131243847705,992.6102905273438,1790498
2025-05-29,1011.8476590365037,1015.1199883615465,989.8337136770207,997.7666625976562,3282246
2025-05-30,994.5935341806704,1004.0139116230596,982.1983007038425,985.1731567382812,1710817
2025-06-02,978.7275984355595,978.7275984355595,961.1263675619716,970.5963134765625,1790184
2025-06-03,971.8358612900123,979.0746654454642,963.9029119637964,965.6382446289062,1138571
2025-06-04,964.8449661639439,971.2904875206405,954.0859278010524,960.4322509765625,2398032
2025-06-05,964.6465975726996,968.712270296889,956.5649419986279,960.6305541992188,2182562
2025-06-06,960.6305618884564,1002.1794073037039,959.539805588913,996.4776000976562,2089570
2025-06-09,997.8658109386193,1008.4761423383441,993.5522941262573,999.5515747070312,1864322
2025-06-10,1006.4929746592443,1010.6082164498041,992.4119770962369,994.6926879882812,1747781
2025-06-11,995.5355562176059,1007.4845488507318,995.5355562176059,998.6591186523438,1003090
2025-06-12,998.6590996588525,1001.5348178998855,984.2310606740243,987.3051147460938,2223026
2025-06-13,976.4469094167868,985.718519705029,973.1249505820667,978.9755249023438,1044815
2025-06-16,978.9755033804345,1002.526446105464,975.9510786299398,995.3867797851562,871032
2025-06-17,996.080932682373,1001.9810757472324,989.5362738099773,991.2716064453125,1075499
2025-06-18,988.6438320858981,990.5775006325116,975.504884467906,978.0830688476562,854561
2025-06-19,978.6285075441557,989.585881943487,976.744407827231,987.7017822265625,1391083
2025-06-20,985.6193791023724,1015.4175077273464,985.272276257251,997.1221313476562,9697195
2025-06-23,996.576748066465,996.7750839021435,975.2569469884263,988.643798828125,1132847
2025-06-24,997.5683788917034,1013.9796557240188,992.9077590525986,998.5599975585938,1434360
2025-06-25,999.5515695708468,1019.1856666777236,999.5515695708468,1015.8636474609375,2029126
2025-06-26,1021.3671371909229,1031.7791322787916,1008.6248626499693,1023.8958129882812,3892783
2025-06-27,1029.7463750717222,1036.9356105383379,1014.6242506483048,1020.2764892578125,1941604
2025-06-30,1024.3917009297363,1024.4412092342134,1005.9971264433125,1011.9468383789062,765716
2025-07-01,1015.1200064007542,1022.9537572849333,1007.6828666554965,1020.9705200195312,988673
2025-07-02,1022.3589179219692,1055.974817318176,1022.3589179219692,1051.0167236328125,3166924
2025-07-03,1056.073768348326,1058.8503487403234,1033.8614883539096,1037.3321533203125,1703765
2025-07-04,1042.8853530551744,1042.8853530551744,1023.4496504709564,1032.6717529296875,961108
2025-07-07,1032.2750066473645,1036.2414812166146,1026.622828805062,1033.861572265625,871937
2025-07-08,1036.0491154866927,1043.6056874478547,1033.364583794295,1039.031982421875,828011
2025-07-09,1045.6936443087416,1045.9919795441888,1027.4982292755496,1034.458251953125,1666607
2025-07-10,1034.9553571312126,1043.6056221527554,1028.1941439518937,1037.3416748046875,1101654
2025-07-11,1037.0432911814905,1045.1964113644328,1028.1940959658098,1031.2763671875,931901
2025-07-14,1034.060490426781,1038.932530473616,1025.907369724603,1032.966796875,1238524
2025-07-15,1038.7335428300973,1038.7335428300973,1022.3277763346831,1029.0889892578125,982842
2025-07-16,1028.0947270558677,1029.089015960177,1014.6718268476914,1023.9187622070312,1099243
2025-07-17,1024.6147585517092,1035.7507461943696,1017.6547359317558,1028.2935791015625,1553977
2025-07-18,1033.0661361690527,1047.483324787389,1021.1346697262918,1028.492431640625,1694015
2025-07-21,1044.997691304626,1047.4834136911734,1012.4844303512664,1028.8902587890625,2771028
2025-07-22,1032.6685058149244,1037.2422108281903,1022.7256160586222,1024.8135986328125,1237568
2025-07-23,1028.0948053404873,1031.8731520138292,1019.1462045203091,1027.89599609375,1192492
2025-07-24,1033.0662502405864,1042.810330794047,1025.9074181337103,1027.89599609375,1462398
2025-07-25,1027.8959573335364,1029.089055515304,1014.2741259970213,1021.0353393554688,912255
2025-07-28,1023.1233087484114,1028.0947533973347,1011.5895814375415,1022.9244995117188,1839488
2025-07-29,1017.9529806376647,1045.295986529667,1017.9529806376647,1028.9896240234375,2215340
2025-07-30,1040.4239903259377,1046.2903194550263,1025.8078698138186,1031.9725341796875,1781038
2025-07-31,1012.1861079030248,1052.5542132756061,1012.1861079030248,1042.3131103515625,3144726
2025-08-01,1047.9804963052295,1047.9804963052295,1017.7540895944702,1021.93017578125,1604653
2025-08-04,1023.8193070573031,1052.8526178958784,1020.538226269955,1049.8697509765625,1835680
2025-08-05,1052.9520272026512,1057.3269229784096,1042.7108021848414,1047.384033203125,1524968
2025-08-06,1052.9519743881958,1055.437696707337,1039.8274090923946,1046.5885009765625,1797515
2025-08-07,1046.588474634325,1068.76116571225,1040.0261921515946,1058.7188720703125,1837589
2025-08-08,1063.8891438161006,1065.2811725779684,1035.7507188462803,1043.2078857421875,2234463
2025-08-11,1043.2078550950823,1058.9176681102049,1040.3245144118982,1046.6878662109375,1492814
2025-08-12,1048.7760271789236,1053.8468765211012,1039.6284960658788,1042.213623046875,1231299
2025-08-13,1046.1906956081734,1053.5484574866482,1044.3016438624652,1047.68212890625,1125769
2025-08-14,1048.9747973551082,1052.057068693558,1032.9667702198656,1039.529052734375,870899
2025-08-18,1053.9462103828268,1077.8091434480984,1044.0033216056304,1073.6331787109375,3252940
2025-08-19,1073.832058137947,1081.7863696797094,1064.585122421383,1067.269775390625,1867228
2025-08-20,1065.8776764333818,1082.9793965731633,1061.2045672594747,1076.4171142578125,1321114
2025-08-21,1074.4286250956654,1079.8972143715646,1063.193232679989,1065.678955078125,2069244
2025-08-22,1062.39766604474,1065.281128065304,1045.2959458939833,1048.5770263671875,1950366
2025-08-25,1053.4491538166646,1056.6308299415032,1043.8045994475522,1051.7589111328125,1552036
2025-08-26,1045.196433223603,1050.9633573382027,1038.7335554348629,1041.119873046875,1758169
2025-08-28,1041.1199135611998,1049.0742249953385,1027.9953482441351,1029.884521484375,1313061
2025-08-29,1026.1061840517382,1032.3702529106208,1016.4615692154861,1020.7369995117188,1062037
2025-09-01,1020.7369859351851,1032.6684530329037,1020.2398414727802,1029.586181640625,624424
2025-09-02,1029.68554673381,1043.5061865327916,1025.310651357946,1038.03759765625,1071341
2025-09-03,1036.0490610649879,1073.7326356413118,1034.0604832126558,1066.0765380859375,3357124
2025-09-04,1068.8606397353883,1070.2526685640953,1060.0114436527135,1066.2755126953125,922622
2025-09-05,1062.8948751739738,1070.4514468313548,1056.929141543437,1066.971435546875,748933
2025-09-08,1073.9314603004973,1105.9476370067378,1073.9314603004973,1095.10986328125,3219380
2025-09-09,1093.7178384237777,1103.660727863994,1089.44234741522,1098.192138671875,1058374
2025-09-10,1101.6721017444793,1109.1292684981647,1091.033259058484,1094.910888671875,1305818
2025-09-11,1094.9108977922263,1101.6721109211499,1088.9451643395846,1092.7235107421875,852085
2025-09-12,1092.7235107421875,1101.5727063049042,1086.7577772895459,1092.7235107421875,1057815
2025-09-15,1093.7177866165746,1098.6892311011952,1084.272042095795,1094.6126708984375,565667
2025-09-16,1094.214934337947,1111.5155854708066,1093.717789887998,1108.8309326171875,1644497
2025-09-17,1113.1064854166082,1116.1887569032897,1100.7772780967177,1104.655029296875,950577
2025-09-18,1105.5498562605383,1116.4870342008612,1098.6892385506135,1114.697265625,824725
2025-09-19,1114.6973312528537,1119.5693714422887,1107.3395686579074,1116.3876953125,1351221
2025-09-22,1115.5921721565157,1120.3648075385347,1105.2515430775811,1110.6207275390625,786218
2025-09-23,1118.5750634290584,1141.4437091702746,1110.7201564867908,1131.8985595703125,2075493
2025-09-24,1131.8985108088127,1154.3694157292557,1126.529326461022,1142.537353515625,2111388
2025-09-25,1142.5373449608014,1150.8893959533664,1133.4893402910045,1141.9407958984375,1581307
2025-09-26,1148.4036613967442,1161.230012279183,1121.4584569061356,1124.3419189453125,2999892
2025-09-29,1123.5465180154338,1137.3671587506103,1113.30529324001,1115.791015625,2615670
2025-09-30,1122.3534306993313,1143.332903557376,1120.6630666372548,1136.1739501953125,2771126
2025-10-01,1138.460871836181,1142.0402878572775,1125.7339244576544,1139.5545654296875,1129506
2025-10-03,1139.5545462746975,1169.0850010419817,1139.3557370330982,1155.0654296875,2179883
2025-10-06,1155.0654040901602,1158.2472014973794,1142.6367924365552,1153.2757568359375,1013304
2025-10-07,1153.2757528501218,1166.3009135434515,1147.6082331317689,1150.1934814453125,1565661
2025-10-08,1151.3866152007179,1156.059724761507,1136.1739455697846,1138.65966796875,737972
2025-10-09,1139.4550935585057,1172.0678184330036,1139.4550935585057,1168.48828125,2001612
2025-10-10,1167.29515780812,1168.2894466989276,1149.7956976045373,1161.130615234375,1457768
2025-10-13,1154.2700674385849,1158.2472232424059,1147.0117095473463,1154.7672119140625,488298
2025-10-14,1158.346593953404,1162.9202987192748,1132.8928218287165,1141.244873046875,1408990
2025-10-15,1141.2448980298877,1157.0539951348271,1138.4608404385026,1154.170654296875,1284749
2025-10-16,1158.346578880742,1166.7980346064812,1151.9831055890832,1165.406005859375,655759
2025-10-17,1168.2895041152165,1171.272370934234,1143.034540772902,1156.6563720703125,2207267
2025-10-20,1167.8917876552143,1167.8917876552143,1132.892864827049,1138.65966796875,1214428
2025-10-21,1143.4322464750542,1148.105355802689,1142.040217726453,1145.91796875,115719
2025-10-23,1154.3694205810427,1155.8608539409665,1128.6173136250598,1131.6995849609375,1740322
2025-10-24,1133.4893189548325,1144.4264965938705,1125.037863506485,1134.88134765625,1320560
2025-10-27,1141.2448724379556,1150.0939467391574,1136.6710463013658,1144.02880859375,1275776
2025-10-28,1139.057361639307,1179.6243980947236,1138.4608125623777,1177.4368896484375,3451230
2025-10-29,1182.4083116550682,1216.910209318426,1178.7294912733219,1201.0015869140625,3819737
2025-10-30,1201.0016171408831,1204.6804376152181,1192.5501612758587,1203.089599609375,1273913
2025-10-31,1203.089582402117,1209.0553158685739,1192.1524043802797,1199.1124267578125,1337807
2025-11-03,1206.9673783623025,1210.5467943007977,1183.203848228295,1188.17529296875,1486643
2025-11-04,1195.731830651614,1195.731830651614,1168.488289975037,1174.6529541015625,1110884
2025-11-06,1174.6530167831006,1176.7409993514232,1154.9660465716813,1162.125,1304994
2025-11-07,1153.4745733683906,1176.1444097172077,1144.6253775404243,1165.00830078125,845047
2025-11-10,1167.295161718056,1178.2323395535743,1165.30658392978,1172.56494140625,740226
2025-11-11,1180.220890507796,1199.8083327277038,1159.4402288181586,1184.6951904296875,1588730
2025-11-12,1185.1923573121228,1188.0758193688052,1171.2723128470477,1175.0506591796875,976290
2025-11-13,1184.894052595562,1193.5444389882748,1171.3717476131915,1177.138671875,1427189
2025-11-14,1175.3488735490303,1176.1443532109386,1152.3808244460058,1161.130615234375,1059030
2025-11-17,1167.1957831023246,1171.272343384464,1158.744327313897,1168.78662109375,1102752
2025-11-18,1173.1615395146332,1173.1615395146332,1146.31573825056,1156.3580322265625,1912105
2025-11-19,1160.8323193117872,1164.2129259295968,1150.988834684961,1158.2471923828125,522344
2025-11-20,1163.9145422192591,1168.1900329656198,1154.3693932166466,1163.3179931640625,908758
2025-11-21,1159.340896775173,1160.2357810901976,1126.628766579526,1133.7877197265625,1045627
2025-11-24,1135.4779964398733,1138.4608633306962,1097.993351061133,1099.68359375,2209717
2025-11-25,1100.976182562708,1117.4813545534266,1100.976182562708,1105.6492919921875,1394051
2025-11-26,1105.6492553277546,1150.3922557681763,1105.6492553277546,1147.80712890625,2167703
2025-11-27,1152.3808417130022,1156.3579973358253,1129.810532102744,1153.9716796875,2342042
2025-11-28,1153.375126694103,1165.9031425887351,1146.713439597805,1153.6734619140625,1243394
2025-12-01,1158.2471617081019,1178.2323442859154,1150.6905903569332,1161.7271728515625,3039396
2025-12-02,1161.7272431389292,1166.1021388300314,1152.6792378931366,1155.36376953125,2834317
2025-12-03,1155.3636650384576,1164.5110740781413,1098.5897949295288,1137.0687255859375,6026786
2025-12-04,1152.3808598074522,1158.3465933353598,1136.5716416838657,1144.02880859375,2285777
2025-12-05,1143.4322240850554,1163.3180018952303,1136.869941682329,1155.5625,2326439
2025-12-08,1158.2472227167225,1161.3294941886522,1108.4333705711056,1112.708740234375,1727184
2025-12-09,1111.6149645987296,1114.200091404561,1093.0218111462054,1101.4732666015625,1947088
2025-12-10,1095.0104329394005,1106.7429693371557,1083.774919627031,1090.5361328125,1222924
2025-12-11,1094.6127358312367,1104.953365247289,1089.2435511947133,1099.0870361328125,759090
2025-12-12,1103.6606657891632,1122.353345434674,1102.4675676727072,1119.0721435546875,827546
2025-12-15,1113.7030081234932,1116.1887304527454,1103.6607141879467,1108.433349609375,1017965
2025-12-16,1107.6378092787195,1107.6378092787195,1074.3291318901763,1076.4171142578125,2000325
2025-12-17,1082.0847089160345,1087.4537721280628,1069.4571664728612,1073.1361083984375,1781774
2025-12-18,1072.8377332189407,1085.2663445861667,1067.0708089952848,1076.0194091796875,1134603
2025-12-19,1084.7692444767874,1084.7692444767874,1069.5565749921466,1073.434326171875,1068212
2025-12-22,1078.8034879843415,1094.0161571475783,1071.5451302532472,1088.64697265625,1086319
2025-12-23,1088.7463642124762,1096.6012709321112,1085.7634974612092,1090.5361328125,961759
2025-12-24,1093.2206251614946,1096.9989714602914,1081.8857076382587,1085.0675048828125,806530
2025-12-26,1085.86286728814,1093.4194385412784,1075.8205738219194,1088.1497802734375,1317269
2025-12-29,1093.7178700953311,1104.6550487962845,1083.1784312581367,1086.360107421875,3084525
2025-12-30,1086.7578364782692,1107.637904699718,1083.2778251080276,1105.2515869140625,1609086
2025-12-31,1149.3980357663486,1162.3237922239286,1126.1316498680717,1158.1478271484375,5881898
2026-01-01,1156.8551370292662,1170.0792279700108,1154.369414775228,1164.8094482421875,1173697
2026-01-02,1165.3066439047448,1177.2381112484793,1162.4231816887097,1173.9569091796875,903240
2026-01-05,1173.956822308709,1186.0872193677726,1172.26657977602,1179.127197265625,1017822
2026-01-06,1179.127303070845,1190.7604353647496,1162.3237953560772,1169.5821533203125,1395370
2026-01-07,1168.1900757087271,1186.6838253354267,1162.7214866518818,1183.0050048828125,1161485
2026-01-08,1183.2038117956522,1183.2038117956522,1147.3100061494242,1149.298583984375,1275035
2026-01-09,1153.3751049469656,1164.0139474519558,1147.8071114735767,1152.1820068359375,1387896
2026-01-12,1153.3751250686626,1178.2323475916942,1139.8528202907648,1175.9454345703125,1391748
2026-01-13,1175.9454086704343,1187.9764012051278,1161.7271505243077,1171.3717041015625,1570887
2026-01-14,1173.1614860133675,1195.035841601343,1163.6163369405185,1175.0506591796875,2281726
2026-01-16,1175.0506980315677,1192.4507541882274,1172.4654497326221,1180.519287109375,1883089
2026-01-19,1180.618726506671,1188.970777982541,1169.6815480288603,1177.3375244140625,2213860
2026-01-20,1181.2152112237338,1188.175233512089,1149.8951109261347,1153.3751220703125,1106893
2026-01-21,1156.8551410610514,1172.1672144739211,1152.9773900566065,1167.8917236328125,1401954
2026-01-22,1173.2609685749342,1185.1924360519674,1169.3832173702658,1177.6358642578125,1428697
2026-01-23,1186.484972688301,1186.484972688301,1158.147739521484,1163.3179931640625,2406992
2026-01-27,1190.1638939790366,1223.373169764864,1175.945513195936,1215.0211181640625,3808562
2026-01-28,1224.9639594574696,1224.9639594574696,1201.2998344186863,1211.7398681640625,2214293
2026-01-29,1220.4896062677556,1237.8896617542614,1210.9444572469322,1230.4324951171875,2471027
2026-01-30,1220.9867824511866,1220.9867824511866,1187.6781039396926,1207.4644775390625,2876505
2026-02-02,1193.1466759556288,1196.9250223120841,1167.2951646432568,1192.3511962890625,1839134
2026-02-03,1218.003888794285,1237.5913313546127,1205.873612900045,1222.3787841796875,2093172
2026-02-04,1221.9810265237072,1233.017608753888,1216.9101775393706,1221.185546875,1062043
2026-02-05,1211.6404839663442,1234.7080603116517,1207.265588334203,1232.719482421875,1198051
2026-02-06,1226.8531009265355,1231.5262102184786,1215.4187785491167,1229.139892578125,918161
2026-02-09,1241.3696594973644,1247.5342019684344,1228.046164307824,1237.8896484375,1503210
2026-02-10,1237.8897573870888,1254.69326511541,1229.6371104552427,1236.994873046875,1150559
2026-02-11,1241.36972013142,1247.6337888944026,1230.9296864418886,1242.065673828125,835404
2026-02-12,1247.0371408618132,1247.0371408618132,1233.316026304214,1240.773193359375,762998
2026-02-13,1232.9183008763696,1240.6738032537282,1218.2027758327736,1224.9639892578125,1726700
2026-02-16,1222.8759962847164,1242.7617751612117,1219.4953896010798,1241.0714111328125,627073
2026-02-17,1238.8839720970368,1240.8725499013658,1226.1570256000678,1237.491943359375,1115057
2026-02-18,1237.4919168795152,1256.781145443388,1237.0941770525287,1244.05419921875,1389762
2026-02-19,1244.8497154889276,1248.3297266744,1216.1147417113966,1221.384521484375,824461
2026-02-20,1223.472529686357,1245.8440306355183,1215.6176228562415,1228.7423095703125,876475
2026-02-23,1232.9182608134322,1240.8725721735188,1221.285128998569,1233.4154052734375,787962
2026-02-24,1223.1741799313313,1251.8097493554453,1223.1741799313313,1247.33544921875,1515571
2026-02-25,1253.7983387905942,1277.36293784588,1250.119518304549,1267.7183837890625,2095033
2026-02-26,1268.2155276948338,1274.9767409546623,1262.746938590701,1273.286376953125,779191
2026-02-27,1264.735530656956,1270.5024550535557,1253.301207856205,1257.4771728515625,2081751
2026-03-02,1246.0428072698392,1264.7354872341987,1237.5913515768434,1260.0623779296875,1608917
2026-03-04,1228.941155870002,1246.7389525476067,1193.1467532718466,1206.072509765625,1682849
2026-03-05,1207.5638418161982,1246.2417034285402,1207.5638418161982,1240.971923828125,1696077
2026-03-06,1233.614197146811,1241.9662482319904,1222.1798747276082,1226.6541748046875,1140348
2026-03-09,1196.1295694610901,1206.072458650293,1163.5168443712416,1185.7889404296875,2145649
2026-03-10,1189.2689807141355,1212.9331061121027,1188.3740963906027,1207.3651123046875,1131600
2026-03-11,1205.0782159178107,1215.9159898240475,1164.312368679667,1172.06787109375,1802500
2026-03-12,1168.2895159963018,1175.7466831196825,1143.4322922516997,1165.9031982421875,1265744
2026-03-13,1160.0367886224938,1162.5225108243703,1109.1292464773232,1112.9075927734375,2284551
2026-03-16,1115.0950341271562,1143.4322686101023,1113.7030053516075,1139.057373046875,2593202
2026-03-17,1140.449348661985,1162.6220392994442,1132.6938468262686,1160.533935546875,1760476
2026-03-18,1157.650582150502,1177.3374289910473,1153.4744960644566,1173.5592041015625,1284823
2026-03-19,1152.6792369160912,1159.2415197606003,1120.2653198048297,1124.44140625,2207126
2026-03-20,1132.5944762468496,1179.7237949861621,1131.5007827174484,1162.9202880859375,3580084
2026-03-23,1147.2105816684816,1147.2105816684816,1096.203512535915,1103.262939453125,2532216
2026-03-24,1125.4356944984984,1136.1739424082496,1105.6493199831598,1127.225341796875,1218013
2026-03-25,1133.4893270842344,1163.417398200161,1130.804795648297,1149.39794921875,1632217
2026-03-27,1143.432292396779,1144.2277721059725,1120.464241928485,1123.8448486328125,2750813
2026-03-30,1123.54652265451,1130.0094008821688,1107.6378993248886,1116.08935546875,2454814
2026-04-01,1135.3785183097884,1152.3808342120562,1128.0207561808263,1133.8870849609375,2025282
2026-04-02,1128.517913734701,1139.2562825203827,1100.08127516104,1134.781982421875,2208479
2026-04-06,1125.53501655261,1139.1567257125093,1108.7315101404001,1127.1258544921875,3213623
2026-04-07,1132.4950600151647,1150.9888093281384,1115.8904838916856,1145.3214111328125,3158128
2026-04-08,1163.3179799147686,1197.72035060172,1163.3179799147686,1187.479248046875,2383883
2026-04-09,1180.4197590323151,1211.0439063631763,1178.2323719543217,1202.791259765625,2563654
2026-04-10,1203.0895474334789,1217.8050714389517,1197.0244095268336,1207.8621826171875,1719725
2026-04-13,1192.251782775604,1206.4701624405513,1182.5078244852511,1197.3226318359375,1031668
2026-04-15,1215.915994008888,1224.9639992743498,1203.6861912460877,1211.6405029296875,1404182
2026-04-16,1214.2256174844927,1235.8017605286104,1204.3822539756416,1207.961669921875,2686363
2026-04-17,1206.0724176219803,1235.205130504568,1191.7546334019605,1233.216552734375,1875945
2026-04-20,1234.011918176759,1271.6954914151383,1225.9582024353913,1267.22119140625,4606071
2026-04-21,1277.064749759997,1288.9962171422956,1266.425785186883,1272.2921142578125,2108883
2026-04-22,1275.6727316628103,1279.2521476329057,1251.213247598468,1256.1846923828125,2882614
2026-04-23,1256.1846403270818,1262.6475182789109,1243.8554334981914,1249.8211669921875,1715185
2026-04-24,1256.781211145194,1260.758366876666,1239.3811548200033,1248.528564453125,1996768
2026-04-27,1265.729835367331,1289.5927702053639,1260.8577952299333,1275.3743896484375,2309506
2026-04-28,1276.6669573012023,1299.3367929427295,1268.3149062031048,1274.2806396484375,1902689
2026-04-29,1275.6726814700178,1280.4453168244693,1249.8211696085832,1272.3914794921875,2364369
2026-04-30,1265.2326315521204,1266.127515841209,1243.2588710273005,1257.2783203125,1366233
2026-05-04,1270.701251071344,1280.544735741599,1252.704645733776,1259.3663330078125,1550369
2026-05-05,1253.3011522992817,1257.6760477124426,1238.685154090274,1245.2474365234375,1471611
2026-05-06,1255.2897077464459,1271.297734398324,1245.843963410928,1266.028076171875,988216
2026-05-07,1264.8349211337638,1286.212133087447,1261.3549098854896,1276.0704345703125,1773360
2026-05-08,1276.0704351313043,1277.5618685240772,1259.5652631925805,1270.50244140625,811858
2026-05-11,1268.7126558956163,1274.8771986210807,1251.4120044951353,1255.38916015625,1023862
2026-05-12,1254.792625327498,1265.3320636744756,1239.082811738476,1245.1480712890625,1475577
2026-05-13,1247.8326439889158,1275.0761857498405,1247.8326439889158,1267.6190185546875,2366540
2026-05-14,1280.5446861199175,1298.5412907601087,1274.5789527779875,1289.4932861328125,3292597
2026-05-15,1306.4956251139517,1306.4956251139517,1266.9228780262295,1271.4967041015625,3871553
2026-05-18,1272.689801482784,1294.5641574457695,1251.1137807412845,1285.416748046875,2965138
2026-05-19,1290.5870545055554,1292.2772971678924,1275.374385051872,1277.860107421875,1136358
2026-05-20,1270.7012062624965,1281.638384094177,1254.295439514976,1275.8714599609375,1039407
2026-05-21,1285.6155535082946,1285.6155535082946,1265.530966186817,1273.982421875,5339554
2026-05-22,1276.8658230792962,1282.5333429272423,1270.8006847492454,1278.158447265625,588674
2026-05-25,1283.328635559491,1289.9904440179466,1276.6669484741922,1282.0361328125,922291
2026-05-26,1282.036193172917,1293.5699206892104,1275.374384400812,1286.212158203125,1712866
2026-05-27,1287.6041298977996,1320.415663709867,1287.6041298977996,1301.822509765625,2030720
2026-05-29,1302.021396260866,1304.7059279100763,1263.0453174841095,1270.7012939453125,3129836
2026-06-01,1272.1926307824046,1297.348188170115,1272.1926307824046,1291.97900390625,1388242
2026-06-02,1290.0898736589074,1309.379102980925,1282.831515993875,1303.31396484375,1602109
2026-06-03,1307.4899600447297,1310.969971345229,1289.8910943028982,1305.4019775390625,814920
2026-06-04,1303.5127962733607,1306.4956630840547,1286.8086935842086,1293.6693115234375,958385
2026-06-05,1293.6693086966734,1302.3196952526814,1259.2669358298044,1276.6669921875,1618038
2026-06-08,1262.7469355576784,1265.7298023345863,1247.832601673139,1253.5,1172766
2026-06-09,1257.7754646305682,1265.7297758693385,1249.920558007651,1254.4942626953125,1070798
2026-06-10,1258.769749328075,1284.621260767672,1245.346849157515,1262.548095703125,3053155
2026-06-11,1258.769727210988,1286.0132669086688,1253.7982827907235,1274.9766845703125,1915489
2026-06-12,1290.5870709135772,1298.0442381183939,1277.7607190466601,1290.1893310546875,1091577
2026-06-15,1305.1036083457946,1312.6601798413253,1286.8086679960327,1289.0955810546875,1168850
2026-06-16,1292.575638471871,1295.0613608535477,1261.7526809390802,1267.0224609375,1110628
2026-06-17,1272.6898012298452,1282.1355458483479,1261.8520278666158,1279.8486328125,1194899
2026-06-18,1280.644168961008,1289.5927695205182,1276.7664177772544,1286.510498046875,685833
2026-06-19,1281.6384493723383,1287.604183038928,1259.8634972146538,1280.3458251953125,1138608
2026-06-22,1282.632743609228,1289.4933616287472,1267.7184093812136,1275.076171875,961383
2026-06-23,1262.746870068716,1271.0989208855333,1226.3559215523899,1235.1055908203125,2156617
2026-06-24,1232.918247985572,1237.7902879175658,1215.0210476115878,1224.16845703125,2339439
2026-06-25,1217.7055360336647,1231.52617566365,1217.108986983604,1223.9696044921875,1706161
2026-06-29,1231.923976960368,1243.5571088230786,1219.5947700268914,1225.3616943359375,2091046
2026-06-30,1224.9639899552776,1231.6256773903472,1214.523955949977,1219.39599609375,1242580
2026-07-01,1222.5776463523107,1224.864559444875,1203.7855612653418,1209.254150390625,1634758
2026-07-02,1218.9981780223573,1227.1512983636198,1210.1489826348395,1216.810791015625,1302096
2026-07-03,1224.9639629609562,1238.0885283005596,1219.0976339935728,1223.1741943359375,1153646
2026-07-06,1222.975409979327,1237.3925997717663,1218.401705078427,1236.0999755859375,1090418
2026-07-07,1236.0,1252.800048828125,1221.199951171875,1246.4000244140625,2548642
2026-07-08,1231.0,1245.800048828125,1212.199951171875,1219.5,1038782
2026-07-09,1224.0,1240.5,1220.300048828125,1225.800048828125,1151162
2026-07-10,1232.300048828125,1259.0,1232.300048828125,1245.4000244140625,1504035
2026-07-13,1235.199951171875,1240.0999755859375,1220.4000244140625,1237.4000244140625,1403822
2026-07-14,1225.0999755859375,1254.800048828125,1225.0999755859375,1247.699951171875,1042163
2026-07-15,1249.5999755859375,1252.5999755859375,1224.9000244140625,1226.9000244140625,836306
2026-07-16,1232.9000244140625,1233.300048828125,1219.4000244140625,1221.0,1342230
2026-07-17,1221.0,1243.9000244140625,1218.0,1237.300048828125,2800390
2026-07-20,1252.699951171875,1266.5999755859375,1247.199951171875,1257.0,2686712
2026-07-21,1259.0,1271.4000244140625,1252.0,1267.4000244140625,1941639
2026-07-22,1264.5,1279.300048828125,1261.699951171875,1266.9000244140625,3988761
2026-07-23,1256.0,1274.699951171875,1238.5,1246.800048828125,2674866
2026-07-24,1238.5999755859375,1245.0,1228.0999755859375,1240.800048828125,1083729
2026-07-27,1251.0,1251.0,1234.300048828125,1244.5999755859375,1128386
2026-07-28,1241.199951171875,1259.9000244140625,1241.199951171875,1246.9000244140625,1515691
2026-07-29,1255.699951171875,1279.0,1243.199951171875,1276.5999755859375,1516573
2026-07-30,1279.0999755859375,1304.5,1261.5,1270.800048828125,923153
2026-07-31,1276.4000244140625,1282.199951171875,1262.0,1270.0,1449872
2026-08-03,1278.9000244140625,1294.800048828125,1268.699951171875,1292.300048828125,2577735
2026-08-04,1280.5,1300.0,1275.9000244140625,1300.0,1475041
2026-08-05,1304.5,1331.0,1284.699951171875,1330.0,2186609
2026-08-06,1330.0,1335.0,1303.5,1307.9000244140625,2307926
2026-08-07,1303.800048828125,1309.9000244140625,1288.5,1299.5,720726
2026-08-10,1299.5,1312.0,1295.0,1302.0,1520170
2026-08-11,1299.0,1303.9000244140625,1276.0999755859375,1283.4000244140625,1514657
2026-08-12,1285.9000244140625,1288.9000244140625,1268.199951171875,1269.0999755859375,862476
2026-08-13,1269.0999755859375,1275.699951171875,1264.0,1275.0,1693193
2026-08-14,1267.300048828125,1276.699951171875,1260.300048828125,1270.0,975420
2026-08-17,1263.5999755859375,1297.0,1250.4000244140625,1277.800048828125,1404965
2026-08-18,1275.0,1285.800048828125,1265.0,1267.5999755859375,719017
2026-08-19,1273.699951171875,1285.800048828125,1262.0999755859375,1285.800048828125,1009930
2026-08-20,1298.5,1310.5999755859375,1281.5,1299.699951171875,3416352
2026-08-21,1298.0,1298.800048828125,1280.5,1293.699951171875,2013069
2026-08-24,1298.0,1327.0,1295.300048828125,1327.0,3648206
2026-08-25,1326.0,1326.300048828125,1310.0999755859375,1320.300048828125,1234494
2026-08-26,1329.0,1341.0,1310.4000244140625,1341.0,1894784
2026-08-27,1351.0,1351.0,1330.0,1337.5,2647838
2026-08-28,1335.199951171875,1344.0,1320.4000244140625,1334.9000244140625,1403899
2026-08-31,1323.800048828125,1326.800048828125,1303.300048828125,1307.699951171875,1981744
2026-09-01,1314.5999755859375,1328.0,1307.0999755859375,1313.5,1134147
2026-09-02,1308.0999755859375,1309.800048828125,1299.4000244140625,1306.0,1562597
2026-09-03,1315.0,1325.0,1295.0,1308.0,1291167
2026-09-04,1305.0,1331.699951171875,1300.0999755859375,1325.0,1094356
2026-09-07,1334.300048828125,1335.0,1301.0,1302.0,1276231
2026-09-08,1306.4000244140625,1315.0,1295.699951171875,1297.300048828125,1345313
2026-09-09,1303.9000244140625,1313.0,1290.0999755859375,1310.0,1484708
2026-09-10,1301.0,1311.300048828125,1292.699951171875,1304.0,1102536
2026-09-11,1281.0,1286.9000244140625,1265.0,1265.0,1580944
2026-09-15,1265.0,1267.699951171875,1229.199951171875,1229.199951171875,1030088
2026-09-16,1244.0,1250.199951171875,1227.0,1248.9000244140625,1803781
2026-09-17,1248.9000244140625,1260.0,1242.0999755859375,1253.4000244140625,1351578
2026-09-18,1270.0999755859375,1278.699951171875,1262.699951171875,1275.5999755859375,2378010
2026-09-21,1281.300048828125,1287.0,1268.5999755859375,1268.5999755859375,942361
2026-09-22,1274.699951171875,1277.5,1264.4000244140625,1267.0,874592
2026-09-23,1273.0,1304.0,1270.800048828125,1297.800048828125,1356042
2026-09-24,1289.0,1298.4000244140625,1272.199951171875,1273.199951171875,836579
2026-09-25,1279.0,1288.5999755859375,1266.300048828125,1277.0,1032391
2026-09-28,1278.4000244140625,1278.4000244140625,1254.0999755859375,1264.0999755859375,1216506
2026-09-29,1260.699951171875,1272.4000244140625,1246.5999755859375,1272.4000244140625,2499215
2026-09-30,1272.4000244140625,1275.9000244140625,1253.4000244140625,1253.4000244140625,1329600
