Date,open,high,low,close,volume
2021-01-01,397.0329661527075,399.22997013852114,395.80026297594543,396.46630859375,5530495
2021-01-04,398.44461546344695,398.83233812151764,388.7022190396903,390.7998046875,15707145
2021-01-05,389.5969736226494,390.57122552450386,384.7257747898574,389.6466979980469,16316150
2021-01-06,392.4600281424488,393.4740230718992,387.3899928187206,391.7641296386719,17262575
2021-01-07,394.46810833660925,394.46810833660925,387.21102047330226,388.1852722167969,17096585
2021-01-08,392.0822429447551,392.8775598272356,386.9625137628744,391.82379150390625,16314485
2021-01-11,389.69636509928466,391.06826021829306,384.8052647191118,385.35205078125,14977605
2021-01-12,383.6918080070239,383.7514529760427,376.9417328611063,378.4527893066406,30177900
2021-01-13,379.9539478787776,379.9539478787776,373.1938910493165,374.2079162597656,27915650
2021-01-14,376.17630109174064,378.76102808595937,372.0109214791692,376.3055419921875,24018190
2021-01-15,376.613710411226,378.56218380740063,368.63090061262363,370.5893249511719,13575820
2021-01-18,371.9015816648882,372.2495309334424,365.6087633562265,367.2192687988281,25023140
2021-01-19,369.0384241501339,376.17622161192656,366.88116340684866,375.1820983886719,24027570
2021-01-20,375.778641275964,375.778641275964,371.6928087069844,374.50616455078125,15207240
2021-01-21,377.76686823906607,378.74112003155307,366.98062395985596,369.37646484375,28344310
2021-01-22,367.8256442977664,372.7962611126011,362.75560907898756,363.4515075683594,21490875
2021-01-25,366.8315196372721,371.2852032093762,352.9137926049637,356.77099609375,33050690
2021-01-27,357.4867710677712,362.5468553967339,347.21745963327663,350.86590576171875,39461595
2021-01-28,344.1655309659966,350.81621889559,338.20079060497926,342.54510498046875,30179620
2021-01-29,347.91335650543294,347.91335650543294,338.7972318669929,340.57672119140625,25703435
2021-02-01,343.9666952671919,359.83289618423186,337.21658890871566,358.1826477050781,24146050
2021-02-02,363.8491054757515,373.6114029639546,357.8943169823476,370.07232666015625,29356685
2021-02-03,371.8021382735276,374.4166875759327,361.8609046298504,368.2630615234375,21446975
2021-02-04,365.638574806858,380.7492626395997,364.0480016356124,379.83465576171875,48208370
2021-02-05,380.7492474693552,397.3511197423479,380.38142667970385,394.2096862792969,81341680
2021-02-08,397.64934418742376,403.61408435023515,388.00633545558384,389.12969970703125,20107375
2021-02-09,389.69632335309933,392.67869317467915,385.2923645310761,387.5390625,11154615
2021-02-10,387.7080979335892,390.2729227710951,385.12337121305137,388.1156921386719,14304705
2021-02-11,387.5490556788275,394.6172887022,385.96840314170754,389.89520263671875,11233885
2021-02-12,389.6963900944449,392.67876042680035,386.9128565862091,387.9169006347656,8453765
2021-02-15,389.6963326198556,397.45048220505856,389.09985257370874,394.8558349609375,14652175
2021-02-16,397.6493463497748,407.3917432000493,397.25170307107254,401.5562438964844,27400915
2021-02-17,400.6515851592466,402.3217354591637,391.51558906441807,395.5517578125,21976120
2021-02-18,393.5038487480196,394.63716397679747,385.34210419769414,386.803466796875,17691040
2021-02-19,386.16724250157233,391.6547926857967,382.7573762210428,385.4713439941406,13678415
2021-02-22,385.4713399941566,390.1039585783242,382.06150408724875,387.62860107421875,19266380
2021-02-23,390.69048687265087,390.69048687265087,371.00685615787353,372.388671875,27862010
2021-02-24,375.5997050019394,382.5386668201579,368.2332470706546,379.99371337890625,19107080
2021-02-25,383.13515775684306,390.7302752035234,375.29153979485693,376.8721923828125,28112580
2021-02-26,371.6032640882505,371.6032640882505,352.51611561518246,353.97747802734375,42000480
2021-03-01,360.07146798704485,368.7998692648969,358.1627379202883,366.9110107421875,16300220
2021-03-02,366.8314977676581,371.48398753133966,361.8807528109802,366.76190185546875,19185745
2021-03-03,368.8197583126663,379.50658419369364,368.06421486772535,377.6674499511719,14378090
2021-03-04,370.5893169895051,379.83465240313467,367.82565517228073,377.3096008300781,20112570
2021-03-05,372.89566431712404,383.3936041750944,371.40447933345513,382.24041748046875,27039930
2021-03-08,381.7433524096398,387.2806265473833,376.4347375557815,380.9182434082031,23490050
2021-03-09,381.3059120026688,395.85989097020206,381.3059120026688,393.46405029296875,39591725
2021-03-10,394.31902154750094,397.5200999548304,389.1396473777048,390.4817199707031,13807350
2021-03-12,393.47403615869507,393.6728729773125,380.15278844377724,384.7555847167969,13101325
2021-03-15,386.51512714543964,386.51512714543964,376.39495922631295,381.4749450683594,13217765
2021-03-16,382.75734125030357,386.05783788063405,377.76685321641986,378.4031066894531,13846120
2021-03-17,378.4031316330782,381.28608331948993,370.0127280183434,371.4740905761719,13474970
2021-03-18,373.9892033369149,376.3551913431206,362.87488161522475,363.92864990234375,10987875
2021-03-19,361.5526935695733,372.19974526936386,360.677860240091,364.6742248535156,24015080
2021-03-22,364.44562949966905,367.8156919110048,358.878532621276,362.3877868652344,12170485
2021-03-23,366.6326475575539,366.6326475575539,357.65571569888584,360.3995056152344,21254280
2021-03-24,357.88440216055113,358.878525499886,352.5857381107204,354.39501953125,15230805
2021-03-25,356.4727356750296,357.64582427910324,346.949047379455,350.50799560546875,20565065
2021-03-26,354.9019998099382,356.37331313987806,350.47813921763003,352.1283874511719,16553785
2021-03-30,354.32541688672023,358.2720873445272,352.9137485437226,354.1564025878906,27877620
2021-03-31,353.66935327653505,353.70909636931617,346.47187917387,348.5396728515625,18991915
2021-04-01,351.91969643250184,360.51885808841644,348.07244358833265,358.7890930175781,19013260
2021-04-05,355.12078905347505,357.8049345720306,344.8415559596565,349.77239990234375,12241205
2021-04-06,353.1126234816104,354.1962142846241,343.70819481562455,351.5816650390625,14365225
2021-04-07,351.1342601780039,360.01180374480714,347.0682997777341,356.29376220703125,15790710
2021-04-08,357.0891405612927,362.596562402282,353.6494517234569,354.5541076660156,14451450
2021-04-09,351.9196929330415,359.1668612059459,346.7701408656507,357.7353210449219,15696920
2021-04-12,349.3846411623884,351.52200016063483,342.63453555260514,346.45196533203125,16641680
2021-04-13,347.10810330642187,355.1107839260534,342.6643708364304,353.0827941894531,15593710
2021-04-15,357.8843612231504,359.7731892841815,348.4600621225101,352.5657958984375,17734430
2021-04-16,352.71492670413164,355.528312568728,349.9413446035739,350.74658203125,14561395
2021-04-19,341.978443096581,341.978443096581,333.0313326667286,338.15106201171875,19327115
2021-04-20,342.97258316453275,344.6824766767377,334.890354828885,337.544677734375,16585040
2021-04-22,335.9640238886199,345.9052581467446,331.8781608326462,345.1695861816406,17952220
2021-04-23,344.74208232301834,349.20568630380495,342.0281147484626,344.8017272949219,9467250
2021-04-26,345.9549189987341,354.50438570830414,344.6227973765113,349.86181640625,16265310
2021-04-27,347.94316264493585,350.4483424942144,342.883078577345,348.0028076171875,22666800
2021-04-28,350.4284738119865,362.65617863523784,348.7384520157547,360.16094970703125,20872995
2021-04-29,362.8748742459146,366.92096333803966,354.01723204622266,358.8785095214844,19800475
2021-04-30,353.9079097902649,358.2820464278905,345.84558404812685,347.70458984375,13108915
2021-05-03,344.96079089423165,349.732570679088,335.0195577272509,343.06201171875,27969345
2021-05-04,348.1420068081706,350.72670322904173,343.0321982634681,344.4935607910156,21275755
2021-05-05,346.1537407474607,353.5102470052877,342.35618250908016,352.0687561035156,12058215
2021-05-06,354.2458881779446,356.6317779972721,350.5676502218,355.5481872558594,11901275
2021-05-07,357.0890886989564,360.4691017301861,352.61553400926687,353.97747802734375,8053650
2021-05-10,359.6737817764718,360.51879261146246,356.015415476677,359.7433776855469,6662450
2021-05-11,353.2319166155714,356.7709933206481,348.5893472141983,349.0267639160156,14779880
2021-05-12,348.7384103019675,348.7384103019675,341.0936003819142,341.7497253417969,15909150
2021-05-14,343.7479266372018,343.7479266372018,338.22060394756755,339.3240661621094,14689460
2021-05-17,341.38191683117594,348.9372595733453,339.9901503535159,346.7799987792969,21057205
2021-05-18,351.52203919115783,352.1085683547063,347.9630604410481,348.9571838378906,23292070
2021-05-19,347.53557947874884,348.012769610152,343.4596676621118,344.0760192871094,11860210
2021-05-20,344.3642689657171,345.35839216154085,339.0158813180679,339.63226318359375,12990190
2021-05-21,341.0837497731206,350.81622650121886,341.0837497731206,349.4642028808594,21465560
2021-05-24,350.6571314318967,353.68919543856885,346.352560444217,349.3349304199219,18069535
2021-05-25,351.99919418787505,352.69509269143646,345.55729408096903,348.0426025390625,11008125
2021-05-26,349.9413709414009,350.28928984410635,345.33857496626496,346.08416748046875,14225500
2021-05-27,345.9549141755927,354.59384822387545,343.1117360524799,353.36114501953125,26699940
2021-05-28,355.1008627042315,360.46912257463646,353.5599533524044,358.03350830078125,16235045
2021-05-31,357.685579447276,360.2305328691647,354.9020461227846,359.4153747558594,11554045
2021-06-01,360.86681437491734,362.6562244596622,355.4985537824427,357.2879638671875,11449080
2021-06-02,356.49260592709925,356.49260592709925,351.9196328785448,354.52423095703125,15494245
2021-06-03,355.8961795076866,363.44157252202353,355.8961795076866,360.7077331542969,17220655
2021-06-04,361.86090339582205,362.04978926146674,357.2879298676779,360.1112365722656,7543530
2021-06-07,362.85501149348556,362.85501149348556,359.2761614768615,360.8468933105469,5480695
2021-06-08,360.86675666563355,361.16498151931927,355.4686744462745,356.6019592285156,6655155
2021-06-09,355.87629405554384,360.2703023509269,352.91379549832754,354.4844970703125,10188570
2021-06-10,355.4388544993504,358.48086938161134,353.1126096092823,357.794921875,9272445
2021-06-11,359.67385231008797,359.8726891355141,355.49855202029954,356.7610778808594,8109640
2021-06-14,355.8762965351015,355.8762965351015,349.8320094285615,351.5319519042969,12715010
2021-06-15,353.07285410376323,354.7330231157963,351.12438082431765,352.0986022949219,8679120
2021-06-16,352.0886606544677,354.096778788121,348.53963321099303,350.0506896972656,14227715
2021-06-17,347.3964246112055,352.2775436719101,345.15964702336515,351.1343078613281,12891210
2021-06-18,352.90385633563795,353.24185465131546,344.6128708136983,350.0209045410156,13393945
2021-06-21,345.95493600573894,353.35121637498963,344.22517103394637,352.3272705078125,6396605
2021-06-22,353.90793021928766,354.90205361878003,348.7384764066319,349.3548583984375,7858715
2021-06-23,350.72670255434093,350.72670255434093,343.41992026889625,345.2987976074219,38011745
2021-06-24,344.9608058333723,346.5315073929535,343.40997581922073,345.5373840332031,17976965
2021-06-25,344.9607849121094,348.7384413147576,342.15734992645986,344.9607849121094,47888225
2021-06-28,344.9608122795111,347.54553913080923,342.41585885805273,344.5730895996094,17502535
2021-06-29,345.51750187793476,345.55727530580987,338.3995752001046,339.1650695800781,51973310
2021-06-30,339.1650695800781,346.65081703560327,337.69375613106195,339.1650695800781,44110495
2021-07-01,339.9702997362038,343.01231463112924,339.2247072553253,341.2030029296875,14941930
2021-07-02,343.3701971109386,343.56903391512657,339.9901838074013,341.0141296386719,11212755
2021-07-05,343.3701753974418,345.91512857128237,342.27663372003343,344.18536376953125,9438355
2021-07-06,343.7678173640516,349.9313938223529,343.3701741205368,349.0068664550781,18461110
2021-07-07,349.1360893601163,351.6213974269217,346.58118538626434,350.28924560546875,13630910
2021-07-08,349.53375852221757,350.52788182271405,342.97253867129353,344.4239501953125,11040075
2021-07-09,343.7678623772359,343.9666991941465,340.9743780276026,341.9884033203125,8490830
2021-07-12,344.36435175668913,346.551435448606,343.0024075050934,344.35443115234375,8685325
2021-07-13,346.55138637608394,348.4402145671461,342.69418314102325,347.3764953613281,10333195
2021-07-14,345.95492200355494,349.52382115030207,345.0800886110373,347.5753479003906,10794920
2021-07-15,349.3349713255767,349.3349713255767,345.95495769163966,347.9531555175781,9752780
2021-07-16,349.03671014124257,350.32905834572483,345.95492172489645,347.84375,9190250
2021-07-19,344.74211141135595,345.9549431727901,340.3878460655803,342.53515625,10731685
2021-07-20,342.5351243083131,342.73396110505115,337.20663794397245,338.52880859375,10719295
2021-07-22,339.30423079287624,342.3661476337943,338.6282342107335,339.4334716796875,9291265
2021-07-23,339.99016572163634,343.4298238158102,336.8387815384924,342.56494140625,9979000
2021-07-26,340.30831540527686,347.94317551833075,332.70327777945226,346.07421875,19695475
2021-07-27,348.3408318334971,348.5396686479598,336.77917188579926,337.5943603515625,21505655
2021-07-28,338.99604869518595,339.1551120653673,327.26540577299284,328.6273498535156,25263775
2021-07-29,330.84421443930603,330.84421443930603,325.0981831119665,326.4004821777344,14971325
2021-07-30,326.40052625795954,332.01734780195954,323.2889454649528,329.01507568359375,16110005
2021-08-02,331.0430557020505,333.4885905017201,329.5518707664557,331.06292724609375,12954880
2021-08-03,331.04306949639886,335.8645737233781,331.04306949639886,335.1488037109375,16150700
2021-08-04,337.7434630264055,348.58935260192936,335.0195747088191,347.9332275390625,35020800
2021-08-05,350.26938069322836,356.4926019185481,348.4501485027117,352.267578125,30260460
2021-08-06,351.7208194772896,354.8423812732877,349.1659455947099,353.3511962890625,18202345
2021-08-09,353.3511809909659,355.8166176465772,350.34893960780414,354.0868225097656,7984430
2021-08-10,354.9020684884647,362.83518447056144,353.7687532032053,360.51885986328125,22974240
2021-08-11,362.040589784855,362.040589784855,350.5328637533296,354.2030029296875,15509515
2021-08-12,353.1089022795208,356.2718072814341,350.5030107003507,355.6153564453125,8208450
2021-08-13,354.8793065588805,357.86315733270504,352.8602354160579,355.6750183105469,9199585
2021-08-16,354.87932719211085,358.3008120399574,352.4425337971217,354.5511169433594,7768305
2021-08-17,353.8847305804111,357.06751724874067,353.49684571864964,355.74468994140625,7096685
2021-08-18,355.7447059209869,356.18230951306816,347.2407116376666,348.0563049316406,13818265
2021-08-20,344.5353191442978,344.5353191442978,337.57300021674376,338.8759460449219,28216210
2021-08-23,343.0532943442617,343.0532943442617,338.1697220684656,341.5215759277344,15465845
2021-08-24,343.14284997010265,343.14284997010265,336.4988159859085,339.1445007324219,23539855
2021-08-25,339.1644237002114,341.4918240210362,336.9762539866302,337.6128234863281,14569050
2021-08-26,336.93647845442763,341.4520179652808,335.96174282725457,337.6724853515625,21912885
2021-08-27,337.175152879526,342.9041563406239,337.175152879526,340.86517333984375,18306575
2021-08-30,341.3425916122061,346.03718480439164,341.3425916122061,345.3011779785156,12806265
2021-08-31,346.9323556903133,350.02563036497037,345.93773868358016,348.8519592285156,22463045
2021-09-01,348.86189334266345,348.8817747543687,345.728856037616,347.44952392578125,36331770
2021-09-02,348.51381752127907,355.75462862378305,346.92242412828057,353.3675537109375,28819220
2021-09-03,356.6696602870883,360.3397994249415,353.59629741657665,356.4408874511719,24225670
2021-09-06,359.6535327550756,359.6535327550756,352.0944370748973,352.9995422363281,9509655
2021-09-07,352.99950560160954,353.9742411404458,347.3202513122575,351.0699462890625,14614185
2021-09-08,350.12506455100856,363.6319803756116,349.1105661406944,361.1156005859375,76247785
2021-09-09,363.2341456282956,366.3572272683163,359.41478958390104,361.6129150390625,18214625
2021-09-13,363.7314289841768,367.9684765302891,357.01776460438657,366.02899169921875,16358075
2021-09-14,368.0082759785845,373.777042217469,367.0434963112113,371.5391540527344,20840400
2021-09-15,372.78240541601366,377.64609667144407,369.59964951864566,372.32489013671875,24070115
2021-09-16,373.37922001710047,379.94369836314513,371.5889215378621,379.30712890625,20643915
2021-09-17,381.1372324845589,401.2284769315905,380.5404562359083,399.42822265625,73192445
2021-09-20,395.85754209727855,405.24672843860367,394.13684386398927,398.1352233886719,29405445
2021-09-21,401.22850251749685,403.34704164098804,397.07101063050345,400.0250244140625,19334440
2021-09-22,401.1290328692457,402.30270402382683,393.6296423770338,394.97235107421875,9559045
2021-09-23,398.64247324409126,408.19080231799495,396.03658161431764,402.6209411621094,14945535
2021-09-24,403.81448273599773,408.26042172803596,400.6118149346492,403.4365234375,10574440
2021-09-27,404.0532181163738,409.3843812542805,402.9193704702827,404.4809265136719,9150320
2021-09-28,405.80376675611524,413.3230694177436,400.4129288520875,411.4134216308594,19496335
2021-09-29,409.7623000769787,409.7821814886978,401.8550832200393,403.90399169921875,17101570
2021-09-30,402.90939959478,404.80912171994055,397.2102332192981,398.9408874511719,22863740
2021-10-01,397.2500088356589,399.9951613657944,392.2570426100437,396.563720703125,16869890
2021-10-04,396.85220721511297,400.81079404384656,395.45974940080845,396.04656982421875,10215265
2021-10-05,396.8323138901428,397.43901570936737,392.9731949539706,394.3358154296875,13599035
2021-10-06,393.0825453523336,398.8413858312145,386.3291183044801,389.0444030761719,14896375
2021-10-07,391.4812445237005,394.3159089520619,387.7514308951464,388.3879699707031,11110650
2021-10-08,387.90061798747575,391.1132417251758,384.1210856458413,385.185302734375,9689170
2021-10-11,387.7017009540404,398.8414236819906,386.9060194820308,392.9532775878906,11880835
2021-10-12,393.8683075684315,398.6424567309712,390.88445675351915,396.8720397949219,9454510
2021-10-13,398.64244817071636,402.2230751423825,396.76263798140377,399.7066955566406,8712390
2021-10-14,399.43819345536684,402.9193529569766,394.8629491825908,401.38763427734375,8261780
2021-10-18,401.3876121746001,407.186245965824,399.4282155774578,400.154296875,10833895
2021-10-19,400.2139974556016,406.7884013240101,396.27532259379177,404.8787536621094,8476015
2021-10-20,406.201579898567,406.78840029074917,397.48875555083396,400.920166015625,8974465
2021-10-21,404.0134454702888,428.6799354130603,402.22311662317145,426.4420471191406,47477590
2021-10-22,428.66003685040533,437.95968132822196,422.2646266022446,431.9422607421875,29659130
2021-10-25,428.08313585321923,434.23981729753535,420.7329322623598,428.5804443359375,33886310
2021-10-26,428.5804282480504,445.58838378923707,422.45358432855244,439.8096618652344,53345005
2021-10-27,437.6314844624628,448.1744308406281,432.97668413979096,435.29412841796875,22752840
2021-10-28,435.29412224786256,435.6422442671382,415.829460350495,417.4407653808594,15511445
2021-10-29,413.2732872361011,417.1324057524433,400.8306198209122,404.0432434082031,23331725
2021-11-01,408.78758170414926,415.1133311726141,404.76932057728135,413.0644226074219,9832940
2021-11-02,411.00559736354927,416.4461536143604,409.78220751586406,413.0942687988281,7681030
2021-11-03,413.7606330365974,420.04661916944525,403.4166232813423,405.31634521484375,10336455
2021-11-04,405.8037330995185,410.1800417975785,405.6047975596196,409.1854248046875,1025885
2021-11-08,408.7875825421042,423.2294102974249,408.7875825421042,421.48883056640625,10609980
2021-11-09,421.7176105429122,423.1001427508337,414.41712536128733,417.1821594238281,8887865
2021-11-10,414.75525682400945,416.01840938882754,410.38887396316085,412.9748840332031,7228940
2021-11-11,412.36820195901055,413.3031443393611,407.30560522255547,408.6085510253906,7735765
2021-11-12,411.3736072110504,413.76068199807105,408.3996816689434,412.7063903808594,7172140
2021-11-15,413.7805415569575,419.3305212557857,413.76066014471587,417.2020263671875,9096640
2021-11-16,417.7192537744917,418.50497934106164,411.77143325583,414.3276062011719,7725535
2021-11-17,411.7714478481027,414.1286853379511,406.8978305022036,408.4096374511719,7233815
2021-11-18,407.79295788575877,410.2695444291306,399.6172051745025,402.7104797363281,13965995
2021-11-22,406.59943088107474,406.59943088107474,386.11034428734393,388.9847717285156,13741645
2021-11-23,385.5135493333572,396.4841734602663,384.45925775785855,394.4451904296875,16148125
2021-11-24,393.77876685889754,402.8098746421038,391.87904500341415,400.1144714355469,9737415
2021-11-25,401.8252775257473,407.3951389284479,400.44274529338776,404.8290100097656,15822140
2021-11-26,398.244629202087,399.2392461732977,388.9151171556029,390.7452087402344,13237765
2021-11-29,396.45435760954604,406.79836873909716,385.3544278176916,401.7457275390625,20859500
2021-11-30,402.4220117190328,405.7241471767179,387.2839409894084,390.2677917480469,21329080
2021-12-01,393.66940696858615,395.04198332175855,385.9114063027893,388.5670471191406,12928465
2021-12-02,387.413273423691,394.0573076309965,387.02535822807056,390.73529052734375,9664645
2021-12-03,391.22262211925806,395.8376592737154,378.9888459429182,380.7791442871094,17458620
2021-12-06,381.93293239487303,383.22592236843053,373.3792200257857,375.0104064941406,15406680
2021-12-07,380.34152967491366,390.6457774416957,379.9834821292568,385.3444519042969,36722375
2021-12-08,391.87911959301,391.87911959301,381.02784388269544,382.0224609375,25627975
2021-12-09,383.12651270175695,385.2947706589726,375.18945744831535,381.2068786621094,23272265
2021-12-10,380.93832955460266,381.9329466030481,375.6668713391632,377.3079833984375,15274610
2021-12-13,379.943702554053,381.13725512224545,370.44512213152274,372.6034240722656,20425550
2021-12-14,372.6034058013268,372.7824295717862,361.25482248991636,366.0986022949219,50556260
2021-12-15,367.13299784084734,374.3240892012333,365.3725367947628,371.46954345703125,26528735
2021-12-16,375.149620125217,376.15419297439956,368.1873013599853,370.1466979980469,15272310
2021-12-17,369.0028984723178,369.9875595665055,356.0728777711314,356.82879638671875,14675630
2021-12-20,354.0836509146342,354.0836509146342,342.6256740369448,346.6240234375,16345895
2021-12-21,350.31407789101326,351.6966102201237,342.3472156148657,345.4404602050781,11321155
2021-12-22,347.7181395357107,352.09444864596003,344.7641255744641,350.5826416015625,17269195
2021-12-23,355.0583773739392,355.8142656319507,351.5672620913045,353.2083740234375,9598245
2021-12-24,354.083655239331,354.083655239331,344.13748514833856,347.79766845703125,11357850
2021-12-27,346.74336830249234,353.8747854372755,342.34717822856425,352.78070068359375,8269165
2021-12-28,355.07826824054536,356.01321064680985,351.20919354923575,353.06915283203125,6428355
2021-12-29,352.890084046482,354.08363653567534,348.9315279854821,350.9406433105469,7059540
2021-12-30,349.90624105452764,352.08445466669997,346.8527899976494,349.1602783203125,12491975
2021-12-31,350.50302076980523,358.26105149414616,350.11513592790413,357.28631591796875,11064460
2022-01-03,357.46534379630975,363.65186275160085,356.3911707915614,362.9258117675781,9925545
2022-01-04,364.0298543825861,369.400780589701,361.1056777141993,368.5255126953125,13177875
2022-01-05,369.4007377571172,383.5939413900754,366.0389275313432,382.360595703125,21040835
2022-01-06,379.3668449859815,380.9383265546963,372.98139022979404,376.34320068359375,11290150
2022-01-07,376.34316067935157,383.0070759311194,374.6920929250419,378.79986572265625,11516755
2022-01-10,378.7998856147805,388.95491655433705,378.2229907644028,387.4928283691406,14310435
2022-01-11,387.5027734201277,388.74604461927254,381.97270555459545,385.2748107910156,13570095
2022-01-12,388.85545359063576,393.10248760423224,387.33369079566967,389.2135314941406,10746980
2022-01-13,389.8898276347304,391.26240382323766,382.4401567126225,383.196044921875,7435760
2022-01-14,379.744784849559,386.9060398885609,377.55664550947245,385.5533752441406,9143810
2022-01-17,382.3307510242497,388.4874323974084,381.654418780362,385.40411376953125,8382365
2022-01-18,383.92213841622856,392.8736908663479,383.92213841622856,386.33905029296875,10407280
2022-01-19,386.90603095492725,386.90603095492725,377.9743589532515,379.0783996582031,7608510
2022-01-20,382.92755106425744,382.92755106425744,373.37922164238427,376.482421875,7449105
2022-01-21,371.6386590723428,378.15341903914026,367.9188009742537,376.7112121582031,8769480
2022-01-24,374.7915708302451,375.5474590809685,360.0513401715778,364.2088317871094,12737170
2022-01-25,360.98630819773456,372.76257021993985,354.5212974865934,368.93328857421875,12845325
2022-01-27,366.0190267828593,377.66598242422697,362.2693319193641,375.8160095214844,18593095
2022-01-28,376.9598211483133,389.273183751058,375.6966685587247,377.61627197265625,24859820
2022-01-31,381.9329318218677,385.69258290535714,366.21799520593476,369.45050048828125,22583125
2022-02-01,374.37382760634637,378.9490718143984,364.8454102321877,374.4335021972656,15485430
2022-02-02,380.10283926841,387.50279223324924,377.33780520140243,386.4285888671875,13552540
2022-02-03,385.8914997159887,386.3987337261959,377.1686895360286,379.75469970703125,11198565
2022-02-04,380.73934015620034,381.53505189440244,374.02567602869703,374.8114318847656,8856335
2022-02-07,368.00826258686317,375.96519799414665,362.0405610314005,363.7214660644531,10269795
2022-02-08,365.024482138789,367.62041824599316,356.68958583723816,361.6029968261719,17846850
2022-02-09,365.1437937653743,367.5706617107376,362.56773933839077,365.0244445800781,8120290
2022-02-10,365.0244130816984,375.7463823662605,364.07951485746946,371.42974853515625,12540405
2022-02-11,368.82388492937463,368.82388492937463,362.43843040441027,363.68170166015625,9298775
2022-02-14,356.08282386233924,362.80641380182493,345.71890189138594,347.48931884765625,15134105
2022-02-15,349.3094905164407,361.8416400023834,347.33018211433244,360.6679992675781,10276375
2022-02-16,361.0658390441626,368.5752153281053,358.0621067425661,364.0397644042969,11348780
2022-02-17,365.02443161156344,366.8644790949795,360.1309027151602,361.50347900390625,14051145
2022-02-18,359.86237685266343,364.2287600827147,359.225837751939,363.3435363769531,6148340
2022-02-21,359.6534978328268,368.2668843255004,358.47985710799685,363.45294189453125,6719555
2022-02-22,356.07286555290005,367.8292451025951,356.07286555290005,366.3671569824219,15110375
2022-02-23,368.58515121674736,380.5106295806168,368.58515121674736,375.1894226074219,34579605
2022-02-24,364.89515795560453,372.8620503631454,353.43718028848053,357.0376892089844,24780215
2022-02-25,362.22955914100135,371.2407865208523,358.27097264689263,369.341064453125,19969430
2022-02-28,365.42226711677944,368.40611801379174,360.98628394881206,366.5660705566406,13562810
2022-03-02,360.40940529059844,361.91128668924097,353.1487132565707,359.25567626953125,14154775
2022-03-03,360.6381450385245,361.96100253871816,352.61157921694166,356.52044677734375,14810715
2022-03-04,352.0943994064212,355.26722989713295,344.873470654691,348.5436096191406,12745970
2022-03-07,336.8768038791315,344.3165199186177,334.2012816109655,340.5369873046875,13489675
2022-03-08,338.16979717880207,344.0380317062441,332.7093592844721,342.7649230957031,27182480
2022-03-09,342.76490632382684,347.7479472161928,336.5783873581371,345.94769287109375,34597305
2022-03-10,358.0620889690004,360.6480990155475,345.33100461364455,348.9812316894531,20942345
2022-03-11,347.1213380096948,354.0637756970776,345.3310395251778,350.70196533203125,12531700
2022-03-14,347.2108322022929,357.5349611416303,346.5245440691022,355.82421875,16583245
2022-03-15,354.8793737297124,356.0629705222889,340.9547341495709,344.88348388671875,24037275
2022-03-16,350.10515259958885,353.04921015661614,348.6629459376174,350.2046203613281,14636205
2022-03-17,356.07288637266055,363.55239529329975,354.59091675416613,362.04058837890625,16795035
2022-03-21,361.175294379826,364.0298404580367,352.691212153775,353.5068054199219,11988495
2022-03-22,353.50679906461454,360.7674912609133,349.1802089023585,359.6236877441406,16987280
2022-03-23,361.0459488918744,363.4827725339798,349.7073218568392,352.044677734375,16131700
2022-03-24,341.15365636349344,343.9186906149313,338.3687406977662,340.98455810546875,98550890
2022-03-25,343.73962863259857,344.49551688456194,340.5568422082973,342.5958251953125,15195750
2022-03-28,343.739630779815,343.739630779815,336.58833233980664,343.1826477050781,15351020
2022-03-29,345.72887495867747,346.305739462704,341.8995934414726,344.1374816894531,12928950
2022-03-30,347.9965914815516,351.8656357240478,345.33102527784763,350.7218322753906,16790770
2022-03-31,349.130459677945,353.83500916693197,347.51918494248355,348.8818054199219,14242040
2022-04-01,347.9766802614076,354.08364305674615,347.24067341305386,353.417236328125,11868865
2022-04-04,355.47611636100237,366.01906282834904,345.1321054386878,365.2333068847656,19987830
2022-04-05,365.23327096805656,365.63111166569485,356.90833219794405,358.4997253417969,10664355
2022-04-06,355.57556907890563,356.6696538236548,352.4425316737657,353.96429443359375,11745005
2022-04-07,352.2933497315144,356.4707228743578,350.70195647806383,351.38824462890625,21943915
2022-04-08,353.1387731786715,356.07290563176304,349.32940321409814,354.97882080078125,11908355
2022-04-11,353.0890228779593,359.28549750241433,350.7616228202584,354.7699279785156,9589710
2022-04-12,352.30330052811996,360.57852175691505,352.0944394443238,358.4301452636719,12061210
2022-04-13,359.593862933547,361.7422394408513,352.6414689943623,354.0041198730469,9618460
2022-04-18,353.20834267774893,353.20834267774893,344.13744156020425,348.1954650878906,9800705
2022-04-19,350.70196764943177,351.43797453186073,335.58377679002416,339.6617126464844,11947870
2022-04-20,340.7557924784687,343.5407079551918,334.86764644486567,342.4068603515625,16007725
2022-04-21,343.14284465204094,352.7806852387927,342.9538650049831,350.2742614746094,13653455
2022-04-22,346.1266733445306,347.89709017221844,342.42669734637093,343.6898498535156,11280190
2022-04-25,338.6671010665222,345.7089763323639,336.97623996246057,343.9087219238281,10746970
2022-04-26,347.3401812130272,347.71814056357,344.38616724304853,346.6638488769531,7273885
2022-04-27,342.9438897313893,348.51375035682616,342.9438897313893,346.425048828125,14112960
2022-04-28,347.9169737213671,352.69115297434365,344.61486873651745,351.22906494140625,11712485
2022-04-29,351.88556081767695,360.11103257138944,351.4976456138051,356.2220764160156,18443295
2022-05-02,351.20921159519395,354.173181328339,348.1259230260036,352.9597473144531,9897330
2022-05-04,351.6965671541133,362.77658443167974,351.6965671541133,353.2083740234375,28732370
2022-05-05,358.26104889525925,362.23951682145514,354.9390014659804,357.5846862792969,17840235
2022-05-06,349.1403766620075,357.05751885645475,348.1159224472234,353.148681640625,14237415
2022-05-09,347.1213003371696,354.8793000658497,346.72345964526534,351.5970764160156,10846810
2022-05-10,352.0943851832456,359.8126220969284,351.59707672959695,357.4951477050781,9949270
2022-05-11,357.66432372932826,361.64279222386295,357.26648295053593,360.04144287109375,13109420
2022-05-12,358.6191055794244,359.37502421772473,349.5084101538286,350.2842102050781,21411340
2022-05-13,355.0782389031335,357.0674727345237,349.309472933422,353.9941101074219,13685110
2022-05-16,354.2825808195476,363.03519811216415,351.32856717146177,360.6182861328125,15195905
2022-05-17,362.6373689857418,366.9937963589132,361.56316561392566,366.0787353515625,15103905
2022-05-18,367.4016022694544,370.79321965843263,366.1881682688531,367.3717346191406,26608920
2022-05-19,360.44918962155947,363.4927151701667,353.7554367325272,354.7599792480469,15541605
2022-05-20,360.2502836195592,365.99916857092745,356.95810383193987,363.8607177734375,13248360
2022-05-23,368.40616261783856,372.2851631829367,366.2677419534015,368.8636779785156,14130390
2022-05-24,369.5897398890108,375.96523871705887,366.57605149120457,374.4931945800781,17109500
2022-05-25,377.5267699986497,386.2097567070892,375.22920722979853,379.4563293457031,31263010
2022-05-26,380.9283677196531,382.3307813784471,374.7816417410861,379.6751708984375,24749145
2022-05-27,382.13186649115,387.90063299436065,380.540473208205,387.14471435546875,12201835
2022-05-30,386.95570510191277,388.2487253249869,377.0692103734361,378.59100341796875,19939000
2022-05-31,376.1840500359786,377.18862293794683,363.7016185923116,367.3816833496094,74151530
2022-06-01,366.0190574926089,372.78244097886886,365.0940709636293,371.01202392578125,11913225
2022-06-02,367.6502797948007,373.7770944262451,367.2126458420825,369.53009033203125,13321505
2022-06-03,373.77704134649485,373.77704134649485,368.6249327795923,369.7289733886719,9076875
2022-06-06,367.01364940488025,373.3791917249824,366.64564599506735,371.84747314453125,12940485
2022-06-07,370.79320148123065,370.9921370204175,364.4276588201734,369.6295166015625,8558195
2022-06-08,369.9975733110183,373.9959232567052,365.77045049765314,367.1131896972656,7328080
2022-06-09,365.77041922401224,372.5537147728642,363.5723240479268,371.0319519042969,6404340
2022-06-10,366.0190299708586,368.84373840758553,354.8892641040785,356.430908203125,14299750
2022-06-13,346.72350095209146,348.63314864205705,341.87972089733887,345.5995788574219,11747225
2022-06-14,345.251453880889,347.8474200774453,342.4665383762525,346.0670471191406,7755235
2022-06-15,345.72886263715884,348.1159372792708,343.9186524785144,345.4602966308594,8850845
2022-06-16,346.52455423301484,348.8221170581993,332.2020756068528,333.3558349609375,14866460
2022-06-17,330.4117889067697,334.9273283603842,327.945127749664,332.918212890625,15819320
2022-06-20,332.91822977338427,336.1507352789339,328.6214767089068,334.0321960449219,8837885
2022-06-21,336.18054610041963,339.96007856022777,332.70934248243935,334.48968505859375,12518015
2022-06-22,331.2074526348804,333.3657848258215,328.8203779658298,332.14239501953125,8859625
2022-06-23,333.19671714513055,337.17518540955,327.9849334317983,335.0069274902344,12454005
2022-06-24,338.1697556491391,341.13372502289894,336.2103590860989,337.8514709472656,8088605
2022-06-27,341.59125094189534,342.12835259885986,335.185915295521,336.4888610839844,10640560
2022-06-28,335.1660468533701,336.6480164670688,331.1477856832432,331.96337890625,13997215
2022-06-29,328.2235915034987,330.0039643320933,325.5779067901957,326.7217102050781,14664150
2022-06-30,324.642992739299,333.57466460188465,324.4440875451472,330.4316711425781,19910320
2022-07-01,327.2289909042883,334.09184208967537,325.438692457075,331.7544860839844,11502570
2022-07-04,331.5157611394929,335.0765066890569,330.2227712927592,332.3810729980469,9343905
2022-07-05,333.1966987871508,337.1353736529937,329.6061459459251,330.8195495605469,13210485
2022-07-06,334.58919486024587,340.6364839795594,332.40105539670026,339.0649719238281,27864745
2022-07-07,341.75040290448584,346.9223930264277,341.36248770985685,345.8283386230469,15850325
2022-07-08,349.11057752601494,349.39902496363646,344.5751262975309,347.0716247558594,8890745
2022-07-11,346.72345767928886,347.5191390585858,343.7794001519316,346.3753356933594,7665895
2022-07-12,342.4466261272541,345.92778567979553,340.5469343394877,341.93939208984375,9144160
2022-07-13,342.9439019970839,347.31028484702614,342.82455282316926,346.53448486328125,18067340
2022-07-14,346.1267122980638,353.48687194868415,345.5398919167363,352.1043701171875,32854910
2022-07-15,352.5519192100784,356.0728717480758,352.09440390731515,355.6153564453125,11668660
2022-07-18,358.06208710369646,368.00825618991024,356.91828372944167,367.1429443359375,15585190
2022-07-19,365.0244212146028,368.4061127791733,363.64188908238015,365.01446533203125,14475875
2022-07-20,367.2623092160835,368.008271929454,361.6626109245207,363.58221435546875,12857345
2022-07-21,363.03523135936996,363.03523135936996,355.6352779138078,358.1715393066406,10933370
2022-07-22,358.2610401632573,366.4168810011933,356.01319612668755,363.45294189453125,16747900
2022-07-25,361.2449208018858,367.7696061511913,355.09816443072594,357.1769104003906,9432575
2022-07-26,356.2718146169239,357.0575401772753,348.51378395572556,350.4234619140625,9012235
2022-07-27,350.3339320679305,350.3339320679305,344.60492883992504,348.9315185546875,17398225
2022-07-28,353.0492382017641,364.3978216978195,351.09979740067354,363.7314453125,10772005
2022-07-29,365.55160278559475,369.3808844947039,358.7882189940722,360.1210021972656,11939990
2022-08-01,361.0459471479775,370.3953402596618,360.44917091674233,369.1520690917969,8277685
2022-08-02,368.34645540132647,376.5620015179613,364.86529590828485,374.89105224609375,16788030
2022-08-03,372.9813799250521,373.9362037587356,366.01906083311786,368.22711181640625,12678395
2022-08-04,369.3212097261327,369.79860648328855,360.89680211138074,365.13385009765625,11805930
2022-08-05,366.96393516027564,368.0082708145101,362.5677148940123,364.80560302734375,8322855
2022-08-08,364.02983178105103,367.90883211461477,361.40402826091383,366.9142150878906,7779625
2022-08-10,367.61043651062255,367.8590907519916,362.249436497122,363.70159912109375,8286635
2022-08-11,368.0307647002936,369.5534435518959,364.84609258814714,368.9264831542969,13891690
2022-08-12,370.2202619353701,370.2202619353701,365.5427357246536,366.4782409667969,6982610
2022-08-16,368.3194106587152,370.5785395840862,365.9507922024572,367.5033264160156,6568120
2022-08-17,369.02598998230894,369.02598998230894,364.47787706217485,366.1796875,16916670
2022-08-18,366.04033503870164,380.57049083823404,364.6470390845709,379.0776672363281,18306580
2022-08-19,381.96381052196347,386.6313750369555,372.40976317347713,373.60400390625,22819530
2022-08-22,363.64190379057834,365.84132213226115,360.5268735794904,364.6570129394531,20813785
2022-08-23,363.0547023712005,372.0116443412621,362.25854190026956,369.37432861328125,11071500
2022-08-24,368.4288780265987,372.9969146153428,366.51805044785567,371.73297119140625,7078125
2022-08-25,373.2257966034015,379.2667634460714,369.45395080903455,371.9618835449219,11022045
2022-08-26,372.6784428745937,383.55614372582994,371.99174157781505,378.59002685546875,16715440
2022-08-29,369.8221791568212,373.79308028452454,367.23461212983005,368.2298278808594,18198365
2022-08-30,371.1856235089064,382.1628521353264,369.623127475321,381.2572021484375,19429250
2022-09-01,373.2059085276169,383.25759373827566,373.2059085276169,378.749267578125,21039210
2022-09-02,381.5558034657655,383.9542468376821,379.05780206709017,381.9339599609375,16656880
2022-09-05,380.3715028652096,389.5274702900723,380.3715028652096,385.7257385253906,19033850
2022-09-06,387.12896414768295,388.1241798958168,380.1724157871311,381.3069763183594,13839270
2022-09-07,378.18199671563207,381.18753743997337,375.3356941608127,379.8240966796875,9881290
2022-09-08,382.18273854491804,385.74562791155824,380.570493901335,384.1632385253906,12060915
2022-09-09,388.1341392037896,388.2734839859619,381.4661815867871,383.4267578125,14089865
2022-09-12,383.15807019455593,386.93987795953456,381.71499518415425,382.9590148925781,7418405
2022-09-13,384.7504272737032,386.14372329374703,382.1927154255949,382.839599609375,7922905
2022-09-14,376.5895977779542,393.66750206235497,376.5895977779542,389.0696105957031,18712145
2022-09-15,391.61738069344796,395.5385330086431,382.75996697571253,384.9792785644531,18737490
2022-09-16,383.40689031995316,394.1054602639882,380.1923323239315,384.2130126953125,25844110
2022-09-19,382.7799273771301,386.1437619151216,379.68482056487943,384.0538024902344,8379560
2022-09-20,386.93987271605215,390.46294498660785,384.7504162818407,386.0939636230469,8063650
2022-09-21,383.5561675034917,388.1341663086266,377.86353184943545,381.86431884765625,11191380
2022-09-22,379.28667209127826,383.07847216246375,374.4399760924975,376.7389221191406,9286135
2022-09-23,372.23062096620157,375.9328251399115,366.6176193702025,370.7577209472656,13068795
2022-09-26,365.4432531722657,369.822196609127,361.5917425219027,364.0499267578125,11425880
2022-09-27,364.68684194962646,365.2143050534666,356.6952611282902,358.1383056640625,13700720
2022-09-28,356.2872472661903,359.87003012865694,353.3214933244533,356.80474853515625,8855585
2022-09-29,358.6757602923851,360.2681116113914,350.2662051918047,351.3708801269531,13998135
2022-09-30,351.90830437458555,363.5423792226661,349.8581623062953,362.09930419921875,14023265
2022-10-03,359.87000608372364,360.86522179171425,352.96320664054286,355.07305908203125,12200320
2022-10-04,359.8700497124828,363.811095889877,358.67577856947764,362.7064208984375,8344610
2022-10-06,363.2537457185586,366.23939294364266,360.63632345844974,362.0395812988281,8740755
2022-10-07,360.3676200832779,364.24895533631735,358.7155583352511,363.3333435058594,5319220
2022-10-10,358.4966180562628,362.60686395606496,357.19288785575657,359.9197692871094,5188610
2022-10-11,360.23824386981556,360.23824386981556,354.9536507018461,355.8692321777344,7483590
2022-10-12,355.88913181450516,360.8652101945414,354.33659778965966,360.3078918457031,5175590
2022-10-13,359.2728961038631,361.44245921220977,356.8843843093436,358.57623291015625,5864895
2022-10-14,363.8508947864882,369.82218945900746,362.7561513555446,365.0451354980469,8351190
2022-10-17,363.86083225712116,370.6581731455305,362.3082980465383,369.85205078125,5521415
2022-10-18,371.70312526111286,373.3850423287575,369.24494111390726,370.1605529785156,8049290
2022-10-19,372.0116569499521,373.69357409550645,369.22506483567184,372.0813293457031,4566430
2022-10-20,370.2202546949917,374.7882912897845,369.294711347432,370.9268493652344,7955535
2022-10-21,372.21068460889296,383.15805768562507,371.47423468445277,378.7094421386719,19709855
2022-10-24,378.6796243897551,381.1676639718165,376.19158480769363,377.3460388183594,3245405
2022-10-25,380.3714847415616,380.49090577617324,366.63748870128916,367.5531005859375,17558250
2022-10-27,374.9375510806213,375.7934523712314,368.12034786958,371.2154541015625,22967460
2022-10-28,373.0068476132822,377.1569106171355,372.41967397062587,375.04705810546875,15243435
2022-10-31,377.9829253817564,380.57049237650034,375.99249390450314,378.57012939453125,9371740
2022-11-01,379.77437202774644,386.44229995754637,378.85876008805445,380.0132141113281,12727085
2022-11-02,381.91403446323767,382.1628383944841,377.6843676320487,380.1624450683594,9320405
2022-11-03,379.13739641691535,380.7695648803786,376.90812278055137,378.21185302734375,7959355
2022-11-04,379.37626052714006,379.7743407575245,377.0474289176629,378.1720275878906,10407065
2022-11-07,379.7743719401456,380.1724522032157,372.53913332035347,374.7186584472656,13123005
2022-11-09,377.783928561535,378.89856541226635,374.34049035375926,376.8683166503906,11613170
2022-11-10,377.1867591549145,381.16762204837005,376.5299131329055,380.600341796875,12550620
2022-11-11,384.75043049377655,384.9295620468009,376.3707001783643,378.00286865234375,17120150
2022-11-14,378.7492830164823,383.8945316770289,378.38105803117764,382.7201843261719,10711335
2022-11-15,383.1580793426689,384.81014119948867,377.2464951173702,380.650146484375,9951460
2022-11-16,380.9685753760002,391.8463065609155,380.95864387121185,391.2989196777344,32188255
2022-11-17,390.88096799796034,391.11981007146613,386.79061525971866,388.2436218261719,12043355
2022-11-18,390.3136933933663,397.598680457281,387.7161643198102,390.0350341796875,21360200
2022-11-21,389.03977501156305,389.03977501156305,384.71058061910276,386.95977783203125,5963050
2022-11-22,388.9004489648231,388.9004489648231,384.1731741368724,386.0939636230469,5833775
2022-11-23,388.2336840684525,390.4231405740053,387.26832354147894,388.80096435546875,12502815
2022-11-24,389.02982892426394,389.38812238593863,384.7603448711213,387.10906982421875,7002105
2022-11-25,387.9350924354795,387.9350924354795,382.16285315622883,383.8348083496094,10487705
2022-11-28,381.3666976498882,386.73089489125095,381.3666976498882,383.7850646972656,7822520
2022-11-29,384.4717499966087,385.9446498464567,382.80972635582947,383.26751708984375,6817525
2022-11-30,385.94468380292557,389.12938658344115,381.36671531685226,387.5469970703125,14753670
2022-12-01,389.1293322640689,390.47287951116215,383.7253183916251,385.0091247558594,12355025
2022-12-02,381.5856489902838,385.1286147490492,381.5856489902838,384.3125305175781,7954840
2022-12-05,386.54183034567325,386.9299791058116,382.1628866768169,385.8352355957031,6227545
2022-12-06,382.2723054656975,386.7607381972765,382.2723054656975,385.1982421875,6833490
2022-12-07,384.6509096160344,384.6509096160344,379.27675032960815,380.4610595703125,11811400
2022-12-08,377.963025701014,379.13737296384204,373.62389973128035,377.5848388671875,63099190
2022-12-09,380.96854701042724,381.51593385285184,374.05181631446914,375.8033752441406,13242275
2022-12-12,371.21550031286347,374.141437249077,370.8174200597655,371.3647766113281,16407235
2022-12-13,370.9666727764429,372.5590240591879,369.86199786645034,371.9121398925781,34697825
2022-12-14,372.42962177346556,373.3949822207101,370.96665347447794,372.8476257324219,18735705
2022-12-15,373.3153926950209,374.5594124734638,369.20517685916985,370.85723876953125,10208995
2022-12-16,369.16532394910024,369.6131831745716,365.2839886907856,366.3488464355469,12439140
2022-12-19,366.34887174479576,371.01643625339926,366.33894023951655,369.85205078125,8568235
2022-12-20,367.23458394378264,370.60837965918176,365.19440395939046,367.652587890625,7052930
2022-12-21,370.3198204680468,370.40938624913736,360.06907908397335,361.1837463378906,11914345
2022-12-22,363.4528065322121,365.24418274582337,362.0594801754316,363.4627380371094,8570465
2022-12-23,361.4523964787356,366.07018158418595,360.6562360586289,362.64666748046875,10510630
2022-12-26,362.64668649212894,363.4727022120039,357.1232207840131,360.9747009277344,23733690
2022-12-27,362.7860147101209,363.8409410294155,359.6709843936551,362.43768310546875,7741430
2022-12-28,363.1343131691583,364.527609089016,361.31305141155207,362.2784118652344,9521340
2022-12-29,361.14390224991587,362.25853904907643,358.4767312845567,362.0097351074219,10772450
2022-12-30,363.2736332766287,365.8413068571246,362.71631489993894,363.70159912109375,13463440
2023-01-02,363.8110894576031,364.84612240513616,361.55196050028775,363.26373291015625,5625005
2023-01-03,362.70640108011605,365.5427417395159,362.4575971365494,364.8162536621094,8317240
2023-01-04,365.224283954593,365.224283954593,361.05432756563965,362.4078063964844,8320520
2023-01-05,362.2585573029857,364.8063073641817,359.5018204243102,362.3182678222656,8663090
2023-01-06,363.4528175695142,363.4528175695142,352.43577151798894,355.6502990722656,18998275
2023-01-09,358.4767078119633,361.462354916322,356.088165831218,360.6462707519531,17134340
2023-01-10,359.979504452864,361.46239667200024,356.06831358351576,357.3919372558594,7370655
2023-01-11,358.27767956313886,359.1036952941941,355.1129006828425,358.6459045410156,8018505
2023-01-12,359.6709830270763,359.6709830270763,352.7841067186629,354.1972961425781,17648025
2023-01-13,354.1972986919501,355.7498329170017,350.1169078198218,354.3565368652344,19915985
2023-01-16,355.6901251702533,358.0786370449782,354.2968291076284,355.2522277832031,10590805
2023-01-17,354.296825952869,358.66583790744204,353.62008649584516,357.8099365234375,10661970
2023-01-18,358.8648770423861,363.6518628156172,357.48154281437746,358.09857177734375,14176160
2023-01-19,358.9743341176344,358.9743341176344,351.31116067385256,351.7689514160156,22128220
2023-01-20,354.07786052746764,354.07786052746764,349.7188106558413,350.8931579589844,21351470
2023-01-23,356.2872631818829,358.2080224232661,352.3063999061077,355.0432434082031,38823135
2023-01-24,356.82466299962135,356.82466299962135,348.0767080655695,350.3656921386719,20795940
2023-01-25,349.7188187181046,350.39555815874684,344.9417951268269,348.28570556640625,21401665
2023-01-27,348.7435364790762,348.7435364790762,339.16953490288086,340.9808349609375,37584895
2023-01-30,340.98084409935245,344.4640995174711,335.15882539761014,343.5982666015625,24697780
2023-01-31,344.44420403237035,346.05644881375036,340.97088014111506,344.5437316894531,21926920
2023-02-01,347.33027935994073,355.09294967265123,342.5034771397931,347.27056884765625,18260490
2023-02-02,342.35424831789555,351.9083264382918,342.35424831789555,350.664306640625,20922350
2023-02-03,352.4258157750796,355.03327632301045,347.3701328525022,354.3565368652344,13376060
2023-02-06,353.30157708802386,353.94846122527883,346.3350671172741,347.7283630371094,15201045
2023-02-07,348.76340978259924,354.29680692164965,347.73833877518894,353.3811950683594,18215935
2023-02-08,354.0579832428531,354.2968253162968,350.5349108016778,351.41070556640625,7233450
2023-02-09,351.8983609740444,353.3414360732592,347.9174976620884,352.48553466796875,10819125
2023-02-10,351.88837042589654,354.0281085789939,351.3111586561864,352.71441650390625,7229710
2023-02-13,353.3215101191972,355.18258921807455,350.6443771288478,353.0627746582031,11945710
2023-02-14,352.30636520801374,353.69966114299626,351.0623455568555,352.37603759765625,8074465
2023-02-15,351.99785126952384,356.2872286031487,350.36568290650604,355.39154052734375,12046460
2023-02-16,357.0834140300908,359.0539522320684,355.0034166693468,355.87921142578125,11458010
2023-02-17,354.9138245357971,356.56588627246185,348.5344881380718,350.1666564941406,12939545
2023-02-20,351.91823946586413,351.91823946586413,344.3645552956413,345.79766845703125,16124195
2023-02-21,347.33029051227356,347.33029051227356,343.359389459991,344.38446044921875,14684670
2023-02-22,343.140451457137,343.56838694608433,337.9752792170146,338.4828186035156,17695745
2023-02-23,339.8462877998815,341.11020087812113,335.9350667905672,339.7965087890625,13850550
2023-02-24,340.96092960281453,343.20016509008576,337.1790914458114,337.8359375,10401815
2023-02-27,338.0350015537385,344.3048489317749,336.5421778569131,343.5385437011719,11718990
2023-02-28,343.53852749495024,346.61374052075024,342.68262615592755,344.19537353515625,21975490
2023-03-01,344.195364211611,348.4449244192244,343.5484800653409,347.3103942871094,28066930
2023-03-02,345.4592950761255,347.59900291878876,341.9561464807003,342.6925964355469,20599675
2023-03-03,344.74272858990554,351.3111585925802,342.33432349092186,348.5245666503906,18131345
2023-03-06,349.57949291218915,351.23155469633525,346.6237009295642,348.5245666503906,25934230
2023-03-08,345.53890039303974,347.19093171468984,343.7176386686939,346.3748779296875,26013040
2023-03-09,346.19575215869196,347.2407469672578,341.1002521435,341.6973876953125,34641580
2023-03-10,339.766680197497,341.0604790067155,336.7810326907148,338.2340393066406,24380720
2023-03-13,338.17428613986857,343.01105028412286,331.6456735114057,333.1783142089844,44894690
2023-03-14,332.9992062388036,333.9048562436726,327.12743920800665,328.0728759765625,70694930
2023-03-15,332.0039893789037,335.98485248807145,330.73011439883305,331.595947265625,23461815
2023-03-16,332.4020619246997,334.1635828759829,328.0629358144576,331.11822509765625,18160315
2023-03-17,334.3129050442043,339.6074300200984,332.6309879117502,336.9999694824219,44641505
2023-03-20,335.7857858035725,338.96052645526186,334.6014766390075,338.3036804199219,22319685
2023-03-21,339.876130667996,340.75192536210915,336.78099398182684,339.7367858886719,9025900
2023-03-22,340.36382862943117,341.0007813666274,336.80096916692156,339.3984680175781,16630495
2023-03-23,338.20416781084754,338.37336785826994,333.39728891917775,334.3327941894531,28210755
2023-03-24,333.6062561868781,340.154792695172,333.3972693877205,336.81085205078125,27403045
2023-03-27,338.5027058216446,340.9310344511991,336.99992046268375,339.4083557128906,14186020
2023-03-28,340.1547816982935,340.3239513587608,335.4772557721607,338.1543884277344,11858260
2023-03-29,338.3932455173619,343.74751106649984,337.37813639471966,342.5632019042969,14105000
2023-03-31,343.44898830513733,346.4644910490091,342.5533001342839,344.9119567871094,17828775
2023-04-03,345.1408337845443,348.7634339430532,344.98162598053597,347.46966552734375,12184330
2023-04-05,347.3303022179114,350.2562389986995,346.1459930270413,348.7037048339844,12631750
2023-04-06,348.32554965202473,350.6046024666469,346.2057350189757,349.73876953125,7786775
2023-04-10,349.7486697339452,351.9083013119906,348.25584608333287,350.1766052246094,6265855
2023-04-11,367.6725173939172,370.021212038481,363.452812237745,367.5331726074219,46468815
2023-04-12,366.6374901090224,368.4189348730206,364.54753088056776,367.0455322265625,17043565
2023-04-13,365.8412982436051,373.0665435897088,364.44800233468516,372.11114501953125,14620580
2023-04-17,375.98255599356463,380.928779345125,363.47268708300123,377.21661376953125,51771495
2023-04-18,378.3710438164129,379.0975621812324,375.3754349639875,375.8531494140625,14863605
2023-04-19,375.85319207245453,375.86315394907786,373.4348250358376,375.17645263671875,9383280
2023-04-20,375.0569944510573,378.85872592028176,372.6187340768517,374.9972839355469,11613885
2023-04-21,374.5991906686936,378.9084917413263,373.63383020611354,376.9180603027344,8356705
2023-04-24,376.2313552424277,378.58004973798694,373.71346071279766,377.6346130371094,10087030
2023-04-25,378.58007213132305,379.5752878994767,373.60399329055497,376.0522155761719,23692095
2023-04-26,373.7035366584974,377.0673709557811,370.8870892796646,373.9224853515625,15797590
2023-04-27,373.58407390663115,380.7695324674386,373.574112030739,379.89373779296875,25306465
2023-04-28,379.3762481023233,386.8005489377752,377.40571002483085,385.75555419921875,21838060
2023-05-02,381.76479384320265,385.63616758184156,376.1915791883197,382.39178466796875,23028855
2023-05-03,381.96379646469353,384.91958848617867,380.7098452600095,384.3423767089844,17245035
2023-05-04,384.14332267662024,388.3530962882624,382.5111846183698,387.65643310546875,17257895
2023-05-05,388.5620957607759,392.91118392780305,381.26717734301224,383.89453125,17421090
2023-05-08,385.3276237881355,391.8164498652944,382.36190031409217,389.8956604003906,19354705
2023-05-09,391.0899418170008,392.11501284383615,387.7659247943349,388.9900207519531,18115375
2023-05-10,390.1245800268858,390.9207404905556,384.48169327371824,389.8658142089844,19562195
2023-05-11,392.1150264647,394.10545807111976,388.5023882395959,389.716552734375,22059120
2023-05-12,388.9303263963195,391.7169488872434,386.8702527520336,390.2440185546875,16085405
2023-05-15,389.5373871211534,393.5082881098749,388.61184379426805,392.7121276855469,14858460
2023-05-16,393.70738544109105,393.70738544109105,385.74565886137873,387.5469970703125,22847485
2023-05-17,388.094312994736,388.3132616676196,377.2962163771304,380.0032043457031,27410085
2023-05-18,382.9590029224524,384.87979237461775,380.4112530689611,383.6357727050781,20726140
2023-05-19,384.1532980054613,387.5071703850724,382.8595296167676,386.4721374511719,19734635
2023-05-22,387.1389313421356,388.63175498484304,382.88937097299527,386.18353271484375,17004400
2023-05-23,386.18355358421536,386.18355358421536,381.16765736961815,382.46142578125,21677620
2023-05-24,382.55103452217355,386.1437491563276,377.6645210622297,380.24212646484375,17787685
2023-05-25,381.764730412793,384.8598365140338,379.6847333434415,384.1432800292969,29833785
2023-05-26,388.1241566831277,388.1241566831277,382.85948755789923,387.14886474609375,16477060
2023-05-29,390.74159535560244,392.7718439504146,387.78580342035156,388.7710876464844,18877545
2023-05-30,389.69663440910006,393.92630130201746,388.60189102132426,393.0505065917969,37148525
2023-05-31,395.0906924255304,410.90468533350423,388.9104110977948,400.94256591796875,442990630
2023-06-01,391.7169223672431,393.9362340354652,383.1580609064466,384.1632385253906,29837160
2023-06-02,387.12895524132875,388.40283015477013,383.75518972599104,385.8948974609375,17790360
2023-06-05,387.13890927683457,388.4326775448118,382.61068996734144,383.1381530761719,12029545
2023-06-06,385.12860706596905,391.39845422694907,384.18313994208046,389.93548583984375,20564205
2023-06-07,392.5131188129785,392.5131188129785,385.34758303189705,386.0243225097656,15502070
2023-06-08,385.5266956862059,385.5266956862059,374.11156941640235,375.4949035644531,27458070
2023-06-09,370.61836353545834,377.72421903490465,370.35962807615783,372.6087951660156,70984620
2023-06-12,373.1760629219248,374.99729443915254,371.10602745924336,374.0916748046875,14075865
2023-06-13,373.2755962038627,374.79827515814,368.6279250692024,369.4141540527344,47809135
2023-06-14,369.4141472525886,371.8026590466829,367.5132814710571,371.14581298828125,27892715
2023-06-15,371.8026382122114,372.0116250099453,363.99018871442206,364.94561767578125,24190940
2023-06-16,365.6323300046427,370.5486678816947,364.8461010558789,369.7027587890625,15988285
2023-06-19,370.98656582127404,371.90217767878363,361.8604543618189,363.1641845703125,38049565
2023-06-20,362.25852957234514,367.6326884971805,361.32302434647085,367.0355529785156,23114525
2023-06-21,367.64266865332496,368.18009368400243,365.46314364335166,367.3440856933594,11995540
2023-06-22,367.3440460952974,367.6923776585875,364.32854379131453,365.4631042480469,17141050
2023-06-23,364.8460837046731,367.34405447276777,363.0347838315151,363.9603271484375,12920315
2023-06-26,364.6371403487982,364.6371403487982,362.2386665682698,362.8457336425781,11068395
2023-06-27,363.7911688105763,367.6326869749664,362.3879109775752,367.1748962402344,10693325
2023-06-28,367.4336583042153,367.85163190118647,364.12953480367105,366.3488464355469,26699910
2023-06-30,367.8118186530673,368.3392817787227,364.83613331885795,367.5431213378906,19673600
2023-07-03,369.4241084318806,370.0212136005955,365.84132556171505,367.025634765625,16042700
2023-07-04,368.2298230850883,371.88227820728974,365.4531626718384,370.5586242675781,32877935
2023-07-05,370.77756582079957,371.7727815397456,368.8568067724114,371.18560791015625,15595925
2023-07-06,370.22025830457153,374.7684015627061,370.0311648827008,373.6636962890625,18271205
2023-07-07,372.60876313130126,373.08647761533143,368.32934764215264,368.9264831542969,10382720
2023-07-10,368.82695990056095,373.0765201833028,367.2346086397324,371.5936584472656,17187710
2023-07-11,373.00686599605274,376.94794239254384,370.87711999837126,371.5339660644531,20483785
2023-07-12,373.18598425619285,376.37065618907593,371.79265801576116,373.8229064941406,21775415
2023-07-13,375.99248857729947,378.5004516409121,371.5040863123572,372.1509704589844,26326850
2023-07-14,372.2305758724178,375.6640822846731,370.2202510344382,372.0116271972656,35659580
2023-07-17,372.4495392320839,378.07253261755756,371.54388923877383,377.5948181152344,16649280
2023-07-18,377.2564363792065,379.7743309767206,374.0717338750012,376.3607482910156,28978225
2023-07-19,377.1469416061386,381.1676216281366,376.50005746098003,379.49566650390625,16888935
2023-07-20,378.38106289897706,390.6023118240779,376.76878777555487,389.507568359375,46527925
2023-07-21,388.51229221477,395.6479714522395,388.25352642559614,392.15478515625,19248750
2023-07-24,388.1341266214448,388.1341266214448,375.83327503302803,377.6346130371094,35165465
2023-07-25,378.38105706365417,378.58008199952775,369.5136806936762,373.3054504394531,39724580
2023-07-26,374.20110235553585,377.76396119000344,373.33526955794144,377.2464599609375,12310365
2023-07-27,375.99248809241664,378.69947607449944,370.7278187839964,372.95709228515625,31450005
2023-07-28,372.1311129979364,375.35560253773855,370.43923395430534,373.57415771484375,11510165
2023-07-31,371.4145724139239,373.205948819627,368.06066944173944,369.5335998535156,20126035
2023-08-01,368.2298278808594,371.36475142228693,367.11519109915844,368.2298278808594,22339710
2023-08-02,366.34886744778214,367.8118358642382,361.8703964224972,362.9949951171875,20902255
2023-08-03,362.2784047632745,365.015247912461,359.4420643422848,362.9053955078125,35076460
2023-08-04,364.34966577593883,367.0987326682345,360.7938431960225,366.2421569824219,27217660
2023-08-07,367.5370032406234,367.5370032406234,363.8317509351798,364.857666015625,18541550
2023-08-08,364.84771916915355,367.06888883663333,362.9652282535391,364.1505126953125,20448115
2023-08-09,365.34570437463,365.34570437463,361.90940112392144,364.8476867675781,13121620
2023-08-10,363.7022710799668,365.02701500503025,357.77587948881205,358.7420349121094,25560495
2023-08-11,358.1742494279723,358.57265741244777,354.98692475900714,356.86944580078125,21328080
2023-08-14,356.3813635630794,359.04079078099835,355.5845476038318,357.3973388671875,16499595
2023-08-16,355.9829776794952,356.5507250439042,354.09051686138093,355.8236083984375,9419700
2023-08-17,354.98698368847135,356.0627188613709,351.202061612769,351.73992919921875,25658695
2023-08-18,350.02671210832546,352.27773104691977,347.9150918984111,348.7716979980469,20566460
2023-08-21,348.8115522704337,353.1144013942817,348.38323401698,350.67413330078125,19777340
2023-08-22,352.3972380571246,352.99486525043034,350.295618396621,351.221923828125,16644060
2023-08-23,352.55662028974575,354.9670389125694,349.40914532615824,354.5985107421875,16691425
2023-08-24,356.3813730355914,358.37344338323936,353.8414955009727,354.77777099609375,20618955
2023-08-25,352.8355033783596,356.45111605733933,351.9988374488029,354.35943603515625,10216750
2023-08-28,354.35943040325964,357.8953735836671,353.52276448700013,356.65032958984375,9902680
2023-08-29,357.9650915406616,358.0846108966751,354.3892985593001,355.2060546875,13543460
2023-08-30,356.77983601500864,357.1682739533526,351.60044059547874,353.5726013183594,12979480
2023-08-31,353.5725817956062,355.3455232134633,349.46889129004626,350.3553771972656,41570050
2023-09-01,351.3813195796062,354.5088849021446,349.47888857581864,352.81561279296875,13476050
2023-09-04,354.070619224841,356.3813978878531,350.0665380930319,351.04266357421875,23488415
2023-09-05,351.60040900327596,355.1861416333337,351.2219107816892,352.80560302734375,21286715
2023-09-06,352.7957095300331,353.9909336321322,350.6442696703531,352.65625,31101115
2023-09-07,353.5925220843046,357.04876569913284,352.05861925210655,356.38140869140625,11040445
2023-09-08,357.9750446953828,359.56870709423043,354.897299575878,357.21807861328125,11930910
2023-09-11,358.57267058696334,360.86353937930284,357.6264249920594,360.1463928222656,11584510
2023-09-12,362.35758441353164,362.35758441353164,357.85551636645437,360.80377197265625,17044830
2023-09-13,358.6921878970437,365.7441340670366,358.6921878970437,363.4731750488281,29659350
2023-09-14,364.1504639477013,364.8974903246195,361.3615472359248,362.8655700683594,12797115
2023-09-15,361.79984251882024,363.2441058220313,360.7639877213536,361.3416748046875,20607700
2023-09-18,360.7639558370006,360.9631446358702,357.37741189382024,358.2439880371094,19850560
2023-09-20,355.9730821871053,359.2599866267788,353.73200268825906,356.4710998535156,26840715
2023-09-21,355.3853350242148,356.7399586560217,348.8115272467296,349.747802734375,23923755
2023-09-22,350.2060158241965,352.57658468990496,349.040641154473,349.8972473144531,18550615
2023-09-25,351.4012467855096,356.44118304498846,349.9669535009495,355.465087890625,11132835
2023-09-26,353.8116516768966,354.94711608441514,349.34940270117363,351.4211730957031,18280835
2023-09-27,351.4012110168151,352.8155943938883,348.61232457881755,351.63031005859375,15021030
2023-09-28,351.0426475055466,352.97495822079156,344.4289592025265,345.2656555175781,41315985
2023-09-29,347.4170635482368,347.4170635482368,345.21583428028833,345.763671875,17858645
2023-10-03,344.62818447315186,345.6242196883922,341.72971834921265,344.04052734375,27674345
2023-10-04,341.64008131759095,344.030559772275,340.4448268919575,343.04449462890625,31104895
2023-10-05,344.62818697961853,348.01470065674914,342.86521557859083,345.4748229980469,14834005
2023-10-06,345.68394363516086,348.0146621502997,344.6679987634068,347.3971252441406,9961615
2023-10-09,344.6281729460851,345.38516941125425,342.0484454724889,342.49664306640625,9197565
2023-10-10,344.1301615714684,352.33748189188174,342.7556281321293,349.8274841308594,16844910
2023-10-11,350.61437714225093,354.5785779728416,350.61437714225093,352.8753662109375,17499220
2023-10-12,353.59250740101254,353.9710056526697,350.85341051269484,351.371337890625,11919135
2023-10-13,349.6083643798891,352.58649997918167,349.0406170058017,351.0028076171875,10619635
2023-10-16,350.8036097183429,351.03267836060854,347.90514363776396,348.5625305175781,7899785
2023-10-17,349.6083989447055,353.5526903191915,348.77173291960764,352.9052734375,16086785
2023-10-18,353.1941139796869,353.632371931651,347.63622013277154,349.2896423339844,15258400
2023-10-19,347.0186388450794,349.28959776247575,345.74371507384956,346.31146240234375,9965895
2023-10-20,345.32543933960955,353.233961793883,345.1560999696676,352.5168151855469,20361915
2023-10-23,352.39724619434344,352.39724619434344,343.12416079320906,346.7696533203125,37732210
2023-10-25,348.4131055528126,350.95301358539956,343.03452147877914,344.2397155761719,17563340
2023-10-26,344.1700269681595,344.1700269681595,336.4606935044269,337.6260681152344,31396400
2023-10-27,340.2456141658379,340.2456141658379,336.4606623484727,339.1898193359375,14874150
2023-10-30,339.0503768341092,342.8153886835008,336.3411598675864,342.1380920410156,7557815
2023-10-31,344.1700136867849,348.0146949926411,342.00860391467523,346.500732421875,24196680
2023-11-01,344.8273774390296,345.8134425001875,342.20780015880194,343.5126037597656,12640525
2023-11-02,345.62421134313604,350.335468740237,345.0465243067415,346.1620788574219,12752790
2023-11-03,346.62028851590895,347.4669246102793,344.6481276557201,345.275634765625,7794790
2023-11-06,347.41706128776934,348.0146884796655,345.02658291676636,346.66009521484375,5933425
2023-11-07,345.654123808359,349.48886573570996,343.85130237386716,348.8613586425781,17998015
2023-11-08,349.2099796520118,350.79367211959726,346.6202818120302,347.8653259277344,18214185
2023-11-09,347.79557236655324,349.9470120988827,346.4409790517066,347.6063232421875,9718555
2023-11-10,345.54455320369976,348.4629291141568,345.54455320369976,347.7059326171875,8173995
2023-11-13,348.8115614956156,349.05060023198934,345.3254380727731,348.2537841796875,14276385
2023-11-15,350.8036150610367,353.0546339784118,348.64220526888505,352.4968566894531,17161355
2023-11-16,352.7956869201136,355.26583481076284,351.6004324980312,353.1642150878906,10395580
2023-11-17,350.6043862055917,355.43516294711577,350.4649266889008,351.520751953125,13554350
2023-11-20,349.80758837114064,353.78175925097634,348.632243686791,352.7060241699219,9618255
2023-11-21,354.37938517328166,354.37938517328166,350.73389256146055,352.0386962890625,13528825
2023-11-22,350.20599683549665,351.2020320765552,346.12224626784,347.74578857421875,22568660
2023-11-23,346.6302035160792,348.37326503480296,346.02260626618784,346.48077392578125,14181445
2023-11-24,346.52065809274785,348.5127285967551,345.36525355283356,347.4170837402344,12809895
2023-11-28,347.6162886527512,348.21391585869134,346.2218454366125,347.0684814453125,16746460
2023-11-29,348.3135259310943,350.45499555841434,346.66010383093857,349.2995910644531,17365700
2023-11-30,349.89721724740286,351.79964814508935,347.80553722818956,349.697998046875,31274735
2023-12-01,350.60440546206235,351.79965991204364,348.2637165621893,348.7119445800781,10011890
2023-12-04,352.59645131514395,363.74208733505253,349.1402080482537,362.2679443359375,22895865
2023-12-05,364.1505032949394,365.94335463463204,360.26597179454916,364.2401428222656,27857360
2023-12-06,364.9572531515786,366.41145600014886,361.1922413952929,362.835693359375,23479400
2023-12-07,363.5528585475113,365.91345717654457,361.24204952128963,363.92138671875,12503210
2023-12-08,363.92139914681644,367.1386039887934,362.696295227248,366.2322082519531,14927330
2023-12-11,367.53699692664543,370.8537808414871,366.60072138621683,367.3477478027344,16029165
2023-12-12,368.1346279530777,369.13066318542013,362.3675754467718,363.4233703613281,19074810
2023-12-13,363.3536426982773,365.6943315871163,361.1822931744111,363.7919006347656,16256660
2023-12-14,367.3377970862906,371.6107969250477,365.0369580338639,369.29998779296875,24394315
2023-12-15,371.5211437215351,371.5211437215351,367.08877475442773,368.6525573730469,19385985
2023-12-18,367.57685765694123,369.70835728853535,366.5409724845285,367.92547607421875,18793650
2023-12-19,368.5031510520413,369.4991862706703,365.6843847578175,367.84576416015625,15444615
2023-12-20,368.9613505457823,371.3219493539618,361.6205752151699,363.8516845703125,19842810
2023-12-21,362.7560327996305,370.0171075381245,359.5687079939598,369.0708923339844,12019200
2023-12-22,369.46929037323184,374.43949617128436,368.7322340703845,370.62469482421875,16546475
2023-12-26,371.9195487361967,378.29416812774053,369.95735811758414,375.8738098144531,21753345
2023-12-27,377.29812515980024,380.4854499884938,375.13674577750146,378.9615173339844,17036215
2023-12-28,380.68465971264,383.77234446763384,379.1109070988868,382.7464294433594,24750070
2023-12-29,380.90381054271614,382.0293048328174,376.51129147879897,380.1069641113281,12230850
2024-01-01,380.28622123455085,382.27829160329463,377.11883664342787,380.31610107421875,7129510
2024-01-02,380.087067300681,380.087067300681,370.5450323370302,371.5311279296875,25603980
2024-01-03,371.3219411822961,372.51719568001016,368.0649167510728,371.700439453125,18907575
2024-01-04,372.81597080877236,372.81597080877236,370.6346512445354,371.24224853515625,14328830
2024-01-05,371.62078564192115,372.4973015909152,366.8198880827583,368.0549621582031,38996705
2024-01-08,368.1346116440908,368.82187835568664,362.27791987392544,363.77197265625,61265835
2024-01-09,365.94333094651057,370.12669099710996,362.75603650486653,363.88153076171875,21696115
2024-01-10,362.7161865234375,365.0469052724027,360.88348538057386,362.7161865234375,35263790
2024-01-11,364.94730385863033,366.8198549630316,361.63051990208606,363.12457275390625,20850350
2024-01-12,363.5528371110403,367.0489302852332,361.4412474137387,365.1962890625,10863105
2024-01-15,367.13860642429813,369.25019633222655,365.79395273112965,368.83184814453125,30861560
2024-01-16,368.642600875033,370.7143712681937,366.74020024962795,368.1346435546875,23254490
2024-01-17,363.16440826703416,365.4752174081022,353.81165280908283,354.5188293457031,54184415
2024-01-18,352.5964776989446,357.11848623471457,351.52077300588525,354.0407409667969,21467250
2024-01-19,355.99294644049064,358.56270389614946,349.43901776630395,351.4609680175781,22801645
2024-01-23,358.7718892137488,363.53293622754535,351.38129469614074,355.4849548339844,33904120
2024-01-24,356.3813967396311,359.26992325311056,351.1820915705846,356.3017272949219,16341755
2024-01-25,356.58058917012517,358.0945516785811,349.0904156699911,352.2777099609375,33510850
2024-01-29,355.64431738862004,364.5588443693892,353.7917065522557,363.1344909667969,26180740
2024-01-30,363.55284493661486,366.43140123071885,359.24002593145184,363.2739562988281,19145935
2024-01-31,361.75998984790385,366.8298052709044,356.28179635315996,363.6026306152344,40587005
2024-02-01,364.54887743360007,364.95725550673023,361.20221380489664,363.1046142578125,10360840
2024-02-02,366.89954281225937,368.5330552692187,362.2381049759263,363.1445007324219,25249380
2024-02-05,363.5528372098596,363.94130551668934,358.3734421649497,360.2360534667969,17304030
2024-02-06,361.3615551436005,361.3615551436005,355.2160350370899,355.98297119140625,23459485
2024-02-07,356.7798330861916,360.52490489749675,355.38535944090006,357.0985412597656,22961120
2024-02-08,358.88144140769066,359.3296694074818,344.04052296865535,344.56842041015625,22713870
2024-02-09,344.6281888939096,348.4131106017413,342.4368992336389,347.1083068847656,20319880
2024-02-12,347.2178910347158,348.41311508576894,336.8790403713857,340.5544128417969,22532445
2024-02-13,341.2416838531066,347.63621315707854,340.4448374125323,346.0525207519531,22461670
2024-02-14,343.36320187266455,351.5605515522419,341.07230283194696,348.40313720703125,19251615
2024-02-15,349.6083605616919,350.0964080902705,342.6460841338227,346.4708557128906,12708350
2024-02-16,348.60235721143596,348.81154649334985,345.066444336122,345.67401123046875,8215730
2024-02-19,347.41707178048233,347.41707178048233,343.8612491546413,344.9070739746094,22239770
2024-02-20,346.56049879558964,352.3275512623343,346.09236102373677,351.1024169921875,38055620
2024-02-21,352.39727752529376,352.39727752529376,346.7298342278192,347.83544921875,20924355
2024-02-22,347.51668788905835,347.61629749201165,341.4807167884022,343.5823669433594,31003800
2024-02-23,343.53256248831997,345.1760146233742,341.7197709809243,343.4329528808594,17268830
2024-02-26,343.05445730464066,343.71181378831176,339.0404366604538,339.906982421875,29790330
2024-02-27,341.24168714501724,341.6301250913202,338.0543621451395,339.99664306640625,22158260
2024-02-28,340.8432631761348,341.2117913427122,333.7116473798444,335.3849792480469,15381635
2024-02-29,336.0622760779851,339.1002017272558,332.157835050111,336.55035400390625,33034875
2024-03-01,337.7555442724346,344.6779707128756,337.65593467256576,344.1700134277344,17220745
2024-03-04,344.21980325434413,346.91905015203474,342.3373125208966,344.0704040527344,13885990
2024-03-05,344.0106501882714,344.0704098699257,340.4348873852386,341.779541015625,15610970
2024-03-06,343.2038812871984,352.9849549625093,342.31739530393406,350.55462646484375,37258560
2024-03-07,350.55462623926553,351.5805413538555,347.6163100273917,348.223876953125,15696800
2024-03-11,351.77969618860413,352.56657248874086,343.4827365464514,344.5584411621094,18200715
2024-03-12,345.60430716523155,347.3075188586395,340.11614344620534,342.7058410644531,51216490
2024-03-13,342.7058425593697,347.1680608536419,342.0783355125921,344.5385437011719,29080415
2024-03-14,343.63214470838193,350.17610328105167,342.46677014748343,347.0983581542969,24048165
2024-03-15,345.7836290631516,349.80762031033714,342.87519252292776,346.2816467285156,77537270
2024-03-18,346.10232509331934,347.5864078266534,341.69983609851283,346.201904296875,11570715
2024-03-19,345.594346754077,349.9868657886558,344.7377406456292,348.5426025390625,22405375
2024-03-20,348.8912281884656,352.2976821378249,344.7875677979912,351.68011474609375,22104430
2024-03-21,353.0148100735037,356.7100921661324,351.4609671917404,353.0247497558594,18918405
2024-03-22,352.57656527214215,355.0865631347002,351.60043979396687,353.87139892578125,35306415
2024-03-26,351.60041444184344,353.6721542176,348.612308936672,349.349365234375,26518150
2024-03-27,350.206002965685,354.5487021023571,349.3892467585401,353.7120361328125,41155650
2024-03-28,354.18015071529146,359.3495757999142,353.43312432036424,355.6841735839844,33150360
2024-04-01,357.5766379402314,362.08867619475603,355.88336593619914,356.7200622558594,14429400
2024-04-02,357.35750096021155,358.1742571036669,349.4987991897317,350.0864562988281,34255950
2024-04-03,349.30957864297744,349.94702540461805,344.42898154049993,344.8572998046875,63417755
2024-04-04,348.0147053078501,348.9509808612251,343.29350801708307,348.4429931640625,65626460
2024-04-05,348.42306566573245,356.02281899144674,346.64015417337276,355.61444091796875,32790115
2024-04-08,357.33757579130344,358.94117777292536,355.6044539817247,356.2618408203125,13174055
2024-04-09,356.6503190617404,357.178216483675,353.73194332154674,354.7080383300781,11866155
2024-04-10,356.361471491466,364.52897226377223,355.38534605584283,363.7420959472656,27629090
2024-04-12,360.7639545710405,362.17830750540327,358.4431755781627,361.17230224609375,19831135
2024-04-15,356.5706198153448,360.504970884818,354.58851955932084,358.2041320800781,21599340
2024-04-16,354.1901353976856,359.4890501393608,353.72199762169953,357.0985412597656,20483890
2024-04-18,356.5905839236478,361.16238200104607,355.2060803577468,355.9331970214844,21253700
2024-04-19,351.4011974961,359.56869808775065,351.20200869909706,357.1084899902344,19351900
2024-04-22,361.162376342301,363.0548371783173,358.57267869463436,360.5547790527344,30755695
2024-04-23,360.5647353762884,364.34965690392625,359.19020196361083,361.17230224609375,29780025
2024-04-24,360.96317400205123,367.6366224370236,360.12650802693616,367.0987548828125,16475385
2024-04-25,331.6797200101078,338.21370845906085,319.1296704709495,327.1875915527344,330895395
2024-04-26,327.1875870257657,329.68764505809725,319.7272932436532,320.4245300292969,110734245
2024-04-29,320.74323462151716,328.1437990388081,320.6237152645251,326.7792053222656,56137045
2024-04-30,326.77925364551857,328.09402756001884,322.715442923937,323.5023193359375,91032240
2024-05-02,316.739200943621,317.6356265650883,309.2490270087303,313.8805847167969,133202390
2024-05-03,315.34475067587306,316.3208457189166,307.5457780309474,308.113525390625,80617945
2024-05-06,319.72730956057165,325.3051129406334,317.5360198909314,323.5719909667969,108041055
2024-05-07,324.4485152515518,328.16373770709185,322.31701560540876,327.4764709472656,49333925
2024-05-08,326.69952299565654,330.17567587623523,325.92261680927396,328.3629150390625,49268765
2024-05-09,328.2932336693921,331.0522404463563,326.1019438994168,327.3171081542969,23280220
2024-05-10,327.29717851446065,329.3091587108236,321.8986542616975,324.2991027832031,58847010
2024-05-13,324.10983193504046,327.42664600871683,321.91857284160716,326.9385681152344,29196240
2024-05-14,327.0979836867378,328.69164623263725,325.20552271198807,327.95458984375,21410130
2024-05-15,328.6318842051367,329.4884599594604,326.1119161511731,328.85101318359375,26304500
2024-05-16,329.6876834684453,333.6718246583963,328.1338708360912,333.08416748046875,34991785
2024-05-17,333.47259292963815,339.7775131482865,331.6797416200552,337.9647216796875,48087255
2024-05-21,337.0583007445005,341.6400686778049,336.659892749557,338.3033447265625,29050835
2024-05-22,339.20976424899675,339.63805211376706,334.8869748868548,338.5623474121094,30293485
2024-05-23,338.6519821114011,341.3611991841556,338.06432496650365,340.4548034667969,28406475
2024-05-24,340.843286924326,342.20785040227804,337.5962021660449,339.3392639160156,24680885
2024-05-27,339.33926920457776,343.0345516610624,339.15002006561906,340.8432922363281,17271435
2024-05-28,341.1022108216042,341.8392975495241,338.25356470037303,339.37908935546875,18580705
2024-05-29,338.25354806921376,340.8233054200831,335.1060733006344,336.2315979003906,24762360
2024-05-30,335.53434474836047,340.1659019596164,335.26542620974107,336.6797790527344,27902445
2024-05-31,339.2496270567567,339.2496270567567,330.7932667449813,334.7475280761719,64022380
2024-06-03,342.92494662503987,346.39112945603705,338.671857126363,342.24761962890625,49005355
2024-06-04,339.2993855207711,341.73968392458295,319.2193121985658,326.2911682128906,76147340
2024-06-05,331.19169230394675,343.58237330551606,327.6955988326551,342.25762939453125,72131590
2024-06-06,342.8353264165007,346.3214496004128,339.40896291258633,345.564453125,31799505
2024-06-07,344.63813834169986,350.3354607207567,343.034505914369,349.349365234375,23040730
2024-06-10,348.63224413253755,353.28374208277756,345.85332769552423,347.74578857421875,24240220
2024-06-11,347.93502295140695,348.05454231181375,342.0584213576106,342.6361083984375,20528235
2024-06-12,342.6560355496027,345.4250123270211,341.221742358766,341.78948974609375,29407880
2024-06-13,344.9070672890175,346.13220152582943,342.43688905419503,343.90106201171875,30080725
2024-06-14,343.2337431266289,345.6043118153073,340.7237149166952,342.0783386230469,15768330
2024-06-18,342.3572322772694,343.56242640088317,339.2993968098606,342.5166015625,28536650
2024-06-19,344.4289524949112,351.21194962735655,341.64006615432476,347.9549255371094,49798990
2024-06-20,351.60044797126574,356.5507444461013,350.66417239196676,351.8494567871094,46215520
2024-06-21,352.5964602256615,356.38138182086345,347.6760439139497,353.72198486328125,95158445
2024-06-24,350.03662586479265,353.632328566577,348.56251329493875,353.10443115234375,21144440
2024-06-25,353.90130644763974,358.22409608066766,351.2020592465926,354.9670715332031,29669295
2024-06-26,354.58851955932084,361.75998492252376,353.8116133446889,358.2041320800781,33429660
2024-06-27,356.7798352632025,366.14256044346973,355.58458081611167,364.658447265625,66713845
2024-06-28,362.99505971165456,368.12463475678027,358.35353217282216,359.0706787109375,24845035
2024-07-01,359.07069420444503,361.1922540711034,356.580606172514,360.1862487792969,14507550
2024-07-02,362.7460864381865,362.7460864381865,346.0425859479456,352.5168151855469,48125085
2024-07-03,351.7598160555882,361.7301387347095,349.0505989326296,360.7042236328125,44905015
2024-07-04,359.887452709135,366.25210195382306,358.8316578084726,365.3158264160156,25344465
2024-07-05,362.55681360055775,370.1167171376608,362.2480451196025,369.0708923339844,17328265
2024-07-08,369.3298100614972,369.9772572062773,365.6345282800997,369.17047119140625,19306015
2024-07-09,370.764164029314,372.5171958543592,364.54891359009486,368.1047668457031,19601055
2024-07-10,367.1386206928482,367.43741912668304,362.5967021190468,364.51904296875,28148945
2024-07-11,364.7182515886439,368.9314613661864,362.8656101629582,367.4374084472656,23076860
2024-07-12,367.43738687355983,368.73225089854856,363.80186439695876,365.11663818359375,21204275
2024-07-15,366.34174272754404,370.1067546532516,363.88153451176544,367.2481384277344,29549980
2024-07-16,366.95931412926274,368.3537573769551,358.75196313490443,359.62847900390625,32713510
2024-07-18,359.5687297863335,364.7879448352726,357.20813107750547,363.9014892578125,37954190
2024-07-19,362.6550710937018,365.14788838076356,360.1522727999243,363.2732849121094,20694325
2024-07-22,363.1536029164098,363.1536029164098,348.7750206680162,350.50006103515625,53711805
2024-07-23,352.78348138771736,355.0768914918608,346.83063263928557,352.7635498046875,30775980
2024-07-24,352.5741110581228,355.1566661810991,344.81646468222635,348.2366027832031,37436035
2024-07-25,345.4047390394214,354.7777254597317,345.4047390394214,354.00994873046875,15481985
2024-07-26,350.6097335054592,364.9185097002786,350.6097335054592,361.7276916503906,26546755
2024-07-29,363.89148117598694,364.350151014308,355.6751655317632,357.7491760253906,40031835
2024-07-30,357.74918004595776,360.2918414127163,355.2364312683413,356.19366455078125,28397685
2024-07-31,357.5696886881316,362.1564782096097,353.61109394073344,360.5411071777344,29031285
2024-08-01,360.3815890488383,362.6051623846206,356.2235568159542,357.4998779296875,19080220
2024-08-02,355.19655841914636,360.9599508930044,353.98006233982477,359.6537170410156,16212945
2024-08-05,353.0228259328979,360.0824711904509,352.6937570060791,353.7108459472656,24559090
2024-08-06,355.9743016661559,357.41016682995746,350.9886671890389,353.09259033203125,19620110
2024-08-07,355.9743009369397,356.2933888459971,350.9986474765369,354.2891540527344,17688725
2024-08-08,352.31484547855314,355.3361388651812,351.51715610494864,353.5313415527344,12361105
2024-08-09,355.98428434818004,356.0640411110342,351.98579574114524,352.9131164550781,12322215
2024-08-12,351.18809445156876,357.1808062251685,349.24368489049795,353.491455078125,22722215
2024-08-13,351.5869697389621,357.27057511352945,348.2166757687968,349.40325927734375,17651595
2024-08-14,349.9915255620737,350.9886524155269,347.9075340899441,348.5755920410156,12928245
2024-08-16,351.3875148118996,356.1238676049329,348.1967269776898,354.438720703125,14809355
2024-08-19,355.0868549660538,356.97143946230403,353.1823693159486,355.24639892578125,10861395
2024-08-20,355.57545416105586,361.5681660624753,354.2293267769794,360.0924377441406,15577430
2024-08-21,358.9656629057862,362.35588808058384,356.4429332142275,361.5482177734375,28585950
2024-08-22,361.757636029296,363.8117150593324,360.1223636966966,363.2533264160156,16089940
2024-08-23,363.2532989054772,364.52962005495476,361.4983763436309,362.5553283691406,9075930
2024-08-26,362.95421706627155,363.5425183269613,360.9001379425413,361.4585266113281,11781285
2024-08-27,361.16934265006654,361.57816834958214,357.31046623719175,359.6337890625,22708480
2024-08-28,358.1680146633854,360.14230656055753,356.1438481604879,357.230712890625,21403980
2024-08-29,355.62530600550593,358.66656133586616,353.5812080140346,354.42877197265625,27655790
2024-08-30,354.43871775119646,356.97142858611744,353.850416534444,355.13671875,37290860
2024-09-02,355.3760085453163,357.65943758618596,353.52136718305235,355.0270080566406,20242600
2024-09-03,354.9871402127843,356.26346136576984,353.4515563407888,355.7349853515625,25981365
2024-09-04,352.98290550329193,356.63239343211694,351.6866527680351,355.7349853515625,15962215
2024-09-05,355.226436222432,356.24349464295886,350.9886471587258,354.5683288574219,17865025
2024-09-06,352.49432304792117,355.3660532493227,350.2906507963519,351.8162536621094,16274400
2024-09-09,352.52425273021015,357.75916895497016,350.6795618793151,357.0013427734375,17182305
2024-09-10,358.5668179649412,358.8958564331841,354.58826117862657,357.2904968261719,17488060
2024-09-11,357.9685587507928,360.05255032981546,355.97430494159613,356.8218688964844,18669360
2024-09-12,359.7434515818812,365.77605731954634,357.99847945926246,364.4399108886719,31827540
2024-09-13,366.34440590391546,366.34440590391546,362.30605425290463,363.02398681640625,10283600
2024-09-16,365.54672212603015,368.0794329342949,364.6094204197408,365.20770263671875,13653170
2024-09-17,366.8230441347686,369.61498724699123,365.0780720821551,368.26885986328125,18374310
2024-09-18,368.9369525120477,370.82153695690624,366.0652221750621,366.88287353515625,34387495
2024-09-19,368.9170282106971,373.9225943861157,367.9597644595416,373.3143615722656,14462150
2024-09-20,373.7231533141575,384.1531226916266,372.92546395893197,379.8056335449219,94247895
2024-09-23,381.8896142378257,387.28407431309773,380.5435172930239,385.8282775878906,18431360
2024-09-24,385.8881155495244,386.6060481444869,380.8227242177712,381.83978271484375,18546930
2024-09-25,380.91245009306294,383.43517988840443,377.77147606950354,378.4993896484375,16537335
2024-09-26,377.9110856071587,381.5605736210741,375.7772194884088,379.36688232421875,21022565
2024-09-27,378.9082107762445,380.9024645171721,372.1875854068856,373.4140319824219,33215560
2024-09-30,370.2731085643566,375.80718125434873,367.56092211199245,369.7247009277344,16234200
2024-10-01,368.3386858150895,375.86701247544676,368.3386858150895,374.8000793457031,24357630
2024-10-03,370.512392990874,371.65911324775027,362.1166016950004,363.5125732421875,31816160
2024-10-04,362.05678126690464,368.93695074894595,358.636643323948,360.760498046875,18673160
2024-10-07,360.9599649932129,366.2247942046472,352.86329882402765,357.02130126953125,37233165
2024-10-08,358.96566831619083,361.75761134224695,355.3460929585524,359.6437072753906,25485515
2024-10-09,359.1651377387944,362.9542079576008,356.951514703835,359.125244140625,35394010
2024-10-10,360.9400169619816,375.7174149331836,360.02264679751624,374.1419677734375,29528990
2024-10-11,373.3641985526254,377.6319004637973,371.16055662587235,375.3983459472656,26057900
2024-10-14,375.92684448435693,382.09906279387855,375.40831899063176,381.0620422363281,21955690
2024-10-15,381.3412141442079,381.9694089601132,376.40542381629325,377.95098876953125,21477465
2024-10-16,375.71740592716804,377.4025528323336,372.5565306765782,374.1918029785156,15727780
2024-10-17,374.19181535051945,374.5807094629842,369.1962300797058,371.7388916015625,17707160
2024-10-18,372.5266243613129,374.6205969847075,368.5381166709988,373.1348571777344,19173835
2024-10-21,368.9369249650831,369.93405178931306,346.00300800779416,356.8118591308594,65890685
2024-10-22,357.3603122953124,358.0682638501642,350.7593068778945,351.6168518066406,27471910
2024-10-23,351.21802404600703,356.3831341598959,350.6097608046202,352.544189453125,14180685
2024-10-24,352.1852248451183,353.5313217840678,349.0542318475056,351.4273986816406,11584100
2024-10-25,351.9857938025428,356.27342727747015,350.3903846851636,352.7535705566406,14146135
2024-10-28,352.5840527968746,355.1067824568805,348.00724430365716,348.9644775390625,16510740
2024-10-29,347.69816423919923,352.4145550286988,345.1455217946346,351.028564453125,20790595
2024-10-30,344.4076264398882,350.9886700900564,344.3278696767502,345.92327880859375,21929745
2024-10-31,344.477435577563,348.31638027554203,343.7993965804375,345.22528076171875,14723350
2024-11-01,346.9204216780966,349.8220343229881,346.27226481696664,347.8776550292969,912445
2024-11-04,347.79785630042693,347.79785630042693,343.85922323822297,344.87628173828125,14424150
2024-11-05,343.3107686449081,351.0883764769723,341.21682656502264,350.4202880859375,20143075
2024-11-06,351.00857769550635,352.6737929000289,348.3163534974593,351.50714111328125,18261260
2024-11-07,351.5869707181531,351.98581541451256,345.6042089830622,348.376220703125,15304920
2024-11-08,347.9972858794147,351.8063179162846,346.7807898519813,348.1568298339844,18234125
2024-11-11,347.9972891150409,351.6467772312736,346.44177358089564,347.7978515625,16025150
2024-11-12,347.95737889907906,348.87474899509374,342.05440495654767,343.29083251953125,16141950
2024-11-13,341.8150822809242,344.63696839197496,334.845175127518,336.6001281738281,17967450
2024-11-14,337.0289012858427,341.5359040405821,336.9890076883958,340.5986022949219,16638790
2024-11-18,341.81508653210443,344.6569042613354,338.9633182262803,343.56005859375,10412075
2024-11-19,344.96601562415157,346.96026943467604,341.7154026053275,344.55718994140625,13798315
2024-11-21,342.0344617342364,347.14972765163117,339.77099460316214,346.4218444824219,16470295
2024-11-22,345.8035848463295,353.4216487064855,345.5842157186837,351.27783203125,17768630
2024-11-25,355.3760300780539,357.88880940485404,352.3647177185207,357.1210021972656,34357160
2024-11-26,357.96857763978295,358.15803419604555,353.9800698109274,355.69512939453125,11563695
2024-11-27,355.1666371630247,360.0625339517516,354.7977050744273,355.6153564453125,16012220
2024-11-28,355.6253101336049,356.7520684226274,349.6924232141811,350.8291320800781,19856975
2024-11-29,350.3903912104593,353.70085986543967,350.3903912104593,352.03564453125,14939970
2024-12-02,351.98577682019527,353.5013986721371,348.19670697539254,349.7821350097656,21326400
2024-12-03,350.98867271036426,351.2279734314629,347.0001650659283,348.9744873046875,19858250
2024-12-04,349.3932666069434,352.38464736630067,348.2764893255672,350.4901123046875,15933930
2024-12-05,351.786344872618,356.7022034308299,348.5955571709681,354.00994873046875,28486145
2024-12-06,353.76069426308726,355.9842982922098,351.1881201491731,354.36895751953125,12979410
2024-12-09,352.6040266036591,359.9528473441504,352.6040266036591,356.2236022949219,12770115
2024-12-10,355.62529286623396,359.5240625879272,355.62529286623396,357.9087219238281,9899420
2024-12-11,358.1679846481542,360.3217519136881,356.961439223327,357.9087219238281,11967140
2024-12-12,356.97143370333333,358.2577359373286,352.0556053412647,352.7236633300781,17441295
2024-12-13,350.6596259089589,360.76049571800894,348.60551652524595,360.0924377441406,19467655
2024-12-16,359.563943593315,361.5581972677872,357.7391844404311,359.8531188964844,14946965
2024-12-17,358.1879305839825,360.3317473590311,353.9800537976984,355.78485107421875,17964305
2024-12-18,355.37601752159594,356.31331923261826,353.0527252569753,354.9771728515625,17647150
2024-12-19,351.6766840076966,352.5840731259313,348.0770401241549,351.407470703125,20370400
2024-12-20,349.9915283985189,352.7535588502059,345.67398247723025,347.7080993652344,73428440
2024-12-23,348.495834880034,351.8262349151397,347.00014460157894,348.06707763671875,13740180
2024-12-24,347.50867894223217,349.92170881399034,346.6112404573033,348.804931640625,13563125
2024-12-26,350.35048473944,352.87324494982147,347.408978711546,349.55279541015625,5660030
2024-12-27,350.98868158396266,354.4188006792888,349.79211708842126,350.96875,12241355
2024-12-30,351.98579259268087,355.1766108164717,345.7039053500964,347.1397705078125,27513860
2024-12-31,346.01300935559556,358.28763884909614,346.01300935559556,356.1836853027344,23658490
2025-01-01,354.8275845432374,358.31752840891227,354.3788653028352,356.6523132324219,7424140
2025-01-02,358.96568306867823,366.9825918442502,358.34746926106584,366.37432861328125,25484935
2025-01-03,369.1363971357642,369.53524181689824,362.3758778503815,366.6734924316406,21385745
2025-01-06,363.15363829616615,363.95132766429276,353.56125171551554,354.9073791503906,19961975
2025-01-07,356.373153893344,358.45714549737113,352.9629968794446,353.3917541503906,21999690
2025-01-08,354.99711332544473,355.914483476405,351.47725653267173,352.7137145996094,21823395
2025-01-09,353.7806101892152,360.7006732752039,353.7806101892152,357.0113220214844,27349135
2025-01-10,355.8147515648296,356.90161621047844,349.6624957670863,350.2308349609375,17513090
2025-01-13,345.5842455756023,347.9075684141068,343.7595166429118,346.68109130859375,15461940
2025-01-14,348.9146675796308,352.75358190350244,344.9261598728352,349.11407470703125,24744805
2025-01-15,351.00858972241826,357.96854622779404,351.00858972241826,356.89166259765625,17549305
2025-01-16,358.1281000564105,361.9470826836004,356.04410849281265,360.0724792480469,22257670
2025-01-17,358.3673999051384,360.0625277982576,348.6553936873538,350.70947265625,17608640
2025-01-20,376.9139495680543,384.871032791476,372.1277528566091,382.9964294433594,66621575
2025-01-21,383.0861931603074,383.0861931603074,377.1134126575037,377.57208251953125,22078315
2025-01-22,378.7087811717552,382.9964450626006,376.3256637249191,382.3981628417969,20883345
2025-01-23,380.32413751163426,383.68445013614627,377.33275695380445,377.88116455078125,15805795
2025-01-24,377.1133916273603,382.5975893719523,373.53367941212633,376.1561279296875,20126830
2025-01-27,373.92259234288434,378.6689261859242,371.47961923428477,375.19891357421875,9642515
2025-01-28,377.9111172578264,379.90537117475424,373.085026430449,376.46527099609375,25786920
2025-01-29,376.47524659053465,383.83404830698237,375.91685793621497,382.966552734375,11758155
2025-01-30,382.9665242001883,386.50631241613894,374.41115861627316,379.20733642578125,21195905
2025-01-31,379.51645053590823,380.69308339140235,376.8342072005698,379.16748046875,11666145
2025-02-01,378.7087768778252,382.32835232125524,373.24454105018754,379.52642822265625,5481785
2025-02-03,377.63188634608264,379.66603366467655,375.2288069573789,375.8171081542969,16599040
2025-02-04,377.12335672889867,387.1245383293178,374.3613261677304,384.59185791015625,26663090
2025-02-05,386.44651824967747,386.675868402907,379.3768918268252,381.2514953613281,17136925
2025-02-06,382.2984384166913,382.89672062865304,378.2002615600635,382.08905029296875,15969855
2025-02-07,383.0961408568758,390.9933683220803,380.48364299707896,384.74139404296875,22070870
2025-02-10,385.9479341132086,391.87087031263104,383.60467982052495,390.9036560058594,17846865
2025-02-11,391.79113380466947,392.9677363001557,380.22445512167246,382.6175537109375,17533410
2025-02-12,383.5847472814943,388.6800511034068,379.8953656017905,387.6729736328125,16095020
2025-02-13,391.4720313762161,397.41489924588484,390.9834184974557,393.4263916015625,63391865
2025-02-14,393.6656888706699,393.6656888706699,385.5590727157849,389.3581237792969,13050240
2025-02-17,389.87659770966775,391.6614632886073,385.4194394802923,387.9421691894531,11500595
2025-02-18,387.2940691987456,392.0703156480348,386.7157185465677,391.5418395996094,21720625
2025-02-19,391.6614793169709,397.83369719531737,391.27258522384415,395.859375,19570825
2025-02-20,395.32091539312665,395.33089639952084,390.8737380166756,392.9776611328125,23621860
2025-02-21,392.97767615644983,394.5332221484296,385.78839957773795,389.48773193359375,20042760
2025-02-24,386.5462173539508,392.86799824261215,385.5989346278533,392.0902404785156,11090405
2025-02-25,392.6685806842356,394.7725343719951,390.59457001767566,392.3196105957031,20099470
2025-02-27,393.26683426394436,393.8651164762168,386.8652967533519,388.3908996582031,18540340
2025-02-28,386.2969337174284,386.2969337174284,377.6917237520592,379.49652099609375,34851575
2025-03-03,380.015027010229,383.62465203252845,377.9509974063852,381.8198547363281,13038950
2025-03-04,379.13754929169056,382.0990172234031,378.2600728037911,380.4637145996094,15860250
2025-03-05,379.526424568216,389.6073930521799,377.9908406673262,385.5091857910156,19058440
2025-03-06,387.6829257353213,387.872382280316,380.8725624117534,383.2357482910156,25965465
2025-03-07,382.29844532111434,387.00488548103715,380.91245476110396,385.9678649902344,13901690
2025-03-10,385.38954427375194,386.89521562025425,382.16881345351857,383.2457275390625,11142670
2025-03-11,383.49501693042737,387.6829317082311,379.79568460255945,385.9280090332031,16035260
2025-03-12,386.88522909540944,398.39208180073183,386.4863844297442,395.37078857421875,33522470
2025-03-13,394.00473000506054,397.5245866745819,392.7782529877869,395.8793029785156,24628970
2025-03-17,394.88219534474075,398.6214213273253,393.7155738789177,397.4747314453125,15854645
2025-03-19,406.6782142283784,409.0214685407517,402.2908619330253,403.14837646484375,26691440
2025-03-20,405.03294543041426,406.6083924906647,402.14125317303154,405.96026611328125,13416530
2025-03-21,406.82776914735877,418.3146599096975,405.8306422621937,414.6053466796875,94254040
2025-03-24,418.79329952557276,435.5948939377569,416.84888989153046,433.97955322265625,42541755
2025-03-25,434.7273738703643,439.234376265706,430.75879806307603,432.7530517578125,36712165
2025-03-26,433.7501903880516,433.94962793490157,424.7561169352279,427.74749755859375,15084580
2025-03-27,427.56802305819724,429.04378189575175,421.1565040868164,424.5068664550781,47106120
2025-03-28,426.63069618392956,434.72739208491436,426.57087100497256,432.99237060546875,18361265
2025-04-01,433.61057268816,434.4481860307138,425.9526456896707,427.9468994140625,18754695
2025-04-02,426.96975936089984,430.88846085373666,426.70051561733635,429.68194580078125,10660960
2025-04-03,424.57662307678885,429.1035877362616,424.2076909915048,425.2945556640625,8470190
2025-04-04,424.9555594567347,428.0267275266694,422.4128978869945,425.16497802734375,18942015
2025-04-07,402.5800042719004,415.5227223694855,399.010303364345,406.3990173339844,35695245
2025-04-08,411.3048567822744,414.7848502840164,406.42892216512666,409.84906005859375,20471695
2025-04-09,409.61973646352453,411.8134279125,407.2465998976866,409.3605041503906,19597890
2025-04-11,411.8134125857548,426.6705974138859,410.5171597786306,421.02685546875,27973445
2025-04-15,427.76742653784186,428.166271199217,418.71352796204644,422.8216857910156,28178320
2025-04-16,422.78179988752447,429.08364911355164,421.44565351116574,423.4598388671875,14498895
2025-04-17,421.78468042944695,437.519341758768,418.33462986167217,436.3626708984375,26943160
2025-04-21,437.73872860261855,450.94067960923906,433.82997759131644,446.9920654296875,24432490
2025-04-22,448.50768475976474,459.0573048097072,447.7897521468577,452.4563293457031,33664915
2025-04-23,455.686978031386,456.68410489797543,442.72432876572293,444.12030029296875,17619395
2025-04-24,442.32547447348225,446.2940198409596,441.4679295633417,443.3226013183594,20842685
2025-04-25,442.7243428213227,445.39663560544705,434.3883765583353,439.6133117675781,10680015
2025-04-28,438.13755834359966,445.07755311960926,436.62193639455575,443.84112548828125,12190890
2025-04-29,443.84109842539885,448.1088001244932,438.4965131178904,439.7329406738281,15291325
2025-04-30,441.507836598342,444.91802390079266,436.38262028319247,440.3511657714844,23114585
2025-05-02,439.53351154246,443.44226225684275,432.9923617183069,435.0863342285156,9079030
2025-05-05,419.8103531564253,425.53388220939956,410.41743487360293,415.781982421875,44108085
2025-05-06,416.0013441745257,417.0782278097303,411.8133991300577,413.60821533203125,17025485
2025-05-07,411.5541524854477,419.152254696519,409.7194426164406,417.7762451171875,18697280
2025-05-08,418.59387431596554,426.5110645986522,417.77625335760047,421.3060607910156,34624355
2025-05-09,413.8076508850548,422.78179271147764,413.8076508850548,419.4114990234375,23271500
2025-05-12,425.57373425983207,431.4767386960257,423.99828720062163,427.7674255371094,15109370
2025-05-13,425.77318461807874,427.9868075445303,419.0126654799806,421.9043273925781,21539120
2025-05-14,420.9869927585709,422.7618774377373,415.6024831110812,417.2776794433594,10687970
2025-05-15,415.8218403512926,421.1863878320051,411.89315801151054,420.0696105957031,21311795
2025-05-16,418.7733546082737,421.7647352239233,416.8189640298566,420.4285888671875,10289540
2025-05-19,419.1921456114812,423.57949791624566,418.87305769806966,421.02685546875,7528520
2025-05-20,421.74477897537884,422.3629927756121,415.74208607936555,416.8189697265625,19545490
2025-05-21,417.7961654051811,418.0554281332146,410.8162772003213,413.0697937011719,10708700
2025-05-22,413.60823374907704,414.3261663478138,408.96164908574843,411.97296142578125,16446640
2025-05-23,411.97296190207993,420.64794784778894,411.97296190207993,418.9528503417969,8254765
2025-05-26,416.8189677806497,421.18638838758244,415.8218408997937,416.659423828125,10201425
2025-05-27,416.7990341731788,418.5938503780422,411.05557362978027,414.2862854003906,17299700
2025-05-28,413.80767267818203,414.884556364912,411.494330915697,413.6680603027344,8173180
2025-05-29,414.2663563620124,417.9956318674673,409.8191786613873,415.1239013671875,24936910
2025-05-30,415.12387322588023,416.83893269006654,411.9131234300162,413.7478332519531,49038640
2025-06-02,412.2122491853679,413.9672022448451,409.06132456944187,411.5342102050781,13505700
2025-06-03,412.81054255836426,413.967213430647,405.6711101997284,407.7251892089844,32319090
2025-06-04,408.24371143709214,410.51715956665333,406.9873217973695,408.08416748046875,11655570
2025-06-05,409.77924940387254,410.09833730500327,405.6710915739801,406.8078308105469,18626660
2025-06-06,407.6055135641951,415.7819659269836,405.5913282768267,413.4885559082031,22121620
2025-06-09,420.98697386470667,427.2489293491462,416.7990288668134,426.4113464355469,28895440
2025-06-10,428.1064407342016,433.33137572244993,426.41134333681794,428.9839172363281,24578710
2025-06-11,428.5651346852621,430.8984384380862,425.3743468242084,427.8272705078125,8910305
2025-06-12,427.8272600750463,428.5252610685143,423.2205387218712,424.13787841796875,14890860
2025-06-13,413.209367707786,423.1806363804155,413.209367707786,420.26904296875,22336370
2025-06-16,420.36873148231547,427.70760105189834,416.5597299745455,426.57086181640625,14707980
2025-06-17,426.57087938751926,429.92124162443673,424.81595672046564,426.13214111328125,15541500
2025-06-18,423.7789104993046,426.2517960376868,420.528267236496,425.2546691894531,19503255
2025-06-19,426.67059088002094,429.7018651512141,425.3942696758182,428.046630859375,17025995
2025-06-20,427.7674547280271,433.9496538913941,425.0353366661664,432.71319580078125,16863180
2025-06-23,430.3798999651666,436.6817491629497,429.0038599991427,435.5649719238281,8603070
2025-06-24,440.33126009479156,445.43654512755916,437.02079137107853,443.4422912597656,28022600
2025-06-25,443.3226294287824,443.44227978897106,436.94102330289985,438.3968200683594,17877145
2025-06-26,439.214484930182,440.73010692230037,434.74734528987096,439.51361083984375,28350635
2025-06-27,440.73008598040053,442.1858827214124,435.2658196609935,440.311279296875,48247195
2025-06-30,440.31127885215824,440.53064798523144,429.66197096638217,431.4568176269531,18638285
2025-07-01,431.45683172070716,436.04359122223354,430.61921832714097,435.46527099609375,20128770
2025-07-02,435.7444339644276,438.1774259156917,430.9582372507358,432.5735778808594,9382555
2025-07-03,426.59083972298583,429.14348216493147,423.16072073601543,424.0980224609375,23336995
2025-07-04,423.5795046550147,426.2318659213854,420.9869989995219,424.7361755371094,8431075
2025-07-07,424.776056434098,430.1206419744296,423.14075372316506,428.72467041015625,10852925
2025-07-08,435.74443849884796,447.0119598624429,433.9894854849469,443.6217346191406,37631455
2025-07-09,442.12605586910036,445.5362432137952,441.52777365057,444.5789794921875,10104510
2025-07-10,444.53911191041834,447.2512982349035,436.1233586284084,439.49365234375,28609065
2025-07-11,439.0947872575218,443.72147068176815,438.45664186480735,442.843994140625,13395830
2025-07-14,443.50209143726005,444.120305232638,438.1973691448277,439.49365234375,11976685
2025-07-15,440.730091607129,445.4365318116228,435.1262432749352,436.3626708984375,14870715
2025-07-16,435.564956700063,436.7415590765919,429.961108687544,434.6276550292969,11438515
2025-07-17,433.75018056022697,437.0805805938604,432.0949463345475,432.91259765625,10897805
2025-07-18,432.77282427382914,432.85270345550344,425.46546332967466,427.3621826171875,12832715
2025-07-21,426.8829985375476,432.77282388398464,425.30573504818955,432.2936706542969,9135495
2025-07-22,433.65132819632447,434.2503002206598,428.2606409072714,431.29541015625,7822810
2025-07-23,433.4516974406974,435.2086434818748,430.49677686852147,433.3318786621094,13952705
2025-07-24,432.333582404694,433.6113751332544,427.26235108149626,427.681640625,10292000
2025-07-25,427.08267899433366,429.2389599883455,422.9298449093829,424.18768310546875,8727375
2025-07-28,404.36187672461557,410.35153572567935,391.32438806949864,392.6421203613281,69123495
2025-07-29,392.72199647393273,395.2576274914692,389.9268342644319,393.86004638671875,25219670
2025-07-30,392.5422885575496,395.49717848247747,390.7254180066558,391.2644958496094,17949955
2025-07-31,387.57087488385605,399.0311005524212,386.33302172067715,395.0379943847656,21519590
2025-08-01,395.91647865379014,400.70819382102934,393.740243125793,397.7932434082031,13361865
2025-08-04,396.71508634722477,400.7081924613689,395.73679484684794,398.7116394042969,7716305
2025-08-05,400.90785292705664,400.90785292705664,398.2723883147173,399.9095764160156,12106660
2025-08-06,399.9095832308442,404.4217821702482,397.8531360202545,399.789794921875,13311395
2025-08-07,395.5171623489094,398.4121581122293,392.3226653559474,397.73333740234375,72760995
2025-08-08,398.09270145303674,399.21076625864436,388.96847008478943,389.8669128417969,10928645
2025-08-11,392.12299841430604,404.102316457085,390.60562909628055,394.4989013671875,11012565
2025-08-12,394.3192223672201,396.4954578524867,390.60563252278274,391.1247253417969,7889120
2025-08-13,392.9216464515522,398.57189524055485,391.76364202640497,396.8548583984375,13733665
2025-08-14,396.9147432965791,398.0128535417985,394.41905204152636,394.9581298828125,9922965
2025-08-18,398.8913126683514,404.50165221991955,398.73161523665283,399.5901184082031,21519720
2025-08-19,398.11265554022253,405.79939676706715,397.81318477657135,405.2803039550781,15558845
2025-08-20,403.40353741923343,404.1422522761842,400.4087079364848,402.8045654296875,13134705
2025-08-21,407.0971541469084,407.0971541469084,401.88614947500423,402.8644714355469,14493935
2025-08-22,401.3471205329002,403.0242178580681,395.3574611158864,396.63525390625,8958465
2025-08-25,396.71509429164684,399.0710427879616,394.65864703887974,395.97637939453125,11849075
2025-08-26,394.9182151985585,396.0961742336374,391.563990098439,392.46246337890625,18550690
2025-08-28,390.32613109392344,392.92165621721205,387.55092350321047,388.2696838378906,17989700
2025-08-29,389.36780016626466,396.29584196853955,389.36780016626466,391.3843078613281,15371790
2025-09-01,391.3843001490987,393.87999151385344,390.3660690396724,393.04144287109375,7891610
2025-09-02,392.52235636331784,394.35918158159484,387.41115477530616,387.8304443359375,12917095
2025-09-03,388.12991260908706,392.08310970382456,385.5543725003788,391.3643493652344,20037270
2025-09-04,391.5240589949514,393.66035488230744,388.62903274702046,389.2679443359375,9457295
2025-09-05,389.2679614904682,390.78533088354266,386.7523155444542,388.4294128417969,9906260
2025-09-08,387.830439450164,391.62387815197184,385.6342188554442,389.3478088378906,12527790
2025-09-09,390.52577811239297,392.5023460803835,387.2913415434412,391.40423583984375,15873920
2025-09-10,396.2958367943458,397.094445850384,392.4824130520508,393.9798278808594,42604510
2025-09-11,394.71853374228476,396.3157822827684,391.98326579975713,393.7801513671875,11816335
2025-09-12,393.9598642959161,396.3157822827684,392.52234365597906,393.7801513671875,18077285
2025-09-15,392.9216499510977,395.63696334270014,392.3027233742956,393.4806823730469,13098130
2025-09-16,394.59874454017506,405.4001038784605,393.9598634044166,403.64312744140625,20084385
2025-09-17,405.1006037174715,409.8324551862034,403.36361230393936,409.353271484375,23917190
2025-09-18,409.29336420936994,411.54947884380573,407.73605530957667,410.2117919921875,17420580
2025-09-19,410.2118054084459,410.2118054084459,404.78117864412536,405.49993896484375,22431125
2025-09-22,405.69957465069393,407.2169744699615,402.78462425101594,403.64312744140625,13229910
2025-09-23,403.9026791195159,409.912292698884,400.9876983267941,408.83416748046875,25428240
2025-09-24,407.6961409670819,408.91403958875,405.1006158183649,405.5598449707031,18394385
2025-09-25,405.7594805811606,406.79769673000413,401.3071756698445,402.0059814453125,20039275
2025-09-26,401.10750162038886,403.14399429235846,397.134380488437,398.27239990234375,9595825
2025-09-29,398.49201759617813,400.04932654446014,393.38084664130577,397.6335144042969,26530510
2025-09-30,400.1092337272251,402.30545434886966,396.5354170410758,397.8531494140625,29309685
2025-10-01,396.51544506843504,413.68578289613794,396.51544506843504,411.94879150390625,30579755
2025-10-03,411.94879673826716,420.873391358273,411.6892350915389,419.3759765625,23679650
2025-10-06,422.07130250014336,430.1773334721175,417.87855937496556,428.4602966308594,25764180
2025-10-07,427.661665298593,429.8778404445717,423.6086649677014,424.6468811035156,12364695
2025-10-08,424.5670085545185,425.76495261186983,421.7119522176401,422.83001708984375,4402475
2025-10-09,422.86994763844575,429.6582159116338,419.53570765694,428.1807861328125,15827485
2025-10-10,428.26063851870305,430.81622404096333,426.5835412319039,429.27886962890625,9681210
2025-10-13,426.46374053318596,430.45684660385257,426.0244964282141,429.6781921386719,10600020
2025-10-14,429.05925369589795,432.25375087682374,427.5818238833307,429.6182861328125,8022815
2025-10-15,430.25717184713756,432.4334073072979,427.5019189561206,429.1790466308594,11540535
2025-10-16,429.83789024916655,442.1566493057548,429.69814737826357,440.3197937011719,33692100
2025-10-17,440.0203387553533,441.2182828075126,437.3249798704862,440.3996887207031,16706510
2025-10-20,442.0368268502596,452.4189269358333,439.2816043963023,441.9969177246094,15207085
2025-10-21,441.99692517030456,443.19483872460165,436.62619257667416,438.6427001953125,1134020
2025-10-23,444.23305592905706,448.10637374054346,441.4378938305524,444.35284423828125,21496105
2025-10-24,446.8285814865207,446.8285814865207,432.8926496402778,436.6461486816406,16293685
2025-10-27,433.6912671732111,436.4465202022546,423.6685620728347,428.9794006347656,18599700
2025-10-28,427.6616621245238,432.8726668634206,427.6616621245238,431.4151916503906,23304345
2025-10-29,433.2520064367184,434.1105096143005,428.63997382324067,429.3587341308594,7088915
2025-10-30,429.25889349933607,429.85786549023834,424.54702721720923,426.70330810546875,12438465
2025-10-31,428.63998781695545,428.63998781695545,419.27614894935596,419.71539306640625,18931270
2025-11-03,419.7153819012876,423.10951597140115,416.8602952164107,421.97149658203125,7657265
2025-11-04,422.6103812272446,423.4888694452829,417.8785602386985,418.5973205566406,9581885
2025-11-06,413.88544344274857,420.03483034522856,413.70576098414875,415.92193603515625,11902845
2025-11-07,415.0234811753937,419.13637566744586,411.13020874189687,416.940185546875,7000945
2025-11-10,415.48270114228853,420.2344766765381,415.48270114228853,417.81866455078125,10866480
2025-11-11,419.2761547588791,419.8751267872455,414.26481740034535,416.6606750488281,10814210
2025-11-12,419.29610600196844,419.29610600196844,415.2830452341666,416.1814880371094,9035425
2025-11-13,417.1797633354703,417.1797633354703,412.2083656237895,414.32470703125,10711530
2025-11-14,412.4878765733133,416.3811489679997,411.88890455913486,415.22314453125,12202755
2025-11-17,418.2778695307826,423.24929765870917,417.7587766982812,419.8551330566406,25151640
2025-11-18,417.3993907722806,420.6737366734581,415.2830493375538,417.8985290527344,10300340
2025-11-19,419.1763088227944,421.2726956286347,417.17975576294305,420.4541015625,12464500
2025-11-20,422.231022614109,422.231022614109,417.91849125987375,419.0165710449219,36702845
2025-11-21,419.2761291233556,421.57215288256253,414.98355236832316,416.84033203125,39194210
2025-11-24,418.2778634098207,420.0747489664001,414.76394101396227,416.7405090332031,24922845
2025-11-25,418.1381045407307,418.1381045407307,412.62762890690965,413.26654052734375,15164895
2025-11-26,414.2847683954061,421.27270424785877,414.1050859279389,420.03485107421875,14896715
2025-11-27,420.07473849565287,425.3656222181128,417.5590926861503,421.3126220703125,20148975
2025-11-28,423.06957988633235,427.6217184114977,419.71538537936084,424.1477355957031,15840785
2025-12-01,426.0644107413828,431.8544328933307,424.8864517477903,428.77972412109375,16310160
2025-12-02,427.26236292000397,431.255469115518,427.14257460853577,427.7415466308594,18294165
2025-12-03,426.2840345662378,429.5983199705965,423.0895679365398,428.4802551269531,14031015
2025-12-04,428.4802595333141,428.6200024077155,423.5687255311066,426.34393310546875,12871640
2025-12-05,426.2640919682435,432.45341883855315,425.66511993805506,430.23724365234375,9658475
2025-12-08,430.99590795396324,431.03584754615895,424.46720125166354,425.58526611328125,14960235
2025-12-09,423.2692556956905,425.94462952858635,421.05308054396755,424.8066101074219,16037550
2025-12-10,425.2657883326833,430.3570045676905,424.00795019586315,425.16595458984375,10941335
2025-12-11,425.16597439476266,440.2399563162756,423.0895725858904,435.28851318359375,24978600
2025-12-12,435.58796372715665,439.44132685339974,434.19038272216477,434.5697326660156,14312745
2025-12-15,432.67301605831847,436.36662084660577,430.5566442778355,435.50811767578125,13779900
2025-12-16,434.8492644609115,438.0437310918794,433.5514866872522,435.7277526855469,8544595
2025-12-17,436.84582020539585,437.88403633768615,431.95427125005875,433.89093017578125,8060720
2025-12-18,433.89092601189697,435.0289454153279,431.2355067839153,432.17388916015625,5633400
2025-12-19,432.95255573324937,434.74944135307834,430.51675849260295,431.1556396484375,11504670
2025-12-22,433.25200532016913,434.44994931810686,428.6799123091702,429.1990051269531,9041130
2025-12-23,429.75803255956146,433.431682762064,429.1990001576581,431.7945251464844,8070815
2025-12-24,432.85270479082646,434.8891974200609,431.4750783200202,431.9941711425781,7791790
2025-12-26,431.6547805324864,433.9707894744504,429.8379098729294,432.0940246582031,3691745
2025-12-29,433.371809768569,435.6079394853607,430.3370405350784,430.9759521484375,4858980
2025-12-30,431.1955546423937,432.2537252971466,427.0427207389374,429.7979736328125,28360690
2025-12-31,430.8561647311619,440.3198069200647,430.39696604872137,439.4613037109375,14284445
2026-01-01,441.23822328745234,443.41445879659574,437.0454497037056,442.7955322265625,6734875
2026-01-02,442.79555083555135,444.812058529919,435.34841618914203,438.26336669921875,12238470
2026-01-05,438.6227487151993,440.5793621931248,435.6478736742348,437.4248046875,10914245
2026-01-06,439.6609766519108,444.83204192925524,426.2640917910288,428.5401611328125,26541035
2026-01-07,428.5401578343537,429.35875192013754,421.11297783622985,428.06097412109375,10561315
2026-01-08,427.282312232926,427.8613296845505,422.9897353114908,425.8647766113281,11484710
2026-01-09,425.8647757088061,425.8647757088061,422.4706415845176,424.62689208984375,10319615
2026-01-12,424.6269048044945,427.14258124433906,420.47410110582933,425.9246826171875,12720435
2026-01-13,424.6468622241772,428.1408299723652,423.2692357804946,425.7848815917969,12717650
2026-01-14,425.26579665231594,426.86304517405335,418.07819353698835,420.2744140625,10818517
2026-01-16,423.26923961026824,426.8630411339177,416.3811377945125,417.479248046875,17993251
2026-01-19,418.2778670921923,429.65821346900736,414.2847609624339,426.16424560546875,22228439
2026-01-20,427.26235367872204,430.2571832605823,421.77183277864503,423.069580078125,18805991
2026-01-21,421.3725208231926,424.7666548630621,415.68233253210144,420.8733825683594,16386060
2026-01-22,423.0695875208091,429.05924678990016,419.57561961383925,425.26580810546875,10087657
2026-01-23,428.26064647030415,429.05925553647,419.6754619165975,422.0713195800781,10548118
2026-01-27,414.28476603165916,414.28476603165916,399.80975613416746,407.9956359863281,47613963
2026-01-28,408.59457613120605,413.4861555551203,405.59974650757647,411.6892395019531,14823671
2026-01-29,406.2985522724163,413.88546007860776,406.2985522724163,411.6892395019531,26085514
2026-01-30,409.29336697447536,411.78905823651485,404.70128895932646,407.29681396484375,20681886
2026-02-02,407.9956287419803,410.14191718188175,404.40182715203855,407.4964904785156,15422034
2026-02-03,414.28476497574223,424.2675303968445,409.5928530418313,415.0833740234375,35396945
2026-02-04,415.98185236595316,417.92847336786326,409.8923592916805,411.63934326171875,14948177
2026-02-05,410.29165442230504,413.23658237604917,403.40355244835763,408.0455322265625,24814864
2026-02-06,410.291656059999,423.91812467556457,409.59285029920807,421.6221008300781,21228778
2026-02-09,429.2589181717522,434.1504671928058,423.46892634519605,428.06097412109375,22538542
2026-02-10,430.05750386079467,433.1521671026884,427.4620093337042,428.5600891113281,18428055
2026-02-11,430.9559807296188,430.9559807296188,427.01277633666,428.8096618652344,12299205
2026-02-12,428.6599459093862,430.30709612939364,424.3673689160354,425.515380859375,14003384
2026-02-13,425.2658038652311,428.1607997234299,418.8269080291661,419.9250183105469,23233320
2026-02-16,418.2778545856067,425.9645958415494,417.52914720866346,424.8664855957031,12403028
2026-02-17,422.91983585766116,424.76665348755984,419.8751046990307,423.7184753417969,6427007
2026-02-18,424.96633020713955,426.66338202595625,420.62382121681645,425.6152038574219,7333331
2026-02-19,424.9663325714642,425.2159017048829,415.13330262176845,415.6823425292969,6473423
2026-02-20,414.2847479397285,422.67026445563283,414.2847479397285,420.6238098144531,6603883
2026-02-23,422.2709613667453,431.05578241958824,419.6255347230468,429.95770263671875,10399627
2026-02-24,430.1573572910767,431.7047042153327,425.066140816881,426.962890625,15016915
2026-02-25,424.76666075154463,429.40864049284835,420.6737209121761,424.2176208496094,10192468
2026-02-26,425.9646173005251,425.9646173005251,420.9732345361176,423.81829833984375,13417228
2026-02-27,419.7752895678544,421.6221072796393,413.73572862213393,414.48443603515625,17806739
2026-03-02,409.29336774212993,413.8854457658916,406.39837196573063,412.3880310058594,15236666
2026-03-04,404.3019963799578,409.7925173184511,401.50683426999046,402.65484619140625,18393751
2026-03-05,402.9044175427905,409.3432829452956,401.65657186808227,406.5980224609375,14963265
2026-03-06,403.00423410756787,405.99906359918225,398.3123223847129,399.1109313964844,17512726
2026-03-09,389.32784630420565,393.1712170337948,384.4362974051748,385.68414306640625,20275976
2026-03-10,389.8269727333991,393.57050960343815,386.83214323736786,391.1746520996094,21346381
2026-03-11,388.17983764186386,390.4259598509032,379.29518255243795,382.5395812988281,29991868
2026-03-12,376.3502500034559,379.49481496486504,373.4053220680992,374.6531677246094,25048123
2026-03-13,372.35713734889805,372.956109346477,362.77367678257895,366.2177429199219,32179473
2026-03-16,366.2177558208054,372.70655334903427,363.42256322196357,369.21258544921875,27927294
2026-03-17,369.2125752937637,374.50342863910555,367.964729649581,373.5550842285156,15176772
2026-03-18,374.35368621702094,376.30033757134186,370.4604139733601,374.75299072265625,15235416
2026-03-19,365.51894984522363,369.5120560141513,362.7237877129672,367.5155029296875,17308390
2026-03-20,367.96473760820606,371.95784375595656,364.7702405040128,366.117919921875,17077194
2026-03-23,364.22119934703227,364.27110098771533,354.6377385322632,355.93548583984375,16980244
2026-03-24,362.3743722725201,370.3106826942331,360.77712376730335,366.2177429199219,19990983
2026-03-25,368.3141302991329,377.34852052247476,362.374372882694,370.4604187011719,42442702
2026-03-27,366.91653248814987,368.2143102776179,361.875248114207,365.5189514160156,28928069
2026-03-30,360.37783188924624,362.3244833333667,351.043940122664,352.7909240722656,39762775
2026-04-01,363.1729833091824,363.42255243747763,354.388162179184,355.43634033203125,21245776
2026-04-02,349.69625418438636,359.22981326793473,344.9045390549985,357.38299560546875,22056018
2026-04-06,357.38299591468177,360.77713000635,349.4966174609575,359.9285888671875,18320378
2026-04-07,356.3847356284031,363.3726716211169,356.3847356284031,362.3244934082031,23655155
2026-04-08,376.35024707477993,380.4930885291585,368.8132715541026,379.49481201171875,30162218
2026-04-09,376.3502495688028,378.0473318456893,368.8132739981789,371.259033203125,12422256
2026-04-10,372.8562713278809,378.4965274383721,371.7082594502558,373.9044494628906,23751660
2026-04-13,367.3158592120961,372.35714347258204,364.9699032875701,371.259033203125,30027087
2026-04-15,374.8528343640066,382.3399082860573,374.8528343640066,381.7409362792969,19100372
2026-04-16,382.489657752434,385.7839886784025,377.59810870294694,378.4965515136719,12060624
2026-04-17,378.6462660418718,384.5361217915114,376.0008393974469,382.9388732910156,11626179
2026-04-20,383.43802725185,385.3347465954633,377.34853423079045,378.5464782714844,11146713
2026-04-21,380.79258824495815,382.4896400388497,377.6979249602387,381.4913635253906,12323488
2026-04-22,377.4483767167286,382.1402583106071,375.6015589716455,376.2005310058594,14471487
2026-04-23,369.4122243125531,375.30208031632253,367.0163666909259,369.7616271972656,27628052
2026-04-24,369.96127682238074,372.1574668423793,367.0163489627464,370.2108459472656,19678907
2026-04-27,374.35368821303865,379.7943073343939,372.60670433471114,376.15057373046875,11559552
2026-04-28,371.35885715448444,382.5894677539144,371.35885715448444,377.2986145019531,12852733
2026-04-29,377.3485380642077,385.3846521518042,376.89930142813813,381.3416442871094,7913344
2026-04-30,375.95093944683924,386.18327366584316,374.65316170592797,382.6393737792969,24812228
2026-05-04,378.24696517794484,381.39153010501576,362.37437469345906,371.00946044921875,74467483
2026-05-05,370.3605885804022,374.8528329162831,368.11446641246175,370.7099914550781,19084772
2026-05-06,373.35543310528345,379.3450924599137,365.01981774375986,375.9509582519531,36195481
2026-05-07,375.4518237751584,381.79088608267705,373.65490767157956,378.7461242675781,27286751
2026-05-08,378.3467912544696,380.8424824896574,373.35540878409404,380.1436767578125,16183126
2026-05-11,375.4517990978753,385.3347303905433,373.7547168557587,380.39324951171875,21347878
2026-05-12,379.54476351967634,380.3932742308924,373.90447653581367,375.35198974609375,13065308
2026-05-13,377.2486841158025,383.33817687266134,376.2005059744088,376.9991149902344,16267456
2026-05-14,377.348531118611,384.3364668800667,374.95267352196544,382.5395812988281,10652514
2026-05-15,382.5395941444389,392.6221631382673,379.84423521708914,386.3829345703125,19461437
2026-05-18,381.3416277070331,392.322669342576,379.644545450093,391.1247253417969,14575831
2026-05-19,387.8304473935137,391.12474788808305,379.594665692107,381.291748046875,22567886
2026-05-20,375.6514488191217,383.3880919835906,375.6514488191217,382.5395812988281,12342444
2026-05-21,384.03700488284875,385.7839888631438,377.2487059947126,380.1936340332031,10133840
2026-05-22,380.3433501270712,385.63420344153394,380.3433501270712,383.4879150390625,10348359
2026-05-25,387.63076659912866,394.46896696119046,386.58258842271005,392.1729431152344,15571552
2026-05-26,392.17293714604006,394.26932393195074,386.3330134084967,387.98016357421875,15059212
2026-05-27,387.88032448404437,389.8269758580605,386.03353731867367,388.03009033203125,9326451
2026-05-29,388.1798214084353,391.8734261631799,380.5929139488522,383.537841796875,40109830
2026-06-01,383.4879085617731,386.33300265884606,375.0025583741757,376.7495422363281,12335552
2026-06-02,372.3571373134064,380.8923892669035,371.5585282933648,378.3966979980469,14834956
2026-06-03,376.9492192040528,382.7891429260207,374.45352790962045,380.3433532714844,14844206
2026-06-04,377.84766916897473,383.33819012123195,377.2486971539139,380.8424987792969,13889236
2026-06-05,380.8425073910831,383.0387280076408,374.0043068665559,376.79949951171875,10129597
2026-06-08,372.3571335100725,378.24695875141794,372.0576627468611,376.4500732421875,14460894
2026-06-09,379.0456221721567,381.7908827132733,376.64973405519595,381.04217529296875,13987913
2026-06-10,379.8442142140513,390.52578511775835,379.8442142140513,387.4311218261719,21427363
2026-06-11,385.3347498578859,399.2107878659894,383.8872366685407,392.6720886230469,16135289
2026-06-12,397.0644967807851,403.80286347662496,394.26933463368897,402.60491943359375,17227481
2026-06-15,407.29681182128,410.2916413199659,401.7563894347036,405.0506896972656,14269679
2026-06-16,405.05070789032584,407.84587002865305,403.8028622098258,407.1470947265625,9079548
2026-06-17,407.14708891430837,408.04553169844615,401.85620502552894,403.8028564453125,11654415
2026-06-18,403.2538307645823,403.5533015481981,398.96122325452933,402.25555419921875,9342524
2026-06-19,401.8063190152067,402.85449722664447,397.3140744547883,398.5619201660156,17504009
2026-06-22,398.56191327270693,402.405284089811,398.0627749968488,401.4569091796875,7158956
2026-06-23,397.31406041682766,404.30199615280196,397.31406041682766,400.957763671875,10077909
2026-06-24,400.95775888820594,407.2469192545386,399.51027621058415,405.2503662109375,11768059
2026-06-25,408.79424325061603,413.08682018788966,406.4982193939315,408.29510498046875,16587414
2026-06-29,401.8062949391593,404.1522508286948,393.42077835516443,394.818359375,37210245
2026-06-30,394.81837337924236,396.3157881961042,389.2280186366283,391.573974609375,24824891
2026-07-01,396.6651937755247,400.7082016225359,392.572253821956,399.7598571777344,21723944
2026-07-02,399.7598588170068,404.3020049583232,396.61526329534473,398.61181640625,12980945
2026-07-03,399.31062194785756,400.75813513841166,393.8700025378249,396.06622314453125,14747410
2026-07-06,389.07827098745855,389.07827098745855,380.0438807297398,380.642822265625,34164881
2026-07-07,380.8425077948944,382.2400888864662,377.9974135047407,381.04217529296875,23216875
2026-07-08,377.8476751518066,381.09207394769396,368.4638816505443,369.462158203125,22517529
2026-07-09,370.8597435066903,377.29863953014825,367.7650800654548,376.5,30720415
2026-07-10,376.79948336551075,380.4930881978325,376.25041300240804,376.94921875,15468937
2026-07-13,375.15230717775006,384.48619881106305,374.4535318868759,383.987060546875,14167721
2026-07-14,382.8390533207743,382.8390533207743,375.4518130133178,377.9974060058594,16237528
2026-07-15,378.69620814243245,382.1402438955259,375.6015448032169,377.7478332519531,8082156
2026-07-16,376.8494028903784,380.5929400051835,375.9010279686346,376.5,10889356
2026-07-17,377.5,391.79998779296875,375.70001220703125,389.95001220703125,17847316
2026-07-20,382.0,383.75,376.1000061035156,382.04998779296875,32539419
2026-07-21,383.0,386.95001220703125,381.04998779296875,385.95001220703125,17152911
2026-07-22,384.29998779296875,390.0,378.1499938964844,381.1499938964844,11688952
2026-07-23,379.70001220703125,386.1000061035156,378.8500061035156,383.3500061035156,12720546
2026-07-24,378.6000061035156,386.5,378.6000061035156,384.75,13308317
2026-07-27,386.0,388.75,383.54998779296875,384.6499938964844,16710096
2026-07-28,383.04998779296875,387.29998779296875,383.04998779296875,385.29998779296875,14247981
2026-07-29,387.0,392.25,385.1499938964844,390.20001220703125,9190194
2026-07-30,385.70001220703125,390.20001220703125,385.70001220703125,389.3999938964844,12205963
2026-07-31,390.20001220703125,391.8500061035156,388.0,390.29998779296875,7014637
2026-08-03,392.0,397.5,391.04998779296875,397.5,11247062
2026-08-04,395.5,398.25,392.1000061035156,398.0,9131231
2026-08-05,397.0,400.0,393.8500061035156,400.0,11842327
2026-08-06,397.25,398.79998779296875,393.75,394.0,10378024
2026-08-07,393.0,394.8500061035156,387.75,390.75,7315232
2026-08-10,388.0,393.5,386.5,393.5,11662079
2026-08-11,392.1000061035156,392.8999938964844,388.29998779296875,392.8999938964844,7853813
2026-08-12,391.0,394.25,387.5,390.5,10733474
2026-08-13,390.3999938964844,392.3999938964844,388.54998779296875,392.3999938964844,5726518
2026-08-14,393.1000061035156,394.3500061035156,389.8500061035156,391.1499938964844,9519332
2026-08-17,389.0,396.3500061035156,389.0,392.70001220703125,5105327
2026-08-18,391.0,392.8999938964844,387.6499938964844,387.6499938964844,5653147
2026-08-19,387.0,393.1000061035156,386.75,390.25,6704930
2026-08-20,393.6000061035156,399.54998779296875,393.1499938964844,397.3500061035156,9258923
2026-08-21,398.8999938964844,406.0,398.29998779296875,402.79998779296875,15670257
2026-08-24,403.5,405.6000061035156,398.20001220703125,401.45001220703125,14932117
2026-08-25,398.29998779296875,402.04998779296875,398.1499938964844,401.6000061035156,10154716
2026-08-26,402.5,417.45001220703125,401.0,416.70001220703125,20168995
2026-08-27,415.75,427.70001220703125,415.0,424.20001220703125,32914085
2026-08-28,424.6000061035156,426.20001220703125,421.0,423.70001220703125,18952918
2026-08-31,421.0,425.04998779296875,419.3999938964844,419.3999938964844,18992797
2026-09-01,420.79998779296875,429.1000061035156,420.75,425.0,7669677
2026-09-02,421.8999938964844,425.75,418.95001220703125,423.5,10022695
2026-09-03,425.0,426.8999938964844,421.1499938964844,421.1499938964844,5991118
2026-09-04,421.6499938964844,425.95001220703125,421.6499938964844,424.5,9408316
2026-09-07,421.79998779296875,425.70001220703125,421.0,422.1000061035156,7148641
2026-09-08,422.29998779296875,423.8500061035156,419.0,419.25,12406799
2026-09-09,418.20001220703125,420.6499938964844,413.95001220703125,414.0,10886349
2026-09-10,413.70001220703125,416.54998779296875,412.79998779296875,416.54998779296875,7755254
2026-09-11,412.6000061035156,420.0,409.25,419.0,15197483
2026-09-15,420.5,420.5,409.79998779296875,409.79998779296875,14367343
2026-09-16,413.6000061035156,417.04998779296875,409.3500061035156,415.0,10898426
2026-09-17,415.0,417.6000061035156,412.5,416.5,11475105
2026-09-18,415.5,419.20001220703125,412.5,412.5,15461137
2026-09-21,415.20001220703125,420.6000061035156,414.54998779296875,414.79998779296875,8470861
2026-09-22,416.5,417.79998779296875,412.54998779296875,412.6499938964844,3795161
2026-09-23,414.6499938964844,417.25,411.3500061035156,413.25,8628172
2026-09-24,407.0,410.0,404.29998779296875,405.0,12799846
2026-09-25,406.8999938964844,407.95001220703125,399.29998779296875,404.0,18175573
2026-09-28,402.0,403.70001220703125,395.75,401.54998779296875,15062655
2026-09-29,401.25,409.25,394.70001220703125,406.0,32613940
2026-09-30,406.1000061035156,419.1499938964844,405.95001220703125,417.0,32537029
