Date,open,high,low,close,volume
2021-01-01,684.4597386717061,703.1053660355215,682.5715738753703,691.4931640625,9543128
2021-01-04,693.900618369016,709.0059379525593,686.5839791957374,707.212158203125,4547027
2021-01-05,706.1736057288765,706.1736057288765,689.1801232380747,698.71533203125,3551554
2021-01-06,699.5651140912196,704.7103751052687,689.6050555027591,694.9390869140625,3601608
2021-01-07,701.4532249666906,712.7822137952239,698.7153629509082,702.7749633789062,4063641
2021-01-08,708.0618371288936,729.5869054531679,703.3414248813676,727.41552734375,5998381
2021-01-11,729.8229515480087,747.146899674643,720.5237621445804,744.9754638671875,6643610
2021-01-12,745.7779431021415,752.1976922394209,733.929719875905,736.24267578125,5532160
2021-01-13,740.7270921083585,790.6690784402174,738.5085213252061,782.0307006835938,19610461
2021-01-14,782.5499361405342,796.6639221343515,781.0865623008225,783.4940185546875,8576718
2021-01-15,781.700203423211,791.1410271360517,769.7575383775815,773.817138671875,4996951
2021-01-18,772.1649903856467,774.9027946743751,752.5752812864441,763.7626342773438,3955069
2021-01-19,764.7067559245571,773.7699240569981,756.7292479957154,762.8657836914062,3991167
2021-01-20,761.874433398319,785.4292988425732,757.1540217911423,778.3958740234375,4502291
2021-01-21,776.9797802024532,788.308768492161,755.5490991633134,763.0545654296875,4455107
2021-01-22,762.8185386025182,780.4728900673905,750.5454680556954,753.75537109375,5588252
2021-01-25,757.2484155518823,767.4917434288109,740.3965689722626,750.12060546875,3353172
2021-01-27,752.4337202764264,771.3153694678047,720.712572683799,726.8963012695312,6585102
2021-01-28,715.6144457848244,734.5904786202059,713.8206662095645,722.2230224609375,4622634
2021-01-29,729.3508456425385,755.2187264176245,704.2854694797339,707.6841430664062,8761073
2021-02-01,710.8940380901121,763.6210164055453,700.0842832241924,750.6871337890625,6592083
2021-02-02,764.7067644902927,790.5746459923084,757.72053149421,771.1737060546875,5334431
2021-02-03,775.0916798285624,810.872427195967,772.2594325210281,786.6094970703125,8802838
2021-02-04,788.3088278178872,843.584842483548,788.3088278178872,818.0474243164062,14706560
2021-02-05,830.6981423833014,832.3974792107182,794.1621412938597,817.1033325195312,15668083
2021-02-08,841.1774979084086,898.8137223517625,841.1774979084086,876.4862060546875,21179625
2021-02-09,877.5246410519051,886.4934243655072,835.7017998613417,844.9537963867188,9210613
2021-02-10,848.7300273865336,865.7235095811471,836.5513420981752,863.0328979492188,6465767
2021-02-11,865.2043245541405,868.6029981356286,851.8927281785095,863.0801391601562,3640848
2021-02-12,864.7795194886254,867.1869181985658,854.3946125952031,857.74609375,2484145
2021-02-15,859.964679050493,868.5558058200438,848.0220136715808,860.8615112304688,4178613
2021-02-16,863.8354359192759,870.2079924137623,851.6567493475918,861.1920166015625,4223635
2021-02-17,854.3945765533078,868.6974480384185,854.0169205424085,863.7882080078125,3903522
2021-02-18,863.7881359303911,863.7881359303911,841.7910292531192,844.4344482421875,4616205
2021-02-19,840.2333587308075,855.0082717393994,814.6014978285028,830.08447265625,5171996
2021-02-22,830.7925412718266,833.1527473549852,786.5150521028837,790.2913818359375,5960870
2021-02-23,795.0118688231902,809.0315288499155,773.2979708145714,793.9262084960938,7348084
2021-02-24,794.0677670186159,808.0402341043849,793.0292993183976,802.0924682617188,3184114
2021-02-25,805.3966875611973,818.1418002012584,794.9645883691464,810.966796875,6134649
2021-02-26,800.6291046662359,808.7482482534698,753.8498311163938,761.30810546875,12073749
2021-03-01,775.0916120215384,805.0190341441331,770.5600282503619,773.6282958984375,9223619
2021-03-02,786.3734584704822,819.4635355653539,774.1947722778243,811.9580688476562,9706013
2021-03-03,818.472308386182,819.4635834546265,799.6850441958799,804.4054565429688,5028771
2021-03-04,794.7757534966582,810.3059206594866,788.1199840332225,797.9856567382812,4574138
2021-03-05,793.0292043482245,812.6189138603979,791.4714453622256,793.4068603515625,5179108
2021-03-08,800.5346837355312,809.4090237347398,793.0292171204833,803.4141235351562,3474579
2021-03-09,805.3023588511866,817.2922179224188,794.917451527197,804.3582763671875,3536262
2021-03-10,808.5121769801461,826.0720862796034,801.5259442872951,815.4983520507812,3971353
2021-03-12,820.8796806844267,827.2050445499697,796.9472139054246,807.9457397460938,4012449
2021-03-15,813.7991175779655,813.7991175779655,777.9239824643197,797.1832885742188,3069303
2021-03-16,804.3582258679578,808.6065967792323,793.029236771226,795.7198486328125,2996797
2021-03-17,800.2042233118842,803.7445323301156,787.081512457637,790.1497802734375,2034583
2021-03-18,794.9174790853641,812.4301982462322,787.3648189515363,798.3634033203125,5033325
2021-03-19,792.9820052953112,811.9108454585946,774.6667841046846,802.7532348632812,7538327
2021-03-22,802.2812194760787,811.2971949557009,785.6181995340418,805.3494873046875,2906300
2021-03-23,811.8636380553438,816.6312424550606,794.4453069663971,797.419189453125,3925212
2021-03-24,789.4889286525072,797.7496498790655,763.3850265276953,766.0285034179688,4066262
2021-03-25,766.4060870570847,768.4830798784972,744.0313224698399,747.4300537109375,4501404
2021-03-26,755.1243239394411,769.0967902852975,747.8549351784183,754.6522827148438,4170972
2021-03-30,760.5054666533784,760.5054666533784,739.2164228331368,750.54541015625,5670999
2021-03-31,750.6398587382391,760.6943588856443,745.9194469548966,750.781494140625,3972382
2021-04-01,756.682098991227,764.5179719603913,736.1483052880964,762.4409790039062,5678798
2021-04-05,763.1018843995228,763.5739256564348,726.2354737591389,731.1447143554688,4176802
2021-04-06,740.1606527253437,747.3356564120581,731.6639105384456,737.4227905273438,2984229
2021-04-07,737.6115308193395,753.9441440005762,732.041479510384,751.7727661132812,2271095
2021-04-08,757.1540750973039,765.6508165884209,748.6573336061871,750.6871337890625,3324494
2021-04-09,750.5455218951224,756.2100163999913,741.104697720341,746.9108276367188,2065092
2021-04-12,735.4402338714499,735.4402338714499,697.2520869681866,709.4779663085938,4628388
2021-04-13,711.8381238564137,771.3153145765119,708.8170486763464,765.8868408203125,12501628
2021-04-15,759.986364316592,763.6683088820446,741.2463509286047,760.0807495117188,5256004
2021-04-16,760.0807125433926,790.9994109543317,758.2869905676909,775.705322265625,6915568
2021-04-19,741.1991053833751,761.8745340018294,741.1991053833751,750.4983520507812,4317341
2021-04-20,762.8185977873995,775.2804972954987,755.7851722115745,765.79248046875,4830957
2021-04-22,750.5455281273457,759.844716967835,741.5767450868303,754.9827270507812,4576665
2021-04-23,751.4895395992535,760.5527069776961,730.8141133880271,734.4016723632812,4796085
2021-04-26,736.3842820357544,748.9405666024334,732.2775465886727,736.8563232421875,3528851
2021-04-27,737.3283705417247,743.889754889811,733.5520408590526,734.873779296875,3624649
2021-04-28,742.0487656944483,756.7764280715584,735.2985534919799,738.3668212890625,5214319
2021-04-29,743.9370450631098,747.7605678438749,725.6218206509908,731.2863159179688,3642323
2021-04-30,725.4329797304312,734.8738042577808,708.4866881793946,710.46923828125,4466148
2021-05-03,703.2470109098664,723.6863605319853,698.668176643791,710.8468627929688,3749870
2021-05-04,716.5585746424155,720.0516912079356,690.218651418925,699.7067260742188,3820769
2021-05-05,701.594851353164,707.1177102871612,696.1191273920191,705.748779296875,3102424
2021-05-06,709.4779537249982,717.0306132456901,704.4271357194232,705.6072387695312,3662506
2021-05-07,709.9499390841482,728.831586400216,709.0058567183448,724.4888305664062,4833670
2021-05-10,728.8316350187649,739.9717961539344,725.6689819312367,736.8091430664062,2095644
2021-05-11,726.9434160055573,736.1010264069533,723.3559145678948,732.60791015625,2938331
2021-05-12,728.3595823466438,728.5484103538732,712.9238579277828,717.2194213867188,3480378
2021-05-14,720.429329263977,720.9958133346081,694.8447166849292,700.0371704101562,4984389
2021-05-17,698.620964262338,713.7262824085507,694.2782083441882,711.4132690429688,3479938
2021-05-18,718.4467660128527,755.218790068441,711.8381886645084,753.0946044921875,8634396
2021-05-19,749.601401848771,749.601401848771,734.4960839273853,740.9158325195312,4360320
2021-05-20,740.2078339379597,764.2819364305192,738.272476438492,758.334228515625,10092542
2021-05-21,759.042327222514,775.091729663786,755.9740591087414,773.1563720703125,5721630
2021-05-24,775.5636734197169,777.9238793643905,761.8744789406105,764.7067260742188,3495533
2021-05-25,773.8171559652121,781.7002208927196,763.1489788335167,765.8868408203125,5044078
2021-05-26,770.3712166769569,779.8120404107432,767.538969556821,775.2804565429688,3084558
2021-05-27,779.1512629583074,784.5325446445737,771.2210046615871,782.2667236328125,6902630
2021-05-28,782.6442978362736,805.3022750957073,765.1787736987934,798.5520629882812,11638455
2021-05-31,777.9238728175277,777.9238728175277,745.8250722401054,762.7713623046875,17596018
2021-06-01,767.5389866135207,772.2593985853136,755.501936085449,761.213623046875,7230033
2021-06-02,761.2135868462169,766.5948677625892,757.4372574483716,761.1192016601562,4244490
2021-06-03,766.5948637627259,767.7277741006111,753.4720961247988,757.2012329101562,5001405
2021-06-04,768.4831015448738,768.4831015448738,758.1925799617858,759.6087036132812,5084092
2021-06-07,762.7241533443887,766.358847341719,757.7204707933857,758.9005737304688,2994862
2021-06-08,759.1366926831398,764.706802316805,752.9057714168543,762.677001953125,2960405
2021-06-09,762.8185830633116,771.0793041051481,756.2100062298423,759.4671020507812,4176767
2021-06-10,762.8186065740978,765.6036612784841,758.1453870019537,761.8273315429688,2264605
2021-06-11,763.7626342773438,770.2295754371103,760.4583459955505,763.7626342773438,1783272
2021-06-14,763.7626936984612,764.2347349182996,749.6014571033106,762.2993774414062,1598770
2021-06-15,762.2049676999748,768.0110980048312,760.9304793999925,763.3850708007812,1640381
2021-06-16,763.573866413727,775.894130738805,756.7764613171333,761.0720825195312,3863280
2021-06-17,757.1541610756914,764.6124358359245,748.2325699724872,760.6472778320312,1988175
2021-06-18,760.9304216388786,763.7154762698167,729.8700873345089,737.8475952148438,5793496
2021-06-21,732.6080143558526,735.2986264112344,719.7212652812453,733.4104614257812,3024852
2021-06-22,736.4786301496295,745.4002200264964,729.4924552194728,731.8526611328125,2925669
2021-06-23,738.1780881638251,742.0488031466181,731.6638962323524,738.2252807617188,2700327
2021-06-24,739.2165006751407,749.6014068148936,735.440171169776,747.5244140625,3251137
2021-06-25,748.8462493151079,757.0597785762882,745.8251737955421,749.8375244140625,1763201
2021-06-28,750.5454569998672,754.3217863432627,745.116983568736,749.1293334960938,1409432
2021-06-29,744.881008148381,747.7132553276524,735.8178402235991,737.894775390625,3167773
2021-06-30,741.0103569983811,745.2587281319938,732.0887660933498,734.2129516601562,2393862
2021-07-01,734.4960593191704,754.0857678421431,731.5694271188404,735.864990234375,5697553
2021-07-02,742.0487704137491,743.2760660159443,733.5520287677901,738.8388671875,1963778
2021-07-05,742.0487601325683,749.1293780727646,740.632636544529,747.4772338867188,1320469
2021-07-06,746.3915101988412,750.5454957398726,735.1569643956869,738.1780395507812,1420179
2021-07-07,734.3072999526258,738.1780724753731,725.574537505772,735.3458251953125,3004815
2021-07-08,734.4489458132673,743.5593067870624,727.8875613300121,732.843994140625,2010027
2021-07-09,728.8315868705787,732.6079163362293,724.1111750385153,728.40673828125,1658120
2021-07-12,732.6079769875697,737.3283892104278,725.5273586532826,729.6340942382812,2681410
2021-07-13,734.4017637638326,738.4613067901976,730.3894133357076,737.4700317382812,2189466
2021-07-14,736.3842996605199,742.9928767087553,733.5992449514625,742.1904296875,2067565
2021-07-15,745.627426673685,748.4438287358934,740.0901283730319,744.5772705078125,2109663
2021-07-16,748.4914155123694,748.4914155123694,741.3311022262179,744.4816284179688,845054
2021-07-19,740.6629028320312,745.3409981704857,735.1256047362275,740.6629028320312,1265906
2021-07-20,739.899145467682,740.5674531241974,718.274972940215,725.7694702148438,2179910
2021-07-22,729.5882678770749,732.3568876424853,721.4255216266179,724.0986938476562,2182264
2021-07-23,724.1464066610583,733.0729079437548,723.9077295329565,729.5882568359375,1179241
2021-07-26,728.4426338705392,729.4927899819594,718.4181939548896,720.1366577148438,1187498
2021-07-27,721.7596132521649,725.578447184716,709.014278310588,711.7828979492188,1732564
2021-07-28,716.6996932695923,716.6996932695923,691.8295481286483,695.6961059570312,4016758
2021-07-29,696.937255159492,705.3864026842753,693.213868433202,698.3215942382812,2489035
2021-07-30,701.9016856322835,725.5784442646582,698.7033772641745,709.44384765625,4642619
2021-08-02,716.03142283443,724.6715236824749,710.8759732817076,723.3826904296875,2260861
2021-08-03,728.8245405735404,737.7033185585849,721.2823196147212,735.9370727539062,3235393
2021-08-04,737.9896927253262,740.6628649516751,729.9223940032147,731.54541015625,2659372
2021-08-05,731.3067822290312,731.6409069282619,722.4280039683977,724.9579467773438,1451370
2021-08-06,729.2063353259375,737.3213575167346,720.8049122413864,723.90771484375,4471604
2021-08-09,727.4878924035943,746.5820628078881,727.0105381434869,739.8513793945312,6700633
2021-08-10,741.7608153116712,754.0287968003184,740.0423515857092,750.6873168945312,4724852
2021-08-11,750.6873414572207,754.1720510670191,732.7388318872984,743.4315795898438,3147983
2021-08-12,745.627389262515,758.6591844830361,738.705752166288,741.0447998046875,3551026
2021-08-13,747.4890239154303,753.7423528709058,737.6077560812525,743.3837890625,3391864
2021-08-16,745.0545546208458,767.5379286822325,744.9113250340894,763.0985107421875,7131928
2021-08-17,763.0507404849927,767.5378819236711,746.582019467331,754.8402709960938,3835522
2021-08-18,757.9431594348811,760.9027327029517,751.2601994236883,755.5086059570312,2450964
2021-08-20,753.0741306179985,755.5086258892896,741.0925493645555,750.0668334960938,3050982
2021-08-23,754.2197565192223,757.5135126796976,729.0632094676865,731.2113037109375,2512960
2021-08-24,732.261470318553,744.5772341315734,727.1060207524546,742.906494140625,1662376
2021-08-25,745.5796317894578,747.5367726050845,735.6506398539503,737.0827026367188,1693443
2021-08-26,736.0802852077312,747.4413401554382,732.5001281785107,746.00927734375,2576883
2021-08-27,744.5772240266102,749.4462143401234,730.352043274133,740.0423583984375,2907125
2021-08-30,748.4437019698416,758.1817398262043,747.5367172870488,755.699462890625,3028708
2021-08-31,752.3103565036372,759.7570717285768,745.9137974020504,757.3703002929688,3324467
2021-09-01,757.3701711627402,766.1535002023935,734.0753208854079,735.030029296875,6031309
2021-09-02,737.8465034875742,739.0876712594537,716.0314357209251,718.3704833984375,4879865
2021-09-03,721.7596115107141,722.7143199915483,711.3532657613079,715.9359130859375,4257842
2021-09-06,718.8955442031198,725.3875507436255,713.2150166286325,720.5662841796875,3682183
2021-09-07,720.900383846683,724.3373694988078,714.2174241723551,718.990966796875,2273976
2021-09-08,721.7596698772359,723.4781336275482,715.0767099709651,720.5662841796875,2380939
2021-09-09,716.0314051183192,722.2370106293446,713.6923575407757,716.7474365234375,3313559
2021-09-13,719.3728420443205,719.3728420443205,706.818402182746,711.7828979492188,3139833
2021-09-14,711.0669017023641,718.4658928120756,710.923730385292,716.2223510742188,3089381
2021-09-15,717.9408174782836,725.5784857493292,712.6899205419398,720.900390625,3336656
2021-09-16,725.4353069914965,726.5332451907046,717.3202838848987,722.6666870117188,2686018
2021-09-17,723.8600271737502,731.3067421366504,715.2199265350395,719.9934692382812,5504398
2021-09-20,715.4586583916764,722.2370662404088,699.037658582416,704.6226806640625,2933375
2021-09-21,706.5797506934132,707.3435641242562,696.5075874850943,705.0045166015625,2380834
2021-09-22,705.4341993945382,724.6238187162584,705.004568875529,718.418212890625,2287017
2021-09-23,722.2370005661313,727.4878974638361,718.6568435904235,724.0986938476562,1890322
2021-09-24,725.1010765115157,746.6297406642519,718.4658410499139,744.1475219726562,4967824
2021-09-27,753.742424034981,776.8941071038198,747.5845420388024,774.602783203125,9210666
2021-09-28,782.8609810618747,784.7703980888549,760.186653866485,769.5427856445312,3853344
2021-09-29,763.7668365269379,778.755772347936,762.8121279812792,775.3187866210938,2291977
2021-09-30,771.4522538214528,780.3788139769168,765.0079709281165,766.6787109375,3264689
2021-10-01,763.7667993217676,793.3627627954861,751.355588832789,790.3554077148438,7704216
2021-10-04,794.7949089287142,813.4117266153328,790.5941677834182,803.0531616210938,6544700
2021-10-05,803.0530322753141,807.6833449278774,797.2292757950452,804.866943359375,2647442
2021-10-06,807.6834428834294,816.1803723875624,791.4533973408545,796.3223876953125,3288323
2021-10-07,801.6688339789937,847.5902949553328,799.2343386700358,838.4728393554688,9515673
2021-10-08,853.2230410783455,854.4641505366999,833.0309319780189,838.0431518554688,3938358
2021-10-11,839.1888480670268,861.6244998640407,839.1888480670268,855.0369873046875,5493159
2021-10-12,847.7812070959045,854.1300423717729,837.2794128638607,849.7860717773438,3433345
2021-10-13,852.554748866117,927.1652465572839,852.554748866117,892.9866333007812,17519612
2021-10-14,895.9939221397455,903.3929129725457,880.4321853326575,889.2155151367188,3354982
2021-10-18,914.6107984553439,914.6107984553439,867.1617714742237,869.6917724609375,2885649
2021-10-19,869.739462970453,885.5876011169249,860.3833311151582,875.945068359375,3476818
2021-10-20,871.6489836748682,883.0100397386401,854.130103532545,858.6171875,3551282
2021-10-21,867.1617914903848,869.8349638600131,852.9366686119965,856.3735961914062,2614538
2021-10-22,863.0565054190916,868.5938032023582,845.0124910129674,847.637939453125,1999394
2021-10-25,843.0076194925742,864.8704678137755,843.0076194925742,850.35888671875,2833933
2021-10-26,852.9366050406692,859.2376578902175,843.962321749947,854.0344848632812,3410657
2021-10-27,859.2377240218424,862.8656049802216,843.4850324147753,846.6355590820312,3362019
2021-10-28,846.8264469064909,855.4188234816413,838.1386227888187,843.819091796875,2171227
2021-10-29,843.4849573965291,860.6697103485806,822.9587247038008,844.2009887695312,2482056
2021-11-01,844.2010138070525,847.6857232339929,821.4312387785856,830.9305419921875,4146270
2021-11-02,835.3700111995793,839.4752464576026,820.0946738519298,822.4814453125,3704926
2021-11-03,824.8681744147527,830.5009780807599,804.8192951755052,810.5475463867188,3288759
2021-11-04,816.9918291310665,835.3699684366734,814.366380658837,833.3173217773438,973315
2021-11-08,838.2341924981366,838.4728696600097,815.6075858984136,820.5720825195312,4481883
2021-11-09,824.868097978612,864.3930509817321,823.531482844872,851.7431640625,15376349
2021-11-10,864.8704390083875,883.1053477454126,854.4640932239397,877.9976806640625,17083220
2021-11-11,877.3294014860792,886.7332570502228,869.7394571379089,882.86669921875,4935551
2021-11-12,891.6978026887881,896.9486998138292,883.1054255750846,895.32568359375,6239600
2021-11-15,892.6524935464067,905.5887827345532,879.3820214035524,886.3514404296875,3757546
2021-11-16,886.3514717889667,922.2007674274076,883.6305173648722,916.806640625,7368780
2021-11-17,916.4724544717075,934.6596401045703,904.3476446262044,911.2215576171875,5416608
2021-11-18,911.7466223678879,911.7466223678879,876.6133610344651,881.8642578125,3463426
2021-11-22,884.4420449829946,888.1176496792648,853.2230630041804,860.0491943359375,3731367
2021-11-23,857.1850702823131,867.3527399087659,853.1275588408026,860.5265502929688,3195288
2021-11-24,866.5889401215969,866.5889401215969,849.6905875686039,852.7456665039062,2708554
2021-11-25,850.549841774612,858.1875099166374,843.4849754349251,850.8362426757812,2288825
2021-11-26,844.9171019256726,844.9171019256726,804.8193411563186,815.0824584960938,3934155
2021-11-29,806.9196468464198,828.4960359320313,790.8327734398069,812.2659912109375,3936245
2021-11-30,812.2660257988556,821.8131113354449,791.0237604799446,797.6589965820312,6067618
2021-12-01,798.1363120419576,804.5328706945365,785.9637785748105,796.8952026367188,5121634
2021-12-02,797.9453893569913,821.0016240010546,797.2293579490488,811.0726318359375,4677008
2021-12-03,810.4998375951228,816.8486145090957,796.1792093023912,799.0433349609375,2933597
2021-12-06,800.0457420305379,802.5279608812689,782.9087123937461,784.9136352539062,1552749
2021-12-07,789.0665819315396,795.8927710726545,785.2477478992031,788.54150390625,1976433
2021-12-08,796.704275248627,805.487605455555,789.4962374382818,802.6712036132812,2346456
2021-12-09,818.5670782353652,818.5670782353652,798.1362933508467,812.5523681640625,4078098
2021-12-10,811.5977025517568,829.2598104548404,811.5977025517568,820.762939453125,3434165
2021-12-13,829.5939842133115,829.5939842133115,801.6687598651266,804.9147338867188,2683048
2021-12-14,801.9551701377367,803.8168634368561,788.589250635441,798.9478149414062,1979863
2021-12-15,805.7740191765216,815.0347037998876,800.236721220224,807.8743896484375,3208613
2021-12-16,814.2708615428286,823.1973622554955,807.8743032640141,814.6527099609375,3965285
2021-12-17,809.5928617093676,813.6503731035478,792.4081075693103,796.7997436523438,2675800
2021-12-20,788.5892296445727,792.4080636864351,760.9026828410707,777.4191284179688,2907378
2021-12-21,785.1523456388625,789.5439817210155,770.9271647396856,775.414306640625,1973119
2021-12-22,781.715381632691,789.7349570949016,774.268666286803,781.6199340820312,1979912
2021-12-23,787.5390608521137,796.0359314953419,785.4864142795032,789.4006958007812,1495208
2021-12-24,793.3627494262253,794.3651816792863,771.4044543157521,775.8438720703125,1071730
2021-12-27,771.4045208592897,785.8683789337159,770.402088519756,781.4766845703125,1492196
2021-12-28,786.6798233437237,801.9551597193299,781.9540044983637,800.7140502929688,1677680
2021-12-29,805.2488951733233,805.2488951733233,793.2195331228918,794.9857788085938,1575343
2021-12-30,804.819264176396,804.819264176396,789.6871577845952,791.73974609375,1874659
2021-12-31,796.9906529673847,806.7286914293272,792.5990171270885,799.2342529296875,1528983
2022-01-03,797.1815979074753,801.9551404099153,788.8756222990733,792.2171020507812,1537088
2022-01-04,799.9980737612921,803.864631892365,788.2551697714164,794.17431640625,1886453
2022-01-05,792.4081128264127,808.6381585108091,792.4081128264127,801.4778442382812,2634010
2022-01-06,801.0004717261543,804.1032745069767,790.0213234247827,801.8119506835938,2962301
2022-01-07,802.9098714683541,811.2635710823233,785.247763713105,791.453369140625,2531717
2022-01-10,798.0885824941915,808.399422643459,792.12165436721,803.8168334960938,3403434
2022-01-11,803.8646109121339,810.3088937193273,797.7067290199917,803.2918090820312,2117911
2022-01-12,808.4471664185739,844.1532885222585,804.3419314197871,840.6685791015625,9022415
2022-01-13,840.6686251208594,868.307450056076,828.6870441436768,855.4188842773438,5658001
2022-01-14,849.4996547788832,855.3711356603185,839.8093979743334,841.2891845703125,2027852
2022-01-17,844.1533259519477,863.056543909978,842.6735393283833,860.00146484375,3617269
2022-01-18,861.1470189545231,868.8801340647609,848.0675015801046,851.7431640625,3468168
2022-01-19,867.7823552839883,867.7823552839883,840.9072860730613,853.891357421875,4215758
2022-01-20,855.4188937393526,856.9464041698578,833.3173666474817,840.6209106445312,2486026
2022-01-21,836.133714892865,844.8215974364931,826.0138278319181,835.5609130859375,1872843
2022-01-24,831.7420703891572,838.5682013127699,809.6405449461845,815.9893798828125,3386669
2022-01-25,807.7788262922053,819.3785576996153,806.9673473878239,815.7984008789062,4742388
2022-01-27,807.3014895142625,823.7702112458015,803.100807049557,819.1876220703125,2927566
2022-01-28,825.2500484550914,855.418813664407,821.4312144655181,830.2622680664062,4208702
2022-01-31,839.0933323791726,848.5926354328784,832.6012678973943,845.6807861328125,2335040
2022-02-01,851.5999855430125,854.1777101578934,825.0591007867479,830.3099975585938,2921070
2022-02-02,836.0382641537302,840.429900045483,825.9661009033872,829.975830078125,1341479
2022-02-03,828.6869966533317,842.4348226711013,813.5548898960284,817.4214477539062,2630289
2022-02-04,822.3859558398486,822.3859558398486,798.2795653169542,803.5781860351562,2080640
2022-02-07,802.9099350665405,806.4423685515499,784.9614249855604,791.9307861328125,1801701
2022-02-08,792.4080935090443,799.759360970454,780.1401119961643,794.365234375,2729631
2022-02-09,800.0457477449428,807.6356922088518,795.4154346850429,802.1461181640625,2165223
2022-02-10,805.7740227416688,818.9012654107422,792.5513325251347,814.4141235351562,6949276
2022-02-11,814.3662936514144,822.9109457840931,797.7543436027343,814.9868774414062,5146850
2022-02-14,803.6258948783806,807.1106042767517,745.34095151938,787.6822509765625,4202165
2022-02-15,790.4986962358892,819.1399533458851,783.2429344096715,815.8939208984375,2728328
2022-02-16,815.8938512973334,838.7114074901242,815.8938512973334,825.1068115234375,4401342
2022-02-17,832.5057953845318,837.565738679387,820.0945851322394,823.1973876953125,2041741
2022-02-18,818.3761782279815,830.3577588399252,808.781368983787,813.4116821289062,1616856
2022-02-21,806.9196499393902,811.9795934235578,794.3174858652559,803.0053100585938,2255753
2022-02-22,789.5440021093522,817.2305511555084,786.0592924555725,814.6051025390625,2768989
2022-02-23,817.2304239764875,830.309941248024,807.3969387066271,811.78857421875,2265060
2022-02-24,781.0470071180732,794.2220311456324,754.6970756045207,759.7570190429688,5677898
2022-02-25,775.8916314574205,787.6345346840071,765.6762385655438,771.0225830078125,3470318
2022-02-28,770.4497544470347,770.4497544470347,751.1169074488284,755.0311889648438,5026913
2022-03-02,749.9235402806951,774.029930340641,734.1708497464729,743.0973510742188,5779175
2022-03-03,756.1291774802736,757.2271156296263,725.6262274164009,727.53564453125,2763929
2022-03-04,716.0314095604077,721.7596608368909,696.9372386387968,699.133056640625,4829850
2022-03-07,687.2468724456188,687.2468724456188,650.8725028550983,659.27392578125,7008637
2022-03-08,659.2739736805063,671.2078304854925,640.7526628816386,668.9165649414062,4000294
2022-03-09,673.069597107323,706.388952244073,668.2960538654271,701.567626953125,5490287
2022-03-10,727.440216814402,727.9652948811423,701.7108088362487,705.3864135742188,4064470
2022-03-11,700.7560812339069,708.2027963285569,695.6961375331055,701.5198364257812,2364792
2022-03-14,701.5197929807869,712.2125398171853,692.5932918289246,709.5393676757812,3563695
2022-03-15,711.2579512281642,734.3619124389958,711.2579512281642,726.7242431640625,4811450
2022-03-16,734.0276428861548,740.8538323039708,730.3520382893527,738.6102905273438,2277631
2022-03-17,749.4462481128197,763.6714295063339,741.8085793422432,758.4205322265625,3787641
2022-03-21,753.8377975800289,755.2698603096801,744.7680669589053,748.0140991210938,3008019
2022-03-22,747.5367631166156,753.3127379463102,734.1708439804308,750.0189819335938,5436875
2022-03-23,754.2197450195358,758.2295325332904,737.1304388810324,739.0398559570312,3277274
2022-03-24,738.6579870790671,744.6726390479903,728.1084696800439,730.9725952148438,2248114
2022-03-25,737.9896875925803,737.9896875925803,723.8600131194794,730.1133422851562,3148869
2022-03-28,730.2565870492498,737.7033020223373,717.2725159161987,734.4095458984375,4719388
2022-03-29,736.0803106980383,747.5368135882801,735.7939097799397,738.3238525390625,3519610
2022-03-30,744.0043858699393,758.993322252864,740.7584116554813,757.4180297851562,4407033
2022-03-31,761.8573954473546,776.1780231813275,761.8573954473546,770.0201416015625,7059986
2022-04-01,774.2686129538084,791.930720647576,771.1180864788067,789.1143188476562,3406177
2022-04-04,780.9516154549476,798.1363698292619,773.3139468441414,795.9405517578125,4163250
2022-04-05,799.0910684964689,813.4116969641475,795.9405418877368,798.6614379882812,2669967
2022-04-06,800.7140298931147,800.7140298931147,785.6773710314674,790.3554077148438,2049292
2022-04-07,788.5892366113497,802.2415567774622,785.0568034372632,796.5133056640625,2913537
2022-04-08,792.4081009467639,821.669941476787,789.5916990543019,818.567138671875,4145522
2022-04-11,816.2280809173259,822.3381806332386,807.8743811617229,818.0419921875,2922901
2022-04-12,811.5022696385475,828.1142217606391,805.1057106825335,821.8131103515625,2961076
2022-04-13,823.4360586425178,835.369914564873,823.2928290631371,826.8729858398438,3695363
2022-04-18,826.8730735866917,836.3247117885068,819.2354049858834,834.5107421875,3076843
2022-04-19,838.3295599387419,847.5902445885675,825.9183487074338,832.9832153320312,3301212
2022-04-20,833.8901989879338,849.5951663712576,833.8901989879338,841.3369140625,2208791
2022-04-21,841.3368631272887,872.6035664094659,840.8595088787058,869.7394409179688,3206906
2022-04-22,862.8655795147225,885.0625533968607,848.7836283421833,878.9524536132812,4924905
2022-04-25,872.937666883041,885.9694608165099,854.5595288219226,863.0564575195312,5476626
2022-04-26,865.5388149936764,900.1947846528435,865.5388149936764,897.5693359375,6384561
2022-04-27,887.8789372237086,898.0943301986115,881.1482537085891,884.87158203125,3154605
2022-04-28,902.1994975925205,902.1994975925205,876.8997233214076,881.1004638671875,2869224
2022-04-29,886.8287342306868,896.7099437332758,876.4223884451927,880.336669921875,3467791
2022-05-02,873.5582907452987,891.4113516201515,868.4983472727339,879.6206665039062,2740823
2022-05-04,876.3270371177496,882.1030124268201,850.6930765416116,855.5143432617188,2408261
2022-05-05,868.7847584883539,879.286552272279,855.0847144512742,858.3306884765625,2690817
2022-05-06,849.6905455697087,873.367304174124,847.1128210244982,853.3661499023438,4247088
2022-05-09,840.1435202212617,861.0516606805369,835.3699774927319,854.7505493164062,1790691
2022-05-10,854.7505313172464,869.6917430512302,844.057784176348,848.1152954101562,2436623
2022-05-11,848.3539931394239,857.7101835341164,836.8020430074752,846.8742065429688,3048794
2022-05-12,844.8215686302934,848.7358501426611,815.0346519992518,826.0615234375,4908042
2022-05-13,839.9525118596463,864.0111772902834,830.6918279185113,849.2131958007812,4956950
2022-05-16,854.4641202998334,867.7345919569375,852.2683023710966,862.4359130859375,2856221
2022-05-17,865.9206421665149,875.4677275266749,857.4714949310871,869.5485229492188,3469290
2022-05-18,868.7848370037852,880.9573718079591,864.2022473199012,871.9353637695312,3203522
2022-05-19,860.192386992288,871.6488893717636,840.2867374162631,842.5780029296875,2658159
2022-05-20,856.278085795267,870.0735771460131,848.4017405889815,862.8655395507812,3426756
2022-05-23,869.7394732664208,900.7197768058635,869.0234418669149,899.239990234375,6613972
2022-05-24,906.0183447762839,916.902044723637,900.3855414530293,903.9656982421875,4546511
2022-05-25,910.6010026181025,910.6010026181025,881.5301156393592,886.3514404296875,1363358
2022-05-26,887.9743891889134,891.2204215311921,873.3673601902292,887.68798828125,2384886
2022-05-27,897.4259888259253,914.610741803443,881.1959443471586,909.6939697265625,3269005
2022-05-30,928.2153703657511,965.926357384982,913.7037890231815,953.1332397460938,11690785
2022-05-31,952.7513909861719,995.7609986906075,947.0708635676726,987.5027465820312,13301109
2022-06-01,988.1233738866846,1009.3656396538138,968.8382490416953,999.9140014648438,7889745
2022-06-02,997.6226349064939,1010.0338458350557,988.1233316201069,997.2408447265625,4081658
2022-06-03,1002.5393636119067,1008.6973033069958,979.2444531110851,982.0609130859375,2660682
2022-06-06,981.440447666188,1001.1074216554633,971.8933615993964,989.0303344726562,3443406
2022-06-07,987.9323692367774,997.6703489931,971.9886678973099,995.3313598632812,2162861
2022-06-08,1009.0791921639984,1009.0791921639984,987.4073539040305,997.6704711914062,4293398
2022-06-09,989.0779842547865,1001.77565364225,985.2591503387448,997.7658081054688,2757706
2022-06-10,986.2138791413223,996.2383183775119,980.1037214414271,989.5553588867188,2425545
2022-06-13,977.2874270782728,982.3950944944927,953.3242075950905,958.8137817382812,4047155
2022-06-14,954.7085905882083,978.5763053529134,953.8016057729918,973.0867309570312,3614327
2022-06-15,978.2421099321689,992.2286130814422,973.8026919985678,979.0535888671875,3333753
2022-06-16,990.7009468007461,990.7009468007461,951.844358135414,959.720703125,3255301
2022-06-17,954.7085075046352,962.2984517934536,938.6216924614953,952.4649658203125,5318310
2022-06-20,959.4820660552302,962.3461916255443,934.7550919898714,938.1920776367188,3722583
2022-06-21,938.1920383999027,959.2433488071524,937.3327774564307,952.7513427734375,6263423
2022-06-22,950.0782871490671,958.4797111797797,928.5973436366148,939.2423095703125,2629024
2022-06-23,941.3426307276065,984.8773173190681,940.5788755414168,981.1539306640625,7303072
2022-06-24,989.9372139707331,1025.8342283409893,984.8772125749498,1023.4952392578125,7273273
2022-06-27,1040.4414882211993,1045.4059263690604,1023.4954104193263,1033.6629638671875,6316257
2022-06-28,1032.9946089271161,1070.6578130703554,1030.5600556073803,1061.6358642578125,11020641
2022-06-29,1055.9075212660923,1064.9294692931992,1041.3004357024797,1061.3970947265625,5052023
2022-06-30,1059.0582144397133,1066.886777735778,1038.7706582635296,1043.6396484375,4165189
2022-07-01,1042.923565985411,1062.924662008007,1015.8098218678439,1057.1964111328125,2839545
2022-07-04,1051.134021619602,1052.0887300861048,1030.5123420514533,1041.77783203125,2784613
2022-07-05,1041.5870586621243,1052.0888530207708,1029.1758471473602,1032.9468994140625,3675577
2022-07-06,1033.662841567614,1061.6358471052688,1031.6579770351705,1054.5233154296875,4957228
2022-07-07,1068.3188132176733,1087.3652012066707,1064.1180725026063,1081.97119140625,4917004
2022-07-08,1131.2818281598613,1140.7812479763813,1075.1450364139662,1082.257568359375,10482265
2022-07-11,1077.8181324659258,1115.0040990871462,1071.8035387403766,1112.283203125,4520273
2022-07-12,1111.2808462405933,1111.7104185078167,1090.2772563631936,1094.7166748046875,2452632
2022-07-13,1100.9697627776995,1104.1203473504474,1086.5536881655694,1088.7017822265625,3379695
2022-07-14,1094.4888137727203,1110.4508413773976,1091.0166015382179,1102.0599365234375,2423203
2022-07-15,1102.397410651819,1134.1287332453835,1099.8897935444738,1130.8494873046875,3879759
2022-07-18,1137.6009364284814,1137.6009364284814,1118.0702717716972,1122.0728759765625,3480683
2022-07-19,1120.6260875986047,1147.2456348994008,1119.758034567637,1144.111083984375,4056414
2022-07-20,1152.550303408575,1152.550303408575,1121.2047930648273,1124.242919921875,3028752
2022-07-21,1125.6413070200915,1138.083086341307,1123.423080119337,1133.4053955078125,2062279
2022-07-22,1138.083141553093,1143.773580807666,1128.727759432246,1139.14404296875,1983433
2022-07-25,1142.905418047707,1142.905418047707,1091.7881293080204,1095.5013427734375,4380502
2022-07-26,1093.717163730675,1105.2908903309997,1085.1815639097426,1095.6461181640625,2598868
2022-07-27,1099.5040390676493,1109.4382016019629,1086.772986761533,1097.6715087890625,1647876
2022-07-28,1101.5293682516708,1111.0777159196616,1095.019147259954,1108.3289794921875,1929675
2022-07-29,1117.6362471251894,1142.133874271066,1112.2833514725698,1123.08544921875,2230572
2022-08-01,1147.1491686256095,1204.3425941203632,1142.1820876572835,1193.7816162109375,12673841
2022-08-02,1193.733501915107,1215.0002733810625,1182.642013013434,1209.936767578125,5626351
2022-08-03,1215.1931443436406,1215.1931443436406,1187.2715732047036,1209.1651611328125,3820503
2022-08-04,1219.9671504908313,1220.0635746574378,1195.0354401207235,1216.977294921875,3075648
2022-08-05,1232.7947528632817,1233.0841431269694,1187.5125938405015,1191.9974365234375,5766297
2022-08-08,1200.7741416115118,1234.530844387739,1198.507643686201,1231.3480224609375,5412651
2022-08-10,1231.6375179464194,1234.2415595751622,1215.4825230947338,1223.0054931640625,2530492
2022-08-11,1231.6373478097817,1233.5180312002958,1209.4543728688068,1221.220947265625,3077633
2022-08-12,1220.0635886085408,1223.825073021412,1204.9213445233736,1214.710693359375,3355489
2022-08-16,1235.109587080841,1252.5666023848526,1229.3709943312329,1242.5361328125,4085782
2022-08-17,1248.0335326693398,1248.0335326693398,1224.9343501590668,1228.985107421875,2197165
2022-08-18,1228.7439725394797,1232.939424880072,1210.1295151868296,1216.3504638671875,2659857
2022-08-19,1224.8860251950991,1227.441913282667,1191.611562305941,1195.373046875,2513148
2022-08-22,1195.3730767058578,1203.088894379952,1175.7459890441874,1183.1241455078125,2443323
2022-08-23,1176.6139866298543,1231.6374614245435,1174.7333030658529,1227.8759765625,4449168
2022-08-24,1229.6601390494104,1237.9064660689203,1216.205729421822,1223.2464599609375,2570071
2022-08-25,1228.743910318127,1232.0713094494743,1212.0584082413886,1214.9036865234375,1769049
2022-08-26,1234.4343547573203,1252.855845177325,1223.7286817056133,1229.370849609375,4325600
2022-08-29,1204.6320658659563,1235.3024890160464,1198.0254203565735,1231.444580078125,2554692
2022-08-30,1238.3887632253725,1268.287557353088,1238.3887632253725,1262.2113037109375,5078317
2022-09-01,1234.5308408369908,1278.607402670135,1234.5308408369908,1265.4423828125,4913035
2022-09-02,1271.8080167755452,1283.3817443899575,1264.6225902411702,1269.203857421875,2316436
2022-09-05,1272.1455160711655,1277.4018700864099,1254.8813494328683,1273.6405029296875,2271837
2022-09-06,1277.9324182358316,1279.8613728293951,1254.3991486475477,1259.9931640625,1930221
2022-09-07,1245.1402201487106,1265.3459729095573,1235.6882953188733,1243.8863525390625,3162428
2022-09-08,1258.6428157526939,1284.6354306395647,1255.7493839923427,1274.9425048828125,4026323
2022-09-09,1290.4705393326728,1290.4705393326728,1248.0818119840824,1255.0260009765625,3415016
2022-09-12,1261.5361981449416,1268.8662014375088,1248.9979943407488,1250.9752197265625,3077887
2022-09-13,1263.4169783274538,1263.4169783274538,1245.14018078446,1253.67578125,2460291
2022-09-14,1238.3404743334138,1267.1783666373126,1234.5308364240007,1251.939697265625,2955136
2022-09-15,1258.6427664978203,1267.5641807431114,1243.2594020009053,1250.9752197265625,2555055
2022-09-16,1245.3812557618683,1250.926999979201,1190.6471715299333,1205.6929931640625,9047956
2022-09-19,1215.1449357208837,1252.3254638298122,1205.6930113835922,1242.8736572265625,4476773
2022-09-20,1253.8203666822,1265.394093143882,1250.49296741808,1256.66552734375,3780649
2022-09-21,1262.4524800182492,1276.003432804155,1247.6477774172542,1260.2342529296875,2887754
2022-09-22,1250.926934063122,1273.6404193195624,1247.0690252456566,1263.8509521484375,2010645
2022-09-23,1258.6427269871613,1271.2773545694981,1216.2057308282072,1227.1043701171875,4639618
2022-09-26,1205.5966038309975,1214.2286284208103,1173.0937664853313,1192.479736328125,3345338
2022-09-27,1198.459428938082,1208.3935918860318,1177.8195918686786,1191.852783203125,3588217
2022-09-28,1189.2969157248824,1216.9292134669176,1168.223110609712,1198.2666015625,3361451
2022-09-29,1210.4190489060236,1222.9089832333864,1201.4493626452117,1213.6500244140625,3474302
2022-09-30,1212.2995341595754,1237.1348213366864,1189.2486239377527,1223.14990234375,3320684
2022-10-03,1224.8379364064267,1230.769495524342,1197.9291131247487,1206.898681640625,3150821
2022-10-04,1220.0637001034502,1232.5536331808546,1210.4189277706166,1215.578857421875,3011962
2022-10-06,1222.9571386462908,1231.6374337944112,1209.9366959241104,1212.25146484375,3531469
2022-10-07,1215.241369327711,1217.1220529247203,1189.152211884638,1194.8426513671875,3501889
2022-10-10,1190.1647984572983,1202.269033736192,1174.7331641174956,1198.8450927734375,2230590
2022-10-11,1204.873201559021,1204.873201559021,1181.9668669286216,1185.873046875,1569478
2022-10-12,1191.7563208448953,1214.6143842566537,1186.4034250886295,1203.5711669921875,2884899
2022-10-13,1210.4189661205482,1228.888729269913,1196.4340457948526,1203.8604736328125,2137351
2022-10-14,1222.716062311321,1226.8150907197794,1184.3780907263279,1186.596435546875,1696759
2022-10-17,1183.4135751119472,1194.7461826975753,1153.9970192513815,1186.3070068359375,2158727
2022-10-18,1192.2386703948196,1222.330315880303,1189.6827819334387,1209.26171875,2722206
2022-10-19,1215.192985604588,1219.8707941523724,1199.809621553682,1204.0533447265625,1449579
2022-10-20,1197.1091107579468,1209.4544666015624,1180.0861815516232,1205.5965576171875,1831346
2022-10-21,1208.5863242182315,1223.8251106739756,1199.9543005972182,1212.106689453125,1750934
2022-10-24,1216.2058661945275,1232.6019801717734,1216.2058661945275,1225.8023681640625,318933
2022-10-25,1225.8022461687326,1238.2440255541514,1214.855453531954,1235.881103515625,2809493
2022-10-27,1237.7135472785335,1253.6755731300227,1233.6145194784976,1248.1781005859375,3279938
2022-10-28,1254.4472695590814,1269.1555465757172,1244.1755640301658,1265.0565185546875,2111224
2022-10-31,1271.4221093227197,1310.2423178569427,1269.830698345317,1300.6939697265625,4306893
2022-11-01,1312.6533864064136,1318.0062816224013,1301.4172041883119,1305.9503173828125,3405472
2022-11-02,1305.950350764224,1312.6534199591622,1291.049107942786,1304.3106689453125,2298917
2022-11-03,1292.3994622471012,1306.8666204065835,1281.3562452789765,1287.962890625,1931917
2022-11-04,1290.4704974408378,1303.973178281026,1283.7191570207438,1290.7598876953125,2204968
2022-11-07,1297.2218422110507,1307.4452770489556,1289.120210132963,1303.298095703125,2599224
2022-11-09,1316.366779955178,1316.366779955178,1283.7192478742306,1290.03662109375,2459869
2022-11-10,1291.435070476755,1291.435070476755,1244.754346846993,1252.0843505859375,2792546
2022-11-11,1258.7392528496525,1271.9043910411713,1233.1324521481677,1241.378662109375,5308986
2022-11-14,1257.6784191553402,1263.1758927589492,1223.00550676381,1232.7467041015625,3794391
2022-11-15,1238.9193889638418,1250.2519974780882,1229.9497027908617,1245.8153076171875,3192070
2022-11-16,1243.162871607004,1248.9980059096947,1230.6729386415216,1240.9927978515625,2478281
2022-11-17,1234.7237066449006,1239.3532444571101,1209.5991453646166,1214.6143798828125,2319979
2022-11-18,1205.644779115387,1211.335100446682,1174.009879647617,1183.5582275390625,4525364
2022-11-21,1174.733367976285,1191.033058123094,1159.301730958534,1174.9744873046875,4120736
2022-11-22,1177.2892812247342,1191.5634751266657,1172.7561671147707,1184.8121337890625,2469455
2022-11-23,1190.7436639350017,1196.2894084700902,1180.5202279910388,1191.8045654296875,2396267
2022-11-24,1197.7843848515583,1212.3479685643529,1194.6498336201867,1209.5028076171875,2133523
2022-11-25,1213.312356113788,1222.6677381571396,1201.7386293464067,1216.012939453125,1370326
2022-11-28,1214.1802673829222,1226.814894081771,1201.7384890140618,1206.271484375,2126619
2022-11-29,1211.3833125383624,1220.0636069753411,1204.1980047924746,1212.4442138671875,2435651
2022-11-30,1217.266676454829,1269.252022186953,1212.974799917188,1259.221435546875,7536690
2022-12-01,1268.28745948213,1270.1681428417435,1242.2465762836378,1247.5029296875,2613761
2022-12-02,1240.751784120377,1247.8407865119148,1215.2414064515792,1219.677978515625,2892150
2022-12-05,1224.355449994551,1224.355449994551,1208.1040338423245,1215.04833984375,2764806
2022-12-06,1204.1497929429338,1220.497634508017,1204.1497929429338,1218.1829833984375,1686075
2022-12-07,1217.1703615280167,1223.8252784936399,1207.9114029269106,1221.60693359375,1731982
2022-12-08,1227.731129354439,1236.4596945727635,1224.4037303121086,1229.0814208984375,1906386
2022-12-09,1235.9776457659284,1239.015772772872,1211.865713542637,1220.4495849609375,1308941
2022-12-12,1219.002696925279,1231.9267143191228,1211.8655424480196,1219.09912109375,1723401
2022-12-13,1222.9570181418546,1240.2693357766716,1221.9925409982095,1237.76171875,2164600
2022-12-14,1241.2822185645566,1245.1401275577643,1231.106936501356,1240.751708984375,1436837
2022-12-15,1240.2213782688564,1247.5513821704396,1236.2187739443068,1241.2340087890625,2417555
2022-12-16,1232.5537239291555,1241.2822906266363,1205.596630367751,1207.1397705078125,2136354
2022-12-19,1206.4646408150306,1248.9016407029526,1200.8224723312856,1244.8026123046875,2767603
2022-12-20,1242.1983986624641,1242.246669617477,1218.2311630943689,1229.9495849609375,1286604
2022-12-21,1234.434416687491,1238.870988350034,1213.7945806450118,1220.73876953125,1251993
2022-12-22,1220.738853030021,1232.2644272309096,1185.6319740289011,1190.11669921875,1557590
2022-12-23,1176.6621833122124,1186.3069553065748,1165.0884569189775,1181.0987548828125,1913648
2022-12-26,1181.0987556020987,1203.0888828562502,1173.0936654823226,1193.1065673828125,1677560
2022-12-27,1199.0863008180418,1204.1498062105973,1180.4718434241756,1190.406005859375,1304940
2022-12-28,1186.162419281619,1210.4190476478254,1181.484727783734,1207.8631591796875,1959508
2022-12-29,1203.378197478494,1222.571317977281,1194.5533249767482,1217.5078125,1289676
2022-12-30,1220.4014061817481,1220.4014061817481,1200.774315416332,1204.8250732421875,1372710
2023-01-02,1206.560959132326,1225.8505028434743,1198.4593272268373,1217.989990234375,1718385
2023-01-03,1218.1348003852938,1220.0637549385565,1202.4137736825871,1204.9215087890625,1510751
2023-01-04,1207.8630744787572,1211.1905916702162,1187.2715084995975,1192.2867431640625,1344532
2023-01-05,1195.9518049089095,1210.4189638392593,1187.2715095506996,1208.1524658203125,2745160
2023-01-06,1208.152438959147,1229.6602107836545,1203.8122913765376,1219.96728515625,2214972
2023-01-09,1227.7311432808372,1267.2265532871625,1226.477393623923,1263.8026123046875,3634805
2023-01-10,1263.9473169922446,1279.2825273686396,1259.3660504865497,1268.1910400390625,3139930
2023-01-11,1268.7696634715046,1273.109810552935,1254.302506533403,1265.97265625,2041750
2023-01-12,1269.2521866807317,1279.8614374812546,1263.4653226077191,1273.013671875,2448619
2023-01-13,1277.9322103765508,1289.5059360554328,1265.0081931549942,1280.9703369140625,2600139
2023-01-16,1285.6481381632575,1287.818211914846,1256.6655505206515,1268.8662109375,1651972
2023-01-17,1272.097279165857,1276.823241450807,1257.7748149042172,1273.9298095703125,1607137
2023-01-18,1273.4474876416245,1277.932330309897,1261.6326415689482,1275.18359375,1179938
2023-01-19,1270.7952240786233,1281.5008982007907,1265.6835652014292,1272.676025390625,2066881
2023-01-20,1277.0160716876123,1277.9322779253423,1265.0565309738065,1268.04638671875,1332666
2023-01-23,1274.412000643597,1298.1381176311545,1265.6835521036955,1281.259765625,1681075
2023-01-24,1287.6735581107978,1287.6735581107978,1274.1227233341822,1276.8714599609375,1408040
2023-01-25,1277.8358834393143,1284.683648106891,1259.6555115155395,1264.911865234375,1359090
2023-01-27,1271.277355830393,1292.2065814154178,1240.9445954121225,1273.302734375,1914769
2023-01-30,1273.2063634551425,1294.3284382672653,1258.6427808783765,1284.2978515625,2402331
2023-01-31,1302.3336197718206,1336.2831703663303,1287.8664616660863,1329.77294921875,5265862
2023-02-01,1337.2958235855442,1340.6232226200195,1275.038777196882,1304.0213623046875,3010838
2023-02-02,1300.163556451661,1329.2424502894655,1283.2369342389982,1304.3590087890625,2029111
2023-02-03,1310.9173458503715,1342.503973733623,1302.5747123676692,1338.6943359375,1803085
2023-02-06,1342.4558162444466,1342.4558162444466,1311.688970521439,1327.12060546875,1504382
2023-02-07,1333.775726471585,1335.8011053227374,1312.6536493460258,1318.151123046875,1413825
2023-02-08,1324.757751312115,1330.978582375254,1311.689037703149,1324.2755126953125,1241238
2023-02-09,1323.262718059913,1336.7653988564425,1314.5824232621437,1323.45556640625,1866387
2023-02-10,1329.580057689221,1337.6815717780862,1302.8158160628539,1316.9453125,3282665
2023-02-13,1326.1562440453506,1334.8365394609202,1277.9806515825562,1304.937744140625,4401219
2023-02-14,1309.7599699111438,1328.0850357640982,1302.0441527099001,1314.72705078125,2373179
2023-02-15,1315.7398305395993,1334.0167452506507,1311.7373440992276,1330.3516845703125,2007214
2023-02-16,1331.0750164808157,1347.3747053971379,1314.7753275644936,1319.549560546875,2646301
2023-02-17,1311.6408727814846,1323.793381094555,1284.9731693037002,1293.8463134765625,2150027
2023-02-20,1294.424764429416,1306.818272307612,1285.2622314692983,1298.4273681640625,1497314
2023-02-21,1306.3843793611456,1314.003772857715,1293.3639370419316,1303.8284912109375,2118816
2023-02-22,1299.0543537292658,1304.7929459292795,1264.574294107896,1272.8687744140625,2196484
2023-02-23,1278.1732966965994,1279.1377738116319,1258.6426351171947,1267.274658203125,1847879
2023-02-24,1273.3028457116338,1273.6405069436196,1232.7948003413715,1234.7237548828125,2824384
2023-02-27,1224.9344258801004,1239.7391286939644,1204.0534690623754,1212.7337646484375,2019964
2023-02-28,1218.8098050461213,1247.310153738793,1215.2412864572814,1224.500244140625,3407211
2023-03-01,1230.624782020901,1259.1734047098744,1223.9699827398288,1226.9598388671875,2338935
2023-03-02,1233.1324385577943,1233.1324385577943,1205.5965658990442,1207.091552734375,1563750
2023-03-03,1213.2157864944513,1231.5890048946233,1208.730944362937,1223.53564453125,1493291
2023-03-06,1224.45213302643,1238.6299014290237,1222.9571462036222,1225.320068359375,1570410
2023-03-08,1224.8861664365536,1246.0563959990636,1213.6018291622129,1244.12744140625,2370800
2023-03-09,1245.1400808520814,1248.8051413517665,1200.7258581401575,1203.812255859375,3596577
2023-03-10,1204.632034367964,1212.058461785666,1181.822124822116,1183.1241455078125,2664696
2023-03-13,1179.266256701658,1187.27146476812,1140.4460483694754,1151.0552978515625,3842775
2023-03-14,1149.9463428571016,1150.0427670412128,1115.7555516054053,1119.5653076171875,5379592
2023-03-15,1125.5449004885231,1132.6820553666196,1112.2350679392612,1119.131103515625,2226887
2023-03-16,1118.793528438025,1133.5018054282664,1099.6486799680254,1125.5931396484375,3604480
2023-03-17,1131.2354235727335,1144.111171694734,1111.0778249039693,1129.8851318359375,3683701
2023-03-20,1128.3901020158457,1137.2633632813443,1104.3264419251532,1126.171875,2082268
2023-03-21,1129.0169297601183,1133.2606527726255,1115.3214013053282,1119.0828857421875,2209422
2023-03-22,1126.0271709478313,1138.5653749926466,1117.9738095889304,1122.7479248046875,2211909
2023-03-23,1119.7579892426809,1133.2606695608529,1112.8138007440898,1123.567626953125,2594282
2023-03-24,1119.3240628672866,1128.9688348786058,1106.3517738716419,1109.92041015625,1839876
2023-03-27,1100.9508545511715,1109.727574566706,1085.5192175184786,1097.478759765625,2446528
2023-03-28,1102.9761578239413,1108.1843585125837,1083.4937644981014,1088.2197265625,1903339
2023-03-29,1093.6689334363675,1111.5117626085573,1091.7882498875094,1103.6513671875,4003003
2023-03-31,1106.8341204913197,1121.6870943851025,1105.1462852246182,1117.539794921875,2343070
2023-04-03,1120.0475596045476,1138.083238407729,1114.2606956804407,1128.342041015625,2546562
2023-04-05,1130.367296374624,1131.621163848176,1111.029481113509,1114.4051513671875,2028469
2023-04-06,1113.006809465048,1133.2608328608592,1107.5093359226605,1129.64404296875,2029418
2023-04-10,1129.644028080075,1148.6924545941256,1129.644028080075,1146.377685546875,2586918
2023-04-11,1157.3726428807822,1161.4234000372517,1145.9917647988411,1159.01220703125,2443384
2023-04-12,1160.7483341019074,1169.8625967359733,1156.0223721777847,1164.4615478515625,2469405
2023-04-13,1170.3448616609705,1178.7840375245023,1156.938722190705,1161.7611083984375,4470196
2023-04-17,1175.6495345844528,1175.6495345844528,1160.6519835052889,1169.8626708984375,1956198
2023-04-18,1169.910847528935,1174.6368093716128,1159.8802610684422,1161.9056396484375,2075066
2023-04-19,1161.8574675461089,1174.6849435002948,1160.6518710616535,1172.322021484375,1818732
2023-04-20,1174.7332268765856,1181.388143087964,1171.405827637913,1175.3118896484375,2172677
2023-04-21,1178.5429435238545,1178.5429435238545,1166.1012810279453,1169.6697998046875,1015815
2023-04-24,1167.4031780599757,1173.8651279386365,1153.5146834085851,1164.8472900390625,1389756
2023-04-25,1164.8474240121495,1171.8398842266708,1156.7940623463714,1166.872802734375,1360260
2023-04-26,1168.9462975141735,1174.009802515782,1162.4843477485886,1170.4412841796875,1708865
2023-04-27,1167.0657311989835,1181.484618841433,1167.0657311989835,1180.5201416015625,1340045
2023-04-28,1181.484608385531,1185.1013980030375,1168.4641657625066,1183.317138671875,2333102
2023-05-02,1186.3069257757675,1196.7233263639962,1174.2509610829243,1193.34765625,2607580
2023-05-03,1193.347731566571,1197.880727483562,1186.4034248247945,1191.5633544921875,1307304
2023-05-04,1191.1293550917208,1194.0710576776662,1184.3780146175166,1187.946533203125,1541188
2023-05-05,1189.0074833448268,1198.2181695313075,1165.1366737672654,1168.1746826171875,4753718
2023-05-08,1173.7206304649667,1195.8071846959388,1170.586079166996,1188.043212890625,3513667
2023-05-09,1194.9872987866183,1205.5965484126498,1190.2131835485195,1201.2081298828125,1846359
2023-05-10,1205.5965764197877,1211.1905916279918,1191.1294175027504,1204.2945556640625,2108081
2023-05-11,1205.5965963134045,1216.0611512225964,1199.9544277894663,1206.8504638671875,4100467
2023-05-12,1211.7691752071332,1233.3734879908002,1206.8503650437617,1230.6246337890625,2427624
2023-05-15,1234.4344803118527,1242.0056033277488,1227.3937491535553,1239.980224609375,2647630
2023-05-16,1241.282335894736,1245.8153322966134,1214.1322752419144,1217.6043701171875,1571371
2023-05-17,1220.063731509092,1226.5256820448126,1215.916432205603,1218.231201171875,1643851
2023-05-18,1224.8378924722176,1224.8378924722176,1197.1574412268933,1201.2564697265625,1900447
2023-05-19,1208.3936176060795,1217.6043050654744,1193.4923728669894,1215.627197265625,1588996
2023-05-22,1214.5179844755467,1224.3556053919767,1206.850437384862,1220.59423828125,917769
2023-05-23,1220.5941173471401,1225.609351487236,1211.913822904185,1223.487548828125,1803955
2023-05-24,1215.241299631196,1232.6018896259272,1209.9366749105836,1230.383544921875,1369297
2023-05-25,1234.5308604399538,1235.3024893213437,1212.8783936141335,1232.4090576171875,2040166
2023-05-26,1244.175576128366,1246.8761593562108,1223.2946214008005,1236.3150634765625,3508112
2023-05-29,1274.5565411799967,1302.0441396844462,1251.8913283780823,1282.8992919921875,6185862
2023-05-30,1282.706481511242,1287.8665290260699,1273.1099798927874,1281.259765625,2493657
2023-05-31,1277.9322487554196,1281.0667995542535,1256.9548703324533,1272.1453857421875,5629378
2023-06-01,1272.1454964440973,1290.181173977854,1266.165784570349,1272.049072265625,2364455
2023-06-02,1277.7876109054862,1297.2218502761325,1273.3993102308464,1293.749755859375,2313841
2023-06-05,1301.851405066768,1351.232591880566,1298.5238880009445,1345.83154296875,5105293
2023-06-06,1345.831400462263,1364.6387043535137,1338.7425171577502,1361.070068359375,2335838
2023-06-07,1372.2582459715295,1372.2582459715295,1345.445731961408,1356.4407958984375,2491079
2023-06-08,1362.5168184523598,1365.265672508489,1328.567269972092,1331.9912109375,1776230
2023-06-09,1331.701889500386,1337.729871980471,1314.5824192569444,1321.960693359375,1881329
2023-06-12,1328.953308907412,1335.6082258927786,1320.658827588773,1332.3289794921875,1389300
2023-06-13,1334.0168436203373,1339.1767737932205,1319.5978368846909,1324.3720703125,2516583
2023-06-14,1325.1916711506503,1331.9430115422474,1317.4758535602534,1329.676513671875,905086
2023-06-15,1332.714656405508,1357.2122833620945,1322.7804940449146,1343.275634765625,1720070
2023-06-16,1349.3036322668402,1359.7200333479325,1343.9025833756957,1353.9813232421875,2132678
2023-06-19,1359.4306084846503,1365.072776537443,1346.4101663317288,1352.7275390625,1476764
2023-06-20,1352.7755518301415,1359.8162817272942,1331.6534798727034,1346.843994140625,1042428
2023-06-21,1344.529434150081,1353.5472720637524,1321.9606450230442,1325.4327392578125,2008628
2023-06-22,1330.0139996157357,1342.5522026577985,1325.8185475292357,1329.724609375,1296616
2023-06-23,1327.9887492989726,1330.5927907808023,1319.887116850779,1324.4683837890625,1258590
2023-06-26,1326.1561547096746,1354.9940466388953,1321.2854977387638,1348.0015869140625,2281046
2023-06-27,1356.7301896195493,1366.664353040847,1344.0955603612529,1352.5830078125,2737379
2023-06-28,1358.9002116954455,1363.5297497164818,1340.7681095368118,1345.44580078125,2611913
2023-06-30,1352.8239245927593,1409.1011438549447,1350.2680365482015,1401.9639892578125,4114865
2023-07-03,1417.7815467301587,1444.835180480768,1407.4616873271668,1415.8043212890625,3615176
2023-07-04,1434.1775968272805,1434.1775968272805,1410.162090993319,1412.4285888671875,1595700
2023-07-05,1411.9464638060826,1425.4974166534075,1405.3398179996598,1422.9415283203125,1456527
2023-07-06,1425.3526200028477,1497.736681643541,1420.3373856088556,1493.7823486328125,5628945
2023-07-07,1491.9500458786963,1535.3996801358353,1484.6200415182584,1508.5872802734375,6905845
2023-07-10,1511.3358607148957,1522.9095877912064,1491.0335673749182,1496.2900390625,2276342
2023-07-11,1502.8967538644906,1520.0162259524704,1495.3256306005594,1513.6988525390625,1563376
2023-07-12,1513.264934817475,1523.536641956258,1486.8865033182312,1515.0491943359375,2658457
2023-07-13,1520.016221819104,1538.148442117163,1503.0895981436806,1511.239501953125,1859405
2023-07-14,1522.9830962835265,1527.0764224183404,1503.491406978213,1507.24365234375,2174792
2023-07-17,1519.3771699997694,1519.3771699997694,1490.6269284891903,1497.254150390625,1520990
2023-07-18,1496.9617095157578,1502.9554276540644,1487.2158650527647,1495.6947021484375,1059058
2023-07-19,1491.3090710643153,1510.118598451455,1485.2666950887494,1505.1968994140625,1081196
2023-07-20,1510.6547150990666,1514.2606300742991,1491.6503178109258,1506.0740966796875,1538263
2023-07-21,1509.5825457672115,1513.1398028257267,1480.2475774306467,1484.7794189453125,1668783
2023-07-24,1483.31748959007,1517.4279443441123,1476.4466218310542,1507.535888671875,2129706
2023-07-25,1512.0189615145632,1529.6102580070951,1508.7054696373907,1525.95556640625,1996604
2023-07-26,1530.2438266262043,1533.995953035425,1493.0634053686601,1505.5867919921875,2100855
2023-07-27,1460.9020581000364,1461.8766425283886,1401.7934887269068,1410.613525390625,11879512
2023-07-28,1422.8933108165538,1433.6137398706512,1413.1474662219198,1430.4951171875,4714146
2023-07-31,1439.2663394480558,1441.4103776153227,1420.554246938074,1437.7069091796875,2460789
2023-08-01,1437.7068987438654,1465.7749778211885,1432.8339766101512,1455.3956298828125,4184243
2023-08-02,1455.3957489354016,1458.9530061775647,1428.0099480973124,1447.5504150390625,3188395
2023-08-03,1447.2579309973505,1463.387351485497,1410.8084482008883,1431.810791015625,2222395
2023-08-04,1443.3594797912024,1464.2642673435212,1379.7678484229539,1427.425048828125,8066091
2023-08-07,1451.1563622423873,1492.0889124198086,1443.1160398861082,1488.0931396484375,9257291
2023-08-08,1491.114184461703,1495.0125221988578,1447.2578849187119,1461.584228515625,3426948
2023-08-09,1466.7496420013185,1498.4724144038287,1454.323689884696,1495.7435302734375,3713003
2023-08-10,1495.4998086480346,1516.502150713083,1492.8684782727344,1506.122802734375,3600607
2023-08-11,1509.1927185057004,1519.961804732866,1494.0866603227305,1507.14599609375,2402812
2023-08-14,1505.6841544773763,1511.336791709462,1485.266658433158,1507.535888671875,1875450
2023-08-16,1519.4258724186377,1533.0212773547753,1499.4955498479212,1530.6822509765625,2361632
2023-08-17,1533.0213747560922,1538.9176583999788,1520.497988082007,1533.5086669921875,2377711
2023-08-18,1528.879384780258,1542.3286980311148,1505.3431460751744,1513.1885986328125,2202570
2023-08-21,1506.707505719306,1513.188515873177,1492.8196778043641,1499.4468994140625,1487526
2023-08-22,1498.9108344271503,1515.4787695281007,1495.7434350696158,1511.0931396484375,975607
2023-08-23,1506.7564020813265,1515.3326742338554,1497.059215001123,1503.247802734375,1405076
2023-08-24,1510.654733798665,1515.4301026174544,1489.2138750543318,1503.004150390625,2111147
2023-08-25,1491.9914544988615,1507.9258874902125,1469.8683146767135,1481.417236328125,1455320
2023-08-28,1489.16507987736,1513.5296917863482,1485.3641766259916,1509.875,2132512
2023-08-29,1515.3813240541601,1524.5910991485298,1500.8599925405601,1521.1800537109375,1325882
2023-08-30,1529.1229846870838,1548.614673465759,1520.1568554360238,1542.9620361328125,3140040
2023-08-31,1548.5660224725764,1549.5893838037323,1527.3201513583592,1535.3604736328125,3512885
2023-09-01,1536.9196344922045,1563.7207061146114,1534.9704656469385,1551.4896240234375,2147299
2023-09-04,1565.085202402703,1565.085202402703,1524.4449591881423,1536.3349609375,2200142
2023-09-05,1537.5044059100883,1543.839204840789,1525.4683117353222,1531.2183837890625,1078759
2023-09-06,1536.9195556640625,1540.7204585109491,1519.084614057498,1536.9195556640625,1301466
2023-09-07,1532.2415883725735,1537.7967909865536,1520.5953520583437,1525.95556640625,1514369
2023-09-08,1525.3221575624725,1537.8943212445402,1520.3518004698876,1527.7099609375,1223910
2023-09-11,1527.8074380702465,1548.6147936628988,1524.250180798473,1541.89013671875,1921950
2023-09-12,1541.9875560799824,1549.053293740573,1474.5951327397888,1518.3538818359375,3770868
2023-09-13,1524.2500068701534,1528.7330713320894,1491.2115718023574,1497.887451171875,2382637
2023-09-14,1505.7329457016283,1535.3603361937887,1499.2519354427454,1526.19921875,2220196
2023-09-15,1539.502316090479,1569.7630912111094,1531.900509961953,1560.4071044921875,5425897
2023-09-18,1567.8628237007017,1627.5561246807595,1561.3818129435856,1599.731689453125,6887528
2023-09-20,1578.9241999916487,1622.6830643802116,1578.9241999916487,1592.470947265625,6116670
2023-09-21,1596.1743684806625,1614.1066261605029,1535.0678555808436,1543.0107421875,2898266
2023-09-22,1539.8434744393662,1576.8289077731033,1526.2967264086435,1566.303466796875,3827771
2023-09-25,1571.955957470632,1578.8268255020785,1542.133696782492,1549.05322265625,3231962
2023-09-26,1549.0532437697352,1565.7673912833116,1541.7926370295163,1554.6571044921875,1479841
2023-09-27,1554.3161187882795,1558.945395320407,1543.010961998125,1548.8096923828125,1991198
2023-09-28,1555.388022063195,1556.3139486813175,1504.7584069301072,1516.502197265625,2369699
2023-09-29,1533.995968243576,1536.432429438372,1510.7033754277597,1514.7479248046875,1254881
2023-10-03,1556.6062511741966,1557.3859663289525,1494.0867532696104,1498.326171875,3436776
2023-10-04,1492.8684572156794,1498.8133983644923,1463.5821479042138,1483.4149169921875,2580901
2023-10-05,1494.0379152569521,1511.3855655130799,1474.5950036729298,1498.862060546875,1991367
2023-10-06,1505.7331028353242,1514.5043636285397,1501.2012609652618,1509.4852294921875,1743027
2023-10-09,1500.8600495080852,1502.078280067751,1475.5208538670397,1476.6903076171875,2123175
2023-10-10,1482.781560690548,1504.6122775896529,1480.588745534858,1498.7647705078125,1956653
2023-10-11,1500.8600752517216,1519.523391539489,1500.8600752517216,1516.745849609375,1536986
2023-10-12,1519.3771687807002,1530.1463746199338,1516.0635578326414,1526.832763671875,1731806
2023-10-13,1520.838987850392,1534.3857350858798,1510.8982743506433,1522.7393798828125,1465554
2023-10-16,1523.129273057268,1537.1633128310311,1518.889854523482,1534.531982421875,1089610
2023-10-17,1534.9704738652536,1543.6442990666922,1528.7331097334425,1536.52978515625,997962
2023-10-18,1536.5298636561854,1539.3074056238977,1522.057307956774,1534.8243408203125,1212994
2023-10-19,1513.8707182854944,1538.7713983508947,1513.8707182854944,1529.6590576171875,1239578
2023-10-20,1526.199269826428,1534.970529997844,1505.8304307459064,1518.646240234375,1435102
2023-10-23,1508.9003488926476,1534.8730478342763,1507.194826134332,1525.370849609375,4069167
2023-10-25,1533.9959466525263,1536.5298424658831,1507.6821661190968,1529.220458984375,2510769
2023-10-26,1514.5042754598792,1518.5974826712868,1461.8767137643622,1467.8216552734375,3343802
2023-10-27,1470.01441841752,1494.9637563242254,1468.9911761347287,1472.4022216796875,3341111
2023-10-30,1463.923307853809,1476.9339867281697,1426.011948196397,1459.732666015625,2637486
2023-10-31,1456.2239900881245,1459.2452969588057,1418.556397498933,1421.52880859375,2555737
2023-11-01,1427.6688833508563,1447.2580083572764,1413.1475502478456,1417.630615234375,2627536
2023-11-02,1427.7663021639428,1439.9486084963999,1415.583995831486,1432.3468017578125,2091122
2023-11-03,1442.3848566999234,1450.2789662437042,1423.3316848232805,1431.6644287109375,2456723
2023-11-06,1444.1392004718446,1454.2747829801363,1436.098879233284,1450.4739990234375,1271868
2023-11-07,1450.425325347596,1458.9529393887797,1437.5120812280895,1442.141357421875,1940908
2023-11-08,1447.3067960588555,1451.5462149479263,1436.5375894732947,1449.5970458984375,1342202
2023-11-09,1449.5968547553862,1519.0846508263387,1449.5968547553862,1512.603759765625,4831782
2023-11-10,1510.6058967787005,1511.5804812282352,1476.7878639669798,1485.3641357421875,4872228
2023-11-13,1487.4595769143225,1504.0762900453635,1474.595109241656,1501.103759765625,1968032
2023-11-15,1509.6312516121955,1511.3855511379315,1494.5739700596164,1504.904541015625,2782942
2023-11-16,1504.953196364343,1543.6929266111188,1499.398112821746,1529.6102294921875,3224223
2023-11-17,1534.9705029815955,1555.4367763546834,1532.6802533262678,1544.27783203125,2035309
2023-11-20,1549.39447205178,1549.39447205178,1501.4448436930572,1512.75,2918577
2023-11-21,1513.5297090066015,1531.4620873692097,1509.7775825234937,1520.108154296875,2213144
2023-11-22,1520.3517099335002,1524.8835513239824,1495.9870991973864,1504.2222900390625,1269475
2023-11-23,1517.0380616549448,1521.277480024878,1496.0844969388052,1506.561279296875,1552635
2023-11-24,1509.6314020308691,1519.8645393590318,1508.169525269703,1513.724609375,1239270
2023-11-28,1513.724420274251,1532.0466543124442,1502.9553341930143,1526.2479248046875,2596766
2023-11-29,1535.9451397565997,1582.140467880409,1527.417525560616,1577.94970703125,3581220
2023-11-30,1574.002717020949,1617.810241949249,1572.6869327944953,1605.87158203125,5214960
2023-12-01,1613.911837223162,1623.6576816508382,1579.9962510277182,1584.18701171875,2489755
2023-12-04,1620.5878636314992,1632.4290894770947,1597.7825618118038,1614.7403564453125,3001010
2023-12-05,1618.6872979937207,1664.590200694723,1598.9031865458744,1643.1981201171875,3423953
2023-12-06,1645.1959633314013,1666.9779016918808,1641.3464023946628,1659.132568359375,2279220
2023-12-07,1659.717296223209,1662.6410495342304,1638.9099422866711,1649.63037109375,2461051
2023-12-08,1655.8189934830966,1664.736465063814,1620.2954375902643,1626.1429443359375,1942667
2023-12-11,1631.4542388514603,1631.892754231766,1605.2378954491126,1610.208251953125,2037178
2023-12-12,1620.733956513441,1627.556047731477,1585.161623733681,1593.83544921875,2051527
2023-12-13,1597.3439626536574,1628.0433737723824,1588.1341869051728,1623.803955078125,2247441
2023-12-14,1633.403568289508,1666.3932287361567,1628.579422760272,1660.25341796875,3326228
2023-12-15,1683.9844704663983,1695.3870607784934,1654.8443720414782,1681.109375,3858594
2023-12-18,1676.285220973089,1687.834022684484,1655.5753018186251,1667.319091796875,1739425
2023-12-19,1676.2852265360254,1680.0373528134855,1648.3147008664212,1656.1600341796875,1660221
2023-12-20,1666.539393442572,1668.4397855146299,1598.9032094706938,1605.091796875,3047660
2023-12-21,1593.4455028910681,1611.1342336433318,1579.2165943652385,1592.32470703125,3211338
2023-12-22,1588.5726157951851,1610.0134731862856,1581.5068787003904,1592.714599609375,2751274
2023-12-26,1599.1956969049481,1626.5814969973162,1592.9583324398523,1620.0030517578125,1203594
2023-12-27,1627.5560610792,1648.802050062456,1618.0538625190072,1645.0498046875,1793638
2023-12-28,1646.024328280917,1695.7281342960569,1645.4883782241945,1690.367919921875,2963938
2023-12-29,1686.0310159102917,1713.3193791735796,1671.4122498763875,1685.4462890625,2273255
2024-01-01,1685.4463963495978,1686.0311232346103,1655.819004841389,1660.009765625,1307485
2024-01-02,1660.3020153452944,1661.6664573443036,1607.5282445340201,1614.106689453125,2857334
2024-01-03,1629.5051977137139,1635.5475737066215,1606.163947761824,1613.180908203125,1927812
2024-01-04,1624.5349428190925,1631.89298448575,1596.5642960133312,1599.975341796875,2835768
2024-01-05,1606.06643020633,1619.2720973657197,1594.9074856087875,1600.2677001953125,1709313
2024-01-08,1606.2614099137832,1611.3779783554487,1565.2800855700725,1575.07470703125,1492195
2024-01-09,1583.699610422029,1595.1997536417598,1573.9537666655858,1588.47509765625,2542484
2024-01-10,1603.1915191787498,1605.5792036414562,1580.1425717203938,1591.3016357421875,1954233
2024-01-11,1602.1194938001274,1609.2826661283125,1584.5281958731805,1587.257080078125,2228002
2024-01-12,1588.572687690109,1592.3248141097986,1560.7970302673066,1583.1636962890625,3061539
2024-01-15,1593.445498374212,1599.195570143561,1575.0258293700833,1593.9815673828125,1405514
2024-01-16,1596.3692855464485,1598.3184543932696,1576.4390816748332,1579.1678466796875,2236688
2024-01-17,1571.0302340446374,1573.9539875819412,1550.5639592835098,1557.0936279296875,2548169
2024-01-18,1559.3351464677694,1582.0430121253385,1540.4769608337408,1576.146728515625,2328588
2024-01-19,1583.6510083131125,1616.8356575516216,1581.0196777957312,1613.473388671875,2836976
2024-01-23,1577.8522625479056,1605.725354695581,1547.8837899887037,1554.6571044921875,2772880
2024-01-24,1554.46222519465,1590.8142734085914,1534.9705358505164,1586.720947265625,2543323
2024-01-25,1590.1320799746322,1600.9987211725975,1563.136136341873,1593.9329833984375,2038472
2024-01-29,1593.9328514657368,1603.1914036448409,1583.6997148467274,1598.3184814453125,3075670
2024-01-30,1608.0155218190741,1617.3228506497749,1573.4177747880005,1579.1678466796875,2569098
2024-01-31,1574.0026197372572,1616.153396026222,1568.1551132000595,1609.574951171875,3154787
2024-02-01,1617.0792911227757,1659.3275043460376,1603.7275313943246,1609.1851806640625,4065784
2024-02-02,1612.9372770650261,1644.1727565131453,1608.0643547778207,1618.5411376953125,3304158
2024-02-05,1634.0857298299431,1669.316982140016,1622.7805737952524,1660.25341796875,3525423
2024-02-06,1667.4653339609274,1686.0312166212614,1662.641188182585,1683.740966796875,2219874
2024-02-07,1687.4442479096997,1707.4720065323577,1672.0945423715236,1677.2598876953125,1213661
2024-02-08,1685.0565693326275,1699.5779019076028,1632.9650763582629,1643.052001953125,2550690
2024-02-09,1643.1494297342783,1646.804121526392,1586.6235300162546,1604.555908203125,2033950
2024-02-12,1611.9626352867278,1632.4776849734865,1598.8545223873969,1618.2486572265625,1197925
2024-02-13,1627.55593774314,1636.717054838971,1582.1889866219137,1604.8968505859375,2075130
2024-02-14,1589.5473287741165,1636.960888769315,1582.627802577312,1614.935302734375,4368695
2024-02-15,1638.3253311937287,1739.5359083356157,1625.7043904619047,1720.1904296875,9887134
2024-02-16,1742.5570207436062,1817.2589436646876,1731.6903801819803,1788.8985595703125,7188957
2024-02-19,1789.3858097270365,1809.2672371407511,1773.743681868483,1801.568115234375,2682236
2024-02-20,1790.7015761638804,1812.7271619727785,1774.231074393249,1806.53857421875,1830562
2024-02-21,1802.8837879925716,1841.6721775098263,1799.765046388924,1812.385986328125,4466234
2024-02-22,1823.3988320606163,1868.2784961034436,1805.9050877828276,1861.7974853515625,3360123
2024-02-23,1877.3905679307402,1898.3441317805455,1852.7823127117827,1880.8990478515625,3323441
2024-02-26,1885.8208431289622,1901.4141937698218,1876.2698682743062,1880.7530517578125,2436063
2024-02-27,1877.04966026391,1907.2130015579664,1866.3780080691674,1901.0244140625,2821465
2024-02-28,1902.340131567008,1903.5097043258088,1848.8355386931362,1853.318603515625,2010429
2024-02-29,1854.4880898467923,1901.3169226037603,1844.4499408893182,1883.287109375,5539065
2024-03-01,1884.456401468862,1931.9187338705951,1881.435213575256,1922.8062744140625,3384932
2024-03-04,1917.0075707674828,1924.7554693865554,1870.276295010281,1872.2254638671875,1645331
2024-03-05,1876.0751834154835,1917.9823173826867,1874.1747912064309,1889.9630126953125,2208384
2024-03-06,1895.5667050617383,1929.579725259753,1873.1512633052241,1920.5648193359375,1673183
2024-03-07,1881.0943070619157,1883.0434760728924,1836.4096312788417,1849.3228759765625,18323831
2024-03-11,1864.3800027902153,1865.0621642997676,1825.6890487512233,1846.2039794921875,3250782
2024-03-12,1843.9137998034018,1850.1023873358147,1828.9539521239328,1846.9837646484375,3186510
2024-03-13,1847.8121282722807,1853.0749081273814,1797.3773826825704,1806.587158203125,4270994
2024-03-14,1806.5871992342484,1847.4223126549473,1797.7185042782464,1842.500732421875,2388133
2024-03-15,1827.3458986952755,1834.2654247047685,1743.3367641663908,1753.7647705078125,5504948
2024-03-18,1761.9998361203563,1819.9389506639754,1755.2752988669586,1808.87744140625,3404076
2024-03-19,1808.8774795049121,1817.5999625692534,1780.3708849176999,1797.0362548828125,2189225
2024-03-20,1804.8816006896784,1811.8012453673095,1774.2797445391786,1797.5235595703125,1550415
2024-03-21,1812.6782727649938,1827.345816102709,1798.1082830450657,1818.4283447265625,2072960
2024-03-22,1818.4283763693854,1857.0218968834824,1800.3011293517761,1831.04931640625,3786990
2024-03-26,1830.4644887382094,1868.7657056776925,1813.799118233424,1816.57666015625,4092744
2024-03-27,1822.3754029811396,1851.6129351356008,1808.146494459533,1833.3394775390625,4196597
2024-03-28,1833.339574689679,1913.060511874647,1822.814014969183,1872.517822265625,3790854
2024-04-01,1888.7446393103944,1913.937623218673,1843.7188858984848,1867.2550048828125,2765845
2024-04-02,1867.255057099484,1927.240778474273,1853.1235823647803,1921.831787109375,3431715
2024-04-03,1917.0075644564738,1952.3850266799893,1906.4820050767,1938.7408447265625,3615370
2024-04-04,1948.1942561305484,1963.7876068549551,1913.3040862975588,1951.8001708984375,3007920
2024-04-05,1944.6369976642043,1975.921133736725,1941.6158097573061,1962.130859375,2767027
2024-04-08,1966.7113179692708,2033.9576415271895,1965.6392989235062,2025.283935546875,2781568
2024-04-09,2041.7543140581058,2045.3114519369803,2017.4872577192145,2037.7584228515625,2853137
2024-04-10,2045.1167556692908,2055.0089309084956,2017.3898747841486,2023.4322509765625,2280814
2024-04-12,2031.0339259928342,2034.4449714539544,1999.5060249136475,2018.3155517578125,4008660
2024-04-15,2003.0146755602916,2030.9364246652183,1983.2793405985615,2001.2603759765625,2024919
2024-04-16,1995.0230441479107,2021.0444000478353,1976.2135176356833,1979.67333984375,1981730
2024-04-18,1979.6734476639324,2033.9577541280378,1965.2495501673159,1973.4847412109375,3539862
2024-04-19,1982.3045898533421,2033.957560975381,1947.414422149819,2029.961669921875,3253248
2024-04-22,2070.5534483138604,2078.788639358976,2012.5168965195903,2037.514892578125,2449171
2024-04-23,2042.7291279660906,2060.2716491032043,2004.5742396671374,2010.1781005859375,2886136
2024-04-24,2002.771153902947,2037.7101035139158,2000.7732080844255,2006.1334228515625,1929834
2024-04-25,2007.6438431063707,2060.2226233520523,1990.003889443515,2043.557373046875,3084498
2024-04-26,2046.1889228592606,2049.5511917778967,1986.9829148228805,1992.9278564453125,2952484
2024-04-29,1993.5124260062892,2015.7817751205357,1950.1434194273206,2009.641845703125,2724604
2024-04-30,2020.3624726217513,2113.873809073628,2020.3624726217513,2101.54541015625,5745143
2024-05-02,2110.0728099569037,2147.984048487806,2110.0728099569037,2129.613037109375,3347541
2024-05-03,2153.8313612827033,2153.8313612827033,2117.1383565690385,2137.263427734375,3859227
2024-05-06,2144.52429244751,2183.0691547990623,2134.3399325937257,2168.401611328125,2111447
2024-05-07,2179.170764530573,2180.047795334881,2109.829178176948,2135.8017578125,1727823
2024-05-08,2135.996788854078,2139.2129652728295,2105.1025079677956,2126.93310546875,1993202
2024-05-09,2130.0031141116024,2199.393480075541,2129.4670450714775,2156.31689453125,3998822
2024-05-10,2155.6347354557906,2174.9313174370204,2127.5178785788244,2137.3125,3045912
2024-05-13,2151.882464661783,2151.931241471393,2105.102411082179,2128.736083984375,2575573
2024-05-14,2119.721256013707,2222.3938267378785,2119.721256013707,2212.209228515625,3830189
2024-05-15,2223.319372743982,2258.2580796765783,2198.662340575051,2243.78564453125,2569084
2024-05-16,2260.49964929969,2333.0574074135798,2228.0947192854683,2311.470458984375,7444517
2024-05-17,2363.708522234318,2492.938279251578,2363.708522234318,2450.690185546875,9796445
2024-05-21,2439.3849108671106,2472.472005798532,2404.2998701994256,2458.535400390625,3747292
2024-05-22,2457.60945891094,2470.5714791500204,2426.7151807035702,2456.97607421875,2974921
2024-05-23,2455.9528553702567,2550.8772872249856,2436.7048121585253,2542.8857421875,4715263
2024-05-24,2523.9789478371267,2538.792584427845,2507.0210350300295,2514.184326171875,2919241
2024-05-27,2515.548472636608,2523.929993796639,2476.4190034703192,2484.313232421875,3328559
2024-05-28,2485.190305452165,2516.3282305156995,2483.2411365851435,2487.919189453125,1549203
2024-05-29,2446.4506778392015,2482.2666572876988,2437.046032831752,2469.255859375,2720451
2024-05-30,2454.003785232229,2467.1118992461165,2415.0204050061407,2430.12646484375,3367101
2024-05-31,2453.760212384079,2503.9025391101836,2431.7345067243027,2442.552490234375,8769724
2024-06-03,2509.6034759832946,2586.8880624616336,2505.071515998156,2567.05517578125,2701157
2024-06-04,2567.299403464294,2571.928680171689,2385.9778966327676,2507.508544921875,6372249
2024-06-05,2507.5081505609287,2683.7130606879637,2506.4362504639444,2671.287109375,4242881
2024-06-06,2675.2343265223963,2691.7047086225334,2603.01752329884,2631.23193359375,4992660
2024-06-07,2600.5326308807257,2794.7185913954677,2600.5326308807257,2784.826416015625,6447821
2024-06-10,2788.2860705799485,2812.6506814728177,2728.836420001348,2736.194580078125,2021106
2024-06-11,2749.302902092426,2782.438775424983,2741.8959646438216,2763.483154296875,2298974
2024-06-12,2763.482933592803,2776.2013080168344,2711.3426664836697,2716.702880859375,2580846
2024-06-13,2777.565671286914,2805.9261738416844,2717.774820346528,2788.96826171875,2492637
2024-06-14,2801.9301497405786,2871.1256421341723,2792.1843057414812,2854.16796875,3515019
2024-06-18,2889.642888995018,2936.91023473406,2881.5050136780546,2886.62158203125,4887512
2024-06-19,2899.388722689845,2901.337891579048,2852.0726003173045,2859.28466796875,3512298
2024-06-20,2870.1999629686625,2879.653384483652,2784.6801780499923,2798.226806640625,4024418
2024-06-21,2811.4326740059155,2846.663808978215,2753.2500261642767,2767.771240234375,8400461
2024-06-24,2764.408765651379,2849.6361273913108,2741.5548081073534,2841.693359375,2699784
2024-06-25,2846.9559542663724,2872.1002798378304,2817.5723292380153,2835.455810546875,1910886
2024-06-26,2833.165802234665,2838.915755374817,2772.303050290403,2779.027587890625,3282318
2024-06-27,2769.76918364603,2831.168007914045,2722.0633193614285,2815.52587890625,6900180
2024-06-28,2782.438666548343,2822.396629885815,2782.438666548343,2793.79248046875,2548169
2024-07-01,2768.7946669471544,2820.496424172286,2766.1145594729887,2802.759033203125,1718501
2024-07-02,2816.7437084063604,2817.523423492206,2777.565464182908,2792.330322265625,1507890
2024-07-03,2798.031861669111,2821.421887680974,2792.281908782121,2804.80517578125,1019710
2024-07-04,2816.5489535671086,2847.7356547830764,2811.724808309893,2829.023681640625,1502213
2024-07-05,2833.2450418842777,2833.2450418842777,2788.0859040025466,2827.94384765625,1966103
2024-07-08,2827.9440835311793,2865.249461414635,2795.449040082609,2799.228759765625,1631998
2024-07-09,2803.155360971714,2886.257894617373,2785.3861263616127,2872.02294921875,2902129
2024-07-10,2876.4406924156983,2876.4406924156983,2648.58329800884,2682.06005859375,14481615
2024-07-11,2707.535667641539,2707.535667641539,2641.809536292532,2648.730712890625,4314565
2024-07-12,2640.4842989202284,2672.537615254935,2638.029997807824,2654.52294921875,3398732
2024-07-15,2673.077625784521,2688.9323151964877,2658.5972491327693,2681.127685546875,2017720
2024-07-16,2704.5905213905417,2716.273137755717,2689.913849599279,2706.357666015625,1925983
2024-07-18,2705.6215076858252,2774.2928038948958,2686.477959282388,2767.91162109375,4122844
2024-07-19,2768.4023957439463,2768.4023957439463,2692.859058853137,2699.0439453125,2042568
2024-07-22,2700.7618883532928,2767.4697399674938,2675.18802462271,2753.480224609375,2208103
2024-07-23,2772.3783185722014,2802.320789789075,2693.2515610591026,2769.77685546875,2572524
2024-07-24,2771.3969052140883,2778.6615408691914,2713.1316990615255,2754.216796875,2276082
2024-07-25,2748.6209756005046,2775.3237240191347,2730.9500074249318,2760.0087890625,1857122
2024-07-26,2770.0223647624616,2844.4365790245784,2738.9999043829066,2835.01220703125,2352661
2024-07-29,2846.989212530366,2891.166631345492,2822.9370622865745,2879.385986328125,2388937
2024-07-30,2891.166604227181,2896.0752062717092,2851.5051955785257,2868.685302734375,2290006
2024-07-31,2883.3129172789145,2925.1343036764656,2820.4336754884894,2854.646728515625,4238740
2024-08-01,2873.0048691313327,2873.0048691313327,2768.5499101329756,2776.697998046875,4971708
2024-08-02,2758.9289383234236,2758.9289383234236,2683.876460311529,2699.387451171875,3041513
2024-08-05,2630.667136855726,2679.3114336229023,2587.6188384572683,2629.97998046875,3731770
2024-08-06,2639.15912334734,2698.50407638214,2577.7033275465906,2584.82080078125,3069277
2024-08-07,2648.1907635371754,2655.308236395616,2612.3579691464033,2631.84521484375,2479171
2024-08-08,2611.8671629101705,2666.8435061249684,2607.9402812519706,2633.90673828125,2673182
2024-08-09,2684.023516502527,2714.456848255116,2655.5536255081693,2698.896484375,2279076
2024-08-12,2698.89660543868,2706.603206631563,2659.1860622577274,2667.972412109375,2321474
2024-08-13,2668.4146124766667,2688.5887772025903,2654.670525345039,2668.365478515625,1292521
2024-08-14,2678.918861468604,2721.2800037988536,2665.665635148355,2695.068115234375,2609359
2024-08-16,2738.018362311415,2793.043842017352,2725.4031585321727,2788.52783203125,4376092
2024-08-19,2807.6222621098486,2807.6222621098486,2709.5484835230345,2714.604248046875,2500718
2024-08-20,2728.9373353099154,2732.324222820636,2698.25857220948,2720.641845703125,1762399
2024-08-21,2723.2923768775354,2730.115285690094,2704.6396893646756,2718.7763671875,1497501
2024-08-22,2720.4454522412325,2725.0103561561505,2674.2554602339214,2682.99267578125,2346622
2024-08-23,2682.9927854044317,2718.3838546327074,2675.4827200303735,2708.566650390625,1943539
2024-08-26,2714.4078828365687,2747.8355117565275,2702.774639428442,2742.04345703125,2765969
2024-08-27,2746.804671481381,2748.8172463294404,2723.243380798557,2729.96826171875,1604159
2024-08-28,2731.047964990906,2775.3236522006514,2729.968216325936,2746.853759765625,1851275
2024-08-29,2738.3617598493206,2750.4367284372242,2691.5335073144925,2707.192138671875,2237121
2024-08-30,2729.182805063964,2769.9733370104705,2714.4569985618205,2754.118408203125,4895220
2024-09-02,2796.725121432708,2796.725121432708,2706.1122806426815,2726.237548828125,2270687
2024-09-03,2729.1828958056926,2746.952132113552,2721.918260227565,2733.9443359375,1592710
2024-09-04,2710.5301402139266,2729.084560695576,2681.176794870867,2699.338623046875,1697000
2024-09-05,2705.8178004639667,2709.548386032478,2662.3275374917184,2673.322998046875,2360312
2024-09-06,2673.224772513355,2688.8340317222633,2631.1090612817297,2648.780029296875,2835519
2024-09-09,2639.011691347949,2664.6838245286763,2611.4254909324723,2659.33349609375,1269082
2024-09-10,2642.055031361633,2665.3708909045367,2628.065515635891,2640.827880859375,2034126
2024-09-11,2632.4833269682467,2658.498918303193,2595.767078842137,2605.7314453125,2034245
2024-09-12,2616.2851177627385,2701.302208454989,2587.4226310964605,2690.797607421875,3730285
2024-09-13,2704.6397764969356,2708.1249319484978,2662.1803680274284,2689.030517578125,2102332
2024-09-16,2690.110305950592,2733.404273293293,2682.1093802232426,2706.995849609375,1234752
2024-09-17,2714.4567569849364,2742.4357868489765,2695.1169141021987,2736.692626953125,1387175
2024-09-18,2730.6555424973967,2795.9399550719345,2726.8758227403605,2756.867431640625,2526756
2024-09-19,2760.5979840398795,2799.866803158512,2741.159870640586,2746.363037109375,2807727
2024-09-20,2747.541000476228,2905.89255843746,2747.3447043200113,2896.909912109375,12492909
2024-09-23,2908.591976564806,3001.020851951319,2902.1125263622866,2994.05078125,3925490
2024-09-24,2964.7958023346428,3041.9099927448433,2964.7958023346428,3018.103271484375,3697722
2024-09-25,2989.3388433766495,3091.4377726742428,2979.0799123587594,3034.547119140625,4218815
2024-09-26,3015.8451339108715,3138.7564827089113,2989.97670494125,3122.950927734375,4753617
2024-09-27,3113.035434190961,3163.2014432400074,3094.9227404801004,3125.4541015625,6803795
2024-09-30,3105.3288343284207,3120.889198774761,3030.570920609527,3038.326416015625,3554400
2024-10-01,3048.7327611884357,3127.221260751505,3039.210121059753,3107.635986328125,4028211
2024-10-03,3028.607439422534,3113.035393973697,3016.286800444908,3072.6376953125,3237011
2024-10-04,3069.8888903378543,3099.8804971341337,2954.4876069169604,2962.292236328125,4281562
2024-10-07,2972.6493930111255,3010.887354936121,2928.37370677513,3004.2607421875,2732276
2024-10-08,3017.808618464167,3118.8275553971826,3009.954854980851,3107.979736328125,6060165
2024-10-09,3106.9488509109083,3145.7268077225635,3087.510738548233,3095.364501953125,2432656
2024-10-10,3098.3094857455217,3161.4341534318587,3097.327765376147,3135.909423828125,2507231
2024-10-11,3141.5052680659073,3151.8133322267486,3063.9493567605305,3077.055419921875,1652856
2024-10-14,3093.400878624597,3115.980447081711,3058.0589453873754,3097.2294921875,2425178
2024-10-15,3118.9257057608074,3134.584098179942,3030.129143659841,3098.11328125,2245701
2024-10-16,3080.6386414767867,3090.357577648553,2996.357848546768,3011.918212890625,1972106
2024-10-17,2999.1558771875357,3009.267645429169,2898.2349702749216,2910.408447265625,3622197
2024-10-18,2891.5102775667756,2934.215114989751,2861.4204034838876,2910.064697265625,3407751
2024-10-21,2905.6469416830264,2946.535500299975,2840.018837347831,2943.39404296875,5059952
2024-10-22,2950.070061054606,2953.9478090395564,2825.5878554678793,2834.42333984375,4195638
2024-10-23,2823.57488187349,2871.4337488189035,2730.409716757547,2742.435791015625,7913897
2024-10-24,2712.493463698298,2790.245671399686,2712.493463698298,2774.685546875,3992102
2024-10-25,2773.36009621519,2773.409230170158,2630.3234836132146,2671.114013671875,4532596
2024-10-28,2680.0968082102886,2783.079186764521,2664.291013213809,2730.16455078125,2813985
2024-10-29,2711.511818454433,2746.804619857546,2653.148587024644,2696.687744140625,3156567
2024-10-30,2640.091651805168,2705.474327953416,2620.2609471641945,2658.204345703125,5677865
2024-10-31,2658.20437291059,2701.6946361002424,2622.764409027171,2678.67333984375,3833325
2024-11-01,2729.1828521628886,2788.969531722226,2729.1828521628886,2766.14453125,1061709
2024-11-04,2753.2350235878307,2917.427770136258,2753.2350235878307,2831.232666015625,7559263
2024-11-05,2822.9370626685577,2854.8429762615774,2770.5132882053153,2846.44921875,3562624
2024-11-06,2856.806430526933,2899.8058329838336,2832.656012253405,2880.90771484375,2902347
2024-11-07,2917.4275370747373,2918.212961313713,2805.707709979046,2838.497314453125,4251557
2024-11-08,2856.806459316597,2936.276680412533,2799.1303838922495,2920.52001953125,4455563
2024-11-11,2908.199653396468,2954.585944379327,2836.239496909713,2877.030029296875,2628672
2024-11-12,2877.6187485717464,2892.049990315717,2827.354712725525,2845.565673828125,2414528
2024-11-13,2823.4279847728194,2842.0806731284115,2732.02971595928,2747.786376953125,3949602
2024-11-14,2763.542965211091,2790.442008681621,2686.2324826141557,2755.885498046875,2478112
2024-11-18,2792.0127259452142,2822.1514933002677,2748.8661637171745,2794.859619140625,2405351
2024-11-19,2792.9946421441227,2943.1978689448433,2792.9946421441227,2895.04443359375,5230405
2024-11-21,2908.3465755457773,2919.636359720892,2864.6600193899,2882.576416015625,3821808
2024-11-22,2890.1849362326993,3007.5005272244816,2843.7495121137736,2957.87451171875,4827125
2024-11-25,3018.790464647948,3092.0758023332205,2967.1518717229924,2989.927978515625,6299837
2024-11-26,2997.683140802293,3012.0163540324247,2898.529383729743,2930.631591796875,2144702
2024-11-27,2970.637071810415,3013.8819073746017,2931.466520090597,2949.873779296875,3593911
2024-11-28,2940.25261358157,2945.112081651756,2839.1354118457098,2845.712890625,4457143
2024-11-29,2849.934447655827,2936.963869106319,2849.934447655827,2911.881103515625,3542836
2024-12-02,2929.453827845727,2970.9315169296688,2907.7577099922196,2961.261474609375,2318823
2024-12-03,2986.0990811244387,2986.0990811244387,2933.037042221419,2971.96240234375,2308865
2024-12-04,2948.1065909875692,2996.063732136679,2948.1065909875692,2976.3310546875,3364025
2024-12-05,2994.1982451228287,3042.3516812367334,2960.9180176658206,3015.45263671875,3797063
2024-12-06,3019.2812053905104,3042.351635670685,3009.9057272772543,3016.826904296875,2688767
2024-12-09,3007.402172202275,3016.8267838968404,2984.4300107537892,2995.474365234375,1879542
2024-12-10,2992.2345815174,3024.9259180767235,2950.364303220264,3010.838134765625,2061909
2024-12-11,2996.210744603265,3058.059131533149,2992.087566743507,3015.894287109375,2409385
2024-12-12,3028.411118530567,3029.589135067483,2989.338598924331,3011.378173828125,1958999
2024-12-13,2995.229036936749,3036.559562979972,2945.161294923057,3025.0732421875,2467964
2024-12-16,3032.926841057436,3035.6265720979463,2984.429950237212,3028.460205078125,2300493
2024-12-17,2999.2540811628137,3037.1974786410065,2972.6493625292824,2985.902587890625,2564201
2024-12-18,2970.78425427129,3006.0279214240363,2969.2625396870594,2995.42529296875,2014105
2024-12-19,2951.051671014737,2989.3387685428725,2916.2005950596395,2959.54345703125,2372390
2024-12-20,2959.5432707719865,2969.704172655344,2833.588736778157,2853.22314453125,8046336
2024-12-23,2864.660059968986,2888.613941295677,2838.251877699895,2856.119140625,2142508
2024-12-24,2856.217298708955,2896.2715398454807,2847.774646889965,2875.16455078125,1858546
2024-12-26,2871.532302964935,2929.89553551185,2869.912560101066,2921.25634765625,2162163
2024-12-27,2932.595179479213,3007.9913553825945,2923.612533541682,2993.707275390625,2290315
2024-12-30,2972.6987143857573,2988.946236084888,2936.375057029156,2948.00830078125,2336275
2024-12-31,2939.663550632152,2963.7157010927885,2916.887684662137,2952.131591796875,1536411
2025-01-01,2952.131589465177,3030.5218216896947,2940.4489725868207,3025.662353515625,1686613
2025-01-02,3043.3333515805843,3169.0918353025186,3028.656678998046,3152.402587890625,4298090
2025-01-03,3156.2312888716397,3177.8782730185994,3117.649626736177,3132.228271484375,2257218
2025-01-06,3150.9300993056318,3175.8657032373453,3033.6145037764622,3048.92919921875,2657204
2025-01-07,3053.150611166301,3074.061304766771,3025.417008347829,3052.021728515625,1978328
2025-01-08,3077.6935329198636,3077.6935329198636,3001.119339756307,3029.6875,2715102
2025-01-09,3047.0641138401866,3100.175048700089,3028.9514186815054,3069.34912109375,2434207
2025-01-10,3053.1506189379265,3092.02684487657,2999.155993844169,3036.314208984375,2341303
2025-01-13,2997.8305308027443,3010.7894323749247,2938.731008150404,2944.817626953125,2207294
2025-01-14,2945.1611880533696,3022.177105185399,2944.8174900436306,2993.75634765625,2851530
2025-01-15,3001.2176601654187,3007.94230138878,2897.0570253614296,2906.137939453125,2440803
2025-01-16,2923.710803976161,2942.608923554443,2891.1668653527554,2926.1162109375,2598449
2025-01-17,2915.66056804928,2916.053400031339,2850.032700549873,2864.022216796875,2002830
2025-01-20,2856.8064664253184,2882.2820637831305,2824.7042561299218,2835.306884765625,2905527
2025-01-21,2847.087397841659,2853.861172658985,2757.554306564996,2769.727783203125,3381309
2025-01-22,2795.939814836809,2799.768428684023,2754.560394136537,2774.78369140625,3133157
2025-01-23,2774.7835442654673,2846.399998674208,2758.6342918094792,2833.686767578125,2650506
2025-01-24,2822.446373421352,2843.062503453299,2739.000132815851,2750.191650390625,2665366
2025-01-27,2721.623770581622,2794.859975550076,2703.8053998275996,2779.83984375,2022141
2025-01-28,2783.177607578446,2871.532452263476,2733.109862256929,2818.126953125,2432787
2025-01-29,2831.2326372154953,2879.8769333347136,2804.088162707664,2870.894287109375,1808565
2025-01-30,2870.8941692586673,2953.8984379622825,2865.64186920793,2917.133056640625,3055352
2025-01-31,2915.709774427249,2994.1002492505822,2901.0822354031134,2935.197021484375,2412370
2025-02-01,2935.344054387239,3042.302446159193,2935.344054387239,3020.50830078125,2674573
2025-02-03,3000.7267319414286,3129.675565314545,2989.0932490921373,3115.29345703125,3664084
2025-02-04,3166.0484170955774,3210.7658310462475,3080.491576672178,3130.755615234375,3862456
2025-02-05,3130.7555671342566,3159.8143478876204,3084.5655732341233,3120.643798828125,2264208
2025-02-06,3112.053971488741,3122.705734738638,3064.195097321525,3082.55322265625,2341341
2025-02-07,3110.0903035993615,3161.090631696618,3053.150519000636,3139.983642578125,4790111
2025-02-10,3150.5373287665075,3211.1585686429107,3071.607097737846,3079.902587890625,3852783
2025-02-11,3089.3269555966203,3096.346160628624,3014.9616348396075,3029.5400390625,2470280
2025-02-12,3012.458267539704,3018.7903163652927,2901.082132908884,2932.59521484375,4609887
2025-02-13,2969.6549553937007,2991.3019372697963,2916.7403238546417,2923.563232421875,2481783
2025-02-14,2944.179481601508,2964.7956100155234,2853.910338695708,2888.810546875,1959802
2025-02-17,2887.043469440685,2900.983851519186,2741.2088525903373,2780.18310546875,4773279
2025-02-18,2792.0128403414583,2792.9945607494546,2705.5231765258513,2739.049072265625,2301836
2025-02-19,2699.7312142131746,2731.78429075806,2678.1333644994693,2706.995849609375,2671072
2025-02-20,2694.920723946534,2792.503634315866,2640.876968832523,2787.5458984375,3799854
2025-02-21,2763.739195051548,2763.739195051548,2604.8478936758556,2620.555419921875,8940621
2025-02-24,2620.2116471805643,2667.137928437684,2583.0534355935174,2659.6767578125,6167313
2025-02-25,2689.913809665854,2752.6947792953,2678.280327428103,2727.072021484375,4916248
2025-02-27,2785.140937516817,2788.0860988888826,2654.0812564598923,2676.7099609375,2669767
2025-02-28,2645.8349556869607,2649.6635696793805,2525.1813651542047,2537.845703125,7549863
2025-03-03,2566.020930218075,2646.6691683738372,2547.564538037763,2564.155517578125,4340806
2025-03-04,2514.1859427843924,2579.2740531981335,2503.387018391332,2565.5791015625,1984876
2025-03-05,2613.2904249393628,2686.8703168756883,2594.343174341658,2676.7587890625,3665710
2025-03-06,2697.76774982707,2716.2732758598654,2645.736566879168,2692.27001953125,3706264
2025-03-07,2671.556010995279,2715.3897348980017,2658.5973484937836,2677.986328125,1886774
2025-03-10,2645.7365826998557,2684.6617022291084,2616.3832374493873,2653.19775390625,2520931
2025-03-11,2635.674006250059,2635.919436365177,2565.382725409182,2597.23974609375,3616140
2025-03-12,2597.239628856158,2629.0472744685117,2587.9132849026664,2604.798828125,3447155
2025-03-13,2628.1638811119838,2637.2447951658023,2570.4386714072766,2595.177978515625,2446428
2025-03-17,2586.833335379007,2677.2007489774355,2586.833335379007,2655.700927734375,2527623
2025-03-19,2743.9085095491537,2780.1338963264516,2728.7409773514337,2738.116455078125,2438912
2025-03-20,2752.4985767959975,2794.957984177692,2749.798845690803,2776.403564453125,2354374
2025-03-21,2787.202631767045,2840.117268270529,2730.4100077350186,2750.633544921875,3824316
2025-03-24,2763.8374355120477,2770.56207631264,2659.8731033970544,2723.9794921875,5395134
2025-03-25,2723.9798403379687,2751.2225843822225,2675.2375130812848,2685.9873046875,3576766
2025-03-26,2701.0076653545475,2743.908803360607,2687.018148199668,2692.123046875,3111504
2025-03-27,2685.005188769924,2700.7127145543186,2646.276368443341,2683.041748046875,4325599
2025-03-28,2685.7907410841062,2689.6193548055157,2586.8332759874265,2617.0703125,6074446
2025-04-01,2604.307953708888,2678.1332806655682,2575.199799721933,2589.68017578125,3300417
2025-04-02,2583.004621323987,2611.3762448043003,2577.310595110276,2589.336669921875,2243574
2025-04-03,2560.081549392937,2603.9152724002925,2552.718645885911,2563.7138671875,2361203
2025-04-04,2567.1497413355974,2583.3972620765476,2510.308225398169,2549.086181640625,3598415
2025-04-07,2380.6719612393376,2478.5003028682054,2380.6719612393376,2445.7109375,3937471
2025-04-08,2464.1184101183435,2503.387229403098,2409.142063119687,2477.518798828125,4253527
2025-04-09,2493.5699839123226,2524.9359048688784,2469.9595587668746,2476.97900390625,3347213
2025-04-11,2502.4053421128774,2556.399965030181,2485.765228985748,2533.182373046875,3600209
2025-04-15,2558.3635060143847,2640.8280242435517,2558.3635060143847,2597.63232421875,3287861
2025-04-16,2611.3762762338106,2616.2848782568067,2570.438583297592,2586.440673828125,3070954
2025-04-17,2583.8881782319568,2633.7596241364395,2554.829157560036,2630.421630859375,2638979
2025-04-21,2650.546726184626,2723.2923013380746,2617.1682336664235,2713.47509765625,3120955
2025-04-22,2714.457005737664,2770.415070593739,2705.621521813021,2765.604736328125,3193757
2025-04-23,2778.268767044681,2869.568765396326,2774.341885395148,2864.4638671875,3906215
2025-04-24,2864.4638840552207,2874.477384384929,2812.628998040581,2848.363525390625,2488496
2025-04-25,2848.363456597495,2885.8653674078996,2779.3487046096484,2811.843505859375,2299310
2025-04-28,2865.5437083588454,2891.166707820514,2829.612883912162,2877.030029296875,1864672
2025-04-29,2896.075227295955,2915.218775408589,2848.756351178754,2856.413818359375,2051228
2025-04-30,2855.6285301966545,2894.9953769491694,2834.226976171532,2875.262939453125,2689753
2025-05-02,2896.0752335098996,2945.161254416847,2857.002712932402,2863.874755859375,2868096
2025-05-05,2894.9950724311684,2988.356774496318,2883.9998523396766,2966.26806640625,4049197
2025-05-06,3093.008399946684,3101.9419118141695,3000.1375538801763,3012.310791015625,5683215
2025-05-07,2966.6607854187223,3067.876254684403,2966.6607854187223,3062.869384765625,2942902
2025-05-08,3070.2325439851065,3079.657156497106,2953.5060743772847,2977.656494140625,3323894
2025-05-09,2907.4633540058962,3001.2176561236265,2900.9839032240056,2927.588623046875,2308852
2025-05-12,2989.0440418630797,3055.31016859524,2978.2451175067276,3047.947265625,2166730
2025-05-13,2994.247441612073,3054.1323904443148,2979.5216345221775,2997.97802734375,2681662
2025-05-14,2981.975912109376,3053.1506458140443,2962.8323630439827,3045.1005859375,2236302
2025-05-15,3028.607418961627,3112.740808888301,3016.8267742201233,3086.823486328125,3590003
2025-05-16,3077.6935867072148,3091.928533121012,3058.0591778605976,3078.28271484375,2269659
2025-05-19,3058.0591674960788,3099.291425934228,3046.8676503625748,3070.821533203125,2011149
2025-05-20,3071.017751131319,3077.9880619418354,2993.3638101908205,3007.50048828125,2667772
2025-05-21,3007.009518459131,3074.748224555664,2992.3819806949236,3034.203125,1395136
2025-05-22,3020.3611859160087,3033.319847721256,2926.0177562499975,2951.34619140625,3870830
2025-05-23,2964.795757607829,2975.398386398419,2929.650117578763,2957.629150390625,1828093
2025-05-26,2982.466708870662,3044.3150968426344,2972.354940361898,3023.895263671875,2164190
2025-05-27,3023.8952972252814,3028.607603344336,2959.49457919102,2984.23388671875,2599143
2025-05-28,2984.1354537576103,2989.142323671785,2938.2891589853202,2943.00146484375,1491995
2025-05-29,2944.1793783688,2973.532721448396,2932.5950301115436,2953.99658203125,2093429
2025-05-30,2950.0699669391543,2962.24320470863,2902.9473851045186,2922.385498046875,3700191
2025-06-02,2922.3855590898415,2982.9576644861104,2908.1506121966218,2970.587890625,2967741
2025-06-03,2986.393537377677,3008.7768110371803,2971.6677309803513,2990.811279296875,3204094
2025-06-04,2989.436873393883,3030.5708621105155,2984.528271414436,2997.5849609375,1584653
2025-06-05,3021.7355045923255,3038.424752018599,2940.056412182838,2986.0009765625,3504632
2025-06-06,2986.000798782365,3055.9972700193157,2971.6675853867396,3049.71435546875,2028071
2025-06-09,3072.7850101099243,3083.583935065582,3021.7355466831777,3030.963623046875,1364639
2025-06-10,3045.2968458702626,3050.107180219874,3003.868290680195,3011.427490234375,1787253
2025-06-11,3028.6076764622744,3066.8947751274377,3019.772192154929,3024.38623046875,1749787
2025-06-12,3031.5526669606293,3037.442989500061,2952.033312678307,2964.01025390625,2278398
2025-06-13,2878.404204286739,2963.3230186355804,2878.404204286739,2951.051513671875,2003184
2025-06-16,2946.1430998623623,2989.3388000935997,2933.47900180207,2968.330078125,1673726
2025-06-17,2987.3751298864354,2987.3751298864354,2939.2708310483035,2952.2294921875,1455355
2025-06-18,2945.1612053807753,3018.6919676039824,2932.006247867874,2985.510009765625,2161043
2025-06-19,2982.466506120358,3050.106944242543,2978.735920751199,3038.228271484375,2482920
2025-06-20,3043.333321577619,3144.450525488101,3033.8106813779277,3126.1904296875,8315834
2025-06-23,3105.7709041907647,3126.1904977604913,3065.61839407344,3077.693603515625,1731432
2025-06-24,3097.426180204702,3157.801985785037,3079.4606486574257,3092.517578125,2834887
2025-06-25,3121.8708498751166,3166.53912775855,3102.727302210788,3156.721923828125,2078771
2025-06-26,3166.9318340825685,3178.810747137262,3125.306983789831,3157.0166015625,2907261
2025-06-27,3146.4137497211473,3182.246542814695,3128.8410511710563,3144.744873046875,5098406
2025-06-30,3146.806596965945,3160.943515083767,3103.218305377805,3125.012451171875,2083572
2025-07-01,3129.7246131346283,3159.176224926987,3110.2865014161057,3118.042236328125,1407074
2025-07-02,3110.0901736019437,3144.1558229593034,3096.0515241883136,3107.34130859375,1559309
2025-07-03,3107.3415108389963,3162.121559715934,3106.9489185313428,3116.373291015625,2102806
2025-07-04,3128.2486792052878,3143.9833433948866,3101.5292740206287,3129.634033203125,968006
2025-07-07,3129.634055972186,3140.0249358418173,3119.342233504586,3127.35791015625,853459
2025-07-08,3117.263983601394,3135.0769206505447,3090.5445780276677,3125.081787109375,1513129
2025-07-09,3112.3160042659083,3155.8587400966553,3108.35757373584,3143.290771484375,1245661
2025-07-10,3139.134543800721,3159.421500758814,3104.9930796517356,3129.53515625,1701384
2025-07-11,3125.180984772034,3129.535161826987,3030.5743960014,3041.26220703125,3041614
2025-07-14,3040.866344914149,3072.5337887734927,3021.8659269192276,3059.9658203125,2958843
2025-07-15,3054.0281028929153,3115.5816471288067,3050.861165298589,3096.08642578125,2826720
2025-07-16,3096.0865008688934,3176.640464607285,3050.366435478723,3163.28076171875,2892812
2025-07-17,3153.1868486342855,3204.3495149281107,3138.0458035321303,3161.79638671875,3267180
2025-07-18,3174.6613647678546,3218.2041016911044,3143.68659677222,3159.223388671875,2040381
2025-07-21,3143.9833821647176,3219.7874218573347,3120.0349262838326,3212.958984375,2436535
2025-07-22,3212.9589736282123,3237.897037037319,3177.13522652753,3223.349853515625,1854072
2025-07-23,3226.12099405445,3268.6741237306283,3214.2457020517954,3234.82958984375,2159800
2025-07-24,3221.1728861422243,3252.345526975859,3209.9902714272507,3227.011474609375,1469406
2025-07-25,3222.1624392524955,3225.1312621387847,3180.5989188444473,3212.662109375,1475856
2025-07-28,3212.662121338676,3223.0530014793826,3165.952689407803,3176.442626953125,1939520
2025-07-29,3169.7133189649976,3192.375237623125,3153.48385006437,3166.150634765625,1824673
2025-07-30,3161.7963086977184,3207.9121198884804,3119.1441241362027,3175.5517578125,2199654
2025-07-31,3191.484566038547,3204.54733826723,3103.0137416864754,3169.812255859375,4465859
2025-08-01,3171.6925510488663,3171.6925510488663,3084.310146329548,3126.467529296875,3781457
2025-08-04,3137.056279823824,3189.5054857640957,3127.1602032313194,3166.9423828125,2684012
2025-08-05,3161.796423790494,3188.5158301887236,3137.155290086832,3178.817626953125,1805644
2025-08-06,3178.817694632329,3206.427893460397,3145.567022035327,3193.958740234375,1866321
2025-08-07,3164.7652910824318,3196.0369897244937,3128.248865134392,3177.729248046875,2374621
2025-08-08,3173.6715755689474,3181.489378973416,3103.013689517573,3111.524169921875,1721037
2025-08-11,3118.1546917661226,3196.432754627634,3097.768918850372,3153.087890625,2046761
2025-08-12,3152.988863947328,3219.193515597844,3151.999256349542,3202.864990234375,3315978
2025-08-13,3221.172808898852,3265.705151879021,3205.0421563431287,3248.090087890625,2436029
2025-08-14,3239.183587303721,3279.0648223883254,3228.100030369916,3231.464599609375,1508721
2025-08-18,3315.1855413851217,3396.333366577235,3300.638357628684,3347.941650390625,5787481
2025-08-19,3364.6659946612253,3368.525367837259,3303.409378046853,3319.14404296875,2596242
2025-08-20,3319.243050902464,3368.8222482404235,3300.341448513982,3360.311767578125,2957816
2025-08-21,3374.562112958166,3374.562112958166,3334.977806647806,3340.02490234375,1964795
2025-08-22,3344.8737901300324,3384.4580953386717,3340.3214983896687,3367.634765625,2509867
2025-08-25,3392.375072242326,3393.3646799063404,3346.6552464855345,3363.577392578125,1859862
2025-08-26,3359.717818505182,3378.5203629975526,3283.6170903326915,3296.18505859375,3122442
2025-08-28,3339.9258820990385,3339.9258820990385,3253.1373378685894,3261.05419921875,2936428
2025-08-29,3237.006455018606,3245.912923406001,3153.8794167362576,3166.24951171875,3017625
2025-09-01,3157.93703216465,3290.3463409260357,3157.93703216465,3280.945068359375,3525726
2025-09-02,3290.4454798395473,3295.3935181550955,3189.5054982023644,3200.885986328125,3073407
2025-09-03,3235.027256673672,3259.470516165726,3199.203509738441,3251.8505859375,2672659
2025-09-04,3490.346240634088,3513.1072169693825,3427.407096387291,3445.319091796875,7600320
2025-09-05,3474.5124814861915,3540.6183212518445,3445.319055623519,3524.289794921875,3700943
2025-09-09,3663.7253071059336,3685.1009284831944,3634.9278701321355,3657.88671875,2879258
2025-09-10,3663.527451867841,3670.355647883923,3554.076751180932,3566.941650390625,2298202
2025-09-11,3582.3795444686366,3609.98950011751,3542.795240109867,3558.33203125,1949934
2025-09-12,3557.5403232378085,3603.16133099115,3544.7744816287554,3552.59228515625,2839264
2025-09-15,3552.6913427831005,3565.951988201145,3489.95031654635,3493.61181640625,2550444
2025-09-16,3508.159112697694,3582.280628902883,3492.2263329210805,3570.50439453125,2465043
2025-09-17,3570.504318927813,3607.0207437300232,3555.7592619239435,3595.4423828125,2237804
2025-09-18,3598.3124153465765,3612.06786482055,3565.853236624216,3604.348876953125,2480472
2025-09-19,3563.577186931337,3598.906132105082,3547.2486605263475,3554.769775390625,4018342
2025-09-22,3562.587397513958,3579.014980488307,3532.2064921947313,3547.54541015625,1664133
2025-09-23,3572.4835968655225,3640.9643975484637,3569.3169007236124,3577.035888671875,2523224
2025-09-24,3576.9368505933635,3588.614269182967,3530.92009487263,3537.748291015625,1320014
2025-09-25,3542.6962656079877,3546.8528109456597,3485.2002071434986,3493.31494140625,2106344
2025-09-26,3473.522861165676,3510.6331481439415,3356.353411721004,3361.202392578125,3046760
2025-09-29,3383.4684310702914,3422.0631280026523,3369.6139244791875,3382.577880859375,3175716
2025-09-30,3384.4580006884667,3418.104659174843,3357.837652821495,3391.38525390625,2611078
2025-10-01,3383.666373326554,3464.616326095866,3380.0048734020083,3427.406982421875,2364844
2025-10-03,3426.1207859232754,3456.105704822511,3368.822357286734,3426.021728515625,2357702
2025-10-06,3426.0216482136107,3443.8345857259865,3389.5052229546113,3435.917724609375,1156082
2025-10-07,3432.0582055063596,3484.804097169995,3429.089382713881,3456.50146484375,1508939
2025-10-08,3463.6267875383046,3473.2259334573673,3387.0312517924012,3390.890625,1444911
2025-10-09,3414.1464282173783,3438.8866197262,3388.416629048204,3407.1201171875,1997853
2025-10-10,3389.4061893384833,3437.7979066120465,3360.4106369746974,3418.995361328125,1416272
2025-10-13,3396.3332791614043,3433.938367916688,3396.3332791614043,3423.745361328125,1090517
2025-10-14,3433.8393743938705,3450.8608186930082,3392.3749118731953,3423.844482421875,1518505
2025-10-15,3425.0319654444534,3463.6266625413427,3424.0423578265845,3460.855712890625,1319445
2025-10-16,3466.5955521401834,3536.065959931471,3461.944444567332,3523.794921875,2125552
2025-10-17,3523.9927462011838,3618.00547040481,3523.1021959816767,3609.296875,3339579
2025-10-20,3635.818538488286,3637.797753805917,3555.660318124227,3561.697021484375,2827250
2025-10-21,3570.702239348197,3590.395576351884,3566.8428661924645,3583.567138671875,286950
2025-10-23,3594.3540478507093,3612.0679281721536,3562.5875455944533,3585.9423828125,3724956
2025-10-24,3592.2756748383617,3617.312796044284,3577.5306178832875,3587.32763671875,1654500
2025-10-27,3589.10912685547,3597.5207920058906,3555.6603394660515,3574.067138671875,1440893
2025-10-28,3567.5355262764774,3587.228621583207,3524.9823979464113,3541.90478515625,2851093
2025-10-29,3542.7953387077378,3546.2589654355247,3485.4971531951483,3497.966064453125,2526473
2025-10-30,3503.21111174782,3513.107188334678,3459.6683747656434,3465.705078125,2103351
2025-10-31,3479.5595225790444,3490.0492186098318,3447.496090053955,3450.959716796875,1915577
2025-11-03,3474.5122791957842,3552.691279496686,3474.5122791957842,3512.018310546875,1776510
2025-11-04,3511.721845343277,3595.046762147062,3500.4401730365735,3543.98291015625,3494428
2025-11-06,3587.327713364805,3636.511165003907,3549.0299458214304,3580.895263671875,4535984
2025-11-07,3578.0255120102433,3679.3612386164023,3529.732610423156,3651.85009765625,2595934
2025-11-10,3651.8499707699816,3677.184022342986,3607.2188123173178,3625.8232421875,1620889
2025-11-11,3661.449293322911,3719.935202809737,3631.8601208597324,3710.13818359375,3044040
2025-11-12,3721.9142582792274,3741.7064106763514,3701.132498262247,3715.283935546875,1984901
2025-11-13,3709.2473105786376,3715.086140620868,3651.8500674176107,3661.053466796875,1599079
2025-11-14,3661.5481958241962,3678.1736521691637,3622.4586948147216,3660.162841796875,1847028
2025-11-17,3671.4443158159647,3715.4818554531103,3644.032232722067,3696.08544921875,2094008
2025-11-18,3679.8559964149363,3693.9083765328937,3649.672963500951,3656.40234375,2613743
2025-11-19,3656.6002429273,3707.565036570265,3629.6829633433517,3683.814453125,1626043
2025-11-20,3705.882778657256,3719.935158976492,3672.5330491493955,3678.07470703125,1815617
2025-11-21,3691.236406590755,3739.727179760446,3687.277976127923,3710.6328125,3184145
2025-11-24,3706.17958967584,3710.5337665570346,3638.985087399685,3652.44384765625,4059935
2025-11-25,3648.6832426303204,3657.3918378821536,3615.036584032699,3631.167236328125,1714176
2025-11-26,3642.745814859756,3669.4652218147176,3631.1674534999597,3648.089599609375,2116524
2025-11-27,3663.032686969495,3678.9654666475294,3626.9120080354446,3642.943603515625,1993274
2025-11-28,3653.6312609158435,3729.7319887502154,3651.751103116328,3718.252685546875,2944457
2025-12-01,3750.612977872179,3755.5610161015616,3691.236519119585,3702.716064453125,1830158
2025-12-02,3684.111285292844,3709.049348923298,3666.9910251961796,3677.876708984375,2285922
2025-12-03,3697.1739917106984,3701.1324221086757,3602.171662159246,3611.473876953125,2002476
2025-12-04,3636.807928572312,3639.974624570385,3582.5773837929173,3633.443359375,1984001
2025-12-05,3621.2713324684196,3682.8248801562563,3604.6458755795147,3678.470703125,2393280
2025-12-08,3681.3404982930315,3686.288536597189,3633.443584150162,3643.4384765625,1500195
2025-12-09,3619.9846829099406,3636.214151276697,3567.0406751090436,3598.1142578125,3901255
2025-12-10,3621.963863152118,3656.5010722003694,3588.515077515985,3592.275634765625,1593915
2025-12-11,3585.74421572861,3630.969478028106,3578.322158450149,3627.10986328125,981456
2025-12-12,3627.307729858224,3656.6002125050477,3623.2504835154705,3641.3603515625,1078982
2025-12-15,3594.25497808689,3627.307776893784,3566.1502175207543,3570.50439453125,1704069
2025-12-16,3543.7848363927437,3595.73923569758,3540.716956173376,3583.369140625,1394406
2025-12-17,3609.9894764159635,3609.9894764159635,3556.6497232840943,3575.25439453125,1209367
2025-12-18,3562.5875502034824,3574.363784630838,3503.31014844008,3549.326904296875,2446168
2025-12-19,3533.888841155892,3577.4315768072106,3523.003157243062,3566.150146484375,1647819
2025-12-22,3562.5873708814556,3587.3275609570214,3539.7273386102656,3579.11376953125,1400786
2025-12-23,3581.5879277656427,3599.697795925624,3567.535547577148,3587.4267578125,1413628
2025-12-24,3586.931898544481,3619.984696617994,3574.5618032170546,3598.906005859375,842897
2025-12-26,3598.9060286048693,3609.0990355397744,3577.0358448898123,3585.447509765625,829910
2025-12-29,3585.051624852364,3602.369758918262,3550.8113447469914,3554.769775390625,1034692
2025-12-30,3552.691519123215,3627.9017017007536,3538.045277353218,3622.260986328125,2063179
2025-12-31,3615.0366871778056,3684.903082782974,3602.5675343474286,3670.652587890625,1868363
2026-01-01,3686.28843186289,3734.7792058659184,3682.4290587366722,3721.914306640625,1498161
2026-01-02,3720.8257080615326,3772.384363288245,3704.299308620699,3762.884033203125,1478292
2026-01-05,3766.3476464379023,3799.9943064302024,3745.6649432604777,3750.909912109375,1574098
2026-01-06,3748.6337507637454,3779.4106450948616,3719.044578886681,3746.2587890625,1299489
2026-01-07,3760.508925870485,3769.0196479756655,3679.855905486684,3709.841064453125,1046776
2026-01-08,3691.2364739275645,3717.7580068330376,3654.8188646844837,3685.298828125,1261005
2026-01-09,3673.522622761523,3709.544244271811,3628.990278892714,3639.084228515625,1235928
2026-01-12,3637.105028656823,3678.371619162904,3561.400043758797,3643.7353515625,1665237
2026-01-13,3678.3714642116447,3678.3714642116447,3593.760014066341,3623.4482421875,1700985
2026-01-14,3624.932700875655,3643.7352455976416,3597.322745004212,3611.572998046875,1573135
2026-01-16,3612.1669402725083,3691.1374365932747,3612.1669402725083,3620.1826171875,2089943
2026-01-19,3650.6625670612407,3650.6625670612407,3576.4419944048045,3619.390869140625,1715818
2026-01-20,3608.1093257257994,3639.28196526512,3503.2109196569745,3520.529052734375,1753439
2026-01-21,3506.179795932712,3549.425600584723,3480.549055228708,3516.372802734375,1587467
2026-01-22,3562.5875203880346,3582.3796732790793,3496.6795546194844,3536.560791015625,2107171
2026-01-23,3536.560843993548,3558.6291431183336,3498.065202685171,3506.57568359375,1922549
2026-01-27,3401.479202337744,3461.3504622774726,3309.346879524775,3358.2333984375,7139715
2026-01-28,3343.8840868540974,3420.974422401524,3340.915264048367,3413.3544921875,3964878
2026-01-29,3413.354651256634,3443.4388687187356,3286.4869991001624,3349.22802734375,5592638
2026-01-30,3248.88183502858,3416.5212701733335,3248.683961824134,3396.135498046875,5291090
2026-02-02,3320.133490613888,3436.0166369574567,3308.950876438082,3427.208984375,2950641
2026-02-03,3600.192466193384,3605.9322386217978,3476.4915155957556,3491.236572265625,5492214
2026-02-04,3512.1174752908373,3582.379616949234,3482.5283038253615,3536.857666015625,2395062
2026-02-05,3554.670570364992,3561.3999505003985,3491.434740100369,3534.87841796875,1251428
2026-02-06,3539.8265544620554,3552.6914538772094,3493.9088562678,3540.816162109375,1462031
2026-02-09,3556.4520413443897,3581.489163354068,3520.133488701202,3572.087890625,1294690
2026-02-10,3578.7181982544303,3660.5587027085476,3563.57715286658,3637.599853515625,1917432
2026-02-11,3666.199340082087,3747.6440963860227,3628.0006305100783,3636.708984375,4787745
2026-02-12,3659.766894451167,3660.5586288770432,3544.9724091984667,3555.75927734375,2554236
2026-02-13,3493.3148741163254,3559.123780385089,3483.7157285902877,3496.679443359375,1632115
2026-02-16,3498.262951289225,3512.6122618390673,3432.9488480968375,3473.225830078125,1562001
2026-02-17,3473.2259216733587,3479.2626249811024,3426.0216850783213,3452.93896484375,1991583
2026-02-18,3454.8193696161084,3508.1591254032937,3447.0013242053374,3493.809814453125,1682427
2026-02-19,3498.1638992899516,3509.6434443889307,3385.744617977487,3396.135498046875,2479531
2026-02-20,3407.2191102702523,3414.047306356405,3367.1400007826123,3377.3330078125,2260853
2026-02-23,3389.406185721949,3421.667491605521,3381.3902671523006,3411.276611328125,1789276
2026-02-24,3379.5101848640634,3405.23998422174,3354.76999317399,3397.52099609375,1929400
2026-02-25,3399.3021331972996,3464.517177917708,3389.8018035199216,3455.01708984375,2273269
2026-02-26,3468.5748625964607,3470.5540779246185,3425.625986616811,3448.386962890625,1998012
2026-02-27,3424.042306020157,3451.850376302902,3345.96236279303,3362.0927734375,3765500
2026-03-02,3265.6060351081674,3339.8266053924835,3248.881763245469,3299.648681640625,2997529
2026-03-04,3206.328707079345,3244.0328542576663,3174.5622056548746,3230.376220703125,4537215
2026-03-05,3243.241088687893,3325.6754514328254,3242.152423668773,3313.206298828125,2304760
2026-03-06,3280.5492980911245,3332.008894923926,3280.5492980911245,3297.867431640625,2084605
2026-03-09,3216.2248083508407,3216.2248083508407,3110.2377341788933,3154.473388671875,3961149
2026-03-10,3243.9339111755658,3275.0074950744342,3195.3440784027953,3259.470703125,2672336
2026-03-11,3241.9546551280514,3258.678927739324,3123.201737357793,3135.27490234375,4574950
2026-03-12,3082.726708308199,3110.1387903021673,2988.6149296118374,2999.698486328125,6968585
2026-03-13,2934.1865168178074,2993.562972470107,2892.2272514648826,2900.638916015625,7217643
2026-03-16,2871.841370436124,3012.0687246622333,2865.903724597869,3004.5478515625,5378638
2026-03-17,3020.282568613201,3106.6753653742326,2993.0683580506643,3096.38330078125,3491894
2026-03-18,3107.4671006412204,3202.568251524639,3107.4671006412204,3181.19287109375,3746758
2026-03-19,3103.7064549960965,3115.1857585298594,3001.084192194682,3013.7509765625,3059501
2026-03-20,3027.4076463010542,3074.315193435271,3011.5739240488488,3034.236083984375,4471960
2026-03-23,2983.766056056275,2988.3181061833743,2904.498388405939,2925.082275390625,3978740
2026-03-24,2998.5110692035128,3025.5274053754365,2935.077124530479,2999.797607421875,3944279
2026-03-25,3067.684667769683,3125.0819116600796,3050.861337663877,3095.591796875,3328790
2026-03-27,3067.783769421052,3072.929680971652,2998.5112326921894,3009.69384765625,3155168
2026-03-30,2949.0307740142885,2992.2765796615304,2914.394506534255,2923.99365234375,5416854
2026-04-01,3047.89251931878,3047.89251931878,2978.818098297808,2999.99560546875,3522875
2026-04-02,2944.0828140707426,2997.323754961852,2897.6703110550015,2980.4013671875,3297975
2026-04-06,2974.8595681919905,2998.5110937089194,2930.2281678125773,2990.198486328125,2554900
2026-04-07,2970.4064538792013,2985.646315227388,2918.8477980653565,2975.3544921875,2292715
2026-04-08,3092.5237972646455,3197.4222044678622,3076.6900754226504,3176.739501953125,4227961
2026-04-09,3146.8531189291425,3166.645270981537,3098.4614038024047,3133.889404296875,3039565
2026-04-10,3146.952356180181,3236.017045506035,3146.952356180181,3225.923095703125,2801451
2026-04-13,3161.4005651651423,3215.4329956683746,3150.0200776587176,3186.734375,3183080
2026-04-15,3216.2247770084828,3267.5853160368797,3191.4845864161102,3222.6572265625,2591177
2026-04-16,3238.985803127785,3253.829917715905,3167.734053104809,3188.812744140625,2678634
2026-04-17,3176.6405861938406,3208.802835119479,3151.9003947125802,3166.9423828125,2180404
2026-04-20,3173.6717487867613,3201.8755669471675,3129.7332655571854,3188.1201171875,3201466
2026-04-21,3178.6197800591704,3228.3970933041956,3178.6197800591704,3213.552978515625,1972188
2026-04-22,3180.6979160641167,3216.1256752207364,3110.3367183490554,3116.967041015625,3096787
2026-04-23,3072.731664639838,3082.330810247336,3000.688181476712,3016.027099609375,4540875
2026-04-24,3016.0271297610398,3056.8979732567013,3003.459161163512,3006.82373046875,2300917
2026-04-27,3018.3033469395464,3081.63823684254,3018.3033469395464,3070.15869140625,1816150
2026-04-28,3083.5182221981677,3111.326292381494,3043.0433680257934,3056.00732421875,2645344
2026-04-29,3067.7837541273225,3158.8276590885207,3059.8668928263487,3119.540283203125,3917359
2026-04-30,3073.127373785892,3084.903849300557,3015.3343860346044,3065.3095703125,3331158
2026-05-04,3098.956254896173,3139.0353634139105,3049.4758740100774,3074.216064453125,2873467
2026-05-05,3081.638064950621,3188.5156857003535,3038.2932037703235,3177.43212890625,6454419
2026-05-06,3211.2766735721993,3281.2418828236437,3209.7922621668504,3266.496826171875,6007370
2026-05-07,3277.481432842049,3363.6763545741546,3270.6532367954046,3335.67041015625,4916193
2026-05-08,3322.904455768703,3328.0503669806685,3283.1222784715983,3295.7890625,2071348
2026-05-11,3201.3806100484644,3257.788243672193,3190.6927995674946,3212.167236328125,2320887
2026-05-12,3206.3287860860755,3227.7044079680213,3133.3947505998035,3142.993896484375,2638081
2026-05-13,3142.9939454412633,3156.4527063326373,3071.3464471046937,3079.461181640625,2692484
2026-05-14,3104.39910282029,3147.9418380845846,3068.872285916473,3140.91552734375,2167959
2026-05-15,3137.056301729692,3155.7597899787575,3078.669449426206,3090.643798828125,2196383
2026-05-18,3067.783729262555,3079.3620905006983,3018.3033465325134,3051.653076171875,1962357
2026-05-19,3066.893198774704,3125.972727814335,3043.043557503789,3060.163818359375,3151874
2026-05-20,3046.0123202578934,3110.138943741903,3001.479976394474,3089.7529296875,2330606
2026-05-21,3114.2951100027226,3124.883862977568,3047.7935277570946,3066.7939453125,1877207
2026-05-22,3062.835652549064,3099.1542046964078,3040.668538005589,3049.278076171875,2407171
2026-05-25,3102.123056746737,3140.7177551541217,3079.065150146767,3106.37841796875,2423710
2026-05-26,3089.5549962243176,3126.368351446088,3070.7524514042466,3075.0078125,1791919
2026-05-27,3078.5701850885835,3108.654401079787,3071.7419892924127,3089.1591796875,1408612
2026-05-29,3087.1801863872597,3118.055897394715,2973.8701080836618,3013.94921875,11402867
2026-06-01,3018.303256329002,3037.0067438006217,2930.2281777016965,2939.33251953125,5763247
2026-06-02,2882.8261026863,2977.4324477787886,2882.8261026863,2967.140625,4045354
2026-06-03,2964.8644454040736,2998.016300851683,2934.186609019719,2979.8076171875,3110137
2026-06-04,2953.978721859396,3035.225603447048,2943.2909113289693,2984.755615234375,2788572
2026-06-05,3008.308238370151,3027.2098413764443,2981.390958254931,3008.902099609375,1685633
2026-06-08,2953.9788147507693,2974.7605752565532,2917.3633319548635,2935.17626953125,2415904
2026-06-09,2964.7654098926428,2984.5575625448273,2943.093099379871,2959.02587890625,2527267
2026-06-10,2949.030861359547,2968.8230147914906,2912.6132507240845,2921.816650390625,2281551
2026-06-11,2899.5502960293647,2980.8959932150333,2870.257814144833,2969.71337890625,3177902
2026-06-12,2993.6620335529688,3018.303166037614,2951.6037107475267,3011.27685546875,3557496
2026-06-15,3057.887627858748,3134.087416643578,3046.0123361000738,3101.727294921875,5286854
2026-06-16,3130.129043951227,3130.129043951227,3075.7006223839435,3105.289794921875,3551761
2026-06-17,3112.315901333177,3132.1080533289364,3057.887483344838,3100.341552734375,3186836
2026-06-18,3104.3991006844813,3118.2536073499523,3082.6277330673124,3103.904296875,2432013
2026-06-19,3077.679844686293,3097.471998028327,3027.209853664106,3042.845703125,3408840
2026-06-22,3052.939586629758,3069.762916604703,3022.0638764081914,3031.56396484375,2186778
2026-06-23,3031.563966161438,3060.0647146873603,3000.292509509417,3005.7353515625,2828392
2026-06-24,3012.365631437123,3065.7053861539853,2993.5630864314376,3032.652587890625,2179193
2026-06-25,3057.887618129747,3175.1561238735576,3053.929187556116,3149.12939453125,5346892
2026-06-29,3110.73257396817,3141.311595154009,3053.4343879766307,3060.8564453125,3700623
2026-06-30,3072.731707055121,3090.445587082442,3029.980705538518,3036.907958984375,3882185
2026-07-01,3055.9084028055113,3133.3947296040697,3055.9084028055113,3097.471923828125,2754707
2026-07-02,3104.2011936304143,3156.8482700644095,3079.1640728230127,3142.39990234375,2624368
2026-07-03,3194.0,3197.0,3127.300048828125,3136.89990234375,2414988
2026-07-06,3157.89990234375,3212.699951171875,3124.89990234375,3201.199951171875,2637740
2026-07-07,3210.800048828125,3217.10009765625,3181.0,3196.39990234375,2426521
2026-07-08,3175.0,3200.89990234375,3088.199951171875,3102.5,2933765
2026-07-09,3101.0,3139.699951171875,3080.300048828125,3085.39990234375,2922682
2026-07-10,3109.0,3135.0,3105.199951171875,3129.39990234375,1814898
2026-07-13,3088.800048828125,3169.0,3082.0,3160.39990234375,1770170
2026-07-14,3121.0,3130.0,3082.199951171875,3093.300048828125,2376410
2026-07-15,3088.800048828125,3119.89990234375,3079.39990234375,3082.89990234375,2377390
2026-07-16,3117.0,3146.0,3089.39990234375,3117.800048828125,1978238
2026-07-17,3119.0,3183.199951171875,3119.0,3179.199951171875,1627877
2026-07-20,3179.199951171875,3183.5,3140.5,3165.5,1768417
2026-07-21,3153.800048828125,3212.0,3143.0,3201.699951171875,1776773
2026-07-22,3198.0,3219.89990234375,3166.89990234375,3175.300048828125,1784375
2026-07-23,3156.0,3250.0,3156.0,3229.699951171875,2705691
2026-07-24,3215.300048828125,3217.0,3135.10009765625,3161.39990234375,2135688
2026-07-27,3183.0,3246.800048828125,3179.0,3238.60009765625,2264570
2026-07-28,3225.0,3284.699951171875,3222.0,3271.199951171875,2208579
2026-07-29,3280.10009765625,3321.199951171875,3211.800048828125,3221.800048828125,3693381
2026-07-30,3220.0,3327.0,3197.5,3283.699951171875,4851980
2026-07-31,3379.89990234375,3457.0,3243.300048828125,3398.5,6131873
2026-08-03,3465.0,3465.0,3386.199951171875,3428.60009765625,2169303
2026-08-04,3401.0,3434.10009765625,3384.60009765625,3433.0,2450782
2026-08-05,3470.0,3485.800048828125,3435.0,3455.39990234375,1970549
2026-08-06,3449.0,3449.0,3406.0,3406.0,1656879
2026-08-07,3405.0,3504.89990234375,3402.10009765625,3502.0,3299237
2026-08-10,3509.0,3534.60009765625,3491.10009765625,3517.0,2434928
2026-08-11,3505.39990234375,3514.60009765625,3455.10009765625,3460.10009765625,2269936
2026-08-12,3460.0,3471.800048828125,3403.60009765625,3403.60009765625,1834082
2026-08-13,3405.0,3440.0,3396.5,3428.199951171875,2288322
2026-08-14,3425.0,3430.0,3378.300048828125,3428.300048828125,1032969
2026-08-17,3428.300048828125,3451.89990234375,3388.300048828125,3390.39990234375,1756791
2026-08-18,3390.39990234375,3435.0,3390.199951171875,3421.5,1371664
2026-08-19,3396.199951171875,3425.60009765625,3371.10009765625,3415.0,1601024
2026-08-20,3424.0,3456.39990234375,3401.0,3424.800048828125,1279093
2026-08-21,3431.199951171875,3453.89990234375,3412.199951171875,3412.199951171875,1730623
2026-08-24,3419.89990234375,3444.699951171875,3400.0,3414.10009765625,1168624
2026-08-25,3414.10009765625,3443.0,3396.800048828125,3443.0,1078022
2026-08-26,3435.0,3447.89990234375,3398.199951171875,3398.199951171875,687761
2026-08-27,3410.0,3420.0,3330.0,3330.0,1853016
2026-08-28,3331.0,3351.699951171875,3302.0,3334.0,1744074
2026-08-31,3320.0,3365.0,3282.0,3282.0,3613080
2026-09-01,3367.0,3368.0,3223.0,3259.0,1887247
2026-09-02,3223.5,3229.60009765625,3142.5,3190.0,2883166
2026-09-03,3200.0,3210.0,3150.0,3150.0,1826312
2026-09-04,3158.699951171875,3185.300048828125,3144.199951171875,3170.0,1489449
2026-09-07,3154.10009765625,3178.0,3145.0,3160.0,1715004
2026-09-08,3145.0,3163.0,3096.300048828125,3160.0,1784671
2026-09-09,3135.300048828125,3151.300048828125,3118.0,3150.0,1050769
2026-09-10,3141.699951171875,3146.89990234375,3097.699951171875,3123.800048828125,2140618
2026-09-11,3110.0,3124.199951171875,3069.10009765625,3107.0,1311484
2026-09-15,3114.60009765625,3119.60009765625,3029.5,3029.5,2176832
2026-09-16,3044.60009765625,3105.89990234375,3044.60009765625,3070.0,2390779
2026-09-17,3047.0,3127.800048828125,3047.0,3076.5,1875308
2026-09-18,3082.0,3098.199951171875,3052.0,3052.0,2973119
2026-09-21,3065.0,3088.0,3055.300048828125,3055.300048828125,1056850
2026-09-22,3066.0,3093.699951171875,3035.0,3044.5,1708090
2026-09-23,3048.39990234375,3052.0,3022.39990234375,3035.0,2600352
2026-09-24,3028.800048828125,3039.0,2982.699951171875,2982.699951171875,1903721
2026-09-25,2965.0,3045.0,2965.0,3035.0,2080300
2026-09-28,3017.300048828125,3019.89990234375,2977.60009765625,2995.0,2078624
2026-09-29,2986.0,2991.0,2947.800048828125,2947.800048828125,3270487
2026-09-30,2925.0,2986.0,2925.0,2950.0,2332540
