Date,open,high,low,close,volume
2021-01-01,7262.939910671695,7352.611692950042,7259.144279675786,7298.333984375,767574
2021-01-04,7343.597072391756,7358.969563265131,7252.122458019045,7308.77197265625,598645
2021-01-05,7268.632774265577,7280.968574013025,7198.413606472411,7264.3154296875,562668
2021-01-06,7262.939565355061,7353.085797221893,7169.472156524715,7238.83740234375,840678
2021-01-07,7283.815496987145,7310.764382969991,7166.245925756478,7179.48291015625,642968
2021-01-08,7211.698207348801,7648.1957304251755,7211.698207348801,7605.39990234375,2557157
2021-01-11,7685.204188599363,7864.547760848441,7479.670668688405,7812.12060546875,2182019
2021-01-12,7744.0363316490075,7903.4528374347,7724.1092684257965,7769.7041015625,1514072
2021-01-13,7769.657103276326,7828.489387155556,7696.5912023295405,7723.96728515625,877225
2021-01-14,7747.642023850184,7762.065607378374,7613.514280384897,7733.07666015625,718274
2021-01-15,7740.382357203896,7799.546845002473,7591.308864774383,7614.7470703125,751177
2021-01-18,7601.70055971842,7613.9891013431225,7349.2910791435725,7430.56494140625,771183
2021-01-19,7496.3714859679085,7582.057673442319,7434.692480070704,7517.81689453125,779892
2021-01-20,7479.291153488627,7752.5765952806505,7458.652409186626,7728.806640625,999226
2021-01-21,7785.788241639776,7844.620523295068,7611.616406040603,7664.0908203125,769494
2021-01-22,7671.919133319522,7883.5255608681,7591.26197483688,7637.6162109375,1172914
2021-01-25,7702.284524968384,7747.547611846964,7543.911907617023,7573.70751953125,753043
2021-01-27,7584.572775623154,7676.664092161574,7420.93344038932,7468.75830078125,1080785
2021-01-28,7439.436421064769,7576.600844744615,7175.640078583136,7200.7861328125,2085637
2021-01-29,7292.355906162786,7292.355906162786,6803.668425138214,6838.44580078125,3069968
2021-02-01,6894.004923742989,7093.085588780841,6786.588378723823,7021.7275390625,1611478
2021-02-02,7149.925543983139,7372.776641410066,7107.461918422071,7263.60498046875,1700845
2021-02-03,7287.611319590789,7322.199191460668,7093.891900422343,7201.45068359375,1491567
2021-02-04,7211.698477380563,7368.268246955273,7144.373291129904,7249.65478515625,1198036
2021-02-05,7287.611431807583,7340.7502651645145,7079.800637072446,7111.2568359375,1128089
2021-02-08,7131.042170001627,7247.757830269118,7092.611403815989,7187.59716796875,912372
2021-02-09,7193.669682484178,7287.611550122476,7187.027328206723,7237.36669921875,925127
2021-02-10,7216.634036381549,7282.772634336875,7122.549454078781,7232.291015625,1015600
2021-02-11,7211.698880698029,7348.341596332308,7181.001622400917,7275.60791015625,818869
2021-02-12,7230.771836669204,7282.866778023737,7141.3845437799855,7181.80810546875,756833
2021-02-15,7211.699441680546,7258.290908371868,7192.721285255072,7208.5205078125,470093
2021-02-16,7248.706130811331,7400.531367220522,7235.658649557416,7303.7900390625,1321126
2021-02-17,7287.56466907207,7298.524368866305,7089.574685252263,7119.84521484375,1023548
2021-02-18,7187.834248428079,7191.819383136147,7078.852096342413,7114.4833984375,821462
2021-02-19,7067.465033114844,7103.90299862095,6912.793067433087,6948.8515625,1013887
2021-02-22,6948.851139836216,6950.748955250619,6695.492782013429,6724.38720703125,1502068
2021-02-23,6755.084159068761,6758.453059508617,6583.521826917904,6614.361328125,1589884
2021-02-24,6552.208182972578,6676.515101433028,6526.113219173629,6597.70849609375,1225254
2021-02-25,6704.03352462705,6707.829155780412,6561.697356375945,6576.26318359375,1740066
2021-02-26,6547.4638837281655,6713.52275034446,6473.639041503165,6515.34326171875,2687534
2021-03-01,6620.529395992961,6673.525986691296,6563.642190838607,6656.587890625,1417600
2021-03-02,6699.288845215976,6865.347704693709,6670.82161216265,6845.515625,1395296
2021-03-03,6875.4059576339505,6891.252438762621,6738.383773760303,6760.68310546875,796258
2021-03-04,6718.2672218997795,6808.603429765094,6652.792583720247,6767.23095703125,906310
2021-03-05,6765.712301238749,6941.260236123625,6708.777835870681,6878.63232421875,1821165
2021-03-08,6893.720200872345,6963.844394801741,6847.318702002548,6888.59619140625,977572
2021-03-09,6954.924733478464,6954.924733478464,6885.274993657034,6928.49755859375,678485
2021-03-10,6946.005326838763,7009.582151551631,6880.530686462824,6900.552734375,659270
2021-03-12,6927.026368507904,6939.3621688901785,6700.616893440315,6733.63916015625,946720
2021-03-15,6779.945653888322,6796.978732782014,6652.79201951169,6727.09130859375,700250
2021-03-16,6737.245221770777,6832.135999542196,6737.245221770777,6784.97509765625,796357
2021-03-17,6794.179620238668,6803.621437865704,6683.631865244561,6703.701171875,688581
2021-03-18,6760.968181668424,6871.990396020032,6699.289173695308,6750.29296875,984545
2021-03-19,6699.241454334235,6784.643151826435,6552.682467026574,6750.1025390625,838756
2021-03-22,6741.040648653406,6777.573596988591,6689.989597092588,6738.43115234375,533767
2021-03-23,6773.30357956275,6855.858554544812,6765.712317495434,6819.08837890625,757590
2021-03-24,6771.40594121802,6792.661382895875,6689.75261180356,6705.17236328125,457147
2021-03-25,6689.79971105371,6698.339880897609,6410.109148666039,6440.0947265625,1338767
2021-03-26,6537.025998747423,6546.4678169286435,6425.05487552893,6437.81787109375,911299
2021-03-30,6463.01082252995,6523.740919819909,6395.6383708489,6501.72607421875,1088817
2021-03-31,6502.200212911233,6585.324622214204,6448.017952528917,6508.748046875,735382
2021-04-01,6594.909164199778,6634.288837626295,6504.762923825824,6570.142578125,660759
2021-04-05,6555.528821366917,6555.528821366917,6381.024788644761,6422.72900390625,668129
2021-04-06,6469.889907231406,6497.123743477937,6376.659725970014,6406.3603515625,628262
2021-04-07,6443.083386203796,6533.229619147737,6428.897030528027,6514.25146484375,598115
2021-04-08,6529.434041782258,6584.755176698087,6459.072626790526,6478.05078125,604553
2021-04-09,6500.017980387645,6523.977900680315,6431.696623513498,6478.2880859375,641327
2021-04-12,6395.495770917991,6395.495770917991,6169.940221189056,6187.44775390625,1020746
2021-04-13,6186.878695081611,6495.653192503725,6138.294431651715,6467.5654296875,995718
2021-04-15,6496.791847961529,6497.029074897355,6216.294626374544,6304.7802734375,1267365
2021-04-16,6333.9596093632545,6438.197224590115,6268.532230761444,6308.43408203125,1000325
2021-04-19,6168.232349418086,6196.367370462529,6087.242983387002,6179.0498046875,772219
2021-04-20,6277.024779503361,6337.470388639531,6223.4587515692165,6307.0576171875,914142
2021-04-22,6287.415513393032,6333.864269917349,6210.601245428857,6310.33154296875,667911
2021-04-23,6224.835130387643,6371.63135149421,6224.835130387643,6335.00341796875,709306
2021-04-26,6348.38285920022,6442.134760228521,6262.791194212437,6299.70361328125,937344
2021-04-27,6329.167343597993,6366.222005381779,6207.754413356328,6233.1376953125,1610651
2021-04-28,6233.137888614708,6310.236644610894,6210.601329169669,6237.9296875,1406270
2021-04-29,6296.003136440984,6307.817223665822,6217.243790499069,6230.1962890625,757075
2021-04-30,6203.105624567096,6224.456051280433,6092.937330059493,6125.81689453125,849997
2021-05-03,6101.47672096964,6283.6670056393405,6073.009488989999,6260.7509765625,834923
2021-05-04,6300.700342747186,6308.813318860017,6150.820174904208,6175.72900390625,507170
2021-05-05,6222.652940513131,6261.842647792672,6151.769341663873,6253.3974609375,499160
2021-05-06,6253.302442142372,6366.222471067249,6239.73324584882,6326.0361328125,520125
2021-05-07,6337.755124875382,6409.444923025035,6300.74772109186,6360.576171875,605050
2021-05-10,6334.14976721928,6427.095011682041,6319.821166240168,6418.41259765625,541534
2021-05-11,6338.84569915863,6404.178087173134,6319.9625285368,6392.458984375,406046
2021-05-12,6386.149383104926,6490.529239292377,6343.448532846423,6469.22607421875,770204
2021-05-14,6490.52910497402,6492.5691639995985,6357.871984916432,6392.22216796875,647029
2021-05-17,6373.338999038898,6489.010762842434,6355.357011571532,6374.6201171875,995827
2021-05-18,6441.186094361564,6513.30308657893,6372.343019361302,6463.10595703125,805827
2021-05-19,6451.623963837253,6504.71553919532,6414.6165606030045,6429.7041015625,432774
2021-05-20,6434.3539455865575,6466.522291277003,6385.675159867113,6393.5986328125,470476
2021-05-21,6433.59456014562,6486.2589403945985,6399.671108003258,6466.47412109375,434363
2021-05-24,6454.471059089804,6609.14303536614,6454.471059089804,6520.51513671875,1027484
2021-05-25,6585.37276935222,6593.011291689667,6536.07682457663,6558.66064453125,438736
2021-05-26,6572.134846787983,6690.748311392155,6558.850138752316,6674.9013671875,691574
2021-05-27,6663.230356942294,6707.829022105537,6596.000148811356,6612.84326171875,922091
2021-05-28,6631.536984353804,6686.953105875067,6585.894427604073,6613.88720703125,393809
2021-05-31,6599.65370913367,6737.245339302524,6570.284827567523,6724.2451171875,718277
2021-06-01,6744.409651972584,6778.0486198307135,6687.00072834109,6728.84765625,642841
2021-06-02,6702.563091488714,6829.95396565804,6702.563091488714,6817.6181640625,598862
2021-06-03,6832.1357670434845,6860.6029994061655,6798.971256007417,6841.150390625,401590
2021-06-04,6832.136318900768,6900.457682089776,6785.734819068347,6846.08544921875,575591
2021-06-07,6852.062695550917,6954.402486557968,6842.668601721917,6903.92041015625,520482
2021-06-08,6943.632938617554,6990.082161511116,6922.472479669435,6961.8994140625,538816
2021-06-09,6936.705482203684,6964.223806409484,6832.135664888106,6869.14306640625,443778
2021-06-10,6887.172650173156,6907.526907337267,6807.51165690601,6832.041015625,278027
2021-06-11,6873.888338393151,6873.888338393151,6819.231154576253,6854.72021484375,253689
2021-06-14,6827.39135124148,6844.424430912037,6732.547835045308,6811.11767578125,322353
2021-06-15,6814.248984761873,6859.51207102262,6790.668533855247,6800.1103515625,207625
2021-06-16,6799.873066847568,6826.205257414834,6708.777921101355,6750.76708984375,283007
2021-06-17,6699.288410492118,6736.390794497447,6576.974299743527,6613.27001953125,595255
2021-06-18,6632.722936407303,6632.722936407303,6472.4997699742,6603.78125,797389
2021-06-21,6518.9964025887775,6571.186330120419,6492.4269849363045,6547.36865234375,443795
2021-06-22,6585.419843988447,6926.979376993988,6575.930766403449,6894.1943359375,1757310
2021-06-23,6894.859131791949,7096.881511900077,6870.139805337944,7052.947265625,2227399
2021-06-24,7068.223990479222,7164.253641846528,7031.501537891537,7142.85595703125,1041762
2021-06-25,7154.764850031458,7273.378325661954,7154.764850031458,7258.19580078125,1216123
2021-06-28,7304.691990291261,7304.691990291261,7184.560174323517,7208.140625,433364
2021-06-29,7207.9027728505835,7212.647311273998,7071.781780149304,7104.9462890625,480219
2021-06-30,7122.026960097548,7255.9179333278735,7109.786143060067,7131.8955078125,729267
2021-07-01,7116.808755842698,7216.444078424495,7112.11147673028,7196.896484375,584331
2021-07-02,7235.42179399526,7244.436417869746,7160.979793613982,7186.88525390625,434905
2021-07-05,7208.188304068108,7297.101152337166,7195.5680153670655,7211.177734375,484183
2021-07-06,7211.699049381902,7266.688439966988,7104.899665240723,7130.99462890625,425103
2021-07-07,7143.37819393616,7193.67030927604,7053.8486468860265,7068.7939453125,395336
2021-07-08,7074.106711604128,7114.909741597284,7007.683174405967,7023.0556640625,391940
2021-07-09,7003.887839057159,7067.369672475328,6968.208816333684,7046.30419921875,400686
2021-07-12,7116.8082848517515,7202.02001738216,7070.359064112403,7088.43603515625,496478
2021-07-13,7135.7862840439375,7144.51642068243,7025.712984981557,7050.716796875,350032
2021-07-14,7056.078332394991,7068.414133675402,6936.515950754086,6952.41015625,460178
2021-07-15,6981.114332922411,6982.06324067461,6896.661542976769,6933.6689453125,430055
2021-07-16,6958.340538131942,6958.340538131942,6901.216106187794,6930.39501953125,281552
2021-07-19,6881.194574809396,6924.1799109181675,6785.734361676901,6799.44580078125,386598
2021-07-20,6813.157901701055,6893.815063489996,6779.4244152511155,6863.16552734375,413816
2021-07-22,6928.924130327494,6950.749007757997,6876.069785303564,6926.59912109375,439934
2021-07-23,6927.026607992272,6998.194689581233,6905.201729638324,6921.19091796875,436330
2021-07-26,6933.668368702762,6983.960475386934,6813.157094195406,6866.10595703125,431758
2021-07-27,6871.325269332327,6946.004492032388,6794.985921460502,6870.3291015625,417171
2021-07-28,6908.048321039726,6938.413368604736,6702.135342239503,6798.97119140625,739427
2021-07-29,6765.71193689341,6765.71193689341,6581.623842116786,6636.18603515625,1519226
2021-07-30,6642.353815482217,6732.500045835191,6609.047062969247,6621.193359375,715546
2021-08-02,6737.2446958290675,6744.314243554706,6671.770064278053,6715.37255859375,433760
2021-08-03,6760.920985044174,6852.0633961937065,6724.055823419892,6831.56689453125,470570
2021-08-04,6851.113769209717,6878.252622790531,6645.675246905853,6739.99658203125,484122
2021-08-05,6753.462716421183,6761.054818744605,6690.4354908437235,6711.0146484375,495133
2021-08-06,6737.0358102825985,6845.614693973596,6725.337577737271,6780.9638671875,517575
2021-08-09,6813.623964244581,6842.272698502092,6720.9930568119635,6762.7724609375,264983
2021-08-10,6727.869310309819,6784.880014851228,6679.930239161885,6686.5673828125,356726
2021-08-11,6686.6146506489,6775.4257278426085,6613.22604897908,6705.236328125,414311
2021-08-12,6705.714129433248,6765.68529685259,6670.380688420854,6696.16455078125,330283
2021-08-13,6713.353304269738,6732.356871147982,6659.732517294797,6686.8056640625,431784
2021-08-16,6667.992598589453,6701.893599269715,6503.262384016352,6519.353515625,750966
2021-08-17,6493.71329549143,6630.272266264264,6442.527462139955,6575.2666015625,752517
2021-08-18,6630.988612737601,6630.988612737601,6512.812578055149,6532.00732421875,434144
2021-08-20,6508.037420665611,6603.198872377833,6474.613897595427,6542.3203125,657982
2021-08-23,6593.98354355034,6606.397994827119,6494.6679333361135,6518.4462890625,537302
2021-08-24,6483.685934691236,6543.370796745615,6436.988591877487,6496.76904296875,646993
2021-08-25,6530.001581223786,6530.001581223786,6398.217401901048,6409.15185546875,722194
2021-08-26,6398.217624953517,6399.506911314656,6294.127218816214,6310.9345703125,1199429
2021-08-27,6331.131836948994,6393.0609470814625,6302.721840772783,6326.45263671875,1428388
2021-08-30,6388.668028586964,6503.26297080377,6354.146395501754,6490.7529296875,819447
2021-08-31,6512.812324078496,6562.470130655048,6458.904768693175,6537.73681640625,938326
2021-09-01,6493.665363157228,6512.812080191573,6400.46139027695,6479.29296875,1108476
2021-09-02,6544.039864842883,6550.008351423289,6406.048455103897,6486.93310546875,741052
2021-09-03,6465.064523971144,6644.596596424109,6447.493393116327,6553.97119140625,1196077
2021-09-06,6613.083279806077,6640.777058161943,6530.0019447384775,6538.5009765625,897444
2021-09-07,6570.013829164251,6617.761717377901,6544.994215513081,6567.3876953125,743783
2021-09-08,6543.4659775677865,6549.43446340088,6451.694446140553,6475.80712890625,847767
2021-09-09,6445.965270424078,6511.332319570466,6436.415692245672,6495.86181640625,515702
2021-09-13,6527.614660349847,6584.864572399107,6506.4144086660635,6564.09423828125,508397
2021-09-14,6598.758587388492,6641.731689621846,6542.511664611768,6583.9091796875,817280
2021-09-15,6625.4974882739,6625.4974882739,6570.109933601099,6597.8037109375,310138
2021-09-16,6601.910245081734,6636.002428531554,6560.56075464265,6618.765625,556648
2021-09-17,6641.73147869834,6746.5380969279795,6636.956689712935,6698.50390625,980793
2021-09-20,6665.510123422124,6699.459154352246,6595.130010500291,6637.3388671875,550405
2021-09-21,6601.145805594174,6627.120844320893,6437.370542569306,6471.7490234375,1085249
2021-09-22,6512.812358469203,6537.641261888587,6479.388834635417,6523.31689453125,548623
2021-09-23,6558.649984360338,6570.013888600397,6513.76696903347,6538.3095703125,432740
2021-09-24,6541.461513274705,6720.802417590586,6539.551597504405,6639.10595703125,1649962
2021-09-27,6659.875613315318,7112.525604813951,6659.875613315318,7069.982421875,2646138
2021-09-28,7112.526005809638,7182.762968559647,7003.183332922259,7089.4638671875,1346961
2021-09-29,7057.6157190983995,7128.7600761882895,6962.597416676333,7051.4560546875,643556
2021-09-30,7052.125038776774,7074.375370343222,6972.194879581976,7007.5283203125,625717
2021-10-01,6894.795589700028,6894.795589700028,6770.651070771912,6839.6943359375,901588
2021-10-04,6856.597261898617,6889.973224779189,6810.568107692117,6847.333984375,466994
2021-10-05,6842.081757092071,6971.1922437937,6833.34398609889,6931.32275390625,546004
2021-10-06,6943.403600249145,6953.526247681779,6841.557429094855,6874.98095703125,726695
2021-10-07,6909.072283729602,7214.706348275359,6899.809006337066,7155.021484375,1646727
2021-10-08,7208.690598787562,7230.893369077192,7067.786286488516,7095.3369140625,630622
2021-10-11,7085.9786451244845,7462.804651405566,7085.596288942201,7353.939453125,1069536
2021-10-12,7341.6202365699255,7400.923211301309,7286.375832631837,7347.25439453125,406814
2021-10-13,7391.374172240533,7400.876189894481,7101.592009941546,7145.13818359375,1084436
2021-10-14,7200.381919583818,7219.4810758691865,7109.6609272283185,7159.22314453125,831546
2021-10-18,7071.463397144259,7358.237073986559,7071.463397144259,7312.11279296875,913963
2021-10-19,7324.718159193045,7418.68592185986,7243.355560840833,7310.8232421875,658869
2021-10-20,7272.003918922187,7321.996054879142,7176.5081353513115,7248.84619140625,488082
2021-10-21,7305.427532687659,7305.427532687659,7147.859487864984,7234.04443359375,563128
2021-10-22,7257.67954727696,7281.553493156161,7053.843610845143,7075.18701171875,224520
2021-10-25,7023.714820175701,7062.915652473309,6894.461184985975,6933.56689453125,248058
2021-10-26,6937.76961423751,7007.433984284551,6885.438104281957,6968.66259765625,292203
2021-10-27,6956.867944522621,7125.179265761071,6917.7146726316905,7024.90869140625,1218064
2021-10-28,6923.44477089137,7190.546681878077,6909.167963779628,7037.75341796875,961511
2021-10-29,7018.940139800724,7209.931708230675,6966.2743080637665,7145.37646484375,819875
2021-11-01,7067.642795701076,7320.706616922638,7067.642795701076,7272.52880859375,1005690
2021-11-02,7303.470213832764,7553.716736652549,7287.092313364472,7440.79296875,1302733
2021-11-03,7440.792889329524,7489.018261153715,7364.2531102760595,7385.8828125,656492
2021-11-04,7424.511059032606,7467.72290218815,7387.07652441359,7398.4404296875,53365
2021-11-08,7410.424912966565,7527.550393030866,7326.436188549529,7338.46875,428433
2021-11-09,7361.7701194716965,7414.77028053418,7199.140982942925,7236.24072265625,632879
2021-11-10,7229.030966157452,7238.580544712481,7123.985602052126,7173.30908203125,562432
2021-11-11,7173.643061957596,7226.643220362634,7106.79601532061,7117.73046875,486991
2021-11-12,7190.832448088233,7204.201857686272,7106.796159186272,7142.94140625,349666
2021-11-15,7116.345605582693,7238.437054942512,7116.345605582693,7165.14404296875,314414
2021-11-16,7205.157526024714,7762.614213343061,7195.655508179615,7687.74560546875,2619355
2021-11-17,7673.086449399434,7973.898177036126,7654.034853467236,7902.03759765625,2377268
2021-11-18,7863.123052482859,7991.087406263852,7640.713459206183,7751.5361328125,1337493
2021-11-22,7790.54612772115,7819.051712755226,7454.926005365347,7510.17041015625,672298
2021-11-23,7495.559569438875,7595.686990807673,7453.4458360315,7500.23876953125,567198
2021-11-24,7511.221260360167,7542.209830309196,7292.631493278768,7324.001953125,571078
2021-11-25,7295.878113135523,7371.701674613908,7100.111750152175,7231.41845703125,1007618
2021-11-26,7181.283165399903,7181.283165399903,6808.849596981557,6847.525390625,1154876
2021-11-29,6843.227996030098,6885.246141693693,6675.8240703901165,6827.47119140625,733010
2021-11-30,6827.471417811883,6923.444685521526,6699.554622244862,6749.451171875,1287938
2021-12-01,6867.101691866923,7047.588720063675,6808.896826152823,6945.64697265625,1669583
2021-12-02,6956.867802802093,7024.144768549609,6919.290118873214,6995.0185546875,618573
2021-12-03,6975.966643022639,6998.885629940167,6826.754488611648,6884.00439453125,603798
2021-12-06,6869.011828194277,6875.696533157068,6704.759077679969,6725.625,609507
2021-12-07,6807.894239136055,6934.712450005802,6771.797020371502,6862.89990234375,637151
2021-12-08,6899.570551351493,7160.13089719543,6828.999258623648,7100.01611328125,930339
2021-12-09,7132.579763580229,7132.579763580229,6995.065841240485,7087.4580078125,615037
2021-12-10,7047.588884890192,7138.309880020893,7026.532250956639,7091.1826171875,431682
2021-12-13,7147.859144850385,7234.664715756701,7090.561676755392,7177.8447265625,883009
2021-12-14,7178.227238833109,7215.948075266334,7121.88472365437,7155.642578125,749704
2021-12-15,7139.264683858392,7295.877766810877,7117.348215308073,7227.0732421875,529018
2021-12-16,7249.56246199843,7277.733718354743,7072.41778219856,7115.19970703125,595582
2021-12-17,7143.084983728978,7143.084983728978,6914.85004908844,6967.94580078125,1081907
2021-12-20,6875.696552633636,6991.77149333685,6718.940314069738,6958.39599609375,867425
2021-12-21,6977.399376007372,7071.415160766318,6955.912824859741,6985.65966796875,415744
2021-12-22,6976.444401085515,7118.2556383124265,6976.444401085515,7089.3681640625,368978
2021-12-23,7144.040376741627,7162.184577671729,7023.715675836743,7054.41748046875,249919
2021-12-24,7105.841650094449,7114.29312066738,6925.497759548798,6987.5224609375,357447
2021-12-27,6949.324142785448,6999.841321823127,6862.518563989341,6961.16552734375,190180
2021-12-28,6990.291437144476,7027.534793162049,6928.31476615745,6968.75732421875,214533
2021-12-29,6968.995637505308,7033.2641101363715,6914.32430413052,7018.9873046875,287776
2021-12-30,7018.940092589215,7062.056345614662,6928.600988071894,6954.24169921875,296041
2021-12-31,6961.690156040078,7113.9583688542,6961.690156040078,7091.94677734375,313398
2022-01-03,7085.787777711223,7263.362389733908,7085.787777711223,7185.0078125,456599
2022-01-04,7257.679504199451,7304.472437844947,7181.282877839457,7286.423828125,495182
2022-01-05,7281.410675182894,7456.311117421674,7263.027736016607,7425.1318359375,710043
2022-01-06,7431.481869675908,7543.641853877237,7337.848440498265,7527.0732421875,739981
2022-01-07,7527.073085857167,7586.94866107682,7482.571958426551,7549.896484375,523116
2022-01-10,7591.915257581036,7861.213383699004,7567.229502762615,7759.60595703125,827930
2022-01-11,7735.158210174052,7794.795511531886,7705.840819084493,7777.033203125,688923
2022-01-12,7830.654196179971,7830.654196179971,7749.482780731764,7802.7216796875,288174
2022-01-13,7806.780002089253,7887.951414955012,7593.824413041436,7713.24169921875,684931
2022-01-14,7592.869742424127,7778.131562324804,7592.869742424127,7720.0703125,299536
2022-01-17,7758.841345681879,7991.947116187678,7735.254166582435,7893.2041015625,862249
2022-01-18,7877.399476657773,7877.399476657773,7536.049618213243,7558.63427734375,785199
2022-01-19,7571.8612132902745,7696.960698589937,7505.9691179797655,7654.65625,681632
2022-01-20,7639.662677731706,7773.356774592011,7637.322844521448,7674.37548828125,522850
2022-01-21,7611.01382571181,7872.672268402529,7502.196195603152,7820.72265625,1041476
2022-01-24,7820.149858620796,7957.472611374081,7594.588627215344,7689.60693359375,1153538
2022-01-25,7630.113304912601,8273.754902848908,7532.612014104111,8215.1201171875,2162832
2022-01-27,8266.114688572763,8567.547490143816,8021.6930539822215,8422.9189453125,2899559
2022-01-28,8398.854147810922,8527.77345536686,8138.48452140921,8165.796875,1045088
2022-01-31,8236.511111603331,8327.232103557224,8167.562971203177,8210.05859375,561419
2022-02-01,8301.448200683048,8394.842887517305,7974.852631301523,8173.8662109375,819689
2022-02-02,8193.252299933967,8291.899262306964,8060.08323720907,8131.705078125,580433
2022-02-03,8164.889933951507,8401.719489930452,8138.819770151295,8206.57421875,810019
2022-02-04,8250.740593106028,8289.03402935872,8109.597078665123,8165.41455078125,404421
2022-02-07,8160.114069869767,8226.961113157173,8021.645194488712,8128.2666015625,446099
2022-02-08,8228.585327268998,8393.219497755304,8056.071822102491,8212.1123046875,998182
2022-02-09,8233.646523982301,8584.8798321923,8233.646523982301,8546.34765625,1403525
2022-02-10,8642.367741880389,8642.367741880389,8393.983601135838,8408.8330078125,811887
2022-02-11,8344.421692704533,8465.701339645877,8282.635733298735,8343.6103515625,671572
2022-02-14,8117.142059582168,8227.009778238124,7950.024428943712,7989.56005859375,995540
2022-02-15,8031.195703791036,8273.99374275523,7980.105457637312,8234.3154296875,682766
2022-02-16,8327.232252440881,8342.893933835963,8159.159674868679,8196.35546875,422704
2022-02-17,8188.763605299057,8268.31140809247,8141.0157125567885,8167.2294921875,305313
2022-02-18,8164.890071612232,8256.518468931095,8136.288895898795,8183.12939453125,385273
2022-02-21,8159.208364634199,8331.291975394031,8063.282651119135,8224.7666015625,626049
2022-02-22,8112.367694680266,8269.744576568022,8007.1787046316895,8234.4111328125,620828
2022-02-23,8298.583176295537,8394.031393704947,8265.350831794034,8307.0341796875,557954
2022-02-24,8023.555948869504,8200.461892636235,7787.68135718053,7840.34765625,947351
2022-02-25,7887.951582898252,8084.672893561332,7839.773774426973,7979.72265625,1344343
2022-02-28,7926.150059492417,7964.300811655418,7748.6234905741585,7939.6630859375,961303
2022-03-02,7828.4582747425075,7829.699533451532,7414.292862265849,7462.23193359375,1783011
2022-03-03,7567.086279576484,7582.318044355104,7218.049172662652,7253.43017578125,1050154
2022-03-04,7144.9945127731435,7180.519130707105,6808.849355262298,6920.86572265625,2511658
2022-03-07,6677.065265028225,6713.210512788305,6426.866309159033,6464.1572265625,2469925
2022-03-08,6402.991966527448,6546.235634682425,6242.129140674217,6499.72900390625,2840376
2022-03-09,6564.380301590113,6759.287293240871,6471.749389565929,6710.345703125,1827539
2022-03-10,6928.219700637099,7066.545448427759,6854.019283833872,6886.96533203125,1535070
2022-03-11,6875.69657188749,6875.69657188749,6761.101629022698,6782.6357421875,1024452
2022-03-14,6732.452976715456,7004.615969391187,6696.164577692025,6987.18798828125,1023874
2022-03-15,6991.246396621824,7276.778792823152,6988.3815230813425,7085.8828125,1586111
2022-03-16,7229.030681659115,7253.620845470571,7104.886165329434,7148.623046875,584457
2022-03-17,7232.850258047089,7393.23560443012,7190.83211553929,7346.490234375,1133271
2022-03-21,7490.689195325559,7582.36514672169,7305.42737687921,7358.47509765625,1354525
2022-03-22,7367.4522014498525,7457.265800118558,7197.1829381758125,7416.8232421875,1093502
2022-03-23,7448.6703895142855,7508.641549212113,7268.1833762299,7300.5087890625,808597
2022-03-24,7257.01093921795,7310.20227751073,7187.347044445438,7216.56884765625,565485
2022-03-25,7176.508250365679,7202.578413183139,7052.363729733937,7081.4423828125,686637
2022-03-28,7090.561577467055,7199.4267653231145,7079.102084008522,7140.5537109375,599515
2022-03-29,7195.607511634597,7222.441920894449,7067.643157744878,7104.07470703125,446257
2022-03-30,7182.237951416447,7286.280795132398,7152.634258224862,7256.3427734375,589206
2022-03-31,7256.294836416506,7308.0537387713,7188.922746133135,7220.72265625,434317
2022-04-01,7232.850891792375,7380.869361323378,7178.752621831068,7353.22314453125,449386
2022-04-04,7305.427886695737,7442.94182338648,7287.904316088997,7424.6064453125,491029
2022-04-05,7430.526606337626,7544.166583995276,7381.823758770061,7412.2392578125,488132
2022-04-06,7390.418798291716,7495.464161751089,7329.301495915353,7395.384765625,393628
2022-04-07,7314.73840740237,7399.013437847654,7277.78135201201,7296.35546875,458566
2022-04-08,7361.579443585069,7382.302217010466,7176.890674703125,7217.5244140625,849846
2022-04-11,7271.860545354382,7273.483693852475,7147.859180935203,7224.6376953125,496254
2022-04-12,7200.38160201318,7364.156859936955,7162.183291127169,7275.20263671875,598047
2022-04-13,7275.2031855529885,7357.902628117564,7104.886360783855,7133.0576171875,527991
2022-04-18,7042.336440771069,7256.724471275253,7023.714763288523,7232.373046875,551783
2022-04-19,7238.580327094779,7332.166194120543,7018.940026932272,7100.20703125,425990
2022-04-20,7161.2288713453745,7352.220440123755,7136.018077524231,7321.37548828125,542622
2022-04-21,7362.533486013878,7543.975468656817,7339.853238183511,7524.3037109375,772708
2022-04-22,7438.166242206773,7655.562290307293,7382.778690268399,7548.4638671875,960818
2022-04-25,7458.220425038908,7637.752491608346,7458.220425038908,7555.96044921875,701521
2022-04-26,7639.662610269706,7704.122263543857,7477.319779801475,7550.61279296875,801963
2022-04-27,7497.374697872681,7510.744108873855,7372.275209218838,7437.59423828125,570519
2022-04-28,7490.689290594927,7582.365243157027,7416.871236140856,7532.8505859375,561932
2022-04-29,7561.3560835614,7588.572381664646,7282.5083977316535,7370.17333984375,1162749
2022-05-02,7319.752222248088,7400.923642847056,7204.488618482342,7290.86474609375,544053
2022-05-04,7305.427585518192,7398.0584973868545,7025.147455276416,7064.6826171875,599211
2022-05-05,7114.436211852625,7198.472505361757,7047.7323106221465,7073.99365234375,524174
2022-05-06,6984.561247912517,7028.393717039276,6834.298547003972,6951.37646484375,650559
2022-05-09,6877.128763111908,7090.08435766498,6808.849278759689,7028.77587890625,570578
2022-05-10,7019.082933214342,7233.805286358093,7019.082933214342,7177.3671875,663616
2022-05-11,7180.3277441868295,7219.05109670964,7015.693111670015,7063.2978515625,605312
2022-05-12,6896.227886890188,6994.063501919116,6886.009651716161,6926.9296875,571754
2022-05-13,7009.390514571743,7009.390514571743,6744.246564727049,6782.06298828125,703097
2022-05-16,6834.634036926959,6976.302141834441,6827.949331287937,6921.1533203125,369545
2022-05-17,6952.092716397702,7243.020514081116,6928.266333004195,7193.505859375,811448
2022-05-18,7225.210799562786,7296.020828005898,7171.351272268528,7225.73583984375,576970
2022-05-19,7114.435734126202,7186.057570375794,7052.411037418856,7071.03271484375,363255
2022-05-20,7181.808055166441,7304.376988179092,7114.435965524895,7244.88330078125,742204
2022-05-23,7448.767177446791,7596.546911844846,7425.848187944022,7541.732421875,1161175
2022-05-24,7562.310601985866,7584.2270693844475,7440.362307897297,7451.201171875,581609
2022-05-25,7486.8691410639185,7505.490818136718,7349.402779439521,7436.4951171875,454335
2022-05-26,7448.671011671204,7486.821763175668,7276.778603709561,7453.44580078125,476799
2022-05-27,7568.040937318999,7607.098620002891,7480.184815396809,7585.1826171875,431411
2022-05-30,7620.754724074974,7696.960173019693,7592.869768694736,7652.9365234375,389517
2022-05-31,7652.936378124559,7735.158339659279,7544.1667757170735,7607.5283203125,2494005
2022-06-01,7615.836145075216,7705.459029377356,7525.163180205723,7581.7919921875,522004
2022-06-02,7568.040473423469,7612.923489480366,7501.76649616301,7568.42236328125,352848
2022-06-03,7591.915166735087,7634.888271452455,7335.031496313484,7357.998046875,591905
2022-06-06,7343.625315887843,7426.611053573115,7249.514413341819,7363.24951171875,606990
2022-06-07,7272.051316490588,7467.7701070255935,7214.706286263217,7457.6474609375,991192
2022-06-08,7471.590466017205,7564.221380537101,7372.943503358135,7536.95751953125,813596
2022-06-09,7494.509455686653,7649.2126325242225,7477.415802861589,7572.6728515625,687937
2022-06-10,7473.500041751058,7628.394389622257,7473.500041751058,7577.68603515625,442921
2022-06-13,7496.370860850149,7608.482808709623,7442.702048178409,7545.6943359375,565826
2022-06-14,7453.446010281494,7545.50385365312,7400.923328594692,7459.79638671875,553462
2022-06-15,7463.950509411107,7571.86074579333,7463.950509411107,7499.7138671875,604566
2022-06-16,7580.455317522743,7663.53664942303,7453.445925077477,7480.7578125,1319566
2022-06-17,7453.445305786204,7496.132104110314,7301.750172576767,7341.8583984375,1317656
2022-06-20,7352.984015517405,7433.48723929282,7282.508315112164,7315.88427734375,1043423
2022-06-21,7367.452615122298,7486.869913645523,7281.697116185526,7430.1455078125,954884
2022-06-22,7400.923372452298,7514.563357138985,7369.027873369268,7432.1982421875,796824
2022-06-23,7458.221425953633,7943.148875814758,7451.536720450218,7898.45703125,1676430
2022-06-24,7935.699475485341,8012.096101001445,7867.228813351334,7986.50341796875,1156788
2022-06-27,8063.663657484465,8161.738009990146,8013.289633570171,8068.19970703125,921090
2022-06-28,8036.208867207311,8155.244733573905,8003.54912295366,8107.3056640625,691242
2022-06-29,8012.048692040897,8145.790350614028,7992.997096675195,8125.64111328125,655413
2022-06-30,8117.1419906830115,8245.678948469758,8055.642330099649,8089.20947265625,1130302
2022-07-01,8059.843723959127,8069.393301831116,7931.497024329202,8024.1279296875,530569
2022-07-04,8024.128436463934,8086.200696552137,7945.249291289951,8063.04296875,625431
2022-07-05,8115.708242704557,8125.3053813454835,7959.572654344,7972.65576171875,610290
2022-07-06,7999.681133815336,8262.724434608836,7992.996429513472,8241.3330078125,976098
2022-07-07,8303.357909844985,8308.132698752313,8189.909111922042,8218.7490234375,547662
2022-07-08,8231.736786747153,8267.022666333163,8064.6191605660915,8094.17529296875,686327
2022-07-11,8071.017189111897,8141.015410761959,8037.0201311940855,8124.447265625,536114
2022-07-12,8112.367125648054,8114.706958950531,7998.965878306005,8040.458984375,424358
2022-07-13,8073.213876693396,8105.826061160897,8003.501951805933,8060.03564453125,413855
2022-07-14,8083.67036659183,8200.556643949154,8069.3935607000085,8181.83984375,606496
2022-07-15,8208.817114066147,8402.673544284322,8189.909136451684,8382.6669921875,631246
2022-07-18,8405.538885189844,8444.692156525085,8292.85386037135,8312.716796875,478682
2022-07-19,8308.085285237552,8402.57854591048,8277.049156787563,8323.2685546875,478458
2022-07-20,8380.231474467038,8466.13010792294,8327.422499049788,8354.97265625,398132
2022-07-21,8396.944816836529,8434.09305218641,8329.190367299074,8400.7646484375,421090
2022-07-22,8451.377308124735,8488.620665753759,8395.034792737235,8433.185546875,415294
2022-07-25,8430.845810757819,8459.589670485368,8107.592561967932,8233.2646484375,623462
2022-07-26,8233.646720279665,8236.893950054335,8089.781944742854,8141.8271484375,429454
2022-07-27,8170.189377024582,8315.247846226677,8078.943341754369,8268.1201171875,1298855
2022-07-28,8308.132700211805,8375.123361623782,8240.139519644306,8328.234375,725196
2022-07-29,8369.9191133878,8540.187908658783,8336.781890035914,8378.3701171875,821432
2022-08-01,8451.376292073677,8675.79136875586,8425.210076059928,8597.8671875,1009408
2022-08-02,8580.296338213919,8782.603787025533,8550.692644670833,8759.8759765625,848311
2022-08-03,8790.348060630595,8790.348060630595,8512.403603377958,8612.2294921875,753729
2022-08-04,8674.277409002776,8697.347295728847,8487.7958246337,8619.1982421875,643264
2022-08-05,8619.293548955833,8636.980836691355,8468.57048448929,8498.5615234375,558385
2022-08-08,8498.562059890313,8649.285133870917,8498.369623088773,8576.1826171875,520993
2022-08-10,8592.186115954684,8650.72632512073,8483.950280072844,8535.5693359375,445375
2022-08-11,8608.625685245732,8649.286178247083,8385.904936544515,8472.2724609375,508318
2022-08-12,8473.377449390608,8473.377449390608,8338.803105327683,8362.0654296875,712782
2022-08-16,8398.544896933743,8689.657665701461,8367.688359028289,8654.7646484375,963726
2022-08-17,8660.819995471129,8718.494712422102,8574.307920044668,8597.7138671875,623749
2022-08-18,8579.113140651867,8663.126343980612,8532.973372500463,8600.93359375,442229
2022-08-19,8608.384404728431,8620.447845493343,8377.252784731767,8438.724609375,572597
2022-08-22,8411.857189279273,8427.66986139726,8268.824083711463,8293.6240234375,488485
2022-08-23,8273.438692301008,8417.625494188444,8232.10514242661,8382.5400390625,558231
2022-08-24,8324.383919659782,8432.0433883667,8260.941732743207,8366.6787109375,442582
2022-08-25,8383.020818591387,8492.602790076242,8343.609758671395,8397.34375,525721
2022-08-26,8458.95801226756,8490.438793506395,8368.793397561825,8382.634765625,398063
2022-08-29,8269.208043830324,8516.537198575317,8257.09672912037,8491.8330078125,459057
2022-08-30,8540.47051661834,8808.850343819675,8526.244276481943,8730.2685546875,1016312
2022-09-01,8603.097166410662,8875.802633272524,8594.493833626517,8674.7578125,888864
2022-09-02,8676.680345414276,8795.298386067063,8557.101059500821,8573.9228515625,632909
2022-09-05,8555.083219574437,8667.35648352181,8531.052086935184,8603.193359375,386455
2022-09-06,8636.114361788348,8673.074424472208,8526.24423208761,8544.267578125,397902
2022-09-07,8520.478464801887,8529.658169808985,8420.508952128219,8444.4443359375,496785
2022-09-08,8486.835062798655,8540.760550606226,8439.73404138319,8449.9716796875,428924
2022-09-09,8492.265524098359,8640.633349467465,8391.670835560237,8599.2998046875,632296
2022-09-12,8622.274723921582,8663.030962035695,8558.928282195611,8581.662109375,383641
2022-09-13,8624.579526888103,8640.680382880444,8565.559638897992,8580.5546875,405093
2022-09-14,8516.488468714979,8651.207367823687,8483.66250621005,8619.6787109375,509547
2022-09-15,8680.092172001223,8963.611636105757,8680.044297483646,8852.828125,1392132
2022-09-16,8852.588155280833,8954.86502566078,8670.480054402491,8833.5078125,1056382
2022-09-19,8819.712634884883,8981.346385969342,8718.493706062656,8921.171875,727024
2022-09-20,8977.0683619503,9064.541669685334,8891.517544495158,8940.396484375,747257
2022-09-21,8939.580500219115,9033.782531296694,8854.462424167225,8889.5,440725
2022-09-22,8842.49421687513,9069.34807437948,8829.998029809212,9037.482421875,511112
2022-09-23,9033.7355255096,9084.72940133008,8917.808778193546,8981.34765625,574213
2022-09-26,8911.03246995095,8911.03246995095,8458.958975190531,8492.5546875,865432
2022-09-27,8545.470246010213,8563.68603118446,8334.476914289264,8434.013671875,686285
2022-09-28,8382.058469647922,8507.020350502764,8324.431629925883,8388.546875,663740
2022-09-29,8430.505699967853,8458.958183827028,8270.649864225636,8290.595703125,817007
2022-09-30,8332.073776778961,8528.167806597017,8226.529236708337,8486.017578125,658982
2022-10-03,8622.369413472928,8622.369413472928,8180.19662303842,8215.7626953125,1123076
2022-10-04,8361.872733359165,8419.114702331835,8295.546808700952,8353.7021484375,503140
2022-10-06,8395.51637747939,8482.98969902171,8353.702207291577,8365.7177734375,474445
2022-10-07,8410.895328237631,8502.789991994605,8373.4067662032,8438.8671875,428616
2022-10-10,8338.802691166531,8532.44573794554,8322.461521627645,8518.9404296875,411218
2022-10-11,8469.532221956082,8507.020788141112,8329.190410083924,8347.5986328125,422610
2022-10-12,8360.910719164014,8382.058113487032,8257.672609573423,8349.9521484375,380365
2022-10-13,8329.190294405451,8444.972475335182,8259.019389443929,8314.3388671875,355605
2022-10-14,8420.507765367971,8426.85160806096,8272.764193659355,8283.337890625,274160
2022-10-17,8276.321418228757,8410.607564407106,8235.035747917264,8385.7109375,304671
2022-10-18,8425.362948957016,8543.788557940445,8412.86676002745,8466.0234375,369973
2022-10-19,8508.366782993804,8511.826890489387,8358.027646844179,8381.43359375,385416
2022-10-20,8362.833675288328,8400.514676832841,8277.282848035378,8369.947265625,328270
2022-10-21,8391.672275657838,8453.19198077148,8306.121435734178,8366.0068359375,356203
2022-10-24,8448.192749794185,8448.192749794185,8406.907075219167,8425.748046875,30052
2022-10-25,8478.183296606052,8667.548615135689,8456.459528951524,8656.013671875,727441
2022-10-27,8699.270063571956,8725.175812443718,8557.00575755995,8691.5322265625,849108
2022-10-28,8742.526061505265,9179.844801385028,8700.231268024647,9124.6689453125,1873029
2022-10-31,9276.017151855905,9390.40534264045,9084.82508605815,9158.3603515625,1932020
2022-11-01,9261.598481022073,9263.42522258158,9011.67470260321,9088.189453125,805517
2022-11-02,9078.960885866392,9088.188464271392,8853.068264566382,8871.716796875,788679
2022-11-03,8853.068179584092,8949.192698363508,8809.23577450708,8881.0400390625,616860
2022-11-04,8899.112238940545,8962.650170648463,8834.852434622582,8871.8125,465775
2022-11-07,8917.471925488571,8990.33412558109,8895.65147120353,8971.58984375,469017
2022-11-09,9112.94091931926,9113.421541938405,8862.681097017345,8894.8828125,617256
2022-11-10,8844.417672686972,8892.239624563526,8719.455788386429,8744.6884765625,445700
2022-11-11,8843.456476070294,8881.906286835816,8699.269685699583,8735.3642578125,461074
2022-11-14,8747.331531797994,8807.937855382244,8644.045544813942,8797.65234375,282822
2022-11-15,8833.843522975098,8846.868207890902,8776.168810093866,8807.12109375,359888
2022-11-16,8805.005761589808,8893.920939859137,8747.186489099087,8780.9267578125,350737
2022-11-17,8748.293073502044,8814.23412256701,8622.369944985534,8638.1826171875,409572
2022-11-18,8660.8203520307,8674.229912017081,8493.563665987043,8505.146484375,515615
2022-11-21,8482.988615840664,8583.150550186763,8445.500054252247,8521.630859375,520644
2022-11-22,8531.051165877236,8588.678003467689,8515.719117165498,8529.849609375,455948
2022-11-23,8593.53294287593,8640.633962361491,8557.005621642229,8588.24609375,621006
2022-11-24,8621.314000456661,8646.306380151967,8575.269971608452,8619.5830078125,455343
2022-11-25,8651.206890279394,8728.106507081877,8600.741516752765,8669.951171875,545439
2022-11-28,8678.122502105738,8751.27289339048,8603.145369278507,8637.173828125,439956
2022-11-29,8636.788652949432,8674.998151998374,8543.547862817422,8564.8876953125,606692
2022-11-30,8578.152550565697,8670.432093915575,8526.245307431393,8626.359375,1087650
2022-12-01,8669.51876454971,8675.238361517413,8583.920062975123,8610.9794921875,694489
2022-12-02,8478.181925531408,8582.861894179954,8415.460681694569,8474.1923828125,971612
2022-12-05,8501.2532864663,8510.096930816879,8425.314909077015,8451.31640625,519621
2022-12-06,8437.041832514558,8458.95803604656,8357.979412234465,8379.5107421875,551379
2022-12-07,8382.057798774553,8408.828101005578,8306.119431102168,8323.56640625,546450
2022-12-08,8329.189873339417,8373.407153682594,8272.524279591205,8346.2041015625,476001
2022-12-09,8369.562991790313,8424.113663638724,8214.27399826287,8279.5419921875,790406
2022-12-12,8275.361329083547,8356.394125431581,8185.2924508379165,8324.14453125,445039
2022-12-13,8326.306664429743,8360.286309791558,8276.321909575165,8286.607421875,330236
2022-12-14,8314.77112436911,8341.397804614631,8262.911757185473,8306.6962890625,343670
2022-12-15,8306.12004875901,8337.456267832196,8242.67786345429,8251.4736328125,472176
2022-12-16,8227.779516423288,8255.175008708828,8118.678169952813,8156.935546875,624222
2022-12-19,8169.430558668229,8287.327658521297,8123.483225622796,8270.4091796875,464106
2022-12-20,8251.713760236484,8251.713760236484,8105.267489191916,8193.990234375,694906
2022-12-21,8193.990575186668,8234.940186085476,7967.0888215611685,8026.78271484375,800720
2022-12-22,8032.790524034522,8059.080206234224,7966.800661888031,8011.35400390625,580858
2022-12-23,7978.04718271388,8007.124850773914,7808.050870778905,7826.07421875,503012
2022-12-26,7831.265511688223,8022.553327672752,7763.064969452023,7936.81005859375,315102
2022-12-27,7977.326124883738,7992.753922764148,7911.816888322598,7983.57421875,423308
2022-12-28,7992.754462258883,8125.886932856942,7966.415966235359,8094.6943359375,538632
2022-12-29,8045.623292841764,8121.561672786148,8010.057216158951,8108.873046875,452134
2022-12-30,8141.74780335665,8160.972709621956,8038.17362085232,8069.26953125,433976
2023-01-02,8040.817303563436,8126.368139190113,8014.4788056480875,8077.6328125,398159
2023-01-03,8055.2354817184105,8076.382877971131,7982.325402397171,8057.87890625,493207
2023-01-04,8051.390373993023,8206.198736838582,7988.957306021673,8096.37646484375,566744
2023-01-05,8117.668346810689,8146.5535791327175,8064.895606546161,8133.19189453125,417716
2023-01-06,8132.134510870674,8155.1565214903985,8026.397537325073,8058.16650390625,368978
2023-01-09,8098.34677281584,8119.590856342878,8002.462557898881,8052.3515625,613406
2023-01-10,8055.235239783961,8084.072597444286,7942.673795869589,7971.75146484375,493677
2023-01-11,8011.642881581054,8011.642881581054,7929.456414930253,7963.38818359375,327536
2023-01-12,7992.754323160594,8052.351529178148,7939.885833951474,8044.85400390625,283772
2023-01-13,8071.57640774642,8170.632543549505,8027.35912600814,8125.791015625,705220
2023-01-16,8151.359831967988,8184.330356752662,8020.245602580562,8055.3310546875,500575
2023-01-17,8083.928315716359,8164.144422801884,8018.852760644017,8150.73486328125,409248
2023-01-18,8144.630234951926,8206.53479869878,8136.267214322612,8164.8642578125,402883
2023-01-19,8150.3988054364445,8188.84861699647,8128.77078643393,8172.17138671875,184776
2023-01-20,8134.1054810415035,8170.584927372226,8085.995342241785,8112.7177734375,346337
2023-01-23,8151.36016595681,8153.282656561988,8053.217396048894,8090.8974609375,410827
2023-01-24,8122.522065779773,8380.135783369002,8090.8009736885615,8361.6796875,1039571
2023-01-25,8408.878474397423,8490.68007723917,8343.89772626777,8443.6748046875,1131883
2023-01-27,8486.306307680186,8544.509523202789,8286.030284988337,8398.880859375,743546
2023-01-30,8438.772483310826,8521.439579058033,8380.136520048272,8475.2998046875,1036998
2023-01-31,8513.65417210065,8597.233702898513,8487.988733945924,8550.5654296875,643670
2023-02-01,8590.64840529921,8680.476957535555,8337.745167108296,8429.0146484375,707460
2023-02-02,8425.31433824865,8593.53225144814,8411.952654228107,8526.3896484375,456995
2023-02-03,8593.53248774287,8615.641128371291,8502.358751768174,8595.7431640625,351157
2023-02-06,8580.988245687304,8589.68732722693,8478.182881170716,8562.7724609375,205161
2023-02-07,8562.77233387449,8574.307276398795,8413.34657818104,8422.86328125,318669
2023-02-08,8433.00348799948,8511.344965746197,8336.926849939917,8492.3125,391645
2023-02-09,8461.168322344369,8490.678737330412,8362.83312745099,8460.111328125,392186
2023-02-10,8456.843478351493,8531.051801199226,8432.95690879457,8469.8681640625,276298
2023-02-13,8446.462823071415,8520.863588054375,8416.376031599655,8468.04296875,253037
2023-02-14,8473.376744024537,8504.13659153546,8425.31448228872,8434.3984375,227030
2023-02-15,8434.399052369961,8550.950045575917,8403.206454486259,8502.55078125,452568
2023-02-16,8535.857997773397,8535.857997773397,8449.34592347164,8463.8603515625,247514
2023-02-17,8446.4623633572,8530.09070358846,8410.65597630416,8466.408203125,214587
2023-02-20,8466.407191182547,8506.058554656336,8339.042205478854,8356.7294921875,298434
2023-02-21,8357.066010237077,8382.05838615911,8303.66902557763,8333.8515625,323478
2023-02-22,8339.282443202228,8381.096607951153,8252.289755621132,8323.3740234375,363931
2023-02-23,8356.537216825871,8408.44445728512,8282.088588831393,8359.228515625,317544
2023-02-24,8373.407141597447,8401.28325307791,8275.64831462792,8324.8642578125,242982
2023-02-27,8295.547181909847,8308.09124569894,8199.422649095133,8297.662109375,220225
2023-02-28,8314.77253040141,8371.486007776402,8271.80467420627,8290.1162109375,370998
2023-03-01,8285.934166732593,8436.12873907041,8285.934166732593,8424.498046875,333441
2023-03-02,8431.083070784289,8431.083070784289,8179.332534969646,8217.4462890625,603893
2023-03-03,8259.066512795422,8294.58471016204,8218.646340466503,8267.91015625,437977
2023-03-06,8305.158888761292,8327.267529321653,8258.009997396432,8296.9404296875,275417
2023-03-08,8290.74052794288,8374.416741701973,8276.36972328456,8356.970703125,348171
2023-03-09,8386.86493771491,8398.399880895722,8203.314966607035,8210.9091796875,431466
2023-03-10,8199.422306141007,8293.624344359274,8151.4557907862845,8268.19921875,516128
2023-03-13,8268.198952545583,8302.563470483085,8152.416773597552,8188.27197265625,479314
2023-03-14,8213.793306890924,8213.793306890924,8117.716650325901,8182.2646484375,349510
2023-03-15,8314.771159237776,8367.59177185961,8112.90966288634,8146.50537109375,509229
2023-03-16,8132.2306262243455,8202.690654560993,8085.033859574865,8110.458984375,340261
2023-03-17,8173.468406334374,8181.110493857707,7972.135399855803,7994.5322265625,471602
2023-03-20,7994.531878261122,7994.531878261122,7814.923585608427,7901.05078125,488199
2023-03-21,7925.467037753437,7954.304395076979,7896.6296804298945,7909.5107421875,287497
2023-03-22,7916.815769038791,7968.3381382367415,7898.552109542466,7932.58056640625,218120
2023-03-23,7943.7303727975695,8050.428590534807,7913.546897879187,8029.4736328125,540553
2023-03-24,8029.4738922450715,8061.48317085726,7892.784631957188,7923.44873046875,391840
2023-03-27,7930.27348611483,7994.484482477367,7910.615832578759,7957.5244140625,364326
2023-03-28,7984.006906022248,8031.780041632179,7824.53595137935,7890.66943359375,360349
2023-03-29,7930.128599288335,7996.69483158385,7870.195334577998,7973.8173828125,339851
2023-03-31,8003.279940214074,8045.622605009774,7937.049768134443,7970.7900390625,478757
2023-04-03,8086.812571485227,8246.523861957618,8065.18455109893,8173.51708984375,627265
2023-04-05,8191.683183123766,8216.723431199802,8103.296505032094,8119.685546875,272888
2023-04-06,8135.979905171969,8204.228318837755,8052.447316339668,8186.58984375,309551
2023-04-10,8128.866478975933,8224.222198725238,8077.391981850948,8204.373046875,308275
2023-04-11,8247.48429947564,8334.909743283808,8213.84071550342,8323.951171875,409240
2023-04-12,8335.918011362768,8372.397452857256,8258.057153553682,8286.9423828125,408458
2023-04-13,8293.672388102048,8366.679156954033,8285.934551119459,8334.765625,480202
2023-04-17,8507.020782312688,8507.020782312688,8314.771725085282,8338.466796875,489356
2023-04-18,8356.05809776326,8409.74327600419,8353.222236188407,8394.2197265625,276111
2023-04-19,8353.269725706738,8403.014171138126,8326.739730296451,8343.5615234375,280819
2023-04-20,8333.996041149278,8401.187457382672,8329.334377327781,8376.916015625,369060
2023-04-21,8343.032331042958,8366.678588515804,8218.646821209804,8226.76953125,424157
2023-04-24,8244.601030493908,8244.601030493908,8117.4763381442735,8138.04736328125,543745
2023-04-25,8180.197234735453,8194.615913762602,8093.685160572563,8140.6904296875,906406
2023-04-26,8196.538917338015,8218.647559896803,8108.008598056462,8177.21826171875,959058
2023-04-27,8237.871612889876,8237.871612889876,8142.94864652198,8211.8701171875,536521
2023-04-28,8259.980546401144,8278.676954512974,8204.324070177296,8256.6640625,387567
2023-05-02,8288.53064405286,8484.912885505126,8272.477658622081,8436.7060546875,865562
2023-05-03,8430.122445241599,8485.874680341258,8377.301820968587,8456.3642578125,537008
2023-05-04,8455.73801209875,8481.01857325915,8404.166831339395,8459.5341796875,271926
2023-05-05,8459.535506844775,8639.673262094995,8449.346681554853,8601.8486328125,951591
2023-05-08,8695.424285136345,8767.469802325824,8612.757195978516,8724.501953125,678780
2023-05-09,8730.991204286884,8785.782187292978,8701.04803721026,8758.4345703125,415394
2023-05-10,8775.015257327863,8824.231200787885,8708.881773326604,8812.8408203125,366827
2023-05-11,8884.741554578442,8953.99908384988,8787.75153791539,8901.99609375,644550
2023-05-12,8902.04409416639,8968.225451974859,8874.841042225571,8935.1591796875,403028
2023-05-15,8883.828052109213,8946.789612097653,8829.42194980408,8850.47265625,259316
2023-05-16,8861.814989789453,8871.61987828715,8706.093271923859,8719.791015625,448981
2023-05-17,8728.44406245843,8778.092761546952,8682.016098604785,8765.9814453125,290482
2023-05-18,8790.54089506583,8795.394996364304,8693.598737805161,8702.4423828125,272497
2023-05-19,8708.881377250216,8764.826034767806,8613.285355846141,8753.05078125,543472
2023-05-22,8737.719734951863,8814.331172736413,8722.195247945127,8801.787109375,182115
2023-05-23,8813.656272445298,8877.098448689314,8801.88102003637,8844.1279296875,269008
2023-05-24,8812.696889410243,8957.076120869588,8804.045681730848,8911.46484375,470365
2023-05-25,8863.403050297466,8933.237900377007,8858.885009414695,8922.134765625,218979
2023-05-26,8971.302640711714,9050.124757559282,8950.395554840561,9035.658203125,346760
2023-05-29,9069.34960320184,9121.064413725944,8951.164303247308,8971.783203125,236834
2023-05-30,9016.48039922777,9038.493290827448,8939.580779618153,9019.7001953125,372004
2023-05-31,9083.719647588247,9083.719647588247,8908.436014765362,9004.6572265625,1614766
2023-06-01,8975.626846502772,9014.124528125296,8864.603028481773,8966.783203125,378706
2023-06-02,9025.131467853695,9156.005381453679,8951.788644520406,9117.7470703125,445105
2023-06-05,9182.294588450755,9266.4035417603,9120.822771403036,9210.7470703125,434649
2023-06-06,9255.83030037807,9391.365877525572,9238.527886274132,9358.8759765625,542318
2023-06-07,9408.667342422095,9420.202283994335,9276.49613690687,9331.287109375,453747
2023-06-08,9355.800226805653,9386.56007549134,9252.466360127179,9284.283203125,273746
2023-06-09,9300.527362221237,9337.439551123909,9238.622799651288,9254.67578125,161389
2023-06-12,9251.985843374327,9324.079239556464,9168.021443440635,9180.3251953125,316879
2023-06-13,9216.419155092592,9245.30438616567,9137.260986834546,9148.6513671875,561014
2023-06-14,9151.054746918437,9226.993121393916,9122.69801214595,9163.0703125,328167
2023-06-15,9184.699629806275,9321.965282684316,9173.16468521625,9223.0048828125,459978
2023-06-16,9223.194620013714,9269.671383883704,9181.813206152536,9231.509765625,682099
2023-06-19,9264.481841592793,9268.471384919294,9141.442447971307,9162.58984375,395006
2023-06-20,9160.667901245999,9169.223360081989,9054.930916027,9124.236328125,612713
2023-06-21,9133.752201153771,9167.395784298413,9031.908081005568,9074.9716796875,356331
2023-06-22,9073.241546825333,9126.398219986733,9010.520295938792,9038.63671875,288487
2023-06-23,9054.92988439618,9061.658600870784,8944.386685170537,8965.822265625,309138
2023-06-26,8965.823216221825,9151.055375697926,8939.581406931798,9103.185546875,405168
2023-06-27,9122.216931060737,9131.829383042887,9030.946511747015,9094.3408203125,339375
2023-06-28,9108.230922747796,9203.922693662991,9066.993128613023,9170.904296875,482586
2023-06-30,9198.155902436825,9471.63017918918,9171.241035129036,9409.677734375,845006
2023-07-03,9364.498794604566,9406.601147438223,9282.312328410004,9298.125,398066
2023-07-04,9324.078701577033,9339.939247821983,9247.226957937835,9273.517578125,247673
2023-07-05,9321.195244971348,9647.970757405497,9300.04784934493,9605.05078125,815044
2023-07-06,9612.404589450378,9628.120573742544,9434.814530178543,9477.3017578125,652120
2023-07-07,9472.110528999898,9559.583845230767,9434.621964900954,9468.505859375,457050
2023-07-10,9472.11043021088,9548.384863191812,9343.063258985407,9358.9716796875,272008
2023-07-11,9416.357620435454,9570.973529478159,9358.971096438685,9516.4716796875,568772
2023-07-12,9511.521137259766,9564.38962261088,9425.009070321577,9454.615234375,552967
2023-07-13,9471.102273805598,9515.319558574005,9239.490025954818,9273.662109375,519564
2023-07-14,9325.954093113476,9350.321286157183,9219.303738568648,9231.4638671875,498441
2023-07-17,9273.132407769768,9323.117157972321,9184.697849719098,9314.033203125,444583
2023-07-18,9333.883835114815,9387.809318273685,9229.58872525716,9291.060546875,320985
2023-07-19,9276.978209275725,9291.39688849437,9156.486488758359,9235.2119140625,450254
2023-07-20,9247.179625543618,9405.785097291508,9204.356335914907,9393.76953125,466813
2023-07-21,9343.302953431801,9463.45859840906,9326.961785714893,9391.4130859375,328483
2023-07-24,9391.414765903091,9434.62293130932,9304.854811520552,9319.0810546875,358506
2023-07-25,9251.023995462336,9396.124149136032,9244.102842136488,9380.4072265625,240998
2023-07-26,9383.195905921444,9429.816302524137,9348.350764130771,9378.2451171875,209861
2023-07-27,9391.365382331804,9446.300919701544,9316.052198175857,9375.6005859375,256672
2023-07-28,9361.567030050432,9372.14072728121,9176.431579477929,9295.529296875,381151
2023-07-31,9295.52891493799,9456.441730761167,9233.721038680855,9440.1484375,600060
2023-08-01,9381.7535441377,9508.637915841202,9276.064442236913,9340.1796875,1394528
2023-08-02,9338.498323452017,9413.90820686944,9151.391545633094,9279.669921875,672815
2023-08-03,9313.67797569376,9372.96332807518,9232.901244832257,9260.1669921875,614897
2023-08-04,9275.981636864037,9330.31793097119,9146.932938359547,9189.0439453125,540470
2023-08-07,9208.061774926324,9256.382078186783,9142.081985601246,9240.857421875,366329
2023-08-08,9256.527427213081,9337.1099018776,9222.615568673655,9259.0498046875,430636
2023-08-09,9256.576698925328,9256.625023968285,9137.716044248353,9181.9609375,404602
2023-08-10,9181.960309994127,9217.764426629057,9064.506774888987,9118.40625,523490
2023-08-11,9118.406546721926,9187.685704844816,9066.399326863446,9078.8671875,498504
2023-08-14,9081.924149613897,9085.805313780398,8982.85781328388,9044.7138671875,336864
2023-08-16,9056.695898728738,9157.363586696716,8979.218543924619,9139.7041015625,336363
2023-08-17,9135.19362552758,9193.265166103542,9072.22135708785,9096.76953125,402798
2023-08-18,9072.220945069164,9188.655866289304,9059.26793910335,9175.1201171875,400745
2023-08-21,9174.636165597769,9187.686770892793,9133.593040036601,9158.3837890625,375347
2023-08-22,9140.335221104533,9225.574904134852,9130.147165879405,9209.9052734375,435930
2023-08-23,9236.200281181478,9353.605495387063,9165.369036247532,9315.7158203125,546842
2023-08-24,9374.612675922182,9374.612675922182,9271.130758918092,9289.275390625,385559
2023-08-25,9270.160767023322,9338.808859368613,9203.210684029329,9223.2958984375,346449
2023-08-28,9232.270916475503,9382.71435265101,9227.46778631966,9312.5625,325938
2023-08-29,9314.793426010134,9397.025586724129,9223.586073713785,9335.412109375,317224
2023-08-30,9373.012263153896,9526.26993578657,9324.497706926391,9505.3603515625,543634
2023-08-31,9479.839489004844,9765.978676949999,9479.839489004844,9706.5966796875,1581818
2023-09-01,9701.940136966878,10089.037938002293,9655.705389757473,10024.3193359375,1193178
2023-09-04,10091.997304250464,10156.958480157857,9980.704730277697,10054.5927734375,819552
2023-09-05,10042.51161214991,10103.349045918978,9941.40710283454,9957.22265625,507107
2023-09-06,9955.186768058998,9955.186768058998,9829.194846705428,9876.447265625,663758
2023-09-07,9848.453785936399,9994.871078877291,9848.453785936399,9975.3193359375,445805
2023-09-08,10090.055390810256,10091.025681741192,9993.996588647527,10025.0458984375,439721
2023-09-11,10037.66033875911,10236.56999264462,10036.690047764545,10220.8994140625,598050
2023-09-12,10230.748966081754,10254.424447033833,10095.878508353628,10191.548828125,568773
2023-09-13,10188.055455216629,10223.3744264813,10129.837995472533,10162.24609375,301707
2023-09-14,10154.144301659657,10265.679448886978,10121.154405510115,10176.55859375,501196
2023-09-15,10177.674485249076,10236.57134591518,10166.128589417287,10212.556640625,544616
2023-09-18,10188.104295409697,10308.032837076504,10182.282549140917,10209.4990234375,430213
2023-09-20,10182.28207314479,10182.28207314479,10030.431531732707,10039.3583984375,545106
2023-09-21,10035.768268868122,10037.66052585275,9903.275220600879,9978.763671875,577252
2023-09-22,10069.68049222126,10252.822927459916,10002.19693936912,10222.162109375,986206
2023-09-25,10222.161992211102,10401.519911288335,10217.164614353187,10273.6357421875,756801
2023-09-26,10316.037839336816,10318.02674648818,10213.817108235358,10243.0234375,452503
2023-09-27,10236.569999253916,10387.935394503545,10212.312724374166,10363.435546875,458359
2023-09-28,10334.083542272896,10386.964397918535,10219.152392189997,10251.462890625,598144
2023-09-29,10227.83823728373,10387.451119366377,10198.292684494627,10295.3701171875,481725
2023-10-03,10391.622937679576,10391.622937679576,9997.199624340154,10039.5048828125,623006
2023-10-04,9978.376436976747,9978.376436976747,9790.236624703099,9828.90234375,407793
2023-10-05,9879.454986135454,9965.810888187581,9808.67206567377,9906.8173828125,377196
2023-10-06,9977.50247386106,10025.96869940811,9955.18578059073,9995.986328125,335700
2023-10-09,9945.483202939753,10027.376146089266,9881.395668981024,9940.4375,230083
2023-10-10,9984.295761483434,10107.522735410392,9964.986588911126,10066.7705078125,348342
2023-10-11,10042.464554820772,10129.83907882112,10032.858293915722,10102.767578125,193526
2023-10-12,10149.244169873451,10308.905369288213,10110.626776404359,10266.552734375,569237
2023-10-13,10221.094382439022,10425.825796727091,10216.970645421372,10408.845703125,625954
2023-10-16,10411.174565301839,10489.670542142745,10348.15397255535,10386.48046875,304196
2023-10-17,10411.222433578025,10477.05629893073,10251.415316313143,10431.404296875,474718
2023-10-18,10435.480098752889,10488.700183091074,10392.83561818386,10467.9365234375,267435
2023-10-19,10382.113540608116,10477.881450347795,10382.113540608116,10451.68359375,286284
2023-10-20,10443.33859272076,10478.172418339287,10377.94154841648,10407.001953125,232512
2023-10-23,10363.678488300757,10406.032070767402,10217.60136328833,10240.1123046875,227925
2023-10-25,10207.461467703257,10331.125246952648,10189.607734024989,10274.265625,401105
2023-10-26,10225.897510476068,10279.26351892812,10083.749869781055,10114.4599609375,506129
2023-10-27,10129.887128012788,10522.806687567048,10129.838802969109,10246.953125,1116713
2023-10-30,10382.113701713448,10382.113701713448,9940.631296640588,10088.794921875,991168
2023-10-31,10178.352305056093,10178.352305056093,10014.373130646705,10083.5546875,439996
2023-11-01,10081.420908080401,10112.567820083048,9885.956529279814,9923.89453125,699116
2023-11-02,9984.586528543836,10037.661642349278,9897.939720986466,9997.4912109375,569194
2023-11-03,10011.463280335109,10061.918416076282,9936.750867795294,9971.001953125,517582
2023-11-06,10031.790185907497,10031.790185907497,9947.423195108551,9979.296875,490459
2023-11-07,9993.998330758419,10019.225899360334,9931.753777668735,9948.685546875,264935
2023-11-08,10013.403285798013,10033.24592658652,9955.767620423781,10015.634765625,287006
2023-11-09,10042.463138387311,10139.152064285503,10010.249288917383,10091.365234375,310536
2023-11-10,10066.769353094072,10106.939780424182,10013.4033468849,10080.1591796875,206395
2023-11-13,10119.165135825991,10119.165135825991,10055.756996135959,10089.474609375,261891
2023-11-15,10185.144739210207,10185.144739210207,10066.81756094663,10145.4111328125,436538
2023-11-16,10168.650291799799,10230.45802172844,10099.95387437662,10173.0166015625,488715
2023-11-17,10188.056557570557,10291.683457617579,10187.232189154904,10210.8583984375,403772
2023-11-20,10188.056108038565,10278.632399274375,10188.056108038565,10252.337890625,234246
2023-11-21,10303.520634698165,10303.520634698165,10188.056000031145,10222.162109375,312242
2023-11-22,10236.570405453202,10237.783269245318,10110.43257107321,10182.767578125,378891
2023-11-23,10176.219044204321,10212.314063468322,10085.254251477465,10176.8984375,453820
2023-11-24,10193.830174132978,10252.581111895532,10151.18568993054,10203.2421875,380306
2023-11-28,10226.819311908097,10242.78078914367,10193.87774134742,10224.490234375,268026
2023-11-29,10255.975434766906,10318.607526649024,10212.991734800968,10284.3564453125,343341
2023-11-30,10266.650090870102,10332.629885424412,10232.786552586238,10293.52734375,665660
2023-12-01,10292.846282808738,10439.360214624738,10220.122787407337,10271.208984375,591519
2023-12-04,10377.261893651066,10377.358543727873,10115.283332521025,10284.55078125,625235
2023-12-05,10334.473591475911,10450.034879507899,10249.57312239913,10403.3642578125,580996
2023-12-06,10403.364177678279,10429.610361549301,10275.382406830106,10310.0703125,464163
2023-12-07,10469.440549346913,10608.046248406134,10319.045434875294,10378.8642578125,704413
2023-12-08,10411.22311292839,10428.68835207403,10237.541012535643,10303.083984375,548373
2023-12-11,10314.193612785175,10321.955940997996,10188.104104368207,10228.5654296875,579749
2023-12-12,10304.490402041389,10308.371566034624,9995.064223660733,10031.2568359375,1088687
2023-12-13,10052.214800194672,10103.543573319837,9955.185699806692,10071.6689453125,603469
2023-12-14,10129.838258607577,10183.204264759246,10005.931905723648,10045.6171875,635475
2023-12-15,10148.273606003224,10165.496271316022,9540.48294236714,9980.8017578125,1244681
2023-12-18,9989.146843035145,10043.386494374257,9922.3910050754,10013.015625,652498
2023-12-19,10013.015344499561,10068.71043092387,9902.984905718435,9929.5703125,585734
2023-12-20,9935.779789212647,10002.77819291022,9693.207040452573,9781.74609375,964051
2023-12-21,9702.910069268415,9799.211451705904,9605.88096857573,9715.3779296875,739806
2023-12-22,9751.424850334944,10011.753744142874,9732.019029737263,9913.609375,652545
2023-12-26,9964.888463086849,9975.755911680213,9814.202461913517,9965.51953125,395273
2023-12-27,9980.414116033679,9999.188869538051,9926.077815188073,9982.83984375,397675
2023-12-28,10004.621948198155,10004.621948198155,9884.35419197617,9966.4404296875,584234
2023-12-29,9975.028538872019,10087.776545276756,9967.799681239281,9996.27734375,705227
2024-01-01,10037.66011126771,10037.66011126771,9911.183062012731,9977.79296875,411724
2024-01-02,9977.793362721228,9988.855059265241,9849.47237653172,9894.78515625,776837
2024-01-03,9896.968636313686,9906.671546741445,9765.979345538946,9778.25390625,521046
2024-01-04,9799.93871680896,9819.344536050166,9688.888726691206,9717.7548828125,711733
2024-01-05,9713.2443044005,9775.682153327625,9673.801594905848,9719.4052734375,673131
2024-01-08,9707.761133290416,9828.028888264773,9617.427423203944,9651.193359375,600153
2024-01-09,9678.653034707957,9744.293601978316,9596.178297068842,9726.2939453125,666469
2024-01-10,9751.376686262061,9752.152729588814,9654.395906714293,9712.8076171875,481699
2024-01-11,9727.264739199414,9823.323556239016,9702.910812081043,9713.6806640625,1024815
2024-01-12,9727.167447539037,9746.524942842358,9640.763221966372,9669.5810546875,850190
2024-01-15,9688.452135312082,9798.774409816637,9652.454718788465,9787.228515625,463380
2024-01-16,9787.179505660242,9935.77995302051,9761.127571033821,9881.0068359375,536823
2024-01-17,9823.22606842884,9859.90287866074,9699.465641084977,9753.07421875,610250
2024-01-18,9650.562902484002,9751.424844489962,9448.354820507264,9629.6533203125,614860
2024-01-19,9664.09843359094,9753.025983438034,9653.473557550073,9739.490234375,377018
2024-01-23,9569.01059759628,9676.71290710076,9539.998515385481,9567.5068359375,956269
2024-01-24,9567.070403484893,9702.911159720987,9465.189836307823,9691.4619140625,459092
2024-01-25,9691.460696575286,9702.71569308669,9524.909868421613,9587.4453125,718817
2024-01-29,9636.106370305026,9736.870717142105,9581.672473700206,9694.56640625,446516
2024-01-30,9713.437541026111,9735.415011790405,9636.445327113808,9655.9970703125,399869
2024-01-31,9663.41996609542,9931.511207609083,9618.49567765971,9884.2587890625,997024
2024-02-01,9906.671007882764,10381.919345273976,9900.849261942773,10321.9072265625,1869594
2024-02-02,10283.144286397595,10393.368967854618,10227.25590235879,10338.8876953125,814940
2024-02-05,10287.024694547672,10440.282340245494,10091.025921835106,10118.7275390625,365105
2024-02-06,10188.007353030667,10534.206998371743,10147.303455359264,10522.66015625,829040
2024-02-07,10537.361274716903,10647.489313821909,10466.335777167395,10610.8125,560808
2024-02-08,10625.657845467187,10625.657845467187,10372.363543098872,10424.7109375,557082
2024-02-09,10393.02939825965,10450.033994095595,10295.854376295565,10413.9873046875,645489
2024-02-12,10382.1143543843,10429.610291337929,10333.648126369515,10391.5263671875,190655
2024-02-13,10411.22286848916,10508.251972575732,10324.042597487314,10473.806640625,397979
2024-02-14,10386.965607452867,10721.716017034487,10385.413520805181,10700.3212890625,354676
2024-02-15,10712.012409548928,10802.249470607629,10653.79495080138,10760.76953125,447248
2024-02-16,10789.636609679643,11138.9413920074,10768.290206315169,11042.30078125,716486
2024-02-19,11042.300700188074,11268.03834558032,10996.356850208711,11142.19140625,581383
2024-02-20,11100.130104814667,11138.89342349312,10979.66808658905,11106.388671875,355044
2024-02-21,11115.65394995158,11178.722866392472,11032.20892204517,11125.2109375,348461
2024-02-22,11158.346280533915,11347.553021812533,11052.8271363593,11311.4580078125,584406
2024-02-23,11357.209014962338,11371.81170652601,11134.284634452582,11192.8896484375,472884
2024-02-26,11163.198207270727,11191.28832186548,11077.279126789053,11126.3271484375,277700
2024-02-27,11075.871736109355,11219.378153654949,11046.03528793718,11158.9775390625,307585
2024-02-28,11130.207713572483,11157.327535685903,10799.338492900508,10821.4609375,358812
2024-02-29,10823.596445104233,11011.83290501909,10798.854023826765,10952.984375,943841
2024-03-01,10959.437540530964,11328.148143930854,10959.437540530964,11275.7041015625,487355
2024-03-04,11255.37504179859,11330.3783428689,11201.184671156041,11249.69921875,369936
2024-03-05,11251.54292409917,11381.513594942686,11218.31045686756,11323.8779296875,320702
2024-03-06,11323.877740189759,11332.028563591404,11176.200208360724,11223.404296875,639542
2024-03-07,11227.28638857044,11287.881255901453,11081.840324508317,11168.0986328125,255325
2024-03-11,11173.04737826401,11212.586738604014,11012.851757166376,11057.0,525344
2024-03-12,11061.317761594171,11231.99233309344,11042.882231991514,11167.953125,283816
2024-03-13,11168.049742984833,11211.566916612412,10932.850818552257,11051.7607421875,385204
2024-03-14,11063.015323128946,11119.534773438965,10966.277121672052,11065.7802734375,523058
2024-03-15,11041.912395156947,11178.771761300477,10977.92150947293,11135.69140625,972333
2024-03-18,11096.8796149206,11318.83369458661,11028.619070414708,11290.59765625,311049
2024-03-19,11199.195988978081,11332.951179225753,11115.800230974142,11252.513671875,409259
2024-03-20,11305.006238124848,11667.749145426571,11305.006238124848,11586.390625,1031037
2024-03-21,11642.52263565871,11643.492926735938,11474.031211078118,11554.3720703125,544311
2024-03-22,11536.808985825566,12058.097855884904,11536.808985825566,11971.16015625,1062263
2024-03-26,11920.558818990368,11955.829466593572,11780.497687302437,11886.5986328125,507568
2024-03-27,11924.876443706999,12344.72155080785,11920.70438189817,12138.6796875,878986
2024-03-28,12196.509581416714,12348.699346201705,12017.53921642179,12226.005859375,860324
2024-04-01,12238.620155029925,12312.023051493752,12134.60571320219,12196.169921875,314676
2024-04-02,12249.875393476377,12272.24041123072,12092.008860283051,12179.529296875,333508
2024-04-03,12080.123184462063,12153.380156383902,12043.78559629683,12058.630859375,271935
2024-04-04,12118.934668203814,12273.210938199363,11952.092940167218,12193.8896484375,491166
2024-04-05,12120.875272234809,12184.81782868351,12016.568988872237,12052.56640625,231600
2024-04-08,12080.12320153346,12543.583086353587,12080.12320153346,12482.890625,570422
2024-04-09,12482.891283570129,12599.908955310162,12400.319892414454,12505.111328125,314466
2024-04-10,12548.773327160045,12573.030601820139,12226.540069595267,12305.9580078125,464239
2024-04-12,12283.884235798463,12283.884235798463,11861.807644757995,11902.123046875,973366
2024-04-15,11837.065178769779,12138.340537432676,11675.463400533186,12053.779296875,831257
2024-04-16,11942.341960037538,12177.055738483297,11910.661578986796,12131.2578125,579183
2024-04-18,12196.557977346583,12227.60728961986,11954.033550252072,12036.4599609375,679117
2024-04-19,12031.51244557212,12380.332080240585,11861.808160840035,12333.3212890625,635535
2024-04-22,12403.376445046888,12496.524386073832,12282.914431875954,12405.65625,342212
2024-04-23,12463.388016074348,12637.555252266278,12396.728834216834,12610.14453125,397281
2024-04-24,12613.783088528475,12685.536297992028,12516.753987847487,12559.4951171875,296364
2024-04-25,12578.852035874927,12595.056084456086,12361.846083125969,12538.5849609375,640725
2024-04-26,12538.10080372195,12657.446601497668,12283.884551549289,12325.9462890625,704626
2024-04-29,12419.773920811038,12608.738105168522,12228.578256520537,12312.84765625,613937
2024-04-30,12406.140911168812,12609.902024210063,12361.701772215492,12436.705078125,528776
2024-05-02,12371.210785470366,12462.564066094386,12142.998142882543,12424.916015625,814923
2024-05-03,12437.14211282869,12448.833930244633,12042.670483605923,12121.021484375,834990
2024-05-06,12177.152619167939,12270.689054959814,12004.925958617954,12069.7412109375,342231
2024-05-07,12101.858163626845,12136.88529062214,11875.391859289632,11996.7265625,604375
2024-05-08,12023.847107051643,12186.807684039777,11958.837604455415,12170.89453125,399669
2024-05-09,12167.449800316475,12361.313763127337,12067.26724912966,12133.150390625,504590
2024-05-10,12133.489209159648,12319.736760020927,12129.60804507835,12298.923828125,328670
2024-05-13,12283.885089730931,12330.847557087613,12106.855292430953,12297.3232421875,281421
2024-05-14,12297.322987277255,12458.537226119612,12275.540710992662,12433.50390625,331037
2024-05-15,12439.131599549171,12489.975230972897,12322.696670380225,12387.9970703125,232030
2024-05-16,12466.298487043736,12466.298487043736,11934.579031027239,12126.357421875,914201
2024-05-17,12143.337705746995,12289.6090730102,11956.216519129492,12265.93359375,809226
2024-05-21,12225.813436391169,12302.223858351857,12072.167276528224,12102.7314453125,443136
2024-05-22,12058.582221181601,12189.765753030953,11995.804204383485,12159.0556640625,280015
2024-05-23,12192.725739390446,12589.623106488694,12102.48867114802,12550.6181640625,768732
2024-05-24,12482.794588468654,12646.773778942901,12430.398870802326,12614.220703125,624801
2024-05-27,12636.53608855115,12670.544597447639,12397.407690131982,12522.671875,464953
2024-05-28,12507.050638849827,12600.150247195907,12419.967024044803,12437.771484375,333806
2024-05-29,12437.189574832055,12468.287210714,12371.209789289178,12408.7119140625,353706
2024-05-30,12343.0723608162,12429.428263662883,12177.152592425386,12223.7265625,524559
2024-05-31,12223.726709618417,12258.026119389155,11963.688706905466,12030.9296875,908304
2024-06-03,12443.982724304138,12443.982724304138,12034.083080456367,12105.4970703125,485936
2024-06-04,12222.367213369564,12222.949956498578,11217.971054745929,11814.3115234375,825928
2024-06-05,11818.145602844159,12239.348590506845,11764.876242412363,12131.1611328125,447581
2024-06-06,12139.844576239091,12312.99320047121,12097.588591290389,12296.9833984375,447536
2024-06-07,12208.541943603852,12446.894333301672,12208.541943603852,12430.302734375,532480
2024-06-10,12385.911031345775,12536.160219664464,12252.738586287805,12339.724609375,293471
2024-06-11,12364.904498147564,12555.12987672028,12279.227984460898,12481.4853515625,358807
2024-06-12,12481.484317907123,12566.820654115416,12421.665498177726,12467.6083984375,302719
2024-06-13,12555.566586956586,12555.566586956586,12361.11987532256,12465.18359375,297240
2024-06-14,12450.289830679854,12511.903313456472,12399.155301920624,12463.5830078125,216967
2024-06-18,12495.796421768679,12497.348508401961,12169.438464201432,12187.77734375,823306
2024-06-19,12235.3698622597,12249.924227678724,11837.550540806371,11878.3994140625,694871
2024-06-20,11882.184849267202,11939.917169905075,11774.482536816715,11788.5517578125,907751
2024-06-21,11856.956243212924,11998.861304634356,11724.511519219588,11839.005859375,947800
2024-06-24,11819.115258401825,11923.906691609887,11683.274511650634,11821.4443359375,550862
2024-06-25,11838.909367173615,11874.227392179602,11713.401653757252,11756.6279296875,594272
2024-06-26,11757.016392992464,11957.720713228988,11709.181234794703,11835.8525390625,447931
2024-06-27,11837.550324592015,11864.039079660852,11653.195032651647,11816.931640625,1230852
2024-06-28,11822.947475705103,11839.005602198617,11647.519052923335,11676.3359375,1160395
2024-07-01,11687.155635038805,11895.768209678354,11648.877463810091,11748.9150390625,1134926
2024-07-02,11788.987480630305,11788.987480630305,11638.640698685056,11684.826171875,687181
2024-07-03,11755.0753539094,11789.035538588461,11604.680250330699,11763.46875,467532
2024-07-04,11774.482258123146,11847.254089137503,11713.15967234507,11730.4306640625,299684
2024-07-05,11710.588582824405,11776.85927190322,11664.74233079922,11744.451171875,406926
2024-07-08,11744.402401332145,11752.164729422913,11610.502241766397,11666.390625,496933
2024-07-09,11958.83704469507,12574.923528852434,11899.69761641235,12446.6025390625,2114130
2024-07-10,12565.317091899418,12904.870625421896,12354.376391710013,12393.3330078125,2070520
2024-07-11,12419.725806457807,12539.847652482164,12317.893568245663,12337.4453125,608983
2024-07-12,12245.072985074627,12293.490887228894,12104.38078358209,12189.28125,674746
2024-07-15,12225.667042932542,12389.161082355886,12215.964132581008,12268.3115234375,697186
2024-07-16,12267.389685803775,12417.784797826205,12207.959359278782,12264.0419921875,347810
2024-07-18,12257.686676670652,12303.290355432904,12092.737200296551,12268.408203125,391216
2024-07-19,12274.181592923693,12332.399055024518,12125.193594007304,12152.2158203125,351955
2024-07-22,12128.637799119944,12282.865746883519,12031.657021768215,12265.69140625,249631
2024-07-23,12342.101672676625,12356.607712816032,11992.796908355589,12253.853515625,332258
2024-07-24,12258.656809476917,12286.989496916021,12088.079836797075,12116.2666015625,285860
2024-07-25,12020.014285722744,12152.89583932014,12020.014285722744,12137.5654296875,396789
2024-07-26,12099.52904883383,12364.515148020517,12021.129723737078,12287.474609375,537693
2024-07-29,12331.429148433013,12394.207169865533,12228.57829551509,12372.71484375,388263
2024-07-30,12380.914513338701,12583.511106774262,12332.303307945007,12491.1884765625,526539
2024-07-31,12594.377249111896,12977.642196215069,12512.048436330037,12726.142578125,836405
2024-08-01,12995.10758514809,13273.581106908523,12722.455809487175,12962.166015625,2040384
2024-08-02,12856.336432001819,12904.232201736035,12412.691749853531,12464.9462890625,1333355
2024-08-05,12233.40239737403,12233.40239737403,11780.55141100469,11950.1923828125,1131415
2024-08-06,12135.45647059316,12296.969102749214,11861.208866737947,11881.875,623565
2024-08-07,12144.272926149568,12194.225173849676,12013.907736810597,12117.337890625,433514
2024-08-08,12116.8478262885,12138.102208666829,11902.494304856154,11967.8232421875,358577
2024-08-09,12135.457052764428,12135.457052764428,11944.560739608924,11973.0634765625,320211
2024-08-12,11949.360333957997,12115.867814021347,11851.414757450146,12021.10546875,291212
2024-08-13,12083.546151976823,12086.533300853855,11872.963155893902,11926.0986328125,464483
2024-08-14,11987.558998113867,11987.558998113867,11880.798320706039,11954.89453125,449827
2024-08-16,12061.948778325543,12090.352995072159,11862.188586836888,11962.38671875,552732
2024-08-19,11944.462997919445,11992.505111666474,11877.6639237611,11900.19140625,277319
2024-08-20,11910.672346235551,12057.100989446128,11900.485623238368,11964.00390625,471927
2024-08-21,11964.003148340214,11997.304643683165,11926.881392990379,11969.8798828125,295984
2024-08-22,12027.716997765172,12071.792507936134,11930.75087538905,12024.1416015625,501316
2024-08-23,12047.306036766659,12120.814001406485,12002.643236010752,12049.55859375,440809
2024-08-26,12071.792744510116,12081.097574617446,11970.908797030641,11992.2607421875,232805
2024-08-27,11993.435842997318,12272.58073603564,11973.94429067298,12240.1611328125,477609
2024-08-28,12243.197450940725,12262.737785372385,12076.68996560793,12103.625,313227
2024-08-29,12089.422779160885,12223.608221982326,11998.333390968228,12197.9462890625,608598
2024-08-30,12204.019410941404,12311.759550203327,12063.173856551692,12148.1904296875,2271179
2024-09-02,12118.80609136282,12267.68336654969,12096.670773836257,12172.0888671875,331514
2024-09-03,12217.731666539317,12218.025311979773,12105.976142200636,12142.4111328125,445514
2024-09-04,12071.840451582757,12143.291937189684,11982.758763131062,12082.810546875,735076
2024-09-05,12083.546055167295,12115.86809616758,11978.744285863339,12045.9345703125,595865
2024-09-06,11998.333769813293,12052.056538827588,11846.224472586562,11935.7958984375,733354
2024-09-09,11946.911444155492,11968.801897446296,11853.373420550914,11896.224609375,415790
2024-09-10,11900.484906316351,12035.601018111278,11849.455644423406,12011.4580078125,285122
2024-09-11,12008.127874125488,12080.607601913847,11915.079574937728,11991.0849609375,349799
2024-09-12,12010.18449313708,12171.697135954175,11901.70976409492,12146.083984375,547830
2024-09-13,12110.970919710251,12140.354593595517,12038.539972283112,12063.0263671875,361093
2024-09-16,12068.805486205305,12109.99141095441,12004.210185430058,12036.5322265625,170114
2024-09-17,12032.614538701564,12032.614538701564,11902.004489983958,11994.1708984375,568161
2024-09-18,11988.58760337281,12084.476707432072,11919.976916856353,11953.3759765625,182282
2024-09-19,12008.079061662678,12155.046209911246,11955.629396029457,12097.748046875,465608
2024-09-20,12106.465399699524,12444.132774108532,12106.122016282497,12355.3447265625,875654
2024-09-23,12365.629158327234,12487.081674416942,12365.629158327234,12422.53515625,235586
2024-09-24,12324.590128025151,12516.41712399162,12324.590128025151,12476.8955078125,425916
2024-09-25,12465.778525687956,12552.90130826725,12351.91679172255,12522.6357421875,341172
2024-09-26,12571.315649071716,13135.482210338978,12566.418369894049,13108.8408203125,1471069
2024-09-27,13108.05643744988,13263.447476390027,13001.736705990723,13218.3427734375,865698
2024-09-30,13069.416518866214,13222.652561517978,12937.33729421273,12966.03515625,415743
2024-10-01,12966.035463771505,13027.202667816024,12732.973772350351,12895.5146484375,388888
2024-10-03,12675.185881760992,12877.884444353846,12333.600682493545,12387.51953125,863520
2024-10-04,12429.195998649067,12613.283943055829,12255.440164683341,12346.7744140625,679362
2024-10-07,12366.657008232172,12388.15625311814,12123.703202173967,12270.1318359375,465500
2024-10-08,12245.401182598354,12370.624223077895,12206.026868437273,12274.4912109375,387060
2024-10-09,12297.018958534754,12586.00720504399,12282.86563072795,12498.5419921875,465231
2024-10-10,12535.95664118267,12698.643859435231,12450.351825623675,12678.1728515625,492698
2024-10-11,12678.173167508661,12713.336012577876,12463.57478891013,12514.1640625,274243
2024-10-14,12512.547857043493,12536.054796266119,12206.271836788737,12280.26953125,488067
2024-10-15,12447.903289419175,12447.903289419175,12101.175949388144,12191.041015625,532135
2024-10-16,12159.012438781287,12199.072561479732,11979.723255385923,12129.482421875,418138
2024-10-17,12145.251158003088,12164.937835748018,11822.030764282037,11894.265625,875937
2024-10-18,11822.031639880597,11891.817866420903,11601.115572988756,11856.41015625,506871
2024-10-21,11896.028802938312,11998.333149130238,11699.158193715848,11925.755859375,375275
2024-10-22,11964.982838667867,12037.315264282477,11596.756252672621,11678.3447265625,904901
2024-10-23,11678.344858319224,11870.906437708774,11511.984677427668,11710.5693359375,412638
2024-10-24,11752.441391578493,11752.441391578493,11397.82960961739,11522.0244140625,552495
2024-10-25,11521.925314174621,11551.99479709372,11204.973815082167,11266.5322265625,624582
2024-10-28,11268.44301891927,11393.66701820913,11204.97447368994,11247.3359375,613830
2024-10-29,11214.769499953321,11247.091543053622,10521.755703507268,10819.0693359375,2268683
2024-10-30,10753.445112416015,11283.330694510656,10720.143615574578,11025.1953125,1672966
2024-10-31,10994.391524723635,11016.47806205463,10822.986757077608,10848.8935546875,838211
2024-11-01,10920.932138135688,10979.258539555547,10852.370232335734,10881.75390625,65670
2024-11-04,11062.953537681522,11062.953537681522,10636.890254025793,10825.38671875,444462
2024-11-05,10815.150266537112,11043.36345365024,10785.669031402653,10940.6181640625,321159
2024-11-06,10988.513962540872,11195.179123972026,10943.066833540946,11120.9853515625,416027
2024-11-07,11072.895325966107,11151.10449045116,10956.780073516096,11067.998046875,530194
2024-11-08,11029.162190416815,11110.946750862604,10897.033218545786,11070.7890625,269993
2024-11-11,11098.702879384591,11281.518678516917,11077.644580668026,11165.501953125,450681
2024-11-12,11158.009547218846,11280.2951809503,10879.060719375622,10914.173828125,549747
2024-11-13,10911.13791594895,10913.928982456777,10641.101753066656,10822.5947265625,507710
2024-11-14,10827.883025537712,10889.295090713842,10668.329305546586,10779.9384765625,431348
2024-11-18,10725.040357986498,10953.20476402553,10690.759407070558,10866.033203125,333440
2024-11-19,10862.164474324969,10965.252193975348,10672.5422201143,10734.1494140625,864067
2024-11-21,10696.784250296074,10733.072896920517,10548.739121345965,10638.310546875,540201
2024-11-22,10680.965335719631,10878.472977370246,10604.81264843378,10836.306640625,493678
2024-11-25,10971.863836005637,11016.870021169592,10764.267988569149,10798.6474609375,635726
2024-11-26,10798.647234710788,10850.362308399648,10667.693806119074,10719.115234375,406586
2024-11-27,10711.329000375317,10888.512943341739,10646.684915332818,10831.1650390625,343332
2024-11-28,10833.173157019086,10852.957398694525,10664.314596929218,10724.8935546875,607669
2024-11-29,10724.992071753726,10901.440457644878,10695.657179672524,10846.689453125,338207
2024-12-02,10921.910735584184,11097.23330949411,10921.910735584184,11008.396484375,446880
2024-12-03,11018.87826027329,11076.666155149389,10972.843835541482,11047.52734375,258644
2024-12-04,11049.240433287245,11067.850092735207,10877.835675213912,10901.1953125,554674
2024-12-05,10906.19146358346,11038.466777007086,10804.376842694337,10952.51953125,545501
2024-12-06,10969.904641073736,11142.240075373416,10892.527635123306,11085.431640625,417214
2024-12-09,11089.398656077241,11135.335516063671,11021.375258924552,11048.0654296875,254485
2024-12-10,11043.363612072497,11081.904813342664,10940.520758035458,10968.1416015625,410569
2024-12-11,10999.191039890064,11088.271779448103,10990.081335776002,11046.0576171875,226584
2024-12-12,11067.213031382864,11067.213031382864,10850.655745990221,10937.974609375,396561
2024-12-13,10908.5909947505,11058.055561547597,10806.922721376315,11040.9638671875,263579
2024-12-16,11024.31372362453,11096.695891060643,10974.802423402585,11045.3232421875,223389
2024-12-17,11031.611130221962,11040.86717921354,10832.487949172279,10880.333984375,295445
2024-12-18,10857.266966635361,10870.048672846875,10744.727118589686,10776.4130859375,497103
2024-12-19,10664.31528118665,10808.687455892295,10629.49581706357,10730.28125,435360
2024-12-20,10715.245695140278,10849.431130262235,10642.717189573212,10677.095703125,404608
2024-12-23,10703.492229370726,10764.022402252249,10534.438552784184,10599.669921875,237165
2024-12-24,10599.670319233332,10663.775890536412,10504.66310975582,10516.0244140625,151149
2024-12-26,10549.228687796123,10749.331316320382,10548.738959896407,10672.150390625,349811
2024-12-27,10704.961891163002,10904.28114134386,10688.408705968219,10716.2744140625,257973
2024-12-30,10716.274027991296,10725.04034816029,10529.246763222744,10577.09375,335481
2024-12-31,10543.841687860117,10669.89784063036,10529.737141739044,10635.3232421875,198997
2025-01-01,10634.931006502487,11042.335835134803,10578.318652934531,10978.0341796875,383202
2025-01-02,11053.158249014412,11615.51315608677,10995.37035918793,11598.029296875,1417042
2025-01-03,11606.502380344884,11802.246238225356,11545.77612110153,11689.0703125,701315
2025-01-06,11683.927924204667,11733.782605684788,11450.52380463716,11514.1396484375,383268
2025-01-07,11514.139997934453,11582.995549614081,11433.873403545198,11480.4951171875,308104
2025-01-08,11485.098223749947,11616.296513896164,11484.41241341907,11579.1259765625,303100
2025-01-09,11579.126475640356,11606.551238059401,11420.112208999863,11499.349609375,266413
2025-01-10,11449.83778756543,11518.399690484983,11332.303096846195,11392.1474609375,218246
2025-01-13,11232.887982778486,11415.017966152169,11232.398254915957,11261.48828125,253524
2025-01-14,11296.994073094904,11543.424762301236,11294.104487272578,11499.9375,627463
2025-01-15,11646.268533059687,11941.917854447976,11617.325804073815,11701.951171875,692822
2025-01-16,11735.300755256472,11884.71654457919,11710.569496582448,11843.873046875,551211
2025-01-17,11853.276092256992,11939.468199483941,11757.680635796332,11887.017578125,285370
2025-01-20,11897.498307676075,11897.498307676075,11737.847013301467,11773.107421875,251731
2025-01-21,11770.16863660401,11890.396831013222,11618.352993969162,11639.55859375,300038
2025-01-22,11655.57302350309,11830.699532578903,11655.57302350309,11773.4013671875,396590
2025-01-23,11758.366474398386,11857.585152224343,11715.564066111243,11798.279296875,480876
2025-01-24,11684.907539944497,11844.558833239631,11669.333810329901,11722.029296875,310343
2025-01-27,11657.385118819699,11799.406206776399,11568.400987396612,11747.4453125,251783
2025-01-28,11771.441738217156,11914.785662442275,11640.782913870418,11874.6767578125,533451
2025-01-29,11871.00351966553,12067.58047716984,11640.880203205068,11731.8232421875,817549
2025-01-30,11774.038298583984,11862.042020561696,11678.14919213152,11753.4697265625,418442
2025-01-31,11753.468993517903,12135.456735807235,11753.468993517903,12057.7373046875,709009
2025-02-01,12066.895250261294,12879.84355040065,11977.422347056716,12651.140625,1101170
2025-02-03,12723.130416402922,13184.650165224746,12656.184997312213,12870.0,926127
2025-02-04,12977.789785594181,12987.535562431256,12705.011336138485,12840.6171875,530749
2025-02-05,12840.665949400498,12879.844182655725,12736.353903358458,12817.9423828125,271633
2025-02-06,12791.692892083047,12860.254798855314,12739.58565163616,12805.4052734375,414134
2025-02-07,12791.692488816621,12839.196094154111,12744.678611369209,12781.408203125,355223
2025-02-10,12781.897639036248,12791.692196614053,12621.9039236027,12635.7138671875,294142
2025-02-11,12634.930505119099,12749.820474308992,12438.549625509431,12462.9375,354195
2025-02-12,12439.087779779175,12503.094829179954,12349.026634042164,12395.55078125,425735
2025-02-13,12414.601716662384,12483.114838146206,12355.589507318882,12410.9775390625,186742
2025-02-14,12439.08839225863,12517.44485457207,12325.56908488212,12419.744140625,233454
2025-02-17,12342.70930993698,12511.567865387426,12319.692099600625,12500.6962890625,192210
2025-02-18,12502.704142978511,12620.238835570446,12473.516552284804,12523.517578125,267936
2025-02-19,12465.533823871967,12506.818267969189,12391.095183924275,12425.5234375,288694
2025-02-20,12390.115082344877,12390.115082344877,12125.662033156488,12185.06640625,423739
2025-02-21,12164.840677465385,12183.058172208539,11993.435917517201,12070.2744140625,477013
2025-02-24,11996.716286466277,12177.083442926207,11969.046661912673,12091.5771484375,399571
2025-02-25,12134.233256132578,12250.446071450911,12096.27934321359,12220.033203125,363355
2025-02-27,12274.246344121906,12292.170193821703,12059.059715245643,12126.25,236805
2025-02-28,12085.01433294775,12085.01433294775,11569.037253866622,11700.4306640625,605149
2025-03-03,11641.811007998365,11811.697798603154,11516.195808454719,11533.6787109375,186884
2025-03-04,11449.837398613205,11483.383757116411,11352.871282063785,11377.6025390625,255726
2025-03-05,11366.583791786363,11586.961331911474,11330.68635653942,11378.6796875,349730
2025-03-06,11460.612421204256,11488.526911760988,11244.152687413458,11426.7236328125,315309
2025-03-07,11410.659849348089,11501.063426639961,11362.666516076151,11424.51953125,259055
2025-03-10,11361.687036917629,11457.576140286012,11296.700528577932,11348.0234375,153894
2025-03-11,11341.608366955305,11451.797143783533,11273.53618927031,11407.6728515625,245822
2025-03-12,11382.05958529063,11483.090832026863,11285.289545115374,11400.962890625,249361
2025-03-13,11395.77196234278,11444.940833990733,11253.702092198975,11277.2578125,260736
2025-03-17,11277.257224288893,11511.494445372875,11220.987301143197,11316.337890625,275569
2025-03-19,11459.63320484907,11473.78653288494,11309.776462939504,11376.91796875,476555
2025-03-20,11459.534596436795,11523.296782518748,11349.933116517403,11489.2119140625,379421
2025-03-21,11537.989294002266,11676.778371801389,11465.313482531255,11491.7587890625,560565
2025-03-24,11537.941008147636,11743.675515940522,11500.81924922959,11677.3173828125,359033
2025-03-25,11705.86858110057,11827.17380088901,11557.578588475626,11625.0634765625,514283
2025-03-26,11564.434164150352,11625.062858324825,11469.426955382454,11493.2275390625,478517
2025-03-27,11531.280163017378,11653.564834169869,11398.906332162458,11481.1318359375,645787
2025-03-28,11458.701672802326,11504.638530366128,11165.893183198375,11285.4365234375,541795
2025-04-01,11244.151496949045,11308.599491058445,11058.054912940306,11245.228515625,498244
2025-04-02,11245.229261179526,11490.975096534334,11175.639120003452,11475.4013671875,452994
2025-04-03,11391.5602929462,11560.467631188983,11372.509686986705,11447.9765625,326624
2025-04-04,11361.687110803867,11391.070784366291,11097.234048742053,11246.111328125,355785
2025-04-07,10877.442902225464,11125.147632787848,10832.241595308886,11096.98828125,602353
2025-04-08,11293.124269531889,11313.05581051266,11058.103682006953,11223.4853515625,629968
2025-04-09,11224.661343658801,11301.647145583232,11190.28282672106,11222.017578125,255114
2025-04-11,11244.495238821275,11438.819656079553,11244.152811884258,11360.7568359375,231420
2025-04-15,11547.783616650411,11694.701983274463,11440.043481126108,11611.4482421875,458593
2025-04-16,11526.235470116384,11526.235470116384,11376.378737712594,11424.3720703125,470494
2025-04-17,11424.372222370672,11487.057392315091,11288.227868897633,11454.7353515625,302146
2025-04-21,11454.735219358638,11527.214946270355,11349.93345206737,11503.7080078125,318493
2025-04-22,11528.19400020773,11545.824203436594,11376.378361292505,11492.93359375,516753
2025-04-23,11556.598659385629,11725.065052250646,11488.036755312658,11662.3798828125,493839
2025-04-24,11694.701448077813,11792.647021344796,11614.386077998886,11649.646484375,387863
2025-04-25,11657.482809227538,11798.524442946979,11359.728249153168,11457.673828125,906266
2025-04-28,11193.220309070573,11651.605599991559,11057.07595984404,11602.6328125,457303
2025-04-29,11569.332109434381,11694.702453999875,11499.79074643321,11597.736328125,455596
2025-04-30,11582.064557657104,12071.792445930132,11557.578163243452,12005.189453125,967250
2025-05-02,12005.188988185208,12465.533185333536,11998.332798014913,12150.1484375,707908
2025-05-05,12233.40313296426,12233.40313296426,12108.032788607221,12202.060546875,270014
2025-05-06,12182.471026187803,12340.163407214997,12116.847488741703,12322.533203125,414921
2025-05-07,12101.176137459926,12408.725251758788,12101.176137459926,12373.46484375,303619
2025-05-08,12301.9645865276,12338.204450357338,12076.689757315708,12137.416015625,485326
2025-05-09,11885.696563297193,12106.074126275511,11866.10744658801,11998.333984375,278112
2025-05-12,12170.717849915285,12370.526834414137,12170.717849915285,12356.814453125,185165
2025-05-13,12341.142182242429,12439.087755117369,12174.634708355032,12225.56640625,378269
2025-05-14,12228.504791476544,12456.717976611828,12156.02506744216,12409.7041015625,306050
2025-05-15,12341.142701778683,12755.452492481252,12290.211001739595,12685.9111328125,561496
2025-05-16,12683.951835441516,12817.157816107157,12646.732517314353,12728.02734375,425275
2025-05-19,12723.129846348353,12777.97936685609,12664.362502947206,12722.150390625,244277
2025-05-20,12737.822580508066,12742.719859470199,12350.937542499554,12378.3623046875,361111
2025-05-21,12414.60132793921,12544.868939506541,12335.265414127527,12355.833984375,209104
2025-05-22,12351.916807468488,12351.916807468488,12140.354359572746,12189.3271484375,434848
2025-05-23,12194.224718535444,12238.300229566295,12167.779411916934,12197.1630859375,169465
2025-05-26,12199.121809209202,12281.396095196642,12136.436638933057,12165.8203125,214703
2025-05-27,12165.820057542769,12222.628491915,12037.51135232273,12158.9638671875,344679
2025-05-28,12158.963773182173,12159.943228939639,12052.203095618386,12077.6689453125,178181
2025-05-29,12086.48431510753,12172.676423675557,12014.004587448051,12137.416015625,191097
2025-05-30,12137.416289116405,12233.402957639115,11999.313021139855,12065.916015625,351353
2025-06-02,11911.160954901723,12065.914957933914,11882.75673915531,12037.5107421875,264972
2025-06-03,12020.86093357056,12096.279029544237,11812.236849903118,11878.83984375,369114
2025-06-04,11878.83916642687,11993.43548754098,11878.83916642687,11913.1201171875,205846
2025-06-05,11949.360587528863,12005.189567323056,11769.140722930068,11876.880859375,319783
2025-06-06,11889.613332264458,12277.477808710355,11851.41455806903,12205.9775390625,456129
2025-06-09,12248.094648279854,12399.910295659573,12209.895872487537,12377.3828125,323443
2025-06-10,12399.910926891973,12482.185217402157,12204.99921484999,12262.787109375,325292
2025-06-11,12213.813798109742,12301.96481990845,12171.697198805916,12196.18359375,306061
2025-06-12,12203.03947960805,12233.402608580507,12054.162202065678,12135.45703125,347339
2025-06-13,11949.361078789892,12169.738639669215,11925.854138962766,12153.087890625,385493
2025-06-16,12149.16962508729,12308.82091893518,12082.566631334796,12272.5810546875,184242
2025-06-17,12271.60200941594,12355.835210214867,12213.814115844581,12336.24609375,226597
2025-06-18,12360.732196655848,12615.39070466936,12292.170290652211,12486.1025390625,467738
2025-06-19,12488.061607321519,12561.520793246938,12452.801198077317,12542.9111328125,339117
2025-06-20,12545.848953854273,12625.184871198499,12466.513036510045,12528.21875,652128
2025-06-23,12508.630193568391,12523.32203077014,12405.787333156155,12438.109375,192037
2025-06-24,12566.41781062292,12590.904205421482,12295.108556254832,12351.9169921875,332717
2025-06-25,12423.417084512317,12543.890145171023,12357.793547405543,12504.7119140625,316536
2025-06-26,12517.444899294633,12584.047892499017,12428.314423094647,12453.7802734375,354735
2025-06-27,12488.060515358033,12536.053845966075,12361.71072661441,12382.279296875,346403
2025-06-30,12406.76565484816,12414.601300639491,12078.64798733619,12145.2509765625,448956
2025-07-01,12194.224318023127,12203.03941993977,12066.895068116059,12186.388671875,283481
2025-07-02,12125.66213908503,12383.259000359616,12105.093568412914,12362.6904296875,609735
2025-07-03,12370.525931594064,12556.622521222162,12331.347702198675,12490.01953125,606221
2025-07-04,12453.780693453587,12486.102735363454,12348.97892120038,12386.1982421875,225607
2025-07-07,12387.178000979682,12409.705485286042,12214.79377324406,12262.787109375,220116
2025-07-08,12267.68345710677,12297.067130057923,12105.093800110384,12158.9638671875,241050
2025-07-09,12179.53252454328,12282.375380600943,12174.63524568339,12213.8134765625,174203
2025-07-10,12243.196871912056,12409.70434937006,12146.230752686512,12390.115234375,277325
2025-07-11,12380.320838138221,12424.396347451213,12263.76560239942,12315.6767578125,194420
2025-07-14,12331.348798720433,12356.814650091897,12175.615323025711,12256.91015625,246737
2025-07-15,12224.587938378096,12339.184267902192,12224.587938378096,12278.4580078125,147377
2025-07-16,12278.4580497851,12312.739003178725,12183.450836094198,12305.8828125,204480
2025-07-17,12310.779818110146,12367.588253900614,12206.95750442412,12219.6904296875,189207
2025-07-18,12267.68364077346,12269.642552332867,12115.86799491958,12163.861328125,124068
2025-07-21,12175.61428670395,12221.648706418784,12088.442725967352,12150.1484375,232066
2025-07-22,12193.245703734765,12272.581626459683,12065.916445040451,12235.3623046875,169006
2025-07-23,12282.375239442266,12457.697820611338,12282.375239442266,12367.587890625,342005
2025-07-24,12388.156844165604,12400.889769448191,12261.80704713071,12299.0263671875,157163
2025-07-25,12287.273191706054,12299.026661478909,12103.135498597983,12149.169921875,260700
2025-07-28,12116.847504305106,12277.478252886953,12049.265055206644,12086.484375,292879
2025-07-29,12086.484190166613,12250.053303599176,12015.963374794492,12212.833984375,285115
2025-07-30,12175.615200631042,12383.259832803336,12164.841186697575,12358.7734375,203847
2025-07-31,12249.074025730191,12497.855794683932,12207.93688283233,12348.978515625,709783
2025-08-01,12396.501149378022,12651.935802883296,12150.96706383807,12179.6787109375,346024
2025-08-04,12203.440517905883,12301.456144327487,12103.444777819197,12242.052734375,255693
2025-08-05,12276.704018604929,12451.944067902758,12247.002315334112,12412.341796875,233560
2025-08-06,12445.014293649941,12493.527078088195,12358.87934985141,12399.4716796875,151608
2025-08-07,12400.461383648051,12528.178710473649,12305.415931126678,12506.3974609375,173393
2025-08-08,12504.417702696832,12598.473101093998,12439.073952231432,12464.8154296875,247048
2025-08-11,12459.865411593533,12607.383881702985,12357.889556417202,12471.74609375,187230
2025-08-12,12494.516609168128,12830.145858812184,12480.655814197577,12712.3291015625,504476
2025-08-13,12712.329012535063,12796.483838552624,12625.20401618747,12706.388671875,252065
2025-08-14,12736.09090909091,12827.176136363638,12697.478693181818,12807.375,318580
2025-08-18,13566.748406595421,13984.552378541948,13528.13619117856,13928.119140625,2154781
2025-08-19,13930.099344161184,14128.110706551535,13840.004174273576,14108.3095703125,906623
2025-08-20,14219.195664092715,14219.195664092715,14058.806463592575,14079.59765625,391425
2025-08-21,14077.618251323967,14257.808596759016,14015.244670211834,14138.01171875,513460
2025-08-22,14206.3251953125,14227.11638836439,14088.508434685125,14206.3251953125,458935
2025-08-25,14257.807884775895,14334.042257883857,14138.0110127491,14308.30078125,357110
2025-08-26,14308.301397956453,14677.59259788987,14247.907930943213,14567.6962890625,962974
2025-08-28,14746.896486096164,14746.896486096164,14479.581141937322,14605.318359375,666635
2025-08-29,14603.338333778776,14702.344017397614,14545.915037279849,14643.9306640625,621560
2025-09-01,14642.940076309238,14789.46848275236,14508.292351469612,14738.9755859375,572927
2025-09-02,14711.253816963159,14785.508076083708,14636.009501054335,14694.4228515625,379167
2025-09-03,14727.095170454546,14841.941761363638,14603.33806818182,14778.578125,561656
2025-09-04,15088.465724534512,15088.465724534512,14484.531072830703,14516.212890625,784369
2025-09-05,14593.43767570913,14808.280007841347,14554.825459335138,14746.896484375,473806
2025-09-08,14772.63795772607,15166.680575993947,14702.343922808937,15106.287109375,691077
2025-09-09,15097.376068021886,15231.03373535633,15049.853341858527,15212.22265625,605860
2025-09-10,15213.212977887337,15231.034000508836,14922.1362750695,14957.7783203125,489062
2025-09-11,14960.748135182905,15039.952678284924,14888.473989602311,14944.9072265625,657161
2025-09-12,15009.26171492659,15220.143822134993,15002.331317037113,15172.62109375,420101
2025-09-15,15197.37162345439,15225.093213386424,15097.375888342409,15113.216796875,170587
2025-09-16,15147.868794849259,15438.94548933852,15132.027886305626,15418.154296875,381944
2025-09-17,15436.965821486774,15660.718661126077,15415.184571610382,15643.8876953125,624986
2025-09-18,15757.744139513658,15780.515446073647,15546.862039632002,15659.728515625,642175
2025-09-19,15840.90944906707,15900.312859501071,15653.788706199965,15706.26171875,652443
2025-09-22,15721.111859380928,15840.908731664138,15622.106179808026,15658.73828125,302234
2025-09-23,15959.715642375133,16162.677286710548,15871.600587029514,15936.9443359375,873114
2025-09-24,16027.040126507785,16212.180755594574,15903.283021503246,16087.43359375,663647
2025-09-25,16087.433238636364,16207.230113636364,15907.242897727274,16107.234375,490262
2025-09-26,16073.572531682215,16271.583896408822,16040.900656502326,16124.0654296875,490957
2025-09-29,16137.926317430713,16177.528590602322,15791.406427179132,15825.068359375,627326
2025-09-30,15826.058592775204,15894.372514758406,15762.694954993683,15869.62109375,390006
2025-10-01,15866.650300828962,15948.825015353408,15692.400303765071,15806.2568359375,426075
2025-10-03,15790.416014018609,15865.66033134668,15579.533914138618,15648.837890625,470216
2025-10-06,15682.499736295162,15897.342062227994,15551.812238492703,15838.9287109375,268497
2025-10-07,15854.769621582638,15998.327857821521,15818.137519921682,15947.8349609375,330326
2025-10-08,15947.835495204768,16074.562770061128,15820.118163513596,15852.7900390625,306518
2025-10-09,15910.213425183765,15915.163709385752,15695.371090817564,15826.05859375,300499
2025-10-10,15821.10821621388,16152.777255790328,15752.794294629475,16103.2744140625,423031
2025-10-13,16102.283913994057,16268.613457621148,16056.741300858068,16160.697265625,337617
2025-10-14,16187.428530951163,16187.428530951163,15960.705525838759,16099.3134765625,307925
2025-10-15,16137.925779322415,16217.130323024612,16038.920099694671,16050.80078125,266435
2025-10-16,16084.463333667283,16169.608221436296,16038.920719279206,16135.9462890625,265727
2025-10-17,16135.946022727274,16384.45028409091,16135.946022727274,16237.921875,411608
2025-10-20,16335.93767837844,16353.758701300307,16217.130858899323,16260.693359375,374246
2025-10-21,16289.404918632497,16312.176225575216,16167.627929330134,16232.9716796875,28990
2025-10-23,16494.34613978718,16494.34613978718,16177.527966634005,16230.0009765625,481753
2025-10-24,16229.011274214237,16259.703035408762,16038.920366170732,16112.1845703125,208520
2025-10-27,16187.428622982517,16246.83203077328,16113.174363244065,16225.05078125,209829
2025-10-28,16235.941404334115,16330.986856789514,16099.31356642948,16148.81640625,383383
2025-10-29,16197.329725453897,16264.653589838425,15886.451881090052,15977.537109375,232815
2025-10-30,16029.019442909841,16113.174270127094,15917.143025550433,16044.8603515625,230383
2025-10-31,16042.880592941045,16351.778318502487,15790.416105703329,16025.0595703125,719402
2025-11-03,15856.74963660469,15939.914407426044,15375.582033995432,15495.37890625,942850
2025-11-04,15451.817031735296,15477.55850945844,15202.322709187894,15221.1337890625,748848
2025-11-06,15379.542078139157,15379.542078139157,15156.77930180458,15298.357421875,429800
2025-11-07,15305.288706927531,15344.890980572469,15108.267395543962,15325.08984375,227247
2025-11-10,15227.074126502037,15491.419301519985,15227.074126502037,15428.0556640625,274191
2025-11-11,15484.488192613455,15524.090464205818,15357.760923517897,15489.4384765625,181524
2025-11-12,15518.15039087387,15574.583628865435,15400.333630856388,15539.931640625,244015
2025-11-13,15505.27929985138,15642.897192877326,15504.28924306702,15592.404296875,250711
2025-11-14,15568.643109867142,15578.543677822541,15417.164420149515,15528.05078125,253698
2025-11-17,15533.001332732889,15733.982865688766,15499.33940110481,15720.1220703125,301069
2025-11-18,15720.122513045355,15839.919390742702,15593.395237464689,15771.60546875,392903
2025-11-19,15791.406160196879,15791.406160196879,15558.74280924727,15611.2158203125,286434
2025-11-20,15652.79820662557,15665.668945188892,15462.707298613419,15643.8876953125,249492
2025-11-21,15632.997071351592,15989.417523896656,15580.524060282458,15818.1376953125,586351
2025-11-24,15845.858840760708,15925.063383544892,15752.793502989292,15799.326171875,525788
2025-11-25,15799.326615381513,15890.411842140198,15684.480025120563,15731.0126953125,214525
2025-11-26,15791.405724121458,16048.820488276415,15791.405724121458,15995.357421875,314946
2025-11-27,16005.257981247642,16010.208265171077,15717.151456903768,15744.873046875,339986
2025-11-28,15747.843661188088,15889.42178538964,15692.400479682585,15741.9033203125,352340
2025-12-01,15816.157406137887,16016.148880068395,15693.390362735001,15936.9443359375,434052
2025-12-02,15966.645865987648,16099.313475961131,15934.96404868055,16077.5322265625,383165
2025-12-03,16057.73153409091,16086.443181818182,15850.80965909091,15922.09375,264397
2025-12-04,15898.332386363638,15974.566761363638,15729.032670454546,15834.96875,248812
2025-12-05,15840.909439872252,16175.548651789553,15820.11824623242,16120.10546875,332032
2025-12-08,16038.920543395163,16094.36372552048,15933.974520086527,16026.0498046875,220513
2025-12-09,15891.401721785756,16064.66166205817,15826.057972883018,15860.7099609375,276388
2025-12-10,15930.013758685973,15964.665746352475,15766.654388258181,15859.7197265625,293374
2025-12-11,15889.422050382162,16133.966087172268,15824.07829966092,16086.443359375,268701
2025-12-12,16086.443181818182,16371.579545454546,16085.453125,16357.71875,404711
2025-12-15,16335.937053809397,16335.937053809397,16197.329103049802,16251.7822265625,225221
2025-12-16,16236.931284013086,16287.424180079224,16157.72674116424,16191.388671875,156134
2025-12-17,16226.04066080372,16326.036396159212,16194.358843661385,16234.951171875,257406
2025-12-18,16276.53400152719,16322.07661491346,16059.711559536043,16166.6376953125,213981
2025-12-19,16166.638137365588,16311.186435978814,16166.638137365588,16250.79296875,360190
2025-12-22,16300.294576626224,16527.017575778762,16250.791738383312,16483.455078125,271590
2025-12-23,16542.85883834696,16553.74946299367,16393.360263651266,16420.091796875,215650
2025-12-24,16474.544393222775,16553.748933574807,16377.518831291534,16536.91796875,258486
2025-12-26,16536.91849798615,16536.91849798615,16351.77787898816,16430.982421875,212925
2025-12-29,16434.94282545944,16516.12748279002,16334.94708899128,16377.51953125,251796
2025-12-30,16410.1924685191,16650.776285704633,16318.117180460444,16481.4765625,1055843
2025-12-31,16416.13192594946,16609.19300342127,16416.13192594946,16530.978515625,314427
2026-01-01,16533.948686164564,16630.97425330493,16436.923119024195,16541.869140625,171293
2026-01-02,16583.451353828863,16829.975496342497,16556.719820303286,16791.36328125,388562
2026-01-05,16855.71644848896,17197.28603290768,16811.16389399956,16984.423828125,305668
2026-01-06,16999.27556818182,17133.923295454548,16971.553977272728,17120.0625,192182
2026-01-07,17058.679159276653,17077.49023902281,16359.69903818267,16641.865234375,427979
2026-01-08,16640.874820908844,16640.874820908844,16376.529653299214,16498.306640625,238421
2026-01-09,16497.316940663633,16537.909270650263,16253.762960743856,16336.927734375,286302
2026-01-12,16292.373942754191,16449.792966629855,16109.213443276218,16417.12109375,288686
2026-01-13,16496.326254275806,16559.68988890992,16130.995298338476,16262.6728515625,312205
2026-01-14,16227.030979740319,16248.812229377554,15930.013939232564,15991.3974609375,240043
2026-01-16,15840.908553502743,16035.949740067745,15613.195493046142,15701.310546875,703056
2026-01-19,15701.31116658408,16080.502930049728,15655.768552695255,16015.1591796875,385141
2026-01-20,16038.920545118553,16071.592420303054,15692.40065679809,15721.1123046875,289609
2026-01-21,15519.140889730797,15814.177826581821,15519.140889730797,15613.1962890625,345738
2026-01-22,15791.406609280844,15812.197802935696,15557.75319487393,15608.24609375,352320
2026-01-23,15661.70835288268,15688.439886198808,15285.486772877914,15315.1884765625,338669
2026-01-27,15147.869139984421,15234.00408215296,14863.722836508896,15093.416015625,565768
2026-01-28,15010.251329981369,15141.928886005873,14287.509857064912,14729.0751953125,1584483
2026-01-29,14722.144613269937,14722.144613269937,14210.285247764856,14357.8037109375,716545
2026-01-30,14357.804330026886,14533.044391150508,14157.812847840605,14453.83984375,946509
2026-02-02,14109.29997978168,14302.361062937769,13918.219010298986,14240.9775390625,621514
2026-02-03,15048.863271208227,15129.05787153506,14338.00249300247,14635.01953125,638870
2026-02-04,14652.84108345498,15019.162110541354,14576.606707547817,14921.146484375,451065
2026-02-05,14939.957386363638,14999.360795454546,14751.846590909092,14909.265625,374759
2026-02-06,14934.016777574265,14967.678708788631,14723.134679084254,14847.8818359375,276529
2026-02-09,14974.609643949147,14975.599700785111,14756.797140037159,14829.0712890625,200034
2026-02-10,14849.862040075557,15196.381922336137,14834.021131172216,14995.400390625,360240
2026-02-11,15029.062674884019,15278.55699596905,15023.122333905803,15258.755859375,360742
2026-02-12,15305.287904528559,15305.287904528559,15113.216887420172,15173.6103515625,201895
2026-02-13,15156.780186337124,15280.537291523102,15038.963422200071,15085.49609375,208645
2026-02-16,15085.495289258708,15146.878810157443,14811.249558791775,14901.3447265625,210175
2026-02-17,14881.543858265326,15059.754083432497,14811.249825004941,15028.072265625,166765
2026-02-18,15056.784179945102,15087.47594149023,14924.116565524228,15013.2216796875,280772
2026-02-19,15012.231172781907,15127.077760926912,14705.313566532326,14754.81640625,152788
2026-02-20,14754.816849703398,14927.086737098447,14700.363724377377,14828.0810546875,515847
2026-02-23,14900.355468231654,14967.679333470176,14835.011716676618,14922.13671875,242968
2026-02-24,14851.84215109645,14912.235616279897,14755.806640886707,14777.587890625,300991
2026-02-25,14712.24431818182,14982.529829545456,14689.473011363638,14920.15625,356495
2026-02-26,14994.410511363638,15072.625,14896.394886363638,15061.734375,308213
2026-02-27,14959.758793597926,15040.943454158814,14656.801401748755,14709.2744140625,478164
2026-03-02,14263.748579545456,14537.994318181818,14062.767045454546,14244.9375,603744
2026-03-04,14009.304154729216,14042.966086973796,13656.84392299186,14017.224609375,710366
2026-03-05,14157.812411929848,14425.127751176076,13940.989970096796,14271.6689453125,448650
2026-03-06,14196.425075537203,14322.162294631507,13974.652342646463,14018.21484375,390629
2026-03-09,13662.784090909092,13662.784090909092,13232.109375,13373.6875,676224
2026-03-10,13584.569865803818,13770.700551232805,13370.717588927962,13729.1181640625,353715
2026-03-11,13712.286931818182,13809.3125,13307.353693181818,13362.796875,392182
2026-03-12,13296.462701632272,13296.462701632272,12837.076350660018,12881.62890625,544683
2026-03-13,12770.74317057757,12833.116751455653,12358.879525414359,12465.8056640625,939594
2026-03-16,12407.391522179,12745.99093971692,12276.70402769068,12630.154296875,1416170
2026-03-17,12662.826266881311,12969.74386990971,12559.860361349203,12843.0166015625,1178941
2026-03-18,12969.744674710682,13044.988994960913,12885.589842851874,12918.26171875,458827
2026-03-19,12641.045184637669,12710.34916043064,12380.660247015512,12473.7255859375,569346
2026-03-20,12479.66628198841,12629.16486259771,12431.153497552277,12475.7060546875,725481
2026-03-23,12376.70064340095,12376.70064340095,12155.917966536828,12232.15234375,517985
2026-03-24,12474.716088585124,12524.218930206494,12209.380857494583,12340.068359375,583568
2026-03-25,12424.223099010576,12652.926225623967,12381.65065552843,12584.6123046875,540649
2026-03-27,12500.456933979993,12520.258069627038,12219.280807791944,12265.8134765625,775339
2026-03-30,12177.698331225622,12300.465371312774,12079.682710510879,12183.638671875,635675
2026-04-01,12771.733320759053,12771.733320759053,12210.371088753596,12384.62109375,501882
2026-04-02,12265.813485067121,12546.989611450128,12117.30496761131,12505.4072265625,438227
2026-04-06,12505.407582074968,12593.522638270413,12296.50559491498,12561.8408203125,382650
2026-04-07,12514.318094135802,12707.379172328561,12371.749913316533,12670.7470703125,359542
2026-04-08,13217.258609860912,13608.331055620842,13078.650654401696,13466.7529296875,1026292
2026-04-09,13435.070756764433,13636.052286876678,13197.457125104635,13453.8818359375,549914
2026-04-10,13514.27512620017,13659.813473713095,13454.871719052036,13572.6884765625,471921
2026-04-13,13268.740931322174,13286.56195331619,12837.076176356015,12945.982421875,1347910
2026-04-15,13118.253017944822,13339.035691378913,13068.750176367672,13156.865234375,699458
2026-04-16,13246.959781882733,13301.412905051908,13105.381661642881,13202.4072265625,527309
2026-04-17,13167.755681818182,13511.305397727274,13124.193181818182,13319.234375,549308
2026-04-20,13340.025034560875,13398.43838449698,13196.466801667055,13316.263671875,348629
2026-04-21,13322.204012981949,13408.338952721057,13287.552025730583,13327.154296875,292879
2026-04-22,13318.244228637906,13395.468659936876,13167.755593286065,13204.3876953125,434640
2026-04-23,13118.252572752423,13225.178706930328,12994.495473009474,13029.1474609375,541086
2026-04-24,13068.75035925046,13121.22337205654,12848.957739572155,12918.26171875,464098
2026-04-27,13022.217329545456,13138.053977272728,12913.311079545456,13090.53125,312786
2026-04-28,13090.53125,13174.686079545456,12700.448863636364,12763.8125,836679
2026-04-29,12959.844100640228,13413.29013563589,12959.844100640228,13125.18359375,754798
2026-04-30,13003.40598726552,13227.158823653674,12841.036672364382,13181.6162109375,612975
2026-05-04,13424.180486368396,13837.034182276326,13301.413440103208,13444.9716796875,722127
2026-05-05,13425.170544209928,13433.090998808282,13227.15917925108,13292.5029296875,419490
2026-05-06,13420.22008275659,13625.16184278098,13245.970083895272,13585.5595703125,435208
2026-05-07,13585.559305215142,13732.08771048929,13536.056465595499,13633.08203125,726199
2026-05-08,13536.056464465248,13651.893109165543,13490.513852018978,13589.51953125,270505
2026-05-11,13412.2991807102,13521.20542636445,13099.4412386489,13348.935546875,634354
2026-05-12,13308.34365940181,13321.214397950553,13019.247070460779,13041.0283203125,302512
2026-05-13,13055.879618753816,13152.905189591602,12856.878192851827,12972.71484375,307027
2026-05-14,13102.412201392208,13102.412201392208,12797.474695118308,12944.9931640625,286648
2026-05-15,12948.952949350229,13192.506923319199,12948.952949350229,13089.541015625,268206
2026-05-18,12996.475404595185,13008.356086004125,12722.22967540551,12886.5791015625,373184
2026-05-19,12904.400210930264,12973.704186284347,12771.732600966734,12827.17578125,342737
2026-05-20,12722.230289103956,12942.022905771744,12626.19477641578,12873.708984375,300695
2026-05-21,12972.713952158196,13019.246620688413,12804.404300027623,12880.638671875,213095
2026-05-22,12969.744586834431,13021.227542446293,12844.997425159534,12857.8681640625,387975
2026-05-25,13014.296431950575,13104.391599337985,12970.733933433585,13039.0478515625,276553
2026-05-26,13056.868786317951,13196.466791995146,13003.40572031392,13076.669921875,256901
2026-05-27,13076.670279061284,13283.592151284467,12971.72425774235,13231.119140625,322020
2026-05-29,13322.2042724442,13373.68722593462,12920.241212499763,12996.4755859375,963291
2026-06-01,13068.749818959524,13135.083624858788,12784.603516077601,12817.275390625,295359
2026-06-02,12573.721244576485,12921.231178186434,12573.721244576485,12892.51953125,586599
2026-06-03,12884.599077521274,13074.68998138512,12782.62322805265,12914.30078125,607808
2026-06-04,12860.83833300841,13132.113906776256,12820.246002627091,12934.1025390625,465070
2026-06-05,13020.236947512572,13043.998310659123,12786.583543238146,12920.2412109375,295703
2026-06-08,12771.73259976185,12899.449925759469,12713.319249111775,12783.61328125,372902
2026-06-09,12948.952593994141,13026.177022645532,12723.219648705459,12989.544921875,428323
2026-06-10,12987.565251825088,13073.700194416091,12920.24138865051,12943.0126953125,203885
2026-06-11,12940.042082104615,13085.580428399135,12839.056290798213,12967.763671875,308710
2026-06-12,13100.431993958551,13284.582564611233,12999.446197149016,13233.099609375,559038
2026-06-15,13415.269886363638,13822.183238636364,13385.568181818182,13667.734375,613280
2026-06-16,13723.177826460473,13736.048565349729,13525.166458933447,13554.8681640625,280511
2026-06-17,13563.778587559611,13603.380860807962,13425.170631190389,13494.474609375,241534
2026-06-18,13510.314981529034,13577.638843374556,13299.43288486586,13349.92578125,373512
2026-06-19,13349.925600153974,13372.69690605753,13220.228162181551,13261.810546875,719756
2026-06-22,13316.264382485935,13360.816939899458,13246.960404287123,13287.552734375,254533
2026-06-23,13286.562145704782,13414.279471844566,13104.391696017026,13317.25390625,398558
2026-06-24,13306.363366168478,13306.363366168478,13069.739791427834,13116.2724609375,327495
2026-06-25,13225.179063551519,13778.620828525714,13193.497245163015,13608.3310546875,981556
2026-06-29,13603.38022707044,13702.38590557896,13238.049273374007,13278.6416015625,1358592
2026-06-30,13607.341254870706,14059.797232277277,13375.667953529048,13974.65234375,1511415
2026-07-01,14010.294295911666,14404.336916911796,13930.099692140282,14251.8681640625,1397790
2026-07-02,14287.5096753059,14345.923026483439,14133.060814565293,14205.3349609375,327088
2026-07-03,14306.321022727274,14375.625,14190.484375,14223.15625,384188
2026-07-06,14205.335579733328,14381.565697742286,14148.902339696751,14312.26171875,214686
2026-07-07,14319.192026324868,14452.849699252605,14270.679241336282,14393.4462890625,524759
2026-07-08,14331.071982617173,14355.82340227627,13741.988194730664,13812.2822265625,481076
2026-07-09,13860.795454545456,13897.427556818182,13563.77840909091,13591.5,576451
2026-07-10,13662.784002476721,13847.924626278398,13639.022638994153,13716.2470703125,430154
2026-07-13,13545.957386363638,13703.376420454546,13401.409090909092,13558.828125,458633
2026-07-14,13483.583358648135,13553.877390402597,13336.06489764229,13354.8759765625,368645
2026-07-15,13368.736862886974,13470.712712466871,13301.4130010284,13447.94140625,456369
2026-07-16,13469.723011363638,13707.336647727274,13448.931818181818,13645.953125,356847
2026-07-17,13613.28089624991,13746.938563231271,13563.778056627181,13665.75390625,237330
2026-07-20,13686.545545360366,13694.465999958376,13243.990144696587,13379.6279296875,517730
2026-07-21,13385.568358369494,13519.22603058694,13215.278583396153,13461.802734375,341101
2026-07-22,13460.81223266196,13582.589218879775,13356.856268817482,13410.3193359375,299404
2026-07-23,13406.35928530751,13433.090819219578,13239.0396841542,13269.7314453125,327912
2026-07-24,13207.357954545456,13360.816761363638,13065.779829545456,13308.34375,223369
2026-07-27,13443.98188529907,13623.182174071377,13366.757451463493,13593.48046875,333477
2026-07-28,13592.489526965068,13710.306283736052,13533.086120189782,13664.763671875,481068
2026-07-29,13642.982954545456,13840.994318181818,13583.579545454546,13809.3125,515674
2026-07-30,13800.401639754988,14108.309302425465,13687.535165335583,14046.92578125,626000
2026-07-31,14108.30965909091,14205.335227272728,13983.5625,14092.46875,535417
2026-08-03,14157.812230841431,14296.420182751766,13762.779567896974,14009.3037109375,961183
2026-08-04,13983.5625,14112.269886363638,13875.646306818182,14027.125,619717
2026-08-05,14098.409090909092,14107.319602272728,13948.910511363638,14048.90625,312540
2026-08-06,14039.995738636364,14039.995738636364,13845.944602272728,13940.0,333510
2026-08-07,13811.0,14038.0,13811.0,14037.0,324104
2026-08-10,14039.0,14119.0,13954.0,14097.0,299446
2026-08-11,14120.0,14175.0,13980.0,13990.0,334931
2026-08-12,13990.0,14067.0,13875.0,13875.0,354408
2026-08-13,13884.0,13938.0,13825.0,13905.0,220061
2026-08-14,13905.0,13943.0,13760.0,13834.0,216810
2026-08-17,13834.0,13920.0,13760.0,13760.0,177071
2026-08-18,13762.0,13890.0,13691.0,13691.0,267433
2026-08-19,13744.0,13745.0,13628.0,13690.0,175646
2026-08-20,13758.0,13826.0,13681.0,13809.0,186272
2026-08-21,13809.0,13809.0,13565.0,13565.0,224951
2026-08-24,13623.0,13694.0,13505.0,13620.0,230499
2026-08-25,13609.0,13678.0,13450.0,13678.0,296429
2026-08-26,13750.0,13750.0,13514.0,13520.0,197113
2026-08-27,13520.0,13580.0,13404.0,13440.0,315555
2026-08-28,13500.0,13525.0,13318.0,13376.0,277509
2026-08-31,13375.0,13547.0,13268.0,13547.0,443131
2026-09-01,13540.0,13540.0,12851.0,12950.0,915975
2026-09-02,12763.0,12888.0,12640.0,12849.0,614156
2026-09-03,12853.0,12927.0,12780.0,12857.0,362982
2026-09-04,12880.0,12880.0,12656.0,12694.0,322752
2026-09-07,12691.0,12833.0,12618.0,12760.0,413778
2026-09-08,12758.0,12758.0,12582.0,12641.0,356860
2026-09-09,12609.0,12692.0,12537.0,12618.0,534832
2026-09-10,12679.0,12693.0,12517.0,12590.0,338613
2026-09-11,12520.0,12541.0,12381.0,12400.0,514868
2026-09-15,12470.0,12470.0,12231.0,12231.0,286167
2026-09-16,12231.0,12367.0,12159.0,12166.0,312876
2026-09-17,12165.0,12409.0,12127.0,12338.0,249064
2026-09-18,12350.0,12458.0,12103.0,12103.0,659773
2026-09-21,12129.0,12229.0,12129.0,12153.0,339171
2026-09-22,12155.0,12275.0,12142.0,12190.0,246724
2026-09-23,12240.0,12255.0,12106.0,12230.0,220483
2026-09-24,12180.0,12184.0,11975.0,11990.0,393665
2026-09-25,11997.0,12098.0,11975.0,12065.0,283642
2026-09-28,12065.0,12116.0,11944.0,12008.0,301830
2026-09-29,12046.0,12046.0,11831.0,11877.0,519770
2026-09-30,11901.0,12065.0,11879.0,11967.0,430286
