Date,open,high,low,close,volume
2021-01-01,79.93937577475697,80.13932419450568,79.01961792546614,79.21956634521484,13493039
2021-01-04,79.77941947973461,79.97936789948332,78.77967738099107,79.21956634521484,22325584
2021-01-05,78.69967452439342,78.69967452439342,77.57996250496477,78.0598373413086,23510160
2021-01-06,78.37976639315981,79.1795599277839,77.77992124219176,78.25979614257812,21952878
2021-01-07,78.45975067956702,78.77966933889488,77.46000868288054,77.5799789428711,24999580
2021-01-08,78.05985848255216,80.3792612719827,77.85991007142782,80.09933471679688,43240591
2021-01-11,80.57921197679308,80.9791088104248,78.93963251812643,79.17957305908203,22036573
2021-01-12,79.17957080523668,80.77915809423136,78.61971769486505,80.09933471679688,24262426
2021-01-13,80.17930177687887,83.45845404562,80.09932364387356,82.01882934570312,49236964
2021-01-14,82.93858956860478,83.05855982275767,81.33900245174112,81.73889923095703,29301114
2021-01-15,81.978851006313,82.85862282111441,79.89938868898017,80.33927154541016,24067229
2021-01-18,80.33926346680406,80.69917424253711,77.42002175241178,78.01986694335938,23613664
2021-01-19,78.37977923373012,80.6591899604452,78.01987452496404,79.6994400024414,22934496
2021-01-20,79.65944084192947,79.73941898104161,78.37977231031253,78.61971282958984,25599184
2021-01-21,78.93961505265582,79.29952578445862,76.46025645308802,76.86015319824219,22667011
2021-01-22,77.02012424014198,77.18008051545989,74.30082484615212,75.22058868408203,26029669
2021-01-25,76.02039473246845,76.22034316037926,74.14087462855336,74.540771484375,18599824
2021-01-27,74.38080295656158,74.46078109419123,72.62125952094611,73.02115631103516,22812859
2021-01-28,72.62127704109781,74.10089430100224,72.2613661820234,73.2611083984375,32227832
2021-01-29,73.58100478829223,74.06087968608867,70.50180091699633,71.14163208007812,36962884
2021-02-01,71.46156953594334,73.90094288670124,70.7017679227916,73.58102416992188,29033297
2021-02-02,74.30082564067372,76.26031749300502,74.30082564067372,75.30056762695312,29279584
2021-02-03,76.06036126045977,78.45974178036033,75.42053011631708,77.53997802734375,31420256
2021-02-04,77.81992740697387,80.13932419450568,77.57998686249883,79.21956634521484,39264443
2021-02-05,80.29928327519353,81.57895188834799,78.4997475717741,79.5794677734375,54911202
2021-02-08,76.94014072408507,80.7391602670486,76.860162585674,80.21929931640625,53737961
2021-02-09,80.29927232503438,80.93910349338921,79.57945692143731,79.93936157226562,28074809
2021-02-10,79.97936051995718,80.37925732255697,78.89964037332595,79.85939025878906,19070866
2021-02-11,80.72519293790101,80.72519293790101,79.36465474128826,80.23045349121094,18452535
2021-02-12,80.64273453784566,80.72519006086307,78.16903110160442,79.11727905273438,21660998
2021-02-15,79.52956538739596,79.7357073467111,78.33394453974954,78.49885559082031,12574055
2021-02-16,79.03481814236326,81.75589425312961,78.74622068599778,80.8076400756836,32865663
2021-02-17,80.6839552268448,82.58046361870454,79.98307387888023,81.92080688476562,28774857
2021-02-18,82.20940283725498,85.96118864710694,82.08572270649616,85.26030731201172,50705280
2021-02-19,85.46646669652003,88.0226260061905,83.61118886500782,85.91997528076172,61069583
2021-02-22,86.00242571817304,87.65156135003865,83.61117779377726,84.14714813232422,30636415
2021-02-23,84.22959761600325,85.8787331296168,82.91029046330294,85.26030731201172,31233104
2021-02-24,86.1673309242583,86.33224195988535,84.18836704196995,85.09539031982422,16153025
2021-02-25,85.42521496450192,90.86736068574936,84.93047558819806,89.05331420898438,68361756
2021-02-26,88.31121028962649,91.48579506746852,86.41470812059443,88.47612762451172,67331805
2021-03-01,90.29016846435232,90.53754130529326,88.35243551349055,89.42436981201172,27205189
2021-03-02,89.4243741509177,93.75335504075927,88.97086564179179,92.80510711669922,53649872
2021-03-03,94.37178860893334,94.5779305729467,92.35159987798384,92.92879486083984,31702057
2021-03-04,91.93930889117772,93.1761605802967,91.11474109843172,91.36211395263672,28057179
2021-03-05,91.5270322721292,92.64019762265359,89.38315709872049,89.63052368164062,24778407
2021-03-08,91.23841559330822,93.42352121650599,90.2901614974731,91.15596008300781,28163362
2021-03-09,91.85686427133199,92.2279173057217,88.59981732887906,90.2901840209961,20611697
2021-03-10,90.99104374619132,91.19718566962672,89.83664771676268,90.41384887695312,13207045
2021-03-12,91.52701466543077,92.43403787689773,89.54805092798775,89.96033477783203,21763020
2021-03-15,90.66123126649478,91.52703001272624,88.80595363110169,91.11474609375,20350674
2021-03-16,91.15597344542905,91.89807943786913,90.12526368820328,90.33140563964844,15360040
2021-03-17,90.45508777540597,90.62000511477608,87.5278757748107,87.85770416259766,18850429
2021-03-18,88.55859205173154,89.25947349535187,85.09540316232811,85.59014892578125,20023557
2021-03-19,84.39452063613238,90.33141310283087,84.10592313845586,89.46561431884766,72249183
2021-03-22,89.7129810646905,91.1559747453848,88.10507004591634,90.57877349853516,31980425
2021-03-23,90.7024520024018,90.86736303511601,89.13577202780615,89.58928680419922,14060206
2021-03-24,89.0533257250516,90.20772194634478,87.0743616729709,87.40419006347656,15196366
2021-03-25,87.40419213748672,87.81647606266354,84.6418910969927,84.93048858642578,22543755
2021-03-26,87.19805808107397,87.19805808107397,85.50769131820346,85.91997528076172,17402475
2021-03-30,87.28049723314443,89.63051412044564,86.24978752020944,88.80594635009766,36129962
2021-03-31,88.80595212742443,89.87789281499374,87.48664486722986,87.85770416259766,23063667
2021-04-01,88.64104257831389,89.67175237573615,88.18752775106675,88.97087097167969,13753303
2021-04-05,88.55858893457288,88.8884173349475,85.54891500395394,87.65156555175781,15666099
2021-04-06,88.84717432917805,89.13577178110549,87.23926974633035,87.4454116821289,17393454
2021-04-07,88.14630310352746,88.51735611409094,86.78576491320577,86.95067596435547,15692013
2021-04-08,87.4041958763486,87.77524890849877,86.3322551086534,86.57962799072266,11394998
2021-04-09,87.36294724494812,87.36294724494812,84.43573561930516,84.76556396484375,19751417
2021-04-12,83.69362751856666,83.69362751856666,80.84887126707528,81.6734390258789,20221362
2021-04-13,82.12694743974252,83.40502998104125,81.8383499826291,82.9515151977539,19192856
2021-04-15,83.4462446231608,84.93046892660853,81.87957110290728,83.56993103027344,13865351
2021-04-16,84.02345835180002,84.84802613485802,82.86906219732825,84.47696685791016,14654851
2021-04-19,82.45677588036123,82.78660424207322,81.3436106641669,81.6734390258789,11652043
2021-04-20,81.79711915693724,83.19888812147504,80.9313267847651,81.6734390258789,16528675
2021-04-22,80.84888210949683,82.25064497106844,80.02431424011269,81.59098815917969,18614270
2021-04-23,80.80764686267848,84.93048598832534,80.80764686267848,84.55943298339844,29484794
2021-04-26,85.71382931865253,85.71382931865253,83.15767012769844,84.43575286865234,24369413
2021-04-27,84.14714813232422,85.38399985622343,83.85854436398519,84.14714813232422,17763436
2021-04-28,84.80679844346763,85.71382178101666,84.22960348983275,85.42522430419922,15160578
2021-04-29,86.24979420296754,86.57962259485288,84.64188944258731,84.97171783447266,11588556
2021-04-30,84.31205581767973,87.11558753826749,84.14714477744931,84.47696685791016,15321193
2021-05-03,83.6111724042815,86.24978672880266,83.32257494549837,85.96118927001953,12186212
2021-05-04,86.00242686955572,87.44542056675664,85.34277009159686,85.54891204833984,12992684
2021-05-05,86.37347350613851,87.11558575388061,84.76556887849127,85.67259216308594,14956169
2021-05-06,86.57962259485288,86.66207812008588,84.64188944258731,84.97171783447266,13547274
2021-05-07,85.75505845909912,86.99191026379766,85.21908808553903,86.62085723876953,13229291
2021-05-10,87.4041836568872,89.05331919758318,87.07435529055743,88.80594635009766,23980945
2021-05-11,89.05332845377013,93.50599613464934,87.98138772451928,92.92879486083984,45613487
2021-05-12,94.16564422663494,96.26829472195404,92.14545554756627,93.42353820800781,62158914
2021-05-14,93.95950148668798,93.95950148668798,90.8261475147776,91.85685729980469,16227312
2021-05-17,91.6919336618032,92.55773233814023,90.66122394757002,91.98053741455078,12832920
2021-05-18,92.84633542434031,94.16564268028864,92.14545403439462,92.43405151367188,14892142
2021-05-19,93.29985662681078,93.29985662681078,91.48580352116511,92.31037139892578,12610425
2021-05-20,92.35159636290548,92.97002223140709,91.44457301396045,92.14545440673828,10303689
2021-05-21,92.59896646013937,93.2998478319772,91.73316775372301,93.05247497558594,12171685
2021-05-24,92.64018183308471,93.9594889233236,92.39281529232566,93.09369659423828,11341268
2021-05-25,93.91827765074368,94.70161457749602,93.21739624928843,93.42353820800781,15289982
2021-05-26,94.00074535958038,94.00074535958038,91.44458599834401,91.6094970703125,17466748
2021-05-27,92.02176344630837,92.06299435189408,90.12526131747201,90.9498291015625,34169451
2021-05-28,90.94982616847116,91.52702108233906,89.34191526677735,89.83665466308594,13383166
2021-05-31,89.8366634285423,91.81562749781894,88.88841544765963,91.11474609375,14754293
2021-06-01,91.48578110346095,91.89806494131513,90.2901604900647,90.86735534667969,10271211
2021-06-02,90.78491992155048,91.81562974420876,90.74369530321626,91.65071868896484,6492771
2021-06-03,92.02175108675647,92.51649043257115,91.07349700422296,92.1866683959961,12140851
2021-06-04,91.93931245057108,93.17616418757429,91.56825944585142,92.14545440673828,8930671
2021-06-07,92.47526279599445,96.2682727109998,92.35157639085205,95.97967529296875,28407410
2021-06-08,96.88670647564904,97.71127419033542,95.64985490361947,95.81476593017578,43191813
2021-06-09,96.06215479169587,99.77271012699744,95.4849598114748,97.38146209716797,49807823
2021-06-10,98.41216216962106,98.86567695986308,96.72180201434766,97.7112808227539,22144392
2021-06-11,98.0411041963165,98.57707447813847,96.92793902081087,97.95864868164062,13871562
2021-06-14,97.95866635246954,98.04112188201961,95.85601574869729,97.46392059326172,14179055
2021-06-15,97.46391634209544,98.08234222317715,96.96917689542076,97.13409423828125,8148417
2021-06-16,97.13408289351514,99.44286880532704,96.35073976106344,98.78321838378906,21585917
2021-06-17,97.46390303301565,99.44286684043249,96.43319337196027,96.80425262451172,14466025
2021-06-18,96.80426161142317,97.42268746546853,93.09370648715105,93.62967681884766,43927941
2021-06-21,93.38231374449649,97.67006426538987,93.21740268252127,97.29901123046875,34597018
2021-06-22,97.71130542742085,98.04113387692793,96.43322254468886,97.54639434814453,16712010
2021-06-23,97.99987197022831,97.99987197022831,96.43319204873117,96.6805648803711,12590251
2021-06-24,96.63935440066034,97.71129517636057,95.40250256298488,97.29901123046875,14046692
2021-06-25,98.20601357090648,98.20601357090648,95.40248208249828,95.69108581542969,12768348
2021-06-28,96.39197779552018,97.17531469496838,95.64986551180691,95.77355194091797,10709748
2021-06-29,95.85600437249948,97.75251278184193,95.15512301807394,96.96916961669922,33488455
2021-06-30,97.17529586379099,97.67003519340875,95.77353338138204,95.97967529296875,16739618
2021-07-01,96.30952248605351,97.13409029401303,95.40249286453553,96.76303100585938,12479506
2021-07-02,96.92794965733873,98.16480138606214,96.47443484042553,96.88671875,17215972
2021-07-05,97.21652920946829,98.20600789360938,96.68055896766185,97.7937240600586,16409169
2021-07-06,97.38145184282268,98.08233318527448,96.5156594636597,97.0103988647461,14979094
2021-07-07,96.51566740140515,97.46391537691056,96.35075006017784,96.84548950195312,14545289
2021-07-08,96.76303397681613,97.87619929354885,96.63934754363397,96.84548950195312,12037089
2021-07-09,96.47443744874607,97.62883368495594,95.85601156766437,97.13409423828125,9585144
2021-07-12,97.29898700931292,97.91741277420262,96.5981057339617,97.17530059814453,7651672
2021-07-13,97.42269080044163,100.59727570168953,97.38145989237928,98.86568450927734,30663035
2021-07-14,98.90690210146548,99.73146987652046,98.78322196796952,99.56655883789062,9539611
2021-07-15,99.5665638653873,99.93761686651678,98.28848123313563,99.19551086425781,11278872
2021-07-16,99.07182288025373,99.60779321088997,97.54637370148374,98.20602416992188,17198632
2021-07-19,98.20601550598975,100.47357676628779,97.71127612556978,100.10252380371094,14364285
2021-07-20,100.5972697265746,100.5972697265746,97.46390962854602,97.67005157470703,11360716
2021-07-22,97.91743726006929,98.70077424176834,97.75252619790753,98.28849029541016,9520328
2021-07-23,98.453393074535,99.03058799761317,97.5463697850038,97.7112808227539,10442400
2021-07-26,97.4639010245467,98.94812542226158,97.34022090053078,98.41215515136719,5370055
2021-07-27,98.37093719971182,98.61830375544187,97.4639076225098,97.9998779296875,5280342
2021-07-28,98.57707824726467,98.57707824726467,95.48494914654687,96.30951690673828,11010096
2021-07-29,97.05163221944491,97.5051470476759,95.03144352849597,96.26829528808594,11897018
2021-07-30,96.43321074650153,98.90691437872599,95.85601574869729,97.46392059326172,14546264
2021-08-02,97.79373872478695,97.91742515159008,96.47443151777718,97.09285736083984,11742555
2021-08-03,97.71128020719789,97.71128020719789,96.06214467627471,97.0103988647461,21122697
2021-08-04,97.34021791001977,97.99986828466413,96.10336638024037,97.17530059814453,9432176
2021-08-05,96.51566385587502,97.1340897081144,95.6086342398281,96.06214904785156,11045322
2021-08-06,96.06214467627471,97.87619124390908,96.02091377162051,97.0103988647461,8434733
2021-08-09,97.71127519939394,98.20601457512443,96.10337065553173,96.22705078125,7816050
2021-08-10,96.39196439984104,96.63933093273332,93.71211940231868,94.28931427001953,9774255
2021-08-11,94.57791956137153,96.72180077026414,94.45423943012622,96.43319702148438,8056886
2021-08-12,96.43320799426681,98.45340301083196,96.06215497640459,98.24726104736328,8640167
2021-08-13,98.49460564049681,98.49460564049681,96.63932838346062,97.505126953125,9744939
2021-08-16,97.50513852727455,98.4533927182885,97.38145210393311,97.9998779296875,8768804
2021-08-17,98.4121571793771,98.53584359689425,95.81476757532705,96.80425262451172,8758578
2021-08-18,96.80426734318614,98.04111912451062,95.73232661632353,96.10338592529297,9357721
2021-08-20,95.89723450658236,96.47442943124285,93.54721132100775,94.1244125366211,11684504
2021-08-23,95.23758795416846,95.44372991943723,92.51651149623939,93.50599670410156,6271685
2021-08-24,94.16564513453504,95.89724263723579,93.71213659555187,93.95950317382812,11791078
2021-08-25,94.57793506151862,95.03144992025274,93.83582898861373,94.00074005126953,9491958
2021-08-26,94.08316627424624,94.41299458776504,92.31034459366552,92.97000122070312,11668986
2021-08-27,92.92879542677692,94.08319169047269,92.43405596832258,93.50599670410156,8095717
2021-08-30,93.38228748236347,95.2375647171124,93.38228748236347,94.78404998779297,9915170
2021-08-31,95.03143999874192,95.93846333056098,94.57792518735582,95.60863494873047,11386659
2021-09-01,95.64989092412131,96.22708602538496,94.61918089261138,95.1551513671875,7508413
2021-09-02,94.90775286548076,96.22706009206749,94.82529734337278,96.06214904785156,5700524
2021-09-03,96.47442626953125,97.21653849902587,96.06214239658453,96.47442626953125,9364904
2021-09-06,97.01040495505005,97.01040495505005,95.56741127490127,96.02091979980469,7005043
2021-09-07,96.22705781036503,96.39197514162359,95.03143704076692,95.52617645263672,7723357
2021-09-08,96.50092150212241,97.13663245597932,95.2718829113802,96.67044830322266,10508654
2021-09-09,96.58568720377707,97.26378151346137,96.20426319632126,97.0942611694336,5757417
2021-09-13,97.179028890536,97.8995001088018,96.75522153075764,97.47569274902344,6322443
2021-09-14,97.68759741219367,98.4504519608307,97.30617337126873,98.2385482788086,7369292
2021-09-15,98.32330475402205,105.82469352163962,98.32330475402205,105.27374267578125,48721413
2021-09-16,105.5280478385187,106.54518306229524,104.25662557540402,105.10424041748047,17684303
2021-09-17,105.23137355170759,105.69755778876839,103.02757647316244,104.89232635498047,15763396
2021-09-20,103.83280660249187,105.06184540005134,103.239478865764,104.00232696533203,7431359
2021-09-21,103.66328508303314,106.29088947846218,103.49375825529715,105.1889877319336,8629222
2021-09-22,105.6127958137528,107.64707249280099,105.10422826068758,105.44327545166016,11698183
2021-09-23,105.78231586030182,107.64706559090992,105.65517236349062,106.9689712524414,11053966
2021-09-24,107.22325699190259,107.39277734114344,105.06183697175426,105.31612396240234,8598140
2021-09-27,106.20612901766245,108.3251658578649,105.52803464208276,107.51992797851562,8490460
2021-09-28,108.070875313314,113.28370059617365,107.94373181370564,111.84275817871094,35900138
2021-09-29,111.37657398925796,122.26842879922167,110.69849252995228,119.21701049804688,75859390
2021-09-30,120.1493871017467,121.37842586457353,117.90321325704852,120.2341537475586,34614825
2021-10-01,119.47128921926061,122.35318695556894,116.71654144792737,118.58129119873047,22452069
2021-10-04,121.59032712315854,126.59126165422141,119.08986632441412,123.37032318115234,58612212
2021-10-05,123.3703140192421,125.31983028713029,122.22602907642839,123.2431640625,24390676
2021-10-06,124.13318487682169,124.85366263027238,121.03939603016372,121.46320343017578,14421296
2021-10-07,122.22603064859416,123.45506931147173,120.57318465827099,121.03937530517578,10035682
2021-10-08,121.67509555339747,121.97175294503518,118.92034771541964,119.59844207763672,10686586
2021-10-11,120.36128027560238,124.38744986228626,119.89508963148225,122.73460388183594,17449923
2021-10-12,123.75175148832568,123.96365517238104,121.88700165535349,122.52271270751953,16030831
2021-10-13,123.32795364164254,124.81127954454888,122.64985921359882,124.04843139648438,19100941
2021-10-14,125.0231811808669,127.65079219606437,124.47223674231353,126.6336441040039,29263867
2021-10-18,128.20175359499817,128.58317771319352,126.0403330137886,126.76081085205078,25346029
2021-10-19,127.94744467588978,128.92220940424923,125.53175038437234,126.84554290771484,20234486
2021-10-20,127.69315318202234,127.69315318202234,123.15842216220231,123.96365356445312,16129487
2021-10-21,125.19266229951957,125.91313981657227,123.66695357336577,125.3621826171875,20818539
2021-10-22,125.31983241476019,125.53173607935493,122.05651080657184,122.8193588256836,11379569
2021-10-25,122.64983501692377,123.96364028702219,121.33602974682537,121.97174072265625,14079380
2021-10-26,123.15841394641454,123.45507132030967,120.74270696723744,121.37841796875,16224116
2021-10-27,122.05649337052604,122.52268395275276,119.38651275147436,119.76793670654297,15072448
2021-10-28,119.76795919220926,120.23414986196028,115.52988571006155,116.41988372802734,19999659
2021-10-29,111.03751436442798,116.03843541046554,108.96086114814365,112.43607330322266,29217522
2021-11-01,112.90226685986177,114.68226276780904,110.95275061153212,113.83464813232422,10043407
2021-11-02,114.42799414526993,119.34416240637431,114.42799414526993,115.82655334472656,21525811
2021-11-03,116.92844332486709,117.77605801070675,114.89417325228136,115.91130828857422,9808728
2021-11-04,117.22512331083269,117.22512331083269,116.08083821710228,116.25035858154297,1026849
2021-11-08,117.56415283824147,119.17462848091924,115.74178646038281,118.92034149169922,12765483
2021-11-09,119.30178667750168,119.85273114059268,117.01322923558982,117.3946533203125,9556650
2021-11-10,117.14034407433118,117.18272739428068,115.91130539723603,116.46224975585938,5479056
2021-11-11,116.54703107388605,116.75893476674766,113.87704971725974,115.82655334472656,11418813
2021-11-12,117.14033853249668,117.14033853249668,114.1313040284652,115.65701293945312,9306659
2021-11-15,116.37750855505455,116.67416595943203,115.275606785828,116.25035858154297,3991733
2021-11-16,116.7165327195434,116.80129935652104,113.5803611549642,113.83464813232422,5762128
2021-11-17,113.5803596959067,116.97081819429198,113.5803596959067,115.65701293945312,15264066
2021-11-18,115.78418328691367,116.63179806080447,114.21609078178567,114.68228149414062,9942974
2021-11-22,114.42799146727069,116.03845432189868,109.93563069702586,110.31705474853516,15990636
2021-11-23,110.2322872354813,113.36845883715911,108.62181164886564,113.15655517578125,11510010
2021-11-24,114.0041926438097,116.37751671307255,113.19896115608901,114.72467041015625,7570759
2021-11-25,114.85180594882866,115.86894112697404,112.1394411625825,114.59751892089844,13919886
2021-11-26,112.90228842235919,113.62276617354996,108.49469406277407,109.21517181396484,13323593
2021-11-29,108.3251683707441,109.6389738288616,105.99422779244927,107.2232666015625,16077669
2021-11-30,108.3251613140946,109.72372039653496,105.69755056903062,107.85897064208984,22883512
2021-12-01,110.18991875560928,112.690379709887,106.67231620966889,108.24040222167969,17010938
2021-12-02,108.2404055390705,110.44420915515558,107.30803056822782,109.08802032470703,12916313
2021-12-03,109.08800657624819,110.4018119151198,107.1384966950552,107.64706420898438,12827354
2021-12-06,107.64707457351315,108.15564213640849,105.10423029224906,105.40089416503906,8158812
2021-12-07,106.03660857129452,107.13851038122338,105.10423359885574,106.2485122680664,8701301
2021-12-08,105.8246940674671,108.19801781565813,105.8246940674671,107.85897064208984,12093435
2021-12-09,107.85897777252676,108.19802496850907,106.50279545538487,106.84184265136719,11518172
2021-12-10,106.88421427274818,107.39278180841269,105.44327184390093,106.92659759521484,8389566
2021-12-13,108.15563886073934,109.00326006227654,106.37564921112184,106.62993621826172,13223189
2021-12-14,105.95184411857606,108.02849767658522,105.95184411857606,107.09612274169922,11649242
2021-12-15,106.9266150879777,108.87612537142147,106.71471137455197,107.3927993774414,11916145
2021-12-16,108.11325800081514,108.66420238457226,107.01135629972693,107.98611450195312,10758513
2021-12-17,107.9861002269435,108.24038072426646,105.18896948888812,106.41801452636719,13041775
2021-12-20,105.52802278177938,106.33325410384141,100.95090242800757,103.19708251953125,14185935
2021-12-21,104.72279912137128,105.6975508561963,102.43423554365788,103.5785140991211,10168470
2021-12-22,104.2989904515265,105.01946164646729,103.11232858920742,103.87518310546875,7885198
2021-12-23,104.34137404846452,106.29089055302015,104.08709350447073,105.57041931152344,9836979
2021-12-24,105.7823197581066,105.95184011557667,102.47662105314319,102.77328491210938,8509575
2021-12-27,102.7732851816369,103.53613972582708,102.22233431823358,103.28185272216797,5097217
2021-12-28,103.40899807482279,105.6127951010927,103.36661475119197,105.1889877319336,6511374
2021-12-29,105.61278963577277,105.73993313329844,103.57851307572267,104.38375091552734,8960770
2021-12-30,104.46852165362225,108.36754834895976,103.62090687347116,107.56231689453125,32394253
2021-12-31,107.47755213070833,107.47755213070833,105.10422826068758,105.44327545166016,9155163
2022-01-03,106.2908786083336,107.26563675107069,105.69754447211744,106.79944610595703,9034081
2022-01-04,107.64708043896634,112.98705630729947,107.43517673731483,112.64800262451172,33986738
2022-01-05,112.39372111858701,112.60562480626642,110.7832453320787,111.88514709472656,16122852
2022-01-06,112.18182587577289,112.18182587577289,109.59659810475745,110.95277404785156,8037648
2022-01-07,111.29182230206861,112.05467042447879,109.72372979830041,111.3342056274414,8820039
2022-01-10,111.84276457979806,112.13943491812589,110.8256294582916,111.75801086425781,7324926
2022-01-11,112.01229246164203,113.58038504048193,111.03754059927711,112.13944244384766,11971883
2022-01-12,113.02942446509797,113.74988919387697,112.18180977224708,113.45323181152344,10439580
2022-01-13,113.91939897508472,115.82653185703528,113.15655099573354,114.38558959960938,15114699
2022-01-14,113.91942598885989,115.4027519154522,112.9870574522901,114.72467041015625,9344382
2022-01-17,114.13132058293577,116.41989074815558,113.96180022014255,115.7841796875,9803141
2022-01-18,115.78416713812838,116.75891881872107,113.91940454879294,114.427978515625,6473378
2022-01-19,113.66513331159798,114.68226833685793,112.69036867331145,114.25846099853516,21136414
2022-01-20,114.00419045503317,115.57228300646938,113.70752010198024,114.34323120117188,8466412
2022-01-21,113.6227472956928,115.36035992831125,112.35132531088514,113.66513061523438,12437749
2022-01-24,112.73274796048918,114.63988091470797,111.03751866785024,112.39370727539062,14284658
2022-01-25,111.20705574775832,114.97893890485737,111.0799187051047,114.68228149414062,10007486
2022-01-27,113.74988420437332,115.27559317129631,112.85988622920381,114.427978515625,18760325
2022-01-28,118.66605297625334,122.05651163271773,116.97082364802115,118.7931900024414,34009553
2022-01-31,120.36129556945144,121.54795105656541,117.43702724268324,120.40367889404297,27928927
2022-02-01,122.05653849139162,122.18367554555634,119.04750318492331,119.64083099365234,17413984
2022-02-02,120.3613087901223,120.99701992809828,119.30179022682896,119.64083099365234,10783943
2022-02-03,119.94613376436855,120.90570815879697,118.8993338045817,119.20464324951172,9571728
2022-02-04,119.50995522307112,119.90250350872763,116.8057100360463,117.06741333007812,7213085
2022-02-07,117.06740223714026,118.94293124099711,117.06740223714026,117.8961181640625,10562489
2022-02-08,118.15785291849085,118.3323173742086,115.84616893096482,117.76530456542969,8721631
2022-02-09,118.02699042021284,118.28869372041387,116.76210666515446,117.80890655517578,5144026
2022-02-10,117.8961581329371,119.37913939109086,117.15468081464596,119.03019714355469,6081460
2022-02-11,117.2855273630023,120.120618271011,117.2855273630023,119.64083099365234,8426925
2022-02-14,117.50359289586578,119.0301800690398,114.9738251903481,115.58445739746094,7705072
2022-02-15,115.23553468871621,118.46317365145173,113.97063745736048,118.07062530517578,12674466
2022-02-16,117.67805900316843,119.24826563707813,115.88978179507703,116.1950912475586,12946623
2022-02-17,117.32912311446195,117.67805198528461,115.54083270223359,115.80253601074219,5811964
2022-02-18,115.80254217063326,116.9802004661736,115.06105164221394,115.45361328125,6760078
2022-02-21,115.49720832475792,117.02379536317086,114.40678901160581,115.10466003417969,12212740
2022-02-22,114.31957965296674,115.58446357331022,111.57172126335298,115.23553466796875,13578566
2022-02-23,115.14829351769825,116.41317741312218,113.2727773945646,113.57808685302734,9263264
2022-02-24,110.78662601499617,112.53129729082288,107.86430295906497,108.5185546875,18045779
2022-02-25,109.04194563071883,114.27595902099333,109.04194563071883,113.70894622802734,10424521
2022-02-28,112.48766536454231,116.8493430701142,112.35682035768875,116.45679473876953,13262687
2022-03-02,115.84617178547519,117.76530746722857,113.79617777562052,114.23234558105469,12587947
2022-03-03,115.23553466796875,116.41317970658459,113.62170853149928,115.23553466796875,15628119
2022-03-04,115.14829351769825,116.32595184389751,113.18553851455567,113.57808685302734,15883138
2022-03-07,112.53127259705757,113.8397757667908,110.6993694905093,113.44722747802734,14985637
2022-03-08,113.83979785954841,118.46317928534994,113.83979785954841,116.67488861083984,28572640
2022-03-09,116.84933940264638,116.84933940264638,114.36319117497179,114.71212005615234,14286413
2022-03-10,115.93340081966979,117.76531098147356,115.10468462677207,115.97702026367188,13101323
2022-03-11,115.93337605001875,116.3695437752796,114.71211174360145,115.10466003417969,8669803
2022-03-14,115.10467221131012,115.93338831482056,114.05787222209777,115.27913665771484,5670284
2022-03-15,114.53765632852172,115.9770046108305,113.97063025459427,114.31957244873047,6895190
2022-03-16,115.49721326568495,116.02061988270215,114.75573608749099,115.80253601074219,5561866
2022-03-17,116.4567944038245,117.15466549686565,115.06105221774223,115.93338775634766,13995384
2022-03-21,115.93338775634766,116.36955552565037,114.88658777217795,115.93338775634766,9172207
2022-03-22,116.28231880036108,117.02379595055667,114.93019618310913,115.8897705078125,10343712
2022-03-23,115.93338267348535,116.67487317310442,115.32275048539027,116.41316986083984,11892811
2022-03-24,116.45678756383843,118.37592297389486,116.32594256504626,118.11421966552734,11276181
2022-03-25,118.63764548788265,118.76849050785663,117.06743869426832,117.54722595214844,7266868
2022-03-28,118.2014447910876,118.2014447910876,116.71847729719339,117.59081268310547,7778682
2022-03-29,117.76528542168431,118.02698871811124,116.80571110504644,117.19827270507812,5116935
2022-03-30,117.76530471733403,118.59402086615091,116.41318188990398,118.02700805664062,24047012
2022-03-31,117.15467231502515,118.28871124336773,117.15467231502515,117.76530456542969,11615450
2022-04-01,120.38230488523565,125.136530930503,119.33550489621649,124.70036315917969,32589741
2022-04-04,123.74079432688232,127.36098127863997,123.4354715816956,125.87801361083984,15437496
2022-04-05,126.83759413156835,131.3737500152075,126.27058130150608,130.06524658203125,23958626
2022-04-06,131.1556621862612,135.47372072441442,129.3673715522586,133.46734619140625,52737388
2022-04-07,133.42370101176232,137.82899758404164,132.769449440952,133.9034881591797,37738903
2022-04-08,135.12477448699906,135.12477448699906,131.89713553971853,132.6386260986328,17585569
2022-04-11,132.9875393892106,134.86306863124244,132.46414609505837,133.5545654296875,15583159
2022-04-12,133.20563377031047,133.99074373968338,131.5918210141478,133.118408203125,11306524
2022-04-13,133.51095437946188,136.25880595099622,133.24925106055773,134.29605102539062,19454061
2022-04-18,135.12477040560955,142.84494529228482,134.7758415124153,142.3651580810547,82098517
2022-04-19,143.84812739495746,145.11302459569484,139.13752073210276,140.1407012939453,38522118
2022-04-20,141.4492055253413,142.36516052417494,138.70135383962472,140.00985717773438,20047692
2022-04-21,140.96942451589396,142.53961779390596,139.87900512239474,141.92898559570312,21966151
2022-04-22,140.66408804697102,142.19067504903117,139.44282376963582,139.96621704101562,9922564
2022-04-25,138.35240846130884,140.35876935880557,135.56092435720737,136.17156982421875,12008027
2022-04-26,137.48007163104072,138.22154877376357,136.08432959295382,136.9566650390625,11735823
2022-04-27,136.78221607973555,139.22475826720625,135.38647388381395,135.77902221679688,17873048
2022-04-28,137.82904365800476,139.6609539929638,135.43012042978,139.31201171875,29123808
2022-04-29,139.92261080977556,140.44601744132376,135.8226365652601,136.25880432128906,28941216
2022-05-02,134.86308494515953,138.1343433447596,133.46734270368304,137.39285278320312,13368198
2022-05-04,137.82904423327395,141.2311482286413,137.21841188933453,138.39605712890625,24511385
2022-05-05,139.2247459489718,140.22792641236762,136.9566684089687,138.1779327392578,33396072
2022-05-06,136.47689662522887,139.87901331876762,136.12796772317668,138.70135498046875,22604305
2022-05-09,138.65773554001612,139.39922609535753,136.04072884227142,138.70135498046875,22958742
2022-05-10,138.65772752691385,140.6641018747256,134.77583714508592,135.60455322265625,20322427
2022-05-11,134.38330198537895,136.91306990376114,130.8939595816601,133.07479858398438,13794764
2022-05-12,131.80989202305588,133.46732405630476,129.10564679956278,129.58543395996094,11818556
2022-05-13,130.85033006196454,130.85033006196454,125.18014909261275,125.74716186523438,22913410
2022-05-16,125.09291297132951,129.89075851265474,123.56632575363513,129.32374572753906,16286682
2022-05-17,128.66947744375844,131.5045676247226,127.62267757755892,131.28648376464844,13925542
2022-05-18,131.2864953757135,131.6354242583787,128.407785505983,129.5418243408203,17611218
2022-05-19,128.6694841127138,129.58543903465585,127.14289701307142,129.10565185546875,11701170
2022-05-20,131.6790488164667,131.6790488164667,128.80033883480368,130.50140380859375,17841739
2022-05-23,134.68859654779732,135.51732592555948,129.45458352167904,130.98117065429688,26055890
2022-05-24,130.98116260256276,132.46414351742723,127.62267910372783,128.1460723876953,16581141
2022-05-25,129.45459169469956,133.59818560197928,128.58225613527225,133.16201782226562,19926619
2022-05-26,133.5981844675115,135.29924944257735,131.37373945848847,134.47052001953125,22698086
2022-05-27,135.21205051861122,135.21205051861122,130.414203564725,131.242919921875,10245727
2022-05-30,130.89397490936142,133.03119471975094,129.803555280511,131.6354522705078,12513990
2022-05-31,131.80989678541664,137.8290062928811,131.1556451732669,136.08433532714844,124665699
2022-06-01,136.47688854939403,139.74814672800264,136.3024241086916,136.78221130371094,16084988
2022-06-02,135.64817089766672,138.96304847565065,134.5577515174604,138.74496459960938,17646975
2022-06-03,138.70133204306325,139.09388032065132,134.95028706779252,135.2119903564453,14063328
2022-06-06,135.90986594556682,138.39601399476936,134.8630660663877,135.38645935058594,18485464
2022-06-07,135.38646845395022,137.56730722837202,133.90350074950007,137.1747589111328,14911957
2022-06-08,136.17158903890638,139.3556085740305,136.17158903890638,137.00030517578125,16416591
2022-06-09,135.47369277152993,137.82899573265303,134.9502861975994,135.34283447265625,13821409
2022-06-10,134.4269188894904,136.6077578506386,134.3396800067306,135.4300994873047,7908849
2022-06-13,134.33967910427114,135.12477580069654,128.88758173802637,129.89076232910156,19208167
2022-06-14,129.89074040115986,132.9875338445482,129.89074040115986,132.0715789794922,17034328
2022-06-15,133.07479578015955,134.07797637577818,128.71311786740955,129.23651123046875,15172295
2022-06-16,130.93757027557356,130.98117640407867,123.8716470558222,124.70036315917969,18494040
2022-06-17,123.08656503604752,126.00888146512757,121.73444212191883,122.51953887939453,21387729
2022-06-20,122.51950562183741,123.34822159883939,117.76528030145364,119.72803497314453,16578770
2022-06-21,120.55675646910319,123.21738225246335,120.16420817895099,122.08334350585938,51398446
2022-06-22,122.08335497549658,122.08335497549658,119.1174194926074,120.07698059082031,8317317
2022-06-23,120.29504812839902,121.38546739464913,118.33229344914882,119.07378387451172,11257409
2022-06-24,120.29504371828219,120.29504371828219,117.72165700643085,119.16101837158203,21879039
2022-06-27,119.7280694982205,121.29827635051828,119.2919016676259,120.81848907470703,12872030
2022-06-28,120.81849230840368,121.51636351819069,119.64083380996396,120.90573120117188,14272044
2022-06-29,120.20784168607659,124.83122277223033,119.33550613437906,123.653564453125,53487394
2022-06-30,124.13332977024518,125.57267785231578,123.13013607629681,124.65672302246094,19270932
2022-07-01,123.87165866136206,124.91845874845595,121.90890350651654,122.69400024414062,9592229
2022-07-04,121.55996645162969,124.04611482836573,121.55996645162969,123.3482437133789,17526429
2022-07-05,123.34824314877825,125.8344048249188,122.30144313648172,122.86846923828125,11370649
2022-07-06,123.43551857426792,123.87168648442434,118.72491046889385,121.2110595703125,15929985
2022-07-07,122.12699050065667,124.52591352834816,121.69082267744005,122.51953887939453,18144208
2022-07-08,122.99931845135924,125.79078968313384,122.99931845135924,125.35462188720703,15375888
2022-07-11,125.6163301917581,128.23333707075304,125.26740126553955,126.31420135498047,16779135
2022-07-12,125.65994566109083,129.1929074981571,125.65994566109083,128.32057189941406,19138561
2022-07-13,128.88755317728842,130.28329511807257,128.66946933096477,129.62904357910156,13644449
2022-07-14,129.9780028560584,130.23970619510672,128.23333167678243,129.36737060546875,9775869
2022-07-15,129.49822417994298,130.98119211820062,129.23652082359501,130.63226318359375,11518139
2022-07-18,132.07160174700408,132.20246007073177,130.23970501187796,130.67587280273438,8286352
2022-07-19,130.67586156749977,131.89712595258212,130.1960743766519,131.50457763671875,6798359
2022-07-20,132.68224670912872,132.81309172148633,130.9811816837727,131.3301239013672,7271345
2022-07-21,131.72267240509055,131.94075629980097,130.85033682624888,131.59182739257812,7521568
2022-07-22,131.72266241134767,132.0715912920974,129.2365008759591,129.9343719482422,6800124
2022-07-25,130.1524814503028,131.2429010558026,128.53866842063474,130.93759155273438,7996687
2022-07-26,130.85032653808594,131.67904261067042,130.1088360300567,130.85032653808594,5774871
2022-07-27,130.45777804482665,131.33011355390502,130.02161029028747,130.588623046875,5403197
2022-07-28,130.89396680912947,131.6790635690023,130.02163116003268,131.15567016601562,6030744
2022-07-29,131.67903513325115,134.73220924576475,131.24286740289207,133.4237060546875,11771461
2022-08-01,133.38012445631762,137.56733851773612,131.72269193509135,136.52053833007812,14221965
2022-08-02,137.0439327137109,139.66093960211438,136.5641454553465,139.18115234375,18278835
2022-08-03,139.617313804409,140.40241051088566,137.1311520492584,139.26837158203125,10147608
2022-08-04,139.3119954708852,140.00986662713387,133.51096893806258,134.9503173828125,15754128
2022-08-05,134.6886144633534,137.08753741941612,133.46734991912646,135.7354278564453,33864055
2022-08-08,135.64817447822887,139.5736843505892,135.16838727611693,139.05027770996094,16964235
2022-08-10,139.49482003652327,139.71708712617107,137.8055955816425,138.47239685058594,14055597
2022-08-11,138.87247368754356,139.45037625525157,135.89410285190291,136.6053466796875,15810624
2022-08-12,136.6498120537436,141.3618773451363,135.67184494133474,140.91734313964844,17998843
2022-08-16,141.3618544691191,142.07311179602124,139.53926180834026,141.13958740234375,8309725
2022-08-17,141.36187005749193,145.49603252895704,141.36187005749193,143.5400848388672,19674110
2022-08-18,143.540093023342,144.60697240912253,142.1620342655762,142.9622039794922,9585888
2022-08-19,143.18446236443685,143.71789524179076,139.71708761415667,140.2505340576172,9599472
2022-08-22,139.85046337265075,141.31742082025778,138.69467172835962,139.1392059326172,11400211
2022-08-23,139.09472697393005,141.53966469613948,138.38346965061174,141.05067443847656,14362373
2022-08-24,141.2729658497412,144.91815178110775,140.47280970193265,142.9622039794922,20602844
2022-08-25,143.45117743400547,143.98461028104504,140.8728711919439,141.27294921875,12889454
2022-08-26,141.36187760433643,146.42956484296852,141.2729653366329,145.27377319335938,30724938
2022-08-29,143.8512640732928,145.27376531667034,142.87328344600914,143.09555053710938,10928330
2022-08-30,143.8512877079519,147.0963823447393,143.62902058033336,145.80723571777344,24663153
2022-09-01,143.58451778854848,146.029455397951,142.51763863584827,142.87326049804688,14554158
2022-09-02,144.91812122626717,147.94094777632418,143.36225182659868,143.8512420654297,25106698
2022-09-05,144.56251511043985,146.78518592353944,144.20687964068028,146.25173950195312,15226001
2022-09-06,147.40753929604426,150.11920055315952,146.51847092099706,149.76356506347656,27866331
2022-09-07,149.80802929687445,151.27498676859076,148.16324728764678,148.74114990234375,19415892
2022-09-08,149.36349499446777,150.4303743883496,147.54090201494472,148.29661560058594,11595205
2022-09-09,149.0523159243756,150.56374309874323,147.54090231611548,148.11880493164062,16415150
2022-09-12,148.87447284383035,149.45237533471487,147.140792503386,147.94094848632812,15469466
2022-09-13,148.42995431514683,150.2080909671788,147.27416277810485,148.8300323486328,15644741
2022-09-14,146.69626910004578,153.85327160875397,146.69626910004578,153.23092651367188,38751148
2022-09-15,155.0535141076825,156.60938371309948,153.49764450226556,155.67587280273438,29483891
2022-09-16,154.65345048843528,155.32025181008657,152.2974245783771,153.6310272216797,26126152
2022-09-19,154.25334078247784,154.7867871568707,151.63059216827338,152.03067016601562,13304030
2022-09-20,152.83087158203125,153.94220722054547,151.94180307121988,152.83087158203125,15395199
2022-09-21,152.030685459895,152.96420992594017,149.49683527578762,149.8969268798828,7370283
2022-09-22,148.47440323339768,150.83042875646754,148.34104841741464,149.9413604736328,7447846
2022-09-23,148.60777241451913,149.80802013880984,144.6069647550257,145.76275634765625,12264388
2022-09-26,144.42914573381705,145.67384952030028,139.22810420641275,141.00624084472656,21951865
2022-09-27,141.71749937959578,143.7179033056534,140.0282748240345,141.36187744140625,8367800
2022-09-28,140.29495941042848,141.76191645895784,137.80556583059064,140.42831420898438,14261815
2022-09-29,141.13957282468536,143.76232122852176,140.47277169323016,141.850830078125,17623352
2022-09-30,142.25093765334057,143.62899632507862,139.93935449003115,141.93975830078125,12015533
2022-10-03,142.11758434535346,145.89612491717313,141.3174146728335,142.56211853027344,10528629
2022-10-04,143.98463515972105,145.80722822576476,143.4512022205112,144.51808166503906,9013773
2022-10-06,146.029455903784,146.7851693212043,144.38467426168316,144.82920837402344,6456408
2022-10-07,145.00706470121867,146.56293443592656,143.45119496651077,146.07394409179688,8825983
2022-10-10,144.65142088668586,147.2297272958012,143.89572091289,145.76275634765625,10484521
2022-10-11,146.16283439663684,146.16283439663684,142.51766222441142,143.18446350097656,13805741
2022-10-12,143.94017153851914,146.96301230128967,143.27337022459866,146.6962890625,12496248
2022-10-13,146.56291127781495,148.2965917093326,146.0294648837609,146.4739990234375,9447511
2022-10-14,147.80762528611385,148.91896081458086,146.5629349206738,146.7852020263672,9588164
2022-10-17,146.78519414673258,150.2970115149476,145.80721350773797,149.76356506347656,13426449
2022-10-18,150.20808346260824,150.6526176034068,147.94095663131458,148.42994689941406,20635735
2022-10-19,148.02988411226636,149.45239893558372,145.67385835013548,145.85166931152344,6947654
2022-10-20,145.8071981819237,149.27455905371022,143.58452747793095,148.42994689941406,12020720
2022-10-21,148.91893723391303,149.7635493885858,146.2517323879325,146.74072265625,7414335
2022-10-24,148.42994689941406,149.31901518101114,147.80760181551716,148.42994689941406,685185
2022-10-25,148.8745129835531,150.87491704636435,147.096376038832,150.56375122070312,8131380
2022-10-27,151.05271165744657,152.4752264855033,148.96340911349006,151.71951293945312,16225577
2022-10-28,151.71952965434934,155.3202596870976,151.05272829888148,154.74237060546875,16185760
2022-10-31,151.05270604529275,154.6978916779396,150.29700609342638,153.89773559570312,24233760
2022-11-01,154.69789352336596,162.6550525747086,154.25335934657468,161.63262939453125,41101936
2022-11-02,161.72153486548874,162.43279229137394,160.03231034935501,160.87692260742188,22146420
2022-11-03,159.4543896582664,161.67706019397625,157.5873409818284,158.3874969482422,16719953
2022-11-04,159.18771267032545,159.58779076961815,156.7872305084609,157.32066345214844,14881752
2022-11-07,158.12080323330707,159.58776050791244,155.4535983223113,156.34266662597656,12799401
2022-11-09,158.03189665610753,158.03189665610753,153.1420208102083,154.16444396972656,14929008
2022-11-10,154.25337262670868,154.87571781457473,151.63062347106109,153.00868225097656,10668583
2022-11-11,153.80881417802738,154.34226057849742,150.83042997992973,152.43075561523438,16963169
2022-11-14,153.23092521593944,154.16443606760376,152.11958985338143,152.43075561523438,10224241
2022-11-15,153.18649322378005,154.83126167984696,152.38632349700288,153.00868225097656,13899999
2022-11-16,153.008673119101,153.76437309994103,150.3859105538777,151.09716796875,9781274
2022-11-17,151.09717597934417,151.85288956635608,148.91896105327893,149.63021850585938,12778124
2022-11-18,149.85247775587882,150.29701194467341,146.7851945664175,147.45199584960938,11134908
2022-11-21,146.69628827157825,147.76316765487732,145.9405746934332,146.162841796875,12788632
2022-11-22,146.91853423554292,148.9189378786895,146.5629123476479,148.51885986328125,15198091
2022-11-23,149.23011752247132,149.58573941112243,147.8076028356559,149.40792846679688,12004998
2022-11-24,149.98582513955117,151.14161668625553,149.00785811242145,150.69708251953125,10986350
2022-11-25,151.36389148920028,152.25295986799148,149.89693409063756,150.9193572998047,12358833
2022-11-28,151.14160103029067,152.8308252624226,150.608154659036,151.49722290039062,5471921
2022-11-29,152.0306768481609,152.56412324600015,150.29699640434157,151.27496337890625,7693168
2022-11-30,151.23051425921633,153.67545193875853,150.9193349462872,153.09754943847656,9133076
2022-12-01,154.25334087293567,154.38669568355965,151.89731544454602,153.09754943847656,9214914
2022-12-02,153.27535237732792,153.6754439205343,152.1640171264305,153.05308532714844,6376672
2022-12-05,153.85327111720312,156.16484054385214,152.38630029122618,155.72030639648438,9861212
2022-12-06,156.12039068997007,156.47601256481175,154.56452124685404,155.76475524902344,7008295
2022-12-07,154.78681133802687,155.58696745851358,152.29741714546924,152.78640747070312,7718718
2022-12-08,152.78642253391445,153.31985547812775,151.14164043217977,151.45281982421875,4225180
2022-12-09,152.20849597317257,152.69748626979052,149.3634800193584,150.69708251953125,6174919
2022-12-12,151.14163119984318,151.14163119984318,148.96341628694927,150.1636505126953,7153044
2022-12-13,150.91934918197288,151.1416162647151,149.40793573254695,150.43035888671875,5166993
2022-12-14,151.09713156447395,154.43113717519094,150.652597483045,152.56410217285156,8562333
2022-12-15,152.919769981521,154.742362976499,152.65304673926192,153.00868225097656,10644546
2022-12-16,152.83085696561204,153.8977499294374,150.29702009179573,150.9638214111328,9433166
2022-12-19,150.9638217624604,153.14203669747585,150.69709852088334,152.74195861816406,7706855
2022-12-20,152.16404760366962,152.43077083052833,149.8524779584766,150.9193572998047,7387632
2022-12-21,151.1416236423925,152.0751481486992,148.11879659598733,149.31903076171875,8454254
2022-12-22,149.8080280088466,149.94138284472606,146.29621048091116,147.49644470214844,6979001
2022-12-23,146.07389736841318,147.89648975931576,144.34021721749733,144.91810607910156,5313321
2022-12-26,144.0290608783794,149.14120347128483,143.94014862423458,147.27415466308594,8321609
2022-12-27,148.4744255947903,149.5413049816511,146.29621068701036,146.8740997314453,9244387
2022-12-28,146.69628230221585,149.00786551039045,146.51847133991936,147.45199584960938,9652984
2022-12-29,146.69628183344852,148.83004050640142,145.80721345870035,148.2521514892578,19571340
2022-12-30,148.25212050877545,149.1856448204023,147.5853193670568,147.9853973388672,8626291
2023-01-02,148.51886741299364,149.85246990954954,147.94096485815578,149.3634796142578,7322962
2023-01-03,149.3634954789011,150.43037487624315,148.29661608155902,149.00787353515625,9629995
2023-01-04,149.2301404621418,149.8080295115594,146.4295667856143,148.11880493164062,11995082
2023-01-05,149.3634643685259,151.45278015964658,148.6077509378385,151.0526885986328,18887530
2023-01-06,151.54169458689407,153.05310803917706,149.85247018130238,150.25254821777344,13216749
2023-01-09,151.36386809062932,152.03066927164534,150.65261078432465,151.49722290039062,6012344
2023-01-10,151.49724556569657,151.76396879122802,148.60777334900376,149.31903076171875,7557693
2023-01-11,149.76358067341712,150.07476006356077,147.1408314068787,147.62982177734375,8463293
2023-01-12,148.38547510221227,148.6521982717458,147.1852411884673,147.54086303710938,7628932
2023-01-13,147.76313907320858,149.49681943148906,147.1407940171726,149.18565368652344,5090393
2023-01-16,149.94134443070323,149.94134443070323,146.3850716798667,147.54086303710938,10321015
2023-01-17,148.1188041184272,149.54130544999424,147.40754666958992,149.09677124023438,13015434
2023-01-18,148.91898321263025,150.87493132369363,148.56336121647675,150.6526641845703,5536057
2023-01-19,151.49722262046112,151.49722262046112,148.74111921701714,149.98580932617188,6812613
2023-01-20,151.05268850060517,151.05268850060517,149.05228496125346,149.98580932617188,8545359
2023-01-23,150.60817796654482,150.69709023088188,147.58535090458048,148.341064453125,7787735
2023-01-24,148.65224508877304,148.96342447891666,147.0519191336639,147.62982177734375,7033092
2023-01-25,147.58535697013969,148.11880344587232,146.16284207892429,147.49644470214844,9257370
2023-01-27,147.80760991030346,148.51886728775472,145.8072061671565,147.85206604003906,13756671
2023-01-30,149.00786618315217,153.14202873116466,148.56333199235053,150.11920166015625,30768122
2023-01-31,151.00826920442097,153.49764980622103,148.78559826273744,152.16404724121094,24990701
2023-02-01,153.1420051125919,154.52006360476508,148.6522077647202,151.1416015625,13878016
2023-02-02,151.14161528138982,151.89732878423916,147.1408078180589,148.385498046875,19898080
2023-02-03,150.07327168063736,151.85225296811436,148.2942903931604,151.03118896484375,11730514
2023-02-06,150.07326819179815,152.2171775913438,149.66273619970673,151.48733520507812,7588936
2023-02-07,151.89786643808802,152.99262305172286,149.8908103263265,150.7574920654297,8699758
2023-02-08,151.0767854345242,151.21362477558978,149.70833634153246,150.9855499267578,8839686
2023-02-09,151.3960936683432,152.03470051072043,150.2101015778797,151.44171142578125,5507650
2023-02-10,150.62063919638538,151.25924600366588,149.70833978010342,150.52940368652344,9468345
2023-02-13,150.62060226913414,153.44872141389516,150.34690972723314,153.12942504882812,9829152
2023-02-14,153.72246620254097,153.72246620254097,150.39257858597242,151.48733520507812,12916373
2023-02-15,151.44170392630355,151.89785363692496,149.79956218394963,151.25924682617188,11855678
2023-02-16,151.4417193538513,152.99262574383985,151.07680511641374,152.71893310546875,7923121
2023-02-17,152.35398782838064,154.77157548017863,151.85222041369153,153.31190490722656,10182025
2023-02-20,152.9926069905602,155.09089840009,152.58207504361795,153.17506408691406,6679716
2023-02-21,154.22422282880206,158.96817712384728,154.22422282880206,158.05587768554688,26883881
2023-02-22,157.78217352282317,158.01024836570687,153.72244410361014,155.5470428466797,12225021
2023-02-23,155.95759387482002,156.5962007289671,154.17861266662985,154.7259979248047,11184381
2023-02-24,155.3189797652395,156.1856614497098,154.5435196724802,156.00320434570312,8338893
2023-02-27,156.14005166638813,158.28396102954702,155.547062567941,157.28042602539062,17669762
2023-02-28,157.64533418532642,157.82779127551663,154.95405382341556,155.5470428466797,19044910
2023-03-01,155.95757795503047,157.87341224249312,155.0452785649214,157.14356994628906,9318790
2023-03-02,157.09795333328617,157.09795333328617,155.31897229377384,155.82073974609375,7725981
2023-03-03,156.91550538681204,159.65240373658204,156.4593556618504,157.462890625,12962719
2023-03-06,157.73656431127964,161.93314721581046,157.55410721120967,161.29454040527344,12402804
2023-03-08,160.29099775559305,163.4384278221422,160.0629229113419,163.1647491455078,22099710
2023-03-09,162.75421051305915,166.22095108366096,162.38929631429448,163.71212768554688,18874546
2023-03-10,162.38927868095175,165.12617663624872,162.20682160138188,164.89810180664062,12399692
2023-03-13,165.39988542645006,165.62796027841136,163.71212595370275,163.94020080566406,13669178
2023-03-14,162.9822744440217,165.12618349968187,161.65944316142821,162.2980499267578,9217542
2023-03-15,163.7121364176565,163.80337193250617,162.16123010930755,162.57176208496094,8548173
2023-03-16,162.57175620586682,164.21389796968054,161.4313819144107,163.84898376464844,9405016
2023-03-17,165.7648191830206,165.7648191830206,160.47347920897826,161.431396484375,47276890
2023-03-20,161.9787641449789,161.9787641449789,159.60678009441207,160.564697265625,5627841
2023-03-21,161.34016244339946,161.97876927088905,159.9260955192966,161.5682373046875,12894327
2023-03-22,162.20684810332284,162.20684810332284,158.55765023337446,159.05941772460938,7893205
2023-03-23,158.78573856971678,160.42788053461015,158.4664281607758,159.28750610351562,5759884
2023-03-24,159.83487170460958,159.83487170460958,157.2348264479835,157.5541229248047,4977283
2023-03-27,157.50847571669485,158.6944676445729,155.72949478516938,156.23126220703125,12077986
2023-03-28,156.3225229854322,157.82781157382698,155.54706285166185,156.91551208496094,8750986
2023-03-29,157.50850241684793,160.01732603085878,156.64182067976128,158.7401123046875,20272070
2023-03-31,159.46995970222187,161.7050907536273,159.28750258139846,159.74365234375,8125121
2023-04-03,160.19979209966678,162.48054076896395,160.06293882715786,162.20684814453125,9098662
2023-04-05,162.6629919610462,162.6629919610462,159.78924038992184,160.4734649658203,10829323
2023-04-06,160.92961063576445,161.11208165454934,159.51555768427158,159.83485412597656,7159274
2023-04-10,160.42787465865416,162.389313040061,159.83487162385302,162.02439880371094,10968456
2023-04-11,162.48052978515625,163.9858182368997,161.06646292166698,162.48052978515625,9208605
2023-04-12,162.38928850385668,162.66298110005854,159.92608297920705,160.38223266601562,7591360
2023-04-13,160.56469351702074,160.65592902475268,157.18918853970018,157.8734130859375,9944382
2023-04-17,157.23482150369955,158.6944923245235,154.40668753743844,154.7259979248047,17401126
2023-04-18,155.09089340072197,155.77511793043104,154.17859402777657,155.18212890625,16199789
2023-04-19,153.95050924722761,155.04526563998024,152.17152836893177,152.44522094726562,16314641
2023-04-20,152.4452447315488,155.27336469401695,152.17155211051383,154.8172149658203,15498083
2023-04-21,154.77159720888366,155.04528982991863,153.63122288839207,154.8172149658203,6672391
2023-04-24,153.72244980733043,156.23127317213851,153.44875720159817,155.95758056640625,8088991
2023-04-25,156.27690902238436,157.32604789182668,155.4102272710295,156.09445190429688,9175412
2023-04-26,156.0944453860809,156.6418167174861,154.63476066116326,154.95407104492188,9032416
2023-04-27,155.09089891540756,156.32250868091066,153.9961424130627,155.95758056640625,9054900
2023-04-28,156.82427656784014,157.37166182939396,154.7259988799166,156.91551208496094,21552892
2023-05-02,157.50850390881158,160.5647128176083,157.41728231069845,160.19979858398438,8893428
2023-05-03,160.19979333825668,162.98229559984412,159.7436436008705,160.88401794433594,11194149
2023-05-04,160.97523953946202,161.88753901423436,159.46995097432176,160.88401794433594,4671155
2023-05-05,160.88401991350995,160.92962375133857,157.82781106738142,158.9681854248047,5958697
2023-05-08,159.46992478546295,161.9787479290768,159.1962322038612,161.52259826660156,6287186
2023-05-09,161.65945378104647,162.98228515053844,159.83485494848256,160.564697265625,7918748
2023-05-10,160.56468119128695,161.7962908482033,159.60676411597234,161.52259826660156,6231734
2023-05-11,162.02436384714372,164.213876634031,161.43136094028227,163.8033447265625,12125975
2023-05-12,163.39284757814522,163.5296869362174,159.1962642698462,159.60679626464844,8920297
2023-05-15,158.7401075651421,161.24893110424637,158.6032682130614,160.5190887451172,7980565
2023-05-16,161.3857752178673,162.38931023135146,160.1085614921471,161.88754272460938,7874923
2023-05-17,161.88752863511698,162.25245675398037,159.69801560427402,160.564697265625,6639494
2023-05-18,161.47701587245152,162.1156227556265,159.33310642116479,159.74365234375,6921939
2023-05-19,159.65242319339418,159.9717336080156,157.7822063090114,158.1015167236328,6657753
2023-05-22,158.10150223835902,161.52262527905955,157.96464896437982,158.8313446044922,13339834
2023-05-23,159.60679551264622,160.245402381617,157.64535714639612,158.876953125,8359389
2023-05-24,158.74011451549134,159.92610666093114,158.23834700158386,159.60679626464844,8507023
2023-05-25,159.60675992868457,160.15414507752737,158.19269322799278,159.19622802734375,7986243
2023-05-26,159.6523776778519,161.70505110513855,158.83131387517025,159.19622802734375,6926193
2023-05-29,159.6067843519711,162.2068433259658,159.46994500411233,160.83839416503906,9943211
2023-05-30,161.47699750534338,162.38929692627752,160.19978388426935,161.29454040527344,9727639
2023-05-31,161.47702483728787,161.47702483728787,156.86990919764338,158.60328674316406,41785992
2023-06-01,158.3752129749072,159.37873416257432,156.7786887066948,159.10504150390625,11602551
2023-06-02,160.4734629341032,160.4734629341032,158.192714376651,159.2418670654297,7262018
2023-06-05,160.38225093215937,160.74716515493333,158.32957710773906,158.8313446044922,12239684
2023-06-06,159.19623960440586,160.33661381360648,158.32955798953012,160.01730346679688,4889564
2023-06-07,160.5190828629856,162.38929948953825,160.01731538943474,161.7963104248047,6270083
2023-06-08,163.07353066161622,168.18241327435408,162.48054157289897,166.08412170410156,27382635
2023-06-09,167.8630822536363,168.09115709365483,164.7156522454973,166.76832580566406,10235269
2023-06-12,166.7683687255465,170.09825667857106,166.63151543396444,169.41403198242188,17450400
2023-06-13,169.68770038736824,170.28068947102554,168.77540092292003,169.09471130371094,8332566
2023-06-14,169.0946946944469,171.87719665123566,169.0946946944469,170.78244018554688,15061573
2023-06-15,170.59998654741983,170.87367914952713,169.09469811670562,170.3262939453125,9840499
2023-06-16,170.5087710490089,172.15091293377364,169.73332482605446,171.69476318359375,8562558
2023-06-19,171.69476834062257,171.69476834062257,168.95786975733768,169.55087280273438,5363723
2023-06-20,169.68770312499998,171.51230208333334,168.3648716643254,171.05615234375,6035600
2023-06-21,171.05615234375,172.15090893463292,170.14385286458332,171.05615234375,5906854
2023-06-22,171.0561271605453,171.46665908161395,167.2700904476252,168.31922912597656,6683123
2023-06-23,168.36485581794744,171.05613624407067,167.63501351918927,170.3262939453125,15255365
2023-06-26,170.9649223556477,170.9649223556477,168.27364158920213,168.68417358398438,7231775
2023-06-27,168.68418454684226,170.55440144526955,168.59296294239866,169.73333740234375,6787438
2023-06-28,169.73330738988253,173.88427247422098,169.04908283490093,172.5158233642578,32476741
2023-06-30,171.6035286182428,174.84218046331438,171.51229310686702,172.56143188476562,9579059
2023-07-03,173.3368901271446,175.7088741918551,172.15089809478937,174.47726440429688,7352149
2023-07-04,174.34042722034903,177.7159323384447,172.42459284275128,177.03170776367188,13258826
2023-07-05,176.98609067444954,177.67031525179922,175.48080217251413,176.43870544433594,6558910
2023-07-06,176.52993057037702,179.85981774933666,175.84570603328254,179.49490356445312,16276609
2023-07-07,179.49491466803735,180.407214107265,175.29833167935635,175.70887756347656,12652336
2023-07-10,175.7544823398829,176.39310308722892,173.15443727651547,174.75096130371094,10238356
2023-07-11,175.7544878320222,176.02818045792526,174.0667421600262,175.5264129638672,11236383
2023-07-12,176.75802260012162,177.6703220716061,173.56497444992587,174.06674194335938,9191559
2023-07-13,174.97904259940694,174.97904259940694,170.55438456451924,171.4210662841797,10612659
2023-07-14,171.46667828797558,171.83160641914446,168.5473228415488,171.01052856445312,12369394
2023-07-17,171.92284113671582,172.3789908950624,169.50525298571318,170.14385986328125,9058800
2023-07-18,170.60001637051775,172.56145484076774,169.96140946768656,170.91932678222656,7177677
2023-07-19,174.24920205370378,179.3580847502141,173.51935967983297,175.66326904296875,31761232
2023-07-20,175.8001020973193,177.21416903590554,175.0246559133484,175.98255920410156,8936996
2023-07-21,175.8913325543028,179.12999830877325,175.2527257386317,177.9896240234375,11031250
2023-07-24,178.35455292992907,179.7230021851459,176.0281864119433,178.71946716308594,9981788
2023-07-25,179.26687953685675,183.69153836592523,178.71949418377628,183.05291748046875,18028061
2023-07-26,183.82833541148548,184.42132447361126,182.4598862645017,183.91957092285156,13857423
2023-07-27,184.0564192317413,185.19679357642372,183.0072804028676,184.23887634277344,16013422
2023-07-28,184.1476507447128,191.99341771323233,182.0037414550781,191.5828857421875,39630520
2023-07-31,193.58994202707726,199.74796336296586,191.26357562718013,199.20059204101562,43494779
2023-08-01,200.29533701022885,206.77265442879795,199.6567302112973,205.40420532226562,63510580
2023-08-02,205.3129902453066,205.4042118362845,197.83213767647194,199.8848114013672,22647784
2023-08-03,199.88481966960097,203.99016728920913,198.8356669255722,200.797119140625,29868065
2023-08-04,202.25678578787247,202.7129355140159,198.51636638584745,198.83566284179688,12879897
2023-08-07,200.43218688329884,201.93748933192305,198.56197022199385,198.83566284179688,12929354
2023-08-08,200.97957239859744,201.0707939916003,195.23208305718936,198.4707489013672,15314866
2023-08-09,199.2918225864004,200.4321969590859,197.46722359010363,199.5198974609375,12554174
2023-08-10,199.9760345994962,201.48133702886784,197.51282889394273,198.33389282226562,10970619
2023-08-11,198.7964359755877,200.27654542161827,196.71504000700276,197.038818359375,7970536
2023-08-14,197.31634064492695,197.96388323430165,195.928743332537,197.038818359375,9283695
2023-08-16,196.99254294434726,201.61786686469057,196.15999028483284,201.15533447265625,9687712
2023-08-17,203.00545461455886,203.3292329200961,199.02767340469185,199.5827178955078,11865239
2023-08-18,199.62901062232615,200.4153073274754,197.316348344763,199.0277099609375,14101163
2023-08-21,200.92409581871937,203.098004005421,199.53649845240864,202.40420532226562,13336739
2023-08-22,202.82046229451308,205.64191282567475,202.45044201173113,205.0868682861328,16930149
2023-08-23,206.19694324984766,206.19694324984766,204.48558179776987,205.0868682861328,13507905
2023-08-24,205.36437116725278,205.73439141510076,203.19046339388478,204.30055236816406,11182959
2023-08-25,205.22562666277346,205.22562666277346,200.9240669754893,201.5716094970703,7413549
2023-08-28,201.57160613341483,202.86670527033365,200.92406362263947,202.31166076660156,4851793
2023-08-29,202.7741982713355,205.13311629874653,201.8953895476953,204.53182983398438,8799235
2023-08-30,205.36438667766444,205.36438667766444,203.28299086674215,203.88427734375,5490930
2023-08-31,205.0406075770788,205.0406075770788,202.35792529925894,203.79177856445312,18532999
2023-09-01,201.5253853482542,214.2912691208613,199.9527637943401,213.41246032714844,29859815
2023-09-04,216.187652965569,218.77783737276013,213.22744826393745,218.1302947998047,21895573
2023-09-05,219.14785574291196,219.14785574291196,214.337521380578,217.0202178955078,13952922
2023-09-06,217.85277640221298,218.17655475214335,211.28481019362047,214.5225372314453,14623019
2023-09-07,215.54010128289846,220.16542534476324,212.16362036388472,216.55767822265625,30334731
2023-09-08,218.3153006308533,225.34579900918098,217.3902357976717,222.246826171875,28856420
2023-09-11,225.34577210746755,225.62328023199788,220.30415807619906,224.88323974609375,22493483
2023-09-12,225.90082360486264,226.59462221182804,216.5576775002831,217.4827423095703,21174310
2023-09-13,218.40779789780927,220.58169163863244,215.67884553333175,219.3791046142578,9151928
2023-09-14,220.11917114257812,221.2755021678232,218.269041502186,220.11917114257812,7568464
2023-09-15,217.94527475931534,221.36801173131255,217.94527475931534,218.50030517578125,14098284
2023-09-18,219.2403712896138,224.0044496609407,218.3615624978137,223.12564086914062,11163399
2023-09-20,223.40314847360352,227.5659400600682,222.33932960321,223.63441467285156,18936709
2023-09-21,222.06181217447977,224.6982384340712,219.33287378702803,221.0442352294922,10134737
2023-09-22,220.72047174492693,221.36801429599038,218.3152975662696,220.11917114257812,7209300
2023-09-25,221.2292552904216,222.24683228104035,219.3791255732017,221.69178771972656,8027642
2023-09-26,221.78426995745772,224.97574046641017,221.13672746678685,222.20054626464844,10681642
2023-09-27,221.92304189043165,222.47808642162272,220.02667032549456,221.36801147460938,9679279
2023-09-28,221.64555465968874,223.1256500236122,217.99153702931469,219.28663635253906,32887087
2023-09-29,221.59926955608648,232.65379078836455,221.5530134942875,227.149658203125,35038887
2023-10-03,226.03960364031292,228.2134975868321,222.52435435774308,223.12564086914062,14885044
2023-10-04,222.9406266648238,222.9406266648238,214.15251067596145,217.52899169921875,25424437
2023-10-05,219.4716153090053,219.6103693774897,214.66128135818292,216.32640075683594,22472389
2023-10-06,216.69643026610407,219.70289087812046,216.14138573773818,217.89901733398438,8825123
2023-10-09,216.32640482088544,218.59281071270638,213.2274321564128,217.11270141601562,10659145
2023-10-10,217.29771353028937,219.1016011631293,216.23389466791014,218.2227783203125,11665907
2023-10-11,218.5465670025454,221.73803785633413,218.3153007940771,220.81297302246094,14313043
2023-10-12,221.04423625789238,224.55948540240445,220.72047203961287,223.49566650390625,13170027
2023-10-13,222.52435946859646,225.53082032537444,221.64555065661224,223.91195678710938,11880728
2023-10-16,224.65200081824042,226.64088456727498,222.94062522740109,225.20703125,6936948
2023-10-17,226.50212103113267,228.67601483332143,225.06826777372476,227.51968383789062,10084205
2023-10-18,227.47342387766747,228.30599064933432,223.495656613832,223.8656768798828,6987265
2023-10-19,222.2005974494051,223.680707010774,220.6279898625575,221.5530548095703,11485237
2023-10-20,221.04421203498558,224.0044163161004,219.74912707305018,222.9405975341797,9040953
2023-10-23,222.755606823734,222.84810483457954,217.39022815679056,218.82408142089844,7058625
2023-10-25,218.3152729462298,218.59279518406547,211.23853351594178,214.66127014160156,23949207
2023-10-26,213.55121920240788,215.81762518684042,210.68351261615024,214.291259765625,17410264
2023-10-27,214.61505713532816,220.58172292657682,214.61505713532816,218.870361328125,10519462
2023-10-30,219.65664422982704,220.53545300793346,213.36620047198912,217.0202178955078,8812268
2023-10-31,216.92770766981923,219.42537994571555,216.0488988839962,218.1302947998047,6583581
2023-11-01,218.96284713685048,218.96284713685048,214.70755729675378,215.1700897216797,6718059
2023-11-02,216.65018482273592,218.03778209630005,216.2339084637406,217.6215057373047,6057787
2023-11-03,217.90169992584364,219.72299287189608,217.90169992584364,218.8824005126953,6825146
2023-11-06,219.81638733174117,221.54427470602798,219.06918624344198,220.28338623046875,5338605
2023-11-07,220.70369994368107,223.73919302685235,219.67629658409095,223.36558532714844,7002346
2023-11-08,224.01940297398252,225.00008937183617,220.376802597394,221.07730102539062,9777991
2023-11-09,221.5442679087524,223.87926233074955,220.42347343652878,222.24476623535156,13987058
2023-11-10,222.15136783124052,227.19494991911426,220.23666961673632,226.7279510498047,9589671
2023-11-13,228.78276274466603,234.0598589691222,227.24167204512503,229.48326110839844,18792969
2023-11-15,232.51875181777143,232.51875181777143,229.7167583893548,230.9776611328125,10965645
2023-11-16,232.3786561465902,237.46894132063048,231.30455012255157,235.69435119628906,22145147
2023-11-17,236.30145726283774,236.3948627489876,234.43346155325008,234.99386596679688,5618928
2023-11-20,234.43346083128765,238.54304567905407,233.77966518528063,234.48016357421875,6283832
2023-11-21,235.92783525389248,236.11463195189742,230.9776443725517,233.4994354248047,6851869
2023-11-22,234.2466686980665,237.23545903239122,232.89237463660268,236.90855407714844,5275418
2023-11-23,237.23542932044387,238.8232226506001,235.0872316376797,236.06793212890625,8200025
2023-11-24,236.58166914139184,239.8973645117953,236.3014669231634,237.14205932617188,7149443
2023-11-28,238.0293702359137,241.25164588511421,236.90856135588942,240.5511474609375,6151585
2023-11-29,242.41912353395304,242.41912353395304,239.1968481469377,241.34503173828125,8637363
2023-11-30,240.92474948506083,244.38052432299864,239.10344233158511,244.05361938476562,21687673
2023-12-01,245.034353908434,257.2697320563001,244.47394946972378,251.19874572753906,29121320
2023-12-04,257.78340647705636,260.58540002572005,255.21491239078136,256.66259765625,20464526
2023-12-05,257.0362028419644,267.6370549406324,254.79458534648788,266.60968017578125,18883076
2023-12-06,268.9913624724992,269.2248619190899,260.5386939072556,262.5467834472656,13415314
2023-12-07,263.24729432987186,269.2248747467353,262.73357842088524,265.0685729980469,25133786
2023-12-08,267.5437038175435,272.6339751556373,262.4534039760964,266.236083984375,20815064
2023-12-11,267.1700273038319,269.45833304122283,265.628936818997,268.3375244140625,8071675
2023-12-12,268.4777469916134,269.55183903291015,262.3133542500798,264.6950378417969,8640883
2023-12-13,265.95586107729497,275.4359326020317,265.7223616382455,274.64202880859375,23629670
2023-12-14,278.0978854696138,278.7983839216783,274.2217997355278,275.9029846191406,24900443
2023-12-15,278.33134787367703,286.7373281785867,275.5293544387071,284.9627380371094,28843558
2023-12-18,285.80335407495204,286.3170415126342,281.8338630461333,283.18817138671875,13307504
2023-12-19,284.8693184354855,291.8743016757024,282.5343240220799,289.21240234375,15650536
2023-12-20,291.8742973600474,292.6682011495366,275.66943066994776,278.0044250488281,23497233
2023-12-21,276.2765508570427,283.1414407111922,273.84817926529644,282.0206604003906,17868637
2023-12-22,283.9353535272093,288.55865440210215,279.82576858472294,282.8145446777344,15207726
2023-12-26,286.2236836378282,290.19317493169365,284.49578172688626,289.165771484375,9917180
2023-12-27,291.0337108289595,291.64080367878177,283.5150116785454,285.8500061035156,12630732
2023-12-28,288.698737067715,294.6763175228165,287.4378342873115,293.1819152832031,37591916
2023-12-29,293.6022076153281,293.6022076153281,287.8114099824917,290.6134033203125,12682889
2024-01-01,291.40731168659204,292.6214974172792,287.4845095510092,289.3058166503906,8024960
2024-01-02,290.2864920501384,290.2864920501384,282.11401166017566,285.8033142089844,13506040
2024-01-03,286.9241100215502,287.671296793701,283.28149612310716,285.9901123046875,14259987
2024-01-04,290.3798875080192,300.5137685426042,288.2317041381139,296.1706848144531,40057506
2024-01-05,301.5879251136227,304.15641941445676,292.06116335436025,294.16265869140625,27456415
2024-01-08,295.5635986328125,297.3381886526034,291.9677016038406,295.5635986328125,10136462
2024-01-09,296.87122277127315,300.2336207370189,295.19000953672406,298.64581298828125,12229517
2024-01-10,298.552418691264,298.645824180576,287.6713490152226,292.6682434082031,14455000
2024-01-11,294.16260680290935,296.35747874286716,291.7342069188958,292.2478942871094,10316319
2024-01-12,294.3961773041344,294.48955430027615,289.25918836864787,292.01446533203125,12341629
2024-01-15,294.11592423527617,297.0113233395715,289.16574691429116,296.3575134277344,9706124
2024-01-16,296.3107948364454,296.3107948364454,289.67940491721345,290.9403076171875,10162832
2024-01-17,289.3058390055117,293.36873542345097,286.8307503611795,288.8855285644531,13502940
2024-01-18,288.55866536808657,290.7535376514102,276.977068494558,279.5455627441406,32481018
2024-01-19,283.74853154142625,289.025642124314,281.7871588859781,288.0916442871094,28651237
2024-01-23,292.7616602612138,294.48953361546353,280.47956477546325,282.6277770996094,21652362
2024-01-24,282.9546289524101,290.1931114941523,278.564828138659,288.4652099609375,23922028
2024-01-25,289.5393702451722,296.2641670199509,288.7921832716884,293.9758605957031,32525422
2024-01-29,296.8245121699274,304.24980664990795,295.2834213825785,303.1289978027344,24694773
2024-01-30,300.6071881858156,302.56858920485996,293.74229887083516,294.6296081542969,20918448
2024-01-31,297.5249978452452,298.8793061023622,291.96772784941544,296.5443115234375,20931224
2024-02-01,298.9260375361531,305.37064630249574,296.17076063921144,300.7473449707031,24020951
2024-02-02,302.61530890213817,311.6750996132038,301.774716522525,310.5542907714844,32346639
2024-02-05,315.69127724824244,318.53995932502903,311.0679764315795,313.91668701171875,19651482
2024-02-06,316.88748036035946,316.88748036035946,310.28565785285195,315.18988037109375,12024661
2024-02-07,318.67940596223247,318.67940596223247,310.8986863804681,311.88897705078125,8080437
2024-02-08,314.9541321328193,316.18017349275766,309.342570934003,312.0776062011719,17754869
2024-02-09,314.01096650153687,315.9443457614427,301.4203427872488,306.4188537597656,18304439
2024-02-12,307.5978020554142,308.1165340087502,296.61048767988507,298.1666259765625,11714289
2024-02-13,300.4300773446933,305.5229350265288,297.93082164922237,303.2594299316406,15426888
2024-02-14,302.64641937920993,310.61577427733926,300.2414811128302,309.3425598144531,14085723
2024-02-15,312.171916739591,321.508774958249,311.3702610460115,319.95263671875,21973316
2024-02-16,322.45186519031887,323.4421558272422,317.6419602183447,318.5379333496094,20307449
2024-02-19,321.03718668053347,322.45186291042563,318.3021517257409,319.4810485839844,8496898
2024-02-20,321.2258310065245,326.79021858247665,318.58508469847675,326.0357360839844,19340526
2024-02-21,327.2617869716911,328.2520488778162,315.66145272138294,316.9818115234375,17751633
2024-02-22,319.7168620253103,320.89575900917947,311.79468005004264,320.2355651855469,16083122
2024-02-23,320.65994770945133,320.65994770945133,315.8028983754788,318.5379333496094,9665454
2024-02-26,318.7737256312488,319.2452843969755,315.5199586350694,318.396484375,7711995
2024-02-27,316.9818115234375,318.77372909634465,315.0955764400272,316.9818115234375,8882923
2024-02-28,316.60453883628986,317.3590212820973,312.92635776341274,314.3410339355469,12977628
2024-02-29,314.341096591851,316.8875257219258,311.79469624344233,316.5102844238281,13149469
2024-03-01,316.51025362125716,324.76253213382597,315.9443773383484,323.96087646484375,13027254
2024-03-04,328.20486423537403,337.91896221013644,326.08285002695567,333.72210693359375,38075510
2024-03-05,334.71237696076054,339.4751373481601,333.4391626480236,337.871826171875,15918221
2024-03-06,339.0036185177219,339.0036185177219,325.37555826052153,331.93023681640625,13120921
2024-03-07,331.9773806006296,333.7692982054934,329.8082217286887,332.166015625,9172926
2024-03-11,332.21316998996457,333.061970061853,326.9788788952655,328.15777587890625,10664917
2024-03-12,328.2049333048178,329.5724653729209,323.0649307389582,325.1398010253906,9637912
2024-03-13,324.2909600055148,324.9039806277253,301.3260429914607,304.1553955078125,23722232
2024-03-14,302.78787760778266,308.3522941724707,298.49670427229967,303.5423889160156,20859127
2024-03-15,304.2968149978993,307.5034083135168,288.3581371318956,298.3080139160156,43285007
2024-03-18,299.06259684358344,304.53266741324495,297.03489975905364,299.1097412109375,13690352
2024-03-19,296.42183563560354,299.81706458548945,292.46075917878966,295.6202087402344,13388060
2024-03-20,298.0251393237172,299.39267125416524,290.7631228338602,295.8088073730469,10026655
2024-03-21,299.204023061899,307.78639795885636,298.96824368990383,306.51318359375,23370426
2024-03-22,306.04162541272734,308.6351985094454,302.8821760658476,306.27740478515625,14709219
2024-03-26,301.89188719976227,311.5116674650467,301.89188719976227,310.37994384765625,11208959
2024-03-27,313.11500368723387,315.095556153636,307.73922253295115,312.7377624511719,45209520
2024-03-28,313.0206999576888,320.6599576461804,311.5117061653743,316.6988525390625,19868037
2024-04-01,319.71683235834865,324.80966109975986,317.02894172820714,322.87628173828125,8580656
2024-04-02,323.48928972812627,325.9414008876454,321.36727543690677,325.1868896484375,9745257
2024-04-03,324.76254450171075,333.95794090876007,322.54621243188393,331.2700500488281,21679943
2024-04-04,334.8066898766054,342.0687056485648,332.59035814503386,334.4765930175781,28962927
2024-04-05,336.1270361326715,337.8246647243386,331.55291097914085,334.38226318359375,11208130
2024-04-08,335.37258916712807,345.18100542280996,333.1562572830809,342.8232116699219,11447140
2024-04-09,344.2378766627308,346.0297940999854,339.85238618212685,342.25732421875,10010148
2024-04-10,343.38909020373274,347.39733961021847,340.7955170583596,341.8800964355469,12886638
2024-04-12,341.88009814385634,353.19750828930813,340.4654218756749,341.1727600097656,30924494
2024-04-15,335.27829458661336,345.18102902588043,332.73186564670766,340.6069030761719,18126999
2024-04-16,340.46542759777856,341.3614007620168,334.42948117509235,338.8149719238281,15328939
2024-04-18,339.097870589973,340.70118178160953,329.33662792273503,331.1756896972656,22966560
2024-04-19,323.58359468980717,332.3545752409186,323.489277190854,330.60980224609375,12867942
2024-04-22,334.80674825631957,334.80674825631957,322.451901930528,323.39501953125,37382916
2024-04-23,326.31864940967847,328.8179049855301,324.4324144419925,327.4032287597656,14651106
2024-04-24,329.9024742662656,333.0619234970386,327.54468062862315,331.6472473144531,11132307
2024-04-25,331.0342769653634,340.0882116643388,329.2423592851318,338.7678527832031,19865014
2024-04-26,340.1825114046537,340.84267641989294,334.80672986319894,335.7498474121094,10986589
2024-04-29,339.23937780128347,342.96467467418233,336.6458046645203,342.3516540527344,13652173
2024-04-30,344.19073880736045,344.6622975514277,338.86210197407104,342.540283203125,14566548
2024-05-02,342.5402808744374,351.4055794463008,342.5402808744374,348.0574951171875,27892188
2024-05-03,351.12265642850053,358.76191442851706,339.852418844163,344.1907653808594,26844664
2024-05-06,346.8786266437853,347.8689173496087,334.240857111112,336.50433349609375,15319437
2024-05-07,337.8718652835294,338.0605003078675,327.1203308745244,329.28948974609375,10028071
2024-05-08,325.56418537965993,338.10763711273927,325.56418537965993,335.23114013671875,9595776
2024-05-09,336.2213726058406,337.63604878791284,325.2340600147448,326.36578369140625,9043486
2024-05-10,327.8747814103867,336.07991488004933,327.7804639074223,335.27825927734375,11699095
2024-05-13,335.27825696009955,335.74981569000124,326.7901998218692,330.9399108886719,10691781
2024-05-14,330.6098811105706,336.9287808861832,330.3741016977741,335.5612487792969,10891985
2024-05-15,337.1644937126696,342.82319850225286,336.3628381111464,340.7955017089844,8538183
2024-05-16,343.15333850455954,343.15333850455954,332.96765133400567,340.8898620605469,13114162
2024-05-17,341.83290979063537,345.6525237105165,339.852357513725,344.6622619628906,8509179
2024-05-21,346.12413402270244,352.8202742519538,344.56799585222996,350.8397216796875,10939593
2024-05-22,353.66905199269536,355.8853838081818,349.5193408723133,352.58447265625,14001806
2024-05-23,353.7161926496941,354.2349245228482,348.48190224767745,351.12261962890625,15370357
2024-05-24,351.7828270890928,356.639876452087,347.72743335649454,353.6219177246094,13317821
2024-05-27,358.33754157927126,358.85624474363294,347.0672748111877,348.6234130859375,21891930
2024-05-28,351.40556949343096,352.018590082856,343.38907112583746,344.6151123046875,10200096
2024-05-29,340.9370169009291,345.5111430776481,339.52234048225307,343.8606872558594,18146672
2024-05-30,343.29477366342434,344.04925615881086,336.83441296315107,339.2393798828125,14425073
2024-05-31,342.7760776344811,345.7940364601038,335.27828176174324,338.5791931152344,30515612
2024-06-03,363.1002102114405,370.8337846428936,352.20721541776123,369.5133972167969,39261174
2024-06-04,369.6077933297517,369.6077933297517,296.0917913623126,312.40771484375,84042244
2024-06-05,320.6599708176778,322.78198533044184,297.3649555426692,321.60308837890625,46418629
2024-06-06,328.01625603614235,339.286521709843,325.37553854036366,329.8553466796875,33171039
2024-06-07,331.9773492885706,341.40852398426864,327.9219556820849,340.0881652832031,23930193
2024-06-10,344.2379027155794,349.04780793451334,341.21991506951724,344.1435852050781,16072588
2024-06-11,347.7745570777151,350.79254440773155,344.1435491661309,346.5013427734375,11235777
2024-06-12,348.529079199092,352.72596381057303,344.61514712169776,350.1795349121094,12134524
2024-06-13,354.98943234903857,354.98943234903857,347.020106493726,348.9063415527344,11243702
2024-06-14,348.95348937372086,349.7551450380742,345.2753367285467,347.4916687011719,10298434
2024-06-18,350.6511101579851,351.0755245882191,347.7274686400706,348.6234130859375,10228382
2024-06-19,348.76484272696337,349.80227774144504,340.984123290844,341.8800964355469,8337334
2024-06-20,341.8800948847965,344.1435711359772,336.7400929800706,337.30596923828125,14338604
2024-06-21,339.4751698554742,342.3045224739724,336.45718221641084,339.33367919921875,17931844
2024-06-24,337.2588258453874,343.90779274890775,335.3254176894142,342.1158752441406,9335598
2024-06-25,343.5305993369774,343.95501378636766,337.4003346954116,340.3240051269531,14983828
2024-06-26,342.3516851505414,346.0298379949994,339.19223546788805,344.2850646972656,15918394
2024-06-27,344.28504926072765,359.42210316967356,343.3891048594484,355.69677734375,55378829
2024-06-28,356.4512804744375,367.3442763873802,355.2723835669042,356.8285217285156,25141039
2024-07-01,360.0350914388351,360.27087080454487,346.878591319565,348.7176818847656,23389211
2024-07-02,351.40561972198105,351.40561972198105,344.3793821651818,349.33074951171875,13702830
2024-07-03,349.4722061239806,352.961752666347,347.68028848668337,351.4527587890625,9207317
2024-07-04,352.6316622176649,359.18634100077554,350.6039651493279,351.7357177734375,14916930
2024-07-05,353.0560413066604,359.5635462897357,349.8965919304707,358.1960144042969,15946104
2024-07-08,359.18633029194734,359.5635715615152,354.75366622494965,355.979736328125,8898299
2024-07-09,357.6302038838944,358.6204658469399,353.71624283551233,355.60247802734375,8355819
2024-07-10,357.2529057766154,361.96849338603045,348.9534830967101,359.70501708984375,17715196
2024-07-11,360.6481391010833,361.49693912501135,353.2918338514895,355.6496276855469,19873143
2024-07-12,357.3944061985366,357.81879182598567,350.8397277296321,355.69677734375,16151583
2024-07-15,357.0643199567442,366.82559262267625,355.4610085652071,363.7132873535156,22951140
2024-07-16,364.6563315199683,366.63688378678813,358.3846066597543,358.80902099609375,11893034
2024-07-18,361.11971456127293,361.11971456127293,352.914608908456,356.2626647949219,15709153
2024-07-19,356.2626519696329,356.49843135545,342.2573506957647,343.9078063964844,13330099
2024-07-22,344.0021162122448,355.79108523939504,341.7386399153645,352.25439453125,18715538
2024-07-23,355.2723866778607,363.71327134071447,340.98413300811103,360.6953125,49882257
2024-07-24,362.25144541100974,372.5314206289964,359.9879691179509,370.2679443359375,36868466
2024-07-25,368.71181260155487,373.7574683991571,364.2791486650048,369.8435363769531,25973101
2024-07-26,372.4842607147642,376.77543374158455,367.53289393843556,373.7574462890625,20381410
2024-07-29,381.0194808137866,385.0748746662187,370.31509112865086,371.4939880371094,27751449
2024-07-30,374.41766568393496,389.2246226657131,374.41766568393496,383.80169677734375,34447139
2024-07-31,386.20661973953247,393.65724230051944,385.3106465937722,392.3368835449219,29727771
2024-08-01,396.0150139076682,400.2118980983625,391.959620360663,399.36309814453125,28803487
2024-08-02,392.5727097456287,402.05103032411813,389.8376744010313,395.82647705078125,24233263
2024-08-05,384.4618527615906,392.0067929508299,381.6325001906259,389.7433166503906,42489503
2024-08-06,389.74331266104457,400.77779908752495,389.74331266104457,391.3937683105469,18230579
2024-08-07,400.18646248111804,400.18646248111804,394.48309246951067,395.71881103515625,15556736
2024-08-08,395.766359031384,396.38421831812144,385.7379159587989,387.54400634765625,16447385
2024-08-09,393.34243874585275,395.766388602562,388.01931617729446,390.3481750488281,10954753
2024-08-12,389.73031856057224,389.73031856057224,380.3197630117318,381.0326843261719,26254763
2024-08-13,383.07635664187103,384.5021991603892,375.47186320977437,376.612548828125,11355664
2024-08-14,379.17907834289656,380.22470207537236,374.1886291281573,376.7551574707031,9424614
2024-08-16,378.3710632324219,381.12771529773863,373.8558952749522,378.3710632324219,13844122
2024-08-19,382.4109504905436,387.35388280720224,381.6029962733553,383.1714172363281,10677045
2024-08-20,384.54971348285216,388.01928679884855,383.1714164613233,386.1656799316406,10126083
2024-08-21,387.3538822208826,389.4451295075744,385.16760197384684,388.7322082519531,9726854
2024-08-22,389.5401630188982,389.7778034377748,382.36343397236266,383.4090576171875,10445288
2024-08-23,383.4090275097527,385.8329479884176,379.79687602117156,382.0782470703125,11513586
2024-08-26,382.5535266090836,395.38610817840873,382.0782458102197,394.3404846191406,13772637
2024-08-27,394.95837458899234,395.6237793627144,388.87478569191666,389.3975830078125,8441188
2024-08-28,389.77783225359263,393.9127816495045,387.21133294529176,388.8272705078125,15884745
2024-08-29,388.82724016604055,392.2017515055384,383.7892749100759,389.6352233886719,19014705
2024-08-30,392.29681344649856,398.4754643114834,391.15612783711913,395.623779296875,22633988
2024-09-02,397.14465508496437,398.3804026642633,387.5440054017687,389.73028564453125,11107165
2024-09-03,390.2055975426741,391.2036757745082,385.54785077937777,386.30828857421875,7538160
2024-09-04,380.22466993970386,388.06680375721027,380.12960797045093,385.0725402832031,11052003
2024-09-05,385.3102113566716,388.2094130920823,381.98324523001025,383.31402587890625,14246871
2024-09-06,383.3140272220206,384.64480787557966,373.2856123229109,375.2817687988281,17956121
2024-09-09,371.8597411215917,373.33310012325234,366.25140399796385,370.57647705078125,12293356
2024-09-10,370.8141155809618,379.6543275635485,370.48141319261924,376.70758056640625,15852309
2024-09-11,379.2741412921988,379.55929821594907,368.3426810795164,370.3863830566406,11492592
2024-09-12,371.6696149026185,386.1656804454956,371.3369125146205,384.83489990234375,24028069
2024-09-13,384.8348998208472,387.1637585186597,379.6068106097692,381.5554504394531,12017217
2024-09-16,382.55355675726526,391.6314091274356,382.1257924010415,390.7759094238281,11479712
2024-09-17,391.48882901518476,397.00207508953594,389.8253460951326,395.71881103515625,14432501
2024-09-18,397.81005892991215,398.9982610175164,392.5819697444533,393.67510986328125,10303840
2024-09-19,403.0381781045975,410.5000935717459,399.7587284952567,402.99066162109375,59601773
2024-09-20,406.8879415513522,408.5989700901204,395.9564815320058,402.99066162109375,36084164
2024-09-23,406.3651124847207,409.2167974846135,403.98870831814344,407.173095703125,14139629
2024-09-24,410.1198427075273,410.1198427075273,405.8898316871116,406.9354553222656,12539885
2024-09-25,406.93542423932496,415.39541662511704,404.60653673022574,414.5399169921875,19443168
2024-09-26,416.2984926026924,416.2984926026924,409.2643130777903,413.1141052246094,20041825
2024-09-27,414.44491528176303,420.6235665416976,412.068510951019,415.3004150390625,53885913
2024-09-30,415.3004146343217,426.27942003696455,412.1635725243334,421.2889709472656,20903229
2024-10-01,423.95050161231416,425.61398452222795,417.10644603656147,418.3421936035156,15984996
2024-10-03,410.6426692726652,420.6235674841536,410.6426692726652,413.8270568847656,13563784
2024-10-04,411.4981396838071,417.62927403712814,405.224426882259,409.1692810058594,18347292
2024-10-07,409.3118616803518,411.59320389091215,388.8272402476825,394.9108581542969,23431004
2024-10-08,393.5325613378291,406.5552688117241,390.9660330299151,400.13897705078125,18706355
2024-10-09,403.46591274904824,403.75106964673415,396.38421669850067,397.7625427246094,13916492
2024-10-10,399.9013058607012,408.6464558125779,399.71118192331346,401.80242919921875,15866037
2024-10-11,402.9906307094901,405.55712980751457,398.85568165235975,401.6123046875,8639087
2024-10-14,403.60845917809723,404.9392396097891,399.23587003782023,403.5133972167969,8483177
2024-10-15,405.5571295169343,406.07995583920837,402.6103825467895,405.5096130371094,9365964
2024-10-16,404.27386550064836,408.17117413836075,400.4241023516051,403.2757873535156,6219440
2024-10-17,402.7054454997017,404.5590523588446,396.00399733296655,397.0971374511719,11968387
2024-10-18,397.0495905335017,404.8917237060472,393.9602653443172,403.941162109375,8828971
2024-10-21,404.9867866429599,407.5533147475299,398.38040046226894,403.98870849609375,9139781
2024-10-22,401.94500806480335,405.22442842184404,393.0097341662697,395.1960144042969,14242323
2024-10-23,393.5325629220458,394.2454842316872,381.84066504746403,388.1143493652344,22522821
2024-10-24,389.01733348823035,394.72070306899855,386.68844597254827,391.53631591796875,9400171
2024-10-25,382.6010744651104,387.35388284355895,372.23995800186054,379.1790466308594,19642277
2024-10-28,379.17904587902217,386.40332040170773,378.1334222360687,383.9318542480469,11716022
2024-10-29,388.7797233551699,393.8176886068476,384.4546793565885,391.77398681640625,20284308
2024-10-30,393.67511100921155,394.29297029479625,385.737915239143,388.304443359375,12264297
2024-10-31,391.1737068199442,392.7517856187659,385.91342469889355,390.3607482910156,12204072
2024-11-01,394.0429284796623,397.34257147322825,392.46484977348683,393.4212646484375,2145479
2024-11-04,395.81229414963013,396.24266332252125,376.54054063110146,383.47454833984375,13866505
2024-11-05,382.5659915173096,386.4872987678558,379.84020299025497,385.5308837890625,6665326
2024-11-06,388.97393825143854,392.8952158578553,385.57864795964673,391.0780334472656,9700643
2024-11-07,392.9908688773398,392.9908688773398,384.4787822715085,386.2003173828125,7589295
2024-11-08,385.57864105152134,386.58289415679076,378.30988235192615,380.318359375,7536509
2024-11-11,380.7965723881851,383.4267132650421,374.72333216231317,375.4406433105469,12243693
2024-11-12,376.01454784592096,377.59262674345865,362.5290906363398,363.724609375,10549517
2024-11-13,367.2633451282351,370.7064448263059,362.8160213958165,364.7288513183594,20602407
2024-11-14,363.48544670313396,368.41100645791363,355.1646551434126,356.2645263671875,15086601
2024-11-18,363.4376207241895,363.4376207241895,346.8438182562635,350.7173156738281,16383636
2024-11-19,351.9606432276362,362.00299853712033,349.1392079180815,350.7173156738281,17055094
2024-11-21,347.8481480461919,348.469811960255,339.3360311748973,340.627197265625,21276150
2024-11-22,341.4879119448087,351.0998987399622,340.1967752418841,349.5218200683594,15949254
2024-11-25,357.69919127588247,360.7597307906633,351.48249410130165,352.34326171875,18388844
2024-11-26,353.873490396688,354.2560504947591,344.5484457173158,345.8874206542969,11222231
2024-11-27,347.94375813602824,355.40381249437525,345.60055894692357,353.20404052734375,14225274
2024-11-28,353.5866172182708,355.64290351471845,343.92682042598375,346.27001953125,16837860
2024-11-29,347.41767185576,349.4739578131466,344.5006184263816,347.80023193359375,14280017
2024-12-02,347.80027329354465,348.03937701905755,341.4401200323953,342.58782958984375,12510350
2024-12-03,343.35297421175454,353.8735388811955,342.5878539107826,351.4346923828125,14205760
2024-12-04,352.86929708143595,358.79905208425583,351.9606912307176,356.503662109375,22035954
2024-12-05,356.5036462781575,357.6513558083652,348.5175761980818,353.060546875,18758283
2024-12-06,353.3474851209766,355.0212111421716,352.00848095404825,353.3952941894531,9736086
2024-12-09,354.73426543105546,357.0296552555859,351.7215644621427,353.73004150390625,10878679
2024-12-10,352.9170904805905,355.02121489014945,350.4304059567842,353.060546875,7913822
2024-12-11,353.15619693865693,354.5908192688072,348.8045208788542,349.56964111328125,9998662
2024-12-12,350.0478755226114,351.0042904830557,337.61448103683557,340.1011657714844,22538216
2024-12-13,340.2446125771388,342.6834589824658,332.880205914537,341.5835876464844,14269143
2024-12-16,341.583561990009,343.2572879978436,336.3711185066604,337.518798828125,12168143
2024-12-17,336.6580752898099,338.4274488525484,332.1151041033707,333.8366394042969,15646176
2024-12-18,334.31479081489147,335.7016039878326,325.1810408998948,326.8547668457031,14672392
2024-12-19,322.3118063503156,325.7549056681087,320.4467857068336,322.6943664550781,14513129
2024-12-20,323.07695709113017,328.91109409935586,316.57334713317,318.72528076171875,20375797
2024-12-23,321.2597520816882,323.50733288527266,316.09511757156724,319.1078186035156,8884187
2024-12-24,320.4946476131742,322.1683737340559,317.2906517728502,320.6859130859375,7755462
2024-12-26,320.68590334762325,322.694380469183,317.7688495862276,320.0642395019531,9030212
2024-12-27,321.97709620873263,325.1810922195662,319.6338970272788,320.3990173339844,9090597
2024-12-30,320.39900168657044,322.1205368863173,313.1302423779787,316.9559020996094,36657549
2024-12-31,315.71257432810154,320.01644151443213,311.9825619374418,318.8209228515625,8580998
2025-01-01,318.4861547695367,320.06423348270346,314.4692006019617,319.1078186035156,7843971
2025-01-02,319.10783868790577,323.84210431284254,315.6169299966485,323.26824951171875,16543382
2025-01-03,323.31609409892656,329.48498281057147,322.35967905448365,325.03765869140625,8689629
2025-01-06,326.8069630201821,326.8069630201821,312.2216366870997,313.2258605957031,10538077
2025-01-07,312.747653996052,315.95164956102747,310.9304716298982,314.2779235839844,13891401
2025-01-08,316.0951291262153,316.0951291262153,307.8221459563206,311.2174072265625,8993608
2025-01-09,309.92626061553796,311.74347241591255,305.8614969764862,306.3875427246094,12403467
2025-01-10,306.38753772130883,307.0092016066948,294.1932470032859,294.8149108886719,15941143
2025-01-13,287.97653933549753,296.440817246911,283.91177591016867,285.20294189453125,29630336
2025-01-14,287.35487436210485,299.0709571310088,287.11577063212724,296.8711853027344,22732888
2025-01-15,298.92743481431563,310.16530874248485,298.92743481431563,307.3439025878906,21894626
2025-01-16,310.54792907295,313.03458445791597,307.6308461214071,311.31304931640625,14865186
2025-01-17,311.12176437417355,314.6605112824279,309.2567727772292,311.9347229003906,7129232
2025-01-20,311.9825649552023,322.3118346273223,310.40445695497573,321.4032287597656,17991880
2025-01-21,323.07691376030164,323.5073121032738,309.6871063118291,310.1653137207031,12774630
2025-01-22,312.7476277646735,312.7476277646735,303.51823113143473,308.3481140136719,11068145
2025-01-23,307.00920732274795,310.93051456218336,305.6223939324396,309.543701171875,6477347
2025-01-24,310.6435725568771,315.5212947723958,308.06126963393336,309.543701171875,7492600
2025-01-27,309.543705609439,310.8826807576572,301.27072178521195,308.15692138671875,13803855
2025-01-28,308.44379146363167,309.7349573584143,294.7192324245786,304.3790283203125,22008929
2025-01-29,306.0528027723735,308.82640046000427,299.64481053933906,307.2483215332031,16056888
2025-01-30,308.2047163783212,312.55639270805517,307.15265410012586,308.9220275878906,10375720
2025-01-31,310.801598331615,314.46431265936957,306.07858588906396,312.29559326171875,13195557
2025-02-01,314.27150975849037,318.84991714153466,305.3074818061641,306.2231750488281,10097627
2025-02-03,298.89774432703854,302.7050342137615,293.0180989583333,300.0061950683594,15881217
2025-02-04,303.47616157489125,308.8738694489452,299.090511058098,307.5726318359375,12141064
2025-02-05,309.40398502652573,311.3799177131309,306.89790325231695,308.0545654296875,12226722
2025-02-06,310.94614725317695,311.0425406567778,300.15073318288887,301.5001525878906,13384442
2025-02-07,302.17489325347316,307.7171759845975,300.8254737758793,305.5002746582031,8937447
2025-02-10,305.06651564151196,305.403877860952,297.83745128981735,299.28326416015625,6806132
2025-02-11,301.06642993195703,301.06642993195703,293.1626413860039,294.5602722167969,13241830
2025-02-12,295.1386160988041,296.3916421695631,289.1625777264031,295.1867980957031,7616083
2025-02-13,295.09042587153056,297.45193219188593,292.1506178863165,295.6205749511719,9086906
2025-02-14,295.76512812759324,297.1145476026962,287.57218845322853,289.49993896484375,7446248
2025-02-17,286.7529327810865,292.24703435168885,282.2227066147903,291.427734375,6464173
2025-02-18,290.27104331165907,301.114640533775,286.7529043181783,299.9580078125,15793327
2025-02-19,299.958020274916,304.92197243758386,299.37968918268047,303.4279479980469,13079903
2025-02-20,301.2592178844723,315.3318033640376,300.24716056995555,313.404052734375,22888146
2025-02-21,311.62085073319656,317.837857745525,309.93406907723096,314.46429443359375,10809296
2025-02-24,310.4642189752304,313.64499548363744,307.90995548634135,308.5364685058594,6034113
2025-02-25,308.5364616518836,309.88588106743913,304.34359859111635,307.1870422363281,10686112
2025-02-27,303.95807843946125,307.7653681840605,303.1387785603244,304.2954406738281,7302366
2025-02-28,302.65684486370907,304.2472332291687,295.4759620969059,300.198974609375,21127180
2025-03-03,300.0543393815916,306.3195282105659,296.5844121776538,303.0423583984375,9779703
2025-03-04,300.0543568823976,303.5243137038591,296.8735802882221,302.4158630371094,8734999
2025-03-05,302.22306216506746,315.47634638306437,302.17488017032963,314.4161071777344,10493615
2025-03-06,317.11496682669656,326.5609327959042,311.5245019739229,325.6934509277344,26294903
2025-03-07,323.7175123611259,326.5127447356134,316.8258101264868,317.64508056640625,8992315
2025-03-10,317.54869969083074,322.8500133456684,314.5124692473141,317.50048828125,11383132
2025-03-11,315.1872044215842,321.2114246895809,312.0064278861372,318.36798095703125,10299324
2025-03-12,319.04268846788625,322.70540243046605,314.60885670282795,318.223388671875,6984859
2025-03-13,320.00661070152825,322.4644810357397,316.5848650338785,319.91021728515625,8965150
2025-03-17,320.9223060788183,322.416301089109,318.56079973079386,319.66925048828125,4353561
2025-03-19,326.7537405717848,331.4767238592632,324.19947680137574,328.97064208984375,30582397
2025-03-20,332.2478015879448,332.2478015879448,328.00672706884234,329.40435791015625,15002119
2025-03-21,329.6453169284912,341.06724388053203,329.40434812956687,338.6093444824219,36406837
2025-03-24,344.10346036640385,354.70608799674125,340.874472432319,353.69403076171875,24588471
2025-03-25,355.66996323586284,358.0314693377659,350.9951624430956,353.69403076171875,23189083
2025-03-26,353.69403150382516,355.669963982115,340.5371109300999,341.8383483886719,18668095
2025-03-27,341.1154843795667,351.28438708734166,338.3202517156566,347.62164306640625,37930538
2025-03-28,348.92286929746507,351.1397707893761,343.57337298451324,344.68182373046875,11327077
2025-04-01,339.62143671073017,349.79030842766747,338.17562389324314,339.42864990234375,18736320
2025-04-02,339.4286961095896,340.6817517044088,334.5129259779107,339.04315185546875,13593404
2025-04-03,339.04308252628414,348.2962898087492,339.04308252628414,345.9347839355469,10317410
2025-04-04,345.886639967418,345.886639967418,335.958707225485,337.74188232421875,10872963
2025-04-07,316.1510754524026,338.7057499522599,312.29557453225135,337.1635437011719,18025165
2025-04-08,343.95890636745287,345.30832590316726,337.3563546855786,340.1997985839844,17506712
2025-04-09,341.2118728795044,341.98296139114177,335.6214076322809,336.7298583984375,7462119
2025-04-11,338.3202208316663,348.4409111984255,338.3202208316663,347.09149169921875,11246077
2025-04-15,353.74219297211744,355.1398237567266,348.48906144666773,349.4047546386719,17497327
2025-04-16,349.4047861722496,349.88672380834925,344.970954037105,346.32037353515625,11541484
2025-04-17,346.27217856606285,352.2482167958886,344.3444280938788,350.8505859375,12288196
2025-04-21,352.58558145868125,354.8989057664617,348.7300801659012,351.3807373046875,7375594
2025-04-22,353.79042439345767,353.79042439345767,346.7059643245008,347.236083984375,12077119
2025-04-23,349.83853596092564,351.09156202777655,344.97094826862974,350.6578063964844,9719205
2025-04-24,350.6096179059867,353.21209281526154,348.5372920268208,350.0794982910156,7491123
2025-04-25,350.0795225670266,352.5855748280934,338.4166254926667,343.5733642578125,9785640
2025-04-28,340.92270245913153,349.79033749417647,340.92270245913153,348.44091796875,5315840
2025-04-29,350.8506069060777,351.1879691418999,341.3082473814952,344.0552978515625,9472828
2025-04-30,344.1034493859214,347.9589502193771,339.2840733441018,341.741943359375,16739088
2025-05-02,341.74194852398716,345.0673298091527,335.04303337370203,336.1033020019531,8221620
2025-05-05,338.3202222723164,339.2840975494455,333.06709024590714,336.0069274902344,9492646
2025-05-06,336.3924586579658,336.8743962778196,327.717581500597,329.4525451660156,8904223
2025-05-07,325.7898290319651,331.2839296308078,324.82595379814273,329.6935119628906,8465490
2025-05-08,328.7296475949423,330.7056095386746,326.1753840239116,327.71759033203125,14286109
2025-05-09,322.12707649559184,326.51269652044,318.6571201845987,322.6571960449219,11322011
2025-05-12,328.1031024359485,336.5852215926886,325.8862013079557,335.95867919921875,7978210
2025-05-13,336.0069111307284,337.16354375788575,328.19951588308135,329.16339111328125,14738980
2025-05-14,330.07908320594566,331.4285026405291,325.5488578736256,326.3199462890625,22485535
2025-05-15,327.2356314376291,331.3321010506186,320.63308041366577,329.5971374511719,43307763
2025-05-16,330.60920351790907,335.04303545394646,329.6453282889939,330.7055969238281,6920351
2025-05-19,330.7055861657448,335.1394179575466,330.03086176139846,332.6815185546875,6218209
2025-05-20,334.36831509882245,337.0671834217282,329.21157667831176,330.2236633300781,9986143
2025-05-21,330.1754896316336,334.85029096577495,327.57304383370695,333.64544677734375,5930972
2025-05-22,333.6454242078947,334.4647240836346,326.03081533512795,329.0670166015625,8717514
2025-05-23,329.64534660520286,332.4887904545491,327.862171449603,332.15142822265625,4045937
2025-05-26,338.3202517313728,338.5130385696411,330.17549316437567,331.0911865234375,16655082
2025-05-27,331.5730780415313,332.05501565496377,324.6331646420489,326.3199462890625,24937330
2025-05-28,326.3681760793114,328.3923200527474,324.9223631575913,327.7657775878906,10985957
2025-05-29,328.68145269604605,329.88629673085563,325.8380090078405,327.091064453125,15884093
2025-05-30,325.3078777212993,328.44047209935627,320.825863955722,321.8379211425781,19143010
2025-06-02,321.83791951624323,322.7054013027558,318.3679629550567,320.53668212890625,29479727
2025-06-03,320.9704668868705,322.65724861975946,315.1872152312512,316.3920593261719,14081719
2025-06-04,317.1149577008293,318.0306509556864,313.1148812906702,317.3559265136719,15654279
2025-06-05,317.307767483912,319.62106237160947,315.7655610870669,316.7776184082031,16270360
2025-06-06,317.74148451257656,321.45241027433366,317.1631534536428,320.8258972167969,11402511
2025-06-09,321.8379203864691,325.3560589505327,320.72946979986494,324.9223327636719,19416373
2025-06-10,326.5609290462194,328.5850729921332,324.63317851013755,326.9465026855469,12061248
2025-06-11,328.6814628326865,330.22366912783235,325.2597174343547,325.88623046875,10807496
2025-06-12,325.9343991915783,329.3079624556952,320.6330854908232,321.6451721191406,11881618
2025-06-13,314.9944534606377,320.8740989944702,314.80169603920433,319.95843505859375,11711773
2025-06-16,320.00657248194324,322.5608359274614,318.65715305932395,321.6451721191406,8065112
2025-06-17,321.93434132380366,324.7295737337071,321.06685946074936,323.09100341796875,6796992
2025-06-18,323.0909886526616,323.76568366414176,318.8017321158864,320.3921203613281,17835507
2025-06-19,320.3921268782895,321.1150333150253,316.6812012866846,318.12701416015625,11610604
2025-06-20,318.0788402301054,323.8620918706528,317.78968941413365,323.09100341796875,16592862
2025-06-23,321.6451991321458,323.57294973068394,318.41621099656646,320.5849304199219,8277787
2025-06-24,319.0427274750314,319.71745195780204,309.74133662049434,318.0306701660156,100814893
2025-06-25,319.52464535364925,321.6451826695628,317.50050144575687,318.89813232421875,17963666
2025-06-26,320.3921127882183,325.5970330207888,319.3318441779395,324.97052001953125,13754087
2025-06-27,326.70552192562155,328.9706051906053,322.3680833779949,326.0789794921875,50845169
2025-06-30,323.62108810704717,325.06690086106227,321.5969443683989,322.8017883300781,11858890
2025-07-01,323.139194079957,323.139194079957,320.1511747691949,320.5849304199219,8903292
2025-07-02,320.6330907344818,323.524716436729,319.33185328544306,321.693359375,11326880
2025-07-03,322.5126647949219,324.19944648379163,319.0427080090765,322.5126647949219,15786429
2025-07-04,323.5729748291448,323.8621256752981,320.247593022672,323.38018798828125,5899185
2025-07-07,323.38016648697067,326.75373007178257,321.6933846945647,325.2597351074219,9454556
2025-07-08,325.9825955662361,331.47666640816885,324.82593359154714,330.8019714355469,12092302
2025-07-09,330.8501831542614,333.1152958993795,330.41642752099716,331.5730895996094,9079872
2025-07-10,331.57310463457827,332.5369799387486,328.87426554895745,329.115234375,6426072
2025-07-11,328.1995309892771,331.5730944502535,327.2356557147124,330.320068359375,17234194
2025-07-14,330.6573935770453,332.536962085322,327.6694038266501,329.7417297363281,11516965
2025-07-15,330.7537753252116,331.6694685487861,328.6332674937225,329.64532470703125,8450777
2025-07-16,329.6453459202335,331.3803096590212,328.4886838176156,330.0791015625,6001484
2025-07-17,331.7658748818231,332.0550256925682,329.6453375525641,330.2718505859375,7562006
2025-07-18,330.60921158047955,331.476693424631,328.34409885426203,329.7417297363281,6370338
2025-07-21,329.7417579700267,330.41645305540845,327.0428893830773,329.21160888671875,4463318
2025-07-22,329.211590800268,330.2236774954491,327.76577787727143,328.5368957519531,4728372
2025-07-23,329.4525351374317,331.5730723662942,328.63326474072926,330.6573791503906,5058422
2025-07-24,331.18754358088205,331.18754358088205,324.3440233857043,326.6573181152344,9098453
2025-07-25,326.6573407290538,327.6212160510133,320.5367265515827,321.16326904296875,7790739
2025-07-28,321.4042093467202,324.44041045838185,318.416190230824,320.9222717285156,4605823
2025-07-29,320.0065832598592,323.38014663759867,316.6330198821197,322.5126647949219,7551356
2025-07-30,322.8981990124483,329.9344763592019,320.48851096011657,326.5609130859375,12537358
2025-07-31,323.91025660237716,327.8139689007444,320.97044894119296,322.17529296875,8935384
2025-08-01,320.9704635213486,322.65724523655086,318.27162454308046,318.9463195800781,7107542
2025-08-04,318.9463231097009,321.25961789026496,315.3800022357469,320.006591796875,8193399
2025-08-05,320.4403469242535,322.2717040636368,319.33186682594607,321.5487976074219,9855535
2025-08-06,321.548840448812,323.2838044088292,319.6210896420627,320.10302734375,13872826
2025-08-07,320.10300353750125,320.4403657866211,316.7776218771121,317.837890625,8731389
2025-08-08,318.0787892302441,325.30785262184054,317.74142705560945,322.6571960449219,11247218
2025-08-11,322.8982022000437,326.8500965279076,321.8861449741285,324.00665283203125,11993280
2025-08-12,324.1030997459979,329.5008078106698,323.62116205120833,327.81402587890625,7221182
2025-08-13,328.0067664306317,330.609241614646,326.8983156726779,327.66943359375,5417151
2025-08-14,327.6693954728611,328.1513330867849,324.1512273591071,327.091064453125,5689423
2025-08-18,329.1152284004567,329.45256121868067,323.3319766804204,323.9102783203125,6511340
2025-08-19,326.65730609434587,328.34408772892954,322.07889880047594,322.9463806152344,10316115
2025-08-20,325.5970370235216,330.99474412982204,324.3440110056024,329.64532470703125,10824544
2025-08-21,329.98268776933094,331.9104382111963,324.7295560491929,326.5609130859375,11135121
2025-08-22,326.27177112251076,326.65731533829853,323.38014538139544,324.8259582519531,8534844
2025-08-25,324.8741458119554,329.0670090914061,324.8741458119554,325.645263671875,7142387
2025-08-26,324.00668359366506,325.2115277461145,319.76563806007124,321.16326904296875,13113388
2025-08-28,319.28367017065307,320.8740584182869,316.82580009841325,318.84991455078125,10486948
2025-08-29,319.04272777872086,319.5246654339757,315.1872265366819,315.71734619140625,11813425
2025-09-01,316.1510955044204,319.62105243566754,316.1510955044204,318.7535705566406,6897558
2025-09-02,319.139111306881,326.0308136805144,319.139111306881,324.1512451171875,9224639
2025-09-03,324.34401221835265,325.7898250514211,321.4523865522158,322.17529296875,10778333
2025-09-04,324.7067646668845,326.0698455924642,320.6174921772097,321.34771728515625,7934237
2025-09-05,321.3477065754627,323.05156510388605,317.3558332220759,320.0333251953125,5678244
2025-09-08,320.08199625494126,322.2240017272205,317.74528192068607,318.0860595703125,5239184
2025-09-09,318.96231290195976,319.49779939538104,315.11644902506,315.5545959472656,9735495
2025-09-10,316.9176816311353,319.4004349937631,316.5769039878698,317.063720703125,6509477
2025-09-11,317.8426598818364,324.70676399720276,317.4045129327979,322.32135009765625,10309925
2025-09-12,323.246301779367,324.7067519380087,319.74121545604,322.9542236328125,5257048
2025-09-15,322.2726868602519,324.99884876120643,321.9319091943985,322.37005615234375,6566824
2025-09-16,322.4674162687391,326.9461064481625,322.4674162687391,326.21588134765625,8784889
2025-09-17,326.6540093104016,328.5526063465595,325.72904568500496,327.5302734375,7936518
2025-09-18,328.1144962068359,328.69868226136424,325.2909649417087,328.0658264160156,6497322
2025-09-19,328.0658186662319,330.54857219815693,327.579001917781,329.7209777832031,10646331
2025-09-22,330.20780074061804,331.3761728440439,327.9684555408116,330.2565002441406,6966213
2025-09-23,330.499911702105,335.0273016474207,329.1855005017392,333.956298828125,10738268
2025-09-24,334.2483558414516,341.1611593688305,333.2260525908467,338.43499755859375,14653575
2025-09-25,340.09014866507107,341.5505988248918,331.03536955935664,331.5221862792969,13228081
2025-09-26,331.5222062123097,331.76561458691486,327.5790024288797,328.9907531738281,6337702
2025-09-29,330.1590993749751,334.68648884512965,329.08809666808384,331.9603271484375,16922231
2025-09-30,332.10636652454434,334.00493387161475,330.2077694645398,331.4735107421875,8308029
2025-10-01,331.3274478630151,334.00493982395403,329.1367726222469,331.2787780761719,6022078
2025-10-03,331.2787769830715,334.44308565374007,329.8183268273783,332.9826354980469,8506827
2025-10-06,331.61956887075905,332.78791121772986,326.8000712648142,330.15911865234375,8436245
2025-10-07,330.159137596503,332.3984828413899,327.9684621431815,329.088134765625,16130172
2025-10-08,330.3051546275822,330.3051546275822,323.5383901273404,324.99884033203125,13223442
2025-10-09,324.99881520760243,327.53026797595663,322.4673921521814,326.9947814941406,6824759
2025-10-10,327.140830577588,332.9339613375731,327.09216079154476,330.7432861328125,8970962
2025-10-13,329.03942642997407,333.07999918352846,327.33556794364944,332.6905517578125,6663149
2025-10-14,332.9826573309678,333.9562908319356,326.36196140956173,327.7737121582031,7545848
2025-10-15,328.06583054248426,332.7392596116203,327.8710919508797,330.30517578125,8121744
2025-10-16,331.23010750751433,333.5668218162314,330.6945912888298,332.4958190917969,6788416
2025-10-17,332.49581940502713,335.12464157539443,331.1814083198435,332.0090026855469,7032129
2025-10-20,332.3984437520054,335.36804351171804,331.3274410470751,332.9339599609375,6896835
2025-10-21,333.90759914849303,334.44308565374007,332.0576718476007,332.9826354980469,346988
2025-10-23,334.735181602865,336.09829225769107,332.05768950835625,333.6155090332031,8710859
2025-10-24,333.4207964133735,334.1996913105691,329.23415463037406,330.64593505859375,7584711
2025-10-27,331.7169240706307,333.85889980555856,331.47351571123426,332.7392272949219,6752390
2025-10-28,333.3721030511047,333.8589197990511,328.4065662794642,330.2077941894531,13186584
2025-10-29,330.3051401920456,340.77169953490335,330.2077709067345,338.3376159667969,15423201
2025-10-30,339.7980550625007,339.7980550625007,334.39440160212416,336.049560546875,6721032
2025-10-31,335.9035643660486,335.9035643660486,326.75141522156105,328.0658264160156,18651312
2025-11-03,327.9684276976862,328.60128348625807,324.6093804702085,326.3619384765625,10242245
2025-11-04,326.55663768143194,327.14082366627986,321.00694510771046,321.8832092285156,11887651
2025-11-06,323.29496808757773,324.17126194368166,316.0414168721309,318.037353515625,11587302
2025-11-07,318.5283289460286,321.1794707235281,315.04259620636043,320.19757080078125,8578167
2025-11-10,320.19755509731823,322.3086338346486,318.1355593676349,319.559326171875,5246998
2025-11-11,320.0502674312487,321.52311720320074,317.00637190950687,320.7375793457031,6103758
2025-11-12,321.5722171004597,322.30864202511725,319.6575003102673,321.2285461425781,6850550
2025-11-13,321.22855805298707,323.9778958527718,319.6575121624255,321.0321960449219,7276001
2025-11-14,321.0812685537484,323.92877228182584,320.2957606167639,322.5050354003906,9169855
2025-11-17,323.0450662911643,325.4507330262238,322.60319935118787,324.2233581542969,6283156
2025-11-18,323.0941513705254,323.78149328929214,321.2285475462821,322.5050354003906,6776200
2025-11-19,322.99597779312717,322.99597779312717,319.16654428563004,320.6885070800781,6935056
2025-11-20,322.063160920233,324.0269606819417,320.29575312077765,320.6885070800781,5155775
2025-11-21,320.93397130137885,322.4559040796471,319.117450589597,320.7375793457031,6142545
2025-11-24,320.7867253718314,321.1794793584478,316.2208666361393,317.5955505371094,13719726
2025-11-25,317.59552844775567,319.70660719854686,316.66271157486347,317.84100341796875,8074651
2025-11-26,318.4301329607124,321.86678269032626,318.1355749699714,320.19757080078125,7101095
2025-11-27,321.2285347987564,322.7995805755875,319.11745608232985,321.4249267578125,6755179
2025-11-28,322.06316208278236,322.21044107240084,318.3810375162871,320.5412292480469,8930988
2025-12-01,321.179443359375,322.3086221812875,319.55931461791755,321.179443359375,6936186
2025-12-02,321.52313434011546,323.97788409087156,320.835792423821,322.6523132324219,5806943
2025-12-03,323.0450661313389,323.0450661313389,315.484424937927,317.1045837402344,8546132
2025-12-04,317.0554707662575,318.43012462909417,315.2880629376399,317.1045837402344,5965357
2025-12-05,316.41722880651815,318.2828325411183,315.14077097895114,317.4482116699219,6574010
2025-12-08,317.3500520266732,317.3500520266732,312.09688169508877,313.7170104980469,7906928
2025-12-09,311.70411532889455,315.58260170700606,309.83848166590883,314.0606689453125,7152584
2025-12-10,314.0606669946609,317.84098733772913,313.7169960607083,315.77899169921875,5484712
2025-12-11,315.82807794013553,317.5955156334812,313.37332833704846,316.7608947753906,6317942
2025-12-12,317.0554557382619,320.050268261456,317.0554557382619,319.1665344238281,4261023
2025-12-15,317.2027224952664,319.4119970737621,315.7298727762693,318.0864562988281,10219819
2025-12-16,316.2208633208038,317.93918821379265,313.2751635042515,315.18988037109375,5241263
2025-12-17,314.2079584143969,316.56451210946364,313.7660914867942,315.4353332519531,5043027
2025-12-18,316.1717569539835,316.3190359408899,311.26225762239994,312.735107421875,5554193
2025-12-19,313.17698480349634,314.79711364396724,311.753217963721,314.1097717285156,10833662
2025-12-22,314.1588997474406,317.7919115689627,313.71703278560295,314.89532470703125,8925871
2025-12-23,315.23894766047425,318.8719892391196,314.4534397346514,317.3991394042969,6024641
2025-12-24,318.03736281353645,320.737587463793,316.4172340164237,316.7117919921875,5678004
2025-12-26,316.71180181921807,319.85389349582005,316.46632684339625,318.2337646484375,4174183
2025-12-29,318.23377503863554,319.9029869495987,317.2027621273976,319.6084289550781,14043845
2025-12-30,319.1174830972158,319.65751608252776,317.4973541760716,319.019287109375,8035909
2025-12-31,318.8719757222494,324.66517883393897,318.82289271591856,323.5850830078125,8497983
2026-01-01,323.83057185522665,330.8020670698365,323.6342098562783,330.2129211425781,10357315
2026-01-02,330.70387284694124,346.61066314150077,329.86928190785943,345.7269592285156,23128940
2026-01-05,344.0086448916721,348.3780815810187,342.09392805086566,344.2541198730469,18248271
2026-01-06,343.5667660613468,347.690757591952,339.8846414680231,344.4504699707031,8641743
2026-01-07,343.2231090921107,344.9905469480506,340.0319343145277,342.5357971191406,7165806
2026-01-08,340.47379156724156,343.46857428708546,336.00615899202387,338.16632080078125,8805975
2026-01-09,338.16631862243713,338.16631862243713,328.34731964986224,329.9183654785156,10161744
2026-01-12,330.65479065367214,334.4841942628559,327.6600079508352,331.3421325683594,9406174
2026-01-13,331.3421290941072,333.10953690590406,328.9855453914359,331.7839660644531,5583379
2026-01-14,332.7658593577418,344.15590382251236,331.3421225278992,342.78125,20389924
2026-01-16,346.2669813321414,347.641635149834,339.14820731227024,340.0810241699219,14275582
2026-01-19,337.2826244547877,341.6520911099357,335.8588575765374,337.1353454589844,9974363
2026-01-20,336.79166588589715,341.9957233726868,331.58760839910747,332.61859130859375,7718407
2026-01-21,332.66765453744244,335.4169920746112,330.7038548531241,332.5694885253906,6948955
2026-01-22,332.56949297428673,336.9880423231114,330.99844721277464,336.2516174316406,5885972
2026-01-23,337.7244872641264,339.19733713450603,330.0165669494317,330.605712890625,10084314
2026-01-27,334.3369154228415,340.2283148135524,330.94934878710006,338.4609069824219,12203590
2026-01-28,338.4609034869478,346.8561355459258,338.4609034869478,341.750244140625,13566973
2026-01-29,343.6649716054019,353.97492075356394,341.01382983836294,351.6674499511719,20624409
2026-01-30,352.5020656800002,352.845736639582,344.74506242827283,349.5563659667969,22641103
2026-02-02,338.7063529524824,346.3651595184747,331.63666230294774,344.00860595703125,12622760
2026-02-03,359.3262947032176,359.3262947032176,347.3961864708703,352.0602111816406,11559806
2026-02-04,352.9439152761472,361.8791799948705,351.12739454924434,360.60272216796875,15515053
2026-02-05,363.0574940569719,363.9903109635528,358.39346945448204,360.3572692871094,18789794
2026-02-06,357.9334447872593,362.03911804484557,357.1420064340637,361.1487121582031,7328789
2026-02-09,362.6326786968706,364.6607885211468,357.1420034625941,358.0323791503906,7983235
2026-02-10,358.03237774559113,364.21558415246943,357.38933031756335,362.97894287109375,8319282
2026-02-11,365.05650021493585,365.05650021493585,362.08856118879817,364.51239013671875,5782448
2026-02-12,366.0458119192337,368.024437929608,362.92948199118166,364.31451416015625,6763353
2026-02-13,363.6219982726669,364.0672012202996,358.5270421199639,359.1206359863281,7111972
2026-02-16,358.72489167178406,365.699536086429,358.62595433574904,365.1554260253906,6292850
2026-02-17,364.8091562013766,365.551140925854,362.1379991166838,364.462890625,4442793
2026-02-18,364.51237438815997,366.7383285615921,363.4735776590302,364.462890625,4871319
2026-02-19,363.07785864076794,366.9361731711429,358.3291684789889,359.3184814453125,5375352
2026-02-20,358.92274335746885,369.656795416868,358.82383621088445,368.96429443359375,16736731
2026-02-23,370.00307557353455,372.47635816426674,368.1728404181052,371.4375915527344,16135451
2026-02-24,370.94291667388126,380.88550011991754,369.5578543384779,378.6595458984375,20774629
2026-02-25,378.659543189351,384.39754639820626,378.6100896169131,380.78656005859375,12750016
2026-02-26,380.8855104150926,381.72643251533543,374.356038483975,377.8186340332031,10721570
2026-02-27,376.9282583588319,381.0833850944805,376.08733625858906,377.8186340332031,11548959
2026-03-02,361.09924028970323,374.9001685362541,361.09924028970323,373.5151062011719,14732253
2026-03-04,366.78779749842613,369.8546738596943,360.2088720374161,361.89068603515625,11433169
2026-03-05,363.0284155353574,375.84000070375265,362.6821499488739,374.009765625,16158714
2026-03-06,372.9709989198574,381.4296129461071,370.64610734453646,376.53253173828125,14940896
2026-03-09,369.01373676287375,374.9496145660299,367.4308299770783,372.22900390625,11286578
2026-03-10,380.885514106757,381.3307170439763,370.8439929549573,373.2677917480469,10875834
2026-03-11,373.4656512161283,379.79724827130656,372.42688466018114,375.8399963378906,9963701
2026-03-12,374.9496368130693,388.20642532173457,371.63543213804354,386.3761901855469,23847146
2026-03-13,387.6623104086712,390.2839838563644,379.10475887951236,380.3414001464844,27107369
2026-03-16,380.3908568408736,384.1007806722215,371.4375860711289,378.31329345703125,16793109
2026-03-17,378.80794038547214,381.7758793754728,374.257094562517,379.2531433105469,9720902
2026-03-18,380.88552134827546,382.22109999388823,373.5646108723365,374.4549865722656,10681498
2026-03-19,369.5084106709135,376.68093002128603,369.1126915036632,370.0525207519531,10568326
2026-03-20,371.83331215454035,379.2036761883169,371.48704655222275,376.8788146972656,20930288
2026-03-23,373.06994932918553,375.44429456084805,365.35328958698534,368.420166015625,13148432
2026-03-24,373.9603280410193,374.10871895830354,367.0351367810004,371.5364990234375,9339144
2026-03-25,371.9817033244563,376.87881495277634,371.58598414644126,374.3560485839844,9266292
2026-03-27,375.8400174268992,375.8400174268992,370.64612397285276,371.63543701171875,20263654
2026-03-30,370.0030780228232,373.91087661862343,365.69956024817384,366.6888732910156,17974103
2026-04-01,377.2250466508289,377.81864050772765,357.58720713825926,360.75299072265625,15449629
2026-04-02,356.1032390273179,357.438787471427,348.23818832243774,355.8064270019531,16551512
2026-04-06,354.9654968921836,362.83054741998933,351.89865070585967,362.1875,11534034
2026-04-07,360.9508595127945,365.8479408215277,358.3786396358509,364.9081115722656,12603971
2026-04-08,369.5084113183961,371.53649092375616,364.3145179866114,370.1514587402344,19491331
2026-04-09,372.92154904467407,380.0940683257955,372.47634611616763,374.6033630371094,18503665
2026-04-10,377.12613810217323,380.34140544105884,368.07389974877594,376.08734130859375,14953758
2026-04-13,370.34934272243123,383.853459685983,370.34934272243123,382.1221618652344,15240045
2026-04-15,386.07940524459264,389.739875487484,382.9630752764215,388.404296875,7722460
2026-04-16,392.75725725678825,393.004585504431,383.65556566695807,386.6235046386719,9896906
2026-04-17,388.80002186472785,392.01528922111555,384.2986596423602,389.39361572265625,15320653
2026-04-20,388.8000169303549,396.5661301770477,386.4751252946467,393.74658203125,9895187
2026-04-21,394.3401654598922,398.3963547737153,391.4711638154834,391.9658203125,9493644
2026-04-22,393.7465643823424,402.8977094088164,388.99787417490865,401.0674743652344,16411131
2026-04-23,399.68246970167803,401.5621584466409,396.1209367056527,397.951171875,9144699
2026-04-24,400.42445221194913,400.91910873104973,394.93377692650745,397.5554504394531,6266676
2026-04-27,399.58350279715404,409.97128898871665,398.2974080119159,405.8161926269531,13001752
2026-04-28,409.5755963191683,409.7734710026609,401.6116384673152,402.50201416015625,7726655
2026-04-29,405.12367011265115,405.6183266085152,395.3789311058422,397.01129150390625,11920835
2026-04-30,395.72519943082784,396.0219812538263,388.9483993522876,394.88427734375,7706357
2026-05-04,395.7252046291212,400.47389500809584,393.004593847296,395.774658203125,6333200
2026-05-05,394.0433523347002,396.219852992005,390.33342861754664,394.3896179199219,6791514
2026-05-06,395.7252049995189,398.69314403701526,387.4644353068665,390.6302490234375,11120409
2026-05-07,392.50993927051593,399.18780213145095,388.9484063730631,396.07147216796875,9700378
2026-05-08,393.74659079983223,400.77071943781533,392.9056686756656,397.85223388671875,4740939
2026-05-11,397.60488241237664,400.6717587024605,386.8213769201532,388.75054931640625,10088836
2026-05-12,388.0085783534943,395.5768169149478,387.068718908324,388.50323486328125,10247516
2026-05-13,387.81070582712596,389.83878545194284,381.67695299512195,386.27728271484375,12322076
2026-05-14,389.49253814973764,394.2906820216197,387.0192556626081,392.0647277832031,7363948
2026-05-15,391.76795522266366,393.74658125914175,388.30535965882694,391.0259704589844,7107857
2026-05-18,388.80002136151944,389.64094347654304,380.78657976845244,384.1502380371094,7632596
2026-05-19,382.56733745219174,388.552668842187,381.9242598687504,385.23846435546875,6693518
2026-05-20,381.9737464504646,389.14626553357334,379.8961831605183,388.2558898925781,5386249
2026-05-21,389.29468082050215,391.32276047374154,383.705068188813,384.6448974609375,10596954
2026-05-22,385.78261549025615,387.31603855995974,383.309332996259,384.4964904785156,11755213
2026-05-25,387.761249649884,388.6021415623989,382.3200280485236,385.88153076171875,10489850
2026-05-26,386.57404486718156,388.0580143292437,384.84274716144245,385.5352783203125,9062218
2026-05-27,386.17832929835413,398.7920698429061,386.17832929835413,393.89495849609375,14418621
2026-05-29,395.72520423075076,397.3575646599152,380.9844464114427,382.76519775390625,17003143
2026-06-01,382.76521141012705,384.84277484474876,372.4763617713314,374.6528625488281,18408900
2026-06-02,371.9322468421442,373.4656699667571,359.17008456297765,363.4736022949219,17496468
2026-06-03,364.11664616198163,367.5297881690634,359.813158663623,362.8800048828125,10825715
2026-06-04,362.88000261584017,364.8586286501499,360.45620383867305,362.4842834472656,14363519
2026-06-05,362.0390981204508,364.56183414993416,354.8170952313841,357.7850341796875,10277061
2026-06-08,355.11392671139623,361.4455241099741,351.3545190558946,358.52703857421875,14933986
2026-06-09,358.9227333059097,359.8131391317271,351.20610421935453,351.8491516113281,14246656
2026-06-10,355.16336324978846,355.16336324978846,347.34779667060127,347.89190673828125,14939921
2026-06-11,348.2381736255446,349.57375220472534,345.0723599705559,348.08978271484375,15079402
2026-06-12,353.1847351744197,353.1847351744197,345.96276247011673,350.11785888671875,8740239
2026-06-15,353.58045087674077,354.17404469944046,343.24214841308515,344.3798522949219,17190759
2026-06-16,346.01221048640843,352.39329120526247,344.77556927666427,351.7502136230469,14555184
2026-06-17,351.7502136230469,352.2448701069445,348.2876182357633,351.7502136230469,9299676
2026-06-18,353.1847367765176,359.6647247724534,350.266251384843,358.08184814453125,12260776
2026-06-19,358.0818551097652,364.06718672804,356.1032290949389,361.89068603515625,17465450
2026-06-22,361.89067810377395,364.56183524182177,360.1593803787449,363.1273193359375,11946682
2026-06-23,363.91878894188164,365.30382108781356,358.03236458237546,360.7035217285156,11696171
2026-06-24,358.9722253658766,360.15938284201127,351.70076883273526,353.23419189453125,12770898
2026-06-25,352.64062950948494,355.1633655727726,347.6940645293628,348.2876281738281,19767157
2026-06-29,348.2381831371744,354.0751239185157,347.79298020147525,352.29437255859375,49895302
2026-06-30,350.9587818236566,354.52031461195133,349.1285467610599,352.8384704589844,10291360
2026-07-01,354.1740410944479,356.9935890799953,350.46411747963174,354.0751037597656,6915166
2026-07-02,356.1032309165304,356.1032309165304,348.5349622179558,354.42138671875,6513560
2026-07-03,354.4213762934975,356.30106492361955,351.65131201662666,352.640625,6588714
2026-07-06,352.1954207785088,355.55907887125227,350.8598422176064,352.4427490234375,6204261
2026-07-07,351.9975494811349,353.33312805484354,348.78228226623173,350.4146728515625,8149003
2026-07-08,348.1887169060533,349.227483463009,343.8357156219206,344.97344970703125,9572223
2026-07-09,345.27023274513823,347.24885872075504,339.4332921553558,340.0268859863281,17821421
2026-07-10,340.81834427584806,345.0723782961847,339.53224939289186,340.8677978515625,13016441
2026-07-13,341.36243560757714,351.2061119486274,340.0268872223302,347.9908447265625,8226337
2026-07-14,344.7755868837612,350.1673549101683,343.7862738654434,344.4293212890625,8579646
2026-07-15,343.78628243971525,344.7261419071329,339.3838273218257,340.6699523925781,11352533
2026-07-16,340.52155045475615,342.3517553719133,338.4439870934176,338.7902526855469,10347549
2026-07-17,338.8397026855022,340.2247348479731,336.61374843428354,338.1966552734375,7612446
2026-07-20,339.3343601652493,345.5670200100771,337.45467149708196,343.5389404296875,14463484
2026-07-21,343.4894942942517,345.4186365777892,340.4720714536867,344.8250427246094,8575793
2026-07-22,343.6873350439277,347.1004770189875,341.95603726933393,346.75421142578125,7035952
2026-07-23,344.825027954766,346.9520750201726,343.3905422450819,344.87451171875,6863144
2026-07-24,344.2314867382846,346.25956640781226,341.4119385163905,343.489501953125,6300466
2026-07-27,349.227495590697,349.227495590697,344.0830558170353,347.0509948730469,12350753
2026-07-28,346.21010785960067,346.2595614346591,338.44399451485003,340.07635498046875,12409670
2026-07-29,340.02688468314346,341.6592450684839,337.5041184590389,339.8290100097656,8471125
2026-07-30,339.8290027606085,343.9346455184102,338.19664241008917,341.1645812988281,9943764
2026-07-31,340.42261050727365,344.5282534330847,339.87847024054304,343.5389404296875,8519119
2026-08-03,343.5389463747265,347.1499328613281,341.60977390814224,347.1499328613281,5460220
2026-08-04,344.2809347144051,345.2207941702293,337.9493373556461,339.9774169921875,7201524
2026-08-05,339.7795632536122,346.1606140136719,339.08703207433274,346.1606140136719,18554536
2026-08-06,343.7862708050272,345.5175685716712,339.43329960146673,341.31298828125,10079779
2026-08-07,341.312973579351,343.2915995131444,338.8396911621094,338.8396911621094,7012048
2026-08-10,338.8396945158717,340.02688216447257,333.5468640523001,336.8116149902344,8818488
2026-08-11,335.97071176120113,336.76215011035725,332.45863238215605,334.8330078125,10043994
2026-08-12,334.83301361086006,337.70201541553126,331.7661371197543,335.82232666015625,10152704
2026-08-13,334.4372614728004,340.5710144042969,334.3878078973198,340.5710144042969,9672695
2026-08-14,339.97741102121824,339.97741102121824,333.8931420270134,336.3664245605469,7507624
2026-08-17,336.3664069020076,336.6631887138763,332.1123732442329,333.3984680175781,7839848
2026-08-18,333.3984686712306,335.67387641051346,330.33159244635357,333.4974060058594,9943991
2026-08-19,332.7059493382513,335.2287155994345,330.0348223570086,332.9532775878906,7502595
2026-08-20,333.4974082916147,335.92120695373524,330.82625119550914,333.89312744140625,4185077
2026-08-21,333.3984855203068,339.1859726870624,333.3984855203068,336.3664245605469,6534716
2026-08-24,337.0589528190787,338.39450122243744,333.8436855534105,335.87176513671875,5401943
2026-08-25,335.37709551862594,337.1578467810886,332.06289104379783,336.218017578125,5260835
2026-08-26,337.8998467135045,340.76887859756096,331.0241394042969,331.0241394042969,5903358
2026-08-27,331.41986746941393,332.3597269313501,324.8903953854603,327.3636779785156,12911842
2026-08-28,325.9786255355717,329.5401582868424,325.2860943759172,326.5227355957031,7332490
2026-08-31,326.57221912108184,326.91848470065645,320.04274744708897,323.90106201171875,18400774
2026-09-01,323.90106266400284,324.7419847328244,321.57617112953244,324.0,7377499
2026-09-02,324.0,331.1000061035156,321.0,330.0,11993091
2026-09-03,330.45001220703125,332.70001220703125,329.1000061035156,330.8999938964844,8100926
2026-09-04,332.75,334.04998779296875,329.79998779296875,332.5,7032282
2026-09-07,332.5,333.79998779296875,330.3500061035156,332.0,5245813
2026-09-08,330.0,333.20001220703125,328.6499938964844,330.79998779296875,7351373
2026-09-09,331.1000061035156,337.5,330.8999938964844,334.5,11795145
2026-09-10,335.6499938964844,335.70001220703125,333.1000061035156,335.0,6905905
2026-09-11,333.0,336.25,331.6000061035156,333.3999938964844,4968535
2026-09-15,333.0,333.29998779296875,326.3999938964844,329.5,8445501
2026-09-16,329.5,329.95001220703125,326.54998779296875,327.0,6556304
2026-09-17,327.79998779296875,331.29998779296875,327.20001220703125,329.6000061035156,5589949
2026-09-18,329.79998779296875,330.8500061035156,323.6499938964844,323.6499938964844,9448827
2026-09-21,325.0,328.75,324.8500061035156,326.3999938964844,5098202
2026-09-22,326.5,329.0,325.54998779296875,327.79998779296875,6219007
2026-09-23,326.5,329.3999938964844,325.0,326.0,10525477
2026-09-24,326.95001220703125,327.70001220703125,324.3999938964844,326.6000061035156,7662580
2026-09-25,327.29998779296875,327.29998779296875,323.5,326.6000061035156,6075589
2026-09-28,326.6000061035156,326.6000061035156,320.20001220703125,321.1000061035156,5982092
2026-09-29,320.5,325.0,317.54998779296875,323.5,11956206
2026-09-30,323.5,323.95001220703125,318.8999938964844,322.75,6908628
