Date,open,high,low,close,volume
2021-01-01,67.17388941961754,67.6754522739673,66.6364983042606,66.77980041503906,15130377
2021-01-04,67.38885810794996,69.71755328864346,67.13807117672837,69.46676635742188,39545073
2021-01-05,69.14433256093913,69.14433256093913,67.60381006858786,68.03372192382812,26998014
2021-01-06,70.86398674581353,71.15059647676253,68.96520342823057,69.46676635742188,50306161
2021-01-07,70.21911199927618,70.9714618144901,69.57424151003934,70.1474609375,25285200
2021-01-08,70.89981458660152,72.58364482566449,70.61321030190055,72.11790466308594,36022114
2021-01-11,72.72694394065395,73.73007529522957,70.25494655493733,73.47929382324219,36301647
2021-01-12,73.08519906267225,74.87650296126716,72.1895471133748,74.12415313720703,28353142
2021-01-13,75.19894360499721,77.31268571379965,74.58990130696563,75.41390228271484,42401579
2021-01-14,76.66781435610163,76.99024690272448,74.66155160686158,75.27059936523438,24455634
2021-01-15,75.41390358191039,76.02294589043427,72.11790508875787,72.6552963256836,28185982
2021-01-18,72.65526948421099,72.97770192059774,68.8218811703244,69.25179290771484,33623461
2021-01-19,70.03999000479307,70.93564205089017,69.86085959557364,70.290771484375,26085121
2021-01-20,70.93564248648957,71.50886198616222,70.11164150569498,70.82816314697266,18486566
2021-01-21,70.97146461272696,71.79546005557965,67.28137738619338,67.8545913696289,26939349
2021-01-22,67.78292279994815,68.39196489171083,66.27822896540968,66.45735931396484,27311961
2021-01-25,66.6723442821927,67.17390726982342,64.48695097903048,65.45425415039062,28522112
2021-01-27,65.49006241596776,65.74084383317805,63.698758769287146,64.27197265625,34022621
2021-01-28,63.77041330108536,65.49006598904641,63.62711118818244,64.95267486572266,26810222
2021-01-29,65.02432384601308,66.6006689041149,62.874759421351484,63.26884841918945,33858273
2021-02-01,63.77042156331461,65.34676687598214,63.37633250183478,65.09598541259766,24228098
2021-02-02,66.2782559787215,67.3172102371427,65.34677559993747,66.52903747558594,22141489
2021-02-03,67.78293523224566,68.2845035801691,66.63650188454629,66.88728332519531,25912911
2021-02-04,67.53216338607916,70.64903137211142,67.35303297921953,69.96833801269531,49670027
2021-02-05,70.89981284838966,71.61633447582817,69.35929572269782,69.96833801269531,30514219
2021-02-08,71.29389548916362,72.2253757073306,71.00728577075641,71.40137481689453,29096831
2021-02-09,71.50886665174097,74.05251536426069,71.50886665174097,72.36869049072266,39638657
2021-02-10,73.08518829345702,73.44344902038574,70.64901425701682,71.65214538574219,21467230
2021-02-11,71.65215329981872,71.90293474304299,70.86398070684581,71.25806427001953,11287104
2021-02-12,70.86399388268228,71.22225471579328,69.18016906038585,69.50260162353516,18187705
2021-02-15,69.50260306115032,71.11477684349659,68.49947161436509,70.54155731201172,26118576
2021-02-16,71.11477162924157,75.12729165555113,71.11477162924157,74.33911895751953,76236798
2021-02-17,74.3391128204271,75.43233506778633,73.46453724670609,74.52131652832031,21014091
2021-02-18,75.57809797383946,84.17811545679537,75.32301388756875,80.67980194091797,110000964
2021-02-19,80.67980425634731,81.77302656638136,75.68742348594166,76.59844207763672,48225988
2021-02-22,77.18150300321139,79.11286369991691,76.74421515273876,77.47303009033203,36592043
2021-02-23,79.98743878294698,83.37642932865859,79.7687920791914,81.77303314208984,90860972
2021-02-24,83.08490784181551,84.06880695417466,80.89846289860984,82.79338073730469,26071364
2021-02-25,84.54252382799878,87.82219070063667,84.06879305653453,86.76541137695312,62038881
2021-02-26,84.17811976252375,86.2916840547916,80.20608083772271,80.89845275878906,55154985
2021-03-01,83.30353663804699,85.74506518726305,82.72048255446593,85.30777740478516,41672980
2021-03-02,84.46963854846678,85.0162496621621,82.17387075886327,82.7204818725586,36303917
2021-03-03,83.12132760659962,84.39675346735595,82.50183059732846,83.08488464355469,19434630
2021-03-04,83.04843909793554,85.27132632458004,81.84589920066475,82.13742065429688,38272786
2021-03-05,84.72473673112526,86.18236661037044,82.72049564716316,83.77727508544922,57756103
2021-03-08,86.69252596943035,89.17049762256637,85.41709995565319,86.18235778808594,63866178
2021-03-09,87.02047908662547,87.12980240721922,83.23063918867106,85.08911895751953,26817643
2021-03-10,85.19845617304932,85.2713365451928,82.79336496940314,83.37641906738281,23841269
2021-03-12,85.08913408794818,85.5628648544825,83.08489324219352,83.85015106201172,20691698
2021-03-15,84.54251901327208,85.16201049740687,82.21031381638262,83.33997344970703,19679802
2021-03-16,82.93912552784391,84.76116250727445,82.68403590239117,83.88658142089844,20680669
2021-03-17,83.66793608432654,83.70437348582132,79.25860459313976,79.69589233398438,31017863
2021-03-18,80.16963841515178,81.77302895928827,78.3476011784438,80.31539916992188,26710696
2021-03-19,77.43657185481145,82.53827541230491,76.12470300157545,80.5340347290039,50386785
2021-03-22,80.5340396301108,81.08065075882196,79.11285291962817,79.87810516357422,15825065
2021-03-23,79.87810043255774,80.38827412538784,77.69165604721172,78.0925064086914,15815643
2021-03-24,76.52555963572846,77.25437448940205,74.958606588247,76.37979888916016,31083656
2021-03-25,77.25438645306755,78.49336967201603,73.82895833450397,74.33912658691406,37295495
2021-03-26,75.06792589920869,75.79674071376411,73.06368515918128,74.6306381225586,26637085
2021-03-30,75.83318528054161,77.47301864793079,74.7764004408635,75.43233489990234,31843017
2021-03-31,74.92217133232651,75.94250770842373,74.26623683310957,74.44844055175781,19587582
2021-04-01,75.06792756761665,76.70776093681215,73.71962124280574,76.05182647705078,22299747
2021-04-05,74.4484333728664,76.16114705092365,72.44419266099999,75.39588928222656,24878516
2021-04-06,74.81282866779809,76.08825436894277,73.82892995328372,75.76028442382812,15156974
2021-04-07,75.72385856743769,76.78063779957812,75.39588857233451,76.27046966552734,10330347
2021-04-08,75.65099245846788,77.03573638629227,75.28658499105796,75.5052261352539,26105970
2021-04-09,75.0679240271089,76.45267325231345,75.0679240271089,75.6509780883789,17645822
2021-04-12,73.50098267516204,74.52132466282434,71.02301086524399,71.4603042602539,27005598
2021-04-13,71.46029024370698,74.70351373791875,71.46029024370698,74.37554931640625,25505623
2021-04-15,75.97895054736732,77.80098773075743,75.65098607852359,76.59844207763672,28659714
2021-04-16,76.23403963841018,78.60268813209186,75.94251255787373,78.20184326171875,21627285
2021-04-19,75.76029131687233,77.21792082223142,74.26622441012844,75.10436248779297,19166492
2021-04-20,75.2865729095619,76.52555587576512,74.4848721615784,74.95860290527344,23082015
2021-04-22,74.63064752456951,76.1247147463821,74.08403634479056,75.14081573486328,14844968
2021-04-23,74.33911108465327,75.54165664075286,74.04758404674794,74.6306381225586,12790334
2021-04-26,76.70775117146084,77.03571557938177,74.70351064204026,74.92215728759766,11797791
2021-04-27,74.92218541391927,75.79676120364051,74.92218541391927,75.21370697021484,8886250
2021-04-28,75.61453073974064,76.08826144200039,75.28656632455368,75.7238540649414,6887787
2021-04-29,76.4526824573966,77.18149734152733,75.46878347590338,75.83319091796875,14990087
2021-04-30,75.90606780688775,82.13743144366336,75.28657629592166,78.82132720947266,81358264
2021-05-03,78.82133246767727,80.67980712455515,77.25437932217255,78.49336242675781,33975507
2021-05-04,78.7119901169249,80.3882662046921,78.49334347576742,79.91453552246094,30811922
2021-05-05,81.91879798333106,83.0849007413011,80.5340485255594,80.9713363647461,47588366
2021-05-06,81.84590205260344,82.2467468455228,79.76877548039707,80.3518295288086,26083818
2021-05-07,80.78912971810577,81.88235205680928,79.91455407130951,81.2264175415039,28016564
2021-05-10,82.97555807597521,83.77725318793138,81.99165927673742,83.01200103759766,33477142
2021-05-11,82.02810967627603,86.51031634149717,80.71624078472814,86.07302856445312,48355326
2021-05-12,86.51031355919528,88.29591313528655,82.86623960033423,83.88658142089844,49718697
2021-05-14,84.54252095736307,84.54252095736307,81.2992971620444,82.31963348388672,23626454
2021-05-17,83.04844318235729,84.10522796520128,81.80946026224015,83.26708984375,19960145
2021-05-18,83.81370700588054,85.63574411470404,83.30353883957636,84.61540222167969,29395737
2021-05-19,83.4492948055776,84.39675627207794,82.64759963568575,83.7408218383789,25295575
2021-05-20,82.68403097530025,83.59504941072848,81.04419779152943,81.48149108886719,21131045
2021-05-21,80.93487585838595,83.1213199907827,80.93487585838595,82.17385864257812,20562816
2021-05-24,82.53828547162209,83.04845366538173,80.78912864093493,82.39252471923828,24785960
2021-05-25,83.37641029156299,85.34420793439504,82.86623661942534,83.52217102050781,25820379
2021-05-26,84.10522514402328,84.10522514402328,82.35606859280107,82.61115264892578,12045621
2021-05-27,82.35606715586195,82.82979785777961,81.11708429892218,81.51792907714844,22821449
2021-05-28,82.50184630311576,84.21456580479804,81.51794727816875,81.88235473632812,19331994
2021-05-31,81.9916804357153,83.33998695746371,81.18998511687164,82.82981872558594,16430926
2021-06-01,83.33997009733228,86.32810962327805,83.2306467667847,85.7086181640625,51620011
2021-06-02,86.00014345205514,87.02048524916262,84.5425139020203,85.81793975830078,27162991
2021-06-03,86.58321045618979,90.2272848767295,86.32812079841898,89.27982330322266,64241347
2021-06-04,90.81032571306326,92.34083572724661,89.89930718552368,91.42981719970703,72354379
2021-06-07,92.52303732474905,92.92388769189999,91.0289703098738,91.21117401123047,28709907
2021-06-08,91.64847238495479,91.75779573049923,89.38914733884036,90.95610046386719,15261479
2021-06-09,92.55948645842469,93.28830131242803,89.6806700092779,90.40948486328125,29718157
2021-06-10,90.19083288984976,90.95609066580872,89.24337141108302,90.33659362792969,12245640
2021-06-11,90.33659594653275,92.26795635794915,89.27981666729036,90.04507446289062,18360366
2021-06-14,90.66457339588744,91.68491535360837,88.36880538111943,90.95610046386719,19547491
2021-06-15,91.53916022663645,93.65272477727311,90.99254899252786,91.3569564819336,32779493
2021-06-16,92.55948988915519,93.4705084904264,91.90355538415666,92.3408432006836,31654780
2021-06-17,91.53914344555128,92.5594853409202,90.00863338270587,91.17473602294922,18124616
2021-06-18,90.77389015346812,90.77389015346812,86.65608521319902,87.63998413085938,87912730
2021-06-21,87.02050196118857,88.915419628064,86.6925319131958,88.15016174316406,15669821
2021-06-22,89.42558374519915,90.51880606756303,88.55100811147454,88.95185852050781,23629008
2021-06-23,90.00863058644407,90.6645650388333,88.73320464696005,89.89930725097656,21978870
2021-06-24,90.70100708532082,90.70100708532082,88.44168213184028,88.91541290283203,24358397
2021-06-25,89.607767708258,91.0653971500217,87.71285054604819,88.11370086669922,34557609
2021-06-28,89.31624509931848,90.73743156227242,88.76963406581082,89.17047882080078,23728169
2021-06-29,88.76964148991172,89.24336664357227,86.80183826846121,87.0204849243164,20857415
2021-06-30,87.71285434673267,88.15014208612689,85.30776899985686,85.781494140625,19094044
2021-07-01,85.8179489388401,87.27557864480767,85.48998447916384,86.61964416503906,16012542
2021-07-02,87.45776716182264,88.07725856713587,86.00013770912561,86.3281021118164,20014124
2021-07-05,86.83829823244254,88.51456920065613,86.65609450369651,88.15016174316406,12050022
2021-07-06,89.64422475555797,91.10185442638006,88.22303805067281,88.5510025024414,30193164
2021-07-07,87.38490295410156,87.74931038463541,85.85439285794259,87.38490295410156,18479814
2021-07-08,87.02049112973279,87.02049112973279,85.16201110368198,85.30777740478516,17151883
2021-07-09,85.34422247537705,86.47388777862612,84.97981503051173,85.92727661132812,11240925
2021-07-12,86.72896542838583,86.98404950873908,86.00015059285317,86.4010009765625,8420962
2021-07-13,86.72896386170038,88.04083276612772,86.43743682067031,87.74930572509766,8580799
2021-07-14,87.67642510936832,88.7332043746745,87.53065880905366,88.04083251953125,12709481
2021-07-15,86.87471882487621,87.02048511590574,84.68827450317212,85.19844818115234,28589465
2021-07-16,85.41710133636995,85.56286764797896,84.36032198918168,85.12557983398438,19691248
2021-07-19,83.66793730986802,84.94336314958909,83.23064400220278,83.52217102050781,14395883
2021-07-20,81.66370746948367,82.53828307926975,81.3357374455018,82.0645523071289,18634406
2021-07-22,83.37642061543143,84.39676252563254,83.04845059407246,84.17811584472656,11710140
2021-07-23,84.1781246538485,85.08914331893344,83.63151345479753,84.03236389160156,7841690
2021-07-26,83.70437412410845,84.25098519443623,83.1577630537807,83.48573303222656,8149770
2021-07-27,84.06878476611742,84.46963512407653,83.08488591343615,83.5586166381836,9704729
2021-07-28,83.74082382436731,83.95946493384182,82.68403900045193,83.33997344970703,11020097
2021-07-29,83.30353580068285,84.39675802609645,82.57472098374045,83.63150024414062,14142749
2021-07-30,83.30354895953361,85.08914331893344,82.93914149349963,84.03236389160156,12236156
2021-08-02,83.77726988741207,85.63575009230524,83.66795210158477,85.34422302246094,10895726
2021-08-03,84.65185055429946,86.14591774199752,83.9230356645688,85.92727661132812,15163353
2021-08-04,85.78150467586852,86.36455877361203,84.97980946178316,85.52642059326172,14304543
2021-08-05,84.68829462398901,85.45355254256677,83.59507220340181,85.16202545166016,11033147
2021-08-06,84.65183560046464,86.14590252423422,84.65183560046464,85.01624298095703,6606584
2021-08-09,84.54252027428669,85.27133510423744,83.30353728753677,83.81370544433594,8294214
2021-08-10,83.88658756137798,84.32387535636757,83.01201197139883,83.70438385009766,14300982
2021-08-11,84.17811711629231,85.48998610071268,83.70438634078405,85.2713394165039,11308648
2021-08-12,84.6154004795562,85.92726939506579,84.03235195298649,84.72472381591797,13519139
2021-08-13,85.12557594839986,85.23489372659648,84.06879108903264,84.61540222167969,10342014
2021-08-16,85.19845775492767,86.25523707166907,83.59506173592133,84.17811584472656,14771886
2021-08-17,84.54252373941259,84.54252373941259,82.13743247783182,82.97557067871094,16025745
2021-08-18,83.01202009121367,83.99591911628424,82.2832051748034,82.50184631347656,10074307
2021-08-20,80.64336920877913,81.44506448084738,79.07641607312699,80.31539916992188,23878081
2021-08-23,80.42471881233149,81.62726444526007,79.07641243134569,81.44506072998047,16886027
2021-08-24,82.46540890390597,83.9594761462971,81.70015101750856,82.50184631347656,17368602
2021-08-25,82.72049939449721,85.41711256909377,82.57473862413624,84.2874526977539,18637317
2021-08-26,84.25099887008952,84.72472965335281,83.3764232397698,84.21456146240234,8779246
2021-08-27,84.17810489374146,85.27132703521863,83.7772545510337,85.01624298095703,9706825
2021-08-30,85.08914388606111,87.7493195179228,85.08914388606111,87.5671157836914,15933414
2021-08-31,87.45776935622595,88.18658410086117,86.76539757298858,87.8586196899414,13376290
2021-09-01,88.76965138291253,89.09761584283014,87.02049462238111,87.2391357421875,10964080
2021-09-02,86.65607300727797,87.56709142501552,86.00013863442392,86.47386932373047,13031666
2021-09-03,87.4213194175385,90.0086137786619,86.5831869764334,89.71708679199219,21326802
2021-09-06,90.22728483832255,90.62812968816151,88.29592428417537,88.66033172607422,12505630
2021-09-07,89.27981328304654,89.46201698362418,87.12981184039657,87.42133331298828,8530847
2021-09-08,88.08755094440939,88.45766670468002,86.9772036635975,88.050537109375,7801721
2021-09-09,88.16155774034681,91.64064867451881,87.49534835741878,90.41926574707031,27242637
2021-09-13,90.45628607939686,91.34456725846488,89.64203256755641,91.08548736572266,9921031
2021-09-14,91.27053258165,92.82501737005043,90.90041688691097,91.75167846679688,16593684
2021-09-15,91.97375575827749,96.74824625291944,91.97375575827749,95.08272552490234,42437332
2021-09-16,95.9710170994334,97.1553921117631,94.30550173932177,95.2677993774414,22431820
2021-09-17,95.26780055539406,96.00803212349352,92.34388812040864,94.56458282470703,25968166
2021-09-20,92.56596189850112,95.78596251397593,92.56596189850112,95.11975860595703,29857432
2021-09-21,95.93400285015642,100.67147973126022,95.56388711585032,100.07929229736328,51537119
2021-09-22,99.56113948166468,100.11631312189701,98.04366260602232,98.93193817138672,16424387
2021-09-23,99.783207776674,102.4110318427118,99.48710840167698,101.96688842773438,18688982
2021-09-24,102.81815312623473,103.55838464275202,99.56113897157336,100.74551391601562,33667173
2021-09-27,102.18895900197509,104.18758175713675,101.7818294252668,103.63240814208984,34196564
2021-09-28,104.96483718777132,106.29725625123416,104.37264968233926,105.26092529296875,46109879
2021-09-29,104.26161534963609,110.14645374459673,103.15126805643459,107.14851379394531,68003697
2021-09-30,107.14850543857033,108.11080860997917,104.63172295491879,106.96344757080078,26714630
2021-10-01,107.48161996154545,110.77564813560592,106.6673720247757,108.25886535644531,42893182
2021-10-04,109.40623039815692,109.92439024806283,108.81404287181977,109.25818634033203,16099471
2021-10-05,111.03473661361724,121.84212216202432,110.29450503619313,121.1388931274414,131238378
2021-10-06,122.87841659342872,127.87497871394464,122.73037256738343,124.43290710449219,101221817
2021-10-07,125.9503968290584,125.9503968290584,118.0669351446265,118.73313903808594,59769140
2021-10-08,121.3239394756396,123.32257358050867,118.8071568699298,119.1402587890625,30561341
2021-10-11,121.21290946729255,123.02647440336841,120.4356641246782,122.13819885253906,18143592
2021-10-12,122.21224160945768,122.76741530914624,120.47269283241837,121.06488037109375,11619888
2021-10-13,121.13887494088993,121.24991643785542,118.21496290803843,118.4370346069336,16690451
2021-10-14,119.17726716772032,119.7324407725389,117.4377186879411,117.73381805419922,14821875
2021-10-18,121.21290883622228,122.50831396882313,119.32531624113948,119.99153137207031,22899876
2021-10-19,121.02786419774466,121.02786419774466,116.95659047855447,117.4007339477539,10331930
2021-10-20,117.88186922586812,117.95589689567294,113.73656820760317,114.66185760498047,17118996
2021-10-21,116.66046881835396,118.65909126500013,114.40276087333162,114.7358627319336,31555789
2021-10-22,116.21635835428158,117.21567550782706,114.36577939959557,116.25337219238281,27317028
2021-10-25,117.69680709354091,120.62071922459334,117.62277942641101,119.47335815429688,34568006
2021-10-26,121.0648906242704,121.36097877116534,118.65913772187295,120.7317886352539,33022684
2021-10-27,120.73176606072373,121.10188182265723,116.2163492471203,116.88255310058594,21652522
2021-10-28,111.03475621036283,116.10534792865187,110.07245273086512,111.18280029296875,24815027
2021-10-29,110.960694805429,112.4041552335907,108.0737965391777,110.33150482177734,18736450
2021-11-01,111.03473773313867,113.69957595674904,109.85036267930347,113.36646270751953,11444653
2021-11-02,113.95865354241006,114.58785492584391,112.03405814285806,113.21842193603516,20609479
2021-11-03,111.92297229736408,114.14366623697461,110.88665297689255,112.5151596069336,11591857
2021-11-04,112.5151636032177,113.14436475980187,111.95999009859656,112.55217742919922,1114216
2021-11-08,113.2184084040792,115.14301486863863,112.2931190067019,114.66185760498047,16568525
2021-11-09,115.84624516886167,117.06762278840962,114.73589777107705,115.957275390625,13601954
2021-11-10,115.99428078447183,117.47474387373128,115.80922289831439,116.73451232910156,13900618
2021-11-11,115.92025620155097,116.10531407460897,113.29243214512,113.62553405761719,14158749
2021-11-12,113.99565304561101,115.18002798487872,113.47749324532008,114.47679901123047,10552485
2021-11-15,115.80923080216559,120.1025763130415,115.47612884335577,116.80854797363281,45750584
2021-11-16,117.99288274016357,118.21495442311945,116.06828784296084,116.32736206054688,12956283
2021-11-17,116.21634021517026,117.88186101443226,115.92025214664912,116.5124282836914,11420415
2021-11-18,116.21632725009037,116.21632725009037,113.77356142468028,114.21770477294922,18351511
2021-11-22,116.09830396558792,117.9789022493022,112.06844548083197,112.4906234741211,21558590
2021-11-23,111.91494562755123,113.37336612938238,110.07271731139198,112.60577392578125,21216047
2021-11-24,114.37122755145701,119.62923833530974,114.37122755145701,117.7870101928711,36294271
2021-11-25,118.20920222016848,119.74438666458626,117.09619584047115,119.05355834960938,11554142
2021-11-26,116.86592990282715,116.86592990282715,112.260376015031,112.91283416748047,23135841
2021-11-29,111.30088239423839,112.10685664373692,108.92134160286724,110.61005401611328,18736522
2021-11-30,110.03435759480121,113.41175892864622,108.30727497152233,109.07486724853516,22980651
2021-12-01,109.3051289616002,110.26461924993072,107.19425032727308,109.18999481201172,14278744
2021-12-02,107.84669176737467,111.03219434809094,107.76992787114189,110.53326416015625,8561767
2021-12-03,110.53327869870866,112.72092119129833,109.88082063248993,111.99169921875,10690334
2021-12-06,111.91496161798642,111.953343576156,109.57380271999213,110.03436279296875,7749262
2021-12-07,111.30087091189414,112.26036117837597,110.9170748053014,111.99169921875,10253663
2021-12-08,112.8360582371656,115.40749690241151,112.68254213309001,113.91068267822266,12266948
2021-12-09,114.75503969770305,115.06207190820408,112.33712883055532,113.10472106933594,7989291
2021-12-10,112.26036747051681,113.60365391888197,111.72305523367642,113.25823974609375,10324085
2021-12-13,114.33288273230697,115.52265326458112,111.56955719004111,112.03010559082031,13595587
2021-12-14,110.72514044266902,113.18143237688204,110.49486051172197,112.7592544555664,12331999
2021-12-15,112.29872679993306,113.37335105709903,110.22623046824103,110.49488067626953,10361033
2021-12-16,111.5311447213311,112.26035494083455,110.95545059342939,111.56952667236328,12156709
2021-12-17,110.68680271211616,111.37764278088957,106.31152912666525,107.00235748291016,17667617
2021-12-20,105.5439258689311,105.65906001214084,101.05350688331475,102.85735321044922,17238729
2021-12-21,103.66333124493936,105.04499957799936,102.70384097372097,104.43092346191406,8615570
2021-12-22,105.46717063769033,105.8893487183873,103.85523393756773,105.00662231445312,4968143
2021-12-23,106.31151819738204,108.23049867025898,105.27526405701758,107.8467025756836,6324169
2021-12-24,108.65269766712481,108.69107962648859,105.31366631547864,106.31153869628906,5657495
2021-12-27,104.81471874956357,105.96610706600872,104.39254069102815,105.42879486083984,4404298
2021-12-28,106.8104472436782,107.84670137248159,106.31151701130747,107.07910919189453,8738089
2021-12-29,107.61641767518121,108.11535960292193,105.50553925115383,106.61854553222656,6571286
2021-12-30,106.50341624466974,108.38401476558367,106.31151819738204,107.8467025756836,11556524
2021-12-31,107.80834253314457,109.72732339600769,107.04075018799931,109.30514526367188,6393760
2022-01-03,109.26674971497103,110.11109407159925,108.38401169494024,109.80406188964844,3765911
2022-01-04,109.8424605147928,114.06421807638468,109.8424605147928,113.45014190673828,16351836
2022-01-05,113.98744331616352,115.98318774947104,113.14308719918088,115.4074935913086,12977680
2022-01-06,115.59938308162162,116.21344743482258,113.87230073505872,115.75289916992188,9012777
2022-01-07,116.29022978929463,120.8957834443162,116.17509563293054,120.55036926269531,30889365
2022-01-10,121.47149962332425,122.35422621519551,120.05144897115144,121.54826354980469,16418985
2022-01-11,121.89364204869105,124.08127276149348,120.97253376369385,123.54396057128906,14457548
2022-01-12,124.88723656406812,127.19001294218563,123.88936445771192,126.61431884765625,21220614
2022-01-13,126.61433293409365,127.03651099288975,125.15591241737364,125.84674072265625,7445346
2022-01-14,125.07917120861734,125.34783321638405,122.96829224411542,123.6207504272461,11646259
2022-01-17,124.73375955663857,129.10903370319622,124.5802434258441,127.3051986694336,32577835
2022-01-18,129.18576418862415,129.26251637789116,125.42455553873137,125.76998138427734,11175409
2022-01-19,126.88299238221327,131.2582655583184,126.57594847619785,130.6825714111328,36648534
2022-01-20,131.18149271930344,131.18149271930344,127.80409197085018,128.07275390625,14474454
2022-01-21,126.88300461029844,127.72734908002616,124.5802277996307,125.61647033691406,8625926
2022-01-24,126.80623683556408,129.18577748578124,125.69323042015081,127.19003295898438,28783449
2022-01-25,125.1175341648134,127.95762308862567,125.1175341648134,126.76785278320312,14249846
2022-01-27,126.72948463839693,129.5311916543539,126.26892460528127,127.19003295898438,25936832
2022-01-28,128.61007457587598,134.0983540834559,127.61220238017218,129.56956481933594,32790065
2022-01-31,131.71884264074413,134.21351760202694,130.1452760918907,132.48643493652344,24031034
2022-02-01,133.5610531429848,134.25188149147166,129.3392957160514,131.2198944091797,14220953
2022-02-02,130.91284652372707,133.59941911026635,130.87446457284256,131.48854064941406,12478192
2022-02-03,130.49068166248833,131.45017196883015,127.42031268219449,128.5717010498047,12529302
2022-02-04,130.4906564212059,132.5631527395081,129.76144627194552,130.18362426757812,17434362
2022-02-07,131.02797930545444,133.02372360548975,129.87659106601717,132.1026153564453,11723574
2022-02-08,132.0258639906738,132.79345622317774,127.80410671190226,128.14952087402344,13231599
2022-02-09,128.87872761532844,130.18364374479415,125.19429437045105,125.84674072265625,17938632
2022-02-10,127.3051607568805,130.79769561433596,126.7678368903244,129.79983520507812,26763203
2022-02-11,128.91710158550543,130.8744639459711,128.2646552737015,129.07061767578125,12884995
2022-02-14,129.64628761738993,135.36485754189687,126.80619948316972,127.57379150390625,44604164
2022-02-15,130.49066281058816,130.49066281058816,120.05140510073053,126.000244140625,31146458
2022-02-16,126.26896414868135,129.64636640746312,126.26896414868135,129.37771606445312,15960268
2022-02-17,129.37766128089524,132.3328840778395,129.33927933027996,131.83395385742188,24640791
2022-02-18,131.41177969690858,131.83395774105935,127.95761486526511,128.87872314453125,11829998
2022-02-21,129.84832881718154,129.9646874720784,126.47414087123057,126.74562072753906,14222260
2022-02-22,129.15020809584462,129.15020809584462,126.62925808796778,127.94790649414062,29399172
2022-02-23,128.95629437863363,129.07264118807745,123.83682171706528,124.69007110595703,21301826
2022-02-24,124.69009220439004,125.96995466839824,121.00562602727743,121.50981140136719,28766189
2022-02-25,123.64292468719015,124.41860178519232,121.62617133392041,123.72049713134766,20225258
2022-02-28,124.49614099368581,125.54330953079247,120.85046197350978,124.61248779296875,20210070
2022-03-02,128.49090164522144,130.5852391986013,125.5821126387414,126.39657592773438,41103406
2022-03-03,130.5464396012751,133.2613090624714,126.35777675960873,132.09779357910156,42345653
2022-03-04,131.94265629545293,132.6407608286155,127.09467527101523,128.1806182861328,32658756
2022-03-07,129.61563554592936,147.2235016372949,129.61563554592936,145.0128173828125,132538155
2022-03-08,147.3786423648379,151.2182414697959,137.9153845380637,138.92376708984375,73127816
2022-03-09,141.94889140630886,142.56943537526342,134.85145157035012,136.05374145507812,51977091
2022-03-10,130.50765394310375,137.2172551915575,127.98670371834841,135.23928833007812,62112814
2022-03-11,133.80430407284618,136.82944012622264,133.18376000561946,136.28646850585938,26187452
2022-03-14,134.9677782874896,136.13129361755418,132.3304816070326,133.26129150390625,20214021
2022-03-15,130.54645340114206,131.47726351905416,125.38819377806237,127.01712036132812,42333127
2022-03-16,128.76238472340776,130.1973919381158,125.54332983967936,129.77076721191406,25545119
2022-03-17,129.22779108730091,133.02860359861913,127.67643710947446,132.09779357910156,66314748
2022-03-21,133.18376356379702,135.74350051206036,132.09782029405812,133.8430938720703,20614652
2022-03-22,136.67430237950066,140.5914740938458,134.81268207758083,136.09254455566406,39742745
2022-03-23,136.90698208621703,137.83779206183462,135.6271198492292,136.20887756347656,10994784
2022-03-24,138.76860435455063,139.93211980247327,136.90698437223088,137.6438751220703,20332589
2022-03-25,138.45833912336957,139.04009685077867,135.82104216013806,136.364013671875,13608989
2022-03-28,136.13130401684688,137.9929239528064,135.47197387842033,136.79063415527344,15253027
2022-03-29,135.7046996152862,135.89861888076555,132.2917252772063,132.64077758789062,14210783
2022-03-30,126.4353756374783,127.87038310146374,125.00036817349287,125.65969848632812,95239532
2022-03-31,125.54332501532687,128.18062203540524,125.0003416559947,127.13345336914062,33523683
2022-04-01,127.13345394303387,130.5076535843255,126.86197409803381,130.2749481201172,28335224
2022-04-04,129.49927435896927,131.12820081315178,128.25819824539906,130.35252380371094,17745513
2022-04-05,132.05899157743286,133.9981838179238,131.32210089322433,133.30007934570312,20054934
2022-04-06,132.330485215778,134.57994351422445,132.09777977624103,134.03697204589844,12969222
2022-04-07,132.3305030085819,134.81266708031043,130.46887107786657,130.9730682373047,24550313
2022-04-08,131.08940516791722,132.87346452850497,130.85669971464213,132.5631866455078,9529874
2022-04-11,132.64078064750566,133.9982155371731,131.51605124895977,132.79591369628906,9724979
2022-04-12,132.64075180932747,133.5715617355482,130.46885409088557,131.01182556152344,13184429
2022-04-13,132.95102853742208,135.6271235649895,132.40805702309365,135.16171264648438,23458303
2022-04-18,136.5191466986725,138.84617760830898,135.82104216013806,136.364013671875,23916912
2022-04-19,137.52753724275055,139.46672978188724,136.5191547552211,137.4111785888672,17880666
2022-04-20,137.21727561385256,137.5663397810223,135.58836078926512,136.13133239746094,10076403
2022-04-21,136.28645400477464,137.06213104730142,134.89023296104799,135.0841522216797,12246720
2022-04-22,135.0841507758549,136.75186350097312,134.7350984776323,134.96780395507812,10267952
2022-04-25,132.64076608927613,134.19212007862438,130.5464405708343,131.59359741210938,12583497
2022-04-26,132.71836537646064,133.18376456589593,128.5297016561787,129.49929809570312,20086229
2022-04-27,130.2749452128436,131.0118359698155,126.70683823954599,127.87035369873047,13981957
2022-04-28,128.76239121515977,128.76239121515977,126.00873530091006,127.83158111572266,13030499
2022-04-29,129.15023079334958,129.8871216349019,123.72049136059614,124.45738220214844,15964743
2022-05-02,122.67330097651984,123.52655032852996,120.92802789495505,121.27709197998047,23405519
2022-05-04,123.33265664875049,126.28023194212564,122.51819334143862,125.85360717773438,23661920
2022-05-05,127.36615656488242,130.62399748342068,126.74561261947242,127.87035369873047,26878516
2022-05-06,127.13348041608474,129.84835044675313,124.96159386026525,129.49929809570312,16768573
2022-05-09,128.18064710185814,129.7707876025244,126.24145425614168,127.79280853271484,9952775
2022-05-10,124.45735258417322,125.38816246966974,118.60098979391827,119.80329132080078,22602956
2022-05-11,119.45425807748886,124.10832008050791,119.26033882736307,123.02237701416016,15084514
2022-05-12,123.33262483151957,124.88397860298522,119.45424040285543,121.3934326171875,21459069
2022-05-13,124.10831583615828,124.34102129552934,118.63979080244928,119.1052017211914,12934346
2022-05-16,119.60938538658488,121.19952552869965,117.74776540882051,119.06641387939453,13205775
2022-05-17,121.00559641712583,126.9783061807931,120.65654417925447,126.55168151855469,17843200
2022-05-18,125.65967458200781,127.59886709098942,124.2634536083627,126.59048461914062,12616832
2022-05-19,122.98358528105382,125.69845466105107,122.4018275567687,124.10831451416016,8932407
2022-05-20,125.38818066710034,127.0558932967091,124.18589080162084,125.58209991455078,7235654
2022-05-23,125.46575781774337,127.36616414703155,119.95844624872827,120.30751037597656,18029557
2022-05-24,122.09155554956111,122.36304723499387,116.46789727727138,116.8557357788086,19141394
2022-05-25,118.60101028505069,118.8725019733433,114.48993159416408,118.36831665039062,19366472
2022-05-26,118.52345672411045,118.91129525276533,114.87777692193308,117.8253402709961,12824105
2022-05-27,120.22993869850596,120.61777721043661,109.44803280119032,111.5423583984375,52469252
2022-05-30,112.9773585374154,114.25723278209152,109.48681178339565,111.73628234863281,40261336
2022-05-31,112.78343633695637,118.67858654684272,112.78343633695637,117.32115173339844,57675204
2022-06-01,117.28237561141847,118.601024319396,115.38196907616616,116.15764617919922,22780094
2022-06-02,114.6450525089913,118.60099774658578,113.24883166917945,118.25194549560547,25429955
2022-06-03,119.41550091919774,119.6094202165124,117.24360242209445,117.59266662597656,16747177
2022-06-06,118.75615557762417,121.00561418386489,118.52345010624605,119.41547393798828,30327268
2022-06-07,120.07479481088662,126.39655724976163,119.60938390426777,125.54331970214844,61411715
2022-06-08,126.82319316413695,129.07265179477093,125.73725006711891,126.74562072753906,45994327
2022-06-09,128.76238236192776,129.80955104922788,127.59886685865735,128.413330078125,31122996
2022-06-10,127.21103985708915,129.26657936432522,126.70685449445172,127.71522521972656,17812698
2022-06-13,125.6596837743941,127.17225167487031,122.9060278430236,123.75927734375,12237777
2022-06-14,123.75925375306655,124.53493066554469,120.46262687503442,120.96681213378906,12844437
2022-06-15,121.74251788044914,121.97522337648594,116.97210847321412,117.43750762939453,16223385
2022-06-16,115.69223435125063,117.5538664866817,110.61155883162641,111.34844970703125,25130676
2022-06-17,110.49519764863575,112.58952339688501,109.09897653783858,109.71952056884766,22922034
2022-06-20,107.50883706455326,107.74153069612169,100.83801012211799,104.25098419189453,28656582
2022-06-21,105.56963665201198,108.74990501603506,104.71638728055483,107.89666748046875,20581784
2022-06-22,106.22895878769195,106.22895878769195,101.61368317844466,104.60004425048828,31824106
2022-06-23,103.9407200586173,105.80234016113127,102.54449906378584,104.56126403808594,26829020
2022-06-24,106.26774629861899,109.37045421974656,104.87152536693331,106.53923797607422,25461812
2022-06-27,108.59479277378257,110.61155794536721,106.46168077286899,109.75830841064453,24188349
2022-06-28,110.76666495393657,117.70897092115267,110.26246786163631,115.84735107421875,54387675
2022-06-29,115.84736236039578,122.09155261642056,113.40397275787646,119.57060241699219,165860322
2022-06-30,118.67859292119064,119.80332231699066,115.7698038790046,117.55386352539062,38725546
2022-07-01,115.53707837562503,117.24356528427208,100.83800266239956,101.6524658203125,125788305
2022-07-04,100.79923555621644,100.79923555621644,96.26152575979913,97.73531341552734,85993413
2022-07-05,98.51098653759216,99.752074566911,97.73530947824105,98.82125854492188,44595740
2022-07-06,95.40827846413944,95.79611699448147,92.96489453939539,93.8181381225586,59092334
2022-07-07,94.05084625429471,96.30031097716198,94.05084625429471,95.7961196899414,36229792
2022-07-08,98.00679099635046,98.00679099635046,93.8569200931753,94.24475860595703,42778692
2022-07-11,94.24475745090925,97.65773750514866,93.89570516086205,97.34746551513672,31521678
2022-07-12,96.88206439075682,98.31706574466365,95.79611534095433,96.26152038574219,25216226
2022-07-13,94.98164318199409,96.8820553207196,94.16718590935086,96.53299713134766,27166975
2022-07-14,96.4942227828459,102.85477791813044,96.02881775293386,98.62733459472656,38464081
2022-07-15,98.97636817965713,99.59690612960019,96.64933755199459,98.16191101074219,18088858
2022-07-18,98.54975721340033,101.38097329910472,98.47218478534373,100.76042938232422,21010247
2022-07-19,101.22585023755215,103.32017580632312,96.53300193982058,99.20909118652344,33778758
2022-07-20,104.71641618884384,105.95750437432852,102.5445177821927,102.81600952148438,60317150
2022-07-21,103.16504231075147,103.5528808156791,102.23423226610352,103.24261474609375,20853780
2022-07-22,103.78558728686325,103.78558728686325,102.0403139978551,102.73841857910156,11630255
2022-07-25,102.38937137199669,102.73842367994999,99.59692923658521,100.6828842163086,21705935
2022-07-26,101.49733884411874,102.07909658643683,99.09273544151402,99.44178771972656,22172845
2022-07-27,100.13990606837349,100.99314367224058,99.13152359481077,99.75206756591797,20187969
2022-07-28,101.14827583148724,101.22584826566435,99.48057501970463,101.03192901611328,25736737
2022-07-29,101.18706525399958,104.32855956342232,100.76044052429417,104.05706787109375,19738642
2022-08-01,104.0182821074013,107.81909436877892,103.32016576175243,107.35368347167969,20592826
2022-08-02,106.03504943847656,106.30654113795406,104.40613474928868,106.03504943847656,15037928
2022-08-03,105.49207274095109,107.39247903712074,103.78558569614347,105.2205810546875,15853543
2022-08-04,104.21221536332143,106.38410161296333,103.94072366417002,105.68599700927734,14311959
2022-08-05,104.79396268426383,107.43125963036394,103.63044723700358,105.8799057006836,66480753
2022-08-08,105.7247726748938,106.65558266552378,104.75517646884359,105.8799057006836,12451233
2022-08-10,105.80233656597272,106.07382824648121,103.51409181558526,103.78558349609375,15829467
2022-08-11,104.3285591498097,105.4920746793615,102.4281528187202,103.0099105834961,19479706
2022-08-12,103.86313774754935,108.36206637607967,103.5528717052607,107.97422790527344,40876891
2022-08-16,108.20693984896907,110.06855988620761,105.56964282356586,108.55599212646484,31230003
2022-08-17,108.55600107607421,109.2153313047275,107.58640476093261,108.32329559326172,15694770
2022-08-18,109.79250460549754,109.83221498734498,106.97323714502991,107.64827728271484,42597708
2022-08-19,109.19686271488987,109.9910217164527,106.45701658307904,106.89380645751953,35382493
2022-08-22,106.81440666907444,106.81440666907444,103.08186105291868,104.74958801269531,31231393
2022-08-23,104.74956627533744,106.57613438187323,103.32008978300075,106.21876525878906,24268146
2022-08-24,106.97322130751597,109.1174483128433,106.81439192154828,108.00563049316406,22730039
2022-08-25,108.79979010924309,109.71306817175703,108.12475006797246,108.44242095947266,14620592
2022-08-26,108.40270868921358,109.79248700574196,108.08504992116919,108.5218276977539,12105053
2022-08-29,106.57614808804297,108.48213718611821,106.21877891899952,107.92621612548828,9198908
2022-08-30,109.51451361476141,111.06313325107685,109.23656525488968,110.0704345703125,21720398
2022-09-01,107.211478608412,108.20417748441581,106.53643852556692,106.97322845458984,20349294
2022-09-02,106.97321393604788,107.80708330229851,105.06723719996465,105.42460632324219,17495310
2022-09-05,105.54371643537303,106.33787536150196,105.3451767038408,105.9407958984375,14865879
2022-09-06,106.49673486918064,106.53643312788451,104.59074585307678,104.90841674804688,10870488
2022-09-07,104.03482809966465,105.5834357126818,103.28037947977471,105.22606658935547,12042788
2022-09-08,104.5510355076749,106.53643315968472,104.43191649571654,104.70987701416016,14629497
2022-09-09,105.22605895996094,106.57612672680989,104.78926912182942,106.41729736328125,12327341
2022-09-12,107.21145629882812,107.5291150258854,106.09963863622397,106.41729736328125,13500202
2022-09-13,106.57614076061726,107.33058942515088,106.02023185611382,106.337890625,10846178
2022-09-14,105.18635555139903,106.49672515252087,104.82898643033108,105.78197479248047,8597956
2022-09-15,106.0996399020529,106.73495736374716,104.82898074285674,105.30548095703125,10810473
2022-09-16,104.11424891803237,104.82898716517857,103.24066917782739,104.23336791992188,20909579
2022-09-19,104.90840858851632,106.69526633581418,103.00241972065582,103.67745971679688,19411428
2022-09-20,104.35248619030415,106.09964565846659,104.27307756223598,105.78197479248047,13080582
2022-09-21,104.9878307023771,105.7819898031786,103.28039348281635,103.9554214477539,11156865
2022-09-22,103.55833454105824,103.9157158053572,101.73177843328966,102.1685562133789,11366882
2022-09-23,101.85089234545137,102.52593234655973,101.2552730919692,102.12885284423828,10407849
2022-09-26,101.09645787292204,102.28769654671632,97.40361677236915,98.0389404296875,12848954
2022-09-27,98.75366941905536,101.572936263541,98.35658992315328,98.83308410644531,14465123
2022-09-28,98.43600598935936,98.43600598935936,96.4903188557664,97.32418823242188,15267018
2022-09-29,98.07863628595416,101.81118115422736,98.07863628595416,100.58023834228516,20597761
2022-09-30,99.66695458404457,105.14664684150348,99.66695458404457,100.6993637084961,33530494
2022-10-03,104.5907357272889,107.21146279701915,103.71716811598176,105.14664459228516,50966493
2022-10-04,107.1320496651207,107.21147041629489,104.67016391148968,106.337890625,14137567
2022-10-06,108.40270126015862,108.44241163291905,105.14664458027414,105.34518432617188,14570735
2022-10-07,104.86870551248127,106.61585300783679,104.19366546936628,106.45702362060547,13532236
2022-10-10,105.62314604281485,106.41730503561797,104.98781642499145,105.82168579101562,10183057
2022-10-11,105.82168719309293,106.02022694392424,103.4392101831171,104.11425018310547,13176461
2022-10-12,104.11425778106654,104.82899608905696,102.52593965850507,104.31279754638672,9401804
2022-10-13,104.19366660701284,104.70987726853278,101.37440556968171,103.1215591430664,13320136
2022-10-14,104.8290028446999,105.46433255824905,100.89791766160492,101.33470153808594,13205955
2022-10-17,100.85820818360597,101.81119670349182,100.06404906405002,101.49353790283203,9320940
2022-10-18,102.00971222045851,102.52592279613354,101.33467834118284,102.208251953125,6490293
2022-10-19,102.2082762632698,102.2082762632698,101.175873043219,101.49353790283203,7381712
2022-10-20,100.85820099827325,104.03483725018737,99.90521254628014,102.92301940917969,18748363
2022-10-21,102.72449378503407,105.94082873855035,102.24799343448713,104.47164154052734,11945173
2022-10-24,105.6231543386263,106.41731339380395,105.14665405835753,105.46432495117188,2154912
2022-10-25,105.18635631819393,105.54372544186707,103.12155020480218,103.83628845214844,10232002
2022-10-27,103.83630415176822,104.98783244344555,103.47893497406234,104.67017364501953,13865026
2022-10-28,104.9084071503374,107.6879636080294,104.6701570303829,106.1790542602539,22918037
2022-10-31,106.7349720187839,107.37030168561468,105.46432480302784,106.45702362060547,8753855
2022-11-01,106.4967244275253,107.76737152910616,106.4967244275253,107.33058166503906,11630848
2022-11-02,107.88651080748346,110.54693633002019,107.48943128609841,108.36299896240234,21117499
2022-11-03,108.32329559326172,108.56154574508433,107.41001748216544,108.32329559326172,7561534
2022-11-04,108.32329785199923,109.91161607339457,108.04534943399887,109.47483825683594,7498344
2022-11-07,110.03074645996094,110.38811563375515,108.60125764687783,110.03074645996094,9987481
2022-11-09,110.34838805748755,110.38809843014403,108.79978046712037,110.11013793945312,12033732
2022-11-10,109.19686987532201,111.85730755217386,109.11744912279595,111.06314849853516,15908521
2022-11-11,111.6587505562041,112.21465938437537,110.54692078195795,111.53961944580078,18492513
2022-11-14,111.65875888841236,111.97641763738498,110.07044090774023,110.58663940429688,12743505
2022-11-15,111.18227472250658,113.84271257195763,111.18227472250658,113.04855346679688,24636519
2022-11-16,113.40591241231152,113.80299192907879,112.13525311149421,113.48532104492188,11460200
2022-11-17,112.73085785460448,114.20005672441222,112.53231812181444,113.72355651855469,13368536
2022-11-18,113.68386989061243,113.76329064747644,111.3411029779978,112.57205200195312,19958908
2022-11-21,113.40591027155914,113.69776880663113,112.07171800237356,112.94728088378906,16348881
2022-11-22,112.53033332805595,113.32250432223042,110.8209036729644,112.73880004882812,11198874
2022-11-23,113.03068193032632,113.94792805719719,112.1968148747338,113.8228530883789,9010911
2022-11-24,113.82284036702066,116.7413747354058,112.9889734046249,116.28274536132812,11803087
2022-11-25,115.90751578125703,117.82541247203804,114.86518200624573,117.20001220703125,9789098
2022-11-28,116.32446037338562,117.74203189769153,115.94922272339319,116.40785217285156,8925344
2022-11-29,116.78307350851935,117.65863638538902,116.32444412313043,116.94984436035156,13558920
2022-11-30,116.4078375088763,118.24234235181376,116.4078375088763,117.65863800048828,17720938
2022-12-01,117.95048211108696,118.40911149614902,116.57460667970116,116.78307342529297,27727625
2022-12-02,118.28402793189552,120.74393280613462,117.19999838893267,117.4918441772461,24518337
2022-12-05,117.99217699133831,120.03514853582759,117.241701803175,119.86837768554688,18440387
2022-12-06,119.11790960784666,119.36805953629968,117.70032548634062,118.78435516357422,10977472
2022-12-07,117.40846627483914,118.2006373134853,116.82476196866827,117.28337860107422,9731670
2022-12-08,117.78369468889291,119.2429617027376,117.03321959986366,118.95110321044922,10150945
2022-12-09,118.82603624477615,119.20127381447344,116.9915315633009,117.3250732421875,9438307
2022-12-12,116.74136594830127,118.82603319737808,116.07426988383686,118.70095825195312,8946335
2022-12-13,119.28467611186633,120.6188556688294,118.86774261460276,120.36870574951172,12593054
2022-12-14,120.36870576595183,123.91264049317618,120.16023901729157,123.07877349853516,17692988
2022-12-15,123.12044515497789,124.12109563400655,122.28657823832027,122.95367431640625,11426194
2022-12-16,123.70419409367669,125.49700333754919,122.57846837621084,122.7452392578125,20540447
2022-12-19,122.62013825902254,123.03707173645968,120.91070845677028,121.57780456542969,10635055
2022-12-20,121.32764068582003,121.91134500346607,119.32636510423364,121.61949920654297,6714207
2022-12-21,122.16149748160865,122.41166008947067,118.99280080422014,119.65989685058594,10011408
2022-12-22,120.91069521510119,121.03577015511462,118.03385708060505,118.61756134033203,9123323
2022-12-23,117.24169631341334,119.65990533875329,116.15766675164728,116.57460021972656,8007752
2022-12-26,117.15832038100105,119.11791303561309,116.32445333202595,117.8254165649414,7150680
2022-12-27,118.49250394063246,121.24425481865521,118.49250394063246,120.74394226074219,8765357
2022-12-28,119.61819356462016,120.61883121038865,118.9927934455401,119.9934310913086,9534858
2022-12-29,119.03451610226902,121.74458389443977,118.82604934902511,120.61885833740234,36752195
2022-12-30,121.28595023482461,124.03771382580422,120.53547503901218,122.36997985839844,9644998
2023-01-02,122.82859329185827,125.7471273557744,122.78689740332828,125.45526885986328,9631496
2023-01-03,124.82989369241528,125.58038166479533,123.41232226521029,124.70481872558594,14991139
2023-01-04,124.07938881278851,124.12108469970812,120.9106922638722,121.9530258178711,13535874
2023-01-05,121.61949823160558,122.57844012263692,120.20191425522917,122.16150665283203,16320559
2023-01-06,122.32829433213281,123.49571584253948,121.9947525999032,122.87031555175781,16804116
2023-01-09,124.49633097509334,125.246806097143,123.2455306224778,123.5373764038086,18660445
2023-01-10,123.91263991805475,125.33021125760493,123.91263991805475,124.53804016113281,18490715
2023-01-11,124.66311278770691,125.08004627529121,121.95304511840894,122.41167449951172,12538238
2023-01-12,123.16215584471345,123.62078524874386,121.53611770660652,121.86965942382812,13270422
2023-01-13,122.07812140734943,122.99538017956465,121.66118791521531,122.53675079345703,8854484
2023-01-16,123.16215256371892,123.24554435270325,121.74458121758929,123.07877349853516,9696320
2023-01-17,123.662461368736,124.2461656424306,122.28657337667137,123.28722381591797,18484595
2023-01-18,123.62079144961871,124.87159203764183,123.5790955519243,124.45465850830078,12139643
2023-01-19,123.4540015440649,126.83116515567511,123.4540015440649,126.539306640625,18437610
2023-01-20,126.74780262374667,127.16473618500899,125.53869784084642,126.41426086425781,17512691
2023-01-23,127.20641318895443,127.66504258297255,126.20577533533348,127.03964233398438,16742252
2023-01-24,127.03966263374147,127.74844206157073,126.41426228482014,126.87287902832031,8276792
2023-01-25,126.12236340480894,127.91517207608511,126.03897162874085,127.12300109863281,9827342
2023-01-27,127.12304050900232,128.5406120750414,122.24492546788527,123.12047576904297,13052535
2023-01-30,122.99538321571042,124.12110876178129,119.45144844508826,120.82732391357422,12688399
2023-01-31,121.03579066478729,123.32892492813104,120.28531544994053,120.82732391357422,19050398
2023-02-01,121.5778283032466,121.74459918202312,118.70098929199354,120.28533172607422,11526089
2023-02-02,119.24300268297277,120.91073698623113,117.283409787123,119.61824035644531,11886667
2023-02-03,119.65990737397092,121.20256632162221,116.8247648323306,120.3270034790039,9250428
2023-02-06,118.15893392721257,120.24360111973148,118.07555487379108,119.65989685058594,6436143
2023-02-07,119.99345807767062,120.8690209860552,118.57588670037225,120.61885833740234,8681511
2023-02-08,121.24423132946872,121.66116474218876,119.36803097222854,119.9934310913086,10325869
2023-02-09,120.61883501183156,122.0781020023422,119.40973062159672,121.91133117675781,8078404
2023-02-10,121.86966342758205,122.57845550471488,120.74395055212567,122.32829284667969,6396208
2023-02-13,122.95367211734784,124.07939752422149,122.24489288514519,123.5373764038086,6563018
2023-02-14,123.95434565181758,124.41297512498538,122.57846995611699,123.7875747680664,6991500
2023-02-15,124.24619244074418,124.5797341765678,121.32765771898173,122.99539184570312,12631259
2023-02-16,125.08003768598057,130.45847676171786,123.74584552781035,129.99984741210938,30949761
2023-02-17,129.66629848100027,132.4180617009195,128.7490398330943,130.58355712890625,19874561
2023-02-20,131.0839087108747,131.58423407236378,128.7490782302632,129.12432861328125,8348393
2023-02-21,129.16598474442367,129.9998516897687,127.95688021843334,128.4989013671875,7599927
2023-02-22,128.6239786496171,128.8324453897299,126.4976153557062,128.08197021484375,9599697
2023-02-23,128.16536363363167,130.25003126828346,127.79012600415464,128.95753479003906,18675946
2023-02-24,129.89914312055035,132.98077546371627,128.18712805471114,132.68116760253906,14648507
2023-02-27,131.82514754585597,133.57996543395618,130.9691400942595,132.89515686035156,11904749
2023-02-28,131.95353729307465,133.06634954064714,129.42831804080706,130.1559295654297,17607584
2023-03-01,130.11312538732238,132.76675356395523,129.98472950139734,132.50994873046875,7707977
2023-03-02,132.2531511800774,132.72395789045686,130.6695321710656,131.86795043945312,8219892
2023-03-03,131.82515218230856,133.28036228887666,131.3543454550442,132.03915405273438,8260104
2023-03-06,132.42436840388154,136.7044062518521,131.43996492350388,135.42039489746094,14491522
2023-03-08,134.00797047235196,135.97679024263567,133.87956151637243,135.4631805419922,7339476
2023-03-09,136.14799647210506,136.23358938574145,133.5799739535302,133.79397583007812,5314022
2023-03-10,133.19478315394394,134.13638364422417,131.99636471862507,133.36598205566406,4689681
2023-03-13,133.70837985910435,135.2491960978635,132.8523722888647,133.36598205566406,8785721
2023-03-14,133.3659708949494,134.26478138081197,131.0119502737863,131.2259521484375,7177342
2023-03-15,131.82517759159597,132.21037842028235,129.94196338118692,130.58396911621094,9832270
2023-03-16,129.42832481883534,131.31153861092957,126.68910357018578,130.28433227539062,18551936
2023-03-17,131.39715730193114,132.5955626324725,130.07034300349275,131.09754943847656,16593429
2023-03-20,130.96915199907664,131.9535554332379,129.77074668256395,130.3699493408203,8749355
2023-03-21,131.09753991764842,131.61114962865918,129.21432608000487,129.72793579101562,6148489
2023-03-22,130.45553430970375,130.7979451375901,129.12873316926144,129.72793579101562,4329409
2023-03-23,129.3427330387206,131.09753789066048,128.6579244551737,130.79794311523438,4484564
2023-03-24,130.71233950158475,131.14034324131597,127.37391555633633,127.88751220703125,8301726
2023-03-27,128.0159249225966,130.49834146122984,127.75912005889435,128.61512756347656,7437261
2023-03-28,128.61511292385254,128.61511292385254,125.53348103346836,126.00428771972656,8964539
2023-03-29,126.04710557079108,129.12873782468125,125.40509993970046,127.8447265625,24012834
2023-03-31,128.48670713722035,130.96912320201616,128.44390415783377,129.29991149902344,7998472
2023-04-03,132.2531394475613,135.12076937868386,131.0547343471245,131.52552795410156,20016785
2023-04-05,134.17917910705444,134.69278884503817,130.583950126083,130.883544921875,15880397
2023-04-06,131.14034553526972,131.3543474088787,128.74352193852133,128.91473388671875,10670936
2023-04-10,129.00034469384272,134.82119907579215,128.4011419769449,134.52159118652344,17431401
2023-04-11,134.4787829884794,136.36199686934353,133.8795672913354,136.1479949951172,13305621
2023-04-12,136.10518498802236,136.14798797298752,134.05077232606556,134.94956970214844,7333339
2023-04-13,135.37757985450796,137.38920268862265,135.24918395515502,135.8911895751953,11610851
2023-04-17,136.19078700061965,137.34638919127778,135.24917360529517,137.08958435058594,9358885
2023-04-18,137.08957336592164,137.43198414661978,136.4475678464528,137.04678344726562,8008560
2023-04-19,135.5059675882133,137.3463781860363,135.29196574839037,137.04678344726562,11374283
2023-04-20,136.61878004595437,137.04678372647223,135.6771667241608,136.2335662841797,5733670
2023-04-21,136.019574028594,136.83279152819023,135.8483751566504,136.61878967285156,3512214
2023-04-24,136.61880176753246,137.60320516458353,136.36199690606415,137.17520141601562,7028440
2023-04-25,137.13240785471754,138.50202516893154,136.96120895585048,137.51760864257812,10169778
2023-04-26,136.9611990236647,138.33081623855648,136.74719715019023,137.9456024169922,9177783
2023-04-27,137.1323936982204,137.7315963132174,136.61879705463897,137.00399780273438,6456825
2023-04-28,136.79000480778856,136.79000480778856,132.55277018064479,136.06239318847656,12656744
2023-05-02,136.53319239507528,141.0700346293081,136.4047964983556,140.59922790527344,16612560
2023-05-03,139.44361553131353,139.8288293528778,137.68881061813303,137.9456024169922,8029435
2023-05-04,137.6460160688737,137.98841386276692,136.2763987700238,137.8172149658203,9929482
2023-05-05,137.86002326261874,138.63042485935563,136.70440780587438,137.218017578125,5488707
2023-05-08,137.21800870474598,141.54084931312298,136.96120383522728,141.24124145507812,9699470
2023-05-09,141.24124408669982,142.52525539657893,140.7276343380928,141.4552459716797,7600834
2023-05-10,141.45523606338773,143.50964879063667,141.24123419339773,142.9104461669922,10901429
2023-05-11,142.1828283316762,144.3656366597481,142.1828283316762,142.99603271484375,7877677
2023-05-12,143.93764978343637,144.66526135217026,141.24123149768104,141.6692352294922,16373574
2023-05-15,141.66923106763053,142.61084447460792,140.72761766065312,141.7548370361328,8559162
2023-05-16,144.06605472218195,144.23725359780448,142.73924057824271,143.8092498779297,12249266
2023-05-17,143.80925719941143,143.80925719941143,142.18284820573982,143.16725158691406,7360259
2023-05-18,143.3812693349076,144.1944739217927,142.09725796772935,142.39686584472656,7433090
2023-05-19,142.26842131663813,142.73922797927173,140.38520772773953,141.15560913085938,5969632
2023-05-22,140.47082587842016,142.43963253760336,140.47082587842016,141.7548370361328,7331865
2023-05-23,141.75485119411553,142.99605949154463,140.77043470456687,141.24124145507812,10119254
2023-05-24,141.24123938997886,142.48244766926015,140.9416315363146,142.31124877929688,6107980
2023-05-25,142.31121557304658,143.29561875686778,141.455208261329,142.0972137451172,8077606
2023-05-26,142.14006955065543,143.29567201398314,138.93004093867876,140.17124938964844,14873707
2023-05-29,136.96121695656447,137.17521885805908,133.96519033563962,136.10520935058594,43253971
2023-05-30,136.70437455149582,138.4163892936852,134.607159104641,135.97677612304688,16117505
2023-05-31,136.10520201593337,136.4475998152173,128.44393696761583,132.59556579589844,83741017
2023-06-01,132.42433831024712,133.537150510159,131.14032724764945,131.52552795410156,13982606
2023-06-02,132.6811517653788,132.6811517653788,131.31153465153307,132.42434692382812,9851058
2023-06-05,133.10916554451393,133.5371692922455,132.2103550619501,133.0235595703125,11850547
2023-06-06,133.10914682262643,133.45154454799808,131.14032724764945,131.52552795410156,8118800
2023-06-07,131.48274497111578,132.25314642466304,130.5839345675529,131.69674682617188,12180164
2023-06-08,132.25317013304763,134.09358119179691,131.99636524861683,133.62278747558594,13850599
2023-06-09,134.13636977057996,134.3075686545931,131.65395329829542,132.03915405273438,11764248
2023-06-12,132.55273913607948,132.89513684048302,130.62672266013047,132.72393798828125,11017643
2023-06-13,132.85233288929356,133.70834020566997,132.039128551063,133.23753356933594,10073644
2023-06-14,133.62279054466688,135.59159756003208,133.40878864633245,135.1208038330078,9695952
2023-06-15,134.82117380889008,135.16357156533715,133.70836150798132,134.94956970214844,7426254
2023-06-16,135.46318255867928,135.80558032311416,133.83677358515737,134.39317321777344,11466647
2023-06-19,135.1635653164454,135.63437200602166,133.96516016264823,135.07797241210938,4718221
2023-06-20,134.86396730567265,135.07796915380555,134.0079599131411,134.60716247558594,6059738
2023-06-21,134.39317909256303,137.43200836590083,134.05078131316077,137.1324005126953,8284206
2023-06-22,137.13240259238347,137.77440823472764,134.82118489227219,136.06239318847656,10629027
2023-06-23,136.1051923842593,136.1051923842593,133.0235601622247,134.3075714111328,8722650
2023-06-26,134.39317738571515,135.46318675980524,133.40877398620742,134.3075714111328,4273205
2023-06-27,135.9768114263455,135.9768114263455,134.69280003633898,135.1208038330078,9730174
2023-06-28,135.12079854116166,137.0896054794209,134.00798610107682,135.72000122070312,40243993
2023-06-30,137.8172202713247,137.8172202713247,136.06240212138061,137.218017578125,7840112
2023-07-03,137.21800707550017,139.74322662890154,136.9612022090306,139.44361877441406,9548822
2023-07-04,139.10118489421504,139.44358258622384,136.96116666507325,137.98837280273438,5394282
2023-07-05,138.67320838809735,140.72762106548834,138.1168087642815,139.35801696777344,8795342
2023-07-06,139.3580217889544,141.92604425535416,139.14401991675442,141.58363342285156,9845699
2023-07-07,141.6692446554108,142.09724841569908,139.3580269621819,139.9572296142578,7597171
2023-07-10,140.29961943257308,141.58363064054038,139.10121419645859,139.31521606445312,5437687
2023-07-11,139.74323405757883,141.32685326696037,139.44362618716437,140.8988494873047,6343183
2023-07-12,142.0544184001138,144.66524345346502,141.45521586204197,143.50962829589844,15614026
2023-07-13,144.36566006353723,144.9220727771125,143.12445179731233,143.6380615234375,11350009
2023-07-14,144.66527058137925,145.307276220054,143.9804619544652,144.8792724609375,9448062
2023-07-17,143.63805451238605,144.15165115180437,142.2256343653018,142.43963623046875,4968847
2023-07-18,142.4396415174516,143.93765462922255,142.14004673208007,142.86764526367188,4322257
2023-07-19,143.12444329460192,143.76644888329926,142.1828429348281,142.73924255371094,5968174
2023-07-20,142.9532517967635,143.89486526678652,142.0972443009745,143.12445068359375,5217131
2023-07-21,143.2528443479922,146.37726614933214,142.5252328296129,145.9920654296875,7842863
2023-07-24,146.93368849272116,147.44729823954623,145.73528316564727,146.37728881835938,8451631
2023-07-25,147.23331729249458,148.38893285636505,146.63411454374855,148.08932495117188,10480578
2023-07-26,148.8169234503377,149.20212425015572,147.2333041979713,148.0465087890625,9103949
2023-07-27,148.4745046715579,148.6457035666201,146.12048394494684,146.37728881835938,7731146
2023-07-28,146.12047455788658,149.75850635620768,144.57965847803484,147.0620880126953,9004252
2023-07-31,147.91810505158793,151.94133786440216,146.71968666243492,151.55613708496094,9277749
2023-08-01,150.0581102841134,151.51332035314383,149.20210282449113,151.2565155029297,5584773
2023-08-02,151.51332770043064,152.9257348526439,148.9453051970335,150.61451721191406,8975495
2023-08-03,150.0153117864344,150.48611851563805,146.80528371682456,147.3188934326172,6152393
2023-08-04,148.388916015625,149.3305164963231,147.31890656371436,148.388916015625,4605271
2023-08-07,149.20212425015572,149.37332315433716,147.3189101808816,148.0465087890625,2240015
2023-08-08,148.00370216362612,148.77411680598507,147.7469103444786,148.388916015625,3631238
2023-08-09,148.38888803628794,151.7273116721201,148.34608505395443,151.42770385742188,4852294
2023-08-10,152.45494179540856,153.8673489533572,151.42772234056812,152.9257354736328,10430692
2023-08-11,153.1397346560422,153.82454326001064,151.25652079135725,151.6845245361328,4112277
2023-08-14,154.08132317360867,154.4665238692156,151.812908918207,152.3693084716797,12876956
2023-08-16,150.9141221180024,153.61054046931378,150.48611837578554,153.2681427001953,8371665
2023-08-17,152.968554332872,153.31096520722593,151.59895002037422,152.1553497314453,5199363
2023-08-18,152.4986991127388,152.4986991127388,149.49422140245193,150.48141479492188,6734650
2023-08-21,150.48141224056013,151.33983442892787,149.6229900521924,151.12522888183594,3599820
2023-08-22,151.12522521264958,152.713298363483,150.73893785695944,151.2110595703125,5348036
2023-08-23,151.94072469075522,152.11240650573745,150.223880343967,150.65309143066406,6379611
2023-08-24,150.6531036516899,151.68320772362858,148.33536621520685,148.5928955078125,7976333
2023-08-25,148.59290184061422,150.43850450239097,148.37829627071065,149.96636962890625,4757915
2023-08-28,150.30973448558916,150.91062741399261,149.83759964952807,150.39556884765625,4354221
2023-08-29,150.73893371110407,151.16814478306225,150.18095145846897,150.82476806640625,4596468
2023-08-30,150.82476731336106,151.85487126122106,150.22387443531628,150.86769104003906,5937955
2023-08-31,150.91060596704455,151.08228776526332,148.54994522071232,149.49420166015625,15823452
2023-09-01,149.70882586768204,158.59350084307434,149.70882586768204,156.0182342529297,22460960
2023-09-04,157.8209123537752,158.33595776783596,156.0611443841496,157.04832458496094,10998180
2023-09-05,157.52047240242666,159.66652788474855,156.57620275081177,157.17710876464844,13506519
2023-09-06,158.7222435834798,160.310329733215,156.53327767233392,157.13417053222656,11954407
2023-09-07,158.80810639225305,158.9797882118994,155.37441760539355,156.0182342529297,11137801
2023-09-08,156.66203229370336,158.76516380616906,156.23282124632334,158.33595275878906,9737214
2023-09-11,159.19439953443833,159.6236106483616,156.4903747561153,157.43463134765625,10845871
2023-09-12,158.67932127954333,158.72223190328495,154.68765088549827,155.28854370117188,15524470
2023-09-13,156.14697114723643,158.55055559146578,155.28854906704606,157.8638153076172,10578786
2023-09-14,158.59350635371447,162.1559533544721,158.12137150941942,161.2975311279297,17746404
2023-09-15,164.55952173444348,164.55952173444348,159.32315453583726,160.2244873046875,19924829
2023-09-18,159.4948196645684,160.9541345312892,158.8939268486811,160.31031799316406,5022956
2023-09-20,160.05279975992883,162.67098981463653,159.83819423246888,161.55503845214844,12687099
2023-09-21,161.72672529079645,161.76964901732154,159.70944112894134,160.2674102783203,7814108
2023-09-22,160.18158469135292,161.12584123417713,158.8081039582666,158.89395141601562,7814821
2023-09-25,159.66653105126557,160.26742397853602,159.0227143938008,159.23731994628906,5540062
2023-09-26,159.66653852805632,161.51214112648702,159.0227218404432,161.1687774658203,12446655
2023-09-27,162.49931575824323,162.49931575824323,159.9240493059683,160.7395477294922,5630907
2023-09-28,162.15593382410904,162.67099233739336,160.09572596793595,160.91122436523438,14890642
2023-09-29,161.81255904479107,165.03164178440895,161.51210608303427,164.6882781982422,10085766
2023-10-03,162.49931849530057,162.49931849530057,157.6492254027341,158.46473693847656,22118500
2023-10-04,158.3359629848638,158.46473416648345,156.31867879098115,156.87664794921875,9360058
2023-10-05,155.58899690963455,157.94965755240142,155.37439139665574,156.4044952392578,11128340
2023-10-06,157.5204644373501,157.5204644373501,155.03104544312833,155.7606964111328,5759904
2023-10-09,157.00543066021257,158.55059339264483,155.58903912959903,155.97532653808594,14622727
2023-10-10,156.4903884101139,158.37891485645596,156.27578283442762,157.52049255371094,11819690
2023-10-11,158.29302732690172,158.55055657224818,156.87663612521848,157.30584716796875,8499601
2023-10-12,157.26292514033904,158.67932945578207,157.09124334108336,158.33595275878906,8677885
2023-10-13,158.37889588091906,159.88113473073807,157.99260851066225,158.72225952148438,7435899
2023-10-16,161.34044240118195,161.55504794124698,159.8811273484364,160.13865661621094,12376549
2023-10-17,160.52493536008285,160.5678590854905,159.28022591415294,159.88111877441406,4381065
2023-10-18,161.383371062006,161.42629479102763,159.70945041802756,160.48202514648438,10181113
2023-10-19,159.66654296372857,160.22451220243386,158.85104442312684,159.924072265625,9148124
2023-10-20,160.52493611508766,160.7824653702628,158.9368499569092,159.83819580078125,7912216
2023-10-23,159.6235930352015,159.6235930352015,158.1213543022299,158.67933654785156,4723090
2023-10-25,158.67934842779889,159.5377706251936,157.09126212322545,158.25013732910156,6812004
2023-10-26,157.52044627193777,158.07841536538876,154.4301216506436,155.28854370117188,8474867
2023-10-27,155.3744075708041,159.49483646862134,154.77351469160794,158.59349060058594,6422123
2023-10-30,158.8080922012314,162.41346248556297,158.46472859262158,162.07009887695312,7352638
2023-10-31,162.41347842866537,162.92853699062223,158.12136740730276,159.7952880859375,9404675
2023-11-01,159.79527548350916,162.0701020045147,158.8510189923692,160.2674102783203,9167869
2023-11-02,160.52493611508766,161.08290525256547,159.45190846725953,159.83819580078125,11471209
2023-11-03,160.22447010722306,163.65815830109642,159.49481922511353,163.10018920898438,7464912
2023-11-06,163.27188484196026,166.7055733269583,162.7139157025409,165.93299865722656,8962124
2023-11-07,166.01884979065628,169.9675971869174,165.1175169510275,165.84716796875,13921916
2023-11-08,166.27634481296093,168.72285284111456,165.07455920875114,167.6927490234375,10186886
2023-11-09,168.67994487514915,168.85162667771755,164.98872717675994,165.41793823242188,5303833
2023-11-10,165.4179383363435,168.6799449811201,165.4179383363435,168.16488647460938,6025889
2023-11-13,168.1649054066823,169.36670435767897,166.6197559101605,168.07907104492188,11181086
2023-11-15,170.39679635796034,174.25969602350602,169.66713229285315,171.25521850585938,19769385
2023-11-16,173.83049190690627,174.60306663154375,172.54285863352177,173.22959899902344,18629240
2023-11-17,172.41410849433746,172.75747214367678,167.86446809893147,168.55120849609375,13199928
2023-11-20,169.96759475989214,170.39680585777066,169.10917256413512,169.83883666992188,6423265
2023-11-21,170.6345341995197,171.47444242104442,168.86630068449875,169.04312133789062,10720353
2023-11-22,169.04312314551703,169.61780713837476,167.76115653152866,168.86630249023438,7538825
2023-11-23,168.86628522227252,169.5293727296898,167.6285272713135,168.5568389892578,6541617
2023-11-24,168.73367218613117,169.61778885781004,166.3465463801584,166.96543884277344,5751331
2023-11-28,166.96545418282213,171.9164999047741,166.56759085157287,171.4744415283203,9277764
2023-11-29,172.84480500221252,172.84480500221252,169.48515903551743,169.75039672851562,8791333
2023-11-30,170.32506480242947,172.97741471468458,169.794602914308,172.35853576660156,14965403
2023-12-01,172.62376171850278,175.27611145041317,171.7396451411993,172.0048828125,9935740
2023-12-04,173.7289374151015,182.03962927945096,173.3310875847801,178.6357879638672,28615290
2023-12-05,178.76840007712408,180.31560435435782,176.07184135297803,178.6357879638672,14557746
2023-12-06,180.13877602522706,180.13877602522706,176.02763880295726,178.54736328125,12662213
2023-12-07,177.61901748122466,177.61901748122466,173.3310601153467,175.8507843017578,16425880
2023-12-08,176.69073922679016,177.08858906920412,171.6070678756479,173.24267578125,10414387
2023-12-11,174.21520833574667,177.57485468482372,171.73967873692405,174.8782958984375,10108266
2023-12-12,174.12679236104063,174.8782969997098,172.00491754328814,172.75640869140625,10719911
2023-12-13,172.7564136364472,172.7564136364472,169.7946305139949,170.76715087890625,10892122
2023-12-14,173.19846724530376,173.55212204232257,170.85556323621515,173.24267578125,15257294
2023-12-15,174.39203205855975,178.54737815981696,174.0383907484511,177.75167846679688,22863981
2023-12-18,177.75168160196796,178.2821435764872,174.4804522088359,175.93923950195312,8061011
2023-12-19,178.59155757038945,179.96194103203442,176.20444539008315,177.08856201171875,16739742
2023-12-20,178.3705299237849,187.4327253722052,177.6632339223837,179.65249633789062,57762576
2023-12-21,180.31558356242883,182.79111281866324,177.88426283569933,179.16622924804688,22823936
2023-12-22,180.35979080458,180.80184911537555,178.41473693518944,180.31558227539062,9910694
2023-12-26,180.8018563694312,184.33832299768414,180.05035181470762,183.32159423828125,17052969
2023-12-27,185.22243687794267,185.57607813924645,180.8018536588987,181.7301788330078,20361303
2023-12-28,182.57008637148417,184.69196091372237,181.55335763052616,184.1614990234375,22010872
2023-12-29,183.89625779785132,183.89625779785132,180.58082045774583,181.28811645507812,12171663
2024-01-01,182.12804572033892,183.10057951603673,181.0228998118417,181.55337524414062,4820168
2024-01-02,181.55337027052505,186.32759506822384,180.05036108370297,183.05636596679688,21141219
2024-01-03,181.68597349828605,186.06234826400345,180.801856838927,184.11729431152344,11650902
2024-01-04,186.10655604038357,190.43872225745534,185.04561875156494,189.775634765625,31054419
2024-01-05,190.4829638791137,192.29540603641792,188.36108893286365,191.36708068847656,20743811
2024-01-08,192.7374458389992,195.21297536439923,191.94174618359057,192.6932373046875,19310595
2024-01-09,195.38978188629204,195.78763168523565,190.92499005458131,191.5438690185547,11951525
2024-01-10,190.08509706272994,190.08509706272994,185.3992756928409,187.5211639404297,16500666
2024-01-11,189.20098601233295,189.20098601233295,186.4160236237924,187.30014038085938,12586419
2024-01-12,189.02416042181022,198.7052359607184,187.7421938556577,197.5116729736328,39228118
2024-01-15,202.0206700719143,208.16527856417534,198.6168153112439,206.44125366210938,57884916
2024-01-16,207.7232246148749,211.25969156210598,204.3193832724955,207.85585021972656,34505065
2024-01-17,205.29188334145616,209.75667512009926,203.96570836704035,205.15927124023438,26010955
2024-01-18,203.39103488804562,207.3253512216472,198.61679695748197,206.48544311523438,19232183
2024-01-19,208.6515488348381,214.44251612984738,207.7674321024871,214.00045776367188,26391844
2024-01-23,216.60860660769964,217.1832771065608,201.5786216594103,203.25843811035156,20282617
2024-01-24,204.23095275394604,207.76741946830006,201.6670197822593,207.1927490234375,14458601
2024-01-25,207.76739829533153,209.97768976655846,205.82234449876154,206.927490234375,18291957
2024-01-29,213.07212917214574,225.4055546979005,211.39231280310835,223.23947143554688,54127939
2024-01-30,226.7759232103268,232.78790570377492,219.8356020355453,220.32186889648438,51491099
2024-01-31,221.4270350443609,224.8750984279533,217.75795596611027,223.01844787597656,33293192
2024-02-01,225.14030912338228,225.14030912338228,217.006438294768,218.9514923095703,29758133
2024-02-02,221.02915001100888,229.87031601144923,220.14503341096483,227.43899536132812,30482663
2024-02-05,229.91451013383306,236.9874429060314,225.53814916969372,232.4784698486328,34001868
2024-02-06,234.60038464410943,241.71751367810734,230.0471887849063,240.74497985839844,36708949
2024-02-07,243.13209408842286,243.7067645509572,236.54541383795078,240.39132690429688,23756939
2024-02-08,241.4080734052405,243.70678240488152,237.91582835024394,241.49649047851562,25252940
2024-02-09,243.13205893685446,243.70672931630403,229.11880578009277,236.54537963867188,26743792
2024-02-12,231.59437588835263,235.70551306779973,227.041153386336,228.01368713378906,30906374
2024-02-13,228.10210864116692,231.9922167256489,225.18452083253032,229.42828369140625,20711842
2024-02-14,228.10212156472932,238.40207630893178,226.33388806422755,237.69479370117188,36168962
2024-02-15,240.17028879687788,247.4200563070921,237.82738500991465,245.16554260253906,32831246
2024-02-16,246.82516791507274,249.38178521713917,242.51930631496114,246.4215087890625,27044984
2024-02-19,246.4214256460135,250.32359942751373,244.35817931943618,246.37655639648438,15322964
2024-02-20,246.51113622917026,252.20745096415897,245.83834379691163,248.1258544921875,18968785
2024-02-21,247.58765079618507,252.16264547087943,243.64060676593826,244.8516387939453,16340579
2024-02-22,245.6590050497093,247.58767165442595,240.85974579425132,246.4215087890625,16791453
2024-02-23,246.60085414619024,247.58762188251518,243.1920500126985,244.17881774902344,9464646
2024-02-26,243.90969490744382,243.90969490744382,240.23175720874758,242.07073974609375,8661999
2024-02-27,240.45598723214457,242.38468063486883,237.67513394410835,241.62217712402344,19582774
2024-02-28,242.20526679999853,242.47437281271237,237.36116693919718,238.3927764892578,9118196
2024-02-29,237.71999269238964,238.93102454545536,234.5802946756977,237.36117553710938,17179832
2024-03-01,239.06558586533552,244.85161193329984,239.06558586533552,242.6986541748047,12930057
2024-03-04,244.67215051690783,251.66917998459363,244.44788640094367,250.4581756591797,22280353
2024-03-05,251.17583287444936,255.61627372744852,248.1706879702171,254.539794921875,18544484
2024-03-06,255.03318430155676,255.03318430155676,245.38982570514975,251.40011596679688,16807149
2024-03-07,251.4001170581187,255.07805466512255,248.70894720557862,249.47145080566406,11386963
2024-03-11,249.4714402591344,251.62437057495117,245.075868494343,245.7935028076172,10684598
2024-03-12,245.7935114480986,247.22880750109675,241.3530702726345,242.56410217285156,13780189
2024-03-13,242.92290782790977,243.10233009202838,226.7310477149822,229.0634002685547,20079496
2024-03-14,226.5067442688394,237.13686823744615,225.34056819441082,236.1501007080078,21404057
2024-03-15,236.77809318745696,238.97586536379575,223.2773753499729,232.11338806152344,34961065
2024-03-18,232.29278869039032,235.9706983931267,231.03688770546512,234.66998291015625,9246173
2024-03-19,235.02884120076695,236.77811261048413,230.22958267051385,232.5619354248047,8758348
2024-03-20,232.74132651359815,237.36116214516582,230.7229493310304,236.68836975097656,10484778
2024-03-21,237.4508608002052,239.4692378767525,235.34277260061313,235.88101196289062,12163200
2024-03-22,235.88099473451973,237.9442135338996,231.84424087626317,236.1501007080078,13025089
2024-03-26,234.7148448151033,240.32144834774,232.60675641163314,238.16851806640625,10830926
2024-03-27,237.71999938440186,240.59059145944167,232.92074109144232,234.8045654296875,28563001
2024-03-28,235.43251388887475,243.10233681206796,234.98398559217352,240.4560089111328,18888942
2024-04-01,240.45599473442053,243.55085074959158,240.23173059929198,242.1155548095703,6440401
2024-04-02,242.2949762791156,245.83833317701286,241.7118950048786,244.44790649414062,14439120
2024-04-03,246.73541370609752,250.27879832453124,245.65896218191196,247.00454711914062,22600929
2024-04-04,249.96483413677586,249.96483413677586,238.0339914469834,241.30824279785156,24624383
2024-04-05,240.27663712343562,243.90970572567943,239.06560513068857,240.36634826660156,13029904
2024-04-08,240.00748535594784,243.99939822584972,239.15529800097673,242.56410217285156,13011300
2024-04-09,242.20528043151023,244.58247493091687,240.4111672431287,241.2633819580078,13173933
2024-04-10,242.16040432310035,245.07583784212716,241.44274272359155,243.99935913085938,11137195
2024-04-12,243.90966496713287,244.44790436018872,237.7199803869725,238.34793090820312,21894584
2024-04-15,241.39793201382292,253.82217116631628,239.60381884742662,251.04129028320312,75063828
2024-04-16,248.48466409484797,262.43388248262715,246.91481513395993,254.00155639648438,79082544
2024-04-18,256.5581966276044,258.0832038516633,245.2104357135057,245.92807006835938,34136482
2024-04-19,248.2603796353457,251.89344741132018,245.883185450079,246.914794921875,32658724
2024-04-22,248.75376508188094,249.38171560394267,245.56922534740758,248.30523681640625,14184019
2024-04-23,248.35010606854937,250.05450800215473,247.18391615271943,248.30523681640625,8799147
2024-04-24,249.02290918200018,251.5346566263398,247.85671921599013,250.59275817871094,9253985
2024-04-25,250.59275731529124,253.5081911562803,249.3817254753739,252.92510986328125,17050557
2024-04-26,253.86699384157632,256.6927163897028,253.14935957970022,253.77728271484375,11070290
2024-04-29,254.71922492505553,255.88538751988438,253.10450666760707,254.0464324951172,8952420
2024-04-30,255.21257488728673,256.8721348916292,252.4765635058514,253.73243713378906,10658906
2024-05-02,252.0728854867759,255.30229447710752,250.32361429901502,253.6875762939453,15677336
2024-05-03,254.76409421942043,262.7927623644101,254.76409421942043,256.6479187011719,28913016
2024-05-06,258.9802288317405,259.02507070743997,246.91480766137786,253.1044921875,15491865
2024-05-07,254.67433278917022,255.66110040628755,243.9993660017902,245.43466186523438,13179001
2024-05-08,245.34496797831437,251.4000997291503,244.3133584144818,248.35011291503906,12797721
2024-05-09,248.70892273582007,249.87508527345386,236.10528945019092,237.94424438476562,14869187
2024-05-10,239.51405587139007,243.28170365571742,237.22657302975531,242.4294891357422,9530738
2024-05-13,243.90967554349606,243.90967554349606,235.07366286699482,239.4243927001953,7163239
2024-05-14,240.3663185872735,246.37658117331014,239.0207337339228,244.80673217773438,9123849
2024-05-15,246.24203886875713,247.58762378060825,244.44792565295563,245.30014038085938,6368662
2024-05-16,247.58759600287314,250.59274077738178,245.6140607365114,249.06773376464844,23757779
2024-05-17,250.09938655157072,254.22585267422008,248.1258783196927,248.8883819580078,11529157
2024-05-21,252.16262058208633,254.7640792968907,249.69571488466926,251.26556396484375,17559555
2024-05-22,254.76406860351562,254.76406860351562,248.39496141322888,249.38172912597656,17935064
2024-05-23,251.13103819335242,255.25747717956062,250.36853451077104,254.27073669433594,17719819
2024-05-24,254.7640705159146,256.51334180964346,252.83540433051766,254.09127807617188,11041667
2024-05-27,254.76404806092745,254.94347031277562,247.31849000109293,249.06773376464844,13719808
2024-05-28,250.54787413572984,250.54787413572984,244.94127090698552,246.06259155273438,6927361
2024-05-29,245.61406619009077,245.61406619009077,242.42952646901693,243.8648223876953,8327205
2024-05-30,244.89642486645843,246.78024899447573,237.71997285571973,239.24497985839844,15390964
2024-05-31,240.8148701360509,240.8148701360509,235.9259004128387,237.13693237304688,24167379
2024-06-03,249.3368975656207,257.05156256855133,245.0758786362366,254.85379028320312,30195397
2024-06-04,255.66112464183334,255.66112464183334,200.04361682501346,211.97447204589844,72779900
2024-06-05,221.57295612373736,224.0398615056818,206.72666826934525,222.021484375,37078551
2024-06-06,227.85237076401535,232.7861819419763,223.5913520194127,226.32737731933594,30881233
2024-06-07,227.40383637257088,233.95233826446056,225.87884296881572,233.59352111816406,22010688
2024-06-10,236.8229437552131,236.8229437552131,231.48544600427144,232.4722137451172,14138524
2024-06-11,239.37953874421305,246.69054393471615,237.94424283157622,245.38980102539062,47270206
2024-06-12,249.381694482156,250.36846205782305,246.33170801045003,247.13905334472656,20560662
2024-06-13,249.3817520213551,249.3817520213551,244.44794038064487,248.0810089111328,16013386
2024-06-14,248.48467344916347,249.56115229897998,246.33174312552484,247.04937744140625,10642648
2024-06-18,250.23392249301284,250.27876436777157,245.7934818522201,247.40817260742188,17044769
2024-06-19,247.49790471961694,248.12585527543823,243.19204408996708,243.595703125,13361607
2024-06-20,243.81995313574097,245.79348844592283,241.39791693796434,243.8648223876953,12826509
2024-06-21,243.5060299840191,246.46630587396336,241.21851918179362,241.8913116455078,17406416
2024-06-24,241.89129067444176,243.32658661446303,239.15527917627085,242.1155548095703,7282347
2024-06-25,242.2950107763427,242.92293401646396,237.7200163080451,239.51412963867188,14425434
2024-06-26,239.42440132121098,241.44277867337254,236.912653788919,240.18690490722656,10650910
2024-06-27,239.87290484076976,240.50085534696754,236.37438993364853,239.96261596679688,22830930
2024-06-28,241.30818072504508,247.09420567423854,240.72509951819367,245.97288513183594,19532912
2024-07-01,246.6905940904018,247.40822850462916,243.64060676593826,244.8516387939453,11750972
2024-07-02,245.07589224884757,250.9964443472073,243.55088496533256,246.5560302734375,24470518
2024-07-03,247.58767165442595,249.11267913313233,245.7935580917127,246.4215087890625,9125400
2024-07-04,246.69055548934205,250.18907061926487,244.94128423638372,248.52951049804688,13444669
2024-07-05,248.70892762484516,259.5184480644547,248.03613521467875,258.5317077636719,39781962
2024-07-08,260.1464292902651,271.8081657756907,257.769234635743,268.3544921875,53136198
2024-07-09,269.83461601903474,270.77654188052907,263.1515607327891,266.8294982910156,18686252
2024-07-10,268.847882176554,268.93756593849554,259.11481229426846,267.4574279785156,19278800
2024-07-11,269.1169719993335,275.5757902777151,264.76624214347873,273.37799072265625,36020507
2024-07-12,275.2169505820516,279.6573916484391,272.8846253512163,275.486083984375,31788101
2024-07-15,279.70220474879176,290.3323297109541,276.87648225910095,289.30072021484375,51435537
2024-07-16,290.2874868362076,293.8757128110038,286.833813860268,289.4352722167969,37468292
2024-07-18,291.6330715688914,298.9889183914302,288.53821571531654,297.55364990234375,48189915
2024-07-19,298.7198518735063,298.89927414635093,285.30884457022853,286.744140625,26579496
2024-07-22,287.05809203865994,290.06323691488825,282.12428108174544,287.7757263183594,22234557
2024-07-23,287.10293077321904,288.31396256095275,266.7846058936608,281.810302734375,37871058
2024-07-24,280.82352128344445,292.2161495772998,279.9713340494892,286.6543884277344,28259305
2024-07-25,285.3088431145017,302.8014469637881,283.55959915517013,301.2315979003906,42054664
2024-07-26,301.8595303790245,303.65364348677497,296.1183739094215,297.4639587402344,25703985
2024-07-29,299.43747239167055,304.5955476739261,296.70146080104564,298.630126953125,26721790
2024-07-30,297.8227738741206,303.42937729795574,296.92571732630705,297.7330627441406,19792253
2024-07-31,297.8676320991463,302.71175962399735,295.8044128763355,299.79632568359375,21393361
2024-08-01,303.0256771261108,309.21538892544766,302.44259587173633,306.5690612792969,36044960
2024-08-02,303.2051190763334,303.2051190763334,294.81763471544315,296.1183776855469,22939377
2024-08-05,287.37210634954147,290.0184070695008,274.4993378103596,278.31182861328125,37986023
2024-08-06,282.39339545829375,289.2559000751831,273.73680508900753,274.5890197753906,28386636
2024-08-07,280.24045827328536,296.88087355462505,279.8816411316485,295.2213134765625,66110716
2024-08-08,295.131608965718,295.131608965718,288.58310701201293,289.48016357421875,23478224
2024-08-09,299.5720632532432,301.2764653222137,294.41398779062496,298.316162109375,29814474
2024-08-12,298.49555257473406,309.2153887791296,295.93893605569497,306.1653747558594,34754596
2024-08-13,308.6771637080719,309.484509126246,298.6749886709295,301.3212890625,28943385
2024-08-14,301.27639422962574,301.8594754082627,293.15801746987285,294.3690490722656,17812763
2024-08-16,298.3161305935722,301.186722367727,294.8176156898157,295.6698303222656,16584396
2024-08-19,300.5140055028119,303.87796825097774,299.21326228978825,300.7831115722656,19636518
2024-08-20,301.2764529361058,301.41100594570423,294.2793953010557,296.1183776855469,14972714
2024-08-21,296.61175460393633,297.37425817702507,292.8889752482615,293.9654541015625,11835143
2024-08-22,294.72791770442717,296.4771889222934,290.2875042202944,290.9602966308594,13387819
2024-08-23,293.26553054713173,293.6271348149343,287.07295745220244,288.29339599609375,13229612
2024-08-26,292.4519480565418,297.51449116041096,291.819119822818,296.38446044921875,21346682
2024-08-27,297.78568513955014,300.63335699149553,294.7120071471545,297.2884826660156,20165503
2024-08-28,297.10762917902866,298.5992639998063,293.49153138871367,296.3392028808594,12446738
2024-08-29,294.80240583260706,298.46369415708773,293.76278313701965,297.96649169921875,13799961
2024-08-30,298.73490720095276,302.3057874244492,297.92126307965947,299.006103515625,19666466
2024-09-02,298.3281045553518,300.09096348136217,294.5311903710095,294.892822265625,8975511
2024-09-03,295.61600941479566,296.52003390841884,290.77947285618376,291.2767028808594,10321111
2024-09-04,284.7677009479183,285.8525413203174,278.8011340769965,284.22528076171875,25397204
2024-09-05,286.53059752863453,286.53059752863453,280.38321392022516,281.51324462890625,15571640
2024-09-06,281.60365817623074,283.09529322348095,274.55227744997086,279.16278076171875,27946491
2024-09-09,279.072377914132,279.072377914132,266.3708169662439,270.2129211425781,30369085
2024-09-10,271.2977549805986,272.56338374893573,266.6872245636353,267.2296447753906,15618589
2024-09-11,264.33676192933183,264.33676192933183,256.06494315793304,257.9181823730469,44826300
2024-09-12,260.3590922252562,266.4612584492856,259.003055286583,265.82843017578125,21964895
2024-09-13,267.32007064865496,268.72129766663306,263.1163344174408,263.47796630859375,13672371
2024-09-16,266.50643052103425,267.04885077734406,263.3875623273735,264.42718505859375,10971110
2024-09-17,265.51201235165234,268.1336779398727,264.1107577935657,266.3708190917969,11873436
2024-09-18,269.03770466883685,269.21849302099685,260.26865572422207,262.5287170410156,13421760
2024-09-19,259.81663297612374,261.4438936117315,255.3869184916945,257.87298583984375,17067311
2024-09-20,259.45502641836106,261.30826557160856,257.8277933856871,258.7770080566406,16585530
2024-09-23,260.72069555297423,267.9528925313571,259.95226910629265,267.0940856933594,14621229
2024-09-24,267.86244483405983,273.01539545256,266.41602772376456,270.71014404296875,16986759
2024-09-25,270.71015339938975,272.2921963085128,268.22408597076793,270.0321350097656,10609614
2024-09-26,268.5404652372321,270.0321277250756,263.52314032482195,266.8680419921875,27812412
2024-09-27,264.6079762667756,269.80611702550505,261.89590282743853,268.67608642578125,35706130
2024-09-30,268.49526900639546,272.8345754498317,265.5571894633962,269.0376892089844,16294341
2024-10-01,268.49527481916806,270.4389219642728,262.7999315402773,263.9299621582031,10919818
2024-10-03,266.68726947236826,269.3993433992059,262.66434877876867,264.0203857421875,28124665
2024-10-04,268.4952814294361,270.9361586597047,265.0599993018214,266.9132385253906,23104209
2024-10-07,267.591302959778,267.86249932596894,254.4829452134375,261.6699523925781,20917962
2024-10-08,260.49463418871335,265.692774665243,253.62404299765987,265.2859802246094,10572360
2024-10-09,263.2971022157983,263.88471254851004,259.31940043824795,260.81103515625,13147475
2024-10-10,260.9919191793962,264.1107875693928,259.95226879408864,261.037109375,7237212
2024-10-11,263.34232047214357,265.46678352177247,261.71508744061043,264.47235107421875,7011704
2024-10-14,264.60798421875944,264.7887725669657,257.7825826381286,259.0030212402344,12690951
2024-10-15,258.91259011996965,258.91259011996965,253.8952655905176,256.47174072265625,15087155
2024-10-16,255.838952513514,259.6810569240526,253.71448926289983,258.00860595703125,18188885
2024-10-17,257.6469655438561,259.99743460689575,253.9856775952664,254.5732879638672,13343303
2024-10-18,254.9348867100843,257.19494776247865,252.40362936685696,256.110107421875,14028398
2024-10-21,254.16647723162154,256.7429525193496,248.19991014126123,250.0531768798828,10299773
2024-10-22,251.31884863979272,251.45444681737348,244.0866515566332,244.8098602294922,10028511
2024-10-23,244.08661516067278,248.06431744556346,239.61168284727177,244.85504150390625,18823321
2024-10-24,245.80425252352933,246.30148254461457,242.59497662979558,243.2729949951172,7488521
2024-10-25,244.08661364085532,244.3578099538899,236.49281340086745,238.70765686035156,12961181
2024-10-28,235.63398241290938,239.6116847290386,230.79745957333404,238.07485961914062,13835091
2024-10-29,238.07486286244514,240.06370025328448,234.5039549729488,239.56649780273438,9122757
2024-10-30,239.56651275107606,240.6513532782353,235.99560463876412,236.53802490234375,11166643
2024-10-31,238.1200574024908,242.54977211372676,236.08600219531354,240.6061248779297,16173656
2024-11-01,243.90578145354905,247.70269511485168,242.86615887134172,245.66864013671875,2955757
2024-11-04,247.70274807755354,248.01916221508907,235.1820014617444,239.8377227783203,14355959
2024-11-05,239.74730767898953,242.82098545156362,238.3008629658258,241.73614501953125,11676017
2024-11-06,242.0073570041965,244.62902239909278,239.0240597573392,243.22776794433594,19244545
2024-11-07,244.53864895166598,244.53864895166598,239.38569780891027,239.74732971191406,6766663
2024-11-08,240.4253443895956,240.92254686549416,234.72997306998508,237.3516387939453,7836093
2024-11-11,237.17082563103335,237.17082563103335,231.430264718911,232.24388122558594,8450657
2024-11-12,235.81479841517972,237.93926152657815,230.88785381142407,231.5658721923828,22445400
2024-11-13,231.56586597300023,232.28910211311472,225.10209643252475,228.31138610839844,17483332
2024-11-14,228.3113977857277,229.893440713057,225.1021079457101,226.72935485839844,12454540
2024-11-18,227.00057208665484,227.90459664487437,223.38447385377668,226.59375,14636541
2024-11-19,231.54889383623677,236.55034429005033,228.8629323207856,229.69650268554688,17397559
2024-11-21,229.6964935724043,229.6964935724043,223.02788852102026,224.2782440185547,16189440
2024-11-22,226.7326735457167,228.72398832586322,225.52861650377164,227.4736328125,9637581
2024-11-25,230.15958214701521,241.27392816618698,229.65017179461216,238.86581420898438,31973671
2024-11-26,237.98596889908805,239.190011863746,233.91069981079977,235.4852294921875,9242451
2024-11-27,236.17985869869472,236.64295646084904,232.05829144204586,235.53152465820312,11689970
2024-11-28,236.17986772771522,238.40273141798582,232.66032177426786,233.58651733398438,14202863
2024-11-29,235.0684492928461,239.56048953416115,233.632843266862,237.75442504882812,11476347
2024-12-02,236.6429668917143,239.23630316799105,234.0496164828148,238.54165649414062,13677959
2024-12-03,241.18128855512603,245.16394593322337,239.74569691950748,242.9873809814453,15345326
2024-12-04,244.37669296658663,244.79346399035128,240.810834570854,241.4591827392578,10713838
2024-12-05,241.4591978450077,243.82098525649366,237.93963769887188,242.014892578125,12896743
2024-12-06,241.55180919866328,243.58945089245583,240.39406466020102,240.85716247558594,8783386
2024-12-09,240.8571572631525,242.06122851624423,238.68062019014434,239.7920379638672,6800856
2024-12-10,238.63429821116023,239.65311905633325,235.71678763221956,237.9396514892578,11318782
2024-12-11,238.49534398816215,239.60678990702004,236.78187664044114,237.66177368164062,5353032
2024-12-12,238.95845747428694,239.51418047029955,234.88320261227074,235.29998779296875,7123877
2024-12-13,234.32748500107547,237.8470169479575,231.0858004259618,235.4852294921875,11143128
2024-12-16,235.25367663790342,237.38391515962863,232.66032619489803,233.21604919433594,7283872
2024-12-17,233.16974948385942,233.81808359730965,228.30722243404705,229.1407928466797,10066884
2024-12-18,229.14078139424785,229.2334066055215,225.43599906526973,226.13064575195312,8430930
2024-12-19,222.28692932855904,225.9453988805671,220.94394862372346,224.00039672851562,9518542
2024-12-20,223.67623765766075,226.13065034743877,217.93382775757053,219.60098266601562,15556528
2024-12-23,220.66608941225692,224.4171842099027,219.36942129751094,223.07420349121094,7722901
2024-12-24,223.21312630082056,225.29706627665811,220.9902626463095,221.31442260742188,3577400
2024-12-26,222.28694475156087,224.13933595782387,221.36074914842936,222.51849365234375,6330006
2024-12-27,222.28695309735392,223.21314873525955,218.8600320636278,219.41574096679688,6487888
2024-12-30,218.62845867179186,219.50834160274678,214.09009207469336,215.47938537597656,19401112
2024-12-31,215.47937404034445,222.19429130996448,215.20152670080222,221.59226989746094,12004845
2025-01-01,220.25856488340978,221.58303188931328,218.90632727381006,219.4620361328125,9418453
2025-01-02,219.55467750247936,228.56655704923435,219.50836489433132,227.90896606445312,19745810
2025-01-03,230.11329273282556,243.35789256679115,229.68725067342862,239.7827911376953,49760410
2025-01-06,239.98652737630906,240.3477572261638,232.89187984984872,235.5871124267578,19265884
2025-01-07,240.02357333488706,247.66468669259677,239.00475256747671,244.0432586669922,52956766
2025-01-08,246.78483090224722,253.3144986284354,246.13648267095687,251.3046417236328,42237794
2025-01-09,251.952985940062,252.4716532107306,242.3946406401755,243.7561492919922,14706472
2025-01-10,244.5156224782126,246.83111132743812,239.39376227433561,243.60794067382812,13053552
2025-01-13,246.39582055486667,248.77615009059036,235.81866823188085,236.8560028076172,20416370
2025-01-14,238.5138709310162,242.66323722392124,237.86555099681712,241.15353393554688,8470150
2025-01-15,241.6444055330895,244.95093032339628,238.67132582793468,239.12515258789062,9344731
2025-01-16,240.81085409099984,246.02533980010207,240.81085409099984,243.7561492919922,14195450
2025-01-17,242.66324493993451,247.2942228968035,242.01489671987432,246.89596557617188,12148143
2025-01-20,248.3130390422453,250.50811803018416,245.45109811041712,249.4800262451172,9676264
2025-01-21,248.2667097958321,249.47078098901227,245.26584521127492,246.18276977539062,8989218
2025-01-22,246.36801276872632,246.72924259536632,242.39462600190956,244.56192016601562,7919682
2025-01-23,243.58944371342503,244.35817362759914,241.89451819577778,243.6357421875,5026675
2025-01-24,243.58015926519184,246.0346000910907,236.8745125111239,237.57843017578125,6306281
2025-01-27,236.17987835560413,237.51360228283198,231.0950594162038,232.27133178710938,6944911
2025-01-28,231.54890948865014,233.77177336669163,228.50173205813402,230.32632446289062,8029472
2025-01-29,230.5300617126249,233.40127350803454,228.77029585906558,232.84555053710938,5651586
2025-01-30,233.40130460506114,240.2551467856522,232.41953947389464,237.77294921875,12588155
2025-01-31,238.0415377547153,244.0432670912825,236.37438286532267,243.22821044921875,8850307
2025-02-01,240.39404762440844,243.1263358476517,235.02212465272996,238.54165649414062,10921673
2025-02-03,236.73560797444443,237.43025469487108,226.77900498166278,230.62271118164062,25719512
2025-02-04,233.77175445453227,238.4953574790103,233.40128188237125,235.34629821777344,8402532
2025-02-05,239.8846831496194,243.58946590096488,238.72693853982395,242.33909606933594,11590755
2025-02-06,243.2652664621281,243.5431420987347,235.53154175243213,237.2449951171875,12327998
2025-02-07,238.94534123692975,239.79552110377188,233.79708507464792,235.11956787109375,10098454
2025-02-10,235.16679770499914,235.78081888755963,228.41266559470193,229.02667236328125,7582536
2025-02-11,229.026680438801,229.026680438801,223.68950014224882,225.720458984375,6711630
2025-02-12,225.76767728187355,227.8931052060753,221.18619354633535,224.25625610351562,5985956
2025-02-13,225.2953657053467,226.19276574674373,221.23343379725497,221.94190979003906,10079210
2025-02-14,221.9891370661605,224.7758063295141,214.19590140319957,217.73828125,8065352
2025-02-17,217.45489575351928,221.32790362340748,212.59003302225233,220.71388244628906,6692422
2025-02-18,219.34416345528413,224.02010210295091,216.84088739143675,223.5005645751953,6170974
2025-02-19,222.9337826832148,225.57876264869324,221.51683067463503,225.1064453125,6168581
2025-02-20,223.68949758158124,229.2156018723304,223.40610429164965,228.5071258544922,8929816
2025-02-21,228.50712828773845,229.59346684171373,224.91752795698636,226.61785888671875,5697387
2025-02-24,223.21717202492218,224.7758134412363,221.04450943401386,221.37513732910156,6883143
2025-02-25,221.98915342404607,223.59502952346625,219.67480130305975,220.09988403320312,5519036
2025-02-27,220.5721884062796,220.90281629582134,215.84901520700166,218.21060180664062,9664032
2025-02-28,217.26597590134227,217.73829324025823,210.79522259260108,212.77896118164062,17237276
2025-03-03,212.30662262473126,213.4874158540123,206.27040821320577,212.66558837890625,11928529
2025-03-04,207.91411164030083,215.1405616218298,203.54988934837425,214.2053680419922,12428265
2025-03-05,214.54542167785812,218.44676747815822,214.20535262003557,216.26466369628906,7466729
2025-03-06,218.67348557637294,220.63832742530278,214.15813299390248,219.72203063964844,10439208
2025-03-07,219.72203396260832,223.37776558883783,218.37119886492295,219.9959716796875,9079049
2025-03-10,219.9959768685456,221.98915668169371,210.1623260855456,210.83302307128906,16489167
2025-03-11,208.66979136223938,214.6776683975266,207.9140951627666,214.16757202148438,10941588
2025-03-12,214.52653831176082,216.1701934048681,210.04896480802554,211.97601318359375,6994310
2025-03-13,215.51838191853474,217.64380980496597,212.41998153054453,212.948974609375,16105085
2025-03-17,213.97864574602013,217.6910530155519,213.71414919615947,217.02037048339844,8788971
2025-03-19,219.62754846766518,222.12138328015817,218.7773830778986,219.6936798095703,8626593
2025-03-20,220.55329854278764,223.91619565911438,219.1646844258577,222.54647827148438,18955995
2025-03-21,222.7448598393583,234.26940002216872,222.7448598393583,228.9983367919922,29285333
2025-03-24,230.67033027038474,232.7579647097182,229.31005411072073,230.33026123046875,10566066
2025-03-25,230.5002897890271,231.784993456321,227.23186205648716,228.83773803710938,8915800
2025-03-26,229.8768587549391,230.9631828884126,226.11720229140863,226.4478302001953,7543985
2025-03-27,225.64489426788205,229.9240884592103,225.4370734733113,228.76219177246094,9935664
2025-03-28,229.96186178516646,240.78736681565613,229.7918200526872,232.7390899658203,32905564
2025-04-01,233.3247595143071,238.2368568318121,233.0413662353397,234.3355255126953,11258957
2025-04-02,236.20589838298147,237.5756157500364,234.26939445729235,236.7632293701172,15337906
2025-04-03,234.26940458173823,235.79970817661257,229.08335491224622,229.8390655517578,11141370
2025-04-04,227.24130898150673,227.8553301520811,211.78708553885386,213.4968719482422,38336194
2025-04-07,196.48400180073702,208.5753278712708,193.65009792861102,207.66847229003906,27024128
2025-04-08,210.65354948941018,214.65880602299586,207.04503782159753,214.1109161376953,11309092
2025-04-09,209.70889745384343,211.6548425744304,208.0652279334152,209.6522216796875,16889575
2025-04-11,215.66009229610938,218.58845104667523,212.7789537466001,217.615478515625,13886447
2025-04-15,221.04450642942635,221.04450642942635,217.36043708786156,219.80703735351562,12102239
2025-04-16,219.8070440165877,228.60159050197632,218.89074723211831,227.86477661132812,18748952
2025-04-17,227.65694878996595,231.06708042516328,226.01327932336218,230.00909423828125,12891813
2025-04-21,230.50030524955943,236.67822418679785,228.3654360416778,235.9508514404297,11698653
2025-04-22,235.1856867381875,236.72544580904452,233.57035516668924,234.0615692138672,9896443
2025-04-23,234.96845161411602,238.7564317517873,231.3599399702143,238.2085418701172,16555874
2025-04-24,236.15866203846704,237.45280689396398,234.2693927421593,235.56353759765625,6538518
2025-04-25,235.21403689649873,236.80101625082426,230.8687115737821,232.69186401367188,15616265
2025-04-28,232.3801234610148,238.0006967351009,230.84981994337952,236.72544860839844,7669983
2025-04-29,237.33001587167638,238.14240225140023,231.52995966750234,232.0778350830078,8030552
2025-04-30,231.9078086050333,233.74040214831206,228.80940807902954,230.9159393310547,9822483
2025-05-02,227.6569439715055,232.63517246687994,225.7676747269287,229.3006134033203,10203190
2025-05-05,226.71231460204254,227.7986386772517,221.51682405907908,225.95660400390625,20086323
2025-05-06,227.7797637888651,229.5367848608753,222.93378329377637,223.87841796875,11350559
2025-05-07,219.43864468113802,226.79734268512934,219.22138273507434,225.45596313476562,16689539
2025-05-08,224.5018736195053,226.08885290743024,218.58845150554578,220.3076934814453,15026122
2025-05-09,216.41581045076018,222.27254257035608,215.80178926179804,221.9513702392578,11184507
2025-05-12,225.76768040710115,231.05764019060044,224.9269561486716,230.50975036621094,11374237
2025-05-13,230.63253852102397,231.709421419733,226.98624828259156,227.80809020996094,9336026
2025-05-14,227.80808764177576,233.23028111713973,227.80808764177576,232.38955688476562,8234859
2025-05-15,231.38825409527587,235.13845480015164,228.88497804420402,233.90098571777344,16812750
2025-05-16,233.3814238570414,235.58242422251777,232.56903751791268,233.57980346679688,8030229
2025-05-19,234.26938847949677,235.63910581160093,231.35047092916804,232.92800903320312,8043270
2025-05-20,233.12637652956047,238.70917071289907,233.12637652956047,235.45962524414062,13183059
2025-05-21,237.5756198561104,238.00070257544238,234.04268099605588,234.9117431640625,7158307
2025-05-22,234.91172401593224,236.61206916864282,226.3438957400212,228.2898406982422,18502235
2025-05-23,229.07390557206307,231.13320221684535,226.85400835041148,230.7175750732422,8725218
2025-05-26,231.71889019111217,233.44757338746018,231.256014008271,232.32345581054688,7159571
2025-05-27,233.18306414765263,233.18306414765263,229.4706425570151,231.00094604492188,9712093
2025-05-28,231.09542855118468,231.75666994728564,227.94035216551623,229.2344970703125,7385958
2025-05-29,230.11300714700755,231.0576417996406,227.98757917858313,229.58399963378906,12938112
2025-05-30,229.58400801462264,231.6149812403118,225.66377982868207,226.14553833007812,10108840
2025-06-02,225.76767544182042,226.79732372401983,224.5018685033011,225.11587524414062,6278145
2025-06-03,227.18463452766727,227.70418647071384,223.50056513875694,224.1334686279297,9515918
2025-06-04,224.82305041810235,225.2953677509135,222.46146375404666,224.8702850341797,6733580
2025-06-05,224.87028573865467,226.35335467305765,223.14160256547257,224.6057891845703,8941808
2025-06-06,224.6246724497203,227.1563008674945,224.36017589451748,226.7689971923828,5985346
2025-06-09,228.39378360406778,230.60422541037434,227.18465230417453,229.35731506347656,7719525
2025-06-10,230.72702323017873,231.43549924828574,229.1589261840797,231.13320922851562,7659657
2025-06-11,230.96315300544828,236.536491218311,230.06575304425579,233.6270294189453,20842417
2025-06-12,237.57560912040728,241.07075436383585,233.08859463403775,234.15603637695312,35613271
2025-06-13,241.40138449758993,241.77923258700028,235.327376283153,237.58505249023438,39320377
2025-06-16,239.92777385013548,243.24343647479736,238.22742849877744,242.57275390625,41444122
2025-06-17,242.71443773043148,242.85612716727385,237.6228573661625,238.3407745361328,18781097
2025-06-18,239.96554098520735,241.72256202540194,235.94140253172085,236.4987335205078,12691905
2025-06-19,236.63099845835035,238.99258526931195,234.4583357094693,237.63230895996094,10790997
2025-06-20,238.2935257022762,239.22871917158508,235.5446498936662,237.9440155029297,15907673
2025-06-23,239.00200970616208,241.34471403679976,236.4703957406426,237.46226501464844,16776881
2025-06-24,233.79707699601784,234.2693943232825,230.0090972203882,230.415283203125,22215004
2025-06-25,230.4908693895362,231.71889739612925,228.12928261300405,228.51658630371094,13056178
2025-06-26,228.60158660733074,231.78500078356223,228.16704832369413,231.18043518066406,15769123
2025-06-27,231.44491661273716,232.58793081326206,228.60157167474117,229.3856201171875,21691960
2025-06-30,230.49085987875822,232.0967359377402,229.54622520712397,230.68923950195312,8783448
2025-07-01,231.71888911594118,231.71888911594118,227.94035040851116,229.89573669433594,8470489
2025-07-02,229.45175223269152,230.25469745607947,226.90124154366652,227.72308349609375,10419419
2025-07-03,228.60158204973706,232.56904464053142,228.41265800521938,230.5380859375,13891239
2025-07-04,231.62440747085577,231.86056612741535,229.08333802003764,231.66220092773438,7717259
2025-07-07,231.90780468219648,231.90780468219648,227.49636263237986,228.14816284179688,9222263
2025-07-08,228.98890068943126,230.2074731081671,227.32633439536488,229.77294921875,7537067
2025-07-09,229.87686157226562,231.0481993832749,228.85665435965703,229.87686157226562,9590680
2025-07-10,230.02798568055013,231.14266209794314,228.91332367713844,229.63124084472656,8012201
2025-07-11,229.5934647540947,229.63124379961968,227.4680366972734,228.3748779296875,5608382
2025-07-14,229.45174480900224,231.3315729031132,227.7891930568607,230.69866943359375,7568906
2025-07-15,230.94428999288073,231.7850143086874,229.26284136126736,230.17913818359375,7843083
2025-07-16,230.49086514724274,230.6325545856341,228.88498905155416,229.404541015625,5656962
2025-07-17,229.54621447874968,231.01984219138873,229.3761871645131,230.3680419921875,7006298
2025-07-18,231.18990463007523,233.6554018052335,229.98077335169694,232.6729736328125,10293817
2025-07-21,232.38013751965337,232.66353081405904,230.89705411351997,231.47328186035156,5424455
2025-07-22,231.47326627638196,233.20194940049288,230.55698393473045,232.76742553710938,5869862
2025-07-23,232.38013032888577,233.51368905744994,230.7364608033799,231.95504760742188,7357753
2025-07-24,231.9644969043981,232.56906254177758,230.2641515448989,231.27491760253906,4590999
2025-07-25,230.49086819013257,231.2465788374867,226.00385333807054,226.98626708984375,7427827
2025-07-28,226.98625741226178,228.18594747326327,224.63412632030725,226.73121643066406,6865890
2025-07-29,226.73120662237534,229.08333761257776,226.54228258025978,228.0725860595703,6157824
2025-07-30,229.11166784001026,230.21690299810308,226.80677154087428,228.42208862304688,8767763
2025-07-31,226.90124129733704,229.36673832398017,226.39114492567822,227.65695190429688,10254214
2025-08-01,226.80679133555523,227.38301906412482,221.09174866642715,223.68003845214844,12629251
2025-08-04,223.40610571833236,225.19146471812678,221.04451897712377,221.8285675048828,16174972
2025-08-05,222.46145616667428,222.93377348337637,220.14710419763028,221.4979248046875,9562689
2025-08-06,221.56406915321006,222.33866210279896,220.0148688400508,220.82725524902344,7568954
2025-08-07,220.24156441688166,221.23343368909067,218.50344010812321,220.97837829589844,5560413
2025-08-08,220.95004206192576,222.1024975046961,219.7975866191554,220.51551818847656,5249568
2025-08-11,220.51553212509944,221.9891599872886,218.75851096310885,220.8461456298828,4699743
2025-08-12,220.8555891498604,223.27385160343388,220.67610625598124,222.48036193847656,7036778
2025-08-13,224.57745977852008,226.66509440309298,223.2171834981564,225.45596313476562,8501906
2025-08-14,225.3048158013003,225.4559608117793,221.4507045179746,223.82174682617188,7258450
2025-08-18,224.11456117463456,225.38036809240896,222.46145060748765,224.97418212890625,8501972
2025-08-19,224.35073112518467,225.333144826697,223.57612378743104,224.76637268066406,5538059
2025-08-20,223.87842413701551,225.85270720275005,223.87842413701551,224.75692749023438,7438061
2025-08-21,224.82304715637676,227.64750995464334,224.0956744384856,225.09698486328125,8111371
2025-08-22,224.82304950934426,225.4181739587547,222.82986979637866,223.2077178955078,5423818
2025-08-25,223.2171789974932,224.34129657912797,222.60315780371903,223.65170288085938,8854258
2025-08-26,223.5572478467874,224.16181346818283,220.85559207311812,221.2239990234375,14671897
2025-08-28,221.32789795510098,222.2536358618704,219.51420118482636,220.46827697753906,13870643
2025-08-29,220.4682788430623,222.33865140104996,218.52233378392614,220.77056884765625,9928988
2025-09-01,221.04452725814673,225.94718382280172,220.16602387621677,225.50320434570312,4366396
2025-09-02,225.53152546409518,229.07390544520663,224.25626290530266,226.23056030273438,5921193
2025-09-03,226.23998722977194,228.54489796540602,225.2575735856227,225.83380126953125,4364007
2025-09-04,227.0208102184579,227.2866969787739,223.56425335486668,223.8396453857422,8778730
2025-09-05,223.86813512549315,225.2070742150225,221.26622666318883,222.3297882080078,7210683
2025-09-08,222.3298055375067,223.13695667266902,220.3641269988456,220.81044006347656,8418326
2025-09-09,220.81043050762614,222.76660369020752,219.12963487930207,219.67091369628906,11665314
2025-09-10,221.2567474575654,221.2947250730585,219.35754790857342,220.0602569580078,11775053
2025-09-11,220.40209955820725,223.36484603109096,220.40209955820725,221.97842407226562,11047708
2025-09-12,222.69063108795325,223.5452795526989,220.9718578670569,221.494140625,6073522
2025-09-15,221.3991592475611,222.38675102746146,220.30712541317675,220.55401611328125,6153784
2025-09-16,220.76295329082706,223.41234479720617,220.70597962225852,223.2414093017578,7319921
2025-09-17,224.10554021316955,225.96676209212143,223.3268614658272,224.94119262695312,7628371
2025-09-18,225.71985783572475,225.71985783572475,222.6811415315371,223.71620178222656,6497852
2025-09-19,223.26038816726856,225.4349651254379,222.9185316924317,224.76075744628906,16484017
2025-09-22,224.10553681932225,226.43205326547275,223.7731711171256,225.50144958496094,9962796
2025-09-23,225.2925449314141,225.6154053749578,223.2983796229524,224.73228454589844,7014239
2025-09-24,224.7322790515707,228.0273913247613,224.35243045985666,226.49853515625,8299331
2025-09-25,226.87837634113697,229.9360887736183,226.49854222730707,227.590576171875,10150654
2025-09-26,227.9039307888727,228.15082149758697,224.90319222261456,226.0237274169922,6349466
2025-09-29,226.9543450130661,229.00548399365127,226.1661754652558,227.88494873046875,10631271
2025-09-30,227.9039380545407,228.7490812452366,226.47953844169982,227.42913818359375,7167687
2025-10-01,226.57449984780038,233.8769095509316,226.45104724701446,230.79071044921875,10375310
2025-10-03,230.2779316744927,231.8922482975614,227.61904956545743,231.3794708251953,10702610
2025-10-06,230.49634552864248,235.0259404378452,230.49634552864248,233.46859741210938,9465503
2025-10-07,233.468588020808,236.92513042619368,232.3290712533799,232.955810546875,12498420
2025-10-08,234.1238036149176,234.36120353452515,228.98646587707225,229.62269592285156,5073558
2025-10-09,229.65119491512004,232.17713367104247,228.43570842154304,231.12307739257812,9292031
2025-10-10,231.7498308231063,234.62711701739224,231.32251381707485,233.92440795898438,9050771
2025-10-13,232.65193525757405,233.2976561228046,229.21438885089387,231.7877960205078,12607116
2025-10-14,232.93681561637874,236.20344099120462,231.6073673065295,232.35755920410156,13865005
2025-10-15,232.35756197836344,235.68116105805618,231.97771338969616,235.23484802246094,8520238
2025-10-16,235.50071842567394,236.1654352974756,233.6015190835314,235.8330841064453,6083826
2025-10-17,236.02301621213346,236.02301621213346,232.43353038548454,235.20635986328125,14250215
2025-10-20,235.20634761148483,236.64023791535487,232.64243136739486,236.20343017578125,10920554
2025-10-21,236.20343145901387,236.73520496559664,234.9214660851337,235.6146697998047,569979
2025-10-23,237.39993279867397,240.4766411440519,236.52630278474388,239.593505859375,13879042
2025-10-24,241.19833271281166,244.42696601622018,240.10629881335518,242.10995483398438,17882209
2025-10-27,242.5467605706068,243.1829906490302,239.21367074460747,240.505126953125,7889080
2025-10-28,240.34369189164602,240.99890351878562,237.26698362140687,237.91270446777344,8529692
2025-10-29,238.30203620428057,244.3699775647716,237.9222021291235,242.7556610107422,8806213
2025-10-30,243.57232697823218,243.57232697823218,240.63806733544766,241.7016143798828,5266883
2025-10-31,241.86305274497735,244.90176903845946,240.55261494669764,242.49928283691406,7199008
2025-11-03,242.1479292717324,245.47152830095226,241.4832123638368,244.56939697265625,5450040
2025-11-04,243.192499270021,244.5219331104528,239.2991345391616,239.63150024414062,6006851
2025-11-06,240.7710078527168,242.6227243776113,237.8272429743521,238.82432556152344,6987258
2025-11-07,237.39992772343524,240.8184924785494,237.39992772343524,239.48904418945312,4449104
2025-11-10,239.29913576013232,242.62273486791193,236.92513639743257,238.7293701171875,7418162
2025-11-11,241.38823829796888,241.38823829796888,233.60152373798437,236.8776397705078,16183880
2025-11-12,239.86889330306926,242.71769244210932,237.30496248613983,241.05589294433594,11917811
2025-11-13,240.91344275612846,240.91344275612846,234.83601042752338,238.20709228515625,13057927
2025-11-14,238.83946019508323,242.8768626474222,238.4503183363555,240.8824920654297,9185042
2025-11-17,240.88249367722128,242.9255107164276,240.7365543456141,241.32028198242188,6281588
2025-11-18,240.29875325280375,242.6822804274425,239.61774760930834,240.25010681152344,7708871
2025-11-19,240.2501213809767,243.5092401618744,238.74217067869853,242.2445068359375,7075882
2025-11-20,242.24450503669215,244.2875369207089,240.88249367722128,241.32028198242188,6918642
2025-11-21,240.34739969408406,241.5634865020436,239.52045472674772,240.25010681152344,7589240
2025-11-24,240.25011251352743,240.7365472482561,237.6720143573895,239.08267211914062,15875282
2025-11-25,239.0826690665701,240.78519061638292,237.96387512890277,238.6935272216797,8983620
2025-11-26,238.69353247820706,241.27163065820332,238.40166866570686,240.97976684570312,7232643
2025-11-27,241.271619953093,242.04991847029066,236.2127018585223,237.38014221191406,5600832
2025-11-28,238.3530343693795,238.69354464211725,235.96950699464787,236.6505126953125,3804191
2025-12-01,237.42880031986726,239.1799683584119,236.41700774434804,238.18763732910156,6307936
2025-12-02,236.89372419785002,239.5788386844618,235.9208546939574,236.93263244628906,5413988
2025-12-03,237.42881120237627,237.73039838079126,233.0606216789039,233.50814819335938,11829802
2025-12-04,233.97511254483132,236.11542245569723,233.18709063242795,235.65817260742188,10825420
2025-12-05,236.1154220711521,236.60185681577534,234.3739922171175,234.685302734375,7645591
2025-12-08,234.6852960527018,235.4344096946406,231.2510680410218,232.048828125,5285903
2025-12-09,231.2510828837404,233.68325669371833,230.40469114820755,233.33302307128906,9026401
2025-12-10,232.82712759763405,233.82918195946547,231.9515361718407,232.7979278564453,3492031
2025-12-11,232.79793329242307,234.75341046432285,231.67913931895197,231.9418182373047,8868641
2025-12-12,232.02936637305797,232.9049429497493,230.58952372779288,231.56239318847656,4252781
2025-12-15,231.54292656759011,232.31148689296802,223.7016012615211,228.96482849121094,12334408
2025-12-16,227.81683470789895,228.91618192410846,224.48962300850008,225.91001892089844,7238404
2025-12-17,225.4625017770583,227.08719202574662,222.40769220653587,226.59103393554688,5848233
2025-12-18,226.67858847256366,227.7779357335209,224.9371586379029,225.70571899414062,3964839
2025-12-19,225.70572571171812,227.16502997278525,225.21929095802906,226.5715789794922,5070902
2025-12-22,227.4471500986048,228.89673097367955,226.4548339133367,227.82656860351562,4614185
2025-12-23,228.23519044071244,231.44564791209,228.23519044071244,229.10104370117188,5810236
2025-12-24,229.14967215906543,230.1517413866887,226.81479133101402,227.42770385742188,4114036
2025-12-26,227.49580140684955,228.89673586872908,226.7272410298851,228.16708374023438,3710774
2025-12-29,228.16707828729764,232.53526760295628,227.65145864973562,228.44921875,12621499
2025-12-30,228.57566718110587,229.20804121077305,226.9801619266492,228.31298828125,6236729
2025-12-31,228.3227531587395,234.46155753905282,228.2449218146936,233.85838317871094,11514802
2026-01-01,234.36424334941364,234.5685524645684,230.9689384872325,231.48455810546875,5840586
2026-01-02,231.48456812499666,235.96949705411186,231.48456812499666,234.90907287597656,5925943
2026-01-05,240.10419294829103,240.10419294829103,229.30533567823338,231.6304931640625,21201434
2026-01-06,231.6304856691354,235.78464241092374,231.6304856691354,235.327392578125,10840459
2026-01-07,233.69298177030015,235.12308623305626,231.69859638911925,232.5741729736328,8253161
2026-01-08,231.73751844111294,232.4088007901406,224.73286081329704,225.14146423339844,9218488
2026-01-09,225.987845633827,231.7861542831837,225.7057200155241,227.739013671875,12706408
2026-01-12,227.7390048807528,229.75285175797256,225.3749392542527,229.3150634765625,9807980
2026-01-13,231.5429230902697,237.52606411455253,229.40261332478372,237.16610717773438,22527192
2026-01-14,237.3704346660872,244.19024451744255,236.9715546083042,241.49539184570312,33094088
2026-01-16,240.2014629358315,241.05759280811841,235.82355038041675,240.46414184570312,12287680
2026-01-19,238.35302019016902,241.27162860066088,235.72627558968836,236.51429748535156,6459249
2026-01-20,236.51430930602845,238.6838041763758,233.20655888007795,233.86810302734375,6496057
2026-01-21,233.48867662723907,237.856865963272,233.01196523499343,235.79437255859375,9610477
2026-01-22,237.96388159664372,239.78314278040833,235.9889577327682,237.38987731933594,10746306
2026-01-23,238.64488618673087,239.6177556658086,234.99662564018936,238.81027221679688,8080247
2026-01-27,239.90961183653673,242.23476922367573,239.21886799667766,241.2229766845703,15915509
2026-01-28,242.4390733498711,262.3342514030605,242.4390733498711,261.29327392578125,73427983
2026-01-29,262.67476767457373,270.2339530782784,261.71163636044577,267.9185485839844,48267023
2026-01-30,266.4592639867306,268.9984393439855,260.73878609591117,261.6629943847656,24420043
2026-02-02,244.77396160313475,250.02745073910643,240.88248377061947,247.06019592285156,17015974
2026-02-03,252.65420997245346,254.8917978487126,242.58500515004795,250.02745056152344,19213406
2026-02-04,251.04895740857384,262.67475956905224,251.04895740857384,259.70751953125,26628393
2026-02-05,260.72902908533655,263.11257126439057,258.7832900623116,261.896484375,15268335
2026-02-06,260.72902139282695,262.6261287601528,257.51856397540524,261.65325927734375,10013728
2026-02-09,262.1396882979516,263.5503312034673,258.54005941426624,259.36700439453125,10824044
2026-02-10,259.99939399366053,265.64202565443696,259.75617659984044,264.7664489746094,13459684
2026-02-11,264.9123457759344,267.6363981156888,259.123790221994,267.14996337890625,18388416
2026-02-12,268.51196778244935,272.6952945350963,266.03116256465495,268.85247802734375,22753270
2026-02-13,262.67476078680573,263.98814052866385,258.78328284922344,260.1452941894531,20748628
2026-02-16,260.38852351482706,264.8150976858205,258.44278445670824,264.1827087402344,13247757
2026-02-17,265.5933728417247,265.5933728417247,260.8263182414641,264.4745788574219,21292868
2026-02-18,263.87711980963303,264.9724648751754,261.4374889994827,263.47882080078125,11621040
2026-02-19,269.1546324446272,275.2785970596768,266.71503218232203,273.4862060546875,37728943
2026-02-20,276.22456543046064,279.61015251476704,273.1875013669503,277.4692687988281,31971956
2026-02-23,278.71398629588566,278.71398629588566,271.04663139102456,274.48199462890625,13113050
2026-02-24,274.4819952452532,276.9714021137722,272.14194671119185,275.3283996582031,16311581
2026-02-25,275.32839678943435,277.76802765047034,272.83898994685353,276.2743835449219,7573116
2026-02-26,276.2245754442095,279.859103333949,274.4322146840896,278.91314697265625,13301761
2026-02-27,277.3199041811372,281.30295486955566,275.82626017298026,278.51483154296875,18554482
2026-03-02,286.77965336271905,291.75846678915514,276.47350349234324,281.0042419433594,65843426
2026-03-04,285.7838921408893,287.12817785056404,273.93432220294454,275.7764892578125,53722773
2026-03-05,276.822018418327,286.4311219728211,274.1832534571002,275.17901611328125,40569479
2026-03-06,278.76376802825735,279.75953068542094,270.0010384122588,277.76800537109375,30725344
2026-03-09,287.775420140746,287.775420140746,266.4661044501917,269.65252685546875,56512457
2026-03-10,269.7023285196578,269.7521044984557,264.2256337682049,268.059326171875,18476370
2026-03-11,266.8644052436807,271.2457550730133,266.8644052436807,269.6027526855469,16130216
2026-03-12,270.4491640721989,271.84322581925966,266.6154714765816,269.4035949707031,20059801
2026-03-13,269.4035774848489,270.15039948532984,262.3336868575747,262.9809265136719,18411729
2026-03-16,262.9311264063263,264.8728758091054,257.2552973005192,259.3464050292969,21725887
2026-03-17,259.5455406959097,264.27541350302437,258.05189665155774,263.628173828125,15662659
2026-03-18,264.02646403469777,265.5201080292991,261.88558038675563,263.8771057128906,8780857
2026-03-19,263.87711418711257,270.3495717049097,261.3877074494983,267.9597473144531,28685305
2026-03-20,267.8601730303024,271.89299991132555,262.88135940520385,264.2754211425781,19436124
2026-03-23,266.167362549031,268.5572173844868,262.78177538315737,264.3252258300781,23991581
2026-03-24,267.41206592962163,272.14193884305826,265.71928754093057,266.9141845703125,18567283
2026-03-25,266.2171545557159,270.34956353766256,265.27116786869436,269.0550842285156,13380625
2026-03-27,269.3538147999261,283.7923741884619,268.55721678207215,280.75531005859375,60048871
2026-03-30,281.5519045960342,287.1281818168803,280.7553065880274,283.44384765625,44866906
2026-04-01,288.77118670105233,291.75847483933904,281.60168301385755,286.8294372558594,31626297
2026-04-02,287.2775421130872,287.57625877106983,282.2987285582676,285.9830627441406,20935809
2026-04-06,286.08261984038904,287.27754727030367,279.26166945844943,280.6557312011719,24449779
2026-04-07,280.65571510060397,286.33154409642196,278.81354808027766,285.43536376953125,22891122
2026-04-08,278.8135578001861,286.6303011233088,273.5858035914326,284.2902526855469,42071040
2026-04-09,283.69280189371534,288.5720332995989,283.69280189371534,287.37713623046875,13585661
2026-04-10,287.3771184692598,290.61334721240854,283.344261340992,285.2860107421875,12889209
2026-04-13,285.98305034563424,289.06989030518247,279.8093096500078,286.33154296875,23986567
2026-04-15,282.84637197334666,288.5720072795947,282.14935634293624,286.38134765625,16529148
2026-04-16,286.77966470490713,286.87924705502746,280.80508835688823,281.5519104003906,13626398
2026-04-17,282.19913485329164,284.29024253981896,281.0042378811796,282.84637451171875,17846605
2026-04-20,282.7966232599407,283.99155072479687,281.30297912300443,282.1493835449219,11057036
2026-04-21,281.950197121335,283.6430058347845,281.2033751103894,281.9004211425781,13645673
2026-04-22,281.9004322586266,283.8421513306928,281.4025508983635,282.4480895996094,7395183
2026-04-23,283.6430171258162,288.5720243613077,282.8463887161368,285.0370788574219,13525025
2026-04-24,287.5762514257131,287.5762514257131,282.69702034427,283.59320068359375,11789941
2026-04-27,284.78811994102284,285.48516595632424,282.9957593134831,284.68853759765625,6497916
2026-04-28,285.03706865432366,301.1186299435433,284.7881279830098,300.0232849121094,51575179
2026-04-29,302.6122704537315,306.19702215663295,298.4798614356121,300.12286376953125,27267649
2026-04-30,303.608037135769,306.14725022013613,295.6419356411564,298.28070068359375,17490096
2026-05-04,297.1356001849412,298.6292443182988,291.1112476690395,291.6589050292969,15468437
2026-05-05,293.1027548014301,294.6461748204803,285.78389292924743,288.7214050292969,10750753
2026-05-06,288.72142194358156,289.02013861371506,278.81357041116354,279.61016845703125,22858013
2026-05-07,280.8050784518913,283.9915312137438,278.5148364212424,282.697021484375,15608370
2026-05-08,282.3983177298807,282.79661674623605,277.4195040547709,278.0169677734375,9290168
2026-05-11,279.51060950920464,280.6059241978405,276.47351496014414,279.809326171875,6948202
2026-05-12,285.68430335877594,298.62921804219724,285.6345273806842,293.2521057128906,52080828
2026-05-13,295.74151081887453,298.92796349478783,292.85380517472703,295.890869140625,24381295
2026-05-14,298.728819618797,302.4131538827356,297.43434022242235,299.625,22660293
2026-05-15,301.7161013022498,303.6578507431649,297.28494508491355,298.0815734863281,13695307
2026-05-18,298.0815574631119,299.42584312777126,293.84956617068434,295.940673828125,10521642
2026-05-19,293.84959058571627,297.2351778233031,292.40572245773336,295.24365234375,9565497
2026-05-20,293.55084118086927,300.47140432222227,292.6048848186145,297.0360107421875,12258794
2026-05-21,295.39300304523016,298.33051520698376,292.9035962601056,294.5964050292969,14084672
2026-05-22,294.5465906278969,295.5423533147907,288.1737155094293,288.77117919921875,11563330
2026-05-25,288.7213975654732,288.7213975654732,283.09531418409915,283.7425842285156,12837047
2026-05-26,283.89194445868225,288.4226524704533,282.79659943953806,286.2817687988281,10629491
2026-05-27,282.99577942660864,282.99577942660864,271.2955673736959,272.8887634277344,29178516
2026-05-29,274.7807361244961,274.8802880863847,260.4417285735989,264.2754211425781,74403401
2026-06-01,265.420550429286,267.16313525210734,262.1345454901299,263.1800842285156,9095622
2026-06-02,262.0349369135972,265.07203124810763,259.94382925782674,263.9268798828125,16831714
2026-06-03,264.02648926657787,267.56146529124896,263.18008484443027,266.615478515625,14618721
2026-06-04,265.569916324061,270.0010419739327,264.7732879548627,266.4162902832031,15217360
2026-06-05,266.66523789633436,267.31250795949956,262.58263515238497,263.628173828125,7493239
2026-06-08,263.03071361599245,265.12182138343053,261.5868759202913,263.5285949707031,6974540
2026-06-09,263.0306984353667,264.3749840931543,257.2054808437968,257.90252685546875,10796349
2026-06-10,257.90254782409903,260.74047769055045,250.28496899497887,250.83262634277344,10176332
2026-06-11,251.87817091305592,255.41313152266403,248.9904651723242,251.5296630859375,13516341
2026-06-12,249.23940186484182,249.78707437771672,242.31885427705706,245.15676879882812,31112657
2026-06-15,246.9989493776128,247.2478900612842,241.77119502051292,242.61758422851562,25211118
2026-06-16,243.1154581796166,247.74576387113763,242.46821849946838,247.14830017089844,17468010
2026-06-17,244.9576310138313,246.70021578730368,242.96610555843432,243.9618682861328,12816262
2026-06-18,244.90782926702153,245.8040247997454,241.9703323859365,244.26058959960938,13816485
2026-06-19,244.26060192693348,245.65466367823788,242.26907645699376,245.20657348632812,7609532
2026-06-22,243.91207652309282,246.7002151927559,242.76695546665266,244.4099578857422,7334095
2026-06-23,244.36015964771659,245.1567728437571,242.51800777563918,243.3146209716797,7400255
2026-06-24,243.31462129867674,244.75847417174083,238.48516613642374,238.98304748535156,10278033
2026-06-25,239.7796591131926,239.7796591131926,231.11652673737223,232.11228942871094,36085563
2026-06-29,233.00846688386454,236.14511324503272,228.72668432537725,233.05825805664062,38227413
2026-06-30,232.95867631846727,234.9999928545473,226.68536838564222,233.90464782714844,24134402
2026-07-01,234.70126094912692,235.09957513813598,232.53050559702535,233.99427795410156,11835312
2026-07-02,233.00847297330068,235.3286018992795,229.82203535608215,234.96017456054688,14033169
2026-07-03,236.19491157059161,238.68431834345648,235.32860287575724,236.8321990966797,11086950
2026-07-06,238.5847486645654,243.35444530548793,235.8364338921572,242.86651611328125,22386040
2026-07-07,243.01588589021674,244.23071757933351,241.65168068213026,243.14532470703125,15287101
2026-07-08,245.77415440842012,247.29767010840004,240.45677009694043,245.95338439941406,24753835
2026-07-09,248.53241730361,248.53241730361,241.88072952909368,242.61758422851562,14066120
2026-07-10,242.61758091896345,244.35021352356975,242.37860759014418,243.9220428466797,8237303
2026-07-13,245.25636352187286,248.1938605375528,244.50954147411693,247.39724731445312,12453319
2026-07-14,250.93220744842264,250.93220744842264,246.25212566579066,247.8453369140625,16299949
2026-07-15,248.36312802864478,248.39299969377953,245.25635330156814,246.1326141357422,13302251
2026-07-16,246.8694930801757,246.90933209790998,244.5692836153552,245.70445251464844,6243845
2026-07-17,245.15677926139713,246.74003834371396,244.55933074432662,246.24215698242188,6214332
2026-07-20,247.37732469552387,251.33050390081087,247.04873636947963,248.5224609375,10627783
2026-07-21,248.9506329048705,250.62352218044325,247.40721283954252,248.83114624023438,12240171
2026-07-22,249.93644596080642,251.70890240985835,249.07013724529605,250.83262634277344,10909821
2026-07-23,252.86398340004914,253.12287623311443,250.94215348102423,251.30062866210938,9104521
2026-07-24,251.43009071790715,252.48559678649323,247.2180186010299,247.7059326171875,7645869
2026-07-27,246.949150929228,247.11842876584322,237.13093004661516,237.5491485595703,19910285
2026-07-28,236.9915268407403,238.9631327676631,235.08961640311549,237.89767456054688,13362577
2026-07-29,238.98304277327196,239.00296228119356,236.9218067361688,237.30020141601562,9139712
2026-07-30,238.48517423466993,243.35445338476487,238.0470362016743,240.56631469726562,11419363
2026-07-31,240.55636303651477,241.9305204711776,237.1608084679214,241.50233459472656,10070729
2026-08-03,240.42690632119198,241.59194688328103,239.04279674461094,240.97457885742188,8277525
2026-08-04,240.97457885742188,242.1694910856568,239.58051712350334,240.97457885742188,10470809
2026-08-05,243.96186935287426,243.96186935287426,238.09682746885008,239.1822052001953,19409088
2026-08-06,240.37711026920022,240.37711026920022,235.4978791053473,236.79237365722656,13959109
2026-08-07,237.48939812846822,240.6658834946649,236.0455452876877,237.83792114257812,10078070
2026-08-10,238.98305615277724,240.2775507457648,237.18072803535307,238.82373046875,10611162
2026-08-11,239.9788142751406,242.61757939179904,238.4353790283203,238.4353790283203,16004168
2026-08-12,238.9830503930678,240.30741662062536,237.63876465695353,238.03707885742188,10695237
2026-08-13,237.98728826441987,239.5307235074718,237.10106005814615,238.8834686279297,7266320
2026-08-14,238.4752185133129,238.58475301992485,234.25317912424617,235.39830017089844,12128656
2026-08-17,236.98156507241578,238.48516124545344,235.14935019839632,237.4794464111328,25342938
2026-08-18,238.48516845703125,240.27754436943889,237.0114439042219,238.48516845703125,14903605
2026-08-19,240.0784019339818,241.16377967056437,236.51356951273615,236.9915313720703,17345994
2026-08-20,238.22628028829246,238.22628028829246,232.65000293918337,237.48941040039062,11886277
2026-08-21,237.6885574583362,238.206358325423,235.39830017089844,235.39830017089844,13313403
2026-08-24,235.99575863079477,236.93177799482206,234.63156860125406,235.54766845703125,7122883
2026-08-25,234.999994000818,235.54766651718882,232.3612289593941,233.0084686279297,12124076
2026-08-26,232.52053829062396,233.21758432299046,229.8120625813732,231.22605895996094,6500323
2026-08-27,231.22606937260196,233.446615998019,230.12077213858117,231.01695251464844,11219541
2026-08-28,232.36122943439486,232.4010532565156,230.27012171093435,231.26588439941406,7638954
2026-08-31,232.80932018169406,233.9544411986273,230.71821245305708,230.8177947998047,11732655
2026-09-01,232.8093244973436,235.59746312249976,231.51482993629253,235.44808959960938,11985775
2026-09-02,236.59321943086033,238.19639795739104,234.64151788781444,236.49363708496094,13073915
2026-09-03,236.49364406779662,236.79237592018256,234.00423728813558,235.0,5175513
2026-09-04,235.44000244140625,235.44000244140625,233.60000610351562,234.64999389648438,5338085
2026-09-07,235.97999572753906,235.97999572753906,232.77000427246094,233.6999969482422,5391548
2026-09-08,234.8000030517578,238.0,232.22000122070312,236.0,7965065
2026-09-09,237.8000030517578,239.27000427246094,234.02000427246094,234.02000427246094,12781171
2026-09-10,236.10000610351562,239.8000030517578,235.60000610351562,237.27000427246094,12771340
2026-09-11,239.89999389648438,243.16000366210938,232.5,232.5,27128531
2026-09-15,234.89999389648438,236.3000030517578,233.3300018310547,235.9499969482422,14549134
2026-09-16,236.4499969482422,236.8000030517578,233.30999755859375,236.8000030517578,8748123
2026-09-17,235.10000610351562,235.64999389648438,231.25,232.42999267578125,11062410
2026-09-18,232.42999267578125,234.32000732421875,231.75,232.8000030517578,11146237
2026-09-21,232.8000030517578,236.0,232.32000732421875,235.6300048828125,6114044
2026-09-22,235.50999450683594,236.3699951171875,233.75,236.1300048828125,8097173
2026-09-23,235.5,236.89999389648438,234.1999969482422,236.89999389648438,8913385
2026-09-24,235.5,239.0,235.22999572753906,239.0,8493746
2026-09-25,238.0,238.0,234.7100067138672,235.86000061035156,5066494
2026-09-28,235.85000610351562,235.85000610351562,229.85000610351562,230.0,9819757
2026-09-29,230.0,231.6999969482422,227.8000030517578,230.0,13380638
2026-09-30,230.2100067138672,231.57000732421875,223.60000610351562,225.8000030517578,11131417
