Date,open,high,low,close,volume
2021-01-01,80.30557968151965,80.6879917319127,80.09313110376195,80.51802825927734,3074621
2021-01-04,80.73047240495137,80.90043586825578,79.88067814057408,80.07188415527344,7133203
2021-01-05,80.51802195288569,80.51802195288569,79.11586375472034,79.88067626953125,10478882
2021-01-06,79.880666423502,83.95967944680163,79.45576935363819,83.34358215332031,54265234
2021-01-07,84.12965249248538,85.7442592371361,83.06740969652147,83.72599792480469,40129922
2021-01-08,84.44832720737679,86.67903712845839,83.93844834877225,86.48783111572266,29487917
2021-01-11,86.67903712845839,87.10393425628347,85.5955459946828,86.48783111572266,12726089
2021-01-12,85.42560586867702,86.99772787023836,84.95821777931792,86.55158233642578,31454127
2021-01-13,86.5940487925919,87.78376411757651,86.08416997287912,87.10392761230469,23792586
2021-01-14,87.50758706760173,88.16618110363954,86.50907761898958,87.14642333984375,12024674
2021-01-15,86.65779925285982,87.42261763289501,86.04170180112135,86.254150390625,13530190
2021-01-18,85.51057163718119,85.82924448905088,82.6637585219307,83.17363739013672,26118654
2021-01-19,83.08865486015762,84.97944940164855,82.96118802584785,84.83073425292969,19382828
2021-01-20,84.97943702490305,85.23437065639305,82.91868508345651,83.34358215332031,21158179
2021-01-21,83.47105748443917,84.00217887595176,82.4937964292704,82.91869354248047,12509109
2021-01-22,82.85497400071358,83.40733803515593,82.00517963201035,82.51505279541016,16720401
2021-01-25,82.62124975286166,83.61975895829752,80.56049793803335,80.81543731689453,9393599
2021-01-27,80.73044900604012,82.57875214795583,80.43302455753528,81.72895812988281,18874916
2021-01-28,81.13412530079869,81.13412530079869,78.94590626807806,79.583251953125,16072463
2021-01-29,80.17810428315845,80.3055711109947,77.75618844998242,78.3722915649414,13415015
2021-02-01,78.3723123528154,80.49679846716856,77.5437604630027,80.26310729980469,9485240
2021-02-02,81.15537950027021,83.13115601793476,80.39056687365205,82.51505279541016,10803602
2021-02-03,82.64252127429478,89.22842730228089,82.64252127429478,87.74128723144531,73411707
2021-02-04,87.74128372838314,88.22991429382755,86.76401683445793,87.25264739990234,23523019
2021-02-05,87.38011270465601,88.50608889527065,85.51056657040432,87.9962158203125,28755118
2021-02-08,87.74127218708313,90.67306095714471,87.40135105706827,90.31189727783203,28436890
2021-02-09,89.22840818959003,92.39389368182319,89.22840818959003,89.54708099365234,27738169
2021-02-10,89.46213046203076,90.92802817696825,87.95374763550222,89.41963958740234,34189378
2021-02-11,88.73978272546182,91.26791698944186,88.52733417741128,90.82177734375,20504448
2021-02-12,93.05249082631616,93.05249082631616,89.46210791520335,90.3543930053711,25066544
2021-02-15,90.92801083260339,91.54411398960139,89.88701053644438,90.26941680908203,8599603
2021-02-16,90.67307937594569,97.68388855210665,90.63058850568304,95.83557891845703,80200957
2021-02-17,95.81431727774842,98.23623300684716,94.41215917966112,97.74759674072266,39034960
2021-02-18,98.15125558923953,101.25300219104163,97.08901281286404,100.48818969726562,44291912
2021-02-19,99.21350441406976,100.31824388449273,97.19524301591498,98.66114044189453,36335681
2021-02-22,98.76735567270373,99.3834587693022,95.00701520716557,95.58062744140625,25800846
2021-02-23,95.92054450420015,97.34394519549637,95.45315653610125,96.06925964355469,18293559
2021-02-24,96.09050785411758,96.96155042848532,94.15722821772984,94.64585876464844,11421326
2021-02-25,95.04951624578021,98.91607563662349,93.81730992065995,96.68537139892578,30696079
2021-02-26,94.11472700322057,96.5578852321989,89.73828358740327,91.05546569824219,38070699
2021-03-01,92.41516690595739,97.2165031090093,92.37267603203783,96.55791473388672,31441940
2021-03-02,97.30146919585262,97.45017858607986,94.90080148072214,95.62312316894531,18223787
2021-03-03,97.72635868437291,97.7900978615183,95.04950918748708,96.66411590576172,19350542
2021-03-04,94.77331857813665,97.7051131685488,94.77331857813665,95.66560363769531,22865747
2021-03-05,96.02676889119245,96.02676889119245,93.20120429234088,93.58361053466797,17342685
2021-03-08,94.27603228853295,96.89420687984853,93.90818807356536,95.27136993408203,15749448
2021-03-09,95.4228143569026,96.11522580477684,92.28533030307884,93.47541046142578,12585004
2021-03-10,94.34093927548423,94.7520602930958,92.60991329755869,93.10758209228516,10661165
2021-03-12,93.345609789592,95.59594023447053,93.21577930819532,95.22809600830078,18173078
2021-03-15,95.6391987303457,98.01935920041325,95.09825316896669,97.00238037109375,30092241
2021-03-16,97.43514342033764,98.32229772287496,96.72109640487568,97.13221740722656,14767699
2021-03-17,97.34860365388406,97.37023913173041,94.92516600147756,95.40119934082031,12571132
2021-03-18,95.63921504661013,96.7211063539412,95.27137082819037,95.66085052490234,14232655
2021-03-19,96.02868502322953,100.44279758855902,94.83860470562614,99.62056732177734,70334403
2021-03-22,101.43815989003046,101.43815989003046,96.15852781976783,96.74274444580078,29180881
2021-03-23,96.74274441282036,96.93748720118906,94.55732626157055,94.7737045288086,38455903
2021-03-24,93.92982443317264,96.89420778918696,93.86491212865998,95.66085052490234,24398959
2021-03-25,95.66085340032473,96.677832433712,93.19414466724592,93.6485366821289,20272124
2021-03-26,94.92514561234773,96.07194895423429,91.8092970328497,92.86955261230469,25184863
2021-03-30,93.86490360227305,96.80765121268539,93.21576887683973,95.7906723022461,53328751
2021-03-31,95.16319777190255,95.6825080349949,92.89122564273823,93.32398223876953,20694060
2021-04-01,93.75672074955204,94.92516568130357,92.93448454962564,94.64387512207031,11229344
2021-04-05,93.12923309317078,94.77370559482249,92.32863232145763,92.67483520507812,14484908
2021-04-06,93.12921363043914,94.77368578841866,90.22974307493132,90.53266906738281,25301732
2021-04-07,91.26837116632761,93.56198421379463,90.68414869812206,91.11690521240234,22841720
2021-04-08,91.72275695420717,92.39353302775086,90.22975060271084,90.44612884521484,20468881
2021-04-09,90.61923707857845,91.50638559169171,90.01337912794237,90.14320373535156,11773021
2021-04-12,89.42915682263096,89.42915682263096,85.90219237196672,87.04899597167969,18544315
2021-04-13,88.78001193871116,90.61922693234953,87.61156712431031,90.33793640136719,19831072
2021-04-15,89.97009567014781,91.48474336990427,89.60225148342272,89.92681884765625,10159348
2021-04-16,89.79699356570023,92.95611353898464,89.68880444511329,90.81397247314453,22020846
2021-04-19,89.08294179958928,89.58061645628516,86.55132104157887,87.07062530517578,18404990
2021-04-20,88.7151138773404,89.01803993253017,87.26537829933528,88.15252685546875,14467660
2021-04-22,88.28235402064855,88.67183371676005,87.07063223652435,88.0443344116211,11626459
2021-04-23,88.41216584432094,92.1338725715385,88.28234125426951,91.37654876708984,38318040
2021-04-26,90.09991243110892,93.67015899677361,90.09991243110892,93.38886260986328,19139358
2021-04-27,93.49705880478801,95.42282749214576,93.38886968459119,93.7567138671875,15270611
2021-04-28,94.68714219382025,95.94214072446057,93.60525095681005,95.59593200683594,16383579
2021-04-29,96.54800401260606,96.78601775013077,94.79533658939667,95.27136993408203,14761969
2021-04-30,94.23275833244014,96.20179820541335,93.75672497325787,95.22809600830078,16897105
2021-05-03,94.12457898348558,96.4398278445459,93.80001155070993,95.55267333984375,15528063
2021-05-04,95.81230710010419,95.94213756605278,93.77835516326394,94.3625717163086,20857434
2021-05-05,94.36257206634218,95.35791549709849,93.82162646363837,94.427490234375,23178237
2021-05-06,94.5356931505207,94.94680834678843,92.43682273181437,93.21578216552734,18823613
2021-05-07,93.62690384606057,93.82164077094905,92.39354650988821,92.84793853759766,12509591
2021-05-10,93.21576429268148,95.27135748879718,93.02102740640953,95.14153289794922,17845577
2021-05-11,95.20645497848068,97.45679116178806,94.51404339364488,96.67782592773438,22995780
2021-05-12,96.67781667359353,101.6977928460889,96.52635073677864,97.7813491821289,55645370
2021-05-14,98.56030378317882,99.53400578399304,96.87255482236117,99.03633117675781,18820793
2021-05-17,99.94514822236252,99.9667837013961,98.27903437805442,98.84162139892578,10996347
2021-05-18,99.92351717074925,103.79669070317995,98.88489673839398,100.87557220458984,52885042
2021-05-19,101.35159548995642,102.99606779932479,100.13987966933085,101.15685272216797,28081040
2021-05-20,101.26504600071873,101.6761670297528,98.8416142599992,99.07962799072266,10707136
2021-05-21,98.6901291644536,99.20943925026208,97.802980793302,98.64685821533203,21702883
2021-05-24,99.10126855874196,101.43815850961707,98.84161933721013,99.96678161621094,22028927
2021-05-25,100.83228767779521,101.45978694877788,100.03169285089164,100.78901672363281,9165363
2021-05-26,100.91884099525264,101.17849019792024,97.34859989258085,97.62989044189453,18322114
2021-05-27,98.10592649511071,99.36091332865081,96.61291419001306,98.79833221435547,51194207
2021-05-28,99.96676798289684,99.96676798289684,97.28367552280461,97.56497192382812,15307498
2021-05-31,97.80299335506976,98.06264843132398,96.82929122134328,97.65152740478516,13102261
2021-06-01,97.93280122852623,98.6684895072963,96.89418697057152,97.11056518554688,15733731
2021-06-02,97.02403000664958,98.73342047453947,96.980753184114,98.43048858642578,7995532
2021-06-03,99.12288818607124,100.16150838465175,97.6515173975957,97.93280792236328,10291328
2021-06-04,97.80299998642458,98.73343122855802,97.28368979870528,97.86791229248047,6142487
2021-06-07,98.36557361871483,102.90951687047144,98.19247219257505,102.2387466430664,18058790
2021-06-08,103.40718593099116,103.40718593099116,100.42116154613574,101.28667449951172,22511761
2021-06-09,102.13056388308318,106.24175089089302,101.17849717552542,104.7703857421875,39865778
2021-06-10,107.32363693393938,107.32363693393938,103.96977401345825,104.57563781738281,32690784
2021-06-11,107.66981983613515,107.66981983613515,105.59259134079704,106.58792877197266,29142097
2021-06-14,107.30198905459629,108.10258380221217,104.77036848357727,107.62655639648438,18732629
2021-06-15,108.42716553568089,108.83828657116142,106.91251773916333,107.15054321289062,15026686
2021-06-16,106.82597298181469,107.1072576643965,104.27270492571607,104.7920150756836,30706682
2021-06-17,105.61423677413006,105.61423677413006,102.4551169167101,103.79666900634766,22261167
2021-06-18,105.59259629634576,106.02535274232038,99.57727700159066,100.832275390625,49278209
2021-06-21,100.35626237691777,101.89254563242466,98.84161459895601,101.63289642333984,11719831
2021-06-22,100.42116154613574,102.56330845359544,100.42116154613574,101.28667449951172,10961545
2021-06-23,102.0223687024455,102.13055782781551,100.39953182189562,100.50772094726562,10721151
2021-06-24,100.50771229040683,100.81064416320518,98.71176826824336,100.03168487548828,12964208
2021-06-25,100.16152405805688,100.74574067413347,99.27437552505194,99.90186309814453,7736431
2021-06-28,100.39952051957954,100.61589874596109,99.83693947884153,100.33460235595703,9989595
2021-06-29,100.65917745075484,102.95279621852582,100.2480681803723,102.13055419921875,61089570
2021-06-30,102.62823285445697,102.8229756286494,100.39953216843399,100.57263946533203,17437744
2021-07-01,100.63755773392671,100.81066505118517,99.6205845280336,99.88023376464844,15924813
2021-07-02,99.88020939726596,100.01003398390058,98.49538641486666,98.64685821533203,9549992
2021-07-05,99.23108475551834,99.92350218634544,98.81996374022587,99.6638412475586,6849185
2021-07-06,99.27437041921382,99.75039787899544,98.79833122016069,99.01470947265625,5343938
2021-07-07,99.01470587628106,100.16151526856214,99.01470587628106,99.94513702392578,7228897
2021-07-08,99.57728119665556,100.89719780390048,99.33926748919629,100.03168487548828,8740010
2021-07-09,99.9884071252824,100.1615144152251,99.53401516327152,99.64220428466797,2990856
2021-07-12,99.8369533735533,100.2913453643401,98.75506209107438,99.10126495361328,5578309
2021-07-13,99.70712243361059,100.35625716186163,98.79832677049654,98.94979858398438,8264289
2021-07-14,98.94980140797168,100.1615172541013,98.86324776054713,99.51238250732422,9228746
2021-07-15,99.96677199928763,100.1615147663381,99.23108362335869,99.70712280273438,5376823
2021-07-16,100.24807173616664,102.34693607251198,99.75039706378548,101.20012664794922,15903784
2021-07-19,101.2001216828249,101.54633625841943,100.18314865001076,100.89720153808594,13725925
2021-07-20,101.65454164460247,102.26039377029592,99.94515092634403,100.09661102294922,14178067
2021-07-22,101.4814134097992,101.4814134097992,98.97142828813811,100.94046783447266,10378326
2021-07-23,101.15684272510596,101.24339636215487,100.42115441909513,100.832275390625,6660369
2021-07-26,101.02702861079872,101.8492706390853,100.42116482792744,100.70246124267578,12963701
2021-07-27,100.83227697234264,101.63288345351643,99.8153040040574,100.33460235595703,10832912
2021-07-28,100.39953954408644,100.57264685370147,98.40885831023898,98.71178436279297,13828088
2021-07-29,98.6684840840078,100.13986091079377,96.44700301827483,96.59125518798828,28609665
2021-07-30,97.54332121742765,99.93790384130774,97.05286616195377,98.75504302978516,34142169
2021-08-02,98.95699189838611,99.24549624794409,97.6875715864038,98.66848754882812,9575755
2021-08-03,99.56284972847754,101.09191329757533,98.72618012161416,100.6591567993164,20959435
2021-08-04,101.3515944337978,101.8997480784336,100.31297393532888,101.12078857421875,23323277
2021-08-05,101.12078933899481,101.40929373083216,99.96677177164537,101.09193420410156,6621382
2021-08-06,101.26502870832171,101.84203741891044,100.71687512897132,100.97652435302734,5340311
2021-08-09,102.13052318609641,102.13052318609641,100.42835249536952,101.81316375732422,16415005
2021-08-10,101.6112281108464,101.6112281108464,98.87043682930847,99.5916976928711,11925263
2021-08-11,99.7936310897801,102.13052057838325,99.56283704486064,101.75546264648438,31279965
2021-08-12,102.1305329021923,108.30452087345249,101.72663153557575,107.90061950683594,58107755
2021-08-13,106.28500408707644,108.07374055355781,105.9388011945962,106.60236358642578,26776843
2021-08-16,106.16959037200485,106.34269766071104,104.09236160388502,104.26545715332031,21308655
2021-08-17,104.46743244773667,106.02535128105549,104.438577316305,105.73684692382812,15962459
2021-08-18,105.99648820475802,107.32361284423946,103.94811446554107,104.207763671875,25227527
2021-08-20,102.3036448354152,103.89041872365092,102.15939266375742,103.05374908447266,18720467
2021-08-23,103.57306664240858,103.80387248138825,100.51491568929137,101.3515853881836,13112745
2021-08-24,102.30362465340943,103.45764179901238,101.23614940231113,101.89971160888672,11029463
2021-08-25,102.24593232783462,102.39018449632155,101.00537307026416,101.26502227783203,12001351
2021-08-26,101.207335678563,101.207335678563,99.01469776360246,99.88021087646484,12115246
2021-08-27,100.28410797482678,100.8899600132151,99.10123554769034,100.60145568847656,8051699
2021-08-30,101.09191497993909,101.75547730283333,99.7071035538817,101.26502227783203,14512401
2021-08-31,101.26502044425426,102.15938856838783,100.94766098362072,101.178466796875,43248333
2021-09-01,102.59215650083577,102.59215650083577,100.77457666037073,101.3515853881836,11817591
2021-09-02,101.2073205585917,101.61122192187706,100.51490312818245,101.40927124023438,13545023
2021-09-03,101.55351820461965,102.01512980125796,100.63030675061357,101.29386901855469,12286475
2021-09-06,101.38041824679136,101.75547622875278,99.82249953928564,100.45720672607422,13950485
2021-09-07,100.4572016616264,100.48605678927312,99.50513505980531,99.82249450683594,12485031
2021-09-08,100.55649861409997,101.93639562185292,99.93994901432137,101.49600219726562,25370295
2021-09-09,101.23176237583468,102.2593469464638,100.93816678422637,101.87767028808594,5078350
2021-09-13,102.3180709970643,102.34743533690043,101.40791981937681,102.11255645751953,7522483
2021-09-14,102.112547013139,102.81717163967497,101.87766815548201,102.22998046875,8434427
2021-09-15,102.17126339225317,105.10721923685814,102.02446560002292,104.46131134033203,20064238
2021-09-16,105.0778491337987,106.66327237074785,104.69618445209143,105.37144470214844,16214883
2021-09-17,105.43016228815576,105.92927231258759,103.78602249968652,104.9897689819336,21219226
2021-09-20,104.05027189689274,105.22465425214631,102.8171728131635,103.9328384399414,7833069
2021-09-21,103.37498442412358,104.75488093950656,103.02266025301988,103.28690338134766,9481007
2021-09-22,103.22820682790463,104.19706264835331,103.22820682790463,103.7860336303711,9165634
2021-09-23,103.9328278144312,104.96041227022361,103.9328278144312,104.66681671142578,10295913
2021-09-24,104.69617908883117,105.40080363820111,103.2282013222824,103.4337158203125,7093411
2021-09-27,103.63925296610053,104.0209296580958,102.8171828479037,103.34565734863281,5205649
2021-09-28,103.84473968366359,110.92039694727526,103.40434637546618,108.0137939453125,38873626
2021-09-29,107.74956215243654,115.26561268333228,107.13300674574313,114.53162384033203,53686662
2021-09-30,114.47291477182605,116.2638526339021,110.77361753769928,111.50760650634766,23618199
2021-10-01,112.03607487584294,113.6214861835513,111.3608026720285,112.65261840820312,16994903
2021-10-04,112.7406859950142,113.35724140012263,111.59566818145053,112.53517150878906,10757286
2021-10-05,112.53517353809504,114.56097799752536,111.18462926751937,111.53694152832031,17200858
2021-10-06,112.71133786068698,112.82878326000314,109.65794862142207,110.15705871582031,8929507
2021-10-07,112.1535268032814,112.4764867637502,110.15707419864775,110.568115234375,6733699
2021-10-08,110.97912781289054,111.65440002749399,109.80474550799224,110.21577453613281,8165175
2021-10-11,111.56633520549187,114.56100812961517,111.15530611751984,113.5921401977539,12982042
2021-10-12,113.85637668837718,114.2967700907718,112.53519648119331,113.53341674804688,8539966
2021-10-13,114.56098795482306,120.08058700856216,114.00316115560636,117.0859146118164,33075614
2021-10-14,117.55567034509927,120.93201965559439,116.4106523140272,120.1686782836914,19185455
2021-10-18,123.1927259646211,123.28079509278147,118.70071062455571,119.6695785522461,38546365
2021-10-19,119.78699330042006,120.25675099389744,115.6766552950135,116.64552307128906,16174177
2021-10-20,117.43822238152579,117.58502015950269,113.53339909805331,114.12059020996094,21909934
2021-10-21,115.23623529963893,115.88214301903848,113.62146002792424,113.94441986083984,16946547
2021-10-22,115.03075567625034,115.67666359128008,112.30031427326048,114.1793212890625,7705870
2021-10-25,114.17932007289333,114.50228000018586,111.85991969248927,113.12238311767578,7862419
2021-10-26,113.09300122366967,113.2985157152996,111.39014467821701,111.80118560791016,8525850
2021-10-27,111.65437990327725,112.6525999039511,110.71487661797848,111.71309661865234,9862679
2021-10-28,111.97735452237035,112.21223338633165,108.77716733350792,109.15884399414062,11095238
2021-10-29,109.74602255562475,110.77360701411106,106.45775467775533,108.65972137451172,12988035
2021-11-01,108.39547803460117,110.685525784956,108.36612564655037,110.24513244628906,5475153
2021-11-02,110.77361232799839,112.3003069216993,108.71844331243788,108.92395782470703,10946890
2021-11-03,108.92394489416037,109.98089361240739,107.455967200169,108.0137939453125,13957727
2021-11-04,108.60099270545109,109.1294671019594,108.18996370063013,108.65972137451172,830214
2021-11-08,110.1570411504147,111.77181657543697,108.39546795948131,111.06719207763672,11947323
2021-11-09,111.77185460635113,111.77185460635113,108.80654589384562,109.54053497314453,10381150
2021-11-10,109.18820011567945,109.51116005796354,107.77895077663973,108.27806091308594,13857851
2021-11-11,108.63037118019282,108.77716897908498,106.10544426067361,106.95687866210938,8851354
2021-11-12,107.86700985276042,107.86700985276042,105.8705694929427,106.86878967285156,9590673
2021-11-15,106.9862391143986,110.83234651371394,106.86880564501159,110.568115234375,24821341
2021-11-16,110.97912872529461,112.35902555560791,109.51115083210289,110.15705871582031,23206330
2021-11-17,109.80474759570586,113.7976522868509,109.80474759570586,112.18287658691406,18359498
2021-11-18,112.65262510284975,114.17931977626566,112.18287932834069,113.0343017578125,10742933
2021-11-22,114.14998478903561,115.67667969521813,112.74072335777603,114.03253936767578,25095721
2021-11-23,113.47466520621073,118.84746545648977,113.4159484931912,118.52450561523438,19671538
2021-11-24,118.73001874032656,121.81277157649976,118.6125853156165,119.37593841552734,18120478
2021-11-25,118.96493946520138,120.37420079057335,118.17223370294091,119.93380737304688,18537454
2021-11-26,119.81636418144775,120.3448266824354,117.90799286040223,118.61261749267578,12814537
2021-11-29,116.85104823499434,119.78700422079821,116.55745263641394,117.58503723144531,16066147
2021-11-30,117.61440814922068,123.01656268672183,117.61440814922068,121.40178680419922,37739647
2021-12-01,121.54857453791102,122.57615910526052,120.19803004224906,121.66600799560547,20332817
2021-12-02,122.72295555701623,126.8332937814139,121.25497761973135,125.95250701904297,33758843
2021-12-03,125.15979039613501,127.09751393633279,120.66777591089519,121.02008819580078,47614182
2021-12-06,121.75408789341756,122.13576454691368,118.23094083917967,118.61261749267578,11322446
2021-12-07,118.96492943996245,121.51920865707838,118.70069819028788,120.84394836425781,8049102
2021-12-08,120.46228945418588,121.9302676051108,119.52278582688129,120.25677490234375,8788449
2021-12-09,120.66778228835989,121.22560910673953,118.67132997313416,119.3172378540039,5755422
2021-12-10,119.93380438699651,119.93380438699651,118.52454309671162,118.99430084228516,6164402
2021-12-13,120.66778134996784,123.10462701225896,119.61083250117532,120.0218734741211,21648126
2021-12-14,119.8457290570317,125.1598145293308,119.31725455455637,124.63134002685547,48042035
2021-12-15,125.13043240586211,126.62777462567306,122.01832646056336,123.22206115722656,15207306
2021-12-16,124.1322078799886,124.36708672242719,121.13753549159058,122.25318908691406,13410737
2021-12-17,122.25322272979706,123.60376748564993,120.4035797093708,123.28080749511719,15209414
2021-12-20,123.75053558459717,124.8662011653941,121.84216433596163,123.22206115722656,22539246
2021-12-21,124.16154927988559,124.3377113827319,120.25673814897935,121.31367492675781,17566511
2021-12-22,121.43526396980296,123.38016807707518,120.34124768108812,122.49888610839844,14750231
2021-12-23,123.07627858548229,127.39154316404161,122.80278069034081,126.6318130493164,15932489
2021-12-24,126.54063219221719,126.8445242122421,124.50455813112983,124.8388442993164,8975969
2021-12-27,124.83883076142864,125.96322864050826,124.59571469869333,125.26427459716797,8648187
2021-12-28,125.59857399942162,126.81414207613435,123.5624999440074,124.96039581298828,15736206
2021-12-29,123.3801709098763,125.14274725309718,123.19783073577105,124.35262298583984,17172943
2021-12-30,124.352595563373,128.48553143156414,122.55963783012031,124.80843353271484,87481206
2021-12-31,123.98794013219705,125.32506003060095,123.71444226924093,124.2310562133789,9842223
2022-01-03,124.83884209799618,125.78089992422306,124.07911206133042,124.5957260131836,7410054
2022-01-04,125.38584946291142,129.4579974894244,124.8996172961348,127.99931335449219,14784090
2022-01-05,127.63464628716214,128.45515225450006,126.44947237494044,126.81414031982422,9565107
2022-01-06,126.26713481383312,126.84452470797785,124.38300675539465,125.1731185913086,5615931
2022-01-07,125.78088418631637,126.72295426006767,124.29181844692488,124.7172622680664,11908249
2022-01-10,125.96322045606725,125.96322045606725,123.65363655824159,123.98792266845703,11085710
2022-01-11,124.32221522876868,125.08194518649668,123.68403711811858,123.89675903320312,7208789
2022-01-12,125.20353168080612,125.62897562870717,124.20068538601096,124.56535339355469,11018139
2022-01-13,126.17595893333484,128.5463190628932,125.53779313736744,126.41907501220703,20522807
2022-01-14,126.38870275669723,127.42194317951888,125.5378148813612,126.26715087890625,14183654
2022-01-17,127.11802170635136,127.36113777107933,125.0819478493735,125.41622161865234,7574539
2022-01-18,125.35545724338384,126.32790922649536,124.3526111123572,124.68689727783203,8475422
2022-01-19,125.20352455527943,126.05442476805534,122.19499820751369,124.38301849365234,13724367
2022-01-20,125.8720715241435,130.88628982678517,124.83884360794012,130.46084594726562,30170343
2022-01-21,130.0050085808516,133.25665072056577,129.45800047197494,130.73434448242188,29509593
2022-01-24,131.52444933484543,132.3449551947763,128.54630550491476,130.06576538085938,12850189
2022-01-25,129.7618775225053,133.83402517307167,128.819807423373,133.01351928710938,27389035
2022-01-27,132.49693512698067,133.28705941105358,129.0629524545089,130.58241271972656,28512473
2022-01-28,132.19304700921916,132.19304700921916,127.17882798473154,127.75621795654297,18932049
2022-01-31,128.85018873010702,131.73716229835233,128.3639566566655,130.91665649414062,19907759
2022-02-01,131.88912717669135,131.91952132266047,128.42476334447625,129.42759704589844,8622355
2022-02-02,130.58237926560133,132.37534933845365,129.60992741807598,130.06576538085938,9921099
2022-02-03,130.06578615184668,130.67357019928522,128.24243400953108,128.42477416992188,4594389
2022-02-04,128.85022461054794,129.67073064324293,127.08764831024844,127.45231628417969,7329263
2022-02-07,128.2728218883068,130.24811994593284,127.63464372353013,129.85305786132812,7869237
2022-02-08,130.06573437160088,130.9166341723442,126.72292344148966,127.66499328613281,9074237
2022-02-09,127.99931592393048,128.63749410996078,126.84452377870313,127.23958587646484,9833985
2022-02-10,127.66506222580254,131.09903268877892,127.66506222580254,128.88063049316406,19180334
2022-02-11,127.75619524493568,128.85021142013355,125.84168548643564,126.29752349853516,20071130
2022-02-14,125.78087058543657,125.78087058543657,122.31650737247352,122.6811752319336,12109375
2022-02-15,122.77236653315299,123.8967644466396,120.94901455493785,123.65364837646484,19046061
2022-02-16,124.05972997674895,125.5589437876495,122.2481804847846,122.62299346923828,20270061
2022-02-17,123.84106544068622,124.21586561901573,122.43555524022446,123.06022644042969,16405551
2022-02-18,122.9352945291309,125.0279404611309,121.96704910692287,122.2481460571289,14600643
2022-02-21,122.24815051272907,124.30957058593235,122.15445999855753,123.77860260009766,10682638
2022-02-22,121.31114369926728,123.96599633740904,119.81194296490301,123.77860260009766,13606058
2022-02-23,123.90354212946174,124.62191662170655,123.43503868351547,123.71614837646484,6493463
2022-02-24,121.18620559128036,122.43554791696366,118.62505636542306,119.3746566772461,13145037
2022-02-25,120.28046152991693,123.62245037730945,120.03059047304359,123.24765014648438,10920938
2022-02-28,123.3413038683044,131.3370990485442,122.46677449365582,130.64996337890625,31938385
2022-03-02,129.77543212856028,133.14865889896612,128.80718675713098,131.74314880371094,20502615
2022-03-03,131.61823815498568,137.02164745526883,131.61823815498568,136.0846405029297,19805555
2022-03-04,134.8977499823822,135.86599549362552,131.77439376413795,134.33555603027344,12794317
2022-03-07,131.49328958685203,134.42923918762673,130.46257954948447,132.93003845214844,17635653
2022-03-08,133.67965117265013,139.55156362576602,131.05603693415785,132.64894104003906,28410490
2022-03-09,134.3980010410403,134.92896897902543,129.05705760203367,129.9940643310547,22830958
2022-03-10,131.80560032029942,132.05547129871877,129.33815459220244,130.46255493164062,16516553
2022-03-11,130.74369109291365,133.05496951737453,129.77544562081954,132.71139526367188,12992850
2022-03-14,132.71139480707942,133.6796402758423,130.9310843825827,133.30484008789062,12598659
2022-03-15,133.17990129326887,134.3355532371661,130.1190224302065,130.9623260498047,14528285
2022-03-16,131.96181086176045,132.30538515705953,130.52506180192606,130.77493286132812,11933774
2022-03-17,132.43031269348475,132.89881615820227,129.77545972675216,132.1492156982422,28464621
2022-03-21,134.92898832269495,134.92898832269495,127.74526903699592,127.9951400756836,17797415
2022-03-22,128.0575877591216,130.86860797822425,127.46415524089794,130.36886596679688,13285297
2022-03-23,130.86865369447656,131.5557896685005,130.11905312444534,131.2434539794922,9408783
2022-03-24,131.1809564230705,131.9305568047578,129.93161398094603,131.6494598388672,11188958
2022-03-25,131.64946186173768,131.68070050685822,129.11953829397447,130.9623260498047,9842670
2022-03-28,130.96229487229337,132.89877268454055,129.61924950431097,132.61767578125,12823578
2022-03-29,133.5859615187642,133.960761775363,130.99357295475207,131.99305725097656,10470515
2022-03-30,133.11743450357613,136.6155907954477,132.30536954257065,135.61611938476562,54218485
2022-03-31,134.64787199692162,135.70980787252137,134.1481299913646,135.4287109375,10326026
2022-04-01,134.99144520726892,141.01952489287774,134.99144520726892,140.58226013183594,39663961
2022-04-04,141.17568972096234,142.48749668542547,139.95758597731114,142.05023193359375,9907530
2022-04-05,143.64311452318532,146.54783768324984,141.73787529141927,145.57960510253906,17167487
2022-04-06,144.51768291455062,148.95284599514744,144.39275375525372,147.8284454345703,17153675
2022-04-07,147.39115445908692,149.8586131554296,143.6743661573002,144.51766967773438,11913911
2022-04-08,145.54839397852925,146.2355297774067,144.0491805116348,145.29852294921875,6746769
2022-04-11,145.2360589365926,147.14131124493963,142.67490947133243,144.23658752441406,12413822
2022-04-12,143.20588851583324,145.95444464310006,142.79984964891264,145.61087036132812,14769907
2022-04-13,146.76649836057726,147.0163693908905,142.1439414901406,143.36204528808594,11015439
2022-04-18,143.36205500920104,144.7988039991991,142.14395112865833,144.3615264892578,19069923
2022-04-19,145.3609976855181,145.76703654789605,141.48804094199602,142.3313446044922,15036942
2022-04-20,142.58120830048549,143.0497117231596,139.58278131178375,141.8003692626953,9814641
2022-04-21,141.2381684823398,142.83108526920722,140.70720045637376,141.95654296875,11134333
2022-04-22,140.58227971125413,143.79932670618646,140.36363459131348,140.83213806152344,12032249
2022-04-25,139.89506708520423,141.73785418322365,138.36462819998644,139.2079315185547,11042683
2022-04-26,141.80032857347535,145.0486129550086,140.1449477465735,144.67381286621094,15389155
2022-04-27,144.51767461387246,145.45468138168528,142.08145447576555,143.2371063232422,12680209
2022-04-28,145.79825958132423,147.57856994682567,143.70561361805173,147.1725311279297,18378146
2022-04-29,146.8601904498966,147.64102941731306,141.83159512511506,142.26885986328125,9026331
2022-05-02,141.1132290196018,145.70455987582446,141.1132290196018,144.6426239013672,12634353
2022-05-04,145.5483900136276,149.57751418149053,145.4859254352437,148.421875,23124643
2022-05-05,148.9216306333714,150.32714096561153,145.45470006359133,146.01690673828125,16481935
2022-05-06,144.5801579789297,149.39013430416605,144.5801579789297,148.921630859375,17715186
2022-05-09,149.29640763151482,153.950202702132,147.2037617818205,153.1381378173828,54118806
2022-05-10,153.5442177743414,155.13712203814293,151.48279730475033,152.201171875,30997494
2022-05-11,152.41975212036786,154.9184365813575,149.10899012597005,149.42132568359375,15412618
2022-05-12,149.2964177659305,151.10796679944463,145.0174225600395,147.3599395751953,26538994
2022-05-13,149.82739275760395,149.82739275760395,145.61086193304303,147.6098175048828,15074553
2022-05-16,147.11005963167844,148.6092729722661,145.54838171626784,146.9226531982422,7960529
2022-05-17,146.73527222988312,149.48382814173897,145.3922265640818,149.07778930664062,15470937
2022-05-18,148.35940485724495,148.82790824100468,141.86282206064996,142.36256408691406,19181550
2022-05-19,139.3016646226559,143.4557302574567,138.45836112301166,142.6124267578125,15085602
2022-05-20,144.1428531212089,145.61082763178774,141.64416877674591,143.08091735839844,15148281
2022-05-23,144.92371683274095,144.92371683274095,140.05127644184608,140.3011474609375,11572501
2022-05-24,140.55102680223104,143.45575056460422,140.30115576834444,141.8003692626953,16336858
2022-05-25,142.67489358017107,143.2995647318277,139.02056988477312,140.45730590820312,11062614
2022-05-26,141.80033332037888,143.11214002956726,139.86385553929455,141.92526245117188,14150454
2022-05-27,142.79982170031036,142.83106034125547,139.551536818635,140.3636016845703,8430491
2022-05-30,140.23870518695875,143.61193270875089,140.1137760120283,142.5812225341797,9305758
2022-05-31,142.58119269327867,146.89142625186784,142.549954051599,145.4859161376953,26351545
2022-06-01,145.01740908814259,145.54837702045813,142.5187245041004,143.17462158203125,10282009
2022-06-02,143.2995583106865,143.2995583106865,140.26990590270157,140.8945770263672,10071898
2022-06-03,141.17568969726562,142.48749666150857,140.5510185039149,141.17568969726562,16082518
2022-06-06,141.1757174390938,142.0814857638538,139.64527779823163,140.42611694335938,12693293
2022-06-07,139.89510033430048,141.3318490770128,139.73893254526513,140.55101013183594,9103195
2022-06-08,139.33290598869021,141.48801638648695,139.33290598869021,140.26991271972656,11240130
2022-06-09,140.36360269366122,140.98827384531785,138.05232451611846,140.45730590820312,9468041
2022-06-10,138.7082425514153,142.08145680363427,138.7082425514153,140.2074432373047,9019239
2022-06-13,138.58329430281563,140.8633465785862,138.36466193861128,138.8956298828125,10186775
2022-06-14,138.89563969915102,141.9877697850342,138.677007319495,139.89511108398438,17023962
2022-06-15,140.08251807231065,141.3630991293572,138.6145432786754,138.8331756591797,5898563
2022-06-16,139.52028048341796,140.11372562334367,134.71031834383814,135.1475830078125,11883333
2022-06-17,133.8045410032279,135.4911605540714,131.33709530696868,132.02423095703125,19675226
2022-06-20,130.6187671389298,131.7431805698412,128.9009210527414,130.08779907226562,7402273
2022-06-21,130.58750182533146,133.1486508579996,129.49432737281745,131.39956665039062,9459619
2022-06-22,131.6807088475624,131.96180583557702,130.0565533777951,131.58700561523438,10257637
2022-06-23,131.2434096857238,132.24288101144114,128.77596365889337,130.27517700195312,13114525
2022-06-24,132.43029188018667,132.43029188018667,129.7754393307018,130.52503967285156,9499105
2022-06-27,133.27361638818232,133.27361638818232,130.96233771249717,132.1492156982422,17545390
2022-06-28,130.89984380818137,132.14918610094773,130.15023080714136,131.36834716796875,6770087
2022-06-29,130.61876048287064,134.30432353086024,130.21272161412296,131.86810302734375,41502918
2022-06-30,132.11795735008917,134.14813872780923,131.43082157942368,132.36782836914062,22260722
2022-07-01,131.8368417400599,132.99248074204527,128.18250561012758,128.9945831298828,11133663
2022-07-04,128.08882791153772,132.52399065664233,128.08882791153772,131.6182098388672,20178279
2022-07-05,131.80561400396982,134.89773114464668,131.7743753625621,133.77333068847656,20083997
2022-07-06,133.67963927626715,133.77334249979654,130.05654116556605,131.46205139160156,19203527
2022-07-07,133.21112948967087,134.49171049566746,132.49275508896469,132.77386474609375,14069302
2022-07-08,133.67961323573908,137.05283966292006,132.8363098061853,136.67803955078125,17142257
2022-07-11,137.42764407398943,138.20848296077347,135.0538887745795,135.58486938476562,10826079
2022-07-12,134.3667963843874,135.522435767342,133.1486924121594,133.36732482910156,8503695
2022-07-13,133.99197778058385,135.36624939218189,133.33606791065787,133.9607391357422,10210005
2022-07-14,136.9591575675783,136.9591575675783,132.9612594343024,134.21060180664062,10898403
2022-07-15,135.5536616766694,135.5536616766694,130.43136249413408,130.7436981201172,22067479
2022-07-18,131.39959226750366,132.68017338797762,130.49382405670812,131.33712768554688,15155654
2022-07-19,131.11847414881996,132.117945425851,130.93106772420367,131.18093872070312,14922395
2022-07-20,131.99302915900304,132.6177003567097,130.2439447218372,130.7124481201172,14181034
2022-07-21,131.1496885714985,133.1798695878311,130.83735303052424,132.61767578125,12461554
2022-07-22,133.64838462733914,133.64838462733914,130.8686031523205,131.18093872070312,9272199
2022-07-25,131.1809475587944,131.8056187376458,129.55680503557429,129.869140625,6635194
2022-07-26,129.86915871979627,131.80563710225348,129.36941662349852,130.61875915527344,11451315
2022-07-27,131.1185021625637,131.80563801802012,130.8061665274499,131.58700561523438,9209354
2022-07-28,131.80562268114363,134.17937831538651,131.21219012706695,133.8045654296875,13192642
2022-07-29,135.17884371534979,136.05338589504984,132.96125597849974,133.6483917236328,15433067
2022-08-01,134.33555143351117,137.5213721253125,133.7733447916713,136.77175903320312,12136557
2022-08-02,137.39642240266102,139.55154562171097,135.77227985937049,139.0518035888672,17748747
2022-08-03,139.52030010655736,140.39484226647343,137.20902191367725,139.6764678955078,12406038
2022-08-04,139.92635681128914,140.05128597485455,136.86546521424845,137.9274139404297,9712267
2022-08-05,138.48960141727758,140.39485368096248,136.70929102029152,139.7077178955078,14099223
2022-08-08,140.55101051827253,141.36308810707612,138.11479046082903,138.61453247070312,8392041
2022-08-10,137.89616786606894,140.48855589662443,137.77123870923393,139.614013671875,8585266
2022-08-11,140.33234441595516,141.73785418322365,138.48955731793575,139.2079315185547,5040626
2022-08-12,139.30165883316022,142.79981454009206,138.67698771731645,142.4562530517578,13279062
2022-08-16,143.17467186480468,143.64317538885047,141.83163859638393,142.95603942871094,11298246
2022-08-17,142.95598281337524,144.26778961938993,142.2376084858776,142.7373504638672,11225465
2022-08-18,142.39378520144172,144.7363020409629,142.26885605358748,144.51766967773438,11360485
2022-08-19,144.1076453806331,144.8961529890493,142.37292864211744,143.9184112548828,9829530
2022-08-22,143.8868599879375,145.59004405338732,142.34139027156434,142.53062438964844,9190493
2022-08-23,141.89984121910274,144.3599878213128,141.4267365969002,143.53994750976562,8903751
2022-08-24,143.41378914126622,145.05388271895987,142.87760643002977,144.7384796142578,13007225
2022-08-25,145.40081497528837,145.71621804464908,141.99445925943593,142.75143432617188,12124365
2022-08-26,142.94066174225583,145.84236727709433,142.94066174225583,145.3692626953125,7966045
2022-08-29,143.98146460422535,144.3914910570395,142.30982619430958,143.22450256347656,7517013
2022-08-30,143.9499377966656,145.24309535352143,143.8868597574053,144.83306884765625,7214498
2022-09-01,141.96293586981307,145.14849937691096,141.9313904273154,142.62527465820312,13109081
2022-09-02,143.5083926292106,144.3599783264075,141.17441511336975,141.42672729492188,6897237
2022-09-05,141.93136047196876,142.27830893107966,139.84969538486715,140.9220733642578,18055474
2022-09-06,141.3005847767125,143.82380950486808,141.3005847767125,141.9629364013672,14103701
2022-09-07,140.7012861543898,143.16141933493907,140.7012861543898,141.55287170410156,7866745
2022-09-08,142.56215875686294,143.12988673459785,140.95359829224427,141.55287170410156,7187735
2022-09-09,142.59373133658008,142.65680938305186,140.3543644334542,140.606689453125,9162027
2022-09-12,141.0167307564705,141.74214761745148,140.16513212177986,141.26904296875,8778919
2022-09-13,141.48981819227342,143.50839264765008,141.17441513150933,143.06683349609375,11278383
2022-09-14,141.93136357862235,147.10396813997485,141.74211662700466,146.69395446777344,25072958
2022-09-15,147.2616539055436,150.289527804905,146.567769880126,149.87950134277344,23606369
2022-09-16,150.3841766116162,150.41570921630552,147.23014611570892,148.6494598388672,29399642
2022-09-19,148.83869815762057,150.1949338757904,146.12623955506422,147.07244873046875,13920046
2022-09-20,147.60862728160544,149.02794100546703,146.41009312581016,146.78857421875,20162973
2022-09-21,147.51397551735388,147.82937850662927,141.4897861224618,143.22450256347656,14468837
2022-09-22,141.3005700034802,142.8145072488456,138.24116290721508,138.84042358398438,26264530
2022-09-23,137.7049957216049,138.6196595590151,124.96270304708102,127.7697982788086,87162722
2022-09-26,126.16122793154379,132.0592627705867,117.55072155845917,126.6974105834961,167547134
2022-09-27,129.81991565500957,131.14460605275772,126.94974243173482,129.22064208984375,54127095
2022-09-28,129.44138708717412,132.72158601330807,127.76976144101755,131.01840209960938,52877873
2022-09-29,131.8069481242669,133.79399018737232,129.9776204422755,131.2076873779297,36761869
2022-09-30,130.57685403642205,137.95727978322873,130.57685403642205,133.85704040527344,62897614
2022-10-03,134.3617063475595,135.40253903391,131.83848181521097,132.97393798828125,11740863
2022-10-04,133.7939762906878,133.95167782163716,131.20767374987483,131.4915313720703,19179333
2022-10-06,131.7438474893773,133.03700508932593,129.69372772551597,130.1352996826172,20692745
2022-10-07,128.68443454892912,132.31156934626412,128.68443454892912,132.09078979492188,14282850
2022-10-10,131.1761396225841,133.6993643353727,130.92382741833288,131.80694580078125,16834226
2022-10-11,132.46928419494574,133.38394792849277,130.29300823097066,131.42845153808594,17807162
2022-10-12,132.75313922814678,136.22257279426285,132.05925508168016,135.9702606201172,35288330
2022-10-13,135.5917741552322,137.0741788457463,134.51940885473377,134.96096801757812,16436903
2022-10-14,137.51570922142218,137.51570922142218,133.4470156187962,134.14089965820312,23365190
2022-10-17,133.69935429144135,135.5917726838682,133.1000936006863,133.6362762451172,9520537
2022-10-18,134.33014121385816,135.62329873061628,133.44702302403303,133.95166015625,13256574
2022-10-19,134.36168484611332,136.821830938221,134.33013941099364,134.92941284179688,11595367
2022-10-20,134.07784744603023,137.51573570514546,133.95167852034257,137.20033264160156,16371066
2022-10-21,135.84407823577308,138.08344481274517,134.99249264797444,137.07415771484375,11634491
2022-10-24,138.65118388690104,138.93504149423882,137.8942088776957,138.05191040039062,1132859
2022-10-25,138.05191054669564,138.3988590305053,135.1502050927902,137.8311309814453,20622687
2022-10-27,138.33579725660755,141.83676377559448,137.1057175333546,141.2375030517578,24298489
2022-10-28,141.17441513150933,144.45460182994228,140.79592119156575,143.06683349609375,11669879
2022-10-31,143.7922423372666,145.24310147026551,143.0037347288504,143.9184112548828,11755682
2022-11-01,145.4954481151705,148.8071805631617,144.9592654284431,148.33407592773438,15220278
2022-11-02,148.33407258120334,149.21720378083378,146.88321326511158,147.16708374023438,12884449
2022-11-03,146.97780078782318,147.3562818282459,143.00371777893182,143.85531616210938,9358215
2022-11-04,143.82378801202802,144.7384517057844,141.93136974871186,142.65679931640625,8059667
2022-11-07,143.3822475772008,146.2839533924983,142.81451945743328,143.8238067626953,14862038
2022-11-09,145.7161728515625,145.7161728515625,137.54724102218378,137.98880004882812,22831150
2022-11-10,136.25411054775904,138.87195829402106,134.6770953793822,135.5602264404297,16217631
2022-11-11,136.254145381431,137.42113433761668,134.70867525483177,135.02407836914062,12123886
2022-11-14,136.25120727297585,138.02741412035905,135.79908714993587,136.5095672607422,18460862
2022-11-15,135.63763936360678,139.83594724867078,135.41157925948156,139.51300048828125,15258103
2022-11-16,139.4807152282204,140.4495556113034,137.8659812564154,140.22349548339844,9825807
2022-11-17,140.09431208560477,142.38722627849717,139.67447865456487,140.99856567382812,9449665
2022-11-18,141.03086853027344,141.32152854213302,140.06202810555337,141.03086853027344,5828998
2022-11-21,140.4818613488235,141.77364857961726,139.8359677334266,141.48300170898438,4712051
2022-11-22,141.12771830155998,141.57983845858874,140.09429141354013,140.67559814453125,4366445
2022-11-23,140.966271959819,141.32151868038883,138.3826976741866,138.96400451660156,13510578
2022-11-24,139.12545108102,142.7424517552688,138.93167779066874,142.5809783935547,7622243
2022-11-25,142.58100226198064,142.67788892337535,139.9005413806633,142.48411560058594,10989671
2022-11-28,141.54757500982774,143.5175424653992,141.54757500982774,142.93624877929688,4526153
2022-11-29,142.93624281610929,143.54983641061332,141.1600356164279,141.67674255371094,6476054
2022-11-30,141.67675277632466,145.2937541612385,140.57873895722634,144.68016052246094,17317951
2022-12-01,144.68015002343944,145.22915689314877,142.4195226793232,143.3237762451172,13241961
2022-12-02,141.1600402908808,143.06542100279444,141.1600402908808,141.9674072265625,12880949
2022-12-05,141.90280260151593,143.54983635138132,140.28806878429006,143.3237762451172,16477957
2022-12-06,143.0976908359396,144.77701108076516,141.70901737052677,144.357177734375,11299945
2022-12-07,143.93738082613922,144.74474779637865,142.3872336151318,142.7747802734375,5813973
2022-12-08,143.25917193494882,143.29145872288754,140.09429141354013,140.67559814453125,11176439
2022-12-09,141.06316614898097,141.4183997477631,139.31924552870308,140.2880859375,6020031
2022-12-12,139.51302847816373,140.80481577888747,138.60877473950913,139.22238159179688,8194429
2022-12-13,139.22236692264448,140.02973390052867,137.6076329668761,139.706787109375,8235450
2022-12-14,139.70678367193918,142.45183132920448,139.70678367193918,141.57986450195312,10055353
2022-12-15,141.77361116923163,142.35491789784487,139.4483973955144,139.73904418945312,5385778
2022-12-16,138.86712731384418,140.93398162687083,137.3169800087046,137.7045135498047,11166617
2022-12-19,138.25351221831767,141.579853309813,137.8982655285768,141.38609313964844,7758862
2022-12-20,141.38608809234313,141.38608809234313,138.1566206308494,140.3526611328125,6541929
2022-12-21,140.1912122084553,140.9662792780873,138.1243447882049,139.54531860351562,7005861
2022-12-22,139.57759147244974,140.15889828704124,137.4784374658466,138.8671112060547,6961415
2022-12-23,137.83368103282575,139.06088135998394,135.9282872472877,136.44500732421875,4554651
2022-12-26,136.60648992768648,138.38269724353108,136.25124320822223,136.83255004882812,6864331
2022-12-27,137.54303387298415,138.99629444138463,136.80026676172596,137.34927368164062,13115851
2022-12-28,137.2523779664642,141.06315250050417,137.2523779664642,139.35153198242188,16815549
2022-12-29,138.2535182149853,139.8359521399506,137.89827150983578,139.35153198242188,22536873
2022-12-30,139.54529553602447,139.99741572844906,137.7367884848524,138.02743530273438,4643134
2023-01-02,138.57646728545697,139.1900609055435,137.5753270203284,138.8994140625,5959394
2023-01-03,139.0285633366207,139.6421568499886,138.44725661089882,139.25462341308594,2873110
2023-01-04,139.1254604713309,139.1254604713309,135.9605797399728,136.31582641601562,9954542
2023-01-05,136.86484673516645,136.86484673516645,133.44160564231063,134.86257934570312,21273509
2023-01-06,134.4427613634932,135.83143529253462,134.05522781464754,134.41046142578125,11510471
2023-01-09,135.12093744061377,136.89714486134275,131.92376933959727,135.0563507080078,52485126
2023-01-10,135.57304692647074,137.22006745060764,134.99174015411904,136.8002471923828,17248326
2023-01-11,137.0585680693118,137.60758794724683,135.70219461836453,136.8970947265625,9164361
2023-01-12,137.93058484871227,138.15664498271548,136.54191096735119,137.89828491210938,21179555
2023-01-13,137.96284664125614,139.09316024716182,137.76908647897145,138.22120666503906,6560245
2023-01-16,138.86712332101436,139.44843018631985,137.38156279198236,139.28695678710938,8362194
2023-01-17,139.28694883798278,141.256916311481,138.80252866799728,141.0631561279297,13000571
2023-01-18,140.9985622346387,142.19346263173142,139.77136190489315,141.67674255371094,11171369
2023-01-19,141.321491428479,142.9039251169829,141.22460478330336,142.5809783935547,11586815
2023-01-20,142.74247921113871,144.61557319545065,142.74247921113871,144.19573974609375,10112645
2023-01-23,144.68015995856877,147.45750757121164,144.38951310780448,145.39064025878906,14393610
2023-01-24,146.13341563050696,146.3594757447712,142.4195277194554,142.71017456054688,6150893
2023-01-25,142.54868377914138,142.90393044445037,140.67560322601787,141.7090301513672,5790331
2023-01-27,141.64445203141153,143.03311256563674,140.15889170177988,141.61215209960938,10458603
2023-01-30,140.80479812877377,141.35380503461445,135.99289629305366,136.83255004882812,24288177
2023-01-31,137.31697182648708,142.22576038298294,137.0263249731654,139.93284606933594,20997546
2023-02-01,145.32606679283637,145.32606679283637,137.9628767805181,139.86827087402344,20246369
2023-02-02,139.51301538170168,140.22349570225705,136.50960756130897,137.38156127929688,12820663
2023-02-03,137.70449097662717,138.96399120466322,135.89599703437065,138.7702178955078,10815686
2023-02-06,137.86593544994997,140.38492223717085,137.60758861288883,140.191162109375,6948201
2023-02-07,140.80479191894705,140.93396537083447,138.93169802215294,140.06201171875,10035526
2023-02-08,140.72314288831643,140.9876006324336,139.13640987449295,140.1611785888672,12432719
2023-02-09,140.16121062094896,141.45042392319425,140.16121062094896,140.72317504882812,7011082
2023-02-10,140.09507827760507,141.78097130546246,140.06201601297073,141.54957580566406,10892159
2023-02-13,141.54957606128193,143.136309199863,141.4834649827745,142.8057403564453,7710133
2023-02-14,143.49994522878654,143.49994522878654,140.65704769755519,142.1446075439453,6010681
2023-02-15,140.98760381667486,142.27681685340386,140.82231940422858,141.81402587890625,8107497
2023-02-16,143.40074882079995,143.40074882079995,141.48344708139035,141.880126953125,3963115
2023-02-17,141.48346422173327,142.73962851013974,140.82232653845415,141.3512420654297,6491149
2023-02-20,142.541287336921,143.46688281948096,141.61569185436102,142.67352294921875,6841917
2023-02-21,143.8305147951381,144.62387467011882,142.83880822597158,143.59910583496094,6701434
2023-02-22,142.80571049062522,143.66519468411437,140.82229784492208,141.91317749023438,9128659
2023-02-23,142.14460080002564,142.73962740052744,140.55786768231437,140.98760986328125,10345874
2023-02-24,140.4256406052155,142.4090535701172,140.4256406052155,142.1776580810547,9808830
2023-02-27,143.10322780541827,145.41720940001375,141.84707712905524,144.92135620117188,17763618
2023-02-28,145.846986223807,147.4337195277348,144.62388406588337,146.9378662109375,36559278
2023-03-01,146.4750397805903,146.9378307174591,143.73131606689392,144.7230224609375,12896085
2023-03-02,144.1280155296412,146.11142858738856,142.67351800097876,145.6816864013672,79708558
2023-03-03,145.7147553448117,149.05349274118817,145.7147553448117,146.83868408203125,9951869
2023-03-06,148.0948578296026,151.26832444916124,147.43372007143475,150.1774444580078,15659957
2023-03-08,150.04518350678936,150.9707789021515,149.21876144858743,150.77244567871094,11591495
2023-03-09,151.40053209337242,152.35917637037988,149.08655016181433,149.28489685058594,13941653
2023-03-10,146.93783409259456,150.83854868894048,146.93783409259456,149.78073120117188,9605434
2023-03-13,150.77242638962784,152.09470151358553,149.02040916020826,149.4832000732422,13209653
2023-03-14,148.8551652947587,150.57412073370477,148.09485420131665,148.88821411132812,9583405
2023-03-15,149.8137868211525,152.09471975405495,149.21876025383534,150.93772888183594,12228069
2023-03-16,151.69802879052733,153.9789617592446,150.97078006388935,153.4831085205078,18437817
2023-03-17,154.67314676051978,154.70620902314164,150.93772982472473,151.86331176757812,33711025
2023-03-20,148.95431604527292,151.66497768588337,148.95431604527292,150.4088134765625,9281411
2023-03-21,150.24354461150614,150.54105120068144,147.07007822285786,147.5328826904297,11272787
2023-03-22,147.4336857736154,148.55761432068599,145.9791884243618,148.1609344482422,7589846
2023-03-23,148.09482122043386,148.4253900178009,146.27669283491514,146.87171936035156,17091298
2023-03-24,147.4336977268704,148.26011979933045,145.9792002596928,147.03701782226562,10371666
2023-03-27,147.3675786617538,149.5823870056954,145.1527703178122,145.51638793945312,19983733
2023-03-28,146.27671971342147,147.4998217982501,144.59081315671088,146.83868408203125,8689166
2023-03-29,146.83867286654856,147.89649044152677,145.81391755520852,147.070068359375,19743258
2023-03-31,148.09485175514615,149.912980515533,147.4337140240964,149.21878051757812,10202058
2023-04-03,150.30961379154536,150.30961379154536,147.9956324513825,148.49148559570312,7643214
2023-04-05,149.81379011433867,149.81379011433867,147.89648822233966,149.1857147216797,12019382
2023-04-06,150.21043159072318,150.34266715858283,148.52453907024457,148.9212188720703,4282875
2023-04-10,148.88820287480883,151.6649892520499,148.75598071674625,151.43359375,4145643
2023-04-11,151.33441124802528,153.3839352792531,151.03689123406772,152.95419311523438,5106602
2023-04-12,152.98725779545921,153.08643113501205,150.11131165370793,150.27659606933594,9118795
2023-04-13,150.27660005366187,153.15254627166394,150.07825336929739,152.8550262451172,11428621
2023-04-17,153.78060867755408,158.6069187139008,153.58227546084905,156.45822143554688,21815047
2023-04-18,156.62353136441928,157.02021131335036,151.83028280853804,152.26002502441406,13482833
2023-04-19,151.40051959291847,152.9872526194394,151.1691241090441,152.02859497070312,8264190
2023-04-20,152.6236302406383,153.97896786057538,151.83027040757494,152.6566925048828,7308750
2023-04-21,153.25171019109766,153.61532782223466,151.79719931391048,153.08642578125,5030650
2023-04-24,152.72281565005142,153.58230007951687,152.02861565310764,153.35089111328125,5725067
2023-04-25,152.92112544839063,154.640080441643,152.49138333735797,153.97894287109375,8338703
2023-04-26,154.73929782591,158.34249323098027,153.38396004003098,157.54913330078125,13581018
2023-04-27,157.35077531077187,157.5491220045413,154.3756556095178,155.9954376220703,9794457
2023-04-28,156.65657274310405,157.31771044356177,154.111195286518,156.85491943359375,10585487
2023-05-02,157.8135555779075,159.43335093099844,157.51604900840113,158.73915100097656,6732907
2023-05-03,158.6730628954957,159.9953384196248,157.8797029613711,158.47471618652344,4789217
2023-05-04,158.44163520921026,159.13582164794602,155.3342802876938,157.9127197265625,9189783
2023-05-05,157.8796887048376,159.66475512086757,157.48299532271452,159.36724853515625,3896441
2023-05-08,159.89614409619514,162.80515255796533,159.4002908396734,161.81344604492188,8758321
2023-05-09,161.35064057811036,163.23488009368586,160.4580940357353,160.9208984375,9166941
2023-05-10,162.07788416133374,163.92906135745642,161.71425310360453,163.73072814941406,9689409
2023-05-11,163.7637973598246,164.75550387621647,163.03654860464664,164.32577514648438,12616726
2023-05-12,164.52410713384575,165.01996038828824,159.43335243525487,159.8300323486328,13853807
2023-05-15,160.92092017215046,162.40848000918595,160.22672020118148,160.82174682617188,12187763
2023-05-16,161.02008156373688,161.68121922000205,158.67303750364346,159.06971740722656,11418509
2023-05-17,159.26807089559776,159.92920858013667,156.9871378134102,157.8796844482422,11560929
2023-05-18,159.33415672588072,159.33415672588072,155.1028735251422,155.7970733642578,14497723
2023-05-19,155.79708472143747,157.0201866430071,153.38392968916904,154.5078582763672,10071694
2023-05-22,155.16898701909807,158.01188403693416,153.8136630298943,154.93759155273438,12566129
2023-05-23,154.73927479590674,156.39211894689538,154.27647036310185,154.77232360839844,12458561
2023-05-24,157.21856150379045,157.25161032058753,155.26819708101513,155.8962860107422,8877971
2023-05-25,157.15240358675925,158.87137212329122,156.22682169893932,157.31768798828125,12502747
2023-05-26,157.25158760824382,157.2846498711475,155.2351258431183,156.88796997070312,6811801
2023-05-29,157.48296202401224,157.5821353485735,154.77230070764762,155.03675842285156,13638297
2023-05-30,155.96235660235791,155.96235660235791,154.50784586711362,155.43344116210938,9469926
2023-05-31,155.36733607703715,155.49955821675115,152.06164807539807,154.60702514648438,48104157
2023-06-01,154.01202745512074,154.77233852804352,152.0947388158565,154.0450897216797,8804790
2023-06-02,154.70619489502224,155.43344354837012,154.1111683783272,155.10287475585938,6617781
2023-06-05,156.32600243591284,157.35077124242383,155.23513600102928,155.7640380859375,27428302
2023-06-06,156.326001930983,156.68963304202356,155.00372654666214,155.56570434570312,6898603
2023-06-07,156.49126005131157,158.70608170849124,156.12764245226788,158.14410400390625,11153571
2023-06-08,158.17716785619058,162.27621551955232,158.17716785619058,159.76390075683594,19300834
2023-06-09,161.02007977914903,162.30929281422576,159.8630888935079,161.91261291503906,11037141
2023-06-12,161.97870898544073,162.937353107248,159.4663807718457,159.76390075683594,8188909
2023-06-13,159.9953143392431,160.95395856960135,159.63168324448364,160.1605987548828,6443218
2023-06-14,160.06142015692961,163.43321943503224,160.06142015692961,162.97042846679688,10297426
2023-06-15,163.26794677389535,163.26794677389535,161.18537381609056,162.9373779296875,9732749
2023-06-16,162.90432911579515,163.53240453943775,161.64816481762924,162.9373779296875,9702361
2023-06-19,162.93735772991732,164.16047306255805,160.25975849431128,160.72254943847656,10431647
2023-06-20,161.2184003786351,165.08605263187758,161.1522893090943,164.45797729492188,13426365
2023-06-21,164.49105116176347,171.2677120108771,164.45798889922077,170.7057342529297,31172093
2023-06-22,170.57349606699785,170.57349606699785,167.06946150387478,167.63143920898438,7430965
2023-06-23,167.6645221682483,168.35872215073545,164.9869224876863,165.3505401611328,5593393
2023-06-26,165.2844158456599,165.44970026150557,163.40017619519543,164.29270935058594,7305362
2023-06-27,164.02826545434039,165.3174920773956,163.73075886103297,164.98692321777344,11142907
2023-06-28,165.81331757510975,166.9372461290926,162.93735821772708,165.38357543945312,17808717
2023-06-30,169.58181847485392,171.69745371485064,166.07778331704847,168.6892852783203,17659979
2023-07-03,168.29258773578252,168.55703202494018,164.9538373509329,165.61497497558594,12467239
2023-07-04,166.93726041479619,166.93726041479619,164.75550073991408,165.01995849609375,8637967
2023-07-05,165.08604644759436,167.89588113028867,164.95382431346596,167.43309020996094,5340907
2023-07-06,171.86273381438798,174.27588902643674,168.19342777631536,173.6808624267578,16705046
2023-07-07,173.5817074196283,173.5817074196283,168.39176574668474,168.8876190185547,13149183
2023-07-10,168.88758770436547,169.51567646947257,164.2926869506836,165.28439331054688,15319047
2023-07-11,166.6066822300296,168.8545528550551,165.31746923598234,167.598388671875,7486045
2023-07-12,167.92896832629444,168.4248215792264,166.044728655329,166.63975524902344,9390877
2023-07-13,166.44139242446826,166.73889896702036,159.79695409926697,160.72254943847656,30591450
2023-07-14,160.65646662436907,161.582062126373,156.49129359079214,158.70611572265625,72085831
2023-07-17,160.32588927082995,161.94567122537885,158.14412952101895,159.3341827392578,11474161
2023-07-18,159.33419151936576,161.1192579942094,158.40859601538403,159.43336486816406,14940593
2023-07-19,159.33418698913638,162.77209767659934,159.03668040208169,160.82174682617188,22954874
2023-07-20,161.28453295272453,162.54069724500292,160.193666532656,161.48287963867188,10249082
2023-07-21,160.82174840367185,162.83822380511864,160.12754842589345,161.3837127685547,18466409
2023-07-24,161.3506383801423,164.06129987885868,160.5572651811586,163.59849548339844,14825562
2023-07-25,164.59021261001217,166.27611899809835,164.06131056046667,166.0447235107422,10500017
2023-07-26,167.86287402587845,169.0198650650178,165.284434162763,165.94557189941406,12898171
2023-07-27,166.60670732647503,167.53230283513176,165.0860851729046,165.74722290039062,10836773
2023-07-28,166.47446409321137,172.65609837271467,165.35052202819634,170.7057342529297,17518458
2023-07-31,173.21806281921772,176.5237510409585,171.33382322300142,175.8956756591797,24269734
2023-08-01,173.21805507772245,173.21805507772245,165.61497250751708,166.47445678710938,31395702
2023-08-02,167.20172135384468,167.7967479538559,163.03654860464664,164.32577514648438,20825405
2023-08-03,164.62327343145535,165.68109097216424,162.7059715728006,164.4249267578125,10882019
2023-08-04,163.962136570205,164.65633648039048,163.0365411735843,163.5323944091797,7406390
2023-08-07,164.49105491922214,164.5902148073558,162.6398640938989,163.9290771484375,6345966
2023-08-08,165.31089261451862,165.31089261451862,162.21026291676105,162.783203125,15171726
2023-08-09,163.79427802066468,164.1313032840817,161.60361380845416,162.00804138183594,18442141
2023-08-10,162.14287985205306,163.5583833914787,161.80585454678052,162.98544311523438,9962450
2023-08-11,165.47940262373714,165.98494051362636,163.65947170557314,164.67054748535156,23866073
2023-08-14,165.04127383565793,165.34460481023132,162.27766933324148,164.80535888671875,9188486
2023-08-16,164.87275959279646,167.6026697693983,163.82798948235865,167.1982421875,9191471
2023-08-17,167.19822860867882,167.70376647339333,163.25502229303194,164.26609802246094,15301142
2023-08-18,164.23243437447994,164.23243437447994,161.8395492161803,162.44619750976562,12292241
2023-08-21,163.3224681602494,166.96233048051673,162.918026823691,166.62530517578125,9129526
2023-08-22,167.16452873947875,168.61374009828555,166.28825757919753,167.02972412109375,11107830
2023-08-23,168.5126191491774,168.5126191491774,166.6252723292698,168.2429962158203,8487619
2023-08-24,168.51261215591626,170.29884858748727,165.68160575713347,166.0186309814453,18982087
2023-08-25,165.91750532725428,166.76006831011296,162.71576599239117,163.1201934814453,12851343
2023-08-28,163.79429340938208,167.83859695035449,163.4909761292469,167.50157165527344,11908665
2023-08-29,168.24301219710284,170.53478677794408,167.56896165647854,169.2877960205078,12363321
2023-08-30,169.38891244646717,169.59111938778284,166.11975623579505,166.55789184570312,6748007
2023-08-31,167.0634086477816,168.2429969872344,164.16499981328144,164.83905029296875,20715819
2023-09-01,166.49047208992738,170.26515211523966,165.27717571476626,169.9955291748047,13120723
2023-09-04,170.9391999813836,172.89394912749282,169.05186685454098,172.15249633789062,10240031
2023-09-05,172.08510705348633,173.23098747743285,170.53478533770624,171.4110565185547,10893186
2023-09-06,173.02877366994144,173.39950696424322,169.96185184294782,171.54586791992188,10018473
2023-09-07,171.20883594319977,173.70281743803744,169.96184519578097,173.23098754882812,13760453
2023-09-08,174.07353197944806,176.12939137596828,173.29837120468184,174.34315490722656,16781751
2023-09-11,175.48904930688582,178.62338695273732,173.63541038567817,178.28636169433594,17683806
2023-09-12,182.44301153454361,183.56642909325384,171.34364056904911,171.92782592773438,29826173
2023-09-13,173.63543701171875,174.89367306418325,171.92784759273937,173.63543701171875,10692151
2023-09-14,174.53414487228923,175.83730646552203,174.0847778598922,175.387939453125,10941807
2023-09-15,176.2866686316483,176.33160807437116,172.73667207402275,174.44427490234375,20516593
2023-09-18,175.4778345315918,180.19618859710195,174.44429579315582,179.83670043945312,25627043
2023-09-20,178.5784388878821,185.09426023575253,178.35375539312795,183.9259033203125,33369524
2023-09-21,184.24047411841516,184.73478057218313,180.10629214056482,181.18478393554688,20332556
2023-09-22,180.2411155302662,182.35313230859612,176.51136101406078,178.98287963867188,21193988
2023-09-25,179.7468068930757,180.33097853004097,176.78098183662132,178.75819396972656,11951847
2023-09-26,178.93795128092745,179.79174586872475,177.58985023274445,178.26390075683594,7440011
2023-09-27,179.1176887311627,179.38731167356275,177.32022073328568,179.16262817382812,6736870
2023-09-28,179.83669624895617,183.74618129826766,177.76960510665674,180.42086791992188,50185120
2023-09-29,180.60058800349634,181.45438252979463,178.93793839198747,179.52210998535156,16293959
2023-10-03,178.62337155154623,179.74678898268803,176.9607082680197,179.3423614501953,10830728
2023-10-04,178.7582046018642,179.20757164582423,175.61263529414396,178.84808349609375,14120040
2023-10-05,179.29743954267718,179.29743954267718,175.5676987920136,176.6911163330078,14575590
2023-10-06,177.05061109106808,177.4550386782528,175.11833833363343,177.09555053710938,12857229
2023-10-09,176.60122462959046,176.9607127311859,174.1297062187438,176.3765411376953,7853369
2023-10-10,176.3765282781711,178.44361899561437,175.88222188932298,177.9043731689453,7440527
2023-10-11,177.36514312663218,178.98285319834423,177.36514312663218,178.398681640625,10031916
2023-10-12,177.3651775103271,181.54428552838962,177.3651775103271,180.42086791992188,21872719
2023-10-13,180.1512360282154,181.90376466790298,179.11769736505417,181.36453247070312,13105921
2023-10-16,180.0164270009239,183.20693551556772,179.83668293959033,182.48794555664062,18336656
2023-10-17,182.9372955483924,187.83539276043177,182.08350105129057,186.1727294921875,19378328
2023-10-18,187.34110588700224,187.34110588700224,183.34174219459368,185.5885772705078,14923328
2023-10-19,183.34176372766427,186.39745430435417,181.72403954028948,184.95948791503906,13192888
2023-10-20,184.42022912467266,184.42022912467266,180.55566986621426,182.30821228027344,22081120
2023-10-23,181.54426141197004,184.3752679237991,178.84805950981206,179.52210998535156,6988219
2023-10-25,178.8480877792626,180.1512494952369,177.76960959064922,179.29745483398438,16817158
2023-10-26,178.62338704166396,179.74680457022788,176.42149142839725,178.80313110351562,11070090
2023-10-27,179.0727560828429,181.36453060980867,178.98287719410186,180.60060119628906,9995487
2023-10-30,180.60059209933235,181.7240095840428,177.63476719697832,180.51072692871094,7679981
2023-10-31,181.09492072902216,182.398082428274,180.24112607872573,181.67909240722656,7474770
2023-11-01,181.85883707069823,181.85883707069823,180.1961736241405,180.60060119628906,5598615
2023-11-02,181.3195862929949,183.02717542444353,180.5556569000037,182.5328826904297,12924797
2023-11-03,182.80249886712497,185.5885798859592,182.53288962509012,183.70123291015625,8684015
2023-11-06,184.24046334830751,187.79045977742237,184.19552390721148,187.1164093017578,9804415
2023-11-07,187.11640481308189,187.92527359263084,184.9145093881167,186.93666076660156,10730361
2023-11-08,187.83540130467807,188.37464717663553,185.72337097203547,186.03793334960938,7435543
2023-11-09,186.30756256346194,189.18350864576215,185.22908449679846,188.5543975830078,13777877
2023-11-10,189.1834980906821,191.43033298487072,188.37464301421093,189.76766967773438,12066023
2023-11-13,190.5316160595482,193.31769706283734,189.36325906740785,190.80123901367188,11352269
2023-11-15,193.22782320279924,193.22782320279924,188.55440882619442,188.86895751953125,19182861
2023-11-16,189.3728768270178,191.34265633814428,188.45670421152212,189.83096313476562,27533260
2023-11-17,190.2890275549966,193.0375450853423,189.5560867509678,191.93814086914062,16705395
2023-11-20,192.48785415003445,193.49563554525145,191.34263848750376,191.75491333007812,11156900
2023-11-21,192.39621850761517,192.53363878610477,190.51806215005675,191.43423461914062,9608081
2023-11-22,190.74709642613945,194.77826349107212,190.74709642613945,193.86209106445312,13079580
2023-11-23,194.27438620771517,195.2363701523543,191.7091003485718,193.2207794189453,11382709
2023-11-24,193.58725442370394,194.320195228643,191.93814110751185,192.80850219726562,7250200
2023-11-28,196.47318555494334,196.47318555494334,191.9381345745364,192.57945251464844,15629209
2023-11-29,192.6710707296839,193.72466346460035,191.57166657592705,193.3582000732422,10062023
2023-11-30,192.76268190337575,194.96150421698655,190.7929166867184,191.43423461914062,60354322
2023-12-01,193.77047953467516,194.64084059480456,191.8923231545964,192.57945251464844,20719909
2023-12-04,193.95371166215713,196.15253400697864,193.95371166215713,195.05311584472656,27914088
2023-12-05,195.7860715926838,204.53552226139232,193.8163061974935,203.6651611328125,40709207
2023-12-06,207.0549776088824,207.2840207257064,203.8483739733466,205.58909606933594,29544730
2023-12-07,206.13880323327106,212.9184738366257,205.45167388916016,210.71966552734375,24534268
2023-12-08,212.36879148440835,213.8346591186069,207.4672629439444,209.43704223632812,22206320
2023-12-11,208.8873208942212,213.37656035665393,207.55887362306723,211.59002685546875,19106395
2023-12-12,210.7196739902257,213.7430460216742,210.26158774242083,211.95651245117188,14355329
2023-12-13,211.6358431825346,217.59096431104746,211.26937978188377,217.08706665039062,26878281
2023-12-14,217.36191350140484,217.68257945039252,211.72745853254582,212.6436309814453,29972018
2023-12-15,215.30054124180245,218.14068163303568,208.10858139993707,217.45355224609375,41341690
2023-12-18,217.04125643005824,217.04125643005824,212.04811917525808,212.4145965576172,29051897
2023-12-19,212.68944177798005,214.75082991746817,211.49842870335553,213.9720916748047,12612164
2023-12-20,215.25471418525902,215.66698899154235,207.23820525320767,208.1085662841797,20400245
2023-12-21,205.6348949665677,213.65140356724453,204.03159324643235,212.87266540527344,17755207
2023-12-22,213.46821378607066,214.56761809976163,211.17778230767934,212.322998046875,9735375
2023-12-26,212.55201046556078,216.03346860532972,211.68164942553912,213.78884887695312,6772092
2023-12-27,215.30053685771696,216.07928907226696,213.01010561454976,214.43017578125,10231881
2023-12-28,215.39214917918028,219.83557718608998,214.4759767266609,219.0568389892578,39164340
2023-12-29,217.86582543026623,218.27810026336851,215.0714964819549,217.3161163330078,12665999
2024-01-01,217.95744070999817,219.4233223593873,216.58318190607716,218.27810668945312,5952776
2024-01-02,219.88140165045115,219.97302449301205,216.35413190710196,217.91163635253906,9128513
2024-01-03,216.21669655878748,218.69035935907448,214.9340607303963,217.17868041992188,8284439
2024-01-04,218.04906169979438,222.72154718523473,217.17870059398817,221.20985412597656,19663959
2024-01-05,221.7137100773154,224.46222714438957,219.24004751288481,221.02658081054688,16345257
2024-01-08,222.08020601009505,224.69130319877348,220.2478610298808,222.03440856933594,13585746
2024-01-09,222.26344095547313,224.14158328572327,221.25564567316354,221.98858642578125,8688409
2024-01-10,220.79757057612827,221.80536590922023,218.04905310007686,219.10264587402344,16872195
2024-01-11,220.11044774566287,222.72154501734943,219.14846380453187,221.66793823242188,18812468
2024-01-12,222.1718267707586,222.30924705111488,218.7819913850382,219.42330932617188,11296498
2024-01-15,220.24786816874158,221.25566353239805,217.13288719328506,220.93499755859375,12597366
2024-01-16,221.39305671779547,222.0801860235362,217.77417850349718,219.01101684570312,7478450
2024-01-17,218.50713482358717,220.98079770489883,217.77419404920676,219.14845275878906,13620300
2024-01-18,208.20016635969344,215.9418199146458,207.10076233656847,213.88043212890625,25522629
2024-01-19,215.30052879419134,217.08706230101518,212.918474798638,215.6669921875,20931080
2024-01-23,220.7975636725004,226.11136675599082,216.4457444714864,218.00323486328125,27492163
2024-01-24,216.35412458803503,226.29460154324494,215.30053183264195,225.56166076660156,28309825
2024-01-25,224.23320453278646,227.8520828723128,222.72152559971912,224.9203338623047,20651484
2024-01-29,224.87455109552917,233.62400180209335,224.59969653276644,232.66201782226562,26181011
2024-01-30,232.7078003816559,235.41052027062153,230.41736927553723,232.79942321777344,16031367
2024-01-31,232.7078042383775,238.20483898416592,231.24192271429433,237.56350708007812,34369455
2024-02-01,237.28866937842187,248.23694156244636,236.64733746662614,243.5186309814453,29929092
2024-02-02,242.32763469061112,257.81094488804337,241.82375098180648,253.8714141845703,33900724
2024-02-05,254.2378550230543,265.1403015925304,251.85580105979426,259.1851806640625,27440927
2024-02-06,259.1851702094071,259.1851702094071,249.4737370336053,251.26028442382812,29668277
2024-02-07,249.29054414082876,251.39772971806215,244.43481308990795,245.48843383789062,27335466
2024-02-08,248.09949083392786,263.90346575935206,248.09949083392786,253.04684448242188,69776717
2024-02-09,255.24565315923073,256.0244053427485,246.5420147820236,250.11508178710938,24496638
2024-02-12,250.29834110553884,252.86361295173754,243.93093097246418,247.64141845703125,19140023
2024-02-13,247.6414242739187,248.14533594225693,242.09859163776576,247.5956268310547,22031847
2024-02-14,246.90849148145253,251.94744028719646,244.61806020611436,250.71060180664062,13546941
2024-02-15,253.36534249738355,263.9377622906359,252.75987953339836,262.3542175292969,25475670
2024-02-16,262.6802446830718,263.518580204142,254.57626831679988,255.74063110351562,25129188
2024-02-19,256.2529651063185,259.2337167530478,254.57626565488434,257.4173278808594,11429901
2024-02-20,259.28030526856,268.96779775335926,258.6748423182898,268.176025390625,43053543
2024-02-21,267.8500477087265,269.61990217424227,260.11868891649743,260.91046142578125,24651085
2024-02-22,260.910410246285,264.07747123534745,254.52969670214705,263.2391357421875,26793590
2024-02-23,263.1925383573884,265.66101006993085,259.88575959704457,262.6336669921875,14313526
2024-02-26,263.56521072114657,271.5294419884992,262.72684664935787,268.0829162597656,31012494
2024-02-27,264.6363646722438,273.29921193783224,264.6363646722438,272.46087646484375,36510093
2024-02-28,271.52935861010576,273.53205659888124,259.32683286370417,260.3980407714844,18824161
2024-02-29,260.44467215473117,265.4747136758559,255.6009116221958,263.4720153808594,35043015
2024-03-01,265.47474137493936,269.57329310027444,265.10215093205954,267.9897766113281,15149735
2024-03-04,268.26918814126145,276.65260027067586,268.26918814126145,274.4635925292969,23131460
2024-03-05,272.04173453991314,275.20882434556415,269.8993181907524,274.7896423339844,13220556
2024-03-06,270.41158499675396,274.69644546437996,266.8719337212678,273.57867431640625,15969436
2024-03-07,273.8581339801482,278.42243052778537,271.0636632252487,272.6006164550781,14908694
2024-03-11,268.6417521101108,271.94855918067753,264.91579153042323,265.98699951171875,19020659
2024-03-12,265.38153786305435,268.87462592309845,263.37883972732703,265.6144104003906,17906155
2024-03-13,263.891153807315,264.4500535947159,243.86411515102145,246.19284057617188,39389523
2024-03-14,245.96000276004716,250.01199125726237,242.83953299123462,248.10244750976562,26005940
2024-03-15,249.73254149001608,253.3653477764454,239.99845701537424,247.72984313964844,43817794
2024-03-18,247.7298671910123,248.38189337264438,241.72174312977182,246.7517852783203,12423655
2024-03-19,244.1901701288765,248.2421585141922,240.60392688148616,241.2559814453125,20031514
2024-03-20,242.1409182248308,246.98465079612873,241.20942791187025,246.51890563964844,11308487
2024-03-21,249.45305966192933,255.69405525939104,248.80103358985795,254.9954376220703,23559105
2024-03-22,254.99544850934774,259.18715451224114,252.7598776598364,256.8584289550781,22097588
2024-03-26,251.59548072106895,255.3214411066403,247.86952033549764,251.54888916015625,28477120
2024-03-27,252.43387775262346,254.1105489647507,250.75720654049618,251.73526000976562,18094214
2024-03-28,253.36539020014308,260.35156823874996,253.03936287297518,257.9296875,26646830
2024-04-01,261.51593117831186,262.3077037078511,258.6283052377265,260.95703125,8945400
2024-04-02,260.11860511791434,262.40076718708116,259.41998755716793,260.3980407714844,13229425
2024-04-03,260.95702457410306,263.70493256902023,259.4666342790095,260.91046142578125,14499308
2024-04-04,263.4254034578572,267.0582377899507,256.2063547841601,258.62823486328125,23722104
2024-04-05,260.77076206370896,260.77076206370896,256.29959086106084,259.3269348144531,9308711
2024-04-08,261.3295575954225,264.72951948044437,259.93232233094477,262.4473571777344,14473340
2024-04-09,263.4720424525342,264.86927793123584,261.7487796767698,261.9350891113281,5780865
2024-04-10,260.8172770866604,265.8007557449317,260.8172770866604,263.19256591796875,8809693
2024-04-12,262.21448324898176,264.96239062534016,255.8337698895298,256.3926696777344,17731780
2024-04-15,251.73526566329662,257.27764458517214,250.01200284018014,255.27491760253906,13378690
2024-04-16,254.29681891664768,256.6721075028317,252.66671110307942,255.461181640625,9662195
2024-04-18,268.17607502747046,270.0390557896298,258.67489019655613,260.91046142578125,51039603
2024-04-19,259.04743858434443,262.9131173525239,255.88037748849234,262.3542175292969,18755469
2024-04-22,264.5431903086541,265.1952447540874,262.40077443392556,264.2171630859375,14965203
2024-04-23,264.217236259293,267.4774525357122,261.4693567395519,265.80078125,11464036
2024-04-24,265.4747191179495,271.85543296457075,264.9158192870728,270.5047607421875,19324163
2024-04-25,271.99515922310337,274.3238849013834,269.4335609769954,273.2060852050781,22022414
2024-04-26,274.09103858236375,275.86086458198156,271.4828769436458,272.2280578613281,15581578
2024-04-29,272.2745653368675,274.41700978409256,269.75955893380865,273.57867431640625,9804396
2024-04-30,273.57870895918023,283.499074841118,272.9732175305118,281.17034912109375,33288857
2024-05-02,281.26350040761236,295.51529026974873,281.1703456945811,292.1153564453125,44059506
2024-05-03,290.62498015645696,294.4440961579812,287.13189145265335,289.55377197265625,27074447
2024-05-06,288.94828733396866,289.5071587433068,282.33470086414496,285.8277893066406,16855909
2024-05-07,285.9675334313479,287.1784594985991,274.32390421997377,275.02252197265625,13857464
2024-05-08,271.99515599130797,282.10183100032293,271.99515599130797,281.31005859375,18754452
2024-05-09,282.00868135721663,283.4990714857581,275.0225042798289,275.86083984375,11196567
2024-05-10,275.9540081259645,283.5922401435581,275.9540081259645,282.940185546875,11786977
2024-05-13,283.35933009849884,286.572954231131,277.2114890955688,285.5483093261719,11710605
2024-05-14,286.8989917011924,291.5564428651728,286.6661191429934,288.0633544921875,9957875
2024-05-15,288.7619604720556,294.6303373302739,287.69075243308873,293.2796936035156,11397656
2024-05-16,292.9536479980469,293.97829283380213,284.38392736950516,291.0906677246094,19843532
2024-05-17,293.3263056227833,294.3509506934746,289.4606263544216,291.6961975097656,9069551
2024-05-21,289.6934859002976,305.01651284356876,289.6934859002976,303.3398132324219,21976662
2024-05-22,305.2959027001241,305.2959027001241,298.26316329927187,303.43292236328125,10287081
2024-05-23,297.56461103667,298.7289740029634,287.8305252677252,297.9837646484375,35705284
2024-05-24,296.21386466851186,300.8247522345529,295.65496489886704,296.95904541015625,15058182
2024-05-27,299.4741376612911,299.4741376612911,292.953705426053,296.1673583984375,12857918
2024-05-28,297.14539880173623,297.6111439409239,290.6249668531088,291.3701477050781,10935739
2024-05-29,287.92365651933017,296.8659690568668,287.92365651933017,295.9344787597656,16812268
2024-05-30,293.0468473499874,295.8878813291518,282.9867352844252,285.6880798339844,22768893
2024-05-31,287.41132110056253,290.1592288601783,284.7565964832722,288.7619934082031,36929443
2024-06-03,312.04922625985,324.8106537492667,303.2932238053865,314.5176696777344,55218939
2024-06-04,312.00264703448056,312.00264703448056,260.5843777487216,275.6745300292969,73262478
2024-06-05,276.0005589648337,280.42513780079025,260.072097896852,278.32928466796875,45312613
2024-06-06,282.6141513012347,290.11266527144534,277.67726408254936,279.86627197265625,36508044
2024-06-07,277.63066740688095,289.36745065506443,276.46630455342677,288.1565246582031,38016104
2024-06-10,291.55645046730166,301.1973803134867,290.25236979274933,294.16461181640625,25478964
2024-06-11,294.5372213766015,297.79743717363044,293.55913958139735,294.86322021484375,12238518
2024-06-12,297.9837461973663,304.69048783866873,295.1892752512951,302.4083251953125,20346144
2024-06-13,304.5972797251832,305.4822067403742,298.6823115742072,299.4275207519531,11756503
2024-06-14,303.66576540933613,303.66576540933613,297.47136207638107,299.47406005859375,14159988
2024-06-18,299.9398875429964,309.72053604983324,299.9398875429964,309.0684814453125,21653702
2024-06-19,311.1177353848954,311.9095077621083,303.10691375848205,304.8767395019531,14235150
2024-06-20,305.06306268990625,305.80824353337977,300.21930192684715,302.3151550292969,11749507
2024-06-21,304.31788039279195,307.0191964710139,300.8713550478291,303.6192626953125,17209541
2024-06-24,300.9644946371681,311.11773231167507,300.45215796199676,310.1396789550781,18044357
2024-06-25,312.0492726534997,312.0492726534997,303.4795499143731,304.9699401855469,13979671
2024-06-26,303.3863504347411,307.5780560711797,302.687732828668,304.3178405761719,12946277
2024-06-27,306.04110062708276,309.72049836941966,302.1288587564065,308.8355712890625,27061015
2024-06-28,310.18627718756943,314.23826577313315,307.01921577852755,308.2767333984375,21676594
2024-07-01,308.323306883223,309.0219246480641,302.96723735277425,307.01922607421875,11959181
2024-07-02,307.4383452041195,311.4903334712166,305.5753647067715,308.136962890625,12684459
2024-07-03,308.41641039316704,313.8190421734647,306.55342999626095,312.1889343261719,9369793
2024-07-04,313.91220530040226,315.4957500509862,311.0245799223628,312.0492248535156,12878827
2024-07-05,312.0492450675761,316.61354177275126,310.0465466428064,316.1477966308594,10894118
2024-07-08,317.63818677027894,317.63818677027894,313.77250777794166,316.1477966308594,7828162
2024-07-09,316.7067153790974,318.8957233619364,314.9368894196977,317.7779235839844,9214579
2024-07-10,319.50112942822375,323.97227088914275,312.5149531287728,322.3421630859375,10662609
2024-07-11,324.62432468282816,324.8571972256422,318.56963856966206,319.3148193359375,12642065
2024-07-12,319.3148961768401,322.2025220879865,316.7998891653235,319.5943603515625,11380570
2024-07-15,321.73670613950634,321.73670613950634,316.8929742046071,320.29290771484375,5277531
2024-07-16,319.2682968001681,323.2271305314612,318.1039339380231,318.9888610839844,11363095
2024-07-18,318.5696809538118,321.0847161215467,313.8656663338507,317.8710632324219,13908161
2024-07-19,316.28753230422035,318.42997713370136,308.32330129998263,309.44110107421875,12937990
2024-07-22,307.3917962154058,316.1477992707215,306.92605106962486,315.4026184082031,10678640
2024-07-23,315.86834985863976,317.17243052491875,299.1015253374987,311.3506164550781,15954324
2024-07-24,308.2301266920431,315.58889418824765,307.67122684098877,314.05194091796875,12573882
2024-07-25,307.8109544775877,319.12855496183465,307.8109544775877,316.1943664550781,16271884
2024-07-26,317.0326841719625,321.8764159865316,315.3094216768424,320.6189270019531,11468068
2024-07-29,316.5203737381892,322.2024699155039,314.6108301075269,318.89569091796875,31849674
2024-07-30,321.36412444821025,332.4954438976538,319.7805797106338,325.83526611328125,25813219
2024-07-31,324.39150333072797,326.6270744091634,319.1285887179785,324.3449401855469,17976593
2024-08-01,327.09277570744854,337.66519508727004,326.1612855141043,336.3611145019531,26792459
2024-08-02,333.47354830883637,336.3145825312384,329.7475868752181,333.7064208984375,13771470
2024-08-05,328.5831579106675,330.4927013910134,318.1038934840339,319.3148193359375,13566586
2024-08-06,319.3148783056485,326.7668010518884,316.00809895773625,317.40533447265625,12273667
2024-08-07,322.1558994963255,328.39686693794135,319.8737370779247,327.9311218261719,12441847
2024-08-08,330.6790510827662,330.6790510827662,317.8710596675886,319.1751403808594,15489731
2024-08-09,324.06544955399136,325.04353136433065,320.712078996934,322.2956237792969,8720610
2024-08-12,319.5011863971483,320.2463672978968,316.24097020942224,317.7779235839844,12521136
2024-08-13,313.9122247644228,318.9888581676941,312.18896205883715,313.86566162109375,10435954
2024-08-14,313.91222403324707,315.1697415953036,309.7205177776102,310.6520080566406,12385993
2024-08-16,312.7653018928379,318.9172805999318,310.5111432875079,318.0250244140625,13013828
2024-08-19,321.8289431237386,322.43944028547395,318.6824993970295,319.6217346191406,5891370
2024-08-20,319.7626200200177,321.82892016333454,318.21285908355236,319.8095703125,6393840
2024-08-21,319.3398938497719,320.2321785478582,315.7238334367788,316.1934509277344,10118601
2024-08-22,315.58299904098055,317.1797102037817,310.4172059019169,313.70452880859375,18370039
2024-08-23,314.31505850175995,316.4753166909721,313.09406418934134,315.8178405761719,7494822
2024-08-26,316.00564690485476,320.748772485117,315.44210013710597,317.6962585449219,7993675
2024-08-27,318.4006752724992,320.7018125620113,314.6437351512897,314.97247314453125,9589690
2024-08-28,314.9725031407637,318.30677635060334,313.4697212165276,314.127197265625,8790600
2024-08-29,312.295681464961,315.4890751818912,308.8205000104542,313.04705810546875,17653536
2024-08-30,314.64376018175955,320.13829127876375,313.7514753667181,316.8979187011719,22713812
2024-09-02,317.83713445687425,319.24598702863625,313.89236445384796,315.1603088378906,9789776
2024-09-03,315.58297548626365,317.41449529141084,313.7045053940835,314.31500244140625,8434423
2024-09-04,311.0746737436656,314.3619965636365,310.8868152601094,312.6713562011719,9025610
2024-09-05,312.15477684389026,313.98626800664755,309.5718804378245,311.1216125488281,13912371
2024-09-06,312.8122492868071,312.85922824132194,305.2514179385255,309.7597351074219,23755639
2024-09-09,307.7873359833855,309.1961885521288,303.88948761265266,308.5856628417969,18597200
2024-09-10,307.12990268805845,314.9255431870388,307.12990268805845,313.8454284667969,15472387
2024-09-11,316.4283082866367,316.7570463134455,311.8260619008567,312.9531555175781,10134008
2024-09-12,314.50287918990585,318.40069912502446,313.0000972962076,317.6493225097656,18410837
2024-09-13,319.15205694332974,320.51395922435313,315.67690447345655,316.75701904296875,10417461
2024-09-16,316.75702348640027,320.748772485117,316.5691650094243,317.6962585449219,7748570
2024-09-17,316.2404538786731,319.33991808897093,314.1741252963552,316.42828369140625,11451846
2024-09-18,317.93106578195204,318.3067540709197,312.8592022229407,313.98626708984375,6583254
2024-09-19,315.77082742003273,317.79017699466283,312.8591931048279,314.5498046875,10589610
2024-09-20,317.602329025448,322.11067450027053,314.4089355619357,320.1382751464844,31236123
2024-09-23,321.21843009488583,321.68804768274384,319.57476853738274,320.4200744628906,6542941
2024-09-24,323.61341274311565,329.67149005120814,321.5471129093624,328.7792053222656,26145769
2024-09-25,332.34833750967766,343.994846724153,330.9394848951078,341.6467590332031,40770462
2024-09-26,341.9284868035487,343.8539357318522,335.4947500495927,343.2434387207031,18733959
2024-09-27,340.1909599472928,341.22409561235946,331.87872369542464,332.7240295410156,33148043
2024-09-30,332.7240420909916,335.72960594777055,328.45053374959076,331.40911865234375,16356171
2024-10-01,329.76543028975243,334.367676281212,328.68531571979446,329.483642578125,9856291
2024-10-03,322.1576173747398,328.638333391042,321.7819290929444,323.23773193359375,19350466
2024-10-04,322.157615790498,326.3372231457627,317.2266318753373,318.2597961425781,20121706
2024-10-07,319.3399631172886,319.3399631172886,305.25143533270233,308.96142578125,13851446
2024-10-08,307.41160095149843,310.88678188191454,302.76240494603474,307.2707214355469,21148292
2024-10-09,307.1299023400481,311.6382197164637,305.7210495770203,309.7127990722656,9228363
2024-10-10,310.1354140549617,317.55536495605884,310.0414848206333,314.0332336425781,20773976
2024-10-11,314.127194778236,314.9725006466812,309.47796950701604,309.9945373535156,6098468
2024-10-14,309.9945157928215,311.3564180762244,307.88123693710054,310.60504150390625,5944216
2024-10-15,313.1879537330654,313.1879537330654,307.59949345539746,309.80670166015625,12415489
2024-10-16,311.5443071500015,312.43656333436707,305.2044699601555,307.3177490234375,22085298
2024-10-17,308.53874257991544,311.73213631385966,304.87573127735646,311.0277099609375,17039729
2024-10-18,311.3564484963808,313.563656805085,308.3039342954359,311.8730163574219,10569021
2024-10-21,312.76530069744854,313.4697270503707,309.43102742555624,311.0277099609375,8745904
2024-10-22,312.67138438063256,315.2542811148215,301.54144181158193,303.1381530761719,11219831
2024-10-23,299.8038737831317,302.33979151084327,294.7789599571351,297.64361572265625,12541589
2024-10-24,296.09382527498093,301.3065679105069,296.09382527498093,299.7568359375,8327779
2024-10-25,301.96409483101013,301.96409483101013,294.21540499475554,296.6104431152344,12979410
2024-10-28,295.38938432150013,300.9778435982581,291.8672533478734,298.9584655761719,9610615
2024-10-29,296.89219865895495,301.68230304367614,295.06067888553326,301.07177734375,15856332
2024-10-30,299.1933573752696,305.62712413932275,297.50274550382034,299.0994567871094,14498110
2024-10-31,300.9309217981968,303.0911797368072,298.5358837466038,301.3066101074219,9900390
2024-11-01,302.8563382697408,303.0911470205583,300.5552010464578,302.4806213378906,847672
2024-11-04,304.8287551796009,304.96966338205135,292.66567723638815,296.28173828125,9249409
2024-11-05,293.37009763430643,298.3950112961053,293.041359607239,297.3618469238281,7518195
2024-11-06,298.11319802092095,300.883952873316,294.82587535823205,299.1463623046875,11019250
2024-11-07,299.61598493029476,299.61598493029476,292.7595804394814,293.9336242675781,14504208
2024-11-08,292.9004827091139,298.25410578302126,289.9418977652201,297.0331115722656,15740539
2024-11-11,294.4971642104956,312.2017521835664,293.7927378614067,309.7597351074219,22838987
2024-11-12,311.35641281439393,312.29564784550826,302.24582154731377,303.0911560058594,12069181
2024-11-13,303.04422620038133,304.875746273339,297.8784326915278,298.6767883300781,12918639
2024-11-14,300.2010764920084,303.7261112894043,295.91385079208175,297.3429260253906,12500377
2024-11-18,299.15306690669985,300.62976627591814,295.4374773046275,297.2952575683594,9408101
2024-11-19,298.2480086166633,303.20214803849603,297.4858467400484,300.1534423828125,13157158
2024-11-21,301.05855601380307,311.3002632199688,298.2004051655707,310.4904479980469,25406386
2024-11-22,310.3951580341165,321.6372350308631,308.6802792238292,321.0179748535156,31523269
2024-11-25,325.6862618196063,329.06839501590383,320.25576413088606,326.543701171875,29419152
2024-11-26,325.82919289289896,328.30626274735835,321.92304763101464,322.7804870605469,13997179
2024-11-27,321.30379459659406,325.162286652786,320.58925687695745,323.209228515625,12177260
2024-11-28,323.20921345960136,325.5910057474392,316.49257083774364,317.8739929199219,16920231
2024-11-29,315.6827608166695,316.77837947210145,311.0620778876425,313.824951171875,13890537
2024-12-02,312.6340700647042,316.2544120206496,310.77628940505355,312.3482666015625,16003524
2024-12-03,308.91847508663005,315.6827713352154,308.91847508663005,314.0631408691406,23174488
2024-12-04,313.4914704589043,315.5874591761071,305.9173888834444,309.68060302734375,17880011
2024-12-05,309.63300788995787,314.8253268828812,304.4406888970346,312.8246154785156,19785053
2024-12-06,311.6337233969545,317.0165684054449,311.2526424279189,313.3486022949219,8802058
2024-12-09,312.2529803553411,315.01585369535496,311.2526391877096,313.5391540527344,9376929
2024-12-10,316.15911750860914,316.15911750860914,309.9664574935151,312.3958740234375,14994365
2024-12-11,311.7766050075849,313.44385957981797,311.3955240631398,312.0624084472656,5013051
2024-12-12,312.4911579677667,314.3013143483889,310.44282235088855,313.6344299316406,10414162
2024-12-13,315.0158087255954,318.49321928167865,309.68058875241877,318.06451416015625,14973536
2024-12-16,318.0645376479448,320.35105235541045,315.920924658206,319.16015625,12695136
2024-12-17,316.77840221503214,319.68417743257197,312.4911757188888,314.2060546875,17360248
2024-12-18,312.49116646340593,313.5391609463464,305.48869091218415,306.34613037109375,15037099
2024-12-19,302.96396496830545,308.5373644783994,301.8683463816128,306.4413757324219,10234715
2024-12-20,306.10789278074867,310.2045924196179,298.7719909477003,300.8679504394531,13973399
2024-12-23,302.9639793839379,303.2497828289832,296.8189436439468,300.3916320800781,5984169
2024-12-24,299.2483364758756,301.67775255435924,294.15129605720966,295.4374694824219,4833589
2024-12-26,295.43749531866473,298.29564581370255,294.15132178097565,295.6280212402344,3775101
2024-12-27,296.0567729791006,297.53347252582086,294.19896341744806,294.7705993652344,3981693
2024-12-30,294.38950770793383,297.247658268205,291.81716057384534,293.008056640625,12489142
2024-12-31,292.8175555718201,295.1040703992158,290.7215666865162,294.1037292480469,8402716
2025-01-01,294.10372630936104,296.6284203451048,291.4361014752098,295.72332763671875,4239498
2025-01-02,295.1993604429382,302.20183602231464,294.1513659557841,300.2487487792969,10766571
2025-01-03,301.39200317479714,302.96398027640305,298.81965586335986,301.1061706542969,7636948
2025-01-06,300.86798608193504,301.53489954331343,290.38810015783884,291.5313720703125,6722495
2025-01-07,291.5313744325411,296.0091555389644,288.67322370281033,290.62628173828125,10137739
2025-01-08,291.6742763104146,293.2939066879751,288.6732238575115,292.150634765625,6907996
2025-01-09,292.15063134012144,292.3888105649339,289.2924806423711,290.81683349609375,8244909
2025-01-10,289.67353064927045,290.8168024361111,284.385964053003,285.52923583984375,6540783
2025-01-13,281.05150350533,284.4336370871586,273.1915885767911,274.00140380859375,19474228
2025-01-14,274.14426991859455,279.19365752617364,273.2391772933632,276.52606201171875,15954608
2025-01-15,281.05148923025297,288.19686607508993,277.3358990858603,284.5289001464844,12198882
2025-01-16,284.86237612646676,287.3394460816198,282.57586119656185,283.5762023925781,11694289
2025-01-17,283.5761543900561,290.57862880066625,281.71837404412923,288.2921142578125,7593230
2025-01-20,288.2921507646995,294.19897832551175,287.67289057097264,291.7695617675781,9435937
2025-01-21,292.48411375127995,295.29464048069036,287.2441703453124,288.0539855957031,13911546
2025-01-22,287.72049774166834,288.00630117580545,281.8136414562,283.48089599609375,9723333
2025-01-23,283.43330367109814,285.43401515899365,279.7177132362152,280.4322509765625,12228286
2025-01-24,281.3372858733665,288.19685910843697,280.43222227299987,281.8612976074219,11142914
2025-01-27,281.051483685962,281.051483685962,270.3334186301414,273.42974853515625,13477947
2025-01-28,273.57266358046707,275.14464071697176,266.1414830762918,270.52398681640625,11298068
2025-01-29,271.8578010124519,275.4781139725851,269.90471372308855,274.2395935058594,4800024
2025-01-30,274.2396015580234,283.0522340423857,274.2396015580234,281.3849792480469,10969499
2025-01-31,282.9568965124776,289.1019316524411,281.9089021919538,287.38702392578125,14141459
2025-02-01,287.3870681458501,290.91213256420866,275.0017475375622,276.14501953125,6945157
2025-02-03,276.2878988442246,278.19333262935726,264.85529613342914,270.38104248046875,14978897
2025-02-04,267.7134572960624,272.85812290248754,259.23428243506,272.1435852050781,19836427
2025-02-05,272.09595521652335,277.0024414863986,271.0955850166028,271.7148742675781,15337191
2025-02-06,273.9061119606006,277.1929969339729,266.52255589905394,267.8563537597656,21418561
2025-02-07,263.22984536035307,271.71179107308274,260.24187718383365,268.0973205566406,17193482
2025-02-10,265.0611595179972,266.02501827988084,258.4105399439272,258.9888610839844,16709670
2025-02-11,258.9888610320198,259.08522337648077,250.60327803946075,252.00088500976562,22083955
2025-02-12,250.12135347275927,252.6273921843152,244.8201301814291,247.7598876953125,17861265
2025-02-13,247.95268593260317,251.9045130490532,246.84425415246946,249.7840118408203,12257226
2025-02-14,250.98881444994998,252.04906496561955,245.54301835560833,248.04905700683594,11339563
2025-02-17,247.61533928106832,254.4587431813739,243.0852055068032,253.6876678466797,8332653
2025-02-18,254.31412563232016,258.2177416283961,250.79604723597723,257.3020935058594,10483635
2025-02-19,253.01293447090836,258.79608725881485,252.820150945457,253.5430450439453,14602009
2025-02-20,253.25390088143263,256.82019022392393,251.8562938490583,256.1454772949219,15312926
2025-02-21,255.71174561205194,256.14549386799416,250.02498418050672,252.43463134765625,10757038
2025-02-24,248.67558006068657,252.33823187712082,247.95268593260317,249.7840118408203,14599185
2025-02-25,249.44663921185384,250.55510033484646,245.68759587216476,246.5068817138672,21287363
2025-02-27,244.82014815167682,248.1454729534504,244.29002284216807,246.98883056640625,13614799
2025-02-28,246.651456405997,247.7117069490172,238.3622797060237,241.7839813232422,38512868
2025-03-03,243.8562885548809,244.62737857477907,239.51892373868736,243.37435913085938,9873539
2025-03-04,240.9646792674628,247.85626321158549,240.43455403161101,244.8201141357422,11947033
2025-03-05,247.66352333442885,257.54307575154456,246.50688104169285,254.84425354003906,14536637
2025-03-06,255.56715127384848,257.6394417812176,251.2779973241097,257.012939453125,11926868
2025-03-07,256.3864423827403,258.9406623355809,252.1454695194869,253.7840118408203,10043068
2025-03-10,251.61534999963314,264.33829903920804,251.61534999963314,261.4949035644531,30233763
2025-03-11,260.2418652326335,262.02500982178407,256.2418572610589,257.6394348144531,9255499
2025-03-12,260.916583278844,262.55512555459933,254.07318006402832,257.4466857910156,11875548
2025-03-13,260.0490664527593,260.86835223370605,255.9044857933345,257.9767761230469,9270442
2025-03-17,260.2418724905185,260.8683748191426,255.37439738201317,257.6876525878906,11987667
2025-03-19,262.1695636713129,268.2418616522586,260.04906278753003,267.181640625,13089950
2025-03-20,273.25395310666977,273.30213427787186,267.03705246061133,270.2178039550781,13710249
2025-03-21,270.844329309131,274.8443375423349,269.9286516612703,272.8684387207031,26003527
2025-03-24,274.6997466680316,283.3262943380221,274.1696361157543,281.30218505859375,19966817
2025-03-25,280.48291015625,284.57931004684815,277.25397730073365,280.48291015625,16983852
2025-03-26,281.15760367559506,286.0250785026252,279.0852838716699,280.33831787109375,20367015
2025-03-27,278.55519963763084,286.50703492140406,278.55519963763084,284.8202819824219,37203166
2025-03-28,283.27810184648604,283.61545831704626,277.88048656143303,279.8564147949219,10834900
2025-04-01,279.1335051131836,286.2178729413537,276.62746643329984,278.8443298339844,11603556
2025-04-02,276.48292741608833,279.2781123034104,274.21785315037187,276.38653564453125,11679536
2025-04-03,278.89256774122055,289.10947756642537,274.7961675756849,288.2901916503906,23478876
2025-04-04,289.15765148592783,290.02511855745814,281.54317254639255,283.2781066894531,21020875
2025-04-07,273.3503655084448,283.27809952588643,272.09733140157687,278.94073486328125,22847548
2025-04-08,281.3985955158234,283.3744943397526,274.36240844976163,278.50701904296875,20831596
2025-04-09,279.47090796021826,288.67574895744605,278.8443761252596,282.79620361328125,21342531
2025-04-11,282.65159270444246,293.97693358859317,282.65159270444246,293.1094665527344,19831004
2025-04-15,296.0974316951614,299.2299727588666,292.72392593424803,293.5431823730469,16563441
2025-04-16,293.44682442315855,295.9046526056572,291.8564338660445,294.6998291015625,7032401
2025-04-17,294.41064982816675,298.6034116150757,291.0853255682393,297.83233642578125,8528993
2025-04-21,298.79619693756104,310.36250133514403,297.3022277187265,308.4347839355469,13369014
2025-04-22,308.19382280451623,308.19382280451623,300.8203095491957,301.2540283203125,10027268
2025-04-23,302.796247577007,304.67578407387225,298.2661286946365,303.5673522949219,8225575
2025-04-24,303.5191608939897,304.4348386123321,301.5432619202688,303.0372314453125,8021180
2025-04-25,301.6877806820644,304.00103573727483,292.43473104658864,295.4226989746094,11475773
2025-04-28,293.20585836237535,299.71190525431,292.5793266114431,297.39862060546875,7314824
2025-04-29,297.3986233897896,299.5673057074049,290.31428468395546,292.00103759765625,14678005
2025-04-30,293.44683293017414,298.79623767757914,290.9889752617859,296.3384094238281,17619987
2025-05-02,294.45884728844186,297.8323529038577,291.3744875313506,292.0973815917969,5688285
2025-05-05,293.78413600655114,299.47092617821033,293.63956307659794,297.061279296875,4342960
2025-05-06,296.4829406738281,299.22994383944024,294.50701269890607,296.4829406738281,9124804
2025-05-07,296.868477480902,301.8323438675424,295.90461878778217,299.8564453125,14679327
2025-05-08,302.07333334700627,305.92876843609287,293.0130667705799,297.1094665527344,19253478
2025-05-09,289.1576230425364,292.09738044428167,285.687725683099,288.48291015625,11981497
2025-05-12,293.0612901611804,299.8565131333834,293.0612901611804,297.8805847167969,7145884
2025-05-13,293.97692903909257,297.5913994780978,287.2299175529494,287.6636657714844,17988336
2025-05-14,288.3865386191556,289.6877243496545,283.42264271681205,285.2539978027344,10359258
2025-05-15,285.2058416375406,289.5432066724919,280.5311201058318,288.8203125,22640626
2025-05-16,289.1576498172097,291.27815101505746,284.8202850699515,289.3504333496094,16763668
2025-05-19,291.0853197445376,293.4949664311646,288.19374372058525,293.06121826171875,12575289
2025-05-20,293.3985962501074,294.2660632381389,286.36243917374327,287.1335144042969,21339095
2025-05-21,286.98895730455223,291.3263218985757,284.9648479444141,285.44677734375,11997632
2025-05-22,285.20582992998084,285.63957818152653,276.19374373326247,280.38653564453125,26158839
2025-05-23,281.4467796891957,287.95282682242197,281.2058149805577,287.3263244628906,9872024
2025-05-26,289.2058322832587,292.8203029220995,285.0612510499096,285.9769287109375,16469130
2025-05-27,286.26603714079033,286.84435825026407,281.6395270942673,283.9045715332031,17074710
2025-05-28,283.9045858229481,284.9648363412432,280.0009696131285,280.6274719238281,10099453
2025-05-29,280.82026614965565,283.27809431405745,280.82026614965565,282.50701904296875,9773818
2025-05-30,281.44675838546164,284.00097822075884,277.83228802948395,279.278076171875,21788566
2025-06-02,279.8082198786615,283.03715299551664,277.9768938975706,282.4588317871094,7255782
2025-06-03,281.9287059085843,284.72389061415225,277.35037649639355,277.8323059082031,10989055
2025-06-04,277.83231407121116,279.32628352586033,276.6756716830301,278.1214599609375,8580196
2025-06-05,280.48290694114405,284.5793067847862,279.6154399160058,283.6154479980469,13110486
2025-06-06,282.9407233374303,286.2660477795108,282.3624316210986,285.1094055175781,7935393
2025-06-09,287.22994025257384,290.26608977835633,285.4467954788165,289.63958740234375,8666186
2025-06-10,289.68777880498783,290.89260242240107,287.47091511480306,290.1697082519531,7273892
2025-06-11,290.21785997203403,290.50700581570163,283.37445733044694,284.7720642089844,10941604
2025-06-12,284.4829011476473,285.1094034455433,278.07324641138626,278.55517578125,14071159
2025-06-13,272.3383062869545,276.09737933346196,271.6154121494935,275.18170166015625,16028417
2025-06-16,277.54315096692926,280.0009791210705,275.9527604281644,278.21783447265625,11067299
2025-06-17,278.2178517290589,279.9528153113305,276.8202740425311,278.1214599609375,7286868
2025-06-18,277.10944004437533,277.8805154160341,275.18172220058835,276.9166564941406,11904855
2025-06-19,276.4347086603276,277.2539945724123,274.9889203735798,276.0973815917969,13573824
2025-06-20,275.22986748303623,283.856415474692,274.7479380849468,282.50701904296875,33014151
2025-06-23,280.868410836732,282.8443387609928,277.6876889883952,279.7599792480469,6833477
2025-06-24,282.8443893225492,284.0492128766329,275.0371268091592,275.6154479980469,15007849
2025-06-25,276.14553542928337,280.5792916192774,276.14553542928337,279.9527893066406,10838516
2025-06-26,280.2901474121685,283.6154722769378,279.2781073653109,282.892578125,10232220
2025-06-27,284.33835341119726,289.83236048025145,283.5190675269156,288.43475341796875,15523628
2025-06-30,289.54317818020087,290.12149934421296,285.5431700356249,289.0612487792969,8415241
2025-07-01,290.12149770905336,290.60342710724115,286.266062523551,286.7961730957031,12349270
2025-07-02,286.796187856466,287.95283023750096,282.79617952856296,284.19378662109375,10826029
2025-07-03,287.61544563277937,288.14558559501074,282.5070060144736,283.0853271484375,10373094
2025-07-04,283.0853353331474,284.48291291477994,281.1094071861946,283.3744812011719,14193884
2025-07-07,284.0492280395737,285.92873523549247,282.8925856000551,285.2058410644531,6220756
2025-07-08,283.51905513501015,287.6154549627383,282.45880459078865,286.98895263671875,6254288
2025-07-09,287.47091592760967,289.1576689967574,285.68777108586846,288.8203125,5650646
2025-07-10,289.15764753681077,291.7600781304969,287.2299298865654,288.43475341796875,9307817
2025-07-11,288.4347532261952,290.0251144036629,286.21788969574175,287.7600402832031,7073217
2025-07-14,288.6757036184513,289.59138122216035,286.6998048920924,287.4226989746094,5484223
2025-07-15,287.32631727875764,289.15764313568974,286.12149376569226,287.2781066894531,6173407
2025-07-16,288.1455947199395,288.1455947199395,285.01305367762217,286.3142395019531,8144630
2025-07-17,286.79620250087515,287.4227343144664,285.10944943427535,285.88055419921875,8318287
2025-07-18,285.78411689451707,290.6034106026877,282.89254066961473,283.51904296875,8702106
2025-07-21,283.37450617009944,286.5070474798029,281.68775315718216,286.2660827636719,5298012
2025-07-22,286.362456378966,288.04920928495073,283.90459878146356,287.0371398925781,7775653
2025-07-23,288.04921577084707,288.82029106509043,286.36246282688234,288.43475341796875,5310964
2025-07-24,289.0130573134302,290.45884546465834,285.78412455942697,288.5311279296875,6294709
2025-07-25,286.41065791042706,286.9889791165114,280.3865399608781,281.5431823730469,8202572
2025-07-28,281.4467640754883,284.57930511399974,280.24194059913776,281.3503723144531,7037396
2025-07-29,280.0009802899763,283.27809431405745,279.3262673667966,282.50701904296875,6586034
2025-07-30,282.4106355154677,285.78414140046476,276.2419449229719,278.50701904296875,10515572
2025-07-31,274.6515761954883,283.6636324230953,274.6515761954883,280.48291015625,14283621
2025-08-01,281.10941459219345,282.2178463350038,275.95276410257355,280.723876953125,6697683
2025-08-04,280.6756620779813,281.0129890875156,275.3744392870586,277.5431213378906,10397121
2025-08-05,276.72385525285637,278.21782456162236,274.7961377372177,275.6636047363281,15561914
2025-08-06,277.20581095231756,277.97688626593225,273.7840943883877,274.5069885253906,12985269
2025-08-07,274.2178184617088,275.95275247171094,273.1575679379808,275.2298583984375,8893659
2025-08-08,274.5069651940981,275.9045721727047,273.35035232198055,274.55517578125,6172968
2025-08-11,274.55517578125,276.04914510489004,273.06117704297475,274.55517578125,8755499
2025-08-12,274.12143154488643,277.1575808233433,273.73589391525684,274.3623962402344,13184438
2025-08-13,276.6274763234643,278.9407315665869,275.711798695215,277.78411865234375,9928283
2025-08-14,278.6033793003493,279.66362988202366,276.7720534308954,278.26605224609375,8464495
2025-08-18,279.0371289134576,280.7720630268575,278.0732700916494,279.8564147949219,9836105
2025-08-19,280.7275867462158,280.824395270698,277.38788467337145,278.7915344238281,7196772
2025-08-20,278.9851539462115,279.7595630653067,277.7751212339913,279.1787414550781,3106073
2025-08-21,279.178773844126,280.29199816015694,274.5322595068588,274.9194641113281,7389271
2025-08-22,274.9194638599614,275.45186649789275,272.7897942246008,274.2902526855469,6824793
2025-08-25,274.29025752614973,275.5002903990004,273.17703319149075,275.0646667480469,7426789
2025-08-26,273.95141817336537,274.7258273267405,269.98250479323264,270.9505310058594,22905910
2025-08-28,272.98342210061895,272.98342210061895,264.8520069251345,265.6748352050781,12455072
2025-08-29,264.8519813852024,267.27204695059754,263.5451400715259,266.44921875,12841075
2025-09-01,267.1752535543409,271.62818035527675,267.1752535543409,270.90216064453125,10820878
2025-09-02,271.24097136513063,278.69475588316203,270.902156263898,277.53314208984375,16983677
2025-09-03,279.7595894332041,279.95320650213387,276.46830605411805,276.9039001464844,30178885
2025-09-04,277.67834537950625,278.74318019990835,271.9185771749343,272.789794921875,5946090
2025-09-05,273.32220918120356,277.4847101113277,273.32220918120356,276.2262878417969,9695914
2025-09-08,277.24271291876016,278.5011647726046,273.0802118480685,273.7578125,5186605
2025-09-09,273.99982273682576,275.2582746075427,272.6930109113595,274.7742614746094,7093190
2025-09-10,275.5970916313803,277.29113760846366,273.4674220148913,273.9030456542969,7767863
2025-09-11,273.5158318826157,279.46921753607126,273.5158318826157,277.62994384765625,7406625
2025-09-12,278.0655541781181,279.3723955891465,275.98430354520076,278.4527587890625,7618852
2025-09-15,279.0819455834,279.5659586902334,276.61349055527603,277.0975036621094,5420800
2025-09-16,277.38793647071594,280.43724308133244,277.19434892741646,279.1304016113281,8626429
2025-09-17,279.7596045882539,279.9532216676722,276.8071361489462,277.96875,19010126
2025-09-18,277.8235536161957,280.58243453433704,276.9523358372613,279.8564147949219,16842964
2025-09-19,280.72759042724823,280.9212074787514,275.7906510320613,277.0491027832031,14993879
2025-09-22,277.8235257795024,279.7595782239589,276.7586910266882,277.4847106933594,9456933
2025-09-23,279.42079550584987,279.7596106312412,276.27470991916636,279.3724060058594,13619147
2025-09-24,278.69475275720373,285.1321214411502,277.7751455405353,283.9220886230469,14032389
2025-09-25,284.59972944084694,285.42255769623335,274.5322619268132,275.3066711425781,16242837
2025-09-26,274.4354356169384,275.06464675672686,271.1441523503542,273.22540283203125,8959035
2025-09-29,274.8226486619157,276.95231824565417,270.99896266896224,271.628173828125,14600560
2025-09-30,272.9834136826773,276.8555188412968,270.07933481371265,271.28936767578125,18772881
2025-10-01,272.0153898197968,273.80624437999893,270.95055498331294,271.67657470703125,11812449
2025-10-03,274.2902525508507,280.7276214092863,272.06377438010026,280.4372253417969,19597461
2025-10-06,279.130395587742,279.42079166733424,275.4518778425999,277.72674560546875,11702722
2025-10-07,279.71122353670273,283.00250719348134,277.9203688943643,279.7596130371094,11371062
2025-10-08,281.0664374213744,281.0664374213744,275.54867578675805,276.1778869628906,9989251
2025-10-09,275.8874776397279,277.77514061925257,273.2254054870639,277.0007019042969,10714949
2025-10-10,276.12948867778306,281.9376461959836,276.12948867778306,279.90478515625,10773268
2025-10-13,278.54954979239193,278.98517341591804,275.7906691076314,277.0007019042969,8950161
2025-10-14,277.3394994586447,278.6947301968511,276.2746647565488,278.3075256347656,7667654
2025-10-15,277.968729864698,283.87369585739236,277.87192133200136,281.6472473144531,8125514
2025-10-16,283.0508657483099,283.8736939580007,281.3084303386957,282.5184631347656,7824732
2025-10-17,281.6956591207061,282.17967228070734,278.79158016069886,280.4856262207031,14275188
2025-10-20,280.8728325852496,282.76049573770894,277.9203641076277,278.9851989746094,13536721
2025-10-21,279.08198038045856,280.3404323402235,278.9852013804776,279.3724060058594,398291
2025-10-23,279.71119330376126,281.8408333024004,278.7915565608791,280.3887939453125,21031287
2025-10-24,280.38879801201887,281.4536327976908,277.3879107221496,279.27557373046875,16350189
2025-10-27,279.7595766271726,283.4380644339178,278.98516747053645,281.7440185546875,13396182
2025-10-28,281.2600179163405,283.24448947365505,277.62991944275933,279.0335693359375,13543174
2025-10-29,279.75961252027656,287.16500811980234,279.51760593505145,285.9065856933594,14608714
2025-10-30,286.82617124979663,286.9713988233786,281.6472543520121,282.1796569824219,10329750
2025-10-31,282.6636746765735,282.6636746765735,277.82354326087875,278.936767578125,10088802
2025-11-03,279.759560585022,280.8727847620321,277.96870627845055,278.7915344238281,8578207
2025-11-04,275.4034709987303,275.83909463250257,269.2081088424474,270.1277160644531,26098629
2025-11-06,269.1113236473722,269.59533681939985,261.2219148516855,261.56072998046875,21919591
2025-11-07,261.56072604474065,264.07757086795755,260.15707605025347,263.30316162109375,11379131
2025-11-10,264.3859058404677,266.30529401479146,262.3680505325471,263.9921875,10717941
2025-11-11,264.04136762422957,264.92724132145673,260.4978427965396,263.4507751464844,11154806
2025-11-12,264.7796083627074,266.00999687740403,262.3188313333142,262.909423828125,16444701
2025-11-13,262.9094475140372,266.2068950382525,261.482184692892,265.6163024902344,12573141
2025-11-14,266.1084407945126,268.02782890342036,265.27177057529406,267.04351806640625,10308317
2025-11-17,267.83097658169214,269.65195758232534,265.76391787931885,269.2582092285156,9884392
2025-11-18,269.7011665905768,272.4572248905879,268.0278261692098,269.8980407714844,16434280
2025-11-19,271.6205966021121,271.6698001301004,268.2247120849723,270.8331298828125,15765235
2025-11-20,270.9315644716837,274.67193372771396,270.19333132598433,272.8509826660156,15337345
2025-11-21,272.85094114712274,274.6226884116865,271.0791638437799,273.2446594238281,12941485
2025-11-24,273.6383961164112,274.6719104171658,268.2246868407268,271.472900390625,49791096
2025-11-25,270.68545970552685,272.5556441466453,268.3723234057417,269.1597900390625,12114606
2025-11-26,269.701165825903,272.60489477275325,269.20901041381194,270.73468017578125,8352869
2025-11-27,272.6540974836435,272.6540974836435,269.01213542954036,269.4058837890625,9865039
2025-11-28,269.5042634071163,270.04565232695967,265.22253580158593,265.7146911621094,12580231
2025-12-01,268.1754913587958,268.1754913587958,264.5335293577071,265.4194030761719,10428760
2025-12-02,264.7796064995535,266.40371331976837,262.7125478016519,263.2539367675781,11029817
2025-12-03,263.2539399158195,264.7796096660403,260.35021099132956,264.2382507324219,9063557
2025-12-04,262.36804110480426,265.96079968427983,261.43296383464195,264.8780517578125,5103204
2025-12-05,263.99217383876754,267.240387528015,263.5984254798919,265.5670471191406,5535798
2025-12-08,264.5827405824509,265.17333309154225,260.59629371395454,261.03924560546875,10203843
2025-12-09,259.95649221907075,261.5805990558757,258.77530722569503,260.3994140625,10686557
2025-12-10,260.7439107182216,263.05704698005866,260.1533182626152,261.3345031738281,7157092
2025-12-11,260.1041488464977,262.17120769276977,258.3816048144017,260.6455078125,8336183
2025-12-12,260.8423540212639,262.5648978685741,259.1690136969359,259.4643249511719,5522827
2025-12-15,259.46433282283635,259.7104105227748,256.4129633358435,258.0863037109375,6400400
2025-12-16,258.0370979567852,259.2182830593007,255.62555426076136,256.2653503417969,9241981
2025-12-17,256.2653374145048,258.6276774615828,255.23179299224458,257.0035705566406,10944698
2025-12-18,256.6590428625546,257.594150144489,251.786707372973,253.90298461914062,10930748
2025-12-19,254.0014086822263,259.8088668621264,253.90300162598444,259.31671142578125,16657897
2025-12-22,255.034948669258,261.4329692300444,254.98571510321267,260.8423767089844,10054250
2025-12-23,260.8423525920968,265.07487686392795,260.25176012564157,262.81097412109375,10526826
2025-12-24,263.5984047363337,265.81310390620547,262.1219386230859,263.844482421875,6131188
2025-12-26,263.7952893139851,265.07488131380165,260.694716361521,261.2853088378906,6029003
2025-12-29,261.77748263063455,262.26963805574286,255.92082105633207,256.51141357421875,7270521
2025-12-30,255.92083551699776,257.34809834597195,254.8873210813854,256.2653503417969,10929200
2025-12-31,257.29886254671675,261.0392619797313,256.462192276254,260.44866943359375,5145868
2026-01-01,259.95648413038066,263.3523383128031,259.95648413038066,262.6141052246094,4298196
2026-01-02,263.3031512115236,267.83098710927277,262.0727626544604,266.69903564453125,13348375
2026-01-05,266.994312681551,268.51998245278963,264.4843320801499,267.3880310058594,11526602
2026-01-06,261.826689239789,269.0121465154427,261.826689239789,264.336669921875,11777253
2026-01-07,264.2874433399749,264.7303952046605,259.31668593698873,259.95648193359375,14877056
2026-01-08,259.8580693635278,261.1376614774559,253.90300062279385,255.23179626464844,11762204
2026-01-09,256.21609710801266,259.66118501401473,252.22965026086615,253.9521942138672,14100782
2026-01-12,253.95218660729736,255.42865280850256,250.31023964820267,254.49354553222656,9698555
2026-01-13,254.9857017244025,255.87160547890193,252.0820028762848,254.7396240234375,9734559
2026-01-14,253.06631862445653,255.62553277224967,252.7218038286182,254.2967071533203,15435341
2026-01-16,254.247463861604,257.4464739142584,252.18043524322158,253.26315307617188,9648251
2026-01-19,252.8694481462882,254.7396327297838,252.62337043691292,253.60768127441406,10588722
2026-01-20,253.6076730971206,253.80454727378597,249.42435217262718,250.0641632080078,12452441
2026-01-21,248.09554704382694,254.78886367385735,248.09554704382694,251.78671264648438,14263346
2026-01-22,252.5741689373688,255.77317918491843,251.44220245352398,255.18258666992188,15520530
2026-01-23,255.18257345682696,255.87160302844288,248.63691268160198,250.16258239746094,18022018
2026-01-27,252.4757134496069,254.29669438867603,248.09553351059708,250.3594512939453,17375059
2026-01-28,250.01496218897734,256.65906059360566,250.01496218897734,255.7239532470703,16046343
2026-01-29,258.48002255871006,258.922944396248,254.690419964049,256.4129638671875,26914029
2026-01-30,257.2004031484754,258.283151049383,250.06416478118865,252.47572326660156,23292764
2026-02-02,247.30810661559937,266.9451205295456,246.07771802547202,266.15765380859375,37109237
2026-02-03,271.7189895510991,280.0364279866007,268.96293127359803,278.7568359375,52651170
2026-02-04,284.2689655791635,287.418772360269,278.46153748786,284.85955810546875,27775044
2026-02-05,286.43444004859606,286.43444004859606,281.66052670669654,284.8103332519531,9870342
2026-02-06,287.615623505425,288.89521551091485,284.85953528307425,288.156982421875,19951107
2026-02-09,291.14306524768796,291.19282114262774,286.66394116695426,288.40582275390625,13114576
2026-02-10,288.6546709311443,293.93007173224254,285.1709076612857,292.9844970703125,21823214
2026-02-11,296.26918224120493,296.26918224120493,290.84448326094775,293.08404541015625,10508852
2026-02-12,293.08402677474925,294.62682400681587,290.3965402161774,292.53656005859375,10482579
2026-02-13,290.6453961706392,292.9347141955537,285.51929337502247,285.86767578125,10914157
2026-02-16,286.66394550748754,299.5538815965073,285.9174248160618,299.10595703125,22196951
2026-02-17,297.91151187563327,300.2008602223851,295.6221939048862,299.35479736328125,11190989
2026-02-18,298.06082801511553,300.84782633197483,297.065467133951,299.15570068359375,9147320
2026-02-19,298.7078100720766,300.2008514116145,291.7402838208999,293.2830810546875,7552362
2026-02-20,294.1789198191354,300.6487660644475,292.8849627204753,297.56317138671875,11762183
2026-02-23,300.59900567122924,302.8883236964689,297.61292283343556,301.9427490234375,11774742
2026-02-24,302.58970976860905,304.77951587128337,299.40454277853803,303.385986328125,15863867
2026-02-25,305.5758057633874,310.2540142886686,303.7343819661595,305.82464599609375,14240500
2026-02-26,305.6753463222962,306.2725689528481,300.0017768960609,301.84320068359375,14249515
2026-02-27,304.3813507187842,304.3813507187842,296.5180056930479,297.2645263671875,21400679
2026-03-02,288.65465390000884,297.21476350465804,288.1569734622502,295.423095703125,15690227
2026-03-04,294.6268417950837,294.6268417950837,287.5597729606086,290.59564208984375,28191826
2026-03-05,290.6454007377213,298.7078306005099,290.54585856637704,298.06085205078125,19467441
2026-03-06,298.55851397650866,301.34551234490385,295.6221871723747,297.76220703125,15887540
2026-03-09,284.17555298118066,294.8756832598065,284.17555298118066,293.83056640625,21591866
2026-03-10,296.7668459177611,298.6580255503806,292.38726403800956,297.2645263671875,14627316
2026-03-11,297.26452030279364,301.49480403661744,296.6672977004649,297.413818359375,12618289
2026-03-12,294.42775574914714,303.48554643518634,293.7310213123783,302.19158935546875,15284297
2026-03-13,307.2181239360654,308.064186743842,297.3143015862189,299.5538635253906,23615092
2026-03-16,299.55388046738534,301.59435819918923,290.0481654734583,296.36871337890625,25911819
2026-03-17,300.5989975921273,300.5989975921273,290.794686463011,297.115234375,12300000
2026-03-18,298.16034542306966,302.7887979085387,296.1696236232134,298.01104736328125,8691698
2026-03-19,296.2691830829642,299.105967888556,294.57708767991363,295.3236083984375,8594078
2026-03-20,298.70782373308566,303.5850862567638,295.224060448172,296.21942138671875,28392470
2026-03-23,296.6175614162459,302.93810948806833,291.74029886413285,300.69854736328125,23771660
2026-03-24,307.56652423769333,307.56652423769333,291.0435268927652,297.6129150390625,24123621
2026-03-25,298.5087321315655,300.8478363554357,292.83519314550244,293.6314697265625,16423641
2026-03-27,293.08403358024793,295.9207878872727,288.9532614820802,294.129150390625,27444747
2026-03-30,290.69514937580664,296.518016929961,290.64539347938,294.72637939453125,23105779
2026-04-01,303.5850651469023,304.4808838541024,288.8537364311588,291.441650390625,18635698
2026-04-02,288.85375967094774,290.6453972294945,282.1848291594578,288.60491943359375,17222200
2026-04-06,293.5319214953094,294.2286862713446,285.96717262751497,293.78076171875,9291741
2026-04-07,291.1430615330052,294.8756648859925,289.6500201918103,294.02960205078125,9318575
2026-04-08,299.6036414088905,300.3501621100755,292.23797656573345,293.482177734375,10887876
2026-04-09,294.07940163710174,299.3050465679028,292.4868180591804,296.71710205078125,17644642
2026-04-10,299.7031805686142,302.09204071322125,298.35943724477124,301.34552001953125,13245074
2026-04-13,298.55852673741805,300.94738692328997,296.2691783449533,298.9566650390625,15681799
2026-04-15,301.9924846181349,311.94609340829095,299.852464803452,311.0005187988281,21897202
2026-04-16,313.5386952139837,315.5294170883582,309.05957099664107,310.80145263671875,21510277
2026-04-17,311.84654770506387,317.47036090846245,309.95536813160385,316.6242980957031,13609827
2026-04-20,317.5201236548927,321.5513231057524,314.0861164367502,318.2168884277344,10955277
2026-04-21,317.4703614832527,320.5061999848822,316.5247565068091,317.8684997558594,8342335
2026-04-22,318.26666259765625,320.50622472695954,314.5340590488174,318.26666259765625,7112538
2026-04-23,318.5154964564133,320.3569202455029,316.5745304994801,317.66943359375,7294961
2026-04-24,314.5340516474332,316.4252313258086,313.04101026303084,314.93218994140625,9980241
2026-04-27,316.52477530018064,323.4425459044702,315.47965847553485,319.41131591796875,9334181
2026-04-28,321.3025010439062,321.3025010439062,316.17639824999117,317.5201416015625,9083528
2026-04-29,318.61502086624694,322.2978378631595,316.7735971797891,318.8638610839844,10372929
2026-04-30,318.1173395128315,319.7596788699591,314.4842784195485,316.8731384277344,9521058
2026-05-04,312.5433248235471,322.3973917284517,312.5433248235471,317.56988525390625,7370269
2026-05-05,317.4205813812297,319.80944143928525,313.5386799898889,317.9680480957031,8569582
2026-05-06,318.5652387708247,320.00852420301266,313.1405401786775,314.4842834472656,4884118
2026-05-07,314.285204186724,315.28056508676116,311.05028126160335,312.34423828125,9126203
2026-05-08,313.73776189246735,313.73776189246735,309.1590957639243,312.4935607910156,7929393
2026-05-11,312.4935716554104,312.59308344618347,308.5121279923429,309.45770263671875,8204425
2026-05-12,308.0144394232139,309.308396429234,304.08275175906994,304.8790283203125,7952584
2026-05-13,302.83856089830795,303.9832198848426,294.2784508831712,300.101318359375,23775882
2026-05-14,304.58044261663736,306.1232398977903,299.2054997044859,300.35015869140625,14012601
2026-05-15,306.3720879688044,306.72047037617483,301.49482539363476,304.43115234375,10092811
2026-05-18,294.9254151523098,297.0654653346542,288.8537381147846,295.17425537109375,16036198
2026-05-19,295.22406083514085,298.60828195543473,293.1835526828422,297.21478271484375,12580156
2026-05-20,296.1198679410037,299.40454676272077,293.1835411337081,298.50872802734375,5672695
2026-05-21,300.9971239377358,303.0873878602485,297.3143069085499,298.16033935546875,10353164
2026-05-22,297.314304518974,299.1556978307656,292.1881717290581,292.9346923828125,15105294
2026-05-25,297.1152392703101,297.1152392703101,292.78541312534077,293.9798583984375,5896815
2026-05-26,293.631456337903,294.57706131379916,290.6951296241227,291.19281005859375,5625947
2026-05-27,290.64538309144143,299.85247142567374,290.64538309144143,298.757568359375,9883025
2026-05-29,301.59434233172163,301.59434233172163,284.12577128766173,289.20208740234375,77407363
2026-06-01,289.65001610931427,290.99375937265097,283.379254715081,284.822509765625,17628347
2026-06-02,280.442926178826,283.92668923694805,277.10846117656564,280.841064453125,15198142
2026-06-03,280.6917918256782,284.6732356813616,279.04945231041,283.7276306152344,13002063
2026-06-04,278.70105781043566,284.7229792305807,278.70105781043566,283.27972412109375,16292818
2026-06-05,282.68248972589095,285.2206478177467,281.6871288465744,284.3248291015625,6955072
2026-06-08,281.6871249034171,290.74491485360386,281.28898663246446,288.9532470703125,8748933
2026-06-09,291.5412143586933,291.6905124250596,283.429028742067,284.3746337890625,7973130
2026-06-10,283.67786955011013,288.1569938061645,282.7322645012076,285.86767578125,8330040
2026-06-11,287.908134795182,289.102580002642,284.67321193231476,285.3201904296875,12064071
2026-06-12,287.55977630916897,287.55977630916897,281.38855656044547,283.4787902832031,5478294
2026-06-15,288.6546736969251,288.6546736969251,282.7322639310171,284.3746337890625,9319070
2026-06-16,284.7727534225044,285.07134953566197,281.5378305672834,283.8271484375,8146761
2026-06-17,284.8723083820273,285.320202571883,281.9359815080639,285.0216064453125,6008101
2026-06-18,285.02161347096194,288.10723848426977,281.98574435464076,287.3607177734375,8381654
2026-06-19,287.6095472201896,291.54120459079974,286.3155598110233,290.89422607421875,10295261
2026-06-22,287.659302073784,291.4914476402792,287.46021774201637,288.40582275390625,11678414
2026-06-23,289.1026006618281,291.6905148362507,288.25653777741815,290.59564208984375,12328516
2026-06-24,291.64074001299383,293.88030200968063,287.4104562414743,289.55047607421875,10221176
2026-06-25,289.35141896348574,290.1476955143244,281.7368839570756,282.58294677734375,16305770
2026-06-29,285.6685787817276,286.3155572926178,282.1848156258529,284.92205810546875,16957025
2026-06-30,285.8676508316409,287.55974606619975,283.1304084696165,284.9718017578125,11985195
2026-07-01,286.46484363320815,287.01231033233654,284.3248238573498,286.21600341796875,8147424
2026-07-02,286.2160281929449,288.05745202031153,282.881593320909,286.863037109375,6456861
2026-07-03,287.1616269637772,290.6453902025059,285.76812774348673,286.5146484375,10260404
2026-07-06,285.86765657719536,286.6141772363879,283.3792543798869,284.07598876953125,7799856
2026-07-07,284.0262447094559,286.01696655024267,282.0355228686691,283.0308837890625,7251465
2026-07-08,281.5876025884303,284.07600492727465,277.9047853525436,278.4024658203125,7306244
2026-07-09,278.70105649282476,282.63274426160746,278.70105649282476,280.0447998046875,6800579
2026-07-10,281.78668212890625,282.48341654631867,280.04480052136836,281.78668212890625,6812700
2026-07-13,281.48805073885757,285.1211423294267,280.3433917775568,284.6732177734375,8083023
2026-07-14,281.0401505716436,285.61881669530766,280.9903643020365,284.822509765625,7596298
2026-07-15,284.57368579490344,285.46950456294513,277.60615923634896,279.3978271484375,9907688
2026-07-16,279.099188412917,283.080631986214,278.7010501307881,279.44757080078125,7143529
2026-07-17,279.44759007986556,283.0308956182458,278.3526869464708,282.2345886230469,10985155
2026-07-20,283.37927398233205,288.206750278243,282.0355306276329,287.3607177734375,11380170
2026-07-21,287.6593131405684,289.0528123885396,283.13043299066055,285.3699951171875,7517060
2026-07-22,284.32482466457805,288.4058102812913,283.0806235848486,287.9578857421875,4595987
2026-07-23,285.9671642447882,289.6002557013248,285.668568135814,288.45556640625,7407258
2026-07-24,285.17091134887477,288.7044305607361,285.071369178962,286.863037109375,8474555
2026-07-27,286.9625430303121,289.20210511548936,285.22066140850757,287.510009765625,12143388
2026-07-28,285.96719287574564,286.663957701116,281.78669505154124,283.9764709472656,7118852
2026-07-29,282.6825007776399,283.42902146631326,279.74617391845624,281.537841796875,12375693
2026-07-30,282.08528539275954,285.76813303515695,281.68714709044764,284.3746337890625,7903593
2026-07-31,284.9718131411071,286.06671620485366,281.6871343258713,282.93133544921875,7804310
2026-08-03,283.6778572959767,285.6685791015625,282.5829542277037,285.6685791015625,8749092
2026-08-04,292.7356396342428,292.7356396342428,280.39317085010265,282.08526611328125,7656558
2026-08-05,282.682494142358,283.87693936660054,279.94525168147254,280.44293212890625,7544704
2026-08-06,278.45220541491733,279.6964065114987,268.39905447933893,269.49395751953125,18258733
2026-08-07,267.4037000463713,271.5842279820348,267.1051039263971,270.34002685546875,7795199
2026-08-10,270.2404840465155,270.34002621160454,267.55299746913204,268.84698486328125,8329347
2026-08-11,268.74744794700246,269.5437245312584,265.41298279542207,266.70697021484375,7553241
2026-08-12,266.7069708261259,268.7474485629613,265.0646010063263,268.20001220703125,6699919
2026-08-13,269.0,269.0,266.04998779296875,266.6000061035156,9715149
2026-08-14,267.0,268.20001220703125,265.75,266.04998779296875,6758273
2026-08-17,266.04998779296875,268.0,265.25,266.1499938964844,6631423
2026-08-18,266.20001220703125,268.95001220703125,266.04998779296875,268.0,6792173
2026-08-19,267.04998779296875,267.5,262.04998779296875,263.5,9674185
2026-08-20,264.0,267.1000061035156,262.79998779296875,264.79998779296875,7029993
2026-08-21,264.6000061035156,275.95001220703125,264.20001220703125,272.3999938964844,18031357
2026-08-24,274.0,274.3500061035156,268.29998779296875,271.3999938964844,7643689
2026-08-25,271.3999938964844,271.70001220703125,268.3500061035156,271.0,5435918
2026-08-26,270.1000061035156,271.1499938964844,265.20001220703125,265.20001220703125,5303523
2026-08-27,264.79998779296875,266.29998779296875,262.29998779296875,264.8999938964844,7118715
2026-08-28,266.04998779296875,267.3500061035156,265.04998779296875,266.04998779296875,5112511
2026-08-31,266.04998779296875,266.04998779296875,263.1499938964844,263.54998779296875,11553385
2026-09-01,263.29998779296875,264.54998779296875,261.70001220703125,264.54998779296875,8499123
2026-09-02,264.0,268.3500061035156,262.3999938964844,266.79998779296875,9068868
2026-09-03,269.8999938964844,270.75,265.6000061035156,265.6000061035156,9826724
2026-09-04,266.8999938964844,267.5,265.04998779296875,266.0,7967122
2026-09-07,266.0,268.79998779296875,264.25,266.45001220703125,7015606
2026-09-08,265.6499938964844,267.25,263.0,265.75,7385483
2026-09-09,265.0,269.25,264.5,265.8500061035156,11738891
2026-09-10,265.8500061035156,271.75,265.29998779296875,271.75,12187656
2026-09-11,269.95001220703125,274.04998779296875,268.3500061035156,269.1000061035156,11423068
2026-09-15,267.1499938964844,268.5,262.79998779296875,262.79998779296875,10519594
2026-09-16,264.1000061035156,266.3500061035156,262.79998779296875,262.79998779296875,7132902
2026-09-17,263.5,265.70001220703125,263.25,263.75,6533662
2026-09-18,264.6000061035156,270.29998779296875,263.3999938964844,270.29998779296875,17896733
2026-09-21,267.75,269.04998779296875,266.1000061035156,266.1000061035156,6934502
2026-09-22,267.0,268.29998779296875,265.95001220703125,265.95001220703125,7314792
2026-09-23,265.95001220703125,270.8500061035156,265.95001220703125,270.20001220703125,6114433
2026-09-24,270.3999938964844,270.8999938964844,265.75,266.3999938964844,8968993
2026-09-25,268.70001220703125,269.75,266.8999938964844,269.5,6241140
2026-09-28,269.8999938964844,269.8999938964844,261.8500061035156,261.8500061035156,10278456
2026-09-29,262.29998779296875,269.20001220703125,259.54998779296875,261.5,25174350
2026-09-30,261.5,262.0,258.1000061035156,260.5,9769840
