Date,open,high,low,close,volume
2021-01-01,897.2726941006515,901.3347986266252,894.5646443140231,897.0470581054688,10015175
2021-01-04,900.4773476672782,902.1924201612024,888.2459057329365,898.5591430664062,24513534
2021-01-05,888.6971124168427,895.2867576296607,882.8296217394585,887.3882446289062,24123091
2021-01-06,887.2979208301023,887.3430480265655,859.8787914584216,863.9860229492188,46401468
2021-01-07,866.8069639014568,877.8649187321673,859.8788642012053,862.5869140625,32325918
2021-01-08,865.6786654184649,874.8861072218933,863.015742571038,872.7647705078125,27540187
2021-01-11,875.0665690475399,875.0665690475399,854.1693322211945,856.313232421875,33307825
2021-01-12,858.9084582491231,884.6350813991116,857.5092762592445,883.3036499023438,41161546
2021-01-13,886.2373626282811,891.3826993524976,865.8817711258671,875.0665893554688,26619458
2021-01-14,877.8649064942006,887.7493749036234,875.1794202704835,884.9058837890625,21553242
2021-01-15,884.9058318391973,890.86357691647,866.6038285437963,874.4572143554688,20593268
2021-01-18,879.7154868801754,901.3348792931557,868.0933816341949,895.44482421875,35100458
2021-01-19,900.2741041573885,916.6804669801634,900.2741041573885,910.0908813476562,32006615
2021-01-20,912.3475752102067,928.8667555895526,903.320643603404,927.3773193359375,30924537
2021-01-21,939.6991037539394,956.8501859101181,936.539722158253,947.552490234375,39087742
2021-01-22,952.7880171566991,954.7514084138397,918.5535459475058,925.0755004882812,30532660
2021-01-25,918.4632537345398,918.4632537345398,871.9973439937894,876.0594482421875,54207104
2021-01-27,868.8380370064367,868.8380370064367,852.13828693381,855.2976684570312,42370131
2021-01-28,848.5952159319003,868.0707665841978,844.0140887864603,846.9703979492188,34067814
2021-01-29,854.9817319108826,863.4670185270817,825.9602859922227,831.3538818359375,43712383
2021-02-01,839.2298143671649,859.8111004411335,834.084477925657,855.43310546875,34180952
2021-02-02,863.9860088492842,875.6081122027101,837.221283955169,869.1990356445312,41470034
2021-02-03,870.3274543100903,881.024271808645,857.5543678212887,871.3881225585938,30301696
2021-02-04,868.3866534338506,875.6081993096957,859.8111124753323,868.5220947265625,25626981
2021-02-05,871.1172947571725,877.7069402051127,866.5812949964159,868.2738037109375,20248046
2021-02-08,872.4712241475884,888.6970772624597,870.6658975724772,880.7760009765625,21183400
2021-02-09,885.5152551213864,897.9948961529354,881.1597638793062,882.8973999023438,19604141
2021-02-10,881.8141615916637,895.8058015904561,869.8760478719553,891.0892333984375,21234156
2021-02-11,893.6619528050209,931.6652040177879,890.1640575276463,927.8287353515625,42539278
2021-02-12,927.7384783498696,937.8937101488065,909.6395460369704,921.4647827148438,30497029
2021-02-15,924.375996830397,930.3563061780627,913.9725053748315,917.4027099609375,15791099
2021-02-16,920.6297689320974,938.5255683500038,918.4858688517324,929.5438232421875,21421660
2021-02-17,929.7695004811927,945.9953555067547,925.5268870227972,940.2633056640625,23742994
2021-02-18,941.0531321070791,951.6145681859424,929.3632772705301,933.244873046875,18646877
2021-02-19,928.415393832739,950.0573460050462,926.7453891551004,938.9317016601562,23403483
2021-02-22,938.7964367473062,943.2647459186029,900.4096042931712,906.3447265625,23804335
2021-02-23,924.3533449611235,926.5649358038843,908.8270818640342,913.2728271484375,25644108
2021-02-24,916.2291858661802,932.1390906998175,914.4914901976813,930.2208862304688,10807663
2021-02-25,936.9910577541981,971.2932222091624,935.637002954952,967.8404541015625,34855693
2021-02-26,955.4961387654923,963.123829134179,934.5988434646592,941.4141845703125,37481215
2021-03-01,952.4270463705083,953.2395150981274,930.8979084680462,948.5906372070312,17680764
2021-03-02,957.752856616694,961.3635697154016,942.9036206682259,950.5313110351562,17150760
2021-03-03,957.3241328149178,1001.9395335212855,951.0730007855624,993.9055786132812,31924461
2021-03-04,983.9308164628377,988.4216890350315,973.865839474236,982.0577392578125,21435754
2021-03-05,973.0985692708165,998.3512962856287,971.7670781260525,983.3440551757812,25511666
2021-03-08,978.7404377726681,1007.355680497462,978.5148017597687,988.9408569335938,19506841
2021-03-09,992.9576927650287,999.1862609710787,968.8559482883367,988.9181518554688,15154484
2021-03-10,996.1171885060364,999.7730887336929,979.5302558776189,984.8109741210938,11519358
2021-03-12,990.7010162557301,995.8463528292266,958.6104430105866,964.7938842773438,16864952
2021-03-15,965.899662068002,969.894016181107,939.022056998036,951.8402709960938,16698099
2021-03-16,954.1421160708194,959.5582754400099,945.7922708635552,948.0941162109375,13873801
2021-03-17,946.9431947370554,949.1773492874154,918.5310260738679,927.6707763671875,19210236
2021-03-18,935.5918307044085,940.9628627496759,903.1401815146905,906.7960815429688,20647480
2021-03-19,898.6266613577067,945.9501058324402,894.9256344763866,939.698974609375,41787429
2021-03-22,934.7343179799378,936.088313055874,917.6734905482226,930.8527221679688,18572478
2021-03-23,930.6496682735799,952.2013688377597,927.9641819762402,942.1815185546875,17421165
2021-03-24,938.6835185270156,938.6835185270156,920.9231603023551,924.0374145507812,16822814
2021-03-25,927.0614969311192,927.0614969311192,895.9187129062007,898.8298950195312,22001648
2021-03-26,908.1049928320286,908.8722746334809,890.818529006779,900.274169921875,20180202
2021-03-30,906.2995626603248,924.7595715908199,898.8749446091667,915.9132080078125,20441701
2021-03-31,910.8130997767836,925.210945158364,902.2374989986004,904.0880126953125,16250796
2021-04-01,910.813084242052,916.2291839450849,904.1105608753422,912.5507202148438,11723312
2021-04-05,913.9498534023671,913.9724170012217,885.5828730456216,899.348876953125,14875099
2021-04-06,904.4942743627021,904.9230424620014,888.6971873373794,895.602783203125,14009194
2021-04-07,902.6887934928391,923.8568508845015,899.6647938214671,903.97509765625,24266353
2021-04-08,907.6536814191865,912.6184496390974,899.5294718287386,905.1035766601562,15369188
2021-04-09,901.989335355401,905.5549215962554,893.6619935421585,894.5872802734375,14037885
2021-04-12,884.1837415365642,885.2669734194948,857.6672732350632,862.5869140625,20901482
2021-04-13,868.3865862271591,875.8789544165105,865.6108457842467,871.9071044921875,19411189
2021-04-15,869.4247410901053,885.0863863250735,863.421868505896,877.5489501953125,19723716
2021-04-16,874.07356246059,880.0764346591261,869.4923760258712,872.04248046875,15656948
2021-04-19,859.3598210383852,864.9564895083129,853.0409979470431,858.3217163085938,18478808
2021-04-20,862.2934748740392,866.1298835841033,853.2440391612164,858.0734252929688,17203668
2021-04-22,854.0565402952617,864.0763909126439,847.038126173648,860.4430541992188,14490954
2021-04-23,860.262540485022,866.0848449417196,855.4557174605446,859.517822265625,11828857
2021-04-26,866.5812978436229,885.5377655993291,862.7448293401166,874.6377563476562,20846778
2021-04-27,875.6081964100579,901.4250736005504,874.8183510247649,897.5661010742188,19992524
2021-04-28,901.7185351920124,906.2996626850728,893.729766581547,901.4702758789062,17122437
2021-04-29,913.0246799848917,922.7737675845348,905.9837618121402,913.5437622070312,17412606
2021-04-30,906.5253048610995,918.9372550182458,897.0696639164535,900.2064819335938,19828769
2021-05-03,887.3430555100857,893.2105461727255,877.0073157472597,884.2062377929688,23640186
2021-05-04,880.1216239409943,888.1555786981006,862.5192105636345,865.0466918945312,21849830
2021-05-05,868.0932764991574,874.9311213941457,861.1876811156937,866.6264038085938,12393609
2021-05-06,867.4162861727356,873.351467984722,860.5332540943049,871.5460815429688,14624666
2021-05-07,874.5927547461062,882.6718377017677,869.2894724465717,871.8847045898438,12288548
2021-05-10,875.1569368648484,878.6773959888417,867.0101633558089,869.3796997070312,13941237
2021-05-11,864.3247006246831,874.9538287863412,862.0679225288771,872.5166015625,13478264
2021-05-12,871.1398152651564,872.4035558387152,860.7137615341056,863.489501953125,13177961
2021-05-14,870.2146050700743,876.5108642766377,860.2625054108522,874.3895874023438,13291616
2021-05-17,874.3895393110239,886.1921519936135,871.2752254332202,884.7930297851562,11873078
2021-05-18,894.1133650520243,903.8623926091062,890.2768962963072,897.2501831054688,12064918
2021-05-19,893.6619198826413,910.1134700489604,890.0512067367108,901.3573608398438,16317002
2021-05-20,901.7410386469029,907.6085298258828,894.1133478678807,896.0992431640625,11422532
2021-05-21,899.078026470791,907.0216665569667,896.3699768469676,903.8397216796875,10785605
2021-05-24,906.2995151967815,907.1119838096187,894.5645936578591,896.2119750976562,8551760
2021-05-25,901.0640055897504,901.3348284850034,884.6350781454706,886.0568237304688,14780102
2021-05-26,891.4052973188182,893.4363796423949,887.0273019371077,889.171142578125,7480204
2021-05-27,889.283937975624,899.5294239766795,885.6506014850115,891.9017333984375,26819294
2021-05-28,898.1754320907405,950.0800090423911,898.1754320907405,945.476318359375,56469931
2021-05-31,948.7259715836556,989.2115769657272,941.0757172389948,975.0393676757812,59124142
2021-06-01,977.6120928456976,993.8605124616367,968.8108556050526,978.9210205078125,28013832
2021-06-02,973.5498427606852,997.2454412183025,973.5498427606852,993.5218505859375,24630162
2021-06-03,1002.4360070865299,1015.5250451063384,991.1976022674735,997.3132934570312,23974257
2021-06-04,999.6376853522006,1000.382403586374,985.8491162192327,988.6700439453125,14468646
2021-06-07,993.8603642166437,1011.9141080373831,986.1874872775942,1005.324462890625,16336573
2021-06-08,1004.9635226595291,1005.2117222594065,992.1227450436447,999.54736328125,9674735
2021-06-09,1001.5332651004173,1002.4359284900111,973.9786921208427,981.6741333007812,11409161
2021-06-10,989.9788572705107,1006.4980988117626,982.8250618353879,985.284912109375,14155653
2021-06-11,988.6745798453265,1009.1011952964063,987.4063735342977,1002.3753051757812,13762778
2021-06-14,1003.2131430271446,1022.8018129970553,994.1773836624807,1016.75537109375,20332436
2021-06-15,1024.0476278120807,1030.34313612115,1014.6721723456784,1019.0654907226562,15174215
2021-06-16,1016.7554197633551,1017.7291568032897,999.0689384128791,1001.6732177734375,10797349
2021-06-17,996.4193416411849,1012.2714997953356,987.315715260484,1003.5075073242188,15745975
2021-06-18,1007.9688774088152,1012.2716262697277,989.3312995663522,1008.0368041992188,29369026
2021-06-21,998.0045452008349,1017.9328482894455,996.4872742197637,1013.2904663085938,12186448
2021-06-22,1020.8769459855561,1024.0474616919707,1005.1833424900376,1008.08203125,12871913
2021-06-23,1019.0653035968686,1019.3370107371757,997.1893446925246,998.842529296875,16653951
2021-06-24,999.5218896905816,1003.0319792586279,969.2443347205035,975.3587036132812,91461975
2021-06-25,975.3587188779936,975.3587188779936,942.5674531142881,953.14306640625,55355022
2021-06-28,961.0918068108575,963.129909816626,942.5221576464701,944.7867431640625,20277042
2021-06-29,946.3720075153033,955.2039275943256,943.9262837366043,945.60205078125,27144063
2021-06-30,949.4292437144969,961.3862759041562,947.0740888590092,955.9512939453125,19762858
2021-07-01,959.2802038142157,961.6127163035006,948.863085632743,950.19921875,12534407
2021-07-02,949.7688254664646,966.0286046961062,947.9345027993265,964.2848510742188,14086620
2021-07-05,967.6364952540457,975.3814069298204,965.3945518663345,973.8641357421875,11702287
2021-07-06,971.4863144110957,973.2752927037599,960.2765977537204,962.3599853515625,10070124
2021-07-07,963.6961219133111,963.6961219133111,950.2218196134942,955.679443359375,10454892
2021-07-08,958.8045791709611,958.8045791709611,942.5221577829742,947.7760009765625,11185460
2021-07-09,945.692616426164,947.3684433649398,935.7737479702222,938.0836181640625,9037675
2021-07-12,941.9559723923293,951.8069732106677,939.5781755914345,943.9262084960938,8585292
2021-07-13,951.1276138236502,952.5090313833667,945.7152147930674,950.9917602539062,6717133
2021-07-14,951.2860904215172,954.2300635744198,942.6353689523012,944.7867431640625,8532544
2021-07-15,948.8629964583248,948.8629964583248,941.3898523696109,943.1336059570312,9448356
2021-07-16,945.5793426478567,957.8081403899708,945.5114158643191,956.7437744140625,8828185
2021-07-19,951.1275859545519,961.9976083202988,947.6174964042133,950.6520385742188,8354449
2021-07-20,950.9011562369292,954.7509997157346,943.8809767465054,948.3195190429688,6741464
2021-07-22,959.7330340406753,961.9523350417173,950.289713605715,960.5029907226562,7972397
2021-07-23,966.7306251488294,966.7306251488294,952.0560439551456,953.709228515625,9937030
2021-07-26,954.750983452507,960.6388700312618,938.0382987131833,940.642578125,12389668
2021-07-27,940.6199201537044,943.745031435626,924.8583903750485,930.7462768554688,10824523
2021-07-28,932.1050093559254,932.1050093559254,913.1956670017476,922.7522583007812,12897848
2021-07-29,930.2933681370648,939.5329082786225,925.4924300252735,929.9536743164062,13765738
2021-07-30,932.1050565925411,936.6115854453042,919.9215431668897,921.8238525390625,11350608
2021-08-02,930.4293230086479,941.7975357253354,924.4734496016514,938.6724243164062,10925104
2021-08-03,946.598366059032,947.0512711550073,934.9131031020454,945.5792846679688,11817299
2021-08-04,948.5913497541121,957.4685547431583,945.2397556194825,952.826171875,13169800
2021-08-05,957.6043762856963,975.9475444073931,953.0525626247831,966.64013671875,21252078
2021-08-06,964.6924564242829,972.392083052254,941.5030673967123,946.1681518554688,16620987
2021-08-09,942.522196064497,946.5078930939915,935.9548618556917,940.7784423828125,7494143
2021-08-10,942.9751378756041,957.0156171230963,939.2385654839516,945.7152709960938,11919198
2021-08-11,949.7462363911606,960.1859966454768,943.6092248291548,958.963134765625,9184963
2021-08-12,962.4052292074406,962.994047792915,953.3921717385531,955.8832397460938,8137612
2021-08-13,958.9630848706249,973.7282353115995,955.181228214771,971.8032836914062,12780901
2021-08-16,973.4791039346753,997.7781437654177,963.8772277608733,984.4170532226562,21935444
2021-08-17,982.3110475847799,989.716205298415,972.7997402220516,980.2276000976562,12658169
2021-08-18,984.6436264377176,990.4409443539315,974.9511803260805,984.0321655273438,10075860
2021-08-20,970.6030393085123,983.7376470917055,967.88554870858,972.9808959960938,9426282
2021-08-23,984.6436737126827,984.6436737126827,965.7569702761477,979.3671875,9854395
2021-08-24,980.5899239821464,992.7960796490014,976.3098177521405,989.036865234375,11864472
2021-08-25,989.8067881266007,1005.4777483729744,987.4062891858803,997.596923828125,13380559
2021-08-26,1000.0428218830655,1016.7555077395328,998.6840464816695,1010.2108154296875,18589616
2021-08-27,1013.1773788430729,1015.7817181947378,1003.6887734868195,1008.829345703125,10480636
2021-08-30,1019.0653841621985,1030.7733511879242,1013.086868200183,1028.2369384765625,14027062
2021-08-31,1031.2487577395646,1034.3512267943545,1015.5551545716548,1022.756591796875,26485463
2021-09-01,1029.4823244235874,1038.4953813339248,1024.9531537088544,1026.81005859375,11145486
2021-09-02,1021.32982832915,1045.2438888621152,1021.32982832915,1039.1748046875,9956770
2021-09-03,1046.2404503177634,1084.738529222682,1042.8436314734117,1081.7945556640625,30664428
2021-09-06,1092.8909697996994,1123.2365131929273,1092.4380047519112,1098.5977783203125,33641710
2021-09-07,1100.5904921516135,1113.272195169168,1092.4379602260194,1105.52734375,17349882
2021-09-08,1110.5547152662286,1111.460525484485,1090.01483063056,1101.201904296875,14301651
2021-09-09,1099.6394421897962,1104.145971203985,1094.2950296674799,1098.5977783203125,8963249
2021-09-13,1101.9492019199529,1101.9492019199529,1072.5322338327235,1074.117431640625,16311160
2021-09-14,1075.6801166083583,1084.2854942866497,1071.6037904973264,1072.7135009765625,8908356
2021-09-15,1072.7360805602518,1085.0780298856923,1072.7360805602518,1077.1746826171875,9071075
2021-09-16,1078.646803599393,1103.647816826433,1072.056826477489,1099.775390625,13448882
2021-09-17,1107.837242193017,1112.2984866148895,1075.9517858407112,1082.722900390625,34882133
2021-09-20,1074.3664868663025,1095.3139316833478,1073.415392150155,1084.4439697265625,11779819
2021-09-21,1089.2675674362638,1094.521410709491,1079.756260196694,1089.1317138671875,9915736
2021-09-22,1090.6264428510565,1106.0255780999046,1086.210482648724,1100.817138671875,10995912
2021-09-23,1108.4714201510762,1130.936139610999,1107.6108943355246,1127.720458984375,15748397
2021-09-24,1133.9026086017536,1134.7631343059459,1119.613065939266,1124.459228515625,15192163
2021-09-27,1126.4067209127213,1145.8368935906276,1121.1075938005931,1143.368408203125,15373834
2021-09-28,1147.6939414575027,1161.689135216267,1138.092065214608,1154.0574951171875,18035258
2021-09-29,1163.9991145771864,1163.9991145771864,1141.3758992926414,1144.90869140625,9719875
2021-09-30,1143.617767070168,1147.965800183617,1132.4533348800387,1141.013427734375,13590654
2021-10-01,1133.1778684079156,1150.3208140813133,1130.0301151683525,1143.02880859375,8958928
2021-10-04,1156.2994941506686,1166.1957202690803,1149.0754144086845,1157.7261962890625,10918552
2021-10-05,1157.25041807704,1183.0215020120208,1153.7402689056823,1181.7532958984375,13533634
2021-10-06,1186.6222902143543,1186.6222902143543,1155.4389825506435,1159.4019775390625,10258881
2021-10-07,1175.3219190109808,1177.0204479976474,1162.9573276219362,1165.0860595703125,6336665
2021-10-08,1170.9058970806193,1215.8128063604343,1169.2074879845059,1209.85693359375,15772493
2021-10-11,1223.512539721895,1231.9367793726578,1198.1264896541243,1201.4327392578125,14768666
2021-10-12,1197.9678831315707,1215.1787568517786,1196.269354160262,1208.2943115234375,6682011
2021-10-13,1213.3671067441883,1231.7103344750674,1208.9737889938256,1220.5911865234375,9959762
2021-10-14,1223.036805981498,1230.7817769408248,1217.0809330176019,1223.0594482421875,8623469
2021-10-18,1208.6567177514992,1243.2596035729455,1205.8033136478314,1226.320556640625,13594479
2021-10-19,1233.6577079515857,1246.1356302424738,1226.5016753447112,1237.3037109375,8833409
2021-10-20,1242.2405578545067,1242.2405578545067,1219.0285268378586,1223.0594482421875,12710570
2021-10-21,1235.2882267218629,1235.5599338327822,1179.0357499377028,1187.777099609375,20831669
2021-10-22,1186.6449281501523,1206.9810344630644,1182.7951444896785,1189.99658203125,11027475
2021-10-25,1213.819979870448,1213.819979870448,1163.9989792562783,1178.4017333984375,17198417
2021-10-26,1185.3315195274101,1208.7926167498356,1179.013250231775,1205.2371826171875,9750178
2021-10-27,1201.138372284091,1212.3707315877277,1186.6222858874532,1189.99658203125,9896298
2021-10-28,1186.644837678606,1194.77472717133,1173.283867099268,1176.952392578125,9886181
2021-10-29,1175.8428779756357,1175.8428779756357,1133.0648156155328,1148.713134765625,14233025
2021-11-01,1148.7131311991511,1157.6582624374937,1129.6225892164332,1149.4151611328125,15481114
2021-11-02,1152.6760985535552,1154.0348738636576,1130.143454028727,1132.6571044921875,10569130
2021-11-03,1135.0348760961226,1141.3531452072293,1114.6309640383438,1124.866943359375,11989430
2021-11-04,1129.1016597099565,1134.514118637374,1127.7656464746356,1131.77392578125,1705656
2021-11-08,1141.0812028496898,1141.3530297583548,1112.5474040608012,1133.1778564453125,20337183
2021-11-09,1134.5594552172417,1145.38413396809,1126.4295651226153,1142.1231689453125,15682497
2021-11-10,1139.8584075840783,1158.5639086571884,1133.947819541091,1154.895263671875,10253470
2021-11-11,1150.4341308509872,1164.2254244154967,1148.3959679290283,1157.00146484375,10722478
2021-11-12,1160.783463915503,1177.0206028987552,1158.111197547698,1174.4615478515625,8712341
2021-11-15,1177.5867054893083,1178.5832047502897,1163.9991900791144,1167.531982421875,4803269
2021-11-16,1164.927627982119,1166.2637612012684,1130.0303872332545,1140.4022216796875,11337581
2021-11-17,1131.81907885733,1131.81907885733,1114.630848883986,1115.9896240234375,10202029
2021-11-18,1114.177982402732,1127.3126501781812,1109.6714536653499,1120.2017822265625,8505625
2021-11-22,1103.3533407297432,1109.1960026578379,1064.8099816539602,1070.584716796875,24124307
2021-11-23,1056.6799356820093,1087.5690077245938,1045.787332197155,1080.593994140625,25326999
2021-11-24,1077.9446209027212,1091.4868494573443,1061.4357769402945,1064.9912109375,16820296
2021-11-25,1074.7742721480843,1133.2006528139436,1067.5954770563671,1129.1016845703125,42401936
2021-11-26,1117.7107252384765,1122.1493269988055,1087.6822964764374,1092.709716796875,15763138
2021-11-29,1104.712245845007,1132.2949564813318,1086.5954393266575,1105.7991943359375,24325354
2021-11-30,1117.8013949441001,1121.3794713466475,1081.9529437331894,1089.44873046875,32172299
2021-12-01,1101.9492572911422,1120.5189065172979,1098.3711810133602,1117.3485107421875,10104610
2021-12-02,1118.5712269565358,1130.573541300242,1114.9025819148403,1124.527099609375,12720411
2021-12-03,1131.5700865288095,1131.6153710496726,1087.0029299803193,1090.739501953125,19222481
2021-12-06,1094.2497321105475,1098.3259382907745,1067.595476803198,1070.0638427734375,10332254
2021-12-07,1076.2011371715955,1088.8147958807454,1068.886487399971,1078.78271484375,11235122
2021-12-08,1097.9183562650253,1101.405743762558,1089.8563933091182,1095.2008056640625,8744178
2021-12-09,1102.85522364802,1120.926625884508,1098.326051956675,1112.5703125,13213547
2021-12-10,1105.2328712872275,1116.8955527047663,1100.7489847314073,1113.7025146484375,8364414
2021-12-13,1120.2924973928066,1120.5642045309762,1088.8146024741634,1091.3736572265625,12901733
2021-12-14,1077.9445243946013,1089.7204159270498,1074.9552669933066,1078.012451171875,12991523
2021-12-15,1079.7563157042177,1089.2676234327396,1069.38448219365,1074.8648681640625,9366969
2021-12-16,1089.5846504628314,1094.0232528934675,1072.8040976676455,1088.7694091796875,9761279
2021-12-17,1086.1198166210095,1090.6263454753455,1050.7694958949853,1060.03173828125,21049821
2021-12-20,1049.7958677716224,1049.7958677716224,1017.7519129116022,1031.4527587890625,14325846
2021-12-21,1046.851681002988,1062.5452825090044,1038.1783778851348,1046.806396484375,12836561
2021-12-22,1052.988828746117,1074.276029474332,1051.6754577350616,1071.6490478515625,17658543
2021-12-23,1075.2270326442374,1077.944583084397,1068.0030733980013,1071.2640380859375,9072401
2021-12-24,1073.415631452822,1083.3797854346271,1058.718405494376,1074.683837890625,7886494
2021-12-27,1069.588333994207,1077.0388360812635,1063.4966072069749,1073.5286865234375,4017223
2021-12-28,1075.9517717574063,1089.1996512774408,1074.7968966086662,1086.2783203125,6374613
2021-12-29,1082.926817028114,1095.6085205634522,1078.8957755234705,1088.1353759765625,15425312
2021-12-30,1087.0030029803643,1089.2449463146104,1062.3642685656102,1068.4786376953125,29333171
2021-12-31,1074.774417912502,1079.7111505236876,1068.8864705630906,1072.5777587890625,9477290
2022-01-03,1071.1509110384136,1090.603728995159,1070.4941656370397,1088.7467041015625,5421611
2022-01-04,1094.2044407783767,1114.6309956772857,1088.81462402871,1113.3175048828125,10847728
2022-01-05,1115.0838981501056,1121.8776545605729,1101.9265882823174,1118.5260009765625,11643813
2022-01-06,1110.1924425923644,1111.4606489189575,1091.0792578429503,1094.4761962890625,14447422
2022-01-07,1101.0207557139988,1113.294777565113,1092.2341211399646,1103.3079833984375,13112115
2022-01-10,1110.5547786779957,1112.8193642531028,1094.2723568788356,1104.2138671875,9246731
2022-01-11,1103.3080358803265,1120.9491128479206,1102.8550708538112,1112.16259765625,16205164
2022-01-12,1119.2960312179016,1143.595131948247,1116.4426269818646,1141.851318359375,14800442
2022-01-13,1141.9192812349345,1150.8644117443653,1136.0992618786104,1148.28271484375,11856712
2022-01-14,1148.1467537508265,1162.7759288830412,1144.0025016617883,1149.9583740234375,19930176
2022-01-17,1149.5057137125311,1161.7344520199854,1149.0527486713804,1155.959716796875,8036453
2022-01-18,1157.0921041700744,1160.5342073047743,1139.4282640408564,1142.16845703125,6215029
2022-01-19,1145.882379974198,1151.3173615953267,1136.3710722869748,1142.077880859375,9755485
2022-01-20,1132.3173998078944,1136.801286170844,1111.9133687702085,1122.0814208984375,16494486
2022-01-21,1110.5548482538704,1133.3139167394952,1110.5548482538704,1122.2626953125,13338594
2022-01-24,1120.9717499530957,1134.4461715764583,1066.666981959244,1076.9935302734375,21868937
2022-01-25,1064.1533431011624,1081.8624687571998,1043.9758512681215,1074.8875732421875,24510205
2022-01-27,1058.0163123551283,1067.119939925388,1046.7160258148951,1058.9674072265625,20020431
2022-01-28,1071.1508364816766,1076.087568078922,1054.5740661673967,1057.9482421875,14667727
2022-01-31,1068.9768076649402,1089.9016105598887,1067.1650674426833,1080.933837890625,12143683
2022-02-01,1090.6263567842825,1096.333045361315,1063.0436492942567,1077.3558349609375,13200509
2022-02-02,1090.1732649193555,1090.1732649193555,1075.7252273627023,1079.5523681640625,10017691
2022-02-03,1083.3795890325775,1087.6596951339798,1063.0888887078768,1065.6025390625,9572839
2022-02-04,1060.2808911532845,1063.6551874088461,1051.2678326966015,1055.8875732421875,11061241
2022-02-07,1060.7338205814565,1067.4370085401163,1043.9757907846413,1049.4561767578125,10714467
2022-02-08,1055.5932232086295,1068.8863882514995,1046.2404110052712,1067.0972900390625,12060849
2022-02-09,1073.9363098694528,1081.2056742872649,1067.9805561051007,1079.5299072265625,11486225
2022-02-10,1085.0554293647551,1085.0554293647551,1071.1962083846827,1078.4202880859375,12464491
2022-02-11,1074.887506839841,1079.982854527415,1061.6849113374171,1076.314208984375,15943370
2022-02-14,1059.9412213800138,1066.599124811997,1047.5991516117767,1059.1712646484375,10719633
2022-02-15,1064.9006018983252,1097.8278430466569,1057.880422222606,1095.1329345703125,11212671
2022-02-16,1100.5906182455715,1101.9493936888987,1085.1688404247225,1092.868408203125,10392840
2022-02-17,1096.106457779991,1111.867985430717,1091.5320027819646,1106.7047119140625,12853252
2022-02-18,1107.112541400613,1112.5475227496659,1096.1292475949579,1098.05419921875,6775458
2022-02-21,1092.4379072087868,1103.987376793005,1080.028031731223,1086.9576416015625,11107193
2022-02-22,1065.6705251768456,1085.146105195485,1063.066305633856,1082.0208740234375,13494914
2022-02-23,1087.5012562225045,1089.9696221846223,1072.5096827529123,1075.249755859375,7310110
2022-02-24,1043.9758405196053,1059.782776236231,1016.0761389464657,1021.6696166992188,24846650
2022-02-25,1032.698081014629,1045.3118571320392,1030.9543872983322,1034.44189453125,14570089
2022-02-28,1015.894992677199,1072.2152872381166,1015.894992677199,1068.6824951171875,21297446
2022-03-02,1057.314141139364,1087.4559017749605,1054.9363443782538,1086.34619140625,21471786
2022-03-03,1087.002981514595,1093.7288113845136,1073.4381104672327,1077.1746826171875,10186748
2022-03-04,1065.7157207883167,1070.8337101992126,1050.9280486616494,1053.283203125,10805667
2022-03-07,1032.0640445664155,1047.1915918601796,1006.3836454479082,1014.3323974609375,17983310
2022-03-08,1001.6280233273343,1017.253760796074,987.3611211647836,1012.498046875,21289374
2022-03-09,1012.724579802494,1072.0567736389658,1011.8865764630572,1066.214111328125,20414228
2022-03-10,1087.0030697416826,1089.2676554769666,1068.8863838594104,1083.492919921875,17980493
2022-03-11,1076.1555181267943,1091.9850941858494,1076.1555181267943,1086.617919921875,12257423
2022-03-14,1081.0698447752459,1098.0542977910961,1075.2271823953638,1095.54052734375,8340678
2022-03-15,1099.6619166858584,1099.6619166858584,1060.2127522331937,1070.44873046875,15925769
2022-03-16,1078.8503395210585,1090.5809465892828,1076.6310387189703,1088.5201416015625,11149828
2022-03-17,1101.8361008572806,1131.1172183134404,1093.8420644373464,1124.0064697265625,21422098
2022-03-21,1106.9314074851866,1125.0480919172617,1104.6668219311773,1117.5296630859375,11999466
2022-03-22,1114.2231553251663,1148.1241274347842,1111.2793022913736,1146.403076171875,22557065
2022-03-23,1142.7120228084564,1161.666592238369,1142.7120228084564,1150.0491943359375,15462187
2022-03-24,1136.8240104486479,1170.4078760728964,1136.8240104486479,1167.916748046875,13168266
2022-03-25,1169.660588741769,1184.833300668766,1167.169460657995,1175.70703125,14222488
2022-03-28,1182.1157391354113,1191.0608703717303,1171.472198621402,1187.5281982421875,9891424
2022-03-29,1194.7974641560254,1194.7974641560254,1180.9382429362058,1187.7999267578125,8684065
2022-03-30,1195.6581430818142,1217.4434746814534,1185.331593767139,1210.6270751953125,15811550
2022-03-31,1207.0036419353132,1209.1550162306944,1190.5400818204482,1193.325439453125,13223718
2022-04-01,1193.8916640782966,1207.094259791017,1187.55087204633,1202.882080078125,7922880
2022-04-04,1202.7008059618925,1211.5553673825946,1196.4505836886062,1206.4373779296875,7929162
2022-04-05,1200.7307025551163,1209.2456310104756,1186.9620503043643,1189.3851318359375,13149870
2022-04-06,1171.744039651222,1193.2122590361132,1171.744039651222,1186.2147216796875,12257215
2022-04-07,1175.3672812713683,1180.3041331292436,1162.6402930619627,1165.2899169921875,15496499
2022-04-08,1159.4697737682463,1188.909504082465,1159.4697737682463,1184.6746826171875,15152495
2022-04-11,1177.5864392090166,1195.0464967892808,1169.886872844364,1182.206298828125,9254209
2022-04-12,1171.698565177911,1178.7641486995603,1157.3863798447205,1159.9454345703125,13217742
2022-04-13,1166.0371790472568,1174.2349955581562,1152.9025109003892,1155.68798828125,10354235
2022-04-18,1147.2410619855225,1159.3792305452218,1142.1683569783831,1152.1551513671875,9974224
2022-04-19,1158.564096562945,1208.385101413979,1155.4163428280708,1196.065673828125,26141820
2022-04-20,1203.4481327307994,1238.2775602010167,1199.8247720277507,1231.234619140625,25072240
2022-04-21,1245.9318196263494,1263.1879773228495,1237.3716076586059,1260.0628662109375,21708633
2022-04-22,1249.5552942902013,1269.0760391912017,1242.8973909745034,1249.510009765625,15054154
2022-04-25,1242.0822318802027,1249.3288344946673,1206.41491600151,1220.6138916015625,17063215
2022-04-26,1227.4074011312523,1265.9054714118893,1226.3657374070801,1257.1414794921875,12227666
2022-04-27,1248.1739283672139,1280.851985416539,1247.811532355269,1258.3646240234375,19338945
2022-04-28,1272.676636154816,1291.2689267231667,1261.874481071713,1277.1605224609375,25614076
2022-04-29,1293.6015662528664,1293.6015662528664,1257.8889681093667,1263.7542724609375,18214862
2022-05-02,1250.9592399328203,1270.6611211332292,1249.1701419744186,1259.3155517578125,9467006
2022-05-04,1261.3764403153348,1263.6410258882418,1212.1442565160846,1220.0023193359375,19247660
2022-05-05,1233.5219702392728,1236.4659436174286,1192.0800401164388,1196.1109619140625,17210669
2022-05-06,1183.112189870724,1204.3087009820067,1174.6651887519583,1186.9393310546875,19649948
2022-05-09,1166.2410086662385,1176.2732081933118,1135.4652620079833,1140.583251953125,18083752
2022-05-10,1130.0301899582084,1144.3423749690376,1113.2721615832613,1120.813232421875,19511677
2022-05-11,1119.9075231154202,1125.478478168712,1096.9445548183617,1109.3319091796875,16643899
2022-05-12,1099.458311385817,1102.787203178042,1073.4155164726255,1086.7313232421875,20490321
2022-05-13,1098.7789520224087,1122.3306194635952,1093.9553113783713,1099.0506591796875,19308778
2022-05-16,1102.60611718799,1123.689419002713,1094.544153545097,1099.322509765625,13437911
2022-05-17,1102.9003909379085,1150.366239393939,1101.496331090796,1145.497314453125,16551828
2022-05-18,1150.2531253037505,1163.9991359295223,1136.0315073346198,1149.664306640625,17276788
2022-05-19,1125.0480019185666,1137.9561265637965,1116.918112875952,1123.1683349609375,14699118
2022-05-20,1137.956229855782,1197.6961004424857,1133.2006360812218,1188.660400390625,21793091
2022-05-23,1191.8534622113486,1201.8403770570499,1174.4161648907582,1180.7117919921875,15252755
2022-05-24,1180.7569797022973,1194.7973375363194,1176.5448004718992,1184.7652587890625,13527818
2022-05-25,1193.4387237828619,1203.2670225299603,1178.2658929997126,1183.0216064453125,12714544
2022-05-26,1188.6379056119392,1193.393619776903,1154.035014512365,1171.744140625,17882023
2022-05-27,1174.4387272800036,1179.9189929679753,1150.4567396045152,1166.308837890625,16521973
2022-05-30,1184.3802630005096,1211.1024440039564,1174.959644745959,1206.9356689453125,13853398
2022-05-31,1196.3373846577454,1213.2765527152142,1184.697464521731,1192.3743896484375,70620653
2022-06-01,1193.121675611818,1202.587698682473,1184.9238588339676,1192.7593994140625,9776989
2022-06-02,1192.98576447725,1237.5755649319342,1192.98576447725,1233.88427734375,22126569
2022-06-03,1242.806733024834,1276.0282006397301,1241.9008029974498,1258.88525390625,23939791
2022-06-06,1259.1119042533815,1274.5110388345443,1246.3395117355965,1253.4730224609375,11093152
2022-06-07,1254.5373984290559,1264.1392757142605,1246.452912224144,1255.8282470703125,12358255
2022-06-08,1255.8280315270272,1259.564603425916,1230.2608467946977,1233.77099609375,12479250
2022-06-09,1227.4076388685442,1269.528957983228,1227.4076388685442,1267.6041259765625,17278305
2022-06-10,1255.443365625697,1263.5958986630922,1223.5579057416696,1229.3326416015625,18093057
2022-06-13,1200.2325310142617,1210.558959942895,1184.9691305419672,1206.0750732421875,17620803
2022-06-14,1200.2552293704455,1210.1288135182253,1183.6783373201108,1190.3135986328125,14714312
2022-06-15,1185.5352852287417,1194.4804162045639,1170.5210697144335,1175.9107666015625,11195535
2022-06-16,1188.0035257051024,1204.3312302745605,1156.7521762440374,1159.4697265625,17111475
2022-06-17,1159.4698594973618,1188.8415454022556,1157.7035234680366,1173.057373046875,24457187
2022-06-20,1179.8510396489687,1185.3314250139977,1141.8512172581657,1151.7928466796875,12066797
2022-06-21,1159.4698864092793,1174.5973137201734,1145.112415821389,1170.38525390625,11720049
2022-06-22,1158.6093864513275,1158.6999555030718,1132.7477291666964,1134.8311767578125,10617206
2022-06-23,1139.111305663959,1143.6178348788872,1107.3843432520748,1116.4200439453125,19446323
2022-06-24,1123.2363989208543,1137.2767565696067,1117.8012981016543,1132.3173828125,14240234
2022-06-27,1152.6534598644344,1152.6534598644344,1123.9383995696694,1128.9658203125,15474529
2022-06-28,1124.187598454475,1147.67133814574,1124.187598454475,1144.840576171875,13572847
2022-06-29,1135.5557396776305,1176.2278290145132,1132.7476201425022,1168.5960693359375,19205146
2022-06-30,1168.5282289340553,1184.7880089664673,1162.1874370508547,1175.616455078125,23112959
2022-07-01,1166.218207707014,1173.9630584583938,1071.1507876954663,1090.9432373046875,81997149
2022-07-04,1077.4691189892487,1106.025565464495,1071.6490989100685,1093.2080078125,41857728
2022-07-05,1097.42011751126,1116.3973279805082,1094.7478514073186,1102.0625,17647327
2022-07-06,1096.1066896148457,1106.0029160314311,1081.568080443144,1092.3701171875,23943726
2022-07-07,1098.7335863010783,1102.0624779330788,1075.6800503518655,1081.61328125,23301033
2022-07-08,1095.155510044553,1095.155510044553,1079.0995110804106,1083.10791015625,19010108
2022-07-11,1076.3595407614398,1100.0470622923701,1073.4155672927277,1097.827880859375,13847467
2022-07-12,1088.8146344584836,1104.983845261713,1088.8146344584836,1096.26513671875,10778989
2022-07-13,1099.3676009909502,1102.402142980226,1074.7741536418605,1076.8348388671875,14224132
2022-07-14,1081.568146854285,1102.3797424093775,1076.5633677805536,1085.7122802734375,16970315
2022-07-15,1093.796752824721,1093.796752824721,1079.3487135847495,1087.8182373046875,9603210
2022-07-18,1096.5143900160117,1098.3260107043704,1083.5155743058108,1097.08056640625,15160908
2022-07-19,1087.1388148491112,1108.2901609105513,1087.1388148491112,1103.8062744140625,16439888
2022-07-20,1150.4115948025603,1151.5438277746334,1126.0672081991272,1133.653564453125,23924246
2022-07-21,1129.577351299841,1132.2949020971544,1117.484465892399,1126.08984375,16523230
2022-07-22,1132.2947927493988,1139.6773678755283,1130.030207237111,1133.6988525390625,10969995
2022-07-25,1117.5523977830067,1117.5523977830067,1088.3618480432954,1096.2425537109375,23110452
2022-07-26,1096.5595845623452,1106.886133119494,1092.143624721455,1096.74072265625,11303288
2022-07-27,1096.038608509345,1099.2316463703332,1087.90871936657,1095.698974609375,8655086
2022-07-28,1103.3081533989875,1117.7788361232904,1096.5143960795697,1112.86474609375,12496073
2022-07-29,1120.8359411287292,1140.0396942059215,1115.989778235377,1136.5748291015625,15130683
2022-08-01,1140.9681259695833,1172.038340631328,1135.7369249153332,1166.1956787109375,15700044
2022-08-02,1165.1314906618964,1181.1194448466035,1160.1719962455124,1170.6343994140625,13917913
2022-08-03,1177.5865998850716,1182.1157712823,1162.8442104812696,1180.462646484375,14250977
2022-08-04,1182.1156551708407,1185.6258045890304,1148.1468730281574,1164.8594970703125,14467127
2022-08-05,1166.7165845896059,1167.9846710602349,1144.5009315875282,1147.6939697265625,13942438
2022-08-08,1146.3352600049257,1170.1361123075012,1146.3352600049257,1162.708251953125,10165178
2022-08-10,1167.1241099957583,1173.0120563323646,1158.1336946618562,1169.6605224609375,10724688
2022-08-11,1178.990645714219,1182.0704726435374,1168.618812190309,1173.5556640625,8198226
2022-08-12,1173.193230375856,1196.3146936661199,1169.5247047340195,1192.5328369140625,12650587
2022-08-16,1198.511296976361,1203.5387175050762,1189.9512045412775,1200.8211669921875,6607378
2022-08-17,1207.0261894301318,1212.4158859762824,1202.7460834374597,1207.0941162109375,6595965
2022-08-18,1208.6925853891362,1212.7820913718717,1199.6955520359063,1209.2833251953125,7410035
2022-08-19,1204.148579928399,1209.464997552082,1183.6779742626552,1187.72216796875,9460724
2022-08-22,1189.1535324408326,1195.651309470641,1175.0672431781986,1184.427734375,9471680
2022-08-23,1178.7024907985585,1205.6027266806439,1177.4982950302235,1202.694580078125,9678484
2022-08-24,1199.6499778722127,1213.236390851307,1197.4915843453323,1199.4908447265625,10369622
2022-08-25,1203.6715670494066,1210.0103318429638,1191.6982378249359,1195.9923095703125,7871946
2022-08-26,1196.4237108559755,1204.1485194816453,1184.6095168359632,1189.6077880859375,10742038
2022-08-29,1174.6128173581192,1206.4205794013706,1171.4547933496005,1180.3609619140625,19838975
2022-08-30,1187.790261371782,1201.990130578996,1170.795826558723,1198.6729736328125,23139054
2022-09-01,1173.54493369258,1183.6778930178739,1159.026918701398,1163.4345703125,19909939
2022-09-02,1163.4346809089884,1170.2278880627014,1147.6671567250864,1149.8482666015625,12999345
2022-09-05,1150.0754462865928,1173.0224725362493,1150.0754462865928,1167.7060546875,11327815
2022-09-06,1169.1600343727337,1184.1550886922698,1168.705591439244,1179.997314453125,10899618
2022-09-07,1170.0687052311116,1179.1111693642993,1167.796731130178,1173.1358642578125,7488501
2022-09-08,1176.0894937430355,1180.5198614611618,1168.2512248209334,1174.79443359375,7057077
2022-09-09,1185.9727033347192,1185.9727033347192,1165.0704903678632,1167.4788818359375,8314850
2022-09-12,1168.046804859231,1186.8816091364133,1168.046804859231,1180.542724609375,7435419
2022-09-13,1189.607891122723,1194.9243089400052,1181.8832020191865,1190.403076171875,8888657
2022-09-14,1170.0688394223355,1185.9726599528265,1169.046493026583,1176.135009765625,8678219
2022-09-15,1173.704175948456,1183.041952132411,1161.7762789427293,1164.47998046875,10365600
2022-09-16,1155.8689337357673,1160.0721402601105,1131.8995628990685,1135.6256103515625,20217708
2022-09-19,1135.6257495827476,1146.3040180403946,1127.5147655140897,1137.1025390625,7580254
2022-09-20,1146.1903481529216,1153.119972213298,1133.5808482063046,1137.2841796875,8411448
2022-09-21,1134.512398474311,1150.9842421176709,1133.7172134827065,1140.4195556640625,9207309
2022-09-22,1129.6276634257686,1137.3523524884633,1123.3116153435435,1129.673095703125,10308170
2022-09-23,1129.1733426023927,1134.1488981287762,1106.9533532004177,1108.498291015625,9528051
2022-09-26,1087.845960638479,1098.6379294477279,1079.257938059937,1080.257568359375,12479523
2022-09-27,1087.8231145473603,1102.3638454814661,1072.4191704410875,1088.8455810546875,16154822
2022-09-28,1072.5328732525227,1080.5529923156532,1057.4242371952328,1059.855224609375,16997059
2022-09-29,1072.3738473223364,1075.7817488504493,1051.0171916607421,1056.6063232421875,14671827
2022-09-30,1050.108360317172,1091.458340177691,1050.108360317172,1080.4393310546875,18613024
2022-10-03,1086.687214378407,1098.251530811662,1073.7369732258553,1076.6905517578125,11852723
2022-10-04,1089.5498341414104,1098.7285948569065,1086.073664575446,1096.5474853515625,8948850
2022-10-06,1103.7271026820092,1113.269322563035,1098.7968595905177,1100.5916748046875,13352162
2022-10-07,1097.2066757140567,1110.497781619985,1097.2066757140567,1105.24951171875,7714340
2022-10-10,1092.8216022630288,1098.547030597458,1085.0969133921378,1093.1851806640625,6329527
2022-10-11,1096.911150105876,1096.911150105876,1068.329679997323,1071.4195556640625,9215177
2022-10-12,1068.7386577474495,1082.2342073300697,1064.6944639855953,1079.3033447265625,7417103
2022-10-13,1077.5538882747444,1087.8231445652352,1072.419200033899,1082.7340087890625,7328492
2022-10-14,1097.3654596284905,1097.9789154976827,1076.508681223135,1077.2357177734375,9106089
2022-10-17,1070.1019383497958,1096.9111900194368,1064.9218171343564,1094.525634765625,16729355
2022-10-18,1100.5462980220425,1119.1765361724479,1099.7056807153497,1113.83740234375,12415820
2022-10-19,1115.314085328947,1148.6440655761994,1109.4977929604431,1133.21728515625,19247142
2022-10-20,1129.173323936751,1144.6227018334394,1129.173323936751,1136.2618408203125,8717053
2022-10-21,1139.4879233106462,1143.6229813098248,1120.994103570685,1123.084228515625,8243452
2022-10-24,1117.81325918146,1137.1251004905544,1115.6777019334577,1126.8330078125,3370033
2022-10-25,1135.5348605120162,1135.5348605120162,1107.8167232856267,1109.4298095703125,12233241
2022-10-27,1116.90446154382,1121.6529753517277,1105.4537260220727,1113.7918701171875,12513059
2022-10-28,1120.085180684718,1151.8929390234955,1117.5633290375395,1147.87158203125,17609592
2022-10-31,1154.6195667238408,1163.684748855419,1150.620804946696,1158.52734375,12419943
2022-11-01,1181.428644108962,1181.428644108962,1139.6243422706675,1149.5528564453125,13963166
2022-11-02,1150.666129478395,1158.7998289194838,1142.8051438822936,1156.7322998046875,8981896
2022-11-03,1149.5529038103175,1163.048452941367,1147.3717940343818,1161.049072265625,6693449
2022-11-04,1160.4810755593053,1181.428720196316,1159.2088516372303,1178.1343994140625,12575815
2022-11-07,1177.3392175630618,1186.1090891689403,1169.6145286927685,1184.427734375,11789748
2022-11-09,1186.1090519678319,1191.4027533204435,1176.9074538352093,1183.246337890625,11254205
2022-11-10,1176.8848340514855,1179.8611290593667,1164.616195791804,1168.9329833984375,5966242
2022-11-11,1181.428793587036,1197.787058206641,1175.9760787775724,1195.878662109375,12310132
2022-11-14,1195.4015009715274,1200.5134736804264,1183.7689145270133,1190.0850830078125,9043112
2022-11-15,1191.561895358841,1193.4248592098502,1176.8848651845096,1184.7459716796875,7086433
2022-11-16,1185.9727580356148,1188.6764594316192,1172.954366703904,1177.9527587890625,9716161
2022-11-17,1174.5901593039591,1187.3359568517499,1172.3409009131724,1180.9971923828125,6661451
2022-11-18,1184.495900066872,1185.518366679259,1168.2967693410817,1180.3609619140625,5303197
2022-11-21,1175.9760614312995,1175.9760614312995,1155.5737233322704,1159.1180419921875,6390268
2022-11-22,1156.4369938334312,1167.1152613187112,1152.5746494360667,1165.547607421875,6611488
2022-11-23,1170.0690144783027,1171.3867910548404,1159.731487519947,1161.91259765625,6413408
2022-11-24,1165.9792953074673,1178.702375351731,1157.8910283853108,1171.931884765625,9389439
2022-11-25,1176.430472976704,1192.7431844497548,1173.295044904841,1189.4261474609375,7349922
2022-11-28,1185.472920181286,1236.4333911015242,1136.8980043426527,1230.299072265625,31527484
2022-11-29,1228.6632233258865,1241.2500078770877,1224.1419904117938,1232.4119873046875,11058913
2022-11-30,1232.54834119291,1247.5206802015884,1226.0504438987869,1241.1136474609375,26164986
2022-12-01,1245.8619813701127,1251.8600031393141,1234.1386516701657,1237.4556884765625,9485801
2022-12-02,1240.5001400003844,1248.6792715763747,1227.1408877532265,1236.93310546875,11589592
2022-12-05,1232.3210781772725,1234.4794719283639,1216.871700030192,1218.8936767578125,14828536
2022-12-06,1211.0098577338963,1225.5050364637573,1209.146773966004,1222.4151611328125,8594245
2022-12-07,1220.0523915216042,1224.5963402295367,1200.5815364526634,1204.375732421875,8462111
2022-12-08,1208.6925503476532,1210.9645247591304,1199.6500849785011,1203.8077392578125,7757008
2022-12-09,1202.330873974504,1208.6924740397408,1182.2692798901842,1185.563720703125,12655763
2022-12-12,1174.8401159938364,1191.8798642806923,1174.6128344148897,1187.38134765625,9479842
2022-12-13,1187.381293975718,1196.4237590933476,1184.473147579326,1192.7886962890625,8333348
2022-12-14,1198.5368585654778,1199.1275984061572,1186.4272326920325,1188.4720458984375,7268947
2022-12-15,1182.564761948623,1188.244637773301,1168.2513114103942,1171.591064453125,8688551
2022-12-16,1168.2511866821458,1189.9712977835404,1162.4121783240482,1165.79736328125,15837349
2022-12-19,1172.7951677670053,1183.246273075343,1166.2972711057284,1181.110595703125,7729933
2022-12-20,1174.1129983269077,1193.242990634255,1165.9792991040035,1191.3345947265625,7467588
2022-12-21,1190.9711686756098,1196.423883640869,1170.5688296926967,1174.3857421875,8527550
2022-12-22,1180.5200715713056,1183.5417989966502,1166.3202002479723,1171.34130859375,7451122
2022-12-23,1164.7524600759673,1177.112082738486,1132.4676588679463,1136.9888916015625,10257115
2022-12-26,1142.6915558359974,1155.0737739248264,1132.5357596211306,1146.9173583984375,5990242
2022-12-27,1149.6210331376262,1158.1636228081527,1142.9186909584178,1156.3006591796875,5763271
2022-12-28,1153.2561494312388,1158.6179988266933,1145.7586226936976,1156.18701171875,7459393
2022-12-29,1148.2580090394192,1158.2092411945277,1147.576404624278,1155.6646728515625,6930648
2022-12-30,1156.4824475075623,1170.97762738263,1154.6649160603042,1157.4366455078125,7289476
2023-01-02,1158.7090222381169,1171.8865462707408,1157.8911210447166,1170.4779052734375,5316175
2023-01-03,1165.547781216755,1169.1602486359825,1157.7095105638098,1161.91259765625,7658932
2023-01-04,1161.8898109401732,1163.7301788455284,1142.350805656606,1144.4183349609375,9264891
2023-01-05,1146.6674842652508,1152.5292093307505,1137.8067482537933,1142.3734130859375,13637099
2023-01-06,1148.0989399434065,1157.777577935928,1144.3047436595773,1152.7564697265625,6349597
2023-01-09,1156.57338165,1182.3376907366148,1155.6873320113693,1179.9747314453125,10722753
2023-01-10,1184.155127696438,1184.155127696438,1156.891435377878,1162.52587890625,8047142
2023-01-11,1159.8449086559888,1162.344044167369,1145.5767715508584,1147.87158203125,11509553
2023-01-12,1147.280880250268,1150.7569299071174,1120.0852177263125,1123.084228515625,17688773
2023-01-13,1117.0863548772086,1123.675117069892,1106.2717897707075,1121.266845703125,20618583
2023-01-16,1123.584175159578,1126.7421991055548,1102.8182596793808,1110.5885009765625,13623855
2023-01-17,1116.9047238004225,1128.2645974446718,1113.542254085864,1126.356201171875,10751000
2023-01-18,1123.947854631307,1131.9451378363888,1117.9725482719243,1124.4930419921875,13448286
2023-01-19,1123.674992689111,1127.4237562572607,1116.2910462380278,1123.288818359375,11940054
2023-01-20,1124.6291897175156,1124.6291897175156,1107.4758620574123,1109.9295654296875,14930286
2023-01-23,1112.8150268033937,1120.6305800710875,1101.9094778576764,1104.3177490234375,10954118
2023-01-24,1108.7255092415182,1110.3840278353364,1084.801567826855,1097.79736328125,16488755
2023-01-25,1096.2068953996695,1097.2292417944516,1081.4617181061994,1082.620361328125,12385018
2023-01-27,1083.4611595770739,1084.8015319770323,1050.403768536496,1062.081787109375,25830975
2023-01-30,1059.5144571522903,1077.781116815708,1045.564464693845,1072.26025390625,21772103
2023-01-31,1082.3705756526113,1084.9379802131518,1063.7403362487162,1069.579345703125,22691594
2023-02-01,1081.4391134749721,1081.4391134749721,1047.382090519888,1063.2406005859375,19347800
2023-02-02,1053.2890475640809,1066.920892525141,1050.1083077780725,1057.35595703125,13662663
2023-02-03,1067.3753725425988,1067.3753725425988,1041.929212987467,1058.2874755859375,24699575
2023-02-06,1051.9258301558875,1054.652247201578,1047.7454602358487,1050.312744140625,14837879
2023-02-07,1050.5628652677376,1057.560517598404,1041.9292904027159,1047.791015625,15135435
2023-02-08,1051.017186057536,1072.3284093286718,1048.290888887822,1068.7159423828125,21160332
2023-02-09,1069.3976200283605,1077.3040386110727,1060.559599329042,1070.5789794921875,13172763
2023-02-10,1070.0563840638993,1070.0563840638993,1054.7886158361225,1061.763671875,10790445
2023-02-13,1063.3768779331142,1067.8299624778901,1051.2672523692866,1055.7203369140625,10352493
2023-02-14,1058.7192622894795,1082.3250555378218,1055.8565481440585,1080.598388671875,14321920
2023-02-15,1079.6441795283704,1107.4533024427076,1078.2810909230323,1105.067626953125,33503591
2023-02-16,1113.019527781497,1119.5401413378127,1101.9322491792432,1104.2042236328125,17264487
2023-02-17,1099.6375221146495,1112.1334412904273,1095.3661670147737,1108.8162841796875,11809520
2023-02-20,1110.9974583087273,1113.1558521216361,1095.1390690194628,1097.093017578125,8836937
2023-02-21,1101.4551746278107,1111.8152960708703,1096.161352929149,1106.0445556640625,13311592
2023-02-22,1102.34116225432,1104.181409716533,1079.2124090771258,1080.9617919921875,11024335
2023-02-23,1080.5528460297141,1088.1639533747034,1072.987170955967,1075.7816162109375,9851910
2023-02-24,1077.8265267799054,1088.800224148405,1076.0089953829322,1083.1429443359375,9434053
2023-02-27,1082.370422196558,1085.846592046861,1068.6022799971277,1075.940673828125,11199715
2023-02-28,1070.601498241021,1075.5544571553608,1051.3124942776465,1055.3565673828125,21994038
2023-03-01,1065.1034156724897,1065.7850199744744,1055.6746563210354,1065.0579833984375,11551145
2023-03-02,1061.9226969308686,1068.5796069332716,1054.9249246750653,1056.947021484375,9333535
2023-03-03,1067.443561368033,1087.5733043694927,1063.9902277008234,1083.9154052734375,14643807
2023-03-06,1090.5494771055185,1101.7276183803804,1090.5494771055185,1094.502685546875,10171916
2023-03-08,1094.5029801942796,1099.1833465971572,1083.733846641011,1098.43359375,15782657
2023-03-09,1097.8199821583767,1098.2288726400263,1070.147279158801,1072.032958984375,16235128
2023-03-10,1063.967514713159,1065.1034417835135,1051.9486346812796,1055.4248046875,13334091
2023-03-13,1058.2876262665352,1065.1035499544928,1033.7502288751577,1038.0670166015625,12771592
2023-03-14,1036.0221323528851,1047.3592882483779,1031.0465769110588,1034.181884765625,16027522
2023-03-15,1037.8851067638673,1044.3374508988734,1012.1208019221261,1016.5057373046875,21728555
2023-03-16,1019.2095111682803,1024.2077825786946,1000.6701381392561,1011.4392700195312,18363159
2023-03-17,1020.0047033408911,1023.2763079373278,1005.4413153341551,1010.1670532226562,34014213
2023-03-20,1006.4864237654998,1008.7583980790381,990.5825434751304,1000.2384643554688,19524589
2023-03-21,1008.2811925498517,1033.2957451749278,1007.3951430408976,1031.341796875,21400360
2023-03-22,1038.2942074878824,1041.2250703817986,1031.4782836063534,1034.477294921875,10920094
2023-03-23,1030.569386905087,1031.4327203269945,1019.2322313496287,1021.390625,16249370
2023-03-24,1020.231887763167,1022.3902814688943,998.7617116838695,1001.1699829101562,12375945
2023-03-27,1007.6224783212151,1024.2078438429432,999.7614322476102,1016.7330322265625,14054323
2023-03-28,1020.118297683826,1025.3438507677042,1016.4831146440141,1021.4815063476562,12576424
2023-03-29,1017.391938716083,1020.0274916428302,1004.71434981678,1015.4381103515625,18804065
2023-03-31,1024.6623383806666,1064.8536804760474,1024.5260415402947,1059.2191162109375,28171201
2023-04-03,1065.5579119993613,1067.3754434349298,1051.9259454677697,1059.4007568359375,10293043
2023-04-05,1066.9210129823457,1066.9210129823457,1048.995215362799,1056.856201171875,16262928
2023-04-06,1053.3572991214214,1069.6474143387793,1053.3572991214214,1063.9447021484375,18435046
2023-04-10,1067.8299972108045,1068.0117263349803,1054.9023498118622,1056.40185546875,12961408
2023-04-11,1060.559540630498,1063.7402807994256,1056.0383079017138,1061.6273193359375,10542367
2023-04-12,1061.6272515959452,1075.9179854968688,1058.7646577412916,1066.3076171875,18179087
2023-04-13,1069.1929322468407,1075.0092249147228,1064.1946609026813,1070.3289794921875,12378208
2023-04-17,1101.8866740573628,1101.8866740573628,1067.3980510351955,1075.7589111328125,17929479
2023-04-18,1080.0985197030036,1080.0985197030036,1056.9243329412964,1063.4449462890625,10405576
2023-04-19,1062.8542061722762,1071.4195123263064,1059.741614492453,1068.7386474609375,12273475
2023-04-20,1069.692811176778,1071.9193532094926,1059.6961482625013,1066.034912109375,7007330
2023-04-21,1068.1252410633845,1072.8282030082607,1061.6500596936005,1067.37548828125,7647317
2023-04-24,1079.1896539611616,1081.8705185788936,1066.9208972884767,1071.4649658203125,12936186
2023-04-25,1075.1000833366595,1081.7342770992536,1068.0569991057368,1079.666748046875,9236126
2023-04-26,1081.0072593250222,1084.233551809527,1069.6701038322165,1073.3280029296875,8617834
2023-04-27,1079.1898559504257,1083.2793621459462,1074.1914637637067,1080.121337890625,9167125
2023-04-28,1082.3704342762564,1101.409681900637,1082.2568535921685,1099.8646240234375,15565210
2023-05-02,1106.9986888116582,1111.3609082117491,1103.3180737047812,1109.2025146484375,12981805
2023-05-03,1110.9974233118683,1110.9974233118683,1096.4795270846325,1099.6829833984375,7061872
2023-05-04,1100.1601065895743,1114.564421653396,1097.1838117593734,1112.360595703125,8635233
2023-05-05,1109.1798878043744,1118.4267984938415,1106.9079133744922,1109.5206298828125,8746585
2023-05-08,1113.2692311404737,1128.5597141757223,1110.6110827431748,1123.2205810546875,9153782
2023-05-09,1124.6292481933926,1129.9912183396398,1119.290114376559,1126.69677734375,6464721
2023-05-10,1131.4453248412979,1135.9211253467272,1127.446563252221,1134.4443359375,10872255
2023-05-11,1135.5121619830659,1140.3059886325332,1125.3336486663607,1127.0377197265625,10557860
2023-05-12,1122.2663301444138,1130.2637323324755,1116.2228762779578,1128.8778076171875,6955341
2023-05-15,1131.3998000896127,1138.056589765274,1123.7885720856236,1131.1043701171875,6833343
2023-05-16,1133.2628763872494,1135.8074445597895,1113.3375770795326,1114.9962158203125,8717229
2023-05-17,1119.1766035619933,1120.085369338175,1103.7272247932553,1108.407470703125,8798967
2023-05-18,1113.0649351771951,1116.4502407386783,1102.8864225456616,1106.0218505859375,10525531
2023-05-19,1106.0218196807168,1111.4291017814717,1099.1149119209986,1109.6114501953125,8050447
2023-05-22,1106.4534840047638,1120.5397737195674,1105.2494084549478,1115.5413818359375,7434906
2023-05-23,1118.1087637100431,1121.4485168171577,1113.9282731003457,1115.3369140625,6092034
2023-05-24,1111.4063935962217,1119.630957590089,1105.749113749558,1108.8389892578125,8112254
2023-05-25,1105.9537453747698,1112.8151011277312,1097.8427615845399,1108.7027587890625,11487863
2023-05-26,1116.904610291511,1140.0787982471202,1113.6102893364032,1138.94287109375,12626260
2023-05-29,1145.5314605509366,1149.6210865747194,1139.2608448772517,1145.3497314453125,10010304
2023-05-30,1145.349753161613,1153.1199946776444,1142.509755067562,1145.054443359375,11342504
2023-05-31,1135.9892890678166,1140.4650896335454,1118.2678159183406,1122.3118896484375,27107927
2023-06-01,1126.9694153626442,1129.1278089205925,1116.9044841377781,1119.2900390625,14592692
2023-06-02,1122.8117036497752,1128.1962696801756,1113.7238061790024,1115.6322021484375,15800644
2023-06-05,1121.0849468212546,1128.605189788234,1117.1089018534485,1125.651611328125,10908682
2023-06-06,1128.4690410109154,1130.4001532166621,1118.722254852153,1126.60595703125,7493309
2023-06-07,1130.0820196952836,1135.989176828128,1123.5386905370437,1135.1485595703125,10312545
2023-06-08,1138.7155083681228,1143.6457515710592,1131.899585359948,1135.830078125,12071109
2023-06-09,1139.1699412328312,1139.874261684162,1125.9924180855612,1127.787353515625,5877018
2023-06-12,1124.8564945620458,1131.0816777652867,1120.0852643496842,1128.7869873046875,6391969
2023-06-13,1133.7173319025067,1146.6448585440896,1129.741286337972,1145.46337890625,11248016
2023-06-14,1145.5315407318087,1160.9810398065779,1143.7140091659376,1159.5496826171875,13277380
2023-06-15,1159.5268135380984,1164.4116242878063,1152.1201510303479,1159.86767578125,11813494
2023-06-16,1163.3438717544047,1173.431520437393,1163.3438717544047,1171.1595458984375,24171579
2023-06-19,1174.1584519189826,1174.1584519189826,1155.3692013285906,1159.52685546875,6798554
2023-06-20,1157.5957972211602,1165.070488566,1151.893084884151,1161.9351806640625,6921096
2023-06-21,1161.889751966922,1167.728761153971,1157.800246036839,1165.2069091796875,6961603
2023-06-22,1161.4354185434336,1169.296404389101,1150.52986917785,1152.1202392578125,7619166
2023-06-23,1149.1212794125972,1151.1660925456156,1141.4420223330224,1142.691650390625,6628570
2023-06-26,1139.1698775330913,1142.9867893628173,1130.8544495978458,1133.967041015625,12641159
2023-06-27,1134.4216529822017,1140.305974461151,1129.9231362063101,1134.376220703125,9689466
2023-06-28,1141.896393407388,1153.1881169201986,1135.0122016455275,1149.3939208984375,11354006
2023-06-30,1157.0731268247234,1161.7306560822208,1151.1886857801614,1158.822509765625,11151555
2023-07-03,1162.3669506539804,1191.425580555085,1161.1400387375704,1188.5628662109375,12154387
2023-07-04,1192.7887391966194,1192.7887391966194,1169.2736896643748,1176.31689453125,8061643
2023-07-05,1185.5184537103503,1185.5184537103503,1170.4325328520283,1174.3857421875,10248062
2023-07-06,1170.5461356600117,1201.626743759331,1170.5461356600117,1199.0367431640625,19117987
2023-07-07,1197.3325831480681,1210.9417123971473,1194.15172307179,1196.6964111328125,13375267
2023-07-10,1221.8245601360636,1252.3145466417043,1215.5085119378625,1242.794921875,33240016
2023-07-11,1250.9058502676546,1258.6759714064597,1243.9536302912918,1256.2677001953125,20069348
2023-07-12,1256.9946762890331,1273.2166423107678,1254.8817149747802,1257.653564453125,18733835
2023-07-13,1264.992154591986,1271.8535100977601,1243.794632147719,1246.4073486328125,14682934
2023-07-14,1249.5881074417618,1254.5410670168455,1238.2736675009803,1245.3623046875,15124144
2023-07-17,1248.225023984058,1279.1466167196916,1239.5914489485467,1270.8084716796875,22220040
2023-07-18,1280.0325658904894,1289.3249082218795,1269.1270172578058,1281.6002197265625,25867313
2023-07-19,1285.9398963552078,1297.7542122517561,1270.9448400838094,1291.324462890625,39122156
2023-07-20,1270.142048583782,1295.2248684894755,1270.142048583782,1289.7603759765625,38717624
2023-07-21,1284.4190157057792,1287.3235564344566,1242.3763715855305,1249.834716796875,30249238
2023-07-24,1221.4041174807796,1238.117785416934,1215.6441946530279,1224.5548095703125,23727866
2023-07-25,1227.8041962368873,1233.3179681079685,1220.9119513502328,1223.767333984375,12026020
2023-07-26,1223.3733833366434,1253.8961800235134,1223.3733833366434,1243.65625,12911012
2023-07-27,1247.5209111436616,1249.2931304965796,1226.0072859774648,1232.087158203125,17226898
2023-07-28,1236.6902137331379,1251.853175548335,1231.0287272255082,1244.4686279296875,20827852
2023-07-31,1244.4686660676819,1257.2930680054526,1239.594792375287,1255.00390625,8551174
2023-08-01,1257.8346449464532,1259.803857697837,1233.3672005487501,1237.25634765625,9536632
2023-08-02,1235.2871417271826,1236.665614699006,1212.8381883521488,1224.0380859375,12748214
2023-08-03,1218.5981228148664,1231.201012494138,1210.1058926997707,1218.8934326171875,10168350
2023-08-04,1230.1673350047402,1238.6349265214124,1216.7767111886983,1235.4595947265625,22885610
2023-08-07,1241.0963994857652,1244.7393951840495,1233.2195480808575,1242.49951171875,5982870
2023-08-08,1244.5423492739476,1247.7176805176769,1230.5363488514104,1235.0162353515625,9844072
2023-08-09,1233.1458852114292,1245.0349610213223,1221.453682631652,1243.1641845703125,11486586
2023-08-10,1243.0407844200602,1255.3730020668381,1234.9177826419805,1248.7022705078125,15470598
2023-08-11,1246.733138146324,1259.7300139419374,1236.837916549459,1253.969970703125,22179330
2023-08-14,1249.9577340453427,1271.274485095857,1243.065489745762,1268.788330078125,9575812
2023-08-16,1255.8654425931288,1271.5207081344915,1255.8654425931288,1267.7545166015625,10203112
2023-08-17,1263.791524524126,1269.2068594315797,1246.930140835009,1249.4654541015625,13673744
2023-08-18,1246.142454602955,1268.960755625946,1234.9671961841154,1258.7208251953125,18639978
2023-08-21,1254.8424457661688,1262.5000997685252,1242.8371963360953,1244.986328125,9221746
2023-08-22,1243.4548358358238,1253.8544488619668,1234.6115281978846,1244.68994140625,7713044
2023-08-23,1247.061326610869,1256.2752862282496,1243.4795205761563,1246.0732421875,9517952
2023-08-24,1254.8177179260883,1254.8177179260883,1220.7782590700385,1225.1258544921875,14140020
2023-08-25,1213.3676467766436,1237.5757146480018,1206.747529523438,1219.4691162109375,22222400
2023-08-28,1221.272366528133,1227.2008731617648,1201.0660879981488,1207.315673828125,12580826
2023-08-29,1211.4162410930335,1212.107851949824,1189.7277154191993,1195.755126953125,16876644
2023-08-30,1201.510516255865,1206.9449799395882,1193.1117996537475,1194.61865234375,12168946
2023-08-31,1197.0642209023324,1198.0523052778192,1185.6517981191516,1189.1595458984375,21638600
2023-09-01,1188.9373425267036,1198.3734766692594,1186.5164632510111,1191.950927734375,18112842
2023-09-04,1191.9507848594153,1197.3852486913688,1188.3196473047951,1190.9874267578125,9347626
2023-09-05,1195.582117616625,1202.4739821466742,1191.852074903386,1197.3607177734375,8675876
2023-09-06,1196.125722417537,1203.5609616798479,1194.2236115362405,1199.88037109375,8200370
2023-09-07,1196.4220829309013,1204.5985062247828,1191.1358550222296,1201.5107421875,13652572
2023-09-08,1205.4629163426932,1213.3675912039566,1197.039473070506,1209.5140380859375,23109288
2023-09-11,1211.3916036780722,1223.6686019045655,1211.3916036780722,1222.5570068359375,13271074
2023-09-12,1226.70693716321,1226.70693716321,1203.4622246012573,1204.89501953125,16255666
2023-09-13,1205.4630504045967,1216.653058753229,1198.6699696902265,1210.9222412109375,12803338
2023-09-14,1215.3438722575231,1218.2093412827492,1207.9332388900991,1212.0338134765625,9209636
2023-09-15,1219.2962186489121,1219.2962186489121,1210.156437431325,1214.28173828125,25468592
2023-09-18,1205.487828880595,1210.8975674516837,1201.535490839137,1203.709228515625,7516300
2023-09-20,1197.089090701199,1199.3370070481767,1163.4694916701224,1176.8826904296875,57081884
2023-09-21,1173.3255153106452,1180.8103271156433,1165.9396084396587,1168.31103515625,12226182
2023-09-22,1173.8443150051187,1177.0308632017375,1160.9992172819989,1163.4447021484375,19176786
2023-09-25,1161.1968240581607,1166.2854832156668,1153.638074334712,1156.2811279296875,14254884
2023-09-26,1155.3423807263628,1161.0979239595738,1153.8849803976213,1157.2938232421875,10087782
2023-09-27,1157.7879239120957,1171.7693426359385,1155.3177128519035,1170.3365478515625,11722778
2023-09-28,1177.3026603074284,1177.3026603074284,1148.6482103293206,1153.14404296875,14518346
2023-09-29,1156.9481416896208,1170.435518964013,1153.1440405649926,1158.529052734375,12342014
2023-10-03,1151.0936382938999,1153.885049186791,1144.2017734963838,1145.263916015625,8859056
2023-10-04,1140.7434506187415,1145.683872665596,1133.8763122199225,1143.2877197265625,10286386
2023-10-05,1145.8073305142325,1150.821810414835,1140.743398149127,1143.2630615234375,10953682
2023-10-06,1144.7206253894863,1148.5494528467332,1142.2504141267464,1145.18994140625,5431026
2023-10-09,1140.2988590719287,1142.200849187487,1133.826857954507,1135.4324951171875,7576878
2023-10-10,1139.5331157395624,1145.1404226117538,1138.1497733893898,1140.447021484375,10236032
2023-10-11,1143.4359710357805,1160.8509589721596,1142.7196339530417,1158.5537109375,9814118
2023-10-12,1157.9607991424273,1165.618452848462,1155.1446622546925,1160.70263671875,12554450
2023-10-13,1156.058825491677,1164.7045645712087,1150.6984190160554,1160.6534423828125,10150316
2023-10-16,1158.5290083696577,1163.2471357038708,1154.0826283801794,1158.0596923828125,5929036
2023-10-17,1163.963549268257,1165.7914814830851,1156.7011522648252,1163.593017578125,7928180
2023-10-18,1163.5928712145596,1169.397866963109,1146.6719261602773,1148.154052734375,8918320
2023-10-19,1142.2256445327594,1147.0672825471008,1136.7911799610206,1139.33544921875,12032556
2023-10-20,1136.2971288231192,1143.559525479833,1134.4691966955595,1135.8525390625,8913312
2023-10-23,1131.356688684127,1139.3848747937852,1114.1887214650121,1118.1163330078125,7853962
2023-10-25,1111.6198194416302,1127.009187707913,1108.1367973597628,1115.522705078125,11620688
2023-10-26,1112.089142962785,1115.5474388316163,1096.922069489782,1099.985107421875,15222534
2023-10-27,1106.654565590137,1123.204979852311,1104.6536704890175,1119.40087890625,11771084
2023-10-30,1123.4519103673986,1148.6480613914696,1121.4510154276281,1142.4725341796875,16813304
2023-10-31,1150.130232099537,1150.130232099537,1127.84888081728,1130.319091796875,12808438
2023-11-01,1130.9367248364767,1144.9428703315039,1124.0448598372486,1135.0125732421875,10309190
2023-11-02,1143.1889695269997,1148.302354744411,1140.2247162104195,1146.2767333984375,10562104
2023-11-03,1149.7349795725816,1153.5638066087804,1144.078220526126,1146.0296630859375,8850156
2023-11-06,1152.2546386732256,1156.0587394619763,1148.9445800808262,1155.564697265625,10647304
2023-11-07,1153.1192304428853,1155.614167696399,1145.9556184844287,1148.0552978515625,6960204
2023-11-08,1152.1064866637696,1156.552866758098,1147.042553778562,1154.033203125,7884494
2023-11-09,1154.0085696526105,1154.0331752710283,1138.3720609954937,1141.50927734375,14513610
2023-11-10,1139.0389810755562,1144.3746607841822,1135.333664696756,1143.658203125,7734954
2023-11-13,1147.610585630105,1148.4505538682092,1142.0773370771153,1143.5101318359375,3854810
2023-11-15,1156.0588204395372,1166.9030232858888,1149.6362714370953,1164.185791015625,12220648
2023-11-16,1161.542667627995,1172.9302438744137,1159.4923201233041,1166.285400390625,13134910
2023-11-17,1162.4319266451018,1172.4857343750468,1162.012063114762,1163.7412109375,7758634
2023-11-20,1160.2828426994563,1165.1490860409533,1154.2801575494677,1160.6781005859375,4490186
2023-11-21,1168.9038812090425,1179.7728099438689,1166.0384122376151,1175.2769775390625,8214450
2023-11-22,1173.3502489811203,1182.9593458443583,1171.9669066696931,1179.87158203125,8534814
2023-11-23,1179.8716170501546,1185.7013394254852,1179.8716170501546,1183.4781494140625,8531542
2023-11-24,1181.5514214570694,1186.9858858764198,1181.2796741129466,1182.6876220703125,6749486
2023-11-28,1182.6876712625676,1185.5531403805655,1173.4738317237427,1182.9346923828125,13792174
2023-11-29,1189.6536514263266,1191.605094048659,1184.7379555197092,1186.047119140625,12531306
2023-11-30,1183.0828973645985,1186.0471507278282,1170.8306260067593,1174.5606689453125,28439984
2023-12-01,1174.8323419889748,1183.9226701483003,1174.6347733568996,1182.88525390625,14342842
2023-12-04,1210.403389884879,1210.403389884879,1185.009669053603,1195.680908203125,15590990
2023-12-05,1204.9689932142376,1205.8830195816831,1196.3973123183705,1204.3514404296875,12693624
2023-12-06,1208.9707381739393,1221.7416569101222,1202.9927791973269,1215.8873291015625,16422442
2023-12-07,1215.3438750518303,1215.813191043024,1206.4511149904754,1213.886474609375,8142096
2023-12-08,1217.2460531905654,1223.594423771572,1207.9333084760417,1213.2442626953125,10204894
2023-12-11,1213.367615499601,1219.098553135076,1211.5890153738967,1215.022705078125,7066138
2023-12-12,1215.3439244936176,1217.7894094868202,1195.6562927549994,1197.5831298828125,9197124
2023-12-13,1196.570218805253,1204.6478570918039,1188.8137803209581,1202.4739990234375,10031182
2023-12-14,1212.3795628682321,1222.7297228698085,1206.7721356331074,1217.39404296875,16972354
2023-12-15,1224.236571728094,1235.1055001292314,1220.3089603608373,1232.9317626953125,15932152
2023-12-18,1232.9317234441762,1252.3474847954778,1230.634354917611,1245.4803466796875,14165188
2023-12-19,1262.2778691174958,1271.615218807123,1247.5553868731267,1263.8094482421875,16820604
2023-12-20,1270.207325538083,1283.9417239360823,1244.9864450577063,1248.518798828125,17736722
2023-12-21,1248.44470925444,1271.4176728398502,1244.1218397625619,1266.0079345703125,13765454
2023-12-22,1264.5504141598008,1275.07341611771,1258.6465136069178,1267.242919921875,16541784
2023-12-26,1268.7003790735205,1280.5326657287192,1266.0819312708138,1273.66552734375,7465664
2023-12-27,1275.6170305456778,1284.4603381656593,1271.2201029702012,1278.01318359375,9204156
2023-12-28,1279.4705441490948,1290.4382571270967,1278.0131437475463,1287.251708984375,12302636
2023-12-29,1289.9937398232034,1291.4264140714613,1274.2831724837226,1277.074462890625,10864584
2024-01-01,1274.9006856426909,1287.8940202608817,1271.2447008145452,1279.69287109375,4030540
2024-01-02,1277.099135940161,1291.920402508132,1271.1706293129728,1290.2900390625,7448800
2024-01-03,1289.4503036849235,1301.3073179716814,1273.2456933698636,1276.2593994140625,9037536
2024-01-04,1278.5811975278393,1289.376067708453,1274.1842702494187,1282.8546142578125,9612778
2024-01-05,1285.9424160498672,1294.3165279752034,1283.521657474919,1288.3138427734375,8086406
2024-01-08,1289.4502625359673,1300.2944657165137,1269.1698042070248,1278.26025390625,7734652
2024-01-09,1284.5096770702141,1287.8691880410897,1273.2454911635218,1274.8758544921875,5403074
2024-01-10,1273.146698836737,1313.6581576278165,1272.1833407081513,1309.26123046875,11102740
2024-01-11,1313.6583733689063,1346.2651626289091,1312.6702888458758,1343.6961669921875,23725852
2024-01-12,1343.6960023683716,1356.9609630954171,1329.714583957277,1354.3919677734375,15012164
2024-01-15,1358.616069177015,1379.8104316098675,1349.723309451493,1377.51318359375,8610594
2024-01-16,1373.4126778584214,1379.6623844587446,1354.1697570573224,1358.24560546875,9069024
2024-01-17,1343.30084717423,1369.7568331827044,1338.8791932605309,1345.35107421875,12197382
2024-01-18,1335.2972997496222,1354.663730119792,1335.1490629645289,1351.6500244140625,10279438
2024-01-19,1359.6041759840746,1359.6041759840746,1342.8067406703178,1351.156005859375,10422704
2024-01-23,1355.4048574857818,1355.4048574857818,1306.791150318716,1312.7442626953125,20055420
2024-01-24,1319.3151054787043,1333.4200358723897,1308.1498229720294,1327.862060546875,21919128
2024-01-25,1326.9479158139593,1347.895377764627,1319.2902616038493,1336.9522705078125,11808872
2024-01-29,1348.241269998228,1435.192704047216,1343.9678528779282,1430.7957763671875,23893438
2024-01-30,1442.5537625848374,1442.5784888178382,1387.690473107798,1390.852294921875,14093978
2024-01-31,1387.2704457772934,1417.159997760743,1385.7883192326594,1409.6258544921875,15130226
2024-02-01,1417.9011153905622,1426.1515960154993,1401.1531330404457,1409.650634765625,13349362
2024-02-02,1416.0980132616144,1457.3258137867138,1416.0980132616144,1440.3306884765625,19652588
2024-02-05,1443.3442832345067,1452.9781061073709,1414.4675408489986,1421.878173828125,8814432
2024-02-06,1424.6695010773788,1424.6695010773788,1402.9069175392074,1410.7869873046875,9047984
2024-02-07,1418.8151411125152,1432.2283386037336,1412.2196294925052,1424.9659423828125,9296568
2024-02-08,1432.7224367107362,1442.0845126481563,1410.515263064875,1432.845947265625,14694634
2024-02-09,1436.6747903139974,1454.4355841797649,1433.661084495157,1443.3443603515625,12556798
2024-02-12,1443.3443671360003,1443.5913882496639,1425.163589047209,1435.04443359375,6674430
2024-02-13,1438.1567484987418,1461.3767303535824,1436.674621997369,1447.642333984375,7715594
2024-02-14,1440.1329959711338,1465.9714268487612,1440.1329959711338,1463.7235107421875,7117888
2024-02-15,1465.674980481667,1467.0335965408115,1449.0505085860837,1453.076904296875,10006782
2024-02-16,1458.8819534815811,1459.4007219371786,1441.170612214809,1443.17138671875,9767498
2024-02-19,1444.6288410678121,1461.8708655513933,1436.2053974591388,1456.4364013671875,6729828
2024-02-20,1457.4492860314679,1457.9186020207894,1444.3818933388152,1453.4969482421875,7117496
2024-02-21,1456.4365283424868,1470.7884795851646,1440.1825868389801,1450.2115478515625,12720292
2024-02-22,1450.6561919754163,1467.2559381666686,1440.6271108051608,1464.0941162109375,18493728
2024-02-23,1471.7517883622584,1479.7059164315408,1465.6750448712426,1475.82763671875,14438584
2024-02-26,1475.753583346703,1476.7169415654328,1464.8352018923576,1469.6026611328125,7513106
2024-02-27,1465.3540321072526,1482.0772898132236,1460.4383358684995,1467.94775390625,10826044
2024-02-28,1465.3292067243183,1473.5056294891751,1432.8953836215212,1438.2803955078125,8647950
2024-02-29,1447.5438276529026,1461.3522847525776,1437.1936663872107,1443.3939208984375,23628976
2024-03-01,1446.061542580972,1482.1266237591103,1445.0734581651325,1474.345458984375,12132926
2024-03-04,1472.7150995331629,1494.4282305064353,1469.503825173054,1489.4384765625,10024420
2024-03-05,1487.8328618357061,1489.4384990399915,1468.3429205099196,1482.32421875,7107668
2024-03-06,1475.6545662551582,1491.0193265812127,1460.8827530485903,1485.0908203125,7805676
2024-03-07,1485.0662153094684,1485.1897258668157,1457.968071396935,1461.3028564453125,8315726
2024-03-11,1471.2577496463198,1471.2577496463198,1446.0615961097308,1449.1246337890625,11277130
2024-03-12,1449.1246865128974,1470.269718687064,1447.5685016900354,1457.8446044921875,9432678
2024-03-13,1462.142657909758,1465.4279903850718,1410.7622676768488,1415.10986328125,13522134
2024-03-14,1422.5450608782721,1431.2649780682007,1408.514310659922,1414.4180908203125,18571102
2024-03-15,1408.9589780840722,1416.1473166057365,1396.0645483366263,1401.3260498046875,19223818
2024-03-18,1403.0799549430176,1424.5460660460144,1399.6463855144648,1422.3228759765625,9169392
2024-03-19,1411.7256294896865,1420.4701525728194,1400.3626585436627,1408.267333984375,8275764
2024-03-20,1410.935092987457,1427.7819805194806,1407.056934025752,1426.546875,8488806
2024-03-21,1435.2173701383908,1440.5283239841642,1427.460931435626,1433.685791015625,13006936
2024-03-22,1432.6977472783171,1442.6033181580033,1430.1040255590262,1437.6876220703125,19527608
2024-03-26,1427.7820647176966,1435.0939139473653,1421.853557874578,1424.3978271484375,11415906
2024-03-27,1430.74620650665,1482.1265951381042,1429.7581221098912,1475.061767578125,16326644
2024-03-28,1475.0864584455267,1488.0056133770977,1461.0309823617722,1468.1451416015625,21854364
2024-04-01,1474.6912092837645,1476.1733358521226,1464.8350917273362,1467.0830078125,5013880
2024-04-02,1466.3172549197961,1476.198098955644,1457.4244952875333,1469.2320556640625,8910166
2024-04-03,1464.4152240453116,1466.7619246317818,1451.397283687729,1454.0650634765625,7008292
2024-04-04,1462.117879861305,1462.117879861305,1432.7223691832353,1445.493408203125,14490272
2024-04-05,1443.467815909923,1453.274601948929,1438.6509043996564,1442.7020263671875,7442298
2024-04-08,1445.5427357963142,1473.2090987059642,1443.5912932499484,1468.2686767578125,8357118
2024-04-09,1471.2577557160955,1472.0482715276003,1445.0735176190665,1446.2098388671875,7071414
2024-04-10,1448.8776750369068,1469.281643980642,1448.8776750369068,1461.945068359375,9138330
2024-04-12,1458.2891033204971,1468.7627741208264,1445.6415744118667,1449.6680908203125,15551012
2024-04-15,1443.591352839028,1464.4646364315843,1429.0911655763507,1447.3707275390625,12902062
2024-04-16,1436.0325186728678,1453.6451964542034,1433.6364862387566,1448.2847900390625,9366184
2024-04-18,1446.0615875622616,1468.2934876101954,1441.9610129858208,1446.876708984375,19005692
2024-04-19,1439.4167626045175,1456.4364932961696,1425.8306012864564,1452.607666015625,15741778
2024-04-22,1454.9048261235944,1465.1562017707047,1450.3103301575065,1462.2166748046875,10350362
2024-04-23,1461.3768889290402,1475.7041133303053,1438.20635702296,1441.936279296875,14605554
2024-04-24,1446.0615625184662,1451.051437133562,1432.2283805059903,1432.8953857421875,10462776
2024-04-25,1425.3117405225619,1450.483166375014,1424.3236561270523,1442.5784912109375,15943926
2024-04-26,1446.5061312694434,1447.5436681516292,1432.7224019248206,1435.2420654296875,9413848
2024-04-29,1432.7224880920985,1450.4092243096331,1432.7224880920985,1447.5684814453125,7247974
2024-04-30,1450.5079819172845,1465.403306850403,1445.4440490785064,1449.5198974609375,11474262
2024-05-02,1454.460329459568,1459.7218309784546,1446.6791643138517,1449.0753173828125,14512646
2024-05-03,1453.4722101911175,1457.3750954799905,1399.275802819383,1416.9130859375,17226958
2024-05-06,1418.3952205864964,1422.841600588335,1401.1037428015688,1402.610595703125,7394208
2024-05-07,1399.1028593353728,1403.8209867220144,1375.4135586957902,1384.775634765625,14517472
2024-05-08,1380.847871034619,1415.8754127905866,1380.847871034619,1401.6470947265625,9439002
2024-05-09,1396.1632769069981,1406.7851843569276,1373.437335386219,1377.51318359375,11009612
2024-05-10,1380.106935558881,1393.1990543318577,1371.535254832905,1390.65478515625,10505096
2024-05-13,1383.2195197456997,1390.2101693574684,1367.5089520262873,1385.986083984375,8456620
2024-05-14,1384.2815424166113,1410.070521585227,1383.342910466477,1403.1539306640625,7188300
2024-05-15,1403.5740469957013,1412.9361236084007,1396.188139403763,1399.3994140625,5046534
2024-05-16,1401.6471872524828,1410.4904944706304,1381.3667306256436,1408.3660888671875,14711774
2024-05-17,1406.0936018418706,1420.0749000882806,1396.4103261437938,1418.5927734375,10916476
2024-05-21,1408.613082979292,1424.6447280920645,1408.613082979292,1419.0126953125,11176128
2024-05-22,1419.1609264752628,1451.2736690394956,1419.1609264752628,1443.2454833984375,10281604
2024-05-23,1441.1706938631594,1474.444366988288,1437.6629456463684,1468.343017578125,14608260
2024-05-24,1465.9467233388211,1470.7636348065282,1458.5113640783345,1462.6119384765625,7094776
2024-05-27,1462.587264504762,1467.2066075031105,1444.134859977049,1448.77880859375,6629010
2024-05-28,1450.5080784194065,1460.8829659012893,1435.4397894576246,1438.8486328125,7820162
2024-05-29,1429.264181324664,1440.6271526936466,1421.310053120064,1423.607421875,7383556
2024-05-30,1418.3951935729253,1423.2368313836507,1403.178669288835,1407.8720703125,13206858
2024-05-31,1414.245257118902,1425.0647331073133,1405.3030450073677,1413.35595703125,31069832
2024-06-03,1465.3292536675044,1496.4539141466187,1441.6152266357983,1492.32861328125,21527942
2024-06-04,1480.1999676014107,1480.1999676014107,1343.1032493273078,1380.625732421875,36709098
2024-06-05,1405.0561505394378,1414.097147783154,1367.6077240917773,1403.821044921875,17464890
2024-06-06,1417.9011371144834,1426.4974232883105,1404.4137607114592,1414.5416259765625,17855722
2024-06-07,1411.478521453965,1454.4601915157414,1409.5023527154926,1452.4345703125,18558696
2024-06-10,1452.4346368701142,1475.5558362929214,1450.5819785928986,1453.867431640625,9251760
2024-06-11,1451.4960860069511,1456.1154291491666,1437.3418242246385,1439.3179931640625,11774902
2024-06-12,1440.1330064471847,1458.41256776401,1437.835758473946,1445.8885498046875,10081742
2024-06-13,1454.4603416652449,1454.7073627830548,1442.7021123343332,1447.790771484375,9181160
2024-06-14,1452.4841280922399,1462.0438933040555,1439.8613252368543,1459.9442138671875,8157998
2024-06-18,1469.6273935638167,1469.6768460329972,1453.8180422457062,1463.3778076171875,7196766
2024-06-19,1469.7757459645413,1469.7757459645413,1438.6510831088215,1441.26953125,8725874
2024-06-20,1441.6151005379975,1465.1808887163045,1432.8211254931246,1456.139892578125,16113776
2024-06-21,1456.0660262473004,1457.1281688420868,1423.4097851653107,1436.8724365234375,31170360
2024-06-24,1428.3006178871863,1432.228228955547,1420.3712170566394,1424.298828125,8878386
2024-06-25,1425.8058325289194,1438.576872033328,1423.8296636688654,1436.822998046875,7045386
2024-06-26,1428.8194845866847,1500.875466568816,1427.905458276952,1495.9844970703125,22014882
2024-06-27,1495.7128766848623,1519.1798830077462,1488.0552219900264,1512.312744140625,28383030
2024-06-28,1512.782033239127,1562.1615299634889,1512.782033239127,1546.7474365234375,28957336
2024-07-01,1543.9066370278445,1560.5805616644209,1537.138282854078,1541.5599365234375,7724306
2024-07-02,1550.798441129772,1554.750778666898,1538.4473863262538,1546.5250244140625,7749246
2024-07-03,1547.661278880494,1556.2329594590622,1524.391963189475,1533.927001953125,9049620
2024-07-04,1538.447461634288,1548.822348177101,1532.321386398175,1535.5079345703125,6837176
2024-07-05,1535.3102911811948,1579.4530127748421,1529.5547474353805,1569.6956787109375,12269710
2024-07-08,1570.0662334946016,1589.6303543798022,1563.6684106310508,1581.824462890625,9500806
2024-07-09,1578.5637202787966,1581.4291893561121,1561.6675000170792,1571.3260498046875,6960002
2024-07-10,1575.9946562525065,1578.4648673124634,1544.5241914718106,1565.3480224609375,7134578
2024-07-11,1568.5840280306456,1585.1344421846698,1551.786592769845,1561.815673828125,11940946
2024-07-12,1565.619788574804,1586.023756297877,1555.7389442164904,1577.6990966796875,12924784
2024-07-15,1585.332123675554,1586.7154660951303,1566.607970695329,1578.1932373046875,5329688
2024-07-16,1574.5124732819936,1580.9350218080888,1550.427916309136,1557.468017578125,9386838
2024-07-18,1557.2211925457696,1574.9079294522828,1539.2627082750141,1567.76904296875,12298374
2024-07-19,1567.1020115011324,1571.029623251694,1534.2976544625544,1536.61962890625,13140390
2024-07-22,1518.9327171487766,1519.179738244426,1481.4102368427714,1482.7935791015625,19674376
2024-07-23,1483.1146576505776,1487.8080584659276,1445.5674511277782,1470.1707763671875,18052044
2024-07-24,1467.3053526491226,1491.5134207568017,1458.8078508242754,1477.8778076171875,11913362
2024-07-25,1463.3530011800513,1482.595920809754,1459.474721651074,1474.6171875,12519876
2024-07-26,1474.6172851615388,1494.4037007697482,1472.59166375446,1491.044189453125,9859940
2024-07-29,1493.9341486268256,1509.2989091727318,1493.7613062276428,1501.987060546875,7538550
2024-07-30,1498.9488223237445,1506.8287716127938,1492.0075050067665,1495.1199951171875,8228208
2024-07-31,1486.0789919790418,1492.4520883459395,1483.2629754591517,1487.487060546875,10057346
2024-08-01,1493.9836579008804,1499.9121644798522,1486.37545603751,1497.244384765625,10764222
2024-08-02,1487.0670219426547,1491.3404387261814,1475.481756476256,1481.4595947265625,10268248
2024-08-05,1462.3650548737628,1466.2186085334113,1416.1721046606897,1430.079345703125,17046704
2024-08-06,1437.8110173129378,1459.8946792000177,1434.0315221699125,1438.7003173828125,10236186
2024-08-07,1451.4960282823629,1454.954323788822,1444.0853950542364,1447.3707275390625,8174568
2024-08-08,1440.1577210643813,1447.5436277380477,1428.6959662921352,1431.8577880859375,12387192
2024-08-09,1442.6033755756382,1458.9067698886504,1438.6510375603623,1456.7330322265625,6249776
2024-08-12,1452.483993902439,1455.4482469512195,1440.3799606199186,1443.220703125,8184584
2024-08-13,1443.3444377180147,1452.5582774619256,1440.6272053348387,1446.1851806640625,6265064
2024-08-14,1446.1109681889411,1454.460233101401,1436.3782403810737,1444.43115234375,6267466
2024-08-16,1451.1502913945535,1462.7602840003062,1440.676620060605,1460.58642578125,9416902
2024-08-19,1469.8067419652286,1485.47150978375,1467.8238660907393,1475.65625,13797742
2024-08-20,1484.4057091952604,1491.0484162933285,1477.2674041310693,1483.1416015625,8411808
2024-08-21,1480.464784262564,1494.964564922092,1477.2426107826689,1485.8433837890625,7769996
2024-08-22,1490.1312336221058,1493.6012664349316,1477.8869991875908,1485.2979736328125,10445782
2024-08-23,1490.8749048344312,1498.3849993365056,1485.5955458508122,1487.1322021484375,9249654
2024-08-26,1494.0723308917522,1509.9601498448217,1490.1313888488291,1499.649169921875,8816114
2024-08-27,1497.5671500638725,1500.516654009415,1486.6117113802566,1487.6031494140625,6251156
2024-08-28,1492.1142662167426,1494.5680511870519,1480.2170096090344,1485.4716796875,9610286
2024-08-29,1490.2303777286736,1523.8401488737275,1481.2083164719252,1507.90283203125,38335358
2024-08-30,1520.865886117465,1526.5418444404818,1490.4534771750382,1496.6995849609375,41620730
2024-09-02,1497.9389648135596,1513.7276641806195,1493.7253530981907,1503.2679443359375,11240852
2024-09-03,1508.2250430567562,1509.9600595401412,1494.5927706873033,1496.203857421875,10923800
2024-09-04,1487.850885016148,1504.50709100704,1486.6612078847159,1501.5823974609375,11983304
2024-09-05,1506.0439573959175,1512.7113538076746,1474.3179410781217,1480.192138671875,16264168
2024-09-06,1479.721175380084,1484.182646260627,1449.110527949692,1452.2830810546875,19394228
2024-09-09,1453.943839140462,1457.3395627288749,1443.1371406451965,1449.928466796875,9010298
2024-09-10,1447.995226435091,1459.446383962114,1445.0952218200862,1449.011474609375,10768260
2024-09-11,1450.5234230036904,1456.1745712275017,1435.1561339115874,1439.072265625,9760202
2024-09-12,1444.5250498204912,1473.2767495080643,1433.4953029575859,1467.1298828125,22349376
2024-09-13,1463.7590600068495,1470.451266381587,1456.918113729867,1460.016357421875,8711328
2024-09-16,1464.8993077290233,1468.2206009201684,1452.2088525514882,1458.7523193359375,5481774
2024-09-17,1461.3796100548857,1464.8248328952707,1454.0677548146177,1459.6942138671875,5935328
2024-09-18,1457.413766699014,1469.3110219373734,1448.0447266088618,1450.9197998046875,8574714
2024-09-19,1453.6959512825117,1463.8581906691413,1443.0876132109174,1457.0916748046875,16955902
2024-09-20,1461.3795684407844,1482.1997658201985,1458.7770437683578,1473.2025146484375,30897320
2024-09-23,1478.2340798324108,1488.6441789861601,1476.2015834923338,1480.5887451171875,8832314
2024-09-24,1475.7554165819738,1487.6526722077606,1475.1357678514642,1476.6229248046875,17137444
2024-09-25,1471.1948125268714,1483.6869066134093,1467.5264194610884,1481.15869140625,7069002
2024-09-26,1477.8870868947113,1491.122760061236,1475.309372285805,1485.12451171875,18818998
2024-09-27,1486.1655345930462,1520.345334807694,1479.2254687210307,1513.10791015625,20597478
2024-09-30,1506.3908994638518,1511.9181178232873,1461.7761901136828,1463.9324951171875,27008814
2024-10-01,1467.9726595996829,1475.2100841908111,1450.3002051077794,1452.2830810546875,16431642
2024-10-03,1424.2750076222521,1436.9902726871705,1390.070396353704,1394.928466796875,37757294
2024-10-04,1391.9046094477658,1405.2145916660443,1369.9442340651563,1374.653564453125,37072876
2024-10-07,1381.568793209071,1384.5431070803497,1349.7188488374588,1358.98876953125,22181340
2024-10-08,1361.2194430814652,1389.004514771482,1353.4118695241307,1385.3857421875,17020808
2024-10-09,1385.5594536683957,1388.979866453412,1360.7486928237201,1362.8306884765625,14310610
2024-10-10,1368.209166456891,1374.132983939481,1357.699948504806,1359.31103515625,22358646
2024-10-11,1358.2700551936466,1371.4314188021033,1357.1050671377104,1360.35205078125,7980122
2024-10-14,1367.6390728953818,1368.2587216327886,1356.5350159311083,1360.7734375,12221432
2024-10-15,1346.8933067731043,1359.9554295521655,1329.2208521541709,1332.5174560546875,33762794
2024-10-16,1328.5270030007441,1352.3215164873245,1326.1723376036346,1342.4814453125,20034438
2024-10-17,1354.0067695283685,1356.7332239102464,1340.4737382347967,1344.811279296875,15543660
2024-10-18,1340.5976258716714,1356.70849216764,1329.840427555484,1347.66162109375,12082452
2024-10-21,1355.4197431686716,1362.2358797577067,1346.1002013000875,1357.4769287109375,14067408
2024-10-22,1357.4767913068545,1364.2186177698431,1328.749900940748,1331.84814453125,15831960
2024-10-23,1326.048205061888,1345.8521531156357,1323.5696102860716,1327.064453125,17214742
2024-10-24,1323.8424540123256,1332.1952468902052,1311.7964576126847,1328.3287353515625,22155934
2024-10-25,1331.996862815434,1332.8395608533488,1310.6809472586556,1316.4808349609375,18597496
2024-10-28,1325.552505604476,1341.4155124030337,1310.7800563182918,1322.9251708984375,10824350
2024-10-29,1316.728719636798,1331.6994085045892,1308.995576227512,1328.52685546875,12008361
2024-10-30,1323.569732267355,1338.4413022928309,1314.0023313459362,1332.3935546875,11984423
2024-10-31,1328.5269031210519,1331.5012170832633,1314.7955112005386,1320.64501953125,9331650
2024-11-01,1321.6364480777281,1330.4601492824747,1321.5868277686543,1327.1884765625,2127335
2024-11-04,1326.3952636738204,1328.52687951389,1274.0969107675833,1291.0009765625,19796890
2024-11-05,1281.9292880644173,1298.337634786513,1275.1379622128013,1294.1240234375,16267479
2024-11-06,1298.7837703539942,1316.9271340293028,1289.0676296160968,1314.0023193359375,21625209
2024-11-07,1312.6639327180499,1312.6639327180499,1291.4471349781516,1294.4710693359375,9611974
2024-11-08,1286.5394340693545,1290.505185727704,1264.0833410989228,1272.7584228515625,19814406
2024-11-11,1267.9994654475693,1274.9891511168566,1256.151830843746,1261.802978515625,9056552
2024-11-12,1264.6287615317467,1278.2610337323058,1256.6476373969983,1263.33984375,10671091
2024-11-13,1259.374078659472,1264.5295076822267,1238.8017408266169,1241.3299560546875,14633633
2024-11-14,1242.866693712679,1261.7040163358736,1240.38809863068,1256.746826171875,12612633
2024-11-18,1256.7467703539512,1262.0014401044657,1233.24973843027,1249.9554443359375,13620611
2024-11-19,1249.9553610165642,1270.5276979121372,1224.5745744010292,1231.0189208984375,14183746
2024-11-21,1231.0190296194417,1233.299264427905,1206.8279179645579,1212.5286865234375,19433843
2024-11-22,1218.8737871048172,1257.9859641270039,1211.983221035894,1254.5655517578125,20471957
2024-11-25,1278.9549045518283,1293.2811339485756,1271.4694999174592,1275.9805908203125,28923341
2024-11-26,1283.8626226527838,1286.737817131633,1273.2046638791435,1284.606201171875,9247557
2024-11-27,1282.4250432843673,1292.6864023015983,1274.9892583407009,1282.1275634765625,9572746
2024-11-28,1278.905374093644,1285.4984608667178,1258.184417128475,1259.91943359375,15027412
2024-11-29,1269.0406134614407,1288.3736540571424,1264.3312830599236,1281.1361083984375,13202307
2024-12-02,1276.9722229086012,1300.1222774340952,1266.1160245478172,1297.941162109375,11024152
2024-12-03,1305.7237413234882,1315.4398813546288,1295.8093621182986,1311.9698486328125,16869482
2024-12-04,1314.6467414933138,1317.0262168141671,1292.884726573221,1297.74267578125,19608540
2024-12-05,1303.0964459866593,1318.5628538088617,1294.966703202915,1310.7305908203125,16858723
2024-12-06,1312.5646685095264,1312.5646685095264,1298.783657405313,1300.3204345703125,9037514
2024-12-09,1291.8436769577456,1303.7409326166044,1282.0284168341586,1284.0609130859375,14650002
2024-12-10,1278.2113501165884,1283.812998621138,1269.238788448007,1273.8489990234375,16043729
2024-12-11,1273.9978081396894,1278.9549980546296,1265.1244866020038,1267.2559814453125,11724373
2024-12-12,1259.1262215126183,1267.25596445406,1249.8066803924569,1252.0870361328125,20906813
2024-12-13,1249.2119494931856,1264.2817595214547,1228.986588963027,1261.951904296875,28630222
2024-12-16,1264.0835044447913,1270.0321327010022,1255.7059013940218,1257.44091796875,9486781
2024-12-17,1250.2528426173371,1253.078416496042,1232.1591005022085,1234.6376953125,17462791
2024-12-18,1230.027558928225,1249.162239402372,1230.027558928225,1242.5196533203125,12670179
2024-12-19,1228.3916379278016,1234.2411461229626,1218.4772582835096,1219.914794921875,14244653
2024-12-20,1213.5200660980383,1228.8873545167635,1191.2127119418244,1194.980224609375,20312896
2024-12-23,1204.5971709809228,1216.6926661807136,1202.8125341694108,1211.834716796875,10052824
2024-12-24,1211.834663048231,1222.9883400626134,1210.5457452942906,1212.28076171875,6734917
2024-12-26,1213.767935093776,1217.1883476811242,1203.8535553911518,1206.1339111328125,10016178
2024-12-27,1207.86900439277,1217.3867853075249,1206.5800865394056,1210.595458984375,7000397
2024-12-30,1205.9852538075309,1212.7269598518426,1197.756269680847,1200.333984375,8818766
2024-12-31,1197.6570485426987,1208.6619856280877,1195.8229125326573,1205.043212890625,6405475
2025-01-01,1204.4483521073844,1215.800389087432,1201.2261788160188,1210.7935791015625,5892590
2025-01-02,1210.7936258321927,1233.7949384205442,1209.554328364606,1231.167724609375,15486276
2025-01-03,1233.2498182568117,1251.244443122699,1224.921714407087,1240.437744140625,15521102
2025-01-06,1243.213556672038,1251.1946805005002,1204.5970973122883,1207.5714111328125,14816766
2025-01-07,1211.5371275851955,1233.8444805890147,1210.7935491517349,1230.2257080078125,10070505
2025-01-08,1238.3060678446636,1260.167324257905,1234.6872949225542,1254.664794921875,19346579
2025-01-09,1256.1518282285128,1258.8782824728921,1237.364128300027,1244.0067138671875,12794704
2025-01-10,1243.114481097643,1245.9896754309787,1225.4173374439545,1231.266845703125,8120332
2025-01-13,1219.4687349455062,1234.5881643828388,1215.899582365329,1229.234375,13764861
2025-01-14,1233.4479678208604,1242.6187691440975,1216.742262047884,1228.143798828125,13095266
2025-01-15,1234.2905907014622,1246.2374660533972,1231.2171573529768,1241.478515625,9578856
2025-01-16,1248.1212833322295,1264.0834104275011,1240.586378973141,1255.6065673828125,14117603
2025-01-17,1310.9288585996749,1314.6467509950228,1273.997794139219,1291.19921875,29366277
2025-01-20,1304.7324245206253,1304.7324245206253,1289.1172758229052,1294.272705078125,14040244
2025-01-21,1299.2795231523412,1301.7581181984158,1259.324522599558,1262.7945556640625,14562976
2025-01-22,1267.3552034506358,1271.9157939003728,1257.83730213362,1266.1654052734375,10273590
2025-01-23,1259.126173066555,1266.4132176584087,1250.7980702365203,1252.83056640625,8720682
2025-01-24,1255.1605533566642,1262.1006196074513,1232.8531975505623,1235.6292724609375,14235970
2025-01-27,1228.4907387555406,1229.8291557820492,1209.5542981292017,1218.82421875,9536019
2025-01-28,1227.400329601704,1234.0925365684338,1208.0672872533735,1223.8311767578125,10568025
2025-01-29,1225.4173498520336,1232.1095562529247,1217.53546627882,1224.921630859375,5928156
2025-01-30,1224.971246456504,1246.237542749693,1221.8481926097397,1242.3214111328125,9269259
2025-01-31,1245.09738698474,1256.1519448799122,1238.306060895825,1254.2681884765625,6584612
2025-02-01,1254.2681799336815,1259.6715896071485,1230.374548522757,1253.7724609375,7118453
2025-02-03,1240.2889757645512,1245.2461659154887,1226.9541826685895,1235.232666015625,9252345
2025-02-04,1237.3642207434832,1277.7653184740125,1235.9265630557768,1274.196044921875,16691069
2025-02-05,1271.6679530846961,1279.4507170461238,1265.7688244708304,1267.2559814453125,10112028
2025-02-06,1262.7945076095025,1276.9721191435924,1259.4732145791813,1270.577392578125,9956001
2025-02-07,1265.2236540965398,1272.7089385364054,1251.1947819010975,1255.8544921875,8764283
2025-02-10,1253.673337746878,1255.6562137259161,1234.8856362555493,1242.916259765625,6970972
2025-02-11,1253.7230036544372,1253.7230036544372,1219.567891058193,1224.2772216796875,8859714
2025-02-12,1209.0089844264594,1216.3952699200001,1183.1324776076385,1206.1339111328125,21131654
2025-02-13,1206.629682868639,1217.4858807075602,1201.622872489872,1205.687744140625,8511216
2025-02-14,1208.56289732395,1213.5200872227356,1195.1288642881832,1206.827880859375,10298145
2025-02-17,1200.7304615718228,1216.9900679473901,1194.1869953911457,1214.412353515625,8166683
2025-02-18,1214.362863790828,1219.3696743222742,1205.6877809072391,1214.908203125,6673250
2025-02-19,1209.0586678925579,1222.1952216847485,1207.125412159616,1216.9405517578125,6217338
2025-02-20,1213.4704313005311,1228.738599945727,1211.5371757067999,1222.4429931640625,7795582
2025-02-21,1218.1797397323817,1229.3830367840985,1211.6858938870325,1217.634521484375,6904025
2025-02-24,1206.1338768607443,1212.7764626626977,1200.1356289010387,1204.1510009765625,7172498
2025-02-25,1200.6313497853835,1210.5457292220917,1191.2126893205104,1193.6912841796875,11552182
2025-02-27,1202.416039651657,1204.597154814102,1190.370043898487,1196.7647705078125,11509215
2025-02-28,1191.7084634163882,1206.9270123506615,1183.0830013175257,1189.82470703125,23007298
2025-03-03,1193.6912720117396,1196.1202465389174,1146.1022512006402,1161.2216796875,17944938
2025-03-04,1152.2491409974891,1163.948157257321,1149.6219272411693,1151.9517822265625,11377373
2025-03-05,1151.0595745918054,1172.8712116641736,1147.0938223968292,1165.5345458984375,8664095
2025-03-06,1186.75131332057,1203.5561393973805,1175.002796955133,1199.243408203125,14468014
2025-03-07,1205.5885908312287,1244.0564330934674,1201.622838887705,1239.0992431640625,16474965
2025-03-10,1234.3402190424754,1247.2289120927182,1224.8224391488623,1227.7967529296875,11931051
2025-03-11,1229.3830600118497,1238.801720552263,1219.2208210077197,1236.62060546875,10089838
2025-03-12,1247.2289270068015,1252.1861167007874,1233.3487958636417,1246.287109375,11977555
2025-03-13,1249.2615727756533,1253.326444606414,1233.2002036288977,1237.215576171875,9505270
2025-03-17,1231.5145912773855,1246.6340190017775,1222.5420300210542,1228.2427978515625,16640917
2025-03-19,1230.4241762433128,1242.5196714129374,1228.1934407470596,1236.471923828125,16162399
2025-03-20,1241.1316434245866,1262.1005814534499,1239.347127629136,1258.2835693359375,15971477
2025-03-21,1264.0833359554676,1270.0319634187874,1259.2252659887295,1265.4217529296875,21780769
2025-03-24,1279.9463572168718,1294.8179260458828,1273.254151243817,1290.9512939453125,20299319
2025-03-25,1296.50346593687,1296.50346593687,1271.6183955406093,1274.4439697265625,13713899
2025-03-26,1279.9464094999762,1282.7224842048433,1257.8869148358597,1262.150146484375,12074747
2025-03-27,1267.2064821612498,1273.9978081396894,1260.4151561828103,1267.2559814453125,15028056
2025-03-28,1269.0405652360093,1284.6557128160619,1258.1347478785124,1264.1824951171875,18147129
2025-04-01,1253.7723771839194,1266.9585500115554,1238.603449529153,1241.8751220703125,12099648
2025-04-02,1236.8685913550723,1244.8000957785905,1233.2498182568117,1240.437744140625,10142590
2025-04-03,1222.4927580494818,1241.08222182284,1222.4927580494818,1238.0086669921875,7434366
2025-04-04,1230.473619610667,1234.7863505024063,1182.9342181609516,1194.38525390625,17908652
2025-04-07,1122.5059464290011,1161.2216449878495,1105.304523000697,1155.7191162109375,22156106
2025-04-08,1161.9653833278503,1186.3547349162204,1153.3399207865864,1172.0780029296875,19555040
2025-04-09,1159.4867811653644,1179.613021672609,1157.9996241138485,1175.2010498046875,10223104
2025-04-11,1184.917153801556,1212.1816988912137,1184.917153801556,1208.5133056640625,11224242
2025-04-15,1240.288998738938,1240.288998738938,1226.5079856590305,1229.4822998046875,13378535
2025-04-16,1223.5336585713449,1230.2754856402491,1218.477348782242,1228.689208984375,8248464
2025-04-17,1229.5813957339365,1269.238916912585,1217.0893007676923,1263.5877685546875,15398401
2025-04-21,1259.126169726638,1289.7616259352505,1256.1518559398821,1284.4078369140625,10429964
2025-04-22,1288.8694787336528,1292.7361113748846,1275.2868257139828,1280.144775390625,13051707
2025-04-23,1285.8950708007812,1294.8180126953125,1274.3944143417477,1288.869384765625,10480888
2025-04-24,1281.3345072026398,1293.3308829080645,1279.2525115884996,1290.4556884765625,10468940
2025-04-25,1292.3394247863746,1313.85358083958,1277.071255478384,1289.2659912109375,14431012
2025-04-28,1328.5269802313521,1362.8307123815491,1308.8964585313056,1357.0804443359375,31104496
2025-04-29,1359.2614765022709,1398.8198762816546,1358.2700385179512,1387.7156982421875,32538970
2025-04-30,1389.9960230274132,1400.3070020394923,1357.2785702742715,1392.9703369140625,25480745
2025-05-02,1401.8932881277126,1414.4845019236116,1397.0352178747166,1407.6436767578125,13007841
2025-05-05,1418.747808269532,1427.1750314493302,1414.6829365878357,1419.0452880859375,12685649
2025-05-06,1418.7477523435755,1419.7391903256466,1398.5223933042987,1408.7342529296875,14084117
2025-05-07,1408.7342420156256,1412.2042749259901,1390.6899982666434,1393.9617919921875,13440169
2025-05-08,1392.0780527042998,1408.6351396947061,1386.030305191398,1394.9532470703125,16106175
2025-05-09,1373.637308764333,1382.8577303043132,1362.731491083779,1365.4083251953125,13668904
2025-05-12,1388.013077711669,1426.6791563050656,1388.013077711669,1424.2005615234375,10674081
2025-05-13,1421.226256646525,1435.304626683893,1400.3069407641844,1403.57861328125,11407896
2025-05-14,1407.8419941921477,1417.6572548355593,1403.3805230837922,1412.204345703125,5570160
2025-05-15,1412.7992032271827,1448.8875719918406,1400.6044669576877,1441.7491455078125,20177211
2025-05-16,1440.757623701411,1448.4908883531898,1434.9082364412498,1443.9302978515625,9036695
2025-05-19,1439.667043567546,1442.1456384779733,1425.886031660542,1428.4638671875,6195791
2025-05-20,1425.88599760598,1432.6278240113834,1409.6265122020175,1412.4024658203125,11270560
2025-05-21,1411.708464386899,1423.9030780659657,1405.9580760983038,1416.9630126953125,6136364
2025-05-22,1409.031659643212,1411.6094953044076,1384.9397884743898,1397.332763671875,12134466
2025-05-23,1394.5567410207764,1421.5239286750705,1394.5567410207764,1414.5838623046875,6474883
2025-05-26,1419.7391840414937,1428.6621258406371,1412.898237790455,1422.5152587890625,4842944
2025-05-27,1413.8897021801247,1424.696400543767,1401.794207036506,1409.9239501953125,12640414
2025-05-28,1407.9411620533203,1410.4197571984832,1398.621620102477,1400.8028564453125,5944611
2025-05-29,1400.0096192804465,1407.842003929875,1396.5395861721686,1405.660888671875,13771917
2025-05-30,1405.8590585766528,1418.3511529457182,1397.6300749154059,1408.7342529296875,13788484
2025-06-02,1400.0095486308933,1405.3633379328091,1383.650821945961,1401.5958251953125,8098668
2025-06-03,1410.1222707307113,1414.2862617875367,1391.3840689247124,1393.466064453125,11252626
2025-06-04,1402.5871874772963,1413.493004678654,1394.0608455067168,1411.3118896484375,8126827
2025-06-05,1415.7734397380668,1442.244785474372,1411.4110884077945,1430.0501708984375,13716817
2025-06-06,1428.6620302216834,1439.0721282906131,1424.6962785763767,1431.140625,8182161
2025-06-09,1444.5251287223314,1445.0208477095387,1432.9253528317358,1436.3953857421875,7885125
2025-06-10,1437.5850079496329,1441.4516401070769,1423.704876838395,1426.1834716796875,7913181
2025-06-11,1433.4210733170682,1456.0257865422643,1430.7441181682645,1436.4945068359375,8195700
2025-06-12,1441.055094094315,1444.5251270006308,1422.1186530105915,1429.2569580078125,8828114
2025-06-13,1411.8076840776937,1423.2092208521976,1402.1907840779525,1415.67431640625,9757276
2025-06-16,1414.6828043278585,1430.050092219024,1412.204209506703,1425.489501953125,8458093
2025-06-17,1435.602128554236,1435.602128554236,1413.5922548276174,1418.9459228515625,10366599
2025-06-18,1417.7563491543892,1430.4468040463896,1413.4931173168031,1417.85546875,6681735
2025-06-19,1417.8554020854735,1427.5715425014369,1413.4930508573852,1421.028076171875,10007230
2025-06-20,1418.7477927518771,1458.4053131642288,1415.8725983169522,1453.6463623046875,29010635
2025-06-23,1440.5593915455418,1451.266970188698,1429.6535737155343,1444.326904296875,5989078
2025-06-24,1452.4565437947847,1462.3709229333156,1430.7440292763747,1438.378173828125,16402744
2025-06-25,1451.4652666586912,1459.7933702625824,1447.9952335758323,1454.737060546875,7525851
2025-06-26,1456.5214458748073,1485.9672251547677,1452.55569413543,1482.4971923828125,14657893
2025-06-27,1486.5620421012081,1508.9685148979506,1484.0834473001275,1502.425048828125,11117052
2025-06-30,1500.838885203447,1511.7447031481738,1483.191240482831,1487.7518310546875,8409527
2025-07-01,1487.7518183386467,1518.2881567329412,1487.256099345396,1515.3138427734375,10368523
2025-07-02,1515.3139235508756,1516.9002002088087,1495.7825215605471,1505.796142578125,6361002
2025-07-03,1507.7788792727886,1518.783816287235,1500.0456148706696,1504.8045654296875,11283291
2025-07-04,1510.9515946827762,1516.900223008299,1504.2097675037892,1514.223388671875,6603501
2025-07-07,1513.5291857359532,1531.5734294639212,1511.9429091838053,1528.3016357421875,7251074
2025-07-08,1522.8487819842126,1531.6726044702705,1517.0983931213486,1524.43505859375,7171261
2025-07-09,1523.5426661942138,1537.7202774459709,1497.1704406377573,1505.9942626953125,8870660
2025-07-10,1506.688311848956,1511.6455019531181,1494.5928164048603,1504.209716796875,10047129
2025-07-11,1499.0542783474266,1502.0285923917668,1477.540121836759,1482.3980712890625,7234991
2025-07-14,1479.4236826617216,1487.1569471972039,1466.4358695278945,1470.9964599609375,10311846
2025-07-15,1473.4750846086956,1483.6869442622558,1469.7076928815193,1472.6820068359375,8132454
2025-07-16,1460.388154594461,1478.234038357326,1458.9009976142222,1472.8802490234375,10409983
2025-07-17,1474.6648507992907,1476.845965908467,1461.2804382949055,1463.759033203125,11854613
2025-07-18,1472.0871292027396,1472.0871292027396,1456.521480639079,1463.3624267578125,10296318
2025-07-21,1452.4566531183941,1463.362470991638,1410.9153771961905,1416.3682861328125,22442744
2025-07-22,1415.178583447059,1419.640054314783,1398.6214967228645,1400.70361328125,20396320
2025-07-23,1413.7905031420296,1413.7905031420296,1402.2898472373465,1412.4024658203125,8354596
2025-07-24,1407.0486714179167,1410.8161839876018,1384.0473596954969,1390.8883056640625,14740507
2025-07-25,1386.9226057137396,1389.0046012536307,1372.2492752918665,1379.7841796875,11854722
2025-07-28,1380.379191620021,1395.746480796028,1373.1416457270684,1375.7193603515625,7748361
2025-07-29,1371.1587845273314,1408.0402305383973,1371.1587845273314,1404.966796875,10750072
2025-07-30,1405.9582375902166,1411.1137879299629,1389.3021514025702,1398.0267333984375,7209849
2025-07-31,1376.215001569177,1390.5908519212596,1370.365493427784,1378.2969970703125,17065827
2025-08-01,1375.025384070285,1393.8627060383,1372.4476694796913,1381.76708984375,10321171
2025-08-04,1383.155066191865,1403.975263237478,1379.7841529413568,1399.4146728515625,6312820
2025-08-05,1398.918980991344,1398.918980991344,1376.2150271869518,1379.7841796875,9315972
2025-08-06,1379.9825595355662,1383.9483114870873,1371.456217044825,1380.8748779296875,5834312
2025-08-07,1375.818389126872,1381.7670168023217,1354.3042341107182,1377.50390625,9976705
2025-08-08,1373.1415514013454,1385.2370458989403,1353.312792536344,1356.0888671875,8793606
2025-08-11,1358.2700517359046,1376.1159356273254,1349.5453489789295,1374.331298828125,9997486
2025-08-12,1370.0682117041065,1389.8969719255274,1363.4255044148417,1368.5810546875,12244664
2025-08-13,1376.115874093997,1379.8833867126677,1365.7057756228248,1370.7620849609375,7457021
2025-08-14,1370.961308962897,1374.3455639562076,1363.794372575189,1367.4774169921875,7126128
2025-08-18,1383.602791829514,1388.4802648218374,1370.6626218339861,1375.3409423828125,11785109
2025-08-19,1383.6027633741608,1414.460091190419,1382.7068811681168,1413.564208984375,14384719
2025-08-20,1406.4969482421875,1418.342205158243,1403.510755146132,1406.4969482421875,8725641
2025-08-21,1418.4417067156319,1425.3099750709036,1413.7633861810953,1418.24267578125,11021323
2025-08-22,1413.464698965694,1416.84907536351,1401.4204113959267,1402.71435546875,5818868
2025-08-25,1408.1890657335161,1412.9670232567023,1399.230486508923,1406.0987548828125,5979407
2025-08-26,1401.519906786198,1403.5107021083375,1375.241384232256,1378.5262451171875,12145259
2025-08-28,1383.50331940736,1385.7926612650012,1360.2109883890075,1379.521728515625,13161813
2025-08-29,1374.7437651325777,1397.0406983353935,1343.7869203796088,1350.9537353515625,18758842
2025-09-01,1349.759256141992,1356.9260708455383,1334.430107544873,1347.6689453125,11232238
2025-09-02,1348.5648331807902,1378.128095842481,1348.2661652716795,1360.2109375,11517006
2025-09-03,1363.3961593284287,1370.1649121838109,1354.2385492379765,1366.2828369140625,7847563
2025-09-04,1365.4865379446771,1367.6763641601647,1350.8541196588233,1353.0440673828125,13223177
2025-09-05,1356.7271022727273,1374.6442613636364,1353.0441792852228,1368.671875,5777575
2025-09-08,1373.6488583038629,1379.6212446443146,1366.0838599076599,1372.15576171875,6986720
2025-09-09,1370.2643943031567,1374.843199236951,1362.4007284883235,1369.8662109375,9754452
2025-09-10,1377.5308659113482,1382.1096709119122,1367.7759200987732,1370.66259765625,7790815
2025-09-11,1369.6672638548873,1379.1235422027225,1368.6718661340626,1376.9337158203125,9766072
2025-09-12,1376.9337291414593,1389.873899637371,1374.146566892781,1388.579833984375,7403368
2025-09-15,1386.5889315301856,1394.3530818320328,1382.2091575524387,1392.8599853515625,5396697
2025-09-16,1398.2350616507645,1401.5199225726963,1391.7649767809332,1398.8323974609375,8686961
2025-09-17,1400.5245819104894,1409.6821922648512,1400.4250664409112,1407.2933349609375,7519417
2025-09-18,1413.8628424954393,1415.4554544293837,1404.2074124117412,1408.4876708984375,9332642
2025-09-19,1408.3882121473878,1410.4785229891424,1397.1401696768169,1400.9227294921875,13461373
2025-09-22,1397.4387885526373,1404.2074196840813,1381.6119415772491,1384.199951171875,7757970
2025-09-23,1384.5982372618869,1388.5798281670254,1370.4636381520502,1383.40380859375,14014702
2025-09-24,1378.9244730635044,1389.5751797778832,1374.0470000648747,1376.635009765625,5922759
2025-09-25,1374.942926360271,1378.128150477363,1362.6994857374575,1366.0838623046875,11411143
2025-09-26,1365.685684712474,1376.3363918134596,1359.7132983361805,1371.2598876953125,9879109
2025-09-29,1375.2413599514077,1382.6073268149732,1361.7039763015719,1366.48193359375,14231999
2025-09-30,1370.7620971908361,1370.7620971908361,1356.5279835173724,1357.722412109375,14604684
2025-10-01,1360.7086293823172,1372.255218175594,1356.4283707523282,1362.4007568359375,12045916
2025-10-03,1356.926091696157,1365.287456651113,1350.6551591113212,1357.125244140625,12842347
2025-10-06,1353.740909090909,1371.0608538471567,1352.7455113636363,1368.671875,12396580
2025-10-07,1369.667209612737,1389.47564777439,1369.5676941462978,1378.4267578125,11244040
2025-10-08,1378.426755451918,1382.6073771032557,1358.2201339506064,1361.1068115234375,8525081
2025-10-09,1367.676424553763,1373.6488106871855,1362.7989515764332,1371.458984375,8826633
2025-10-10,1371.45898859096,1381.6119964455866,1368.7713419175536,1375.3409423828125,6373084
2025-10-13,1370.5631549835205,1371.3594002602317,1361.505059967041,1368.671875,7600682
2025-10-14,1373.6488553790207,1381.612037149334,1363.7943936365562,1369.5677490234375,9768174
2025-10-15,1376.6350089791804,1377.6304066718624,1366.382364141153,1367.97509765625,10882743
2025-10-16,1368.7713249510273,1394.0544503152107,1368.671809484766,1391.8646240234375,12315932
2025-10-17,1394.5522084059296,1416.7496262080865,1392.6609284325848,1410.279541015625,19335561
2025-10-20,1433.3726108781723,1467.0170999313523,1426.7034952504036,1460.04931640625,24721978
2025-10-21,1461.2438272093502,1467.2162134241023,1453.2806455896807,1458.4566650390625,2066169
2025-10-23,1468.2115624957596,1476.0752283864208,1437.9514490416038,1441.7340087890625,18707090
2025-10-24,1443.3266994671071,1453.0816457634617,1434.3681199531734,1444.9193115234375,9700837
2025-10-27,1456.266786847925,1478.16553552233,1451.289798512833,1477.2696533203125,14113867
2025-10-28,1477.26972256393,1485.1333888036675,1470.79963742504,1480.056884765625,17631577
2025-10-29,1483.1425015536738,1501.3583271895798,1481.2512217130793,1497.277099609375,11884745
2025-10-30,1493.0964871305005,1496.1821955688695,1477.1701246011085,1481.6494140625,9318663
2025-10-31,1483.540795005222,1490.6080945575152,1475.4780977270138,1479.5592041015625,8758053
2025-11-03,1479.1610089962214,1488.1195884585134,1472.4918928888083,1477.866943359375,8452085
2025-11-04,1477.07065615293,1485.9297198935935,1463.334119430687,1466.3203125,10007806
2025-11-06,1477.1701896475465,1494.6891648996161,1469.406038969176,1489.2144775390625,16772678
2025-11-07,1487.7213309001133,1491.5038906434634,1469.1074431042953,1471.19775390625,7821765
2025-11-10,1471.0982430243503,1494.0919049344996,1468.7092643110286,1482.44580078125,7068438
2025-11-11,1490.1103850249956,1491.9021495222175,1473.3876547459602,1486.5269775390625,7127506
2025-11-12,1498.0734942427068,1517.6827797499902,1493.0965058897411,1504.5435791015625,12384459
2025-11-13,1508.0275174062697,1515.0948167835015,1499.8653048593553,1503.9464111328125,7196443
2025-11-14,1498.5711928131457,1513.900341239272,1498.5711928131457,1511.9095458984375,7682823
2025-11-17,1513.900387650411,1516.6874283079178,1504.5436249599409,1511.3123779296875,5871416
2025-11-18,1514.696568271851,1520.7685911952462,1503.5481631005248,1512.4072265625,11045042
2025-11-19,1510.4164493928117,1515.2939222795571,1505.0412776708577,1511.9095458984375,5692366
2025-11-20,1522.9585089376258,1543.7623455509595,1519.6736478639639,1541.9705810546875,18171724
2025-11-21,1533.9078528560988,1550.6305827884978,1533.0119706260582,1539.4820556640625,9615271
2025-11-24,1542.8663816107544,1542.8663816107544,1524.7501927010492,1528.831298828125,18433951
2025-11-25,1528.8313312270848,1552.4222077972818,1518.0809876078647,1532.61376953125,15033482
2025-11-26,1535.2018536795324,1564.3669320995493,1533.4100892950657,1562.6748046875,14054299
2025-11-27,1567.7513003642512,1568.2489991897637,1548.8387449947777,1556.2047119140625,9794643
2025-11-28,1560.7835875199362,1574.0224254817672,1555.806599039324,1560.285888671875,8959508
2025-12-01,1567.7513979315313,1570.2398922139623,1556.403839701944,1558.892333984375,8920233
2025-12-02,1553.9152843475838,1560.2858537619331,1534.9032130787248,1539.1834716796875,11389150
2025-12-03,1538.0884656023031,1545.2554018922647,1525.9446623591427,1531.718017578125,6090883
2025-12-04,1528.9308982335338,1553.3181423785347,1510.6155558800758,1528.53271484375,11867930
2025-12-05,1523.356635808528,1538.685784402705,1513.6016899280953,1533.5096435546875,10183266
2025-12-08,1532.1161217020071,1543.861863398969,1527.9354998822807,1535.898681640625,11301491
2025-12-09,1533.211064854301,1535.4008911036892,1513.1039592099478,1522.3612060546875,11503971
2025-12-10,1526.9401045329791,1540.3779737710465,1524.3520947592017,1529.8267822265625,7991629
2025-12-11,1529.826707449835,1542.8663926602953,1516.9860531705099,1537.889404296875,4706197
2025-12-12,1543.6628294631555,1552.62140892391,1538.9843872841,1549.3365478515625,5106655
2025-12-15,1544.060853330096,1551.4268205626304,1539.3825327747268,1549.037841796875,5774543
2025-12-16,1537.8894294536826,1544.5585453663573,1531.7180123854912,1535.201904296875,11731856
2025-12-17,1542.8664391614582,1542.8664391614582,1532.2157323461342,1537.292236328125,7116649
2025-12-18,1528.1345045583196,1544.3595357154854,1528.1345045583196,1537.292236328125,6580829
2025-12-19,1547.2461442463334,1566.9549449740825,1543.8617679066683,1557.8968505859375,13937275
2025-12-22,1566.2582562309594,1570.2398469681211,1558.0960438231807,1568.1495361328125,10184852
2025-12-23,1573.6241984599117,1573.6241984599117,1560.8830596994947,1563.4710693359375,7506564
2025-12-24,1565.4619535362338,1568.448146711295,1546.4498812900458,1551.0286865234375,8815745
2025-12-26,1547.5447581940155,1553.8158123179846,1547.1466963201515,1552.0240478515625,2311495
2025-12-29,1547.7439417510202,1550.9291658570105,1536.495898892566,1538.4866943359375,5972105
2025-12-30,1539.8801935176687,1546.449793829553,1530.7225835687998,1532.71337890625,8815884
2025-12-31,1533.9078900841737,1569.7422080874378,1533.9078900841737,1563.172607421875,5771830
2026-01-01,1566.457230908256,1585.1707553042595,1563.8692213237453,1568.3485107421875,6408128
2026-01-02,1572.7283614795997,1587.2611435561273,1570.9365970213464,1584.9718017578125,6602230
2026-01-05,1585.6684856930358,1604.3820104615531,1568.049995566515,1570.8370361328125,8704973
2026-01-06,1561.77894010158,1561.77894010158,1489.4135782872731,1500.6614990234375,27417125
2026-01-07,1503.0504545946628,1513.004431115157,1491.1056827700695,1497.277099609375,11199340
2026-01-08,1493.0965028672745,1496.9785780764303,1462.040144211037,1463.831787109375,16518684
2026-01-09,1458.2576091430024,1473.0890589574892,1458.2576091430024,1468.51025390625,8335311
2026-01-12,1468.5102348906719,1478.4642116159973,1444.322022844729,1476.373779296875,8883745
2026-01-13,1478.165525590484,1478.9618923221497,1438.050951275772,1446.11376953125,13499760
2026-01-14,1437.3542473990606,1460.2483939989072,1433.5716876182923,1452.086181640625,8321764
2026-01-16,1452.0861898343726,1473.1885721290346,1448.4031454989463,1451.1903076171875,17167161
2026-01-19,1443.9238298491432,1443.9238298491432,1396.8415931572963,1407.0941162109375,20392765
2026-01-20,1404.207443054835,1409.4830993039366,1383.6027599099377,1387.5843505859375,13189498
2026-01-21,1383.105138772638,1406.3974698374059,1366.681076311502,1398.1356201171875,17352720
2026-01-22,1403.610286379211,1412.9670491536458,1388.5798052619484,1396.0452880859375,15721693
2026-01-23,1395.348519642108,1400.5245389866304,1374.6441992470054,1379.720703125,9837802
2026-01-27,1373.6487855396595,1385.195374217857,1361.7040134914885,1374.146484375,26302396
2026-01-28,1378.6257466723232,1403.4111724845945,1378.526231208921,1390.2718505859375,11121657
2026-01-29,1396.4434009824272,1396.4434009824272,1377.6303609139109,1384.59814453125,20846683
2026-01-30,1376.236766748553,1391.5659148620384,1372.1556606847782,1388.9779052734375,11239835
2026-02-02,1333.8329085367304,1386.4894707948447,1329.35361891851,1384.0009765625,15711165
2026-02-03,1467.1166446366906,1482.6448239290096,1423.6176937150067,1430.4859619140625,25456171
2026-02-04,1437.3543194605445,1457.2622740237098,1433.6713964697635,1450.095458984375,8333387
2026-02-05,1450.2944646433757,1454.7737543419996,1432.8750047042822,1436.757080078125,11763658
2026-02-06,1434.865799564727,1446.113842295832,1426.9026178813986,1444.123046875,8277304
2026-02-09,1451.2898835062008,1459.153549837875,1446.3128948796364,1454.873291015625,5775864
2026-02-10,1464.2299462371711,1464.2299462371711,1445.5164217743147,1451.7874755859375,10259630
2026-02-11,1452.882456999606,1463.234617369774,1446.91007080626,1461.9405517578125,7106877
2026-02-12,1463.2345557130195,1466.2207486838624,1438.8473131178025,1442.231689453125,11135399
2026-02-13,1438.8473526451965,1444.0233720001163,1409.7817888672503,1413.0665283203125,10755693
2026-02-16,1413.564201587246,1432.9744560797708,1402.8139796964888,1430.4859619140625,5896514
2026-02-17,1424.5136248062843,1425.2104761017015,1412.0711535507119,1416.450927734375,10731630
2026-02-18,1420.4325123887006,1435.4629932986807,1412.6683617554224,1434.666748046875,5521096
2026-02-19,1436.3588845536149,1436.3588845536149,1393.5567833507007,1403.0130615234375,11884664
2026-02-20,1403.013091941889,1420.8307355027325,1399.6287153786739,1412.8675537109375,8177670
2026-02-23,1418.4416634695872,1428.2961245911818,1411.772547760535,1421.4278564453125,7758856
2026-02-24,1418.7403513100855,1426.7035326906043,1408.4877066792656,1422.2242431640625,12529409
2026-02-25,1428.395737725409,1433.8704252219175,1387.0867320699354,1392.063720703125,10728792
2026-02-26,1392.0637118415314,1406.397463315574,1385.4941111892442,1400.3255615234375,16683858
2026-02-27,1391.5659695052796,1403.9089251530934,1381.711508080472,1387.48486328125,12031440
2026-03-02,1369.1694587628867,1372.2551671563263,1335.3259388807069,1351.75,23728722
2026-03-04,1323.8789706886037,1346.5740873609554,1300.9848230751916,1338.8099365234375,32495007
2026-03-05,1346.8726294272453,1392.5614090361375,1346.8726294272453,1383.005615234375,25957532
2026-03-06,1390.0728674061675,1417.7449716586152,1383.9014503612218,1398.334716796875,19311971
2026-03-09,1368.6718029922313,1422.8214608086796,1363.6948146177142,1417.4462890625,24870822
2026-03-10,1424.015880450879,1424.9117626543534,1394.1539503917586,1402.3162841796875,18071259
2026-03-11,1418.34212900751,1427.4002232775151,1377.2321576556008,1383.8017578125,21848087
2026-03-12,1383.6027762448114,1404.4066120742223,1374.7437125844203,1385.7926025390625,20939959
2026-03-13,1378.8248707870416,1394.3531723993444,1372.0562392077015,1374.3455810546875,17265090
2026-03-16,1373.6488401657623,1390.8692691567512,1357.224777946389,1388.6793212890625,22837802
2026-03-17,1392.5613056143347,1399.429573667814,1381.8109624429321,1391.167724609375,19007744
2026-03-18,1390.7696473738063,1406.3974645008152,1390.7696473738063,1401.6195068359375,9559327
2026-03-19,1381.6119817895922,1409.1844489610974,1369.7667250791762,1378.4267578125,16498373
2026-03-20,1391.5659566755692,1423.4186824363833,1389.6746767818195,1407.8905029296875,22994918
2026-03-23,1393.5567722314413,1409.0849519631759,1384.598192981382,1401.3209228515625,18979554
2026-03-24,1413.4647025895886,1415.8536813182018,1400.1263494042955,1405.302490234375,18620893
2026-03-25,1413.464703831985,1423.9163794589117,1401.9181150601291,1406.596435546875,19041331
2026-03-27,1394.552193095842,1398.235116023098,1338.809921280448,1341.8956298828125,23266517
2026-03-30,1328.855902170806,1358.7178325566667,1327.960019957529,1337.7149658203125,24393861
2026-04-01,1377.8294025098971,1378.028554948465,1356.6275051009459,1362.8984375,14404619
2026-04-02,1350.7546307176451,1351.9490593116357,1321.8880984473344,1344.2845458984375,21280051
2026-04-06,1352.7454554606609,1352.7454554606609,1284.0630151171836,1298.6953125,29274881
2026-04-07,1289.040031502862,1302.2788696189978,1285.058440671965,1298.5958251953125,28388922
2026-04-08,1342.7914745147666,1344.3840865060406,1320.0963587364665,1341.5970458984375,21817543
2026-04-09,1339.8052690319548,1343.7868597274437,1320.195983460075,1323.87890625,20725390
2026-04-10,1330.8467605257397,1346.0763943468285,1325.3720730291864,1343.9859619140625,19364461
2026-04-13,1315.1193869938081,1321.4899565481755,1303.970981405046,1309.0474853515625,28753269
2026-04-15,1330.8467629297493,1340.8007402141902,1328.059600686701,1337.9140625,15313779
2026-04-16,1345.7777093601655,1347.5694738488123,1323.8789596516422,1337.1177978515625,30211012
2026-04-17,1333.832952366644,1362.1022720767137,1333.832952366644,1358.7178955078125,13869105
2026-04-20,1356.9261198573818,1366.6810660920328,1346.5740808024586,1357.0257568359375,13614733
2026-04-21,1352.7454957201878,1363.4958396538184,1343.8864317482064,1347.07177734375,27293629
2026-04-22,1344.085556855853,1359.7132520720183,1342.8910067161314,1355.8311767578125,9525953
2026-04-23,1339.8052948565,1349.261572940554,1334.529638479888,1337.21728515625,16385079
2026-04-24,1333.8328899956957,1339.7057606040942,1318.9019248091768,1321.6890869140625,11744802
2026-04-27,1306.9571155871217,1365.2873936261717,1304.9663202853897,1359.51416015625,24673098
2026-04-28,1351.7500009887617,1388.7787447541255,1350.75460334444,1382.5078125,41027699
2026-04-29,1385.5935377241706,1427.2012083655534,1384.896807968084,1418.83984375,30542143
2026-04-30,1402.5153692729207,1430.386505071105,1386.6885214286783,1424.215087890625,30957881
2026-05-04,1426.8030702776819,1460.6465916696056,1426.8030702776819,1456.3663330078125,24035700
2026-05-05,1453.280606341501,1466.6189594959255,1443.3266295857375,1456.864013671875,23543341
2026-05-06,1456.2668061036345,1466.519450812893,1420.9301884572374,1431.2823486328125,14221786
2026-05-07,1432.1782190445704,1442.828925531327,1423.717338832762,1429.590087890625,19816903
2026-05-08,1419.4371163507371,1436.1598462687914,1410.9762359236815,1428.5947265625,8663105
2026-05-11,1413.4647305422184,1421.427912122738,1375.6396180347506,1381.81103515625,15261787
2026-05-12,1385.593546668805,1387.0866431630602,1354.0394893602804,1357.722412109375,24357500
2026-05-13,1355.1343963286624,1366.0837705701026,1346.1758174038478,1352.54638671875,13797989
2026-05-14,1358.9168476375535,1371.6579863902991,1352.148216400817,1355.5325927734375,17303059
2026-05-15,1350.5556491178086,1358.5188307246153,1323.082575367519,1330.24951171875,19976192
2026-05-18,1327.860551095503,1335.8237328112184,1312.6309174607939,1329.7518310546875,13022473
2026-05-19,1332.5387892026445,1337.8144453658963,1312.3322897558653,1316.6124267578125,21665501
2026-05-20,1312.6308349443716,1356.6274840630256,1306.558933569541,1353.442138671875,13248515
2026-05-21,1360.9076465750106,1364.590690861155,1339.0088978228712,1343.388671875,17150630
2026-05-22,1343.7868238683554,1361.106767233248,1342.8909416840763,1348.26611328125,7105813
2026-05-25,1360.5095872329855,1364.7897243191815,1350.7546414401118,1360.7086181640625,6750071
2026-05-26,1353.8404218493883,1362.2017870434288,1346.1759079681497,1350.0579833984375,13769747
2026-05-27,1346.7730400596713,1354.736221375619,1342.393266034199,1344.2845458984375,13215138
2026-05-29,1357.7224546740495,1362.6994431442622,1310.9387630540493,1315.119384765625,42634247
2026-06-01,1326.3673976551404,1329.353590670499,1312.4318302501333,1313.9249267578125,10700603
2026-06-02,1301.6815361898255,1321.689127358814,1294.3156903458798,1308.5498046875,23302785
2026-06-03,1308.9480145168118,1317.906594083847,1295.0124463014238,1307.15625,20012293
2026-06-04,1295.0124259474096,1305.1654340270677,1287.1487597049047,1297.699951171875,23474327
2026-06-05,1304.5,1306.0,1288.0,1291.0,17785223
2026-06-08,1277.0,1282.5999755859375,1259.199951171875,1263.300048828125,16494759
2026-06-09,1269.0,1274.199951171875,1257.5,1269.199951171875,23620214
2026-06-10,1275.0,1300.5,1254.4000244140625,1258.800048828125,21012796
2026-06-11,1258.0,1276.0,1253.199951171875,1263.0,13117486
2026-06-12,1277.0,1297.0,1262.5,1293.0,11988785
2026-06-15,1315.300048828125,1325.0,1303.300048828125,1307.0,18633321
2026-06-16,1313.4000244140625,1333.4000244140625,1306.4000244140625,1328.800048828125,18513223
2026-06-17,1333.0,1334.0,1317.0,1332.699951171875,10029170
2026-06-18,1330.0,1333.9000244140625,1322.0,1328.0999755859375,15494549
2026-06-19,1328.0,1338.199951171875,1305.300048828125,1309.5,24887034
2026-06-22,1316.699951171875,1344.9000244140625,1314.0999755859375,1326.5,12931213
2026-06-23,1328.9000244140625,1333.0,1304.0,1309.5,15400184
2026-06-24,1305.699951171875,1322.0,1297.5,1313.5999755859375,11030917
2026-06-25,1318.0,1328.0,1314.5999755859375,1318.0999755859375,12694362
2026-06-29,1308.0,1313.699951171875,1292.5999755859375,1301.0,13757656
2026-06-30,1306.9000244140625,1306.9000244140625,1290.0,1293.9000244140625,15695263
2026-07-01,1298.9000244140625,1312.199951171875,1296.5,1308.0,7001401
2026-07-02,1310.0,1313.199951171875,1299.0,1303.5,17795024
2026-07-03,1312.0,1312.0,1302.0,1304.0,7839550
2026-07-06,1304.0,1325.5999755859375,1299.4000244140625,1321.300048828125,7610709
2026-07-07,1323.5,1328.0,1304.0999755859375,1308.4000244140625,14335554
2026-07-08,1297.0,1302.300048828125,1271.5999755859375,1275.9000244140625,19960868
2026-07-09,1277.0999755859375,1296.5,1274.199951171875,1279.800048828125,14651963
2026-07-10,1291.9000244140625,1311.0999755859375,1287.800048828125,1307.800048828125,8412537
2026-07-13,1300.0,1306.4000244140625,1295.0,1296.9000244140625,9488352
2026-07-14,1290.0,1308.0,1286.9000244140625,1293.0,13511284
2026-07-15,1294.0999755859375,1310.9000244140625,1294.0999755859375,1295.5,9577965
2026-07-16,1295.5,1309.4000244140625,1291.800048828125,1296.5999755859375,15631046
2026-07-17,1300.0,1330.300048828125,1296.0999755859375,1327.199951171875,18302218
2026-07-20,1317.199951171875,1345.9000244140625,1314.9000244140625,1323.0999755859375,14305844
2026-07-21,1321.0,1326.9000244140625,1302.699951171875,1303.699951171875,12753410
2026-07-22,1302.0,1304.5999755859375,1280.699951171875,1288.5999755859375,10840383
2026-07-23,1283.0,1287.300048828125,1268.0,1272.199951171875,12580741
2026-07-24,1265.0,1283.4000244140625,1249.800048828125,1278.0,9817000
2026-07-27,1288.199951171875,1288.699951171875,1278.0,1280.0,7163132
2026-07-28,1275.0,1279.199951171875,1265.9000244140625,1267.699951171875,9312184
2026-07-29,1275.0,1282.4000244140625,1268.699951171875,1275.9000244140625,9448307
2026-07-30,1279.800048828125,1297.0,1275.300048828125,1292.9000244140625,12158451
2026-07-31,1295.0,1309.699951171875,1293.5999755859375,1307.800048828125,8624996
2026-08-03,1315.199951171875,1319.0,1306.0,1319.0,7508023
2026-08-04,1315.0,1315.0,1286.4000244140625,1290.9000244140625,10759546
2026-08-05,1293.0,1299.0,1270.0999755859375,1280.0,24820782
2026-08-06,1285.0,1325.199951171875,1281.199951171875,1325.0,20342297
2026-08-07,1320.0,1337.0,1316.5999755859375,1334.800048828125,9885638
2026-08-10,1330.0999755859375,1332.9000244140625,1321.300048828125,1327.300048828125,8207102
2026-08-11,1326.5999755859375,1328.699951171875,1314.0999755859375,1323.9000244140625,9953124
2026-08-12,1323.9000244140625,1329.0,1309.199951171875,1329.0,7901012
2026-08-13,1327.800048828125,1327.800048828125,1307.199951171875,1317.0,9397301
2026-08-14,1317.0,1317.5,1301.5,1310.0,10497358
2026-08-17,1314.0,1320.800048828125,1298.0999755859375,1316.0,13383867
2026-08-18,1314.0,1328.5999755859375,1311.199951171875,1322.0,10180567
2026-08-19,1320.300048828125,1321.5999755859375,1303.5,1311.0,7489365
2026-08-20,1315.5,1316.5,1307.0,1313.199951171875,5546227
2026-08-21,1314.0,1316.0,1308.0,1316.0,5434871
2026-08-24,1316.5999755859375,1320.0,1302.4000244140625,1309.800048828125,7277167
2026-08-25,1304.300048828125,1317.0999755859375,1300.0,1317.0,7115355
2026-08-26,1310.0,1315.5999755859375,1298.0,1298.0,5744474
2026-08-27,1305.0,1308.4000244140625,1282.199951171875,1282.199951171875,11271497
2026-08-28,1284.9000244140625,1291.800048828125,1280.0,1287.0,6830228
2026-08-31,1278.699951171875,1297.5999755859375,1271.0,1277.0,34871137
2026-09-01,1285.0,1311.800048828125,1280.0,1309.0,12617528
2026-09-02,1298.0,1321.9000244140625,1293.0999755859375,1313.0999755859375,13497841
2026-09-03,1313.0999755859375,1316.800048828125,1302.5,1302.5,9721454
2026-09-04,1304.0999755859375,1333.0,1304.0999755859375,1322.0,13031534
2026-09-07,1323.0999755859375,1324.199951171875,1301.9000244140625,1309.5,10210522
2026-09-08,1304.0999755859375,1306.800048828125,1288.0,1294.9000244140625,9799528
2026-09-09,1283.5,1294.699951171875,1277.199951171875,1279.0,12152819
2026-09-10,1278.5,1285.300048828125,1266.300048828125,1274.0,9296079
2026-09-11,1267.0,1267.4000244140625,1253.0,1257.5,8777736
2026-09-15,1252.5,1259.4000244140625,1235.300048828125,1235.300048828125,13754376
2026-09-16,1243.0,1255.0,1240.0,1240.0,10023997
2026-09-17,1244.800048828125,1253.4000244140625,1238.5,1243.9000244140625,7752895
2026-09-18,1245.0,1247.300048828125,1226.4000244140625,1226.4000244140625,15122715
2026-09-21,1234.0999755859375,1249.0999755859375,1232.5,1247.4000244140625,10007218
2026-09-22,1247.5999755859375,1251.9000244140625,1237.4000244140625,1240.4000244140625,10684376
2026-09-23,1242.0,1252.800048828125,1238.9000244140625,1248.0,8352048
2026-09-24,1236.5999755859375,1241.5999755859375,1219.199951171875,1219.199951171875,13923795
2026-09-25,1210.5,1227.4000244140625,1210.5,1226.0,13138735
2026-09-28,1218.0,1219.699951171875,1197.0,1197.5999755859375,13602349
2026-09-29,1193.800048828125,1198.300048828125,1181.800048828125,1182.0,24191416
2026-09-30,1182.0,1196.5,1181.699951171875,1187.0,16376789
