Date,open,high,low,close,volume
2021-01-01,249.16360370788996,253.78614255073438,248.7104141676208,253.2423095703125,24531791
2021-01-04,255.46294332987725,257.3210093367652,251.74678365560752,254.73782348632812,31450608
2021-01-05,252.01873079597448,256.0068214882459,251.0670436801589,255.37234497070312,27393072
2021-01-06,256.5052459617336,262.07947103975795,255.0550340920426,258.3633117675781,40765708
2021-01-07,261.94354046745246,264.4813906949815,260.1307824019338,260.7652587890625,30546600
2021-01-08,262.9405861642355,264.11886794671705,258.499334043465,259.22442626953125,32543357
2021-01-11,261.03714740044245,261.21843426144494,253.42356946669452,256.05206298828125,29703173
2021-01-12,253.78613698584402,266.33949250813544,251.88273542635142,265.1158752441406,44307145
2021-01-13,268.28817507461787,279.16472271277803,266.92860661984787,278.0770568847656,78042133
2021-01-14,277.98648789845123,280.2977435963245,275.3579663151498,278.4849853515625,40123498
2021-01-15,278.077091492439,281.7932512633978,273.0920065378709,275.4032897949219,35307601
2021-01-18,275.08601945704106,279.75386565543295,264.84394808346303,266.88330078125,54969750
2021-01-19,269.7837346954542,274.1796788806815,268.65076081578195,270.6448059082031,35803901
2021-01-20,270.8260239462404,276.1736819734336,269.05860155903315,274.2249450683594,33759304
2021-01-21,275.53921180088895,276.58154210290587,264.2094744735498,267.245849609375,29995203
2021-01-22,267.8350331885371,270.1009810158513,255.96146104131157,257.1397705078125,44440810
2021-01-25,257.8648360556018,261.03716268545986,251.11230116499254,254.64720153808594,34034630
2021-01-27,253.96742513199874,258.1820822530594,247.1695821430319,249.8433837890625,39211107
2021-01-28,246.4444505908451,256.82250145867476,244.26914646978045,255.91612243652344,48717297
2021-01-29,258.86184056993363,263.4390433255588,252.9703772374899,255.68951416015625,42300984
2021-02-01,258.40868884844326,284.51239605681866,256.27869241563076,281.61199951171875,103414068
2021-02-02,285.5094190840311,305.81230557568534,285.5094190840311,301.9148864746094,121434166
2021-02-03,302.5039716226049,308.0781965788335,295.2982479759378,304.4980163574219,66420168
2021-02-04,303.0931948748817,324.48374923953133,300.10215461927504,321.8552551269531,145203439
2021-02-05,350.76865968211877,370.11985612949667,349.0918530636849,356.2975769042969,214955688
2021-02-08,360.7388482286738,369.62135151784616,357.7931164278115,359.8777770996094,79389205
2021-02-09,359.6058594949944,365.7239175960434,352.5814224160121,357.8384094238281,63869990
2021-02-10,357.1586624282923,360.6482273892608,351.6750801042662,355.5271911621094,54163507
2021-02-11,355.11929919081194,359.78717340653003,351.9016646414175,353.623779296875,36392708
2021-02-12,354.3942469066555,361.9625183253803,349.4544694853181,356.34295654296875,53589755
2021-02-15,360.28565937089473,371.11689969165064,358.6541882039782,368.8509521484375,56608937
2021-02-16,373.42816225930954,376.82708363909694,362.8235164901756,364.6816101074219,80365431
2021-02-17,365.2707818962982,376.01137989854897,362.6875958966943,373.20159912109375,74161370
2021-02-18,385.25639404385146,387.65832059181116,374.96901422429517,376.3285827636719,67154539
2021-02-19,376.14730515761215,376.14730515761215,358.019724186161,362.14373779296875,66155518
2021-02-22,363.09551314088793,363.45805928887694,349.5451330333752,353.0346984863281,52535049
2021-02-23,355.30059790846593,362.27972786015135,352.5814606795746,358.5635681152344,45462768
2021-02-24,359.832515249399,372.0686335261418,358.2010438766984,368.2165222167969,39632090
2021-02-25,372.52181596562787,376.05668897918804,368.4884178429211,369.1228942871094,46988836
2021-02-26,362.0984289098423,363.45799747896564,350.76869083381473,353.623779296875,64450414
2021-03-01,358.11034706933737,360.46693799246793,354.39418765138055,357.9743957519531,29677890
2021-03-02,358.0197394223151,362.14375320462744,353.98634142032154,357.2946472167969,30534337
2021-03-03,359.3792850621404,370.61837949163214,358.9260955475602,367.1288146972656,46268223
2021-03-04,361.3733288275104,365.72393708928246,357.5212179659752,358.6088562011719,43603653
2021-03-05,358.019675625145,358.019675625145,342.70187731404053,347.7322692871094,72179228
2021-03-08,352.0829747361394,356.56953471385725,349.9076427536754,353.12530517578125,39147858
2021-03-09,356.6148225925659,357.92905552407916,346.4633668997818,351.3125,28054083
2021-03-10,354.4848509535254,356.2069656114055,349.59040962989485,351.4031677246094,22677399
2021-03-12,355.0286741965049,356.3882427303278,342.1580810121169,345.4210510253906,35336355
2021-03-15,346.68999815972404,349.8623249402705,334.77111878776964,347.95892333984375,42722585
2021-03-16,349.499791590608,351.53914459535815,340.8891900149964,343.10980224609375,38196452
2021-03-17,342.7925358448598,344.1067687486498,331.7800092847245,333.68341064453125,33143064
2021-03-18,336.7198127246577,339.89213935867195,327.2934762585425,332.73175048828125,39405038
2021-03-19,329.8767050775978,337.9887819321032,323.80395366475295,336.4026184082031,60309145
2021-03-22,337.17300855756133,337.89810073757366,329.4687865878321,332.64111328125,28461974
2021-03-23,334.18194859708285,342.56595435292553,332.68640111764705,337.8074645996094,41032380
2021-03-24,334.00066483965446,334.4991622304421,325.0728260682871,326.1604919433594,42318999
2021-03-25,326.29643942699124,327.0668671077367,312.88204131474504,321.9458312988281,57495003
2021-03-26,326.2964562189816,328.109214309087,321.35667935924687,323.75860595703125,40718848
2021-03-30,326.3870966806981,330.1938720389263,322.9428397445948,327.02154541015625,39405124
2021-03-31,326.56836195930134,333.4115404105168,324.43839331166174,330.1938781738281,38651025
2021-04-01,333.2755698800472,337.08234508964426,329.10622094149545,335.9493713378906,31883453
2021-04-05,333.09431679897136,334.6351723218312,316.3716114628251,320.4503173828125,51743981
2021-04-06,322.39904497453415,323.5773266966268,316.5981968213255,317.7311706542969,44147709
2021-04-07,318.3656520284423,329.1968931047109,315.0573739166869,324.9822082519531,48023602
2021-04-08,327.20285220919027,329.2875130565745,321.1301012286445,322.30841064453125,33370259
2021-04-09,321.22076855275367,330.37520359460757,318.3203718390305,319.95184326171875,46473100
2021-04-12,311.7944125874405,311.7944125874405,292.35256969184536,298.0627746582031,75501713
2021-04-13,300.91787460192904,310.20826079069343,299.55830589137815,309.0752868652344,49773360
2021-04-15,310.07228640886075,315.01203576046936,304.63401197080003,310.6161193847656,52992349
2021-04-16,310.8880585765125,313.15400652532094,306.94530361348643,308.0782775878906,37766793
2021-04-19,296.521914056316,300.96316606963427,291.2195908424435,300.1474304199219,53304377
2021-04-20,303.72761401166923,308.07822222739446,296.1140358039038,298.6518859863281,41296147
2021-04-22,295.47957579432506,306.03888639107254,293.0323412496223,305.13250732421875,49105833
2021-04-23,300.6006270919663,308.07825476918185,300.6006270919663,304.9512634277344,44223940
2021-04-26,307.4891413524987,314.9214618023735,307.4891413524987,312.06634521484375,49234985
2021-04-27,311.794381791901,321.71924309046227,310.34416983286343,319.9971008300781,46003023
2021-04-28,323.5773528662632,330.19390952173904,322.7162816193674,329.378173828125,56696255
2021-04-29,330.82838370870775,335.3149714834763,322.21778194094685,325.7526550292969,63692926
2021-04-30,320.35969089034313,328.56241034652083,317.6405537012685,320.4049987792969,53832840
2021-05-03,316.87011023977,319.49860385999483,309.43779122762413,317.7764892578125,43691860
2021-05-04,321.7645506770648,328.92493937130104,317.4139424645015,318.59222412109375,57749307
2021-05-05,323.1241588023508,323.98523003727064,315.4199362222106,322.12713623046875,40872501
2021-05-06,324.48373199737495,325.70734936801176,317.73119634272825,322.2630920410156,36294427
2021-05-07,324.0305123392386,328.1092180889633,319.9518065895139,324.7102966308594,38357618
2021-05-10,326.7496752919672,332.6411396176199,325.208819711829,327.83734130859375,41739324
2021-05-11,323.4413928797194,332.09730236804967,321.5379912051795,330.5111389160156,41892770
2021-05-12,328.834324554786,338.5325919340973,328.01858890150163,333.2756042480469,53436590
2021-05-14,335.36022340102545,337.6261708564378,325.8885519732053,326.7043151855469,51722170
2021-05-17,330.2845260868121,349.13722725411105,329.6047417873769,347.23382568359375,106555796
2021-05-18,353.48781628106605,355.79907170793757,344.46933400662135,346.46337890625,70917710
2021-05-19,346.23677480956485,353.0346172469254,345.511682680443,348.4120788574219,48189573
2021-05-20,350.76870500234344,351.4937972043004,346.2368095888765,348.5480651855469,42898608
2021-05-21,353.48779623994847,366.5396477997869,342.6112486633347,363.6392517089844,192810772
2021-05-24,377.96009851538145,379.9541436724667,367.35545159355723,373.4735107421875,142964052
2021-05-25,376.23793413347425,376.60048020686975,370.25582711072514,373.7453918457031,56048127
2021-05-26,375.0596330885077,379.5462203696114,372.3404959873523,374.8330383300781,52357719
2021-05-27,374.9690356228089,388.92726789153824,373.4281801260522,385.39239501953125,73392997
2021-05-28,390.19617589897246,393.0512643368663,380.72450388670495,382.5372619628906,65137568
2021-05-31,381.58554267243363,386.11743747851955,378.8664057887821,384.6219177246094,38291043
2021-06-01,386.1627962299375,394.5921382759125,385.7549422399594,392.05426025390625,59299647
2021-06-02,390.4680534994827,396.94868533453854,388.9725337146588,396.314208984375,38657806
2021-06-03,399.74453506974066,404.2725449742927,396.54291980030337,402.1686096191406,38909199
2021-06-04,400.20190798204277,404.22679015914537,394.94211147713594,396.6343994140625,36898769
2021-06-07,398.0065409057618,400.11044845061065,394.07311091356587,395.3995056152344,20201197
2021-06-08,395.39949165945757,395.6281784678205,387.8528269834818,390.780029296875,31113823
2021-06-09,391.0544118011243,395.44518701289496,382.5472743598681,385.52020263671875,27784834
2021-06-10,388.67610762888614,396.3599790779108,386.3892394645412,395.3995056152344,27397712
2021-06-11,397.77782563360597,398.3724057306271,388.99624692755265,392.97540283203125,26831924
2021-06-14,390.597059760629,395.582443235397,381.17517463766893,393.6614685058594,30106015
2021-06-15,392.60952864329266,395.90259639194994,391.5118207831599,392.8839416503906,16413658
2021-06-16,391.5118173487716,395.85686672355354,388.767575638383,389.6365966796875,19701175
2021-06-17,385.1085762781873,389.636586144243,381.0836941282875,384.4225158691406,23048331
2021-06-18,387.76134676758494,387.76134676758494,368.3229680521954,377.6991271972656,45748727
2021-06-21,371.70754165462415,385.1085829607002,366.35626478802953,383.96514892578125,33128978
2021-06-22,386.93811021944884,389.17925228423195,381.7240394118449,382.9589538574219,28442965
2021-06-23,385.2000574524912,388.53887920088465,379.6200938631363,383.1418762207031,27564829
2021-06-24,384.51401664762466,386.7094044902972,380.80927349198566,381.632568359375,19214547
2021-06-25,385.1085742582798,394.256046330923,383.3248060377666,392.24359130859375,29886797
2021-06-28,393.98160958519685,396.2227233583746,388.35589226695373,390.36834716796875,29370660
2021-06-29,391.0544317388026,392.38082635783167,384.6969274716719,385.5659484863281,22275961
2021-06-30,386.93806431492044,388.6760784059744,382.63874132285144,383.4620361328125,18337773
2021-07-01,384.46827310620233,387.57843621103075,381.58682473872585,384.55975341796875,16161469
2021-07-02,384.46825024993365,389.1334667139619,383.2790900152796,388.2187194824219,16423811
2021-07-05,390.1396910152482,397.457668806859,388.08150976135767,395.765380859375,16483761
2021-07-06,394.89643938474495,399.2872154675229,391.6948236822562,393.1126708984375,20195278
2021-07-07,392.7467185189113,397.00028744406666,391.1001567984235,395.9483337402344,14473774
2021-07-08,395.90258222017076,398.2809305547424,386.1148038004786,388.26446533203125,21433043
2021-07-09,388.76757956535766,391.054447680448,385.1543167771667,387.6241455078125,16844494
2021-07-12,390.13970696271963,393.57000919275526,388.4016927493425,391.00872802734375,12886781
2021-07-13,393.3413333813156,394.9878673314468,391.7862518271803,392.51806640625,12831125
2021-07-14,392.4265676463679,395.4452223849918,390.04821922897344,394.3017883300781,12767351
2021-07-15,395.81117064624516,396.03985747284554,393.0211746121974,394.89642333984375,11030732
2021-07-16,395.1708030523256,395.62817666696947,391.0087143254142,393.34130859375,8713863
2021-07-19,387.3039562318398,392.8381935032809,383.1418676668262,391.4203186035156,14426686
2021-07-20,390.59708429152414,390.59708429152414,383.187625821321,385.0171203613281,14623321
2021-07-22,389.2706766176685,390.3226582758298,385.0171075370059,386.0690612792969,11799761
2021-07-23,386.84659960481434,393.2955843528593,383.73646459295605,392.3350830078125,17704661
2021-07-26,391.3288564591651,391.3288564591651,386.29774666033313,387.2124938964844,14037519
2021-07-27,387.99007254168123,396.3142787872069,387.8528660260259,393.2956237792969,24119619
2021-07-28,393.34130758964636,393.7986812031227,385.15430874207203,389.2249450683594,17636515
2021-07-29,389.6822789315703,405.78183406684616,389.2249053647492,403.9065856933594,35263606
2021-07-30,403.8609447572453,406.5137064216268,393.98168479476493,394.9878845214844,35196813
2021-08-02,397.6863408679497,399.4701090548665,394.9878254909973,397.82354736328125,16926025
2021-08-03,397.8693121846302,409.7152718650125,396.63439786165935,408.43463134765625,40922962
2021-08-04,410.4013553558495,427.5986207081888,403.8609179863568,417.9937744140625,129761158
2021-08-05,421.698496139908,423.07061706010296,401.0252020257968,404.18109130859375,58595639
2021-08-06,405.8733447640056,408.8919993647804,397.00028573672193,398.5096130371094,38236066
2021-08-09,400.5678090955559,404.1353177330876,394.256058749789,396.4514465332031,22196404
2021-08-10,397.3661872816168,399.19568172390404,385.74891432261467,390.0939636230469,27794251
2021-08-11,393.15833322593943,395.9940551134782,387.0752699626527,391.5575256347656,23827946
2021-08-12,393.34131870089925,393.75296613100426,388.7675824369353,390.7342834472656,16847144
2021-08-13,391.14593019145286,395.3994993263061,388.7675817551882,394.43902587890625,20908992
2021-08-16,393.34131380380757,397.00030276942437,387.8528303553823,388.63037109375,17608693
2021-08-17,388.63035721880027,389.545104427546,379.8487784316673,385.5659484863281,22957877
2021-08-18,386.1605476160816,388.1730027408294,382.36435209591116,383.91943359375,17668574
2021-08-20,379.6201008108056,381.7697623865227,370.60983500356787,372.0277099609375,25541790
2021-08-23,376.0525904034102,377.7906045506143,367.0423246390654,374.5889892578125,26559937
2021-08-24,374.5890154843821,383.05042792206353,373.39985517300266,381.99847412109375,19012313
2021-08-25,383.2790740691864,385.38298144784864,378.97975109347084,380.7635192871094,16410980
2021-08-26,379.162754757696,380.3519150779214,375.04639191955454,375.7324523925781,15897679
2021-08-27,375.36653133773024,379.02552025699,372.7594961495837,377.2875061035156,15090541
2021-08-30,379.07124700345594,387.2124917774755,378.2479800785992,386.6636657714844,20308691
2021-08-31,387.7156306445066,390.5970789222341,383.00468785192083,389.7280578613281,26262421
2021-09-01,391.0544291910187,395.67389139874035,388.9047676812977,393.24981689453125,18776721
2021-09-02,394.62199843215035,396.5429734368183,391.2831762113011,393.1126708984375,14372717
2021-09-03,394.484772248245,397.27474034069536,391.6948041557947,394.6219787597656,14233624
2021-09-06,395.1708093781607,396.863097362607,393.3870410861472,394.3017883300781,10694099
2021-09-07,394.30180686624686,394.89641493545093,388.85907725851683,392.51806640625,14928735
2021-09-08,392.426571283819,398.28094811606775,390.9172439005169,394.57623291015625,22817464
2021-09-09,393.56996989751093,396.817311184705,393.341283105008,395.4451904296875,9662128
2021-09-13,393.4327789234805,396.81732683650046,392.24359080603887,395.9483337402344,9567921
2021-09-14,397.91506584467015,399.5158735808269,395.39951083070963,396.0855712890625,9981562
2021-09-15,396.0855461642564,407.062512801603,394.66769913994705,406.01055908203125,22181568
2021-09-16,406.92528418687044,426.36366155076513,405.00430954655894,424.16827392578125,42637448
2021-09-17,428.10169954211534,431.66920812179234,411.9564166703356,415.38671875,41529478
2021-09-20,411.0874330206504,414.83790255192383,398.5096575849526,400.1562194824219,18376916
2021-09-21,402.6259971362843,403.7237050043555,395.76539275051596,401.3910827636719,17279588
2021-09-22,401.4825548085636,405.05006343256156,398.9212737236087,401.43682861328125,14321143
2021-09-23,404.68418393628315,412.6882224948167,404.36401681076757,411.45330810546875,20516770
2021-09-24,412.64247446805365,413.37426107405764,402.4887747934983,403.1748352050781,10731274
2021-09-27,406.97104157222344,412.1393578960577,404.5469669689246,408.526123046875,11746892
2021-09-28,410.90443786149785,416.94174682040625,402.1228594905383,406.97100830078125,19241170
2021-09-29,404.18106543544235,422.88762936709935,401.6655105761151,420.7837219238281,38635938
2021-09-30,420.73799754782823,425.26597956466856,412.91689202004414,414.3804931640625,26530369
2021-10-01,410.26409043527804,416.71304657677666,405.9647677303675,413.1455383300781,14777309
2021-10-04,415.11226920872434,424.8085951356085,413.0998421133248,423.6651611328125,16246765
2021-10-05,422.6132400446829,429.0164709544509,419.5945852107123,425.08306884765625,16487568
2021-10-06,425.35745981885697,430.84594317135833,414.9750732272012,418.2224426269531,19056690
2021-10-07,422.70468129074806,424.4426953653202,418.1309453493114,418.86273193359375,9984651
2021-10-08,422.5217629584533,424.4427378292167,415.5239518511243,418.9542541503906,16521128
2021-10-11,420.7837655459177,434.4592490925091,419.5488510855975,429.24517822265625,20686981
2021-10-12,429.93119265475383,443.1035470167468,428.19317852294046,441.8229064941406,33763609
2021-10-13,444.70433623117833,444.70433623117833,437.2491522930377,440.63372802734375,17638983
2021-10-14,440.90819216569116,451.79367929366146,440.90819216569116,448.7750244140625,23431826
2021-10-18,451.8851502124249,458.2883810858803,449.78124266320947,455.4984130859375,20084248
2021-10-19,457.6937939090819,461.2155764185171,442.05161028978694,446.5796203613281,20645100
2021-10-20,447.12843516657637,464.2342195457429,441.91439270149596,457.2821350097656,34080545
2021-10-21,461.8558839542996,463.31948514702015,449.8269631215146,460.0721435546875,20808243
2021-10-22,461.581470943858,465.3319402764947,457.37362798323807,460.0721435546875,24080485
2021-10-25,463.3194580078125,471.5064566355026,455.4069002903594,463.3194580078125,35619415
2021-10-26,464.3256863029112,474.0220122478447,464.3256863029112,468.8536682128906,21107457
2021-10-27,469.9056686189385,481.9345613326672,469.03664757410104,474.89105224609375,29463032
2021-10-28,475.30262921780246,476.17165023590735,455.178218461403,458.6085205078125,28140401
2021-10-29,458.7457214160472,468.94517504243936,446.7625274967812,459.3403015136719,31355893
2021-11-01,465.14897708418124,472.87860252065997,458.2883727024087,471.73516845703125,20679604
2021-11-02,470.91188481580207,480.24231816361515,468.39632981589745,477.2236633300781,26797820
2021-11-03,479.3275322272319,496.0673948008811,471.27776804319853,482.6663818359375,80775924
2021-11-04,486.18813452196457,490.21304451580113,483.0322455304038,485.2276611328125,9796046
2021-11-08,488.8866906211392,488.8866906211392,472.4212397273489,478.6415100097656,36802110
2021-11-09,481.3856935659271,486.64548974265693,477.6809787295341,484.0384826660156,25451967
2021-11-10,480.74534611742587,483.4438613347424,477.0406313832889,479.69342041015625,15805538
2021-11-11,478.27558576267745,478.27558576267745,463.8683442370221,466.15521240234375,23086898
2021-11-12,468.35056153596366,469.2653087264636,459.8434238306619,467.7559814453125,19836221
2021-11-15,468.71647784739696,471.9180929806941,462.40469996620203,463.36517333984375,13328183
2021-11-16,464.14276841718083,464.14276841718083,451.4277866952607,452.8913879394531,19553216
2021-11-17,451.7479334539905,462.3132529890859,449.1408982172135,455.68133544921875,20488483
2021-11-18,456.5503749258373,463.04508622396435,450.3300766465004,460.84967041015625,22471070
2021-11-22,462.86209561777235,462.86209561777235,436.79179971835237,444.93304443359375,28800269
2021-11-23,443.8810960109461,453.16577486777436,439.078673024738,451.01611328125,20000371
2021-11-24,453.5316489509367,457.3735983433686,447.35710537330124,451.1075744628906,13963769
2021-11-25,448.22614823051543,453.2115318618765,444.8415722714062,448.729248046875,12894211
2021-11-26,444.7958494828941,446.3051768594048,427.27844526124056,430.3885803222656,26305817
2021-11-29,429.93119995496176,437.0204910180489,415.56965721565007,425.4489440917969,22407465
2021-11-30,428.1016818827163,436.56309333018453,418.9542100476155,421.28680419921875,23026652
2021-12-01,424.85437255406663,436.56312621872877,424.4427251241281,434.77935791015625,17156956
2021-12-02,434.047573993291,437.3863959023729,430.8002323931985,436.3344421386719,12962679
2021-12-03,435.19097031838965,440.4507665965415,429.9769002328308,432.8126220703125,16653993
2021-12-06,432.8126686828265,436.33445128369937,424.2597760566698,425.63189697265625,14353300
2021-12-07,429.19939361913106,438.8042391343788,429.19939361913106,436.05999755859375,13644942
2021-12-08,439.90189983002597,450.42149207841817,439.3073197643774,449.6439514160156,20397660
2021-12-09,450.3300326137153,451.42774041328664,444.65861675824704,446.9912109375,12560970
2021-12-10,446.85403798071974,453.66891625649777,443.1035686192017,452.5254821777344,13261408
2021-12-13,455.31543011455665,457.78525878227936,444.8873173585926,446.21368408203125,14047645
2021-12-14,444.5671251185129,448.5462808956485,440.7251758338574,446.89971923828125,11642447
2021-12-15,448.22614873064373,449.14089597295117,442.2802916556454,443.4694519042969,8639835
2021-12-16,446.71680632358755,448.7292334393856,437.47785390417283,440.130615234375,11107781
2021-12-17,439.1243849600465,440.359299271,426.7295714883093,427.9187316894531,12648603
2021-12-20,419.86899195387633,424.4427282496702,405.23303580733597,410.90447998046875,22336114
2021-12-21,418.0851475777472,419.1828552554007,406.60508273000676,407.9772033691406,16617447
2021-12-22,411.6362717126858,418.31391562078755,410.7215244422132,416.987548828125,13102553
2021-12-23,421.69845023830544,425.3574389605467,418.7255219014844,422.43023681640625,14471377
2021-12-24,423.1620908843943,424.07683815050154,413.64872490005297,417.9937744140625,13221159
2021-12-27,415.0208110233969,421.2410807453631,412.13933504390945,418.99993896484375,8856482
2021-12-28,421.8814392089844,423.4364927709809,419.91471030583773,421.8814392089844,8832210
2021-12-29,421.69850103215094,422.7504548333301,412.9169214578515,415.6611633300781,11757303
2021-12-30,414.1518186638395,416.11851967398894,410.2641428398278,413.19134521484375,28879190
2021-12-31,415.523959645218,422.0643972353255,414.47200583688556,421.1954040527344,10005842
2022-01-03,422.6132297464202,431.76070225175397,420.8752155535809,430.6629943847656,13124509
2022-01-04,432.2180840098747,443.37801184272155,430.89168930529485,442.2803039550781,23296671
2022-01-05,440.81669320318196,452.7998877344807,438.30113827132374,450.4215393066406,24694169
2022-01-06,446.1222306004526,452.2510202282293,444.01829524379843,449.7812194824219,18190843
2022-01-07,451.3820229037345,459.1573742053209,447.72303405592913,449.36956787109375,22746330
2022-01-10,451.29051774588135,461.90159040331747,450.5129770753696,460.71240234375,15832274
2022-01-11,460.11789055653037,464.50866641736116,456.6875881915463,462.81640625,16107950
2022-01-12,466.42961925486287,469.72271495260253,465.14897868237273,466.7497863769531,14489616
2022-01-13,466.5210671549638,469.12807431519354,463.776825583464,467.7559814453125,10450974
2022-01-14,465.6063904834384,466.8413049608225,462.08460768344406,465.0118103027344,8724574
2022-01-17,464.6916309163728,474.6623988730637,464.2799834627948,470.18011474609375,17422211
2022-01-18,470.1800631090042,473.3359521308501,461.9473382685742,463.5938720703125,12592506
2022-01-19,461.9473105540532,473.5188843293389,457.64798778452985,471.8265686035156,16079457
2022-01-20,472.0095701312035,474.8910462350493,464.691592299712,467.8017272949219,17724642
2022-01-21,462.22179597081833,464.2342511816986,455.5441518984944,459.8434753417969,16947941
2022-01-24,459.56900352713996,463.5938857626072,446.39664897657883,452.0223388671875,20233933
2022-01-25,448.2261760103681,473.38172670482754,447.31142871238774,470.77471923828125,21791739
2022-01-27,460.6209582402638,485.59354654725604,460.3008190412504,483.8555603027344,35409230
2022-01-28,488.47503528658655,490.6704510363016,476.94924217993685,478.824462890625,24715250
2022-01-31,483.9012787789612,494.78679301613647,482.1175105358289,492.4084167480469,28674232
2022-02-01,497.5767490544578,497.5767490544578,475.6685425164396,486.919921875,32245356
2022-02-02,490.89912779394075,497.8511844727147,486.0509227652862,493.7805480957031,21661864
2022-02-03,491.3565024646841,498.26283296266905,491.3565024646841,494.0549621582031,22717677
2022-02-04,495.9302424816646,499.8179182828877,482.34621235952267,485.0904541015625,25332894
2022-02-07,486.554054052434,502.19620871242086,480.4709628892515,487.7889404296875,52289545
2022-02-08,489.8471265402949,491.8138553567655,474.75379771132225,486.0509033203125,26567546
2022-02-09,489.3439952266211,490.76184213167033,482.7578046318528,489.618408203125,14856155
2022-02-10,491.3106942745925,497.5767460360815,488.8409215226681,494.4665832519531,18659370
2022-02-11,490.5331641843474,491.8595587317058,482.1632053438922,484.4500732421875,14607095
2022-02-14,471.0948345620402,471.6436605802897,457.0992127792638,458.6542663574219,26153332
2022-02-15,459.20310088374214,481.93454679200465,454.7208451236285,480.059326171875,23842951
2022-02-16,481.6144139827795,482.9865348203373,470.18007366979805,472.64990234375,19773807
2022-02-17,475.6685613206677,475.6685613206677,467.5730427227092,469.2196044921875,16408356
2022-02-18,466.61262379363524,476.4919118167781,466.61262379363524,471.3692932128906,15111223
2022-02-21,467.9389379855899,473.3816952128393,461.6271876325928,468.21337890625,16866932
2022-02-22,458.1968716860123,462.2217538249075,453.2572423375559,455.9100036621094,27108772
2022-02-23,460.117850108577,462.2675116515027,454.8580536113119,456.1844482421875,13899433
2022-02-24,439.07868356986904,446.35093543284336,428.1017164806223,432.35528564453125,32356037
2022-02-25,439.0786756350873,449.9641622186997,438.4383414001046,441.7771911621094,21792287
2022-02-28,436.2429352502415,443.92680616738363,432.7669070473986,442.005859375,18069367
2022-03-02,437.24918032069553,438.8957141848437,427.18696068988453,433.8188781738281,22003848
2022-03-03,439.0786773078168,442.1888123555731,424.99157532736507,427.5528564453125,20358590
2022-03-04,421.05811917340276,430.7544449425451,418.6340447100843,422.5674743652344,20684268
2022-03-07,409.34937464261577,415.2495052870526,396.49718756599424,402.76318359375,33720472
2022-03-08,400.65927618651557,404.4097453139011,388.7675625097468,402.76318359375,42510207
2022-03-09,404.3182856972216,415.56966573918965,401.16239650902844,413.19134521484375,32331325
2022-03-10,429.83971483102124,436.0142585909613,422.293050235539,428.7420349121094,34553299
2022-03-11,426.63814075962455,434.3220125977183,422.6132581697538,430.25140380859375,22091309
2022-03-14,430.8459441310982,444.56715254291663,430.4342967123957,443.78961181640625,27750689
2022-03-15,447.3114104460001,448.68353133693876,439.67326523660074,444.4299621582031,27204899
2022-03-16,450.97038602708017,452.15954626404897,447.6772904039518,450.74169921875,16211288
2022-03-17,456.4589022342406,460.57526508004037,455.8185679585451,459.1116638183594,22947673
2022-03-21,459.2031378987074,459.2031378987074,447.3114231722468,448.7750244140625,19064060
2022-03-22,448.7749957825625,453.53166462015184,436.56311470170846,451.6107177734375,26157969
2022-03-23,456.00154236146534,459.5690513524326,447.4944033894763,448.8207702636719,15800195
2022-03-24,443.65238956518124,452.6169009096352,442.28026877271157,445.5733642578125,18174877
2022-03-25,449.82692845652457,451.2447754276608,445.1159860345105,448.866455078125,11541196
2022-03-28,449.0951780929001,456.09298904295355,440.86245275969105,455.0867614746094,16738684
2022-03-29,457.37363256589333,458.6542731539036,449.7812414316479,452.7998962402344,14301429
2022-03-30,456.7332820613425,457.7395096003556,450.3300514332755,452.1595458984375,16461225
2022-03-31,452.1595100771154,455.13243834748005,450.2385633735741,451.47344970703125,10240982
2022-04-01,449.14087909358597,466.2923892422718,449.14087909358597,464.8745422363281,18527226
2022-04-04,465.880772188398,471.0033903856303,462.8621173718863,468.7165222167969,16257176
2022-04-05,470.54599302683414,472.3754874696574,464.41717547702837,465.97222900390625,13602384
2022-04-06,463.77683412154323,471.27777238808164,462.8620869142029,470.13433837890625,13738275
2022-04-07,466.56678874371477,475.5770819802615,466.56678874371477,471.049072265625,19620958
2022-04-08,475.21120675178236,475.21120675178236,468.67074143876727,472.1010437011719,13572638
2022-04-11,469.72271895190704,477.4980706774985,469.44830593970516,471.0033874511719,12370288
2022-04-12,469.036660399113,472.64992326429416,461.35278895185803,469.12811279296875,14460680
2022-04-13,470.45447342024204,476.491838434493,469.951373626989,473.56463623046875,15440525
2022-04-18,468.3505581452404,471.0947996968727,461.03258067422104,466.0636901855469,14492183
2022-04-19,469.4939971361894,476.5375616935719,462.03881309118987,468.1676025390625,20362934
2022-04-20,468.3505352290784,469.9056165319281,463.7767995334819,465.8807067871094,11881305
2022-04-21,469.6312630416218,473.83907808185285,468.5335551692924,472.28399658203125,10035638
2022-04-22,469.1738621663764,469.7226881547967,456.45885372783556,457.9224548339844,16760456
2022-04-25,452.79988432002824,456.6418338987888,448.2718743104798,452.5711975097656,14057444
2022-04-26,456.45886713437346,464.60011188686263,455.955767324922,462.40472412109375,12137213
2022-04-27,457.373586954814,459.9348678754136,449.9184030706242,454.8580322265625,12367342
2022-04-28,456.5960774059972,466.52109050280944,454.1720028130292,464.2342224121094,12154792
2022-04-29,464.78307837439434,468.80796064849517,451.88513670313483,453.9890441894531,12894773
2022-05-02,450.65022703722053,452.7998886574553,440.2678401686684,449.1408996582031,18590895
2022-05-04,450.0556172608926,454.12625342075836,436.79178301235004,438.75848388671875,14645323
2022-05-05,443.65241050720215,451.88513565063477,437.8437599617173,439.07867431640625,14130385
2022-05-06,430.8459374700862,444.6586259742756,430.8459374700862,442.6919250488281,16710020
2022-05-09,436.42589383933114,442.4632309305549,433.4072113357847,435.32818603515625,13544947
2022-05-10,436.33439995006216,441.41123557558666,433.13278485608896,434.6878662109375,10884328
2022-05-11,434.7336302694935,438.1639324546815,424.12255659347113,435.92279052734375,14771351
2022-05-12,432.6754334647198,432.6754334647198,417.4448978910489,423.2077941894531,18947096
2022-05-13,429.42811979506433,436.3344505610766,402.26011453717706,406.74237060546875,61403008
2022-05-16,407.06248926854397,422.15581752232146,401.4367997753096,416.2099609375,27940958
2022-05-17,419.2286696957922,429.61105696734813,417.2619686155286,427.4613952636719,16880698
2022-05-18,428.01024663727935,428.650580899491,418.13098718174103,418.9542541503906,15644497
2022-05-19,410.76724282787416,411.6362638846456,406.5594277964166,409.3493957519531,14201420
2022-05-20,416.0727653345268,424.44269654749434,415.43243113459465,422.9790954589844,13596860
2022-05-23,423.61944971034774,431.2118405873068,420.32635408429354,421.60699462890625,13499415
2022-05-24,422.9791026522859,427.0039847772349,420.9666755477461,422.658935546875,17175179
2022-05-25,428.27954538016223,431.48468563956214,419.9647793082008,421.8692932128906,12728644
2022-05-26,424.4240910264561,436.7336436826211,420.3828359935606,435.6188049316406,17055257
2022-05-27,437.9414028849238,441.2858910982905,434.3182191335806,435.6653137207031,10977001
2022-05-30,439.42783380561843,443.05101746267394,437.66269595746616,440.9142761230469,9365470
2022-05-31,440.3568396046054,442.58648881837377,431.99563378932805,434.8756103515625,15441579
2022-06-01,434.78267534704867,438.4987665893312,431.71691141277614,435.0613708496094,9424008
2022-06-02,433.7607749847262,438.82396099779396,433.0640078279661,436.50140380859375,9370989
2022-06-03,439.66007813288394,441.7503796137059,430.6021050493222,431.5311279296875,11306291
2022-06-06,431.25244480314507,432.5530712027392,424.0989570780838,430.7879333496094,10661432
2022-06-07,429.0692421203595,432.8782417701939,427.81505550557466,430.50921630859375,7672515
2022-06-08,433.4820594042959,441.79679674597133,430.3233874434492,437.84844970703125,17168871
2022-06-09,435.66529676149,437.47687439087713,429.6266479604756,433.8072509765625,12635601
2022-06-10,429.2085616259813,431.20595510609974,426.0498895700351,429.0692138671875,8621104
2022-06-13,421.77639544593,421.82283525019136,410.72102863648564,414.2048645019531,13426836
2022-06-14,413.41518936323826,417.3635366773815,411.88230725275895,416.295166015625,11351101
2022-06-15,417.0848343951183,423.1234831307332,416.7596707159718,419.3144836425781,9920926
2022-06-16,422.84474864418956,425.2602137481273,408.9094057578501,410.2565002441406,10780703
2022-06-17,408.77010423309946,415.78421627194143,406.2152910816426,409.6991271972656,14326050
2022-06-20,410.16359660915805,411.97520254407925,400.1301609658986,403.84625244140625,12368534
2022-06-21,408.30554249996754,422.6589568704408,406.54040475559736,418.7570495605469,13801891
2022-06-22,416.8990365982563,419.17515409968314,413.0900369445457,415.8771057128906,11066447
2022-06-23,417.13128210675404,424.05251405247765,414.3442134067089,419.3609313964844,12229833
2022-06-24,423.44864119662316,427.67571254945517,421.0332042538962,422.0086669921875,10833364
2022-06-27,427.30408395166796,431.85629038223016,425.5389178027619,428.4653625488281,9509175
2022-06-28,426.32858071866406,432.69239291929085,425.49246582294194,431.2988586425781,13261290
2022-06-29,427.35054978503086,429.8589230482941,425.4925039164003,426.5144348144531,11800876
2022-06-30,426.42153441913206,435.9904594718032,426.0499309091165,432.831787109375,16926328
2022-07-01,430.4627752517755,435.52593315014667,427.86149406727816,433.71435546875,9405495
2022-07-04,433.71435975090793,440.4962157869446,433.71435975090793,439.8459167480469,9186358
2022-07-05,441.4252524654903,445.9310194784432,437.5698128632224,438.63818359375,12003244
2022-07-06,441.4252250729725,446.8600147059179,440.26394644847693,445.8845520019531,12059857
2022-07-07,449.6470912782486,453.59543867067123,447.4174419504805,452.201904296875,11497832
2022-07-08,454.29218662528615,455.12830154386137,450.71544288032334,453.8741149902344,9057231
2022-07-11,450.5761264780428,456.4289596669393,450.5761264780428,453.54901123046875,7704792
2022-07-12,450.57610288995386,456.475403927994,448.810965064402,450.5296630859375,7364457
2022-07-13,453.1309136197599,457.4973325339497,450.15802903756315,451.9696350097656,8208853
2022-07-14,452.0625337200882,454.1992749781504,442.95809259308453,445.3271179199219,9385630
2022-07-15,448.2999911595239,450.01868920290036,441.0071840415013,445.0948791503906,6945602
2022-07-18,450.1580570267316,456.61477784036623,447.8819678205412,455.49993896484375,9934786
2022-07-19,453.3631749213971,463.1643551697625,453.3631749213971,462.6069641113281,11724183
2022-07-20,465.4404881732386,474.3591139762054,464.88306874464126,472.5010681152344,19280117
2022-07-21,473.61584479592835,476.9603611286514,470.78233640092463,475.7061462402344,13814893
2022-07-22,477.0067884794819,483.27769264870454,474.916487089741,477.2390441894531,14699129
2022-07-25,476.9603377702131,482.16284287336737,473.01196243947317,481.0480041503906,10229778
2022-07-26,480.95516288809955,483.8351111742268,476.6816235598744,477.7035827636719,8862656
2022-07-27,478.7254522151504,492.33565933474154,475.8919439286603,490.7098693847656,15101546
2022-07-28,495.35503134884004,499.34981855668167,491.9640750160222,494.65826416015625,12160734
2022-07-29,497.07367724099106,498.885283185348,489.3627987297617,490.8492126464844,11921058
2022-08-01,491.4996083774877,497.02730658573626,489.0377314414716,495.86602783203125,8295631
2022-08-02,494.1472429187272,506.2245391456262,493.4039793269388,503.62322998046875,16845027
2022-08-03,503.4375555855905,507.61815882985996,496.7021392476007,502.4620361328125,24262125
2022-08-04,505.0633195290963,505.38845486111114,486.9938128814101,495.4014587402344,18072293
2022-08-05,497.53817729899976,504.36652928647766,491.45308895594076,493.3575744628906,21110734
2022-08-08,486.807960466485,486.807960466485,477.3783561082888,483.4635009765625,32566317
2022-08-10,484.53187490892833,486.34348087745,476.9603724089837,478.1680908203125,16904151
2022-08-11,483.0919020217961,488.6660393528168,480.49064927459784,487.5047607421875,13862195
2022-08-12,488.3873561434631,494.0543732250272,487.876404882512,493.032470703125,12154012
2022-08-16,495.4478629776831,495.95881419262287,487.7369848436232,488.61956787109375,10721167
2022-08-17,491.31375335391226,492.8931036739318,487.1331501731273,490.6634826660156,12054183
2022-08-18,489.45571197812444,496.8414556724269,488.8518810905393,494.5653381347656,9013662
2022-08-19,494.24016170944896,495.7730721102587,481.6983530946415,483.4170227050781,11087222
2022-08-22,482.16288711456264,482.9990304092793,473.80168097962803,475.0093994140625,9676954
2022-08-23,472.1758708824076,486.8079809982914,472.1758708824076,484.8570556640625,8597965
2022-08-24,482.16289382103946,485.87898548825365,475.9384289378439,482.44158935546875,11930650
2022-08-25,484.9034750151943,490.8027472747405,481.6983349272375,483.4635009765625,15473450
2022-08-26,486.6221618652344,491.91760349846345,485.13574797309,486.6221618652344,12855886
2022-08-29,475.0094140125052,480.3048560679867,472.6404168754124,478.30743408203125,9421339
2022-08-30,481.4196887418067,494.70470516429225,481.1874330116826,493.5434265136719,14835308
2022-09-01,485.18215491016,502.5084527260373,485.18215491016,495.4478454589844,16670228
2022-09-02,498.88526289297994,499.6749096222966,493.54338158639774,498.6065673828125,10017930
2022-09-05,498.88528551064644,502.4155611066096,498.23495815540304,500.65045166015625,7819994
2022-09-06,499.81429491511767,504.18071366483844,496.1910831071876,499.62847900390625,8657868
2022-09-07,496.46984649081065,499.30335491557975,493.8220972783756,495.0298156738281,8445359
2022-09-08,497.95623936941655,507.5251632256435,497.4917279520944,505.9923095703125,12240707
2022-09-09,510.6374895329618,517.4657855661197,509.1045789770801,514.0748291015625,18587927
2022-09-12,515.5147705078125,518.9521094794106,512.1238146322019,515.5147705078125,9677415
2022-09-13,520.2528211805555,520.2528211805555,514.4464280870226,518.394775390625,16707275
2022-09-14,510.9625172083379,534.0487100773495,510.26575013941743,531.1687622070312,21632641
2022-09-15,531.9120414407419,537.4397389468393,527.5921190475323,531.5404663085938,12749947
2022-09-16,528.7068427636351,533.2590770784519,520.5314536194188,521.9249877929688,14739280
2022-09-19,520.903158514852,533.6307837600242,519.8347594839756,531.6333618164062,11194003
2022-09-20,536.928815145089,536.928815145089,532.1907641678022,533.3056030273438,8484017
2022-09-21,534.1881531589202,536.3248944309445,525.2695562395763,529.2643432617188,9392526
2022-09-22,526.5237167258603,533.2591325992832,522.1108580501693,527.03466796875,11869435
2022-09-23,524.7120943058618,527.6849787662827,510.49805604238094,511.51995849609375,12563239
2022-09-26,507.0606552468925,510.0335396785257,495.16917422341385,504.73809814453125,16158750
2022-09-27,505.89939922928977,511.7987285538855,495.3550121961274,498.4207763671875,11066799
2022-09-28,495.0763361087725,501.48656022664454,483.4170531154082,487.59765625,12233485
2022-09-29,491.45309768479353,497.67756224749945,482.67382023242186,484.7176818847656,17310168
2022-09-30,486.8079858742602,498.7924036275781,479.5151789961069,492.93951416015625,17466950
2022-10-03,490.1524567024575,493.91504478951293,481.6983710394965,482.8596496582031,9351162
2022-10-04,495.16919845499825,497.7704511963268,490.3382681050698,494.8905029296875,8745887
2022-10-06,496.6556282508377,503.3446045871675,496.6556282508377,499.16400146484375,9507322
2022-10-07,497.4917419504565,497.5846215553129,489.17697600581823,492.56793212890625,11065307
2022-10-10,488.38733378954294,496.0053326593176,485.1357537466073,493.0788879394531,9649292
2022-10-11,493.0789093889518,495.81953831354355,488.20153911237713,489.9667053222656,10825440
2022-10-12,492.38213885807085,497.02725337559986,488.66604724404766,495.91241455078125,8522604
2022-10-13,495.1691671630516,495.9123740845993,483.2776863091275,484.43896484375,12972765
2022-10-14,492.56798317784336,496.8879059063708,488.66607541754723,489.7809143066406,8545479
2022-10-17,489.0376197968899,506.0387255292598,486.99375831635854,505.0632629394531,13485349
2022-10-18,508.26839542147115,523.5043933483238,507.94326009440294,522.5289306640625,20440781
2022-10-19,523.039935784048,523.4580074640971,512.4026113622147,514.121337890625,9540583
2022-10-20,512.8205480767773,517.2798458498788,506.59608443161267,515.979248046875,11225588
2022-10-21,517.6980206478074,525.6411552498403,517.6980206478074,521.04248046875,11767639
2022-10-24,526.7559881853911,531.8656141730801,525.7340856690766,530.007568359375,3692065
2022-10-25,531.8656286557928,544.5932541668578,527.6850254611185,537.4862060546875,19899324
2022-10-27,542.5029045901114,543.478367241986,536.6035754708655,538.5081176757812,13613533
2022-10-28,538.7868289392258,541.2952020481209,526.7559713396231,530.2398071289062,10043644
2022-10-31,534.1417021878584,536.4642593269455,528.0566138240613,533.0733032226562,9894639
2022-11-01,535.4423611493793,544.1751996682159,533.8165709668451,535.953369140625,12069579
2022-11-02,535.0242932214652,537.8578016328036,529.4501560045153,533.1197509765625,10241440
2022-11-03,528.6140711438858,546.2190678064255,527.6850481717524,543.3855590820312,17557998
2022-11-04,544.4074086062908,554.5802205002109,539.2049031506616,551.7931518554688,25759031
2022-11-07,569.4910492043815,578.5025828570365,564.5672390755263,570.5594482421875,44265903
2022-11-09,576.9232326353217,576.9232326353217,567.2149317922315,571.8600463867188,18939854
2022-11-10,569.5839107900034,571.4419565687384,559.4575953177317,562.755615234375,11618405
2022-11-11,573.4393865971748,575.5761279324214,556.0202071744174,558.6214599609375,15525267
2022-11-14,561.0834383305436,561.0834383305436,549.6564670534292,550.4925537109375,12957268
2022-11-15,552.1182806785682,559.3646477289204,550.5854269638519,558.203369140625,10286417
2022-11-16,557.36727343122,560.6652932272399,553.6976218118226,557.1814575195312,11555749
2022-11-17,556.5775677316582,559.9685238213378,553.8369956817869,556.5311279296875,8167131
2022-11-18,558.342768853174,562.7556276752249,554.7660533312614,559.922119140625,12933675
2022-11-21,559.3646510750879,559.3646510750879,553.0937466607794,555.6485595703125,7412419
2022-11-22,555.6950493243781,558.0640462892758,553.8370035945674,556.5775756835938,8048595
2022-11-23,558.8536181793718,566.3322398994152,558.3426670127318,564.5206909179688,12435924
2022-11-24,566.4717295081228,567.911703703776,562.8020776073517,566.10009765625,8960032
2022-11-25,567.2149011984452,570.1413459163525,563.2201142032641,564.2885131835938,9994513
2022-11-28,562.6161908483663,567.5400571020017,559.596866716974,565.4032592773438,7934274
2022-11-29,564.0097780174993,568.3761969734692,564.0097780174993,565.3568725585938,6942919
2022-11-30,565.3104578057068,568.0046470072868,555.9273488125881,559.6898803710938,15606230
2022-12-01,564.7065870320074,566.5181931557748,558.8537536885804,564.9388427734375,14209313
2022-12-02,564.3813556103872,566.3322808251035,561.3620314857226,564.4277954101562,7533838
2022-12-05,565.3103892852598,574.1361061270183,564.4278062604734,573.4857788085938,11585602
2022-12-06,571.1168371932469,575.8083915750034,564.6601165911579,565.728515625,12996244
2022-12-07,567.4935934113071,569.39813564367,561.594320910099,563.9633178710938,7613892
2022-12-08,566.471711256473,570.2342426474543,564.0562744063031,568.2368774414062,10020015
2022-12-09,570.7916893478897,574.1361490885416,565.8678226421276,572.7426147460938,11202267
2022-12-12,571.1632044460752,574.786416036808,567.6329291569044,569.5374145507812,9285187
2022-12-13,569.955529196329,573.5787410607065,569.0265063288533,572.974853515625,7455415
2022-12-14,574.6006605360243,582.2650994194879,573.6716376410591,581.1038208007812,14010673
2022-12-15,581.1502249817225,584.8663163337957,570.6987180540169,572.2316284179688,10622271
2022-12-16,568.5619487387619,571.9064081089458,559.364600416179,560.52587890625,9435071
2022-12-19,561.1298409450822,566.239466980178,560.2008180296101,561.5479125976562,8322012
2022-12-20,560.2008180296101,563.4523982337621,556.99567763062,561.5479125976562,6753785
2022-12-21,562.8949508080592,565.9142749810452,547.7518334395638,551.2821655273438,9217253
2022-12-22,554.6266250069685,556.484670651883,545.8473479941371,551.2821655273438,8740149
2022-12-23,548.1235219709549,548.7738493545831,530.9365979769505,533.2591552734375,13047046
2022-12-26,533.2591374365397,558.993082761458,530.1933732483348,554.7195434570312,13201587
2022-12-27,557.7853597232435,560.2936761363036,551.1892632547101,559.1788940429688,9638618
2022-12-28,558.2499017736284,563.9169189700275,556.0666638645115,558.3892211914062,7988631
2022-12-29,557.413761402815,574.1361742448994,554.7660687173757,568.376220703125,20130392
2022-12-30,571.5812703676361,576.505079803862,567.9580588128947,570.1412963867188,13052895
2023-01-02,571.3026768929869,575.2510244474183,567.8188408155474,568.7478637695312,6726084
2023-01-03,570.8845802218594,572.8355056585625,566.7039771120167,568.9336547851562,6818062
2023-01-04,568.4225967132537,571.302601512438,561.1297901679545,562.24462890625,7011191
2023-01-05,563.9168995874302,568.190382240807,559.2253452889701,562.1517333984375,8241475
2023-01-06,564.2885438654469,564.3349836708002,554.6266828234792,558.0176391601562,7972036
2023-01-09,562.0588874246389,565.7749792423224,557.506652266752,564.5672607421875,8878905
2023-01-10,565.2640136601837,565.7749649315789,548.6809203213877,552.9080200195312,10622660
2023-01-11,554.1157057067913,556.9492141378572,550.2137982871492,554.3479614257812,7419630
2023-01-12,555.4628501283095,555.4628501283095,548.2164256822556,552.67578125,8183715
2023-01-13,555.462786881279,560.1079011495518,551.5144397532472,557.506591796875,7877610
2023-01-16,560.2008056640625,563.0807539572319,557.9711280349228,560.2008056640625,5483191
2023-01-17,560.2007424065299,562.9878107767116,544.4537947743928,550.8640747070312,13461999
2023-01-18,553.6048056104106,554.766084312645,545.8938696651248,549.4706420898438,11538075
2023-01-19,549.0524687135959,549.7492358058721,545.8473287485155,547.9840698242188,7475688
2023-01-20,551.6537723185195,554.2550250301911,548.8667036910736,550.1673583984375,6750607
2023-01-23,556.0201811934469,559.0395054856419,550.8641156658481,557.831787109375,6604469
2023-01-24,560.6652540658442,561.687156454172,550.9569545645247,552.1646728515625,7609623
2023-01-25,553.5582645072653,553.5582645072653,527.1276087360154,528.3353271484375,25686294
2023-01-27,527.6849638745811,528.195915087018,494.472397926489,501.6258850097656,40163464
2023-01-30,497.9562300143039,515.0037760285352,487.92279492925314,500.0000915527344,40797825
2023-01-31,506.3174777560764,517.4657524956598,499.67494137585163,514.2141723632812,21911943
2023-02-01,521.553471182178,524.8979308924825,463.9075840617413,489.9201965332031,38218810
2023-02-02,483.2776668207723,494.8440118998063,466.8339520930055,490.6169128417969,39287056
2023-02-03,497.95628057015045,507.2000698803014,482.30226719240557,505.57427978515625,32317232
2023-02-06,519.1379591275065,519.1379591275065,498.46720063982644,506.6890869140625,25338586
2023-02-07,509.1045148167841,512.2632151446792,502.64779475723776,508.26837158203125,16195947
2023-02-08,510.96263293951085,515.1432362999251,506.7820295790967,510.7303771972656,15502847
2023-02-09,512.8205882180205,512.8205882180205,504.2735670737764,511.70574951171875,15061047
2023-02-10,507.710993148678,517.6979888967993,507.710993148678,513.7960815429688,13824475
2023-02-13,514.678669831032,517.3728588344746,495.44788508698696,499.34979248046875,18488732
2023-02-14,501.6259495057949,505.94587216970376,493.0789270880096,502.4620361328125,18559909
2023-02-15,501.6723328903008,505.9923117714112,498.69944846589567,503.76263427734375,12796579
2023-02-16,508.0361326298083,508.0361326298083,500.27881436406693,501.7652282714844,12767016
2023-02-17,500.27885988741946,501.3472589639467,490.2918631487198,493.3111877441406,14192008
2023-02-20,494.2401880600991,496.0517940749912,485.0893350789315,487.87640380859375,12570032
2023-02-21,489.68792700631445,491.4066533197849,485.3215649251401,486.2970275878906,10223218
2023-02-22,483.7886509710897,484.8570499338609,476.12421242954093,479.700927734375,14763050
2023-02-23,480.2583733415285,486.80797308923644,475.05583971454416,484.0209045410156,15535085
2023-02-24,486.99379699984996,490.05956111264493,480.86221207120434,484.0673522949219,12253035
2023-02-27,484.11383686759666,492.19634787828124,482.16291135259667,490.24542236328125,11048799
2023-02-28,489.82737042433325,490.9422093505489,484.0674165581049,485.6932067871094,15768010
2023-03-01,486.11119889897907,499.2568947085724,485.97182279236836,498.6065673828125,13510198
2023-03-02,497.90988977916487,501.5795419814855,494.70474907832624,495.86602783203125,10376913
2023-03-03,503.53042431722355,524.2476241616192,503.29816858644995,521.36767578125,27656538
2023-03-06,524.80503782157,527.5921064096759,519.3237802504061,521.8321533203125,16162268
2023-03-08,520.2527988045408,525.3624245070854,516.954779009873,524.7120971679688,12637578
2023-03-09,524.6657186870224,525.5947416506116,518.394813682795,519.23095703125,8993423
2023-03-10,513.8425840023452,515.5613105252938,506.3175205976238,508.5007019042969,11522371
2023-03-13,508.17549904877285,513.8890122586054,490.9421365185342,492.3821105957031,14373729
2023-03-14,490.19891340448197,494.9833469032127,483.09186615388154,488.1086120605469,14750800
2023-03-15,492.1963265499269,494.2401882932551,478.95775007778616,480.8157958984375,11282329
2023-03-16,481.6054746741917,491.7782296576636,477.79644691553125,487.2724914550781,20040008
2023-03-17,491.1279772701672,493.86854945437267,483.1847861369172,492.1963195800781,18787379
2023-03-20,489.2234291835881,489.2234291835881,478.4467863850695,482.34869384765625,14275315
2023-03-21,484.94992298236605,486.29701744237235,479.79385755563567,484.810546875,29485180
2023-03-22,485.1357478906121,489.5950462693423,483.1847658665671,484.5318603515625,11619538
2023-03-23,482.53453150028315,484.02094550390814,475.19522768761806,476.35650634765625,22097792
2023-03-24,477.9822426165247,478.40031422764537,467.7165517590544,469.481689453125,14416984
2023-03-27,471.0145931632608,477.65712933781117,465.9514072018612,473.9410095214844,15674218
2023-03-28,475.1487925684998,475.42748810904595,468.08821257551915,472.03656005859375,15833599
2023-03-29,472.87263014609675,481.2338357871869,470.36425711315877,479.8403015136719,24203789
2023-03-31,483.69579631566717,487.64414364678476,482.4880211813495,486.57574462890625,17356345
2023-04-03,487.50474724319236,490.98858297861295,485.04281397560624,489.36279296875,14210949
2023-04-05,489.59508956413197,490.15248064711744,482.20934584774216,485.8789978027344,13574801
2023-04-06,486.80798790702346,495.8195211611808,484.62480682568594,490.1989440917969,25125879
2023-04-10,491.6853615153094,492.75376051347615,487.17962320768146,488.9447326660156,17335453
2023-04-11,493.1718206534169,497.67761607710594,489.7344810288869,494.3330993652344,26414406
2023-04-12,495.35498352755394,496.09819044978934,488.6660078213281,490.7098693847656,21292441
2023-04-13,491.73178559870985,496.3304600695866,489.7344204831548,495.12274169921875,28597560
2023-04-17,490.52406221277573,506.31745057947495,490.52406221277573,505.388427734375,32476990
2023-04-18,506.6426662381621,509.56911134552865,502.1369274061226,507.107177734375,22283456
2023-04-19,505.3884765215721,508.6400567933102,500.0465946465739,501.9510803222656,21156372
2023-04-20,502.7872234668011,506.73557093822814,498.56018045565,506.1316833496094,25588577
2023-04-21,506.31751624064356,507.61817107367915,501.39370586368636,504.5988464355469,22599418
2023-04-24,505.2026478818052,516.1186670908221,504.9239523489952,515.236083984375,23335611
2023-04-25,515.6076442134857,527.5920607872357,515.6076442134857,521.9249877929688,38142390
2023-04-26,522.1108120871492,526.7559260736897,516.9547469026996,526.1520385742188,23143882
2023-04-27,524.8979661864694,527.1276439453,521.2747540041349,524.6657104492188,17845169
2023-04-28,527.4991662626207,539.251328071495,525.3624250345678,537.25390625,16183423
2023-05-02,538.8332768389454,539.6229236151588,532.4694927161221,534.4668579101562,13667511
2023-05-03,530.1469444766262,534.1881714402115,528.6140339990961,530.007568359375,9699527
2023-05-04,529.7288993852984,539.5765200104115,528.1495490238584,538.8333129882812,12533761
2023-05-05,539.0191223003028,546.4977456429474,534.2346314676785,535.5817260742188,18163461
2023-05-08,536.6500935577258,545.8938259243915,536.3713413290757,542.177734375,12990869
2023-05-09,543.4783797193426,544.8254742233607,531.4939619981551,532.7946166992188,18959065
2023-05-10,534.188228172492,534.188228172492,523.2722078576629,531.5869750976562,18561315
2023-05-11,531.5868903735,538.8332573209989,531.4010744613989,532.7481689453125,16016715
2023-05-12,533.9094229370257,539.5299996252273,530.9829783895638,537.1145629882812,11319335
2023-05-15,537.6720048826024,542.5493751212783,533.8630336631455,540.5984497070312,11410243
2023-05-16,542.5492941398024,548.4950625102256,540.6912486119264,544.68603515625,22178229
2023-05-17,544.4073396676786,548.5879421053996,538.3686917020814,544.68603515625,23739774
2023-05-18,548.4021291522823,551.7466451422207,530.843632841543,533.4448852539062,45656620
2023-05-19,537.9042299383079,544.6396455981572,529.450144687857,534.3275146484375,42293962
2023-05-22,536.5107432551475,539.1119961242575,532.7482117209831,536.1856079101562,21484049
2023-05-23,537.8113856521496,542.2706842826218,535.8604035179653,540.3197021484375,16120548
2023-05-24,538.647424884356,543.7106106427419,537.2074508400949,541.3416137695312,17616658
2023-05-25,540.6912739415322,541.5274171494668,536.046159904234,539.9945068359375,16479436
2023-05-26,539.9945509718547,546.0331997139054,539.3442236128685,544.4074096679688,9788076
2023-05-29,548.1235618270746,554.0693316196443,546.3119556634741,552.7686767578125,18432231
2023-05-30,552.7686543075964,553.2331657818045,549.5170739881399,550.7247924804688,15031640
2023-05-31,552.9030104609316,553.8500865520962,546.9364426475817,549.1620483398438,28797643
2023-06-01,551.0088964611522,555.3654814653645,550.251247096706,551.9086303710938,17820226
2023-06-02,553.7554176157541,557.7331488713374,552.1453766545729,556.1231079101562,11323908
2023-06-05,557.3542953022576,558.5854826943589,554.9866050078555,556.1231079101562,12920507
2023-06-06,556.8808077766311,557.7331994819402,552.1454267581223,554.3710327148438,11199940
2023-06-07,556.8807700208413,559.3431448615423,554.9866177418588,558.0172729492188,11113781
2023-06-08,558.7275810477244,562.5158856124281,555.3180722565269,557.3543090820312,15971917
2023-06-09,556.8807949778836,557.9225556560352,546.2261879311128,548.072998046875,18870272
2023-06-12,549.3042256177404,550.7248399943379,547.12596180128,548.0256958007812,8786066
2023-06-13,548.783285043374,550.6300950913596,543.8584775170594,545.8947143554688,12612098
2023-06-14,546.462938992896,547.9308954655977,544.8055557290528,546.0367431640625,8948696
2023-06-15,545.5159008164167,546.1788657290922,535.3348314869436,536.5186767578125,17934877
2023-06-16,538.6495217087493,544.284635958382,537.039480808149,541.0172119140625,12660226
2023-06-19,541.0172686527673,542.4378829249408,535.950434203992,538.7442626953125,17903691
2023-06-20,538.7442468937137,539.3125272688809,532.7776786865753,537.3710327148438,14549152
2023-06-21,537.3710020274224,539.3598387145792,535.7136188531458,536.3765258789062,14946871
2023-06-22,536.3765795536382,538.8863545906687,531.3570872845204,533.1565551757812,14979063
2023-06-23,532.256799763519,532.3514842571589,524.4907637219954,525.2484130859375,12215712
2023-06-26,526.5743072501397,528.9419974805809,525.1536931118749,527.5687255859375,8360264
2023-06-27,528.7053062474946,537.891957254253,526.2429311675141,536.1398315429688,10694768
2023-06-28,541.9643300759469,543.6217133483505,538.4601367390198,539.6439819335938,18028934
2023-06-30,543.6216923972897,543.6216923972897,540.0228147054731,542.5325317382812,8718232
2023-07-03,544.0952635802307,555.3180931535118,543.5270409961187,554.4657592773438,15421985
2023-07-04,557.0702178075081,564.4100581652275,551.4351030041416,558.0646362304688,24799250
2023-07-05,558.5854903048938,562.279110336461,557.0701916178066,559.3431396484375,13598114
2023-07-06,559.1538022952366,562.0897153443927,557.9225570117748,561.1426391601562,11323509
2023-07-07,558.7749361423764,563.9838550386189,554.5130934090871,562.1843872070312,11707209
2023-07-10,563.1788570435173,568.0562645445196,559.0116988517439,561.2373046875,11417363
2023-07-11,563.5103252653819,564.4100591944411,556.2651693899928,557.4016723632812,13221177
2023-07-12,557.8278671866714,563.0367861502142,557.0702178075081,558.0646362304688,16029716
2023-07-13,563.4156054545575,566.3515182969978,552.4768300528634,554.6551513671875,20024503
2023-07-14,555.6969192600167,560.0061040903931,549.9671202346848,553.4713134765625,12190152
2023-07-17,555.9336648043717,570.9447977082049,553.2818633134814,569.2874145507812,19378986
2023-07-18,571.1342759530944,572.0813521283934,557.5910982073067,561.0005493164062,25757209
2023-07-19,563.1789116560258,570.5187525475399,560.6691364872713,569.6190185546875,17556585
2023-07-20,569.5716199279582,578.4741010580569,567.0618450076182,577.7637939453125,34038351
2023-07-21,577.7164436119874,586.7136669141413,576.7693674749186,582.5465087890625,21040281
2023-07-24,582.4991762065254,588.9866825360349,581.7888690919402,584.9616088867188,11756364
2023-07-25,588.8919257906668,588.8919257906668,572.2234090326344,577.3375854492188,18503305
2023-07-26,579.610620027468,583.7303782733334,576.9114760463759,582.5939331054688,9999125
2023-07-27,583.7777120421456,588.3710078547313,580.6523147705581,583.9197387695312,17444742
2023-07-28,583.7777393499562,587.0925057464485,581.1258799888113,583.4462280273438,11930586
2023-07-31,584.0145391310097,588.1342973187537,581.9783022582515,587.3766479492188,8605483
2023-08-01,587.3766262120196,587.9921910123245,578.2846606992431,579.468505859375,13493453
2023-08-02,577.5743429390312,578.189965532909,562.6578941967817,566.7777099609375,14977497
2023-08-03,567.0145102168711,569.0506892838814,554.0395552258084,559.2484741210938,27774877
2023-08-04,563.3208772718776,567.0144973448427,541.1593302489086,542.958740234375,52725616
2023-08-07,546.46297490863,546.46297490863,536.660759225921,537.8446044921875,32736325
2023-08-08,540.7804504311654,543.858447740975,538.3654179490715,542.769287109375,25038671
2023-08-09,544.5687939346745,544.5687939346745,538.270714326323,543.3849487304688,15769111
2023-08-10,543.3849677007904,547.0311879350622,539.9281164618493,543.290283203125,27325801
2023-08-11,544.9949813777413,548.3570901449302,541.7275571034544,543.7637939453125,18221179
2023-08-14,542.6272987876729,542.6746410348028,529.0367211747788,531.1203002929688,28084093
2023-08-16,529.2261668704698,536.4239806444865,524.6802126897423,535.4295043945312,15725767
2023-08-17,535.8083185745926,542.8167050327628,534.1509353531953,541.86962890625,27910162
2023-08-18,539.8334329901751,544.805583030874,537.3710579967587,542.6273193359375,18253227
2023-08-21,542.6272655405768,545.0896402898765,540.543686550049,541.4434204101562,9380810
2023-08-22,542.2010238231434,544.0478336312132,537.4656437024172,538.4127197265625,14073413
2023-08-23,540.7805133977928,547.362704587704,536.0451323697911,546.3682861328125,18579297
2023-08-24,547.5520913034119,551.198311306055,545.0896586661597,546.4155883789062,24131644
2023-08-25,543.4322918904455,544.8529061378787,537.1816123237163,539.7860717773438,12271885
2023-08-28,542.485189493311,544.3793417316292,539.0757385863141,542.5325317382812,9711932
2023-08-29,543.2902516515835,545.799968743401,541.5854683530627,544.4266967773438,13144855
2023-08-30,546.1788293829949,547.1259055366658,536.1397874711188,537.3710327148438,15281416
2023-08-31,539.1704412789,540.1175174300328,529.7944220656501,531.6411743164062,27898476
2023-09-01,532.9197778538285,540.9699253809107,532.3514974630689,539.4072265625,18121168
2023-09-04,541.727551909577,545.8473099953048,538.3654431746227,545.0896606445312,12108655
2023-09-05,545.1369963939355,547.6467712562122,541.11192284817,542.6746215820312,14444729
2023-09-06,543.8584813779117,543.8584813779117,537.9392554160275,540.3069458007812,20609936
2023-09-07,537.9392991892722,550.2512901918436,537.9392991892722,548.4044799804688,12390597
2023-09-08,550.2512460973644,557.3543172604112,549.0200586567578,552.5715942382812,14032068
2023-09-11,555.9336794295848,560.9531712774162,554.3709807180713,560.3849487304688,10946134
2023-09-12,562.2318305676972,562.8000531872625,553.7081444445414,557.2122802734375,16093060
2023-09-13,557.2596541767706,566.3515624928049,552.5716154680572,564.8836059570312,19377172
2023-09-14,566.7776982242895,571.7498477020777,563.6997009285159,565.6885375976562,13178911
2023-09-15,567.6300722204844,568.9086597168509,563.6997408474365,567.1091918945312,11756389
2023-09-18,567.1091681687718,576.2011335888857,565.4517849614788,571.9866333007812,19305055
2023-09-20,569.0506455282922,574.6857598245198,567.6774314418052,569.2874145507812,21314600
2023-09-21,568.2457179919575,574.4963977678915,553.7081214953073,557.0228881835938,23453425
2023-09-22,562.0897248902817,570.1398725930069,560.1008879915859,566.49365234375,18784139
2023-09-25,569.6662630363052,569.6662630363052,559.2010838964593,562.6105346679688,9712784
2023-09-26,562.5632240608297,563.5103001956123,559.9587646901778,562.9420776367188,8327427
2023-09-27,562.0423402102848,562.8473317978076,557.0701905339704,558.5381469726562,9865347
2023-09-28,559.9587875621745,563.6997500083563,557.6857816238776,558.7276000976562,21960816
2023-09-29,561.4740907312548,568.2457085467473,560.006134211831,566.8724365234375,12189735
2023-10-03,565.0255828135226,572.8863607525196,558.3960500586644,571.03955078125,15322196
2023-10-04,568.2456856343284,568.6718814595422,553.5186631759601,555.223388671875,24914612
2023-10-05,558.7749812251063,562.8947397443638,556.0284370089705,560.8112182617188,13248028
2023-10-06,561.9949962079626,567.2512571455039,560.8584932959413,562.7999877929688,8216780
2023-10-09,556.8808215242663,557.8278977513484,550.7721682985978,554.13427734375,9189597
2023-10-10,555.9337191138808,563.5103285736951,554.7498738857847,560.337646484375,10373508
2023-10-11,565.3098283343924,565.4045128360046,556.5019730965079,557.2122802734375,14220119
2023-10-12,559.5326085412145,561.6161877464566,554.0395781309901,555.0339965820312,11983797
2023-10-13,547.1732577358337,550.5353665815301,544.3793714706986,545.657958984375,19064577
2023-10-16,545.5158407243849,548.1203000333988,541.2539982187257,545.1843872070312,11290293
2023-10-17,547.1259228663044,549.2568442795587,544.8529169035228,545.9420776367188,10765224
2023-10-18,547.173266107088,548.593880385168,539.2178030278637,542.3432006835938,11777454
2023-10-19,539.6439799329851,543.6217113329951,536.9921782679586,540.9699096679688,11441499
2023-10-20,539.7387483748817,539.8334328727063,532.3515077863527,533.298583984375,11110988
2023-10-23,533.2985796647226,536.0451237387181,521.8389808834517,523.685791015625,11875035
2023-10-25,529.0367421421059,531.1203213428745,524.3013611426065,526.7637939453125,12134624
2023-10-26,522.2651596499072,523.6384316419934,514.4517813350399,518.0506591796875,19424825
2023-10-27,520.8919203009132,532.7303730350249,520.8919203009132,531.4518432617188,10415296
2023-10-30,533.2038356037756,536.7080286776119,527.047841054176,535.2874145507812,8593704
2023-10-31,536.9922296324908,539.3599202393359,533.3460092199277,535.6189575195312,13039696
2023-11-01,536.2818656519717,539.5019476582157,534.0088597881594,536.4239501953125,13575575
2023-11-02,540.875189434217,544.9950055470891,537.5604227664763,541.822265625,11148516
2023-11-03,545.5158262786344,548.830592584147,543.1007938170342,547.5520629882812,11371371
2023-11-06,551.1983420030499,551.6718800975543,542.911425349224,543.9531860351562,16499138
2023-11-07,544.3793444383654,550.4406547530965,542.2957654048678,549.0673828125,17923281
2023-11-08,551.1036132997641,551.766520334941,548.3570694499737,549.5882568359375,15434808
2023-11-09,550.2512912521584,551.0562829280533,545.9894482045944,547.7415161132812,12434363
2023-11-10,547.2205864297704,550.2512416625661,544.9476383588791,548.8306274414062,6773038
2023-11-13,550.2511881041967,551.6718021870819,544.7581585446942,550.5826416015625,11282362
2023-11-15,556.1704647315032,556.8807718384401,551.7665375465191,553.7554321289062,11397676
2023-11-16,553.7554110919988,556.8807506828024,552.0506856611003,553.7080688476562,8622660
2023-11-17,544.0952543037619,544.0952543037619,532.3514867895021,533.251220703125,37173221
2023-11-20,534.1509536100332,536.8027552939175,530.9308715478544,533.9141845703125,12714585
2023-11-21,536.045106882722,536.6607295090693,531.3097260798711,531.7832641601562,14280013
2023-11-22,533.1565296940364,534.6244861641455,525.7693472920832,529.3682250976562,14909071
2023-11-23,532.0200331450485,533.6774164258742,528.7526088304325,530.3153076171875,6376210
2023-11-24,532.2094483034675,532.6829863733514,529.6523311651066,530.694091796875,6529851
2023-11-28,533.7720990209981,535.2874555553268,531.4044086282419,534.5771484375,8153314
2023-11-29,537.9392847228976,538.8863609283957,535.1927406049756,538.5075073242188,10299034
2023-11-30,539.5966479405728,540.0228437781268,533.8195064246602,534.8612670898438,19758998
2023-12-01,536.9921114929493,543.8110705014656,536.565915716492,541.49072265625,10614230
2023-12-04,556.8808348894886,564.457444887985,553.6134102666476,563.2262573242188,26077882
2023-12-05,563.5576649909151,578.9476527969288,563.5576649909151,576.05908203125,36430152
2023-12-06,581.504796593788,581.504796593788,572.554914792064,576.24853515625,21439069
2023-12-07,577.7164969433031,580.131529754782,572.9811158208171,579.3265380859375,10725706
2023-12-08,577.7164613742833,584.1565677433689,573.3125340795355,581.6468505859375,17722136
2023-12-11,582.4518843244429,587.0925809963234,580.6524163565841,581.7415771484375,11706255
2023-12-12,584.34602945594,585.2457634285711,578.474145313708,579.989501953125,14494836
2023-12-13,581.9309286579414,587.6607275753272,579.2791271049712,587.0451049804688,13977914
2023-12-14,592.8696487197641,594.5270319230541,589.4601978235428,590.64404296875,15813797
2023-12-15,594.763786742552,615.5994608004121,587.0450934582335,613.9420776367188,29813572
2023-12-18,612.4268262567273,620.9505117561671,608.4017525486585,614.1788940429688,16221796
2023-12-19,614.178896420345,624.6914187883696,606.3655180156144,620.7137451171875,19964008
2023-12-20,623.8390450027288,625.4490859501609,600.398911288317,602.7666015625,22542056
2023-12-21,598.6942371598262,614.6051056049055,594.2903097504551,609.6802978515625,19915516
2023-12-22,610.6273291849556,615.0312562708087,601.5354215427969,603.0507202148438,14998068
2023-12-26,605.0395707400135,607.3599188509928,602.0089733268344,604.2819213867188,10153089
2023-12-27,606.8390142316238,615.0785879054715,605.1816310480025,614.2261962890625,14417646
2023-12-28,615.8362543661124,618.7248250055344,612.2847188738049,616.9254150390625,16982092
2023-12-29,611.3376758557351,615.2206650823382,605.7025610083924,608.0702514648438,13221898
2024-01-01,608.2123370371694,612.6636066637731,604.2346055026524,607.4072875976562,8295548
2024-01-02,607.4072591036456,613.7053385549276,600.3041880555562,605.6078491210938,15164482
2024-01-03,605.5130715344494,613.7053027877732,602.1509629952877,609.3961181640625,14571772
2024-01-04,608.4963852753671,612.1900051328654,604.8501654661197,608.733154296875,13883388
2024-01-05,610.8641568235059,617.2569212553799,603.9978542855673,607.9755859375,15984585
2024-01-08,606.1287006578947,610.8640811317845,591.9699014799768,593.8167114257812,14739531
2024-01-09,598.5521321607245,600.777738011181,591.4490609721083,592.3014526367188,13400235
2024-01-10,591.73317522907,592.2067133106882,585.4824956736869,588.8446044921875,12742464
2024-01-11,592.8696781345247,593.9588388441286,585.7666069108683,587.3766479492188,15533860
2024-01-12,590.786048764021,602.8139265740106,588.2289317800174,600.0673828125,16620797
2024-01-15,605.0869435954805,611.337622735401,602.4350842707261,606.223388671875,16844018
2024-01-16,606.1287229383505,610.7694190953231,599.9253858505162,603.1928100585938,15025543
2024-01-17,590.9755375773763,603.0981011461799,590.0284613953612,592.8696899414062,30016308
2024-01-18,592.6802223057629,599.9253777209321,586.2874585176507,595.0479125976562,14695436
2024-01-19,599.4992497853196,601.8669403452932,591.6385286871963,594.527099609375,11675202
2024-01-23,593.816735051732,601.2986596201333,568.8613020834159,573.0757446289062,30954343
2024-01-24,577.6690860249656,589.4127951297775,571.1815799753688,585.5771484375,19221835
2024-01-25,585.7666108260978,590.7861029633766,574.1649277499139,580.3209228515625,22684904
2024-01-29,586.240116875537,596.1844161117133,583.0200349532757,589.9810791015625,19572140
2024-01-30,592.3487686641458,599.9727198414752,591.1649235184444,593.5799560546875,16966577
2024-01-31,593.248543869928,609.1594121757427,589.0813855447404,606.602294921875,23270745
2024-02-01,608.7332050368398,618.3933934805597,599.7359814695897,613.3739013671875,26587707
2024-02-02,617.4936110619957,625.5911000755175,612.4741193428779,615.2680053710938,27471811
2024-02-05,612.8529386660016,620.1454364049642,604.9448761274464,608.922607421875,28339525
2024-02-06,610.3432732703525,620.334915694985,603.950508871969,615.8363037109375,14079390
2024-02-07,620.3821741954093,642.0702395337361,620.3348319524308,639.5131225585938,41696232
2024-02-08,644.3906856459379,680.853120253775,642.5912176991574,662.5271606445312,74222434
2024-02-09,666.4101818840758,689.8029174512828,657.4603003588977,686.8670043945312,43235061
2024-02-12,687.57723460313,687.57723460313,667.215098867638,670.4351806640625,22873137
2024-02-13,671.0508318054963,680.0007134812453,664.9895787916939,675.6915283203125,23351472
2024-02-14,668.209531384723,708.8864614766698,668.209531384723,704.056396484375,36782182
2024-02-15,708.1288129906382,723.5661418914713,702.399014134815,721.3878784179688,33941282
2024-02-16,723.0453396380902,733.6052046316706,713.4798352929603,714.7584228515625,27365121
2024-02-19,718.5466855971592,724.5132537731262,710.3071115422806,719.0675659179688,13979584
2024-02-20,718.878140197099,723.092640626177,714.095417199918,719.87255859375,12528399
2024-02-21,720.3934973720231,736.3517073942173,719.3990211695317,730.6692504882812,21465311
2024-02-22,732.0898177041953,732.0898177041953,716.9366002614177,725.3656005859375,18799244
2024-02-23,725.3656188570327,729.7221458595922,715.0424660921377,718.8781127929688,14143636
2024-02-26,715.0425247498395,725.7918164039028,712.8642610698683,718.7361450195312,11355186
2024-02-27,718.7361245980043,722.0034911226533,702.9199410846512,710.1650390625,13969393
2024-02-28,710.1650270994766,716.6998756485756,701.7834263040562,703.2040405273438,11263318
2024-02-29,704.529955894372,714.0007171898741,698.1371920199082,708.5076293945312,19217113
2024-03-01,712.2012253214909,731.1427472715305,712.1538830776034,728.443603515625,17348526
2024-03-04,733.415788130336,735.8781629797205,728.3015538370722,731.1901245117188,9789141
2024-03-05,728.7751257237001,745.3016167439201,728.3962721270127,742.4603881835938,18088847
2024-03-06,742.1762558623576,748.4742776430227,731.9951871429561,742.4130249023438,26710525
2024-03-07,748.1901327438186,751.4102146649448,741.5605999220379,746.3433227539062,15497868
2024-03-11,748.1901368545919,750.8419384368862,729.7694947090195,732.7528076171875,16778340
2024-03-12,729.2486473566764,736.5884876385131,717.2681107424115,719.4937744140625,21529705
2024-03-13,718.4993277010051,723.2820505868954,703.6775631743476,707.70263671875,27950252
2024-03-14,710.2124078847078,711.0647417125944,695.2012166495516,701.8307495117188,19730882
2024-03-15,700.1260871078978,707.0397318687048,684.7360987203383,693.1651000976562,29792241
2024-03-18,688.6190419826069,698.8475105936745,683.8836612570906,692.2653198242188,18145126
2024-03-19,691.3655971347375,695.4853553107556,682.983996236656,685.4937133789062,15205043
2024-03-20,686.7723283939229,699.8419683708956,681.7054360495005,697.2848510742188,25405455
2024-03-21,702.7304280554747,710.8752589513945,701.3571562240289,704.90869140625,15161161
2024-03-22,704.4825610232863,709.170599460014,702.1622707327812,707.1817626953125,15535921
2024-03-26,703.7249566183376,708.270910802939,699.4157714829856,700.8837280273438,14678342
2024-03-27,703.6776175097407,706.3767615612527,691.5550536950569,694.490966796875,30088789
2024-03-28,698.7054262433901,719.3516746513696,697.9004346418056,712.53271484375,21705116
2024-04-01,718.8781538057333,721.1985019784711,712.2959628767208,718.1678466796875,9949971
2024-04-02,718.0731365019557,728.064778156646,713.4797825681824,725.8391723632812,15713063
2024-04-03,724.4186189959363,731.7110595976199,719.9200069807692,730.2431030273438,19136981
2024-04-04,733.9840367300943,734.2681480220336,717.9784262265191,719.1149291992188,15889530
2024-04-05,717.8363829672766,727.0703754749767,712.7694908570097,724.2764892578125,9939620
2024-04-08,725.507689454445,729.2486518920224,721.4826157264696,727.6386108398438,9797174
2024-04-09,727.7806889266177,731.5689935781403,720.8196444464801,723.755615234375,7465892
2024-04-10,725.933847345905,739.3823398361972,723.2347035208019,737.8196411132812,14530669
2024-04-12,736.1148793486354,738.2458005175444,724.3237706530191,725.744384765625,14408722
2024-04-15,719.5884197508934,722.9031861494083,709.1232402537129,717.41015625,11356572
2024-04-16,711.4909794514435,714.9478306266623,705.003530747474,711.9171752929688,13338991
2024-04-18,712.2486264937273,719.7305514049899,702.7305224873335,705.38232421875,14589648
2024-04-19,695.6274008930026,712.2012327726861,693.3070528688593,710.7332763671875,10886554
2024-04-22,714.2374792815871,728.3015365467629,710.7332860753157,725.5549926757812,17452186
2024-04-23,729.580068899774,736.5411130931677,725.0341150661952,732.08984375,12292429
2024-04-24,737.2987433357519,737.2987433357519,729.438023272222,732.1845092773438,7842615
2024-04-25,729.8642420676275,771.2988227188599,728.9171659384565,769.6887817382812,36732974
2024-04-26,772.7194981434557,773.6665743476738,756.6192026717495,758.8921508789062,14964358
2024-04-29,764.2904978785022,787.2570958630791,756.4297769334296,782.7584838867188,27302732
2024-04-30,782.7584975711517,790.6665609037641,776.5078176272258,782.521728515625,27449073
2024-05-02,783.137350056369,789.7668836015869,781.3378821149746,786.12060546875,19943724
2024-05-03,790.6190928500534,791.9450224719984,776.6023785542086,787.4464111328125,22667634
2024-05-06,790.8085783183144,791.755654460013,760.5021417839598,765.048095703125,35283557
2024-05-07,769.0257723774635,771.5355470964827,751.2207537405488,759.4603271484375,16725013
2024-05-08,760.1232467274178,778.4965459957647,757.1873339703332,767.8892822265625,27908322
2024-05-09,768.9311579165353,795.2125213733023,761.0230372925254,776.4130249023438,49290254
2024-05-10,783.2320208951047,788.0147441654584,772.4353290449478,774.0927124023438,20543142
2024-05-13,776.4603581145727,776.4603581145727,756.33498993591,765.9951782226562,15398505
2024-05-14,769.9728976160259,778.875436405395,765.1428324503737,774.897705078125,10912462
2024-05-15,777.5495004946132,781.6219162809175,774.7556143581575,776.8865356445312,9755062
2024-05-16,781.6219595013043,782.4270089369695,755.1511687191949,768.978515625,20536990
2024-05-17,771.3934803092677,778.9227468345998,768.26814075298,774.566162109375,12492509
2024-05-21,777.5495346221023,792.0397884444491,776.2236048637419,786.6888427734375,14037801
2024-05-22,795.9331822307055,796.0295133266376,783.414724155801,788.422119140625,19239277
2024-05-23,794.1517316465437,804.5516696610887,791.5517324493296,801.277587890625,17497488
2024-05-24,799.2553916967729,810.0886726083256,796.3665167870256,797.9072265625,12252075
2024-05-27,801.7590699633794,808.3072335281287,792.5146936444445,802.818359375,12295193
2024-05-28,804.7443027300019,809.5590944673188,792.8035957117308,800.3628540039062,13818893
2024-05-29,797.7146835951445,803.5405695871641,788.9517277526038,792.1776733398438,14518232
2024-05-30,790.9739767920537,805.0331445629747,788.9517290829909,795.2590942382812,17818705
2024-05-31,799.9294778988177,804.0701868667423,786.8332096505334,799.5924072265625,22267336
2024-06-03,831.5626306363492,878.2179721623354,825.0145259321062,872.1032104492188,64269020
2024-06-04,863.7736004371982,863.7736004371982,704.8373437950039,746.4852905273438,122381193
2024-06-05,761.4592351040986,765.5518076607758,716.4890731382206,760.4962768554688,74256082
2024-06-06,770.3666270723245,802.4812623286783,766.5147939369629,786.6887817382812,40555649
2024-06-07,789.5295559574165,800.699849042878,780.4777241722821,799.207275390625,25061284
2024-06-10,803.2516957835098,814.1331129043821,798.4850404060916,800.9887084960938,16725508
2024-06-11,805.0331354685376,808.4997618244676,798.3405635563713,804.5997924804688,14754408
2024-06-12,805.9961215652175,814.2294035252687,802.144288248299,808.018310546875,15071442
2024-06-13,813.6997946256373,814.5664806385139,805.1294419180801,812.6405639648438,12523972
2024-06-14,813.6997089993326,818.4182278630158,804.1663989581385,808.1145629882812,12903496
2024-06-18,810.3775091653368,819.958955574296,809.1256751864971,813.6034545898438,14929083
2024-06-19,815.4331029467074,828.7219161598205,809.8479563816961,821.0182495117188,32925140
2024-06-20,821.4033966290509,821.4996689454273,811.1478676397271,812.4960327148438,13985352
2024-06-21,813.6034982004232,816.6367816070117,797.9072307555297,805.322021484375,18990090
2024-06-24,800.699845971808,805.0331584274583,790.6369197366024,801.8554077148438,12715254
2024-06-25,805.996104620019,814.5182621448073,803.3961054308986,811.0516357421875,20917530
2024-06-26,808.7404727237647,817.3589609223837,805.0331069252793,814.0367431640625,16281760
2024-06-27,812.6404830567203,816.0108369000839,807.199745485568,812.7367553710938,20378887
2024-06-28,815.5294261991826,831.9959899913704,812.736823556385,817.5034790039062,23636388
2024-07-01,817.888612537416,818.9960380974777,808.8368397383734,810.7627563476562,10967797
2024-07-02,812.7368170641629,814.9516094316318,792.6591597257975,795.5480346679688,21142840
2024-07-03,798.292447663417,812.5923552125606,794.440614381567,808.8368530273438,23598009
2024-07-04,811.7738338725269,813.6034781228886,803.3960850421123,808.2108764648438,13372587
2024-07-05,806.9590387546798,829.3478187678616,805.996080474543,827.9033813476562,24873722
2024-07-08,827.903435254619,832.9589665545163,821.8849456118841,824.5330810546875,10359800
2024-07-09,828.0478896992312,837.7256091400944,824.2923287105681,829.39599609375,13585081
2024-07-10,828.2403880397673,828.3848552906051,812.2553041995063,817.5515747070312,17343236
2024-07-11,822.7516382126789,826.5071405152041,818.273858372934,824.9664306640625,8501366
2024-07-12,824.9664106629458,831.0330363694129,823.6182454951478,827.8552856445312,11446064
2024-07-15,827.8552953420664,854.4810581363205,827.8552953420664,848.7033081054688,25392820
2024-07-16,849.6180412132858,855.2031872360685,841.9143753130872,848.0773315429688,11893692
2024-07-18,848.0292284959793,861.7513839164689,844.9958864196212,860.4513549804688,19435183
2024-07-19,861.8477205923227,865.6995539804449,850.5810961772029,856.406982421875,14562742
2024-07-22,848.7996180509505,861.8476914572568,835.8478169663675,844.3218383789062,14614111
2024-07-23,850.2921373240815,851.7365747034543,817.6478290405348,831.899658203125,18279212
2024-07-24,832.188532102206,835.8477617004108,815.8182418384882,820.4404296875,19624845
2024-07-25,816.1071710805719,819.2367856009398,810.04054545749,817.0701293945312,9522375
2024-07-26,813.362711787555,832.2366700338795,812.7367654134732,830.5033569335938,12081506
2024-07-29,833.9699855260068,856.1661615632173,831.2255780072089,839.3143920898438,26582781
2024-07-30,842.2996149354311,847.9328973347123,836.8107410128214,840.469970703125,13528447
2024-07-31,841.4810813734941,842.5403707610664,835.8477988655185,840.0848388671875,11636874
2024-08-01,845.2848286735671,848.7515140014297,827.6145664441017,830.696044921875,11787203
2024-08-02,824.9663688604599,826.5070785961769,814.8071707781978,816.4441528320312,12609331
2024-08-05,799.2554057076235,800.555375930074,770.3666561037335,781.5851440429688,27676951
2024-08-06,792.1776770526977,795.9331791962649,766.1778026885571,768.15185546875,17900930
2024-08-07,779.0332399118962,780.6702807246692,770.8962307809461,778.6962280273438,17692355
2024-08-08,781.9221664085547,787.507312985182,773.06293798995,778.1184692382812,14769069
2024-08-09,785.7739981345145,799.2072786074854,779.5629051443975,793.7665405273438,15320885
2024-08-12,790.2035442003192,792.5146675912324,781.1517715969126,782.4998779296875,16120449
2024-08-13,783.3665819906377,789.6258109801142,765.5999894887229,768.0073852539062,17585172
2024-08-14,771.2814404594144,779.1777100523152,770.7518251641638,773.2554931640625,11788665
2024-08-16,773.255475013765,784.7147017023967,773.255475013765,782.0183715820312,11427335
2024-08-19,784.8109770417955,794.8257663935242,782.4998537223788,783.5591430664062,10151482
2024-08-20,787.6517443817361,792.5146719871843,783.2221009869668,789.9146728515625,10347493
2024-08-21,789.9146891751129,790.588771746324,781.1517920723019,785.3406372070312,14607257
2024-08-22,788.662838830503,793.3813579571615,786.8331945713555,789.9146728515625,7832917
2024-08-23,791.0702271868793,791.5517063269808,784.3295192254573,785.1480102539062,5537747
2024-08-26,787.6998695275697,792.9480038850295,783.6554330147424,784.859130859375,8523795
2024-08-27,787.5073199593448,789.0962247326166,781.0073511539267,785.677734375,12833290
2024-08-28,784.5702603306938,786.9295198766698,776.625854503473,779.41845703125,10371300
2024-08-29,779.5628735084862,785.7739662465469,777.0592054590912,784.3295288085938,18247268
2024-08-30,786.8814263829273,790.2999167148297,784.1850960274376,785.3887939453125,8911426
2024-09-02,787.0257841074723,794.8257813768107,782.9332114506573,791.6961669921875,11813750
2024-09-03,791.69624247498,795.3554725033293,786.1592318819613,794.248046875,10548350
2024-09-04,785.2443376942574,788.325815931437,783.5110245528155,786.2554321289062,10789570
2024-09-05,788.0369123055189,791.6962009160937,784.2332739868236,788.422119140625,8395074
2024-09-06,781.4406841241514,782.7888492947188,748.2186217676717,753.514892578125,40220096
2024-09-09,755.9222308989729,759.0037090727857,742.4408153160613,755.2000122070312,21322103
2024-09-10,758.8111049121503,759.5814597612606,748.7000432350214,753.6593017578125,12824701
2024-09-11,751.1556455515445,758.811176152104,737.0483410564517,740.1297607421875,20060665
2024-09-12,746.2926556518515,760.6407573153975,744.1259995547978,758.5703735351562,17578964
2024-09-13,761.7000092457633,765.5518424151477,756.0185318111974,761.5555419921875,12950936
2024-09-16,761.5555716904744,765.5518722692779,755.344537482079,756.451904296875,9553736
2024-09-17,756.5000258703583,758.3296701716079,751.637098153009,753.9000854492188,10665630
2024-09-18,754.7667043250664,765.3111094724715,753.0333911386886,763.3851928710938,18324412
2024-09-19,765.5999675189145,771.6665929182252,755.0074264560737,760.6889038085938,10645478
2024-09-20,765.4073730812867,765.4073730812867,750.625986843672,752.7445068359375,21372244
2024-09-23,756.8852061006995,775.1814133728537,755.4407686844768,772.1480712890625,17309545
2024-09-24,769.6444158126969,774.4592072785255,766.9962805064912,768.6814575195312,15180653
2024-09-25,768.3444146087945,768.4406869245006,759.4851869144526,763.72216796875,18465571
2024-09-26,766.5147888755175,773.2554968178902,762.277748944874,772.1480712890625,23198842
2024-09-27,772.1481043919451,778.0703215620741,768.8740813727312,772.9185180664062,15193681
2024-09-30,772.1962595176911,772.8702832866289,757.3185425049131,758.71484375,15484573
2024-10-01,758.811137952777,770.7036494096986,758.811137952777,767.4296264648438,13280535
2024-10-03,760.6408027275493,774.2184915699847,755.2482008550121,764.6851806640625,15944135
2024-10-04,762.6629675013947,779.8517495092212,756.1629990283715,767.1407470703125,20097454
2024-10-07,770.3666227637009,774.2184558775194,737.0482898388944,742.1038208007812,24267990
2024-10-08,743.6445559601656,755.3445229531092,743.6445559601656,752.5037841796875,8560960
2024-10-09,757.5593104537433,774.5554892758929,753.0815308248506,767.8629760742188,18758697
2024-10-10,769.4036799200226,774.6518143977434,765.5518467289336,767.5740356445312,10241015
2024-10-11,767.6703227285054,772.9665930626187,763.6258863548668,770.1258544921875,14322720
2024-10-14,772.2925854662725,779.2740334022208,771.1370237082186,775.325927734375,8967564
2024-10-15,775.6629124338771,777.5888290383062,771.9073515455158,774.8444213867188,6252104
2024-10-16,773.0628831824524,779.0332361787332,772.3406644838936,775.61474609375,6494240
2024-10-17,779.5147505956958,789.1443336790275,776.1443965165297,781.00732421875,18580553
2024-10-18,781.0554877623608,792.1295086964368,773.1592763766439,790.0110473632812,11704698
2024-10-21,794.1517285715379,795.8369056109815,779.0332713770955,783.7999267578125,10359618
2024-10-22,783.8480454773676,786.5924530851014,758.329650876446,761.1222534179688,16645356
2024-10-23,760.7370872594624,763.2407554293255,750.9149004539081,756.88525390625,13866198
2024-10-24,756.9333240763132,767.4777287162982,755.5852177848088,765.1184692382812,5607500
2024-10-25,768.4407670601641,771.0889025356221,743.4038498376525,752.0223388671875,9717125
2024-10-28,754.7667145175037,774.1703480481368,754.5259749390806,762.7111206054688,13757251
2024-10-29,766.5148254883454,803.925732845734,761.2185547092174,801.8554077148438,28274791
2024-10-30,797.3294530672716,802.1442444505282,790.6368812896834,791.9850463867188,15977682
2024-10-31,789.625816992613,797.3294834998579,783.4147241162844,789.8184204101562,13402324
2024-11-01,791.9369337915391,795.0183533490626,788.566579722976,790.7813720703125,1637141
2024-11-04,792.2257844782764,806.4775551912725,777.2036001259493,799.1109008789062,14498161
2024-11-05,799.1109232553587,819.8627216790217,795.6442968785319,817.7442016601562,26254561
2024-11-06,817.7441759391488,829.492278606691,814.8553011245552,823.13671875,15002433
2024-11-07,829.1070762299017,830.4552413269911,815.3367846280997,827.7589111328125,15283847
2024-11-08,827.7589523824207,831.5145133583849,803.2998462002181,811.9183349609375,26139105
2024-11-11,814.662682286405,822.366348312754,810.8108492732305,816.2515869140625,12621337
2024-11-12,820.9219490525154,821.7886350304474,793.7665132938048,796.07763671875,11350729
2024-11-13,792.8516675674828,800.9405405398265,774.8443949499054,778.6962280273438,13756706
2024-11-14,778.6962686314655,787.6999054097373,771.3777501381329,774.459228515625,9461484
2024-11-18,780.9592121300385,786.4480864115857,769.6444516583641,784.136962890625,9322451
2024-11-19,788.6628255309678,789.9146595309171,770.4628906628374,773.2554931640625,13677029
2024-11-21,768.9222221753172,768.9222221753172,733.3409003273077,751.8297119140625,29486577
2024-11-22,756.88525712065,789.5777045997442,755.0074765981217,785.8221435546875,20665405
2024-11-25,796.3664717835007,818.1293046973657,795.0665016573014,813.1701049804688,23434605
2024-11-26,812.7368358136894,815.3368350764866,804.5998261173272,808.3072509765625,8893744
2024-11-27,807.4405312232043,811.292364407334,801.2775746188726,803.2034912109375,8375108
2024-11-28,803.2034750413964,814.4700986330259,799.7368487551913,807.7775268554688,13505677
2024-11-29,809.9441653170932,812.7849039261208,800.7479257305017,807.8738403320312,10822949
2024-12-02,807.8738668385488,810.8108778597823,801.8553775432713,805.4183349609375,6651119
2024-12-03,806.9590409400479,824.8700414893754,805.8998103387524,822.3182373046875,12186182
2024-12-04,822.3182752631592,831.995994696608,818.8034538591721,827.8552856445312,10749716
2024-12-05,828.1441384564639,839.1700227524034,823.9070984244045,833.3922729492188,14716036
2024-12-06,833.1996452731378,843.0218314074111,825.2552395250841,831.658935546875,14520568
2024-12-09,827.1811795615839,834.7403787055949,825.2071268017763,826.266357421875,9630346
2024-12-10,829.8773982578593,836.7625731734661,826.2663048631648,835.3662719726562,7379849
2024-12-11,835.3662917047014,837.6292201091063,829.0589268478445,829.684814453125,7006973
2024-12-12,829.588577653526,832.2848491458258,819.6219827317773,822.0775146484375,8845103
2024-12-13,821.0181697348605,830.9366865999768,804.0701282655722,829.6366577148438,9379370
2024-12-16,827.9515344064523,834.3070944496669,826.025617806868,829.0589599609375,6432713
2024-12-17,826.7478560331779,830.6478254844673,815.6738353243519,819.044189453125,8791216
2024-12-18,819.4775061625006,820.4404644541135,805.9960900799213,807.103515625,8295338
2024-12-19,794.0553299104415,806.9589936527981,789.8183489792347,801.9515991210938,9453398
2024-12-20,803.9739498998235,805.0331805750654,779.9962634758409,781.9221801757812,10244198
2024-12-23,787.025851437494,793.4776841679945,782.114787338898,790.7332763671875,4933200
2024-12-24,793.7183788955526,795.5961593356999,779.2258682332135,781.9702758789062,10602771
2024-12-26,782.885145127243,792.3702614447049,778.0703533367926,782.3555297851562,8318714
2024-12-27,786.0628842447148,787.9888009322062,767.6704033888981,770.0296630859375,10649800
2024-12-30,772.292577441985,778.0221912364731,755.9222859001974,759.1000366210938,21515438
2024-12-31,757.7999962148708,769.5962346158304,756.8851741350371,765.503662109375,9086044
2025-01-01,766.0814709969738,769.0666770195652,760.2555849821816,763.8185424804688,7273098
2025-01-02,765.5518634653022,772.6777785343264,757.848196914708,771.522216796875,11398319
2025-01-03,771.5221710853858,779.5147129032193,762.8074105712243,764.0111083984375,13336514
2025-01-06,767.8629940224499,768.0555386685415,744.5112545755807,747.640869140625,11419367
2025-01-07,750.9629781385199,754.8148111917903,746.1481868219319,749.9037475585938,9669152
2025-01-08,751.9741707073787,754.911181809416,731.9445907621887,742.5853271484375,15641490
2025-01-09,742.5853431803976,742.7778878278531,699.3484904504,732.2816772460938,15351029
2025-01-10,732.1853132713054,735.1223830791824,714.5631882955921,715.71875,11779296
2025-01-13,714.0335881192036,716.3928477377098,695.7373801970662,702.4780883789062,10414733
2025-01-14,705.8003381418084,728.9594748276388,705.8003381418084,720.4373168945312,11960975
2025-01-15,725.252061939764,730.7890721249498,722.2187198068513,725.7816772460938,7792299
2025-01-16,732.2334984141427,747.929706597395,732.2334984141427,737.9149169921875,11816079
2025-01-17,737.9149678673344,739.5038726459838,731.2705905527847,735.7964477539062,5766573
2025-01-20,740.5149313492541,755.9222641211501,739.4075057965499,750.38525390625,9198929
2025-01-21,755.7296474236301,755.8259785163474,728.044596835733,730.9334716796875,13751780
2025-01-22,733.7741747049805,734.7371329395015,710.6631770764773,725.5408935546875,9908339
2025-01-23,722.2186740896237,727.6594116108213,715.5742387782767,718.2705688476562,10986405
2025-01-24,722.1224594960153,725.7816893156935,711.6261904172143,716.58544921875,10579213
2025-01-27,712.5891362148737,727.3705224901476,708.6410307266503,721.4483642578125,11433353
2025-01-28,728.9594308479976,731.6075661648166,717.7891381122306,724.5298461914062,14140860
2025-01-29,725.1075785552505,732.6186413192878,722.0261003310969,730.355712890625,9251973
2025-01-30,730.4520203133268,736.6631132188579,726.7927904600431,734.3519897460938,11085824
2025-01-31,736.5668412651819,748.7482287285419,731.3668428360176,744.2705078125,10083763
2025-02-01,746.1000586507049,749.9037555863902,724.2890890176571,737.6260375976562,9363077
2025-02-03,734.5445718854385,734.5445718854385,725.2520596511663,732.7631225585938,7862190
2025-02-04,738.5889944967314,752.3111498703669,737.2890243394788,750.3370971679688,12020807
2025-02-05,751.107474382643,753.0333909836241,736.6630998752845,737.6741943359375,13419162
2025-02-06,740.5149273858113,742.2963767183029,722.2668559769037,724.3853759765625,32745391
2025-02-07,731.6557177630287,731.75204885935,704.6447487163948,709.8928833007812,37240692
2025-02-10,712.5891075604651,716.3446682586824,706.2336065973515,709.5076293945312,12667049
2025-02-11,710.1336193776868,712.7336185765542,699.6373502606822,704.018798828125,13017060
2025-02-12,705.9928588867188,711.3372653768854,690.5855270091603,705.9928588867188,12697743
2025-02-13,707.1965624268578,710.1817094926294,699.2521568630419,700.6965942382812,12370571
2025-02-14,703.8743505061794,705.7521308643177,689.6707161993432,695.4003295898438,10417539
2025-02-17,692.4151383583221,701.7558454140641,685.1929512700127,700.7447509765625,9093600
2025-02-18,700.7447443190354,701.2743596122846,690.7780909672726,698.9151000976562,8562003
2025-02-19,695.3040270429543,707.6298814976512,695.3040270429543,700.3595581054688,6766606
2025-02-20,698.0484664022894,704.4039674105562,696.5558340793757,702.670654296875,7423268
2025-02-21,700.359526366243,704.5965661934869,693.3299428670359,695.255859375,6571602
2025-02-24,684.1818648659195,693.089229046088,684.1818648659195,689.8633422851562,6912148
2025-02-25,692.318880181649,692.318880181649,683.7003916586949,684.5670776367188,8599635
2025-02-27,689.4781266274379,691.1151674539011,675.1300247842662,677.8263549804688,12033139
2025-02-28,674.9375369686069,675.370821210472,657.3153519889653,663.2857055664062,15780609
2025-03-03,664.5856611067829,671.5671084335651,654.811611339565,669.5448608398438,10598479
2025-03-04,667.3300691464701,691.8373684334783,666.4633832092842,689.5262451171875,14386214
2025-03-05,690.970715357852,704.2113919626877,690.4411000485206,703.2965698242188,10409805
2025-03-06,708.7372906926826,709.4595093992308,700.0706662141035,704.93359375,10928847
2025-03-07,704.9335834778076,707.6298548547695,701.0336142741386,705.607666015625,7246729
2025-03-10,705.6076955415114,711.1447057760574,699.6854784765769,701.9003295898438,7400109
2025-03-11,698.0485277239401,706.8595613151393,695.930007610309,702.8151245117188,5538789
2025-03-12,703.5373526546633,709.7003096539208,692.4151953776362,696.2670288085938,5547762
2025-03-13,699.0114994024942,704.3559065637423,697.6633341842002,700.8892211914062,5908337
2025-03-17,701.9002911815586,704.1632195569075,695.5447314737941,696.36328125,5149563
2025-03-19,712.2039126231394,721.5446195922909,711.7224334883822,717.5001831054688,7604850
2025-03-20,720.292765833536,724.8186813309343,716.6335362646441,721.7853393554688,6963197
2025-03-21,722.1705565633118,727.611235450561,719.3298179504133,725.3001708984375,9577327
2025-03-24,729.9223707530908,753.9481914133478,727.1297682523594,751.8778076171875,12095064
2025-03-25,754.8630261504609,756.8852150473521,740.7075275492936,744.2222900390625,15190143
2025-03-26,743.4038006048552,747.3037699282959,733.2446023903115,735.7001342773438,7711852
2025-03-27,735.5075423870684,747.063042059369,732.3297917320479,743.6926879882812,15648616
2025-03-28,743.5000536959915,749.7592824252198,738.5889900489357,742.9223022460938,7628185
2025-04-01,738.3964100364205,753.7556066211873,734.92978367858,743.1149291992188,7011125
2025-04-02,743.6926981564776,748.2186140115384,735.9890316029483,747.20751953125,5458436
2025-04-03,741.4778693122336,755.6333676630561,741.4297331535035,750.3370971679688,7956680
2025-04-04,750.2407674906192,753.9000559499343,736.6630793418844,739.0223388671875,8231194
2025-04-07,702.9595626780941,725.7816862623683,702.9595626780941,719.2335815429688,14923235
2025-04-08,731.8483424817248,745.3297593169144,730.0668930525142,740.1297607421875,12911288
2025-04-09,738.5890580792018,739.5038802710596,713.552140856178,714.7077026367188,11319387
2025-04-11,730.8853451496299,731.5594277102952,718.3668873275676,725.9260864257812,9360327
2025-04-15,741.4778565892068,742.1519391227857,729.0556715859763,735.2186279296875,7859090
2025-04-16,735.2186797710156,746.0519609071307,732.3298048013849,743.1630859375,12536694
2025-04-17,743.4037724463682,771.3295618258302,738.7334484219398,767.9110717773438,27034818
2025-04-21,773.2555185548143,793.8146548472636,771.7148087772562,786.4480590820312,16398507
2025-04-22,790.7332527762891,804.5516812424216,783.8480772367818,791.9369506835938,25117557
2025-04-23,795.4035350043313,800.2183263784495,780.0924749249118,783.3184204101562,12104382
2025-04-24,782.644317299962,788.6628063594819,781.1036076104479,783.270263671875,12713521
2025-04-25,784.8109946884551,788.6628277912206,757.8481629690972,769.066650390625,13131038
2025-04-28,769.0666410567842,792.322047867904,767.8629432267787,787.0739135742188,11317611
2025-04-29,789.6257719721119,798.2923962986351,779.0332311285836,782.4517211914062,11283059
2025-04-30,781.4406459920804,781.4406459920804,755.4407723731201,759.4370727539062,25635764
2025-05-02,761.0740832238849,773.6407362949234,759.7741130041347,767.1889038085938,14720184
2025-05-05,753.0333941109573,769.4036852872824,753.0333941109573,760.737060546875,23986447
2025-05-06,764.5407836505257,769.5481787593242,742.5371503787388,745.426025390625,18869468
2025-05-07,736.9519906088443,753.418613146944,736.229771868778,747.3519287109375,15586266
2025-05-08,750.1444750563841,757.3666619150783,735.7001013389954,740.514892578125,14491673
2025-05-09,728.4779526212103,752.7445134918086,727.5149943229668,750.38525390625,13578216
2025-05-12,769.4037033297868,774.12222264216,763.6259533673605,771.95556640625,15096824
2025-05-13,769.018476685771,777.7332963407931,767.6703703271746,772.0518188476562,13909596
2025-05-14,775.9036380329437,777.5888150314639,766.8036704860727,771.0407104492188,9281719
2025-05-15,774.6517783287684,779.4665695934455,765.0703319571993,777.8295288085938,17058854
2025-05-16,789.7644580739088,789.7644580739088,776.9946347468432,778.0751342773438,14733924
2025-05-19,778.0750903727592,787.2104729702169,778.0750903727592,780.9237670898438,10666184
2025-05-20,784.0180560729261,785.2459236919375,769.9220998339915,771.7393798828125,11324667
2025-05-21,773.0654298291093,776.9946060925355,765.3052827270537,773.1636352539062,8206040
2025-05-22,774.0477442991881,774.2442151084329,766.4840678018166,771.346435546875,7355826
2025-05-23,773.9495383488706,780.874699700136,772.2796264031289,776.5034790039062,5534158
2025-05-26,777.9769427872259,783.4286631605596,775.2265312430146,780.33447265625,4965466
2025-05-27,780.3344684569088,787.1613645883718,776.0614530866071,779.6468505859375,11995043
2025-05-28,780.4326591919574,784.7547771957036,778.6154390963333,782.4463500976562,6873519
2025-05-29,784.8529869834019,786.2282227070898,777.3384131262393,783.232177734375,14034127
2025-05-30,783.8706869171444,800.0785394661832,778.5662748283969,797.91748046875,22037314
2025-06-02,798.4577080916993,807.9859725290632,794.8723707211232,799.2435913085938,26891575
2025-06-03,801.7484370268255,803.9094959854718,790.8940994751483,795.4617309570312,14247597
2025-06-04,802.5342413659282,802.5342413659282,790.9922862422444,792.2201538085938,9607927
2025-06-05,794.3812098308251,797.3280919793597,788.6347536685006,791.72900390625,13595507
2025-06-06,792.3675287830383,801.9939985959651,788.88033690073,798.6541748046875,17163935
2025-06-09,802.9272300169949,809.9014942207324,801.2573180380161,805.5302734375,12793040
2025-06-10,806.4634476687678,807.4948444720902,800.1767415127031,802.5833740234375,6560513
2025-06-11,802.5342598525855,806.0704945433416,798.6541862626485,800.6187744140625,7197825
2025-06-12,801.5519752269744,802.0431222706184,787.0140347260071,791.679931640625,13448521
2025-06-13,772.3287088939938,782.2007522600275,772.3287088939938,778.3206787109375,11377117
2025-06-16,778.4680786132812,781.3167555010375,772.2305350251097,778.4680786132812,8085001
2025-06-17,779.9415184126576,784.7056208342702,776.5525917636725,778.2716064453125,7753156
2025-06-18,778.4680756237817,781.4149579289822,774.3915311197982,777.8787231445312,5710169
2025-06-19,778.320667516001,779.2047561439027,767.8592718430074,771.1990356445312,11824333
2025-06-20,773.5565989033221,785.2950253156704,772.181363190149,782.053466796875,11367669
2025-06-23,776.0123304607985,780.874698193188,774.5388893270122,776.2088012695312,5549253
2025-06-24,784.8529460243278,792.3675194893278,779.5976968381185,781.3167114257812,11402190
2025-06-25,785.3440886452789,789.567941046098,782.0042649119035,785.8843383789062,6528324
2025-06-26,787.7998677833231,789.1259408358321,777.3875743106198,782.9375,24704402
2025-06-27,790.7467068374075,795.1179273319369,788.4383398116579,791.1396484375,19375990
2025-06-30,794.6759369772839,806.4634663267615,792.7604514670988,805.824951171875,19652607
2025-07-01,805.4811416394373,810.2944065895595,798.8506566320394,805.7758178710938,11456405
2025-07-02,806.4634551919074,809.4594402026391,794.6759260051804,798.5068969726562,6661200
2025-07-03,799.0962152227779,800.0785092795976,791.5325389943724,792.8095092773438,7020403
2025-07-04,794.4303152499558,799.4399909377498,789.8626239223718,797.4754028320312,4319538
2025-07-07,796.8369801203829,798.2613185459272,790.8941128494637,792.56396484375,4461783
2025-07-08,793.5953947208753,799.1453201848503,791.0904969053553,798.2612915039062,5935770
2025-07-09,795.6581782931005,798.0648106998194,794.675884245825,796.5913696289062,4099112
2025-07-10,796.9351619351286,801.0608089938022,792.613104027281,793.693603515625,12178137
2025-07-11,793.2515938303184,798.1630643635436,790.3047115103832,794.3321533203125,6202372
2025-07-14,795.4617558456557,801.0608442463658,793.6936384439774,794.528564453125,6938635
2025-07-15,796.6405037947652,806.4634446553665,796.1493567517351,801.9940185546875,9297645
2025-07-16,801.5519699633943,819.4297342255312,800.8643521159136,816.9739990234375,16458920
2025-07-17,823.5553655077234,827.5827471798666,811.7186740978348,814.32177734375,23073718
2025-07-18,817.2686571434967,817.9071722636787,805.7267019494631,808.7717895507812,15387801
2025-07-21,808.4280466091758,812.7010019745913,803.4674733809013,809.6068115234375,8852594
2025-07-22,812.848378561757,813.3886283330482,799.5874080353719,800.5697021484375,7851163
2025-07-23,798.113968917551,810.5891161764496,797.1316748019602,806.1196899414062,15470390
2025-07-24,805.4811769361788,807.3966624575928,796.29675091266,801.25732421875,10118309
2025-07-25,800.569684169264,804.6953313423805,791.2378903047143,792.269287109375,6734439
2025-07-28,792.269295178368,794.6268250025805,781.906104403612,783.0357666015625,7734158
2025-07-29,782.1025562450097,785.8352617474154,779.057408633055,785.0494384765625,7833759
2025-07-30,784.8038487430033,789.1750692870572,782.1025400865564,787.4560546875,8743723
2025-07-31,781.0220116677076,789.5679822929258,778.5171737140591,782.4463500976562,11359112
2025-08-01,781.6114403088707,786.8175871342196,777.9769400877676,779.9415283203125,15468391
2025-08-04,780.4326243068729,783.0848302381428,772.62337460265,781.6113891601562,8820724
2025-08-05,783.8706809392065,789.8135481709712,782.2007690014489,786.4246215820312,7381537
2025-08-06,786.7684568691343,795.8546771264834,784.8529714185823,790.8941040039062,7409396
2025-08-07,786.915765008732,792.3675451267196,779.3521485418682,790.8941040039062,7091392
2025-08-08,790.7467609363763,793.4971724617818,776.0123492419096,790.0591430664062,15708181
2025-08-11,793.6936009259229,810.392599955305,793.6936009259229,808.8700561523438,15236297
2025-08-12,810.3435108131079,810.8837605645641,805.481143141057,806.0704956054688,7986728
2025-08-13,808.0842230461906,810.3434873670307,806.1196349490305,807.29833984375,4447508
2025-08-14,807.4457350525524,813.3394995419872,804.5970582342032,811.9151611328125,7087573
2025-08-18,821.1978592084581,823.1624473883827,810.5399923141568,812.9957275390625,6138124
2025-08-19,812.8483446933888,816.2863739458684,811.1784327798614,815.697021484375,5076681
2025-08-20,814.0271315534591,817.1704846600775,812.7501612160911,814.272705078125,4493888
2025-08-21,814.272717098252,818.4965697939625,809.4594519619582,811.0802612304688,4402511
2025-08-22,809.4103255407733,811.3749137095616,801.2572966311966,801.7975463867188,5097647
2025-08-25,802.9763126407477,805.9722976123364,799.7838568610522,801.9940185546875,5672898
2025-08-26,800.4223233479629,801.404617447895,792.4657651203016,793.5462646484375,6997817
2025-08-28,792.9568789424643,796.6404816628535,786.4737621363677,787.750732421875,7898436
2025-08-29,786.5228982350536,792.4166628378574,784.3618392231308,788.291015625,6861440
2025-09-01,788.8803576581267,793.9882989038185,788.4383732823478,791.7781372070312,5619805
2025-09-02,792.0237296591938,796.1493769160325,788.4383921269514,789.666259765625,5075460
2025-09-03,790.0590972888992,798.8997437933355,788.7821270069304,797.7701416015625,4261589
2025-09-04,800.2258915459101,802.2886851199853,793.6936119705517,795.06884765625,4471950
2025-09-05,797.1316242177459,798.1139182710025,789.4206398814698,792.318359375,5194842
2025-09-08,793.6936078879036,799.4400042107487,792.5148430140074,794.4794311523438,4614227
2025-09-09,797.6228148719179,797.966593827573,791.3361086054234,794.528564453125,4567272
2025-09-10,797.622777526262,809.9996587129843,796.0511310104619,803.7130126953125,7285853
2025-09-11,804.5970423736838,811.0802191569468,804.4988369492515,809.0665283203125,7425055
2025-09-12,809.5085114612542,811.1784233553801,805.2846589910332,808.96826171875,5078018
2025-09-15,808.9682688172991,813.1430186120108,806.561636356512,810.1470336914062,3852494
2025-09-16,810.4908511172532,818.2509986153229,807.1019843806856,816.82666015625,9467531
2025-09-17,819.5279331306582,842.9556827448961,816.2863746805828,841.973388671875,17243938
2025-09-18,843.4468127830675,845.5587090248177,836.0304447176452,839.222900390625,10400847
2025-09-19,836.9145788068039,849.1441524246292,834.262372728141,847.081298828125,15206426
2025-09-22,846.7374795324375,852.8277146939828,838.8791270541783,840.1069946289062,6594034
2025-09-23,839.4684757773939,858.7705779481222,836.1287119616596,855.1851806640625,14357863
2025-09-24,860.4896293435494,864.9099527819579,849.1441445091953,850.8631591796875,12840160
2025-09-25,851.2069400560208,854.7432347874252,844.7238229801568,845.902587890625,8678821
2025-09-26,846.7374895737396,849.0458566598143,837.8968429308584,841.7769165039062,6959545
2025-09-29,842.8574336077328,858.0338893192718,840.8437427101278,855.3325805664062,22641712
2025-09-30,854.5467671830805,862.0612811008727,852.2383400675699,857.0025024414062,12831593
2025-10-01,856.8551164386336,860.9316608640574,847.5233226519999,848.80029296875,10832384
2025-10-03,849.8317681995126,857.5427529354124,848.5056351862063,851.9436645507812,8019442
2025-10-06,852.6312903204407,859.8020253564342,847.5233489405293,858.5741577148438,7820352
2025-10-07,858.67240059065,861.4719147583033,847.7197975329713,849.3897094726562,9242580
2025-10-08,851.4524964349083,852.434790514772,842.0715999631051,843.0538940429688,7156112
2025-10-09,846.3445463246103,850.4701934075276,842.906517081258,846.835693359375,7020501
2025-10-10,846.8357087276893,868.1023997007326,846.0498854486992,865.0573120117188,13713015
2025-10-13,863.4365156616575,872.3753680081057,860.4896333556451,867.3165893554688,11923143
2025-10-14,867.3656576175208,868.4953197717444,856.6586283491738,861.4227905273438,7681973
2025-10-15,862.552413904726,871.7860023052981,861.5210171041608,870.4107666015625,8269225
2025-10-16,872.5718005367993,876.0589324550273,866.8254042739779,871.2457275390625,8493686
2025-10-17,871.7859901135612,878.9076221454748,867.3656667834078,873.4067993164062,8511854
2025-10-20,878.7602670499772,897.4730173879747,875.273135028841,891.431884765625,13546463
2025-10-21,891.9230028558147,893.8875909678319,890.3513563479894,891.775634765625,1783576
2025-10-23,895.8522005767054,901.7459650541837,888.7796712128369,895.41015625,13382769
2025-10-24,894.8207940870866,897.9149844315482,884.9978533977383,888.4849853515625,5313227
2025-10-27,890.8916307113675,911.5689091709564,889.9584393414725,906.411865234375,9150761
2025-10-28,910.6848024520077,919.2798755091706,901.4512742261386,913.779052734375,22066289
2025-10-29,917.3644435934705,925.3701041834124,913.7790463044942,923.11083984375,12314222
2025-10-30,922.8161933430813,928.1697081157838,916.5294871954993,917.8064575195312,13044473
2025-10-31,918.3467523280527,929.9378103922294,913.7790609093079,920.4095458984375,12078252
2025-11-03,922.1285723673408,936.5192046955284,920.9007047609928,932.8847045898438,11744735
2025-11-04,934.1616585246089,942.314687296863,924.8298648800413,940.644775390625,19154518
2025-11-06,952.4814547462262,954.2004693430785,938.3854990793552,943.739013671875,23088096
2025-11-07,941.7744580906816,947.7664280534589,927.2856202739019,938.92578125,13371323
2025-11-10,939.0731232147145,946.1456524515773,932.2952702055394,934.3090209960938,7343249
2025-11-11,936.7156357136287,938.041768729716,928.3170330963064,936.4209594726562,8648917
2025-11-12,940.7430695871906,944.5248778824666,934.5546287610688,940.2028198242188,7043323
2025-11-13,937.3541550706268,946.8824199346525,935.586037662384,937.1085815429688,8894441
2025-11-14,936.0771717973782,951.8920827784771,935.1439804142634,950.7133178710938,11032927
2025-11-17,953.8075386869531,958.7190090200476,951.3518035204058,956.1159057617188,7415026
2025-11-18,958.3260628811324,959.4066223219879,951.6955779628004,955.2318725585938,6594686
2025-11-19,955.2318704792619,967.0193991973044,951.6464731790688,965.3494873046875,8291226
2025-11-20,968.5419358569656,969.131288306733,962.0096564254319,964.1707153320312,6440857
2025-11-21,962.3535354628224,963.2375641743527,953.8566675716402,955.3792114257812,5377241
2025-11-24,958.2769795122267,960.3889357698928,950.9097738987026,953.4146118164062,9901946
2025-11-25,958.276992765206,971.4397576251993,954.1513455736803,966.1844482421875,9140201
2025-11-26,969.1313331127609,981.3118039098479,964.760172340205,966.4791870117188,13943490
2025-11-27,969.2295646138847,971.0467846498851,951.7447422714566,955.624755859375,11909168
2025-11-28,959.5048346119848,965.5950698307025,955.8212318532206,961.6658935546875,8117842
2025-12-01,968.0017293926574,973.6499204475664,952.6779055144807,955.870361328125,8808306
2025-12-02,958.7190050026365,963.0902255716678,947.8155648906452,950.1730346679688,13444314
2025-12-03,953.2672831530164,955.3300766986022,930.7727251822406,934.2107543945312,14051968
2025-12-04,934.2107677926339,935.6842089047472,927.7276508811245,931.31298828125,13622724
2025-12-05,932.049720989894,956.0668234213827,929.9378246743456,954.2987060546875,17347847
2025-12-08,953.6601656790195,955.2809748623741,934.8492703729215,939.466064453125,15386438
2025-12-09,937.8944043562335,946.9315221602762,933.6214489589805,942.3638305664062,9580294
2025-12-10,943.1005538600858,946.8824221676225,938.3364513940754,942.7567749023438,6989178
2025-12-11,945.0651010209991,949.3872189119578,941.479763637212,946.1947631835938,5979035
2025-12-12,948.8960717352387,949.8783658053579,941.0377191742843,946.0965576171875,5681930
2025-12-15,940.3010214625418,951.6956089709226,940.3010214625418,950.1239624023438,4416952
2025-12-16,948.9451629202439,951.8429423827886,941.0868104547513,944.1319580078125,4764786
2025-12-17,948.4540382267455,961.1747585707222,947.2261706250966,958.5716552734375,8013382
2025-12-18,960.5854160531443,964.072548087051,956.2632980687841,960.2415771484375,4926879
2025-12-19,962.5990921488027,964.6127830145067,959.7504153454842,962.94287109375,5376584
2025-12-22,963.7287212154426,965.595103994373,955.3301186192043,957.0491333007812,5959037
2025-12-23,959.0137084154704,960.2415760284049,953.5128854913131,954.691650390625,5123287
2025-12-24,955.9686342202896,959.9960160658125,950.3695458353262,951.7938842773438,4105643
2025-12-26,951.7938380949545,953.8075289200087,947.6681910665071,949.1907348632812,3286321
2025-12-29,949.7801706470483,951.7447588085237,944.4266559161334,947.962890625,5267233
2025-12-30,945.9491873630989,958.915481049936,942.5111581255383,956.2141723632812,15030644
2025-12-31,957.9823092348453,968.1981917309051,956.2632945810017,964.8092651367188,5807630
2026-01-01,965.7915430941249,970.1627637032144,962.9919690176538,967.3140869140625,4328348
2026-01-02,967.0685336904954,991.6258859934536,966.528283930725,981.2626953125,7357435
2026-01-05,982.2940684850213,997.5196265465391,982.2940684850213,987.7457885742188,11259060
2026-01-06,990.1033041483112,1005.869111730934,987.1564219850369,1000.8594360351562,9575742
2026-01-07,1004.5921658085748,1004.5921658085748,986.2232545545625,989.3175048828125,7896720
2026-01-08,988.7771726722618,993.6886429516878,978.2175115714958,980.3294677734375,6854268
2026-01-09,978.3648939690311,990.1524228120314,976.400305828531,982.7852172851562,7809460
2026-01-12,990.1524157511643,999.2386358361825,978.364886992222,997.1758422851562,7617922
2026-01-13,1004.6903698484319,1011.2717521544648,998.0107821164995,1010.2402954101562,11016895
2026-01-14,1011.762899052176,1012.1558406646648,1002.4311053230539,1010.14208984375,7370514
2026-01-16,1013.7274769567848,1028.9038723255544,1010.1912422980266,1023.8451538085938,11051580
2026-01-19,1016.6743972572739,1025.1221025667041,1015.6921031536436,1020.0142211914062,5460164
2026-01-20,1021.3402828105476,1033.3733854452475,1014.758960353515,1018.0496215820312,8905718
2026-01-21,1013.7274897970154,1022.1751948968682,1003.9045490044088,1010.4368286132812,7408949
2026-01-22,1016.6743620200224,1036.8113904465058,1015.7412306174947,1029.7879638671875,12001641
2026-01-23,1033.27513930533,1034.3556387828587,1007.4407577235297,1011.271728515625,10917698
2026-01-27,1015.7903012550574,1036.3202718546306,1012.0084929651499,1034.5030517578125,14420630
2026-01-28,1040.6424178822,1046.7325934811859,1025.6624325065334,1044.6697998046875,12171257
2026-01-29,1044.1786063237967,1055.9661352757114,1041.5264602731938,1047.3218994140625,14800724
2026-01-30,1045.1609334664397,1063.3333745088544,1041.6246986507867,1058.078125,9480769
2026-02-02,1001.841784674364,1013.0399614867208,972.4711668650343,1010.4859008789062,14434549
2026-02-03,1067.7536525315768,1070.5041238871402,1021.8805674931078,1045.3572998046875,16129381
2026-02-04,1045.3573226632539,1054.8856472820669,1037.5972952790487,1049.2864990234375,7312276
2026-02-05,1049.2864692879657,1061.8598812478167,1048.5989114079966,1054.49267578125,9551567
2026-02-06,1051.0546673292163,1054.590902041245,1032.3910797785106,1047.5184326171875,7041557
2026-02-09,1100.1693390052355,1129.638160585733,1081.0146049779123,1125.708984375,40852966
2026-02-10,1130.6205046120729,1133.5673869003754,1117.9488867905825,1123.8426513671875,17280036
2026-02-11,1124.43198276359,1166.474217252129,1122.5657199431428,1161.9556884765625,29491859
2026-02-12,1162.0538873261555,1182.3873266556052,1153.9991238982925,1171.2874755859375,33214985
2026-02-13,1167.9476861585035,1179.735215371205,1163.5273627037404,1177.377685546875,18141390
2026-02-16,1172.859149893071,1190.8351798022472,1164.3132392267757,1186.70947265625,14972739
2026-02-17,1184.7448547341048,1203.8013836881914,1182.7802665926308,1191.9156494140625,20107196
2026-02-18,1197.220031881822,1202.4261183830988,1192.5049724948722,1197.3182373046875,10417264
2026-02-19,1201.2474588953376,1203.212047062667,1177.9670171671169,1184.3519287109375,9630899
2026-02-20,1184.8430141192323,1196.4341316671034,1180.5210163030872,1194.5677490234375,9958162
2026-02-23,1200.3633155560203,1209.302167328373,1195.5500507835413,1206.0606689453125,9733835
2026-02-24,1210.1862912839226,1212.8384373028666,1198.1040262888578,1201.640380859375,15788449
2026-02-25,1206.3553078239622,1206.3553078239622,1176.2971336514831,1178.85107421875,19581100
2026-02-26,1179.7352169268681,1193.880275982552,1167.849482270177,1188.084716796875,16196052
2026-02-27,1185.6289359982593,1190.3439954720204,1177.3776418736493,1180.4227294921875,10700355
2026-03-02,1164.0185219818375,1176.1007875153553,1158.5176989399156,1168.831787109375,16270835
2026-03-04,1151.3468160340765,1161.7591088376892,1137.1035525068773,1153.704345703125,13855065
2026-03-05,1160.0893510848653,1162.250350176651,1130.227585974388,1148.79296875,22100665
2026-03-06,1147.8105829193835,1148.5964661130286,1117.8506147730068,1122.7620849609375,20333328
2026-03-09,1095.2579011773867,1095.2579011773867,1045.4556391950514,1079.050048828125,24631198
2026-03-10,1091.426946764578,1100.0711827783487,1084.9438297087236,1092.5074462890625,17491459
2026-03-11,1093.68621097212,1096.1419460785291,1068.735918309216,1071.781005859375,8364878
2026-03-12,1056.0643275370824,1078.5588856550278,1051.545798810298,1065.9854736328125,14614140
2026-03-13,1058.4218838608822,1062.1546493731119,1023.8451797948526,1028.4619140625,15978675
2026-03-16,1030.1318158454478,1054.0016113922836,1017.754933672958,1047.8131103515625,15322269
2026-03-17,1054.8856886705516,1054.8856886705516,1028.4619526297915,1045.8485107421875,16427877
2026-03-18,1048.5989519731277,1056.3590993465684,1042.5087765154108,1050.8582763671875,10749915
2026-03-19,1030.917599515117,1040.936950803617,1022.5681001383867,1030.3282470703125,13431191
2026-03-20,1039.6600314398456,1065.7890288095168,1035.3379137006734,1039.26708984375,17748625
2026-03-23,1020.6035363599531,1027.086653225109,996.2426554714183,1013.6292724609375,16039603
2026-03-24,1036.5166462758839,1040.2494116751225,1001.9399432564919,1012.5487670898438,30416734
2026-03-25,1024.5326936323975,1046.6343097462316,1024.5326936323975,1041.821044921875,16205333
2026-03-27,1032.6857904923231,1036.6149667218629,995.0638801309044,1001.4487915039062,20445349
2026-03-30,987.2055421466002,991.5276600442548,958.522543259506,962.058837890625,21438137
2026-04-01,990.1524604010582,1012.745224874495,980.7715636649391,999.7789306640625,17424479
2026-04-02,982.2941115339542,1007.833758433837,960.5854356508436,1000.3683471679688,20777629
2026-04-06,1001.939983603395,1017.3619530344956,987.2546747939996,1014.4642333984375,23576634
2026-04-07,1006.8514108515341,1015.3973212044529,994.0815880797585,1012.1558227539062,15021291
2026-04-08,1054.9838445577764,1058.7166100346876,1040.6914176944629,1042.656005859375,28533742
2026-04-09,1041.329937682068,1045.504687551959,1019.9159985301128,1022.5189819335938,24772948
2026-04-10,1030.4265520507975,1050.5144192344412,1027.6270377357864,1047.8131103515625,17861336
2026-04-13,1023.5503875880017,1048.353312047308,1011.7628591320939,1044.7188720703125,17763348
2026-04-15,1056.9483994035816,1068.7359280214653,1049.2864578383803,1052.528076171875,16195810
2026-04-16,1058.9129934902317,1064.9541259228224,1043.1962885775752,1048.255126953125,20313165
2026-04-17,1048.1077725199245,1062.9895516597985,1041.2317140310404,1061.1231689453125,16823879
2026-04-20,1061.1723665018162,1101.102525826513,1056.8010858019393,1088.2344970703125,31179584
2026-04-21,1093.6863001427537,1095.012373226544,1086.3681369836245,1092.1636962890625,16963734
2026-04-22,1090.3464592751195,1098.057444036852,1080.6217236295247,1083.76513671875,12412659
2026-04-23,1075.6119646643676,1082.3898174645885,1063.038553095583,1074.875244140625,13669001
2026-04-24,1072.0266364810311,1086.4172689530212,1070.749726103037,1081.60400390625,13774745
2026-04-27,1091.2796075968854,1095.0615358962568,1083.8633589162316,1092.1636962890625,11624385
2026-04-28,1082.7827735553876,1090.8375367592364,1069.8655828843748,1071.9775390625,10727835
2026-04-29,1074.6297819435,1085.4350174109393,1065.0524141428152,1067.655517578125,10611104
2026-04-30,1055.9661789414106,1058.6183251016832,1044.1786495020647,1049.5321044921875,14269539
2026-05-04,1044.7679726198023,1069.816471974203,1044.7679726198023,1049.4830322265625,11693211
2026-05-05,1041.8211028311687,1049.581250235382,1030.8194568287804,1041.133544921875,12194631
2026-05-06,1053.019301365762,1081.6040364042549,1042.4104768585712,1076.5943603515625,14384779
2026-05-07,1086.4172785832332,1088.381866790436,1066.8696019397742,1072.6651611328125,16105163
2026-05-08,1070.7005210892246,1075.6119913694504,993.0010852378409,1001.2523193359375,48065909
2026-05-11,989.1701581334676,989.1701581334676,953.9057759818752,956.3615112304688,46927396
2026-05-12,959.6031354409057,964.0234589147167,945.3598709141811,957.3438110351562,25787092
2026-05-13,960.6836091187947,963.8269621620207,944.1810805849492,952.9234619140625,17584580
2026-05-14,956.2632817330172,969.5242517416415,946.5385464115705,962.5499877929688,16487142
2026-05-15,971.2000122070312,972.5,957.0,963.2000122070312,26972493
2026-05-18,952.0,954.9000244140625,933.9000244140625,939.4000244140625,16554877
2026-05-19,942.0,956.5999755859375,939.5,948.7999877929688,17280869
2026-05-20,941.0999755859375,955.0,935.0,950.9000244140625,11928460
2026-05-21,957.0,960.9000244140625,946.5,950.9000244140625,11756520
2026-05-22,950.9000244140625,958.5999755859375,947.7000122070312,949.2000122070312,7807192
2026-05-25,959.9000244140625,972.5,957.5,969.5999755859375,10934747
2026-05-26,969.9000244140625,978.7999877929688,962.0999755859375,968.5,16269800
2026-05-27,969.7999877929688,975.9000244140625,966.5999755859375,967.7999877929688,8111259
2026-05-29,967.7999877929688,973.7000122070312,960.2999877929688,964.4000244140625,22292535
2026-06-01,966.25,970.25,950.0999755859375,954.0999755859375,11118975
2026-06-02,950.9500122070312,961.2999877929688,939.9000244140625,956.6500244140625,15911760
2026-06-03,953.75,974.0,937.2000122070312,970.4500122070312,27947005
2026-06-04,969.9000244140625,985.7999877929688,961.0999755859375,979.25,18875883
2026-06-05,980.0,992.5999755859375,970.5999755859375,977.7000122070312,20955539
2026-06-08,966.0,988.6500244140625,965.1500244140625,981.9500122070312,12895416
2026-06-09,985.0,1009.0,983.0,1002.7000122070312,22142480
2026-06-10,1002.7000122070312,1012.4000244140625,999.5,1003.25,19122317
2026-06-11,998.0999755859375,1009.4000244140625,993.0,1000.7000122070312,13773978
2026-06-12,1018.0,1018.7000122070312,1004.3499755859375,1017.1500244140625,11081119
2026-06-15,1034.0,1034.0,1018.5,1020.8499755859375,12463437
2026-06-16,1023.7999877929688,1026.550048828125,1007.4000244140625,1015.2999877929688,9693677
2026-06-17,1017.0,1028.0999755859375,1013.4500122070312,1026.5,8190062
2026-06-18,1027.9000244140625,1045.699951171875,1024.449951171875,1042.699951171875,11048009
2026-06-19,1042.0,1042.0,1029.300048828125,1035.0999755859375,9099878
2026-06-22,1038.0,1043.0,1033.5999755859375,1040.75,6209440
2026-06-23,1041.0,1045.5,1022.3499755859375,1024.199951171875,10411004
2026-06-24,1024.0,1044.5,1020.5,1034.5999755859375,11724076
2026-06-25,1040.0,1055.4000244140625,1038.550048828125,1045.4000244140625,16002360
2026-06-29,1044.449951171875,1046.4000244140625,1030.8499755859375,1036.0999755859375,16818246
2026-06-30,1040.0,1044.0,1025.050048828125,1026.9000244140625,11161643
2026-07-01,1031.0,1049.9000244140625,1025.5,1047.4000244140625,6295315
2026-07-02,1050.9000244140625,1059.800048828125,1045.0,1051.5999755859375,14682790
2026-07-03,1055.0,1057.0,1034.5,1040.0,10441493
2026-07-06,1041.9000244140625,1048.4000244140625,1036.5,1037.699951171875,8761017
2026-07-07,1039.300048828125,1049.5999755859375,1035.5,1038.0999755859375,11053574
2026-07-08,1029.5999755859375,1038.300048828125,1011.7000122070312,1016.9000244140625,14141694
2026-07-09,1019.7999877929688,1031.699951171875,1019.2999877929688,1022.0999755859375,7661699
2026-07-10,1029.5,1047.800048828125,1023.5,1036.0,8792150
2026-07-13,1023.5,1042.9000244140625,1022.0999755859375,1037.0,8381510
2026-07-14,1033.300048828125,1033.699951171875,1011.4000244140625,1015.4000244140625,11562326
2026-07-15,1015.5,1036.0,1013.7000122070312,1030.0999755859375,14275394
2026-07-16,1030.0999755859375,1036.0,1027.300048828125,1031.199951171875,7708316
2026-07-17,1030.5999755859375,1048.0,1028.300048828125,1044.300048828125,8452780
2026-07-20,1041.5999755859375,1065.0,1038.300048828125,1060.0,16540411
2026-07-21,1056.199951171875,1067.0,1042.800048828125,1044.4000244140625,10514887
2026-07-22,1044.4000244140625,1044.4000244140625,1019.2000122070312,1025.0,11227214
2026-07-23,1022.0,1023.0999755859375,1006.5,1012.5999755859375,8910230
2026-07-24,1006.0,1017.7999877929688,1000.7999877929688,1015.0,13797053
2026-07-27,1020.2999877929688,1023.7000122070312,1015.9000244140625,1020.5999755859375,6093002
2026-07-28,1018.0,1022.0,1008.2999877929688,1013.2000122070312,9873370
2026-07-29,1020.0,1020.2000122070312,1012.0,1013.7000122070312,4792964
2026-07-30,1013.5,1028.300048828125,1007.5999755859375,1025.300048828125,6847458
2026-07-31,1028.0999755859375,1034.300048828125,1023.5,1027.4000244140625,10921417
2026-08-03,1035.0,1051.5,1031.5999755859375,1045.0,10507450
2026-08-04,1047.5999755859375,1047.5999755859375,1030.9000244140625,1042.699951171875,8544184
2026-08-05,1043.0,1055.0,1040.300048828125,1055.0,8707119
2026-08-06,1052.5,1088.0999755859375,1052.5,1085.0,13822265
2026-08-07,1080.0999755859375,1124.5,1075.699951171875,1097.199951171875,29410622
2026-08-10,1108.0,1113.300048828125,1068.5999755859375,1071.0,16623448
2026-08-11,1071.0,1071.0,1060.4000244140625,1066.0,9456913
2026-08-12,1066.0,1085.5,1066.0,1082.0,17673922
2026-08-13,1083.0,1086.800048828125,1073.0,1083.0,9502483
2026-08-14,1082.0,1082.0,1065.0999755859375,1067.699951171875,6273501
2026-08-17,1064.199951171875,1068.800048828125,1052.4000244140625,1061.199951171875,7039473
2026-08-18,1059.5999755859375,1067.699951171875,1053.0,1053.0,5583771
2026-08-19,1053.199951171875,1054.800048828125,1041.4000244140625,1048.5999755859375,7182636
2026-08-20,1052.9000244140625,1052.9000244140625,1045.699951171875,1048.0,5879949
2026-08-21,1052.699951171875,1054.699951171875,1040.0999755859375,1048.699951171875,6534213
2026-08-24,1047.9000244140625,1047.9000244140625,1032.0999755859375,1039.5,8868193
2026-08-25,1036.0,1048.0,1031.300048828125,1048.0,9982723
2026-08-26,1051.4000244140625,1062.300048828125,1051.199951171875,1052.0,5858099
2026-08-27,1052.0,1054.4000244140625,1042.9000244140625,1042.9000244140625,4788716
2026-08-28,1046.0,1051.199951171875,1040.5,1047.5,4969272
2026-08-31,1041.199951171875,1060.0,1034.5,1060.0,5138732
2026-09-01,1051.300048828125,1051.300048828125,1027.0999755859375,1034.5,7605132
2026-09-02,1026.0,1035.300048828125,1017.2999877929688,1020.9000244140625,13843678
2026-09-03,1028.9000244140625,1036.0,1021.0999755859375,1023.4000244140625,7371804
2026-09-04,1026.0,1029.199951171875,1016.0999755859375,1016.0999755859375,6724566
2026-09-07,1020.7999877929688,1021.7000122070312,1000.5999755859375,1005.9000244140625,10220001
2026-09-08,1004.9000244140625,1011.2000122070312,1002.0999755859375,1008.0,7084768
2026-09-09,999.0,1012.2000122070312,992.4000244140625,1000.5,7091386
2026-09-10,1002.0,1011.9000244140625,1001.0,1009.7000122070312,5504031
2026-09-11,1000.0,1001.9000244140625,993.0,995.7000122070312,7771109
2026-09-15,994.0,999.7999877929688,968.0,968.0,10004115
2026-09-16,976.0,991.4000244140625,973.2000122070312,991.4000244140625,8609956
2026-09-17,991.2000122070312,1000.9000244140625,985.2000122070312,988.7000122070312,8624398
2026-09-18,992.0,996.2000122070312,985.0999755859375,996.2000122070312,5699456
2026-09-21,993.5999755859375,997.5,989.0999755859375,996.0,3590054
2026-09-22,999.0999755859375,1000.0999755859375,981.2999877929688,987.0,6126235
2026-09-23,987.0,996.4000244140625,986.4000244140625,994.0999755859375,4522248
2026-09-24,982.2999877929688,992.0,975.7999877929688,978.5,13724672
2026-09-25,980.7999877929688,985.7000122070312,977.0,983.0,3759097
2026-09-28,980.0999755859375,982.5,956.0999755859375,962.0,9846646
2026-09-29,960.9000244140625,968.0999755859375,953.0,964.7000122070312,26781498
2026-09-30,964.7000122070312,972.7999877929688,959.5,959.5,8010571
