Date,open,high,low,close,volume
2021-01-01,557.5932432930424,564.4161142025354,551.335000793439,561.122314453125,8229768
2021-01-04,564.651375563116,573.5446462160967,560.1341760464727,568.7921752929688,11329298
2021-01-05,572.6036219936572,572.8388934253712,564.6514361138575,567.898193359375,7790158
2021-01-06,568.5097849193209,574.9562557081505,561.0282003911009,569.6390991210938,6422080
2021-01-07,570.3449239531908,572.1800523853803,562.7691962606208,566.439453125,4555702
2021-01-08,571.2389221631654,586.1080621912489,568.4156655462141,584.2258911132812,11451416
2021-01-11,586.9550659949089,591.0017223511725,577.8735675085367,584.4141235351562,7516087
2021-01-12,584.4141475211608,587.143318689816,571.2859921397084,573.7328491210938,6747035
2021-01-13,575.0033133081673,578.2971129752354,562.0633860446857,566.8158569335938,6186661
2021-01-14,566.8158540737207,575.6150390320767,561.2634834122624,571.2860107421875,6730284
2021-01-15,573.1212347302267,580.4616922586125,562.8633768471773,568.6981201171875,8389544
2021-01-18,568.5097674746199,571.5682955642799,544.3709571690398,547.1942138671875,7414570
2021-01-19,552.3232205406622,567.474677341382,548.9823203527909,561.4046630859375,5500391
2021-01-20,565.780568440063,568.0391389942587,558.0166136914673,559.6635131835938,5182972
2021-01-21,562.769270574941,563.4750848775014,546.4414560180996,548.5588989257812,4546393
2021-01-22,548.5588094436172,552.3701945678592,536.9834108183777,541.3124389648438,5591688
2021-01-25,543.1005784974019,559.004951091732,533.5956351330169,551.8527221679688,8149590
2021-01-27,551.382041459155,551.382041459155,530.5369737498478,536.2305297851562,8534047
2021-01-28,522.208350751881,540.6536030048744,517.9734661330439,531.1015625,9863454
2021-01-29,534.536658107654,564.6513994094937,521.4555443789432,551.6644287109375,22539938
2021-02-01,560.8870418898796,564.0867560441698,545.4532144057767,555.3817138671875,12621971
2021-02-02,561.7811067636942,580.5557775207631,556.6521783326151,573.544677734375,15788247
2021-02-03,576.4149616449537,610.1999595154593,574.5327903416232,592.131103515625,23788455
2021-02-04,595.2367400518978,603.2359689695912,589.3549540830055,594.295654296875,7926593
2021-02-05,596.1777079801195,606.2943778471854,586.4374953163872,597.3540649414062,10981738
2021-02-08,603.1417332352622,606.8589750908502,595.2836346732771,597.2599487304688,6479801
2021-02-09,599.8706123439898,606.8480362799012,589.5230825652228,591.9912719726562,5794015
2021-02-10,591.4691993957821,599.5383564351282,582.9728401013585,595.3139038085938,6902162
2021-02-11,590.4724442376803,615.8665565903458,590.4724442376803,611.0250854492188,11433578
2021-02-12,621.2300287842337,621.2300287842337,590.8045214290657,595.3612670898438,15471776
2021-02-15,599.9656327813746,604.9969785565993,591.7066006152397,595.6937255859375,7310676
2021-02-16,599.0161492934467,602.3387428315244,591.4216497778403,599.1585693359375,6137454
2021-02-17,596.8328272812743,600.3452953958296,588.3839221901636,589.7604370117188,4700733
2021-02-18,590.4723957713599,595.4562865716808,582.972803580968,584.823974609375,5633766
2021-02-19,584.6817019258216,590.7572683039879,570.7267939621239,576.517578125,7301975
2021-02-22,577.1820753696534,579.8875931713709,560.474196364478,565.1257934570312,5330343
2021-02-23,564.8409837365884,577.514283472421,561.9930460034627,573.4322509765625,7564187
2021-02-24,576.3276930958534,578.4636465822856,565.6479256636925,570.964111328125,3296243
2021-02-25,575.6632033911537,587.5296112946534,572.1507350634289,578.6535034179688,6261754
2021-02-26,574.286662744333,589.8553544510092,560.0944279396086,564.4612426757812,15404415
2021-03-01,569.5875590673784,579.8401235423026,566.7870753136752,573.81201171875,5274758
2021-03-02,578.1314334725257,585.1088586309594,573.8595263286401,583.06787109375,4776776
2021-03-03,585.2511067174356,593.7000104289398,581.216528933901,592.7031860351562,6626297
2021-03-04,590.4723567793989,604.4747157223187,584.7764819551603,587.5769653320312,11530735
2021-03-05,588.0516772578409,588.0516772578409,576.1378162104797,580.2198486328125,6127488
2021-03-08,580.5046093556334,590.3774827976193,580.3147352622417,583.6373291015625,4554461
2021-03-09,586.6752004964113,589.4282302772602,576.7074179637053,581.5488891601562,4035628
2021-03-10,586.6752132135458,596.0734315532536,584.1595115337057,594.2697143554688,5825924
2021-03-12,596.1682306428725,597.2599631589994,580.5045749014595,582.4981079101562,4264170
2021-03-15,582.8779339211525,582.8779339211525,566.2649634918037,574.8087768554688,4030762
2021-03-16,575.2833416581518,579.0331374041112,568.8754826545338,571.7708740234375,4189930
2021-03-17,573.3848649930526,573.3848649930526,552.499985804564,555.110595703125,7667561
2021-03-18,557.6261907348935,561.5658028807683,543.0067549257035,545.427490234375,5537584
2021-03-19,542.0573965840365,553.1169095508092,533.6084927952079,548.9873657226562,6186643
2021-03-22,549.2722624629963,563.5119518591139,549.2722624629963,561.0437622070312,7033955
2021-03-23,561.2335764506421,564.5561702886297,553.4492021562122,558.0533447265625,5341729
2021-03-24,555.3479082188902,566.7396601823547,553.6391570126599,555.6326904296875,7299582
2021-03-25,554.7781644172763,558.148211695186,542.5320118396012,546.5665893554688,4710869
2021-03-26,551.4081708813317,560.379186057202,545.4749674503909,557.4363403320312,5761818
2021-03-30,564.7936258068978,568.6383308125825,557.483906126359,567.4042358398438,4637718
2021-03-31,567.8788327051467,575.2834597071476,565.5055511056947,567.4990844726562,5269919
2021-04-01,569.587613206099,581.6438959405845,567.0719114045261,579.792724609375,6033653
2021-04-05,580.6945581751677,580.931886337088,562.7050719133108,577.9415283203125,5353987
2021-04-06,577.8940681492502,590.3775525104897,572.9101768017618,589.0010375976562,7444994
2021-04-07,589.5231026006844,596.5480387551111,584.918959839075,589.570556640625,4757224
2021-04-08,589.0958301960682,594.2695946450829,582.2133149226228,583.1151733398438,3222479
2021-04-09,581.9286184382055,609.458683584548,578.6060243688194,604.4747924804688,16755446
2021-04-12,606.6106785659028,613.1134459185562,584.0170529869467,587.9566650390625,15229597
2021-04-13,592.3711560303243,603.3357067050952,584.8715621283595,595.5513305664062,7399207
2021-04-15,601.4843968540207,608.9839890303463,594.7443010561371,601.1521606445312,8588761
2021-04-16,601.1520363522204,617.0530179691169,594.6017580618237,613.30322265625,9804095
2021-04-19,611.3572979714016,618.3822341992023,602.8134848009939,608.1771240234375,11340358
2021-04-20,611.1673679861327,626.0715856311431,606.7530996832387,612.448974609375,13831258
2021-04-22,617.7177451358598,624.6477158049817,605.7563711321739,607.5126342773438,11295290
2021-04-23,604.237498747868,613.0660947610795,598.2093866266474,605.614013671875,7668180
2021-04-26,611.3571577831362,611.3571577831362,599.0160971446568,602.528564453125,6527947
2021-04-27,600.6300975139492,609.885895424136,599.9655671013395,606.8480834960938,5112384
2021-04-28,608.4618923836157,614.4900039180942,605.9461909417965,610.7877197265625,6069155
2021-04-29,616.0564228697825,618.9518147091981,608.604284200826,611.8319702148438,5676290
2021-04-30,609.458635474216,632.8117001989893,607.6549185166424,621.277587890625,10874266
2021-05-03,620.803034731187,630.2961614708903,617.1481461715329,625.7869262695312,6567597
2021-05-04,628.4448668503666,631.1978962412402,609.458617096579,612.448974609375,5604638
2021-05-05,609.6960746063214,653.0322220425794,609.6960746063214,648.7603149414062,25296369
2021-05-06,654.8832211778526,661.3860467288688,639.2195645396732,644.9629516601562,11153908
2021-05-07,646.4819210807224,655.975047675153,643.2542348620374,645.010498046875,6466334
2021-05-10,653.1270586361466,667.8414037071644,648.9500600845712,662.81005859375,10924222
2021-05-11,663.0948738569376,685.2613006510962,660.9114663902932,672.208251953125,14760511
2021-05-12,678.7110829326882,678.7110829326882,664.518847389439,667.224365234375,7250661
2021-05-14,667.3667087808797,674.9612090230518,652.1777082965352,656.4021606445312,6851035
2021-05-17,653.1270829806296,663.094865497049,645.5800360584802,652.3201904296875,6318234
2021-05-18,655.9750303651675,660.5791734653927,650.0418264002149,655.78515625,4080423
2021-05-19,659.1077413774348,670.9266951008573,655.7851472028992,667.7465209960938,7745431
2021-05-20,664.5188232837332,666.0852122580508,650.2791342133676,652.0353393554688,6226376
2021-05-21,656.6869442499031,659.297553713853,653.1270222536081,655.4053955078125,3434231
2021-05-24,655.9750053111494,662.9999417139242,654.6459444971837,655.9275512695312,3722957
2021-05-25,659.7721856794561,662.050558849744,655.974935689934,660.81640625,2800233
2021-05-26,664.0441273000164,670.3570789205453,660.9114074800269,668.1261596679688,6235460
2021-05-27,671.4013006770671,673.7745820509697,659.2975656701634,664.0441284179688,9875654
2021-05-28,658.8228916967036,659.2975479587328,632.5269231919913,635.8020629882812,28316552
2021-05-31,637.9380663481295,641.4505345517276,625.5970025646092,634.4255981445312,13947126
2021-06-01,636.1343353103118,639.1721471480524,630.6283339464676,637.0361938476562,6443084
2021-06-02,636.9887991548327,643.7288959096985,636.1819065649709,643.1118774414062,4978457
2021-06-03,643.6339627258164,646.3394805429976,639.3620558935655,641.2606811523438,3604574
2021-06-04,644.4882931335404,644.8205293390317,638.6974519955188,639.7891845703125,3747803
2021-06-07,639.7892222559705,643.444052497408,636.8938304871308,641.1182250976562,2793705
2021-06-08,638.8873996460635,645.4851340093006,631.387806696523,644.345947265625,5695920
2021-06-09,646.5293704566975,649.9943848152218,633.7611036911011,638.7449951171875,4492551
2021-06-10,638.9348380601035,646.4818848682194,638.8873840180788,641.7827758789062,3099864
2021-06-11,640.9758184272889,651.5606181503632,639.8840858640658,646.7666015625,3822099
2021-06-14,647.4311959519746,649.0450389671229,637.5108676515185,642.779541015625,3640962
2021-06-15,642.7794935903672,646.8615838396901,637.700694710078,639.0772094726562,3862284
2021-06-16,640.7860420797948,646.0072616819265,633.049120765512,634.6629638671875,4842448
2021-06-17,637.7481304163547,639.409427303089,628.112643238158,631.3402709960938,2776147
2021-06-18,633.1915096034733,638.8873852520802,619.6163508959154,634.615478515625,4158743
2021-06-21,628.4449343500436,640.5961239093089,628.4449343500436,637.3209838867188,2932177
2021-06-22,643.6339609574538,645.7699143677108,632.099789365488,633.0016479492188,4577152
2021-06-23,633.0016965336569,638.2703704283857,630.580960737857,631.5302734375,2631031
2021-06-24,630.533523920137,636.9888388658073,627.9703679727743,631.1030883789062,3460776
2021-06-25,631.1029036450715,643.0642752509971,631.1029036450715,638.17529296875,3010243
2021-06-28,640.7859858116499,645.437640588933,635.6122207082898,642.0200805664062,3342385
2021-06-29,639.1246033975758,646.9564310663912,638.9821833542967,643.2540893554688,2937766
2021-06-30,643.6814466101971,648.807758223133,640.0740700395687,641.2132568359375,3768943
2021-07-01,640.7859354450316,651.0384988238648,639.5518407872767,649.47216796875,4102748
2021-07-02,650.7538170154817,654.5510675888762,643.9187543950825,646.71923828125,5071894
2021-07-05,649.3298496096289,650.2317082112647,644.2035381466588,645.7224731445312,1600769
2021-07-06,643.6340525131707,648.3806163222649,638.3179242235664,639.1248168945312,2682423
2021-07-07,634.1408426890362,647.4312196316208,632.3371254988216,645.6275024414062,2576763
2021-07-08,642.6846530770632,646.3869955254293,631.3878095583625,633.0966186523438,2548016
2021-07-09,632.7169594569032,638.2229619194003,630.5335516802262,634.0460205078125,1994075
2021-07-12,634.7104179116449,638.7449966951103,632.6219764239493,634.6629638671875,1555035
2021-07-13,636.3242716909732,654.4086664826181,635.0901768071411,648.3805541992188,7744032
2021-07-14,647.3837189567739,657.3040469055001,646.4818604266277,651.1809692382812,2663467
2021-07-15,651.2284922118068,653.3169916759942,646.7667110704627,648.3805541992188,1905193
2021-07-16,650.1842448878988,660.3893556827545,648.0482914657197,653.6966552734375,3479357
2021-07-19,643.6813477702415,656.449612855133,643.6813477702415,654.3136596679688,1940882
2021-07-20,654.0763984738007,656.5445881216525,639.7418010161922,642.1625366210938,2724983
2021-07-22,645.5326145576976,653.316990027418,641.3081615947291,652.4625854492188,2047831
2021-07-23,651.4183707522169,663.5221073878043,647.0514976717639,658.822998046875,3956261
2021-07-26,659.9621459131788,669.2653980135894,659.9621459131788,667.7465209960938,4715053
2021-07-27,669.2653350721954,669.9298654328952,639.694226523281,653.4118041992188,5327355
2021-07-28,653.4119122038412,656.8769266950236,638.4602373531568,652.937255859375,3332667
2021-07-29,652.9370776616079,670.1671214399337,646.1969825862556,667.3666381835938,4397443
2021-07-30,667.3193234323896,744.0237721855239,660.8640091503607,734.7205200195312,35893710
2021-08-02,745.2104114163307,761.2538179724447,725.3697543561843,735.71728515625,18661462
2021-08-03,734.7205265812589,763.5795959649627,726.4614950557145,754.513671875,14678219
2021-08-04,750.9061929069808,757.4564723807215,740.1789731680255,745.9223022460938,5796169
2021-08-05,745.6849866718757,754.1338913015122,743.5964875333931,746.3020629882812,5026619
2021-08-06,746.634302215898,756.0799734444249,741.9351936206571,745.4002075195312,4064324
2021-08-09,749.1499821279555,752.804812074314,742.3623745802189,748.8176879882812,2873586
2021-08-10,749.9094570703937,758.3108499233346,742.552284841156,753.1370849609375,5656020
2021-08-11,753.7541374993571,754.7034500150993,734.1033568352046,740.0365600585938,4275776
2021-08-12,740.4638609020865,741.6505017048141,733.9610924797169,739.1823120117188,2821380
2021-08-13,730.0213198007759,748.532913735906,728.7397710895341,738.8499145507812,4319920
2021-08-16,735.9071392173518,743.3117659101606,731.9674687501907,741.2232666015625,2310304
2021-08-17,743.3117097984871,752.9947091772532,738.7550212500792,744.4034423828125,5686055
2021-08-18,748.0583904275923,751.2860767100772,739.7993585388965,743.2169189453125,4036305
2021-08-20,735.7172927671478,744.6883087640169,705.6715246665954,722.5693359375,6238261
2021-08-23,728.1372907254049,732.8963579850481,714.6215280892018,722.759521484375,2375417
2021-08-24,723.187840790282,740.4632779805671,717.9052878120065,734.1812744140625,2732537
2021-08-25,732.8965441982077,738.6074263607911,722.9976585454241,731.9923095703125,2254852
2021-08-26,728.2801102798431,733.943354032506,722.6643874884628,723.9017333984375,1735864
2021-08-27,724.0922123156737,739.5591836599126,721.5698829818991,734.6097412109375,2432862
2021-08-30,731.9447401567049,756.6443174544147,731.135721743976,749.2677612304688,3617125
2021-08-31,749.5056509660296,762.402713971828,745.9363498706558,755.78759765625,7435465
2021-09-01,756.7393721885124,765.1629571948879,749.0772845184191,750.5050048828125,2811619
2021-09-02,752.218304405832,757.3105422114619,750.3146771351129,751.8851928710938,2679549
2021-09-03,754.7882001278847,758.785828947885,746.2218775539238,751.3616943359375,2860730
2021-09-06,751.3617022963022,754.8833662498556,742.1766775348287,746.4598388671875,4613445
2021-09-07,744.3182521510552,745.2700657727318,729.6602991395991,732.8013305664062,3851664
2021-09-08,730.326556608625,741.4152081791817,726.7572556430927,739.9874877929688,2548562
2021-09-09,734.9905315058,744.5562473214073,734.2766712494996,738.8929443359375,2008287
2021-09-13,738.8928191867677,745.2699813484131,734.4669212037942,742.7000732421875,1935832
2021-09-14,746.8880431515116,750.0290159905231,739.844600220566,743.7470703125,1996844
2021-09-15,746.8881587349242,747.8875514164394,741.2724351430305,743.0333251953125,1393824
2021-09-16,742.4146088025817,746.7453490684451,740.7965140620141,743.4140014648438,1353677
2021-09-17,747.1736930160848,749.933975756584,729.7079362959576,732.8013305664062,4052622
2021-09-20,729.7553838098278,737.4174704643093,715.3829658568811,720.046875,2206369
2021-09-21,720.0469902043563,729.4223309502132,714.859594452539,727.6614990234375,2123997
2021-09-22,728.1373513768932,736.7036731577979,727.6614446112874,732.9915771484375,1817865
2021-09-23,733.9434290856481,739.7495267863146,729.184361180556,732.753662109375,2109768
2021-09-24,731.9446267871964,739.2260237503484,725.2819318749592,733.3247680664062,1777859
2021-09-27,734.2765680193263,737.1795877013338,723.4734494696389,726.2813110351562,2862731
2021-09-28,729.7555326666172,752.8845926031153,718.5717223466594,737.750732421875,4938824
2021-09-29,746.2219192574008,780.2492580500693,734.1814530623566,772.2064208984375,18565413
2021-09-30,775.5377036545834,792.8131435984205,767.7328205762145,778.8214721679688,10478553
2021-10-01,772.8726485847242,790.6715746475505,766.4954858014752,786.7691040039062,5730355
2021-10-04,790.00518652109,798.4763497105764,786.6262602939432,791.9088134765625,4007435
2021-10-05,788.1016758669447,794.1933062610414,775.6805197682951,780.9630737304688,2987134
2021-10-06,780.9155081603377,784.2944349444958,758.8809992807522,762.02197265625,2910453
2021-10-07,769.1130476025935,786.5312266696867,765.3533718739731,783.5806274414062,4089061
2021-10-08,785.341304628443,793.6220937923274,779.1545168074158,781.8196411132812,2753935
2021-10-11,786.198066361062,795.9065771044363,778.3931828970123,792.4324340820312,2988841
2021-10-12,793.3366064909713,802.1408819679258,784.008845172043,789.7197265625,2407031
2021-10-13,788.0540457996649,805.9957081037999,787.3877646912322,801.9505004882812,4113083
2021-10-14,803.2355535415968,809.0415935044025,797.8577832412534,800.7608032226562,2300231
2021-10-18,809.0415815954366,809.993395220843,792.0517316195698,795.6210327148438,2632795
2021-10-19,796.6679958144791,801.6174382316672,785.8649345210596,787.4829711914062,2029762
2021-10-20,785.2938078621288,794.5739905661337,768.5894906137385,775.6329345703125,2089252
2021-10-21,783.3900701723173,789.0533719760042,771.0164949784837,778.9641723632812,3155655
2021-10-22,785.3413670569361,787.0070408334668,761.5936645468137,773.3961181640625,1709523
2021-10-25,770.9690164025601,781.6769194081512,757.2152982565602,774.0148315429688,2129988
2021-10-26,777.63170156262,784.1992385588637,767.4472845500197,774.3003540039062,1628608
2021-10-27,776.4894545162495,798.0480538852389,776.4894545162495,785.34130859375,3569869
2021-10-28,784.2467561156393,789.1961980049626,764.3538304446245,768.6845703125,1647229
2021-10-29,761.4508402122642,777.2033428503377,741.7958671616495,756.6917724609375,4321416
2021-11-01,760.4514096682635,774.6333960032968,749.0772266911749,772.6821899414062,1935341
2021-11-02,775.3950874480598,795.7162875835154,745.0322058684171,776.1089477539062,17608860
2021-11-03,780.4871828497681,782.3908101250115,743.6995625180531,749.9815673828125,9452138
2021-11-04,758.5954777588262,758.5954777588262,750.5050617475966,757.1201782226562,485870
2021-11-08,759.5472395324707,764.3063074493408,745.2700357818603,761.4508666992188,4280584
2021-11-09,761.4507927982245,772.872554690198,758.5953523252311,762.7357177734375,3232291
2021-11-10,761.2128698586853,775.7280261767158,758.5953826537946,772.0159301757812,2900645
2021-11-11,769.9696798673755,771.3974003721939,753.931584673458,756.549072265625,2107377
2021-11-12,765.210521324051,769.5888404517914,757.7387500397275,767.6376342773438,2076523
2021-11-15,769.3508781566004,780.1539967677869,767.7804206610439,771.63525390625,2109222
2021-11-16,773.1581190596324,778.0599819784123,757.310458636267,759.9755249023438,1512946
2021-11-17,761.4508620507473,766.2099299385645,749.4580342110843,753.2176513671875,1662900
2021-11-18,751.9327505536895,756.0731165121393,742.5097725939241,752.5514526367188,3177648
2021-11-22,753.6935958149292,755.740018346578,728.185002280488,733.6103515625,2894426
2021-11-23,732.8964958964896,753.5984423714879,724.8536590954302,747.3640747070312,2739763
2021-11-24,745.7458396856935,758.5477422346601,738.1789111230335,741.4151000976562,2404041
2021-11-25,738.2265802000722,749.3152315063638,737.0368132399161,745.1748657226562,1861259
2021-11-26,737.6556374634162,760.404008746702,725.282059028546,730.32666015625,5432649
2021-11-29,735.7518772343699,737.6555043423501,712.9559309974885,714.8595581054688,4664270
2021-11-30,714.8119900879421,724.9488278321514,710.1005013040971,717.2866821289062,5505266
2021-12-01,720.2849017762635,726.4716898324851,704.6751363660073,709.4342041015625,3687799
2021-12-02,716.7155586479149,733.610248111395,710.1480223230689,729.3270874023438,4896650
2021-12-03,734.7049754393483,734.7049754393483,712.813261615486,715.573486328125,3135454
2021-12-06,715.0023635360164,716.2872886145257,698.3456261045056,701.62939453125,2577704
2021-12-07,705.3890801939294,714.812058665642,699.5830401055218,707.8638305664062,2583462
2021-12-08,714.0506403844703,726.7097508165482,711.3379365171054,721.0464477539062,2530785
2021-12-09,721.6651423123811,729.8507167059277,719.7139358912086,723.1404418945312,2604449
2021-12-10,717.857776123075,737.6554859331737,717.857776123075,724.6632080078125,2950388
2021-12-13,727.042733207273,736.0849616372352,722.4264608780323,725.8529663085938,2491218
2021-12-14,720.7607791373348,731.7066344824378,717.2866365945154,719.6185913085938,3224172
2021-12-15,716.2397672994238,741.320033587819,709.3866974419925,737.750732421875,6231786
2021-12-16,748.6013063016272,748.6013063016272,723.3782489373639,727.6138305664062,6186549
2021-12-17,725.2818574816622,735.1331035680909,717.1914430609351,731.89697265625,7171030
2021-12-20,730.9928338919401,737.3699965355968,716.7632091654598,727.1380004882812,7474026
2021-12-21,727.2330076290332,746.1741172916791,727.2330076290332,741.0343017578125,5599344
2021-12-22,747.1736800334297,762.4026977156396,740.0350779948938,759.0713500976562,5871235
2021-12-23,763.2115990628541,765.2104421837313,751.932632808362,754.2645874023438,4277384
2021-12-24,755.1688906928114,756.501394800862,740.1301901895702,747.5543823242188,3076272
2021-12-27,746.2219705970562,758.2148004582973,743.5093246813778,755.8352661132812,3598487
2021-12-28,757.6435660586714,780.3919325485704,755.9303133321299,775.8231811523438,5477769
2021-12-29,782.8667355774062,802.997617729892,777.1558536157473,798.3812866210938,8748856
2021-12-30,796.3348461983819,801.3794464981582,787.4829335263312,794.2408447265625,5179861
2021-12-31,794.2408280363724,809.9457516038595,793.8125003202595,804.94873046875,3346523
2022-01-03,804.2824391659706,818.6072212861445,800.3800268999602,808.0421142578125,3726756
2022-01-04,811.4211196573929,812.8488401025379,792.2896889300877,797.3342895507812,3027262
2022-01-05,799.5234068478948,803.8541470161695,790.6239731164503,794.8594970703125,2436343
2022-01-06,797.4293945847261,804.1873057649387,782.3907518492638,789.62451171875,2423850
2022-01-07,789.6245033303463,795.7161333303194,785.4365585376929,789.005859375,1475374
2022-01-10,792.004016024205,794.764298502147,778.1551407649313,786.8642578125,4837873
2022-01-11,790.8618915102215,800.951091769625,788.387141456382,792.2896118164062,4950526
2022-01-12,804.2824416777412,804.2824416777412,787.6257047199182,795.906494140625,3953446
2022-01-13,795.906668576278,829.0297754244747,794.050620146806,823.7947998046875,7395140
2022-01-14,823.7947672194747,827.0309570758851,815.5139763114471,818.3218383789062,2351963
2022-01-17,818.321770013783,821.7959130078035,809.5174939188397,812.08740234375,1750754
2022-01-18,813.8006764976013,825.412814728433,804.2825399303779,805.900634765625,3354708
2022-01-19,807.1378705929487,807.1378705929487,793.8124812199519,798.0956420898438,1677779
2022-01-20,798.8570492555638,802.1408174096084,776.3466951096567,780.487060546875,2886894
2022-01-21,777.1557294936969,780.2015443389438,762.4977782288696,769.7791748046875,3218477
2022-01-24,765.2581237311492,785.2462090524853,753.4556120180573,762.2598876953125,5300160
2022-01-25,752.8844461451318,772.5869963672408,746.9831910799185,769.1128540039062,3779497
2022-01-27,763.3545399380074,778.0124932442801,753.1701223624096,772.9678344726562,3593525
2022-01-28,776.6799098979868,802.2837193810354,772.9678135615725,787.4829711914062,5073701
2022-01-31,790.100327628576,808.8034853012424,780.534614001994,794.288330078125,8041517
2022-02-01,806.5669328676893,851.8732406406601,799.3806931333763,848.7798461914062,12337459
2022-02-02,847.1140250308208,855.1568608198746,839.4995169406561,847.7327270507812,4404741
2022-02-03,846.4952990708939,848.2561888733961,838.0241939166111,840.9747924804688,2292825
2022-02-04,840.3562506362118,859.3448854800024,838.8808930810111,850.873779296875,4222492
2022-02-07,858.0124140136566,858.0124140136566,837.3104674252847,844.3062744140625,3494623
2022-02-08,843.3068733875107,852.777430593469,839.4996188801179,851.0165405273438,4766558
2022-02-09,857.5399828470319,858.163508487009,849.3377135493913,850.3930053710938,2874380
2022-02-10,855.1415790537983,859.7942778055817,844.2052602163591,857.923583984375,3159839
2022-02-11,858.2114714944447,859.3626723329346,839.072999083641,844.30126953125,2682532
2022-02-14,834.6121746244205,850.5849482839267,827.1294564934624,829.671630859375,5163415
2022-02-15,827.4171728623825,844.2053473842279,824.1074924604318,841.135498046875,3219287
2022-02-16,840.3680418971569,845.3085851991755,831.8300326623595,833.5088500976562,2136415
2022-02-17,836.8664534638657,836.8664534638657,826.2659326248418,827.465087890625,2275289
2022-02-18,827.4651657179639,832.597585869749,821.5653563869046,827.8009643554688,1797851
2022-02-21,820.7017841780611,828.8560391932726,805.3525982670745,809.525634765625,2305713
2022-02-22,801.9951179090559,814.4663338574024,791.0587974256562,811.396484375,3171552
2022-02-23,815.281694009142,818.3035888308679,803.961679520107,806.0722045898438,1979574
2022-02-24,796.8146097250772,802.9063531643993,781.849176515835,784.9669799804688,3679222
2022-02-25,787.1254324409329,801.0356320392187,783.8157525501517,797.7259521484375,2098988
2022-02-28,787.605301227545,812.5477346403541,787.605301227545,809.5738525390625,4123139
2022-03-02,810.0053835100165,810.5810131747794,782.5207796783237,787.50927734375,3807036
2022-03-03,798.9252004552501,798.9252004552501,783.7678894565544,787.50927734375,2657776
2022-03-04,783.0963675765813,805.4486107201645,776.4290523795615,795.9033813476562,4082674
2022-03-07,784.7273505898148,795.2799188740299,776.1893401024897,789.188232421875,3065234
2022-03-08,792.5937614535118,826.6497746656601,792.5937614535118,820.2222900390625,4864275
2022-03-09,828.2804679467378,849.7692930855387,825.0187425204255,832.9331665039062,7276355
2022-03-10,834.5161574932469,846.0280480655736,831.3503407438544,834.1803588867188,2899758
2022-03-11,836.5307579294278,870.1071071582464,833.7007396410688,865.3104858398438,7194497
2022-03-14,865.2624261518316,874.7117455793791,853.7505363871041,855.9569702148438,3861194
2022-03-15,857.3480726798045,871.0663974041936,845.5003833545337,855.3814697265625,4039746
2022-03-16,863.3917562591408,863.3917562591408,844.6369803753452,853.0310668945312,3134307
2022-03-17,855.9091032708706,877.7816843507488,855.9091032708706,874.5199584960938,5484100
2022-03-21,875.3833223938045,893.1308198889118,874.2321216565945,876.6304321289062,3878744
2022-03-22,876.6304273460181,884.4968973627817,865.790075780814,876.918212890625,2174495
2022-03-23,880.6596911233484,888.334285381504,859.3626803464653,864.1593017578125,2578669
2022-03-24,849.9612998752635,877.4939180264196,849.4816377421511,871.8818359375,3141478
2022-03-25,874.7597592123977,877.7336994008317,859.8422794276422,865.6461791992188,1571676
2022-03-28,871.9298526937026,873.8485012342961,862.72030456735,869.0518798828125,1545077
2022-03-29,871.1143597704423,884.4969445574909,864.4470446275394,881.9547119140625,3177777
2022-03-30,884.4968858544424,884.4968858544424,871.4501005470041,883.15380859375,2084073
2022-03-31,883.1538936381752,889.2935923461414,873.7525275655134,877.5418701171875,1901705
2022-04-01,876.8223829959697,881.6190043471512,867.3250492996277,871.7379760742188,1184766
2022-04-04,871.0663514540181,891.0202825962091,865.885977484723,888.3821411132812,1876408
2022-04-05,890.252933215279,902.4363633006017,886.5595581525763,891.3081665039062,2911697
2022-04-06,890.0609693371,900.6135353982377,887.3748733229471,890.3487548828125,1881754
2022-04-07,890.3487766099441,909.4393518255966,889.149621346461,893.0828857421875,2728625
2022-04-08,898.8868554985046,899.1746410736483,881.9068039349363,886.9912109375,1453271
2022-04-11,882.5784140805872,895.5772474905108,881.2353365511988,887.7587890625,1102625
2022-04-12,882.5783296109153,890.3968458431451,874.3281642985985,883.825439453125,1420380
2022-04-13,883.8254616173795,904.6428105374926,883.8254616173795,898.6470336914062,1825531
2022-04-18,889.8691633998785,902.7720864544299,881.8588292206715,889.7732543945312,1287320
2022-04-19,893.0829735182492,899.6063670822441,877.8296936465842,884.4970092773438,2001066
2022-04-20,880.6596905719156,893.1309062336094,878.7889965121601,885.9359741210938,1455897
2022-04-21,893.1308738339092,907.5207375369259,883.153878245482,905.697998046875,2410164
2022-04-22,902.7241088144389,903.9232641130766,880.9953913821223,887.1830444335938,1745381
2022-04-25,878.3093885275349,884.8327823346108,860.1301805584877,863.3919067382812,1146270
2022-04-26,868.1883511505731,887.1350030126988,867.2769815024014,880.70751953125,3142879
2022-04-27,873.0330560245801,884.209207393623,866.8454026604427,869.2437133789062,1586283
2022-04-28,882.5782124770969,889.6292215144741,872.3134324258309,883.5375366210938,3150038
2022-04-29,886.4155230475816,927.7144163881621,882.1465188288979,890.8764038085938,4290688
2022-05-02,884.928657116743,887.3749222188453,865.8380813150329,885.8400268554688,2119174
2022-05-04,882.6741032966266,883.4416094380207,858.5950911990817,864.255126953125,3925917
2022-05-05,868.1884982981885,881.810915175358,837.1063673138023,842.4306640625,4462293
2022-05-06,826.9374990455699,849.6734953586,826.4578369231536,847.37109375,2350532
2022-05-09,832.7413709342834,855.1416264272342,832.7413709342834,849.3856811523438,2522123
2022-05-10,849.0020215218246,854.6140453617277,812.06803527483,826.7936401367188,6975331
2022-05-11,818.3036234876251,831.7341636152063,816.3849748979707,820.0303955078125,2768829
2022-05-12,818.2076618415556,821.0376214872301,801.2276112049863,815.4255981445312,2700591
2022-05-13,827.8488009216976,852.8391837403727,825.1627049668737,846.6035766601562,4870689
2022-05-16,846.0761379077214,858.3554781052912,839.4567763487711,849.57763671875,2739020
2022-05-17,844.3492186501359,859.170730708651,842.9581868486483,855.4773559570312,2317400
2022-05-18,854.7579000186945,872.0257363827085,851.8799272913587,862.576416015625,2878378
2022-05-19,849.001917163575,863.3917801663474,842.6223878113449,848.6181640625,2715634
2022-05-20,856.6766152668876,880.3719376124311,852.8872725034134,878.4053344726562,2877917
2022-05-23,882.5782579538165,893.4186096290533,879.3165322751604,884.5448608398438,2195036
2022-05-24,890.25284344399,892.9868939495145,870.1070355643307,872.8890991210938,2911410
2022-05-25,877.7817120401289,885.1205661683525,870.3469489053628,874.1362915039062,2405811
2022-05-26,881.4271731083163,884.9287302957424,857.1562795337551,863.3439331054688,4113170
2022-05-27,865.2624847869006,875.6711290668572,859.5544940145844,867.1331787109375,2374509
2022-05-30,868.1884513897196,878.2613560743517,850.4409526596535,852.167724609375,3541617
2022-05-31,831.9740125403633,846.8914939345055,816.5768689885155,825.594482421875,24360628
2022-06-01,839.4087586049206,839.4087586049206,798.7333850526618,805.1129150390625,5999099
2022-06-02,802.7144578941205,827.8008070682492,798.9251159073357,824.5870361328125,3553217
2022-06-03,827.081417285935,839.4087103541337,820.0783034889766,829.911376953125,2618353
2022-06-06,829.815524467552,838.4014887144522,823.1002543273521,824.8270263671875,2095566
2022-06-07,820.2222651069296,822.5246668159522,804.4893233844604,813.746826171875,3031449
2022-06-08,810.724905015322,819.2629143114672,803.5299730980666,812.7874755859375,3208941
2022-06-09,811.5883556132802,827.033453380662,801.4674959860513,823.9156494140625,2297715
2022-06-10,815.4255583648583,819.2149006112894,807.7509648743655,811.3004760742188,2124778
2022-06-13,805.8323032041139,816.3848690794059,786.4059887518719,795.7593994140625,2191412
2022-06-14,792.4017871786444,801.6592891060302,788.4205683377992,791.4904174804688,2461692
2022-06-15,791.682313083264,796.287057631836,785.8304587583608,788.852294921875,2008725
2022-06-16,789.1401708155565,792.4018969601254,773.7430270221724,781.465576171875,2327414
2022-06-17,772.4478828729367,777.3404130323229,757.7702338422736,761.1278686523438,5719089
2022-06-20,768.4186798807189,780.4102323133143,762.1830726157691,772.5437622070312,2745302
2022-06-21,773.7908821803229,786.9336355307171,772.5917269212085,784.1995849609375,1342717
2022-06-22,780.8900619786266,787.6053327818826,770.5773246736263,776.3812255859375,2032073
2022-06-23,776.572941486014,792.8814529193213,775.6136172840547,791.3465576171875,1778752
2022-06-24,794.2245938174265,799.8845719306846,788.0848950122744,791.0587768554688,1404748
2022-06-27,794.3205085861157,813.5069943007561,794.3205085861157,801.6593627929688,2980249
2022-06-28,802.9544043208708,803.4340664500947,791.4904677219175,794.8960571289062,2823691
2022-06-29,790.4831878238831,809.3818873986204,790.3392657643205,804.5852661132812,2975927
2022-06-30,801.9950716277634,813.6508846663222,790.1474405815372,796.814697265625,3809670
2022-07-01,796.1431764357144,802.9064003304119,791.4424644380512,795.5195922851562,2316527
2022-07-04,791.7302488405821,805.4965862123695,788.4685816991238,795.6635131835938,2097164
2022-07-05,795.663582387004,812.3557897512898,793.0254406132441,801.80322265625,2682730
2022-07-06,805.8324107385444,808.3746435505681,797.4383231266845,803.6259765625,2364840
2022-07-07,808.7583720998518,818.2077519683634,807.8950153264544,814.8980712890625,2327906
2022-07-08,818.7832045797786,824.5391497789335,815.1857388303068,822.8123779296875,2927832
2022-07-11,821.9490296690917,827.8968519031149,816.4808695740621,822.3807373046875,1768048
2022-07-12,818.3035264933152,825.0187957611383,814.4662297688448,816.96044921875,1695338
2022-07-13,819.8385449496515,828.1367237841895,814.8020922420152,825.162841796875,2663538
2022-07-14,832.1179430066503,847.035424551344,829.0480934558508,844.1094970703125,4934156
2022-07-15,848.9060790130225,848.9540335165334,837.3461745940205,842.6704711914062,1413559
2022-07-18,852.455487280028,859.1707568894217,842.8142904798995,846.8914184570312,2866600
2022-07-19,844.2053076808558,855.045659580348,837.9697002945768,839.6964721679688,1604458
2022-07-20,848.7141953450588,848.7141953450588,826.985477158234,832.2138061523438,2885666
2022-07-21,836.5306945802691,842.1907307283611,828.5683155052004,834.2763061523438,2321107
2022-07-22,835.5715029821729,840.5120467709824,831.2545434374889,838.9291381835938,1939758
2022-07-25,834.6120832110896,842.2866770796974,821.5652970554582,833.0291748046875,2419358
2022-07-26,833.8446679601453,841.7111386918697,826.9375214993017,832.3577270507812,1560211
2022-07-27,832.2138313105709,860.5138981966364,830.8227993632964,857.6359252929688,2797789
2022-07-28,859.5546013831589,860.3700036442705,843.0062566578692,858.4513549804688,3183169
2022-07-29,860.5137470492718,913.2286198527007,843.2459126603233,904.8345336914062,11315800
2022-08-01,901.7168165284181,901.7168165284181,872.9850442941696,881.3311767578125,4219890
2022-08-02,881.331339710405,888.9099673536857,874.9518090169496,879.9403076171875,2043767
2022-08-03,877.7817537952028,880.4678501837462,857.2042353973707,860.513916015625,2863168
2022-08-04,864.3512283848496,882.5783908036201,859.1708535395632,881.139404296875,3151481
2022-08-05,882.0986435595568,891.2122238899708,874.8078027162275,878.6930541992188,3317738
2022-08-08,882.3863867554683,882.3863867554683,871.4501260155715,873.3687744140625,2677742
2022-08-10,876.0549803019849,889.2936442009468,876.0549803019849,882.2905883789062,3077870
2022-08-11,885.4563264144693,889.1977145949704,880.1320882749164,883.5856323242188,1526395
2022-08-12,883.5855795727875,885.264396992847,870.2510077678182,876.2947387695312,1384417
2022-08-16,870.1071082268265,882.0507070348184,869.4355695309242,877.39794921875,1635836
2022-08-17,881.6190531238527,888.3343233870377,877.7817558306042,883.3458251953125,1828327
2022-08-18,872.9851321222218,881.6190510113427,858.787143881725,879.4605712890625,2989998
2022-08-19,881.6260218403412,886.2458844416482,864.3014930268847,867.5257568359375,1708425
2022-08-22,866.7077129571078,869.547022599697,845.1964456336929,847.50634765625,2860170
2022-08-23,841.3466357170495,858.5267724068888,839.8547540830996,855.0618896484375,2314528
2022-08-24,858.5266653660614,866.1783441437766,845.1001435477672,847.939453125,3223687
2022-08-25,854.6768396102794,857.22741899215,842.1646786700388,844.3783569335938,5016244
2022-08-26,849.1906824963756,857.0829799676541,845.1482804994044,847.1213989257812,1542618
2022-08-29,839.2772521191712,847.9395173359975,832.5399347283062,846.2551879882812,2068888
2022-08-30,849.8644416713238,861.8953652510423,848.9019677849462,859.5372924804688,3672052
2022-09-01,859.4890956491666,868.055135889814,837.7372114632196,839.1327514648438,2939235
2022-09-02,840.1434510773367,845.0520442373105,833.5023579834975,836.9191284179688,1963435
2022-09-05,836.3897891064869,852.8962393974522,832.0105447674786,851.4043579101562,2808538
2022-09-06,853.7143018416907,857.2754668226731,849.4312814758365,854.4361572265625,2252661
2022-09-07,846.4957462508195,862.7615777210173,846.4957462508195,860.2109985351562,1698682
2022-09-08,864.5420173105615,866.9482016058873,853.7141879815954,860.740234375,1772605
2022-09-09,860.9328166833085,868.0551463225752,853.4255327697299,856.6016845703125,1405210
2022-09-12,857.7567200502041,861.558503565075,851.8855942281366,854.3880615234375,1571387
2022-09-13,856.4573656230001,859.7779122850995,850.3456799329248,856.7461547851562,2216354
2022-09-14,851.4044441166911,864.0128882780228,847.0251993342749,850.5863647460938,1889322
2022-09-15,849.8644403087263,854.8212043135209,838.4109775813001,841.4909057617188,1780723
2022-09-16,845.7258344825464,857.0830148449623,833.3098975747662,835.4754638671875,5625488
2022-09-19,839.6623104887913,844.0415552801998,824.647681389285,842.0203247070312,1920725
2022-09-20,844.618962588042,880.4230035607801,843.897107160143,877.7280883789062,4408042
2022-09-21,884.080416285962,887.8822000568349,868.7771160521556,871.32763671875,4153228
2022-09-22,866.1301942309734,877.0542483392792,861.7027795137756,873.9262084960938,2317690
2022-09-23,868.7288413674419,891.9244955410024,868.7288413674419,886.5346069335938,4802181
2022-09-26,883.5029436184145,891.5876892721645,865.3121630941718,866.9002685546875,3760536
2022-09-27,871.2794743533975,875.7068306754677,860.8366563194148,863.4834594726562,3096645
2022-09-28,860.4515785087618,891.2507401556079,858.5747428469595,883.4065551757812,5559336
2022-09-29,890.3845253151118,919.6437535302447,890.3845253151118,895.7744140625,8519098
2022-09-30,898.9024649259483,915.2645203935954,895.1006814653996,913.0508422851562,4182345
2022-10-03,917.1894340429548,931.5302586441414,907.3721893779053,909.0565185546875,4444578
2022-10-04,919.8362823603087,920.4137431800499,907.6609644988732,909.1046752929688,1856830
2022-10-06,918.8737881249458,925.899835418152,911.9920766611036,918.1038208007812,3449485
2022-10-07,917.237603470291,925.4667433579331,910.692792864992,919.3069458007812,1762328
2022-10-10,910.4521159602609,918.4406368662671,900.153634403119,910.54833984375,1683827
2022-10-11,915.1200738598443,916.1788302827179,904.7253686077667,909.297119140625,2426935
2022-10-12,910.5002203985237,923.9748536813771,905.7359633102812,919.6918334960938,2875040
2022-10-13,920.943132815629,937.2089653135779,915.7939209200199,932.0597534179688,4498223
2022-10-14,939.3744776017603,943.1281491146641,927.8247914017387,939.6632080078125,3307000
2022-10-17,939.6632610744626,948.0367957913146,936.7758393613926,943.2244262695312,2647369
2022-10-18,946.8336739234672,948.036766266445,936.2464613052633,941.6362915039062,2065146
2022-10-19,938.989398708055,943.8980502456421,928.8353120516389,940.2406616210938,2424533
2022-10-20,933.599637381371,945.9674028941449,930.2790908396745,943.5612182617188,1669666
2022-10-21,944.186833062014,954.6778213717105,939.1338454233029,941.0106811523438,1791608
2022-10-24,948.9992570654841,952.8010406860442,945.2455853905525,949.9617309570312,191840
2022-10-25,954.7260164837829,959.9233404037966,948.5180479521937,954.3410034179688,2119595
2022-10-27,961.511448955811,975.3710969431627,955.2553684570995,973.686767578125,4379157
2022-10-28,964.3987456350616,965.84245633212,950.4909875044505,952.8490600585938,3934980
2022-10-31,957.61337222669,988.7494366322417,954.004095276299,978.7396850585938,3546309
2022-11-01,983.6002318076008,1009.635139528867,980.9053165873596,997.700439453125,5264069
2022-11-02,999.8178069825333,1030.7612449350945,993.8985697534885,1012.4742431640625,5923662
2022-11-03,1005.7851017046122,1015.9873002909936,1000.5396665910338,1005.0150756835938,2386317
2022-11-04,1006.0739692372765,1007.132666981574,992.7436123326071,1000.8765869140625,1576349
2022-11-07,1005.7851616459781,1010.5493601527188,982.685789512482,989.7599487304688,2853521
2022-11-09,981.7713995985027,997.7485001150565,972.0985495425962,975.5153198242188,2268760
2022-11-10,972.0985506528675,983.9369667980089,968.9705107621528,972.7241821289062,2419991
2022-11-11,977.6327739583089,992.7435658019418,971.9541549729861,975.5153198242188,2390487
2022-11-14,980.4240143021095,983.070817399063,964.3988011444767,978.7396850585938,1764788
2022-11-15,983.6483625271468,983.6483625271468,966.7569567004099,977.921630859375,1703050
2022-11-16,969.3073912622989,984.4182424628758,969.3073912622989,980.4240112304688,1485506
2022-11-17,984.8995027645113,991.8293264009777,972.531736990936,975.3228759765625,1758031
2022-11-18,977.1516240635705,979.6540326982165,968.2487405150966,971.713623046875,1130682
2022-11-21,965.3612816926175,974.7935137727693,956.2177800215508,965.5056762695312,1108922
2022-11-22,968.3930994607763,974.4085610964847,958.8645847319173,972.19482421875,1723123
2022-11-23,977.1035360320823,980.8571490759203,971.5693109881224,979.4616088867188,1311376
2022-11-24,982.3489527763633,998.4703896699256,975.7559716954347,996.2566528320312,1994268
2022-11-25,998.9996469664832,998.9996469664832,988.4124350260381,995.0535278320312,1948596
2022-11-28,994.2354705950637,1002.4164981846649,989.3749307372138,995.9197998046875,1427648
2022-11-29,996.1604723214847,1011.7525022837649,995.1979984351838,1010.4531860351562,1179559
2022-11-30,1013.4851681163865,1018.5863275443041,1000.34737392068,1006.7960205078125,3060171
2022-12-01,1015.4098620731972,1018.1528889136036,1000.5877420104417,1007.1806640625,1878374
2022-12-02,1008.9614811106943,1010.4532452281564,995.9680828844698,1000.972900390625,2284133
2022-12-05,1003.0421889422759,1006.6995192341592,992.0699630876484,1000.3953857421875,2294634
2022-12-06,1000.395341090926,1000.9728019018188,984.8513649481116,994.764892578125,1321211
2022-12-07,997.6522942349823,998.2297550343641,977.2477785708043,979.5577392578125,2954262
2022-12-08,976.910940570563,979.7983620697862,938.4119872475851,943.9943237304688,10021644
2022-12-09,943.9943043492971,959.5863918739296,943.2243370475938,955.5921020507812,4231753
2022-12-12,957.5652948842784,957.6615187752024,943.3688050330882,950.3467407226562,1875104
2022-12-13,943.2243203476411,958.9607434188109,943.0318138394388,957.3245849609375,1863361
2022-12-14,961.5113242563383,965.3612194485559,957.2283041060485,962.7144165039062,1570685
2022-12-15,963.4363282195634,969.2111713457546,960.6451305440074,964.59130859375,1304660
2022-12-16,960.6932537124379,967.382399673608,950.5391080553597,956.3621215820312,2618988
2022-12-19,950.5391975218943,955.8809746479652,937.1608455956192,950.8760986328125,1547342
2022-12-20,950.8759710325348,953.4746619555959,942.6468320634552,951.2609252929688,1352408
2022-12-21,954.7740872494423,971.6173801192663,951.3092047855474,967.8637084960938,2043630
2022-12-22,981.675176836465,995.2460928399477,969.2592411569632,972.7241821289062,5163443
2022-12-23,974.0234386459707,989.2786241426797,960.9819310336009,963.965576171875,3612433
2022-12-26,972.0985993192845,973.8310405196179,951.597917835064,962.52197265625,2307374
2022-12-27,962.7145100240699,977.6328553431132,955.7365743103238,962.6182861328125,1870105
2022-12-28,961.4151706079592,972.6760678720384,955.736551286707,957.6614990234375,1686511
2022-12-29,961.0782261781784,966.9974636996606,951.9828367832323,963.003173828125,2162872
2022-12-30,966.3237586440565,969.0186737120437,956.4584015463458,963.8213500976562,1629162
2023-01-02,963.8213342073687,963.8213342073687,950.1541938264307,959.58642578125,1616012
2023-01-03,955.7365549969049,974.7935259155684,950.9241856363968,971.2323608398438,1810117
2023-01-04,974.023549930236,987.4019601317202,963.1957189651024,966.4199829101562,2573870
2023-01-05,971.2323791364041,983.5520919271842,970.4142998276036,978.0659790039062,2246533
2023-01-06,976.9109243731039,983.4557345805472,966.4199362686396,970.8473510742188,1773153
2023-01-09,976.91097516397,984.9476084568306,972.5798427617651,978.6915283203125,1567316
2023-01-10,977.8733791164876,985.5731695032316,972.1466482673991,973.8790893554688,1607654
2023-01-11,974.0234543618525,994.2835741978762,970.510401606625,989.4230346679688,3258157
2023-01-12,993.2248754966164,996.5935340834893,982.8302280651013,994.0911254882812,1641398
2023-01-13,992.4548732428977,996.1603738409325,981.8676615402405,992.887939453125,1491367
2023-01-16,992.8880050166543,1000.4915719667274,987.5943988157723,996.593505859375,1437532
2023-01-17,996.5935194451165,997.1229270682154,988.2682144800062,993.9467163085938,1245848
2023-01-18,993.9467613542779,1002.4165787707973,991.4925233737857,1001.069091796875,1238451
2023-01-19,999.1441876561041,1004.8228074797992,997.1230158516015,1001.5023193359375,824263
2023-01-20,1004.87089914339,1008.191387026106,978.691539172743,991.6849365234375,2963571
2023-01-23,996.16052588535,1015.313780750513,984.1296016596815,1009.9239501953125,2106604
2023-01-24,1010.5974765565637,1011.5117796586103,995.7273035401647,1001.6464233398438,2088556
2023-01-25,991.6367549296251,1006.4107035435277,991.6367549296251,1001.0208740234375,1753333
2023-01-27,1005.736942106796,1011.5599555450677,995.1979010785918,1004.2451782226562,3448013
2023-01-30,1002.8495835520105,1031.9163643893294,1001.1652543102439,1012.2337036132812,3320916
2023-01-31,1015.4099131713691,1020.5110715793031,987.5463421706592,995.67919921875,5265462
2023-02-01,997.555999793494,1004.7745538490873,967.3824673390113,976.8147583007812,4717887
2023-02-02,972.0504228882154,977.5846472201632,955.736480282482,969.78857421875,2117181
2023-02-03,969.2112193911504,993.7061332032042,964.0620075129385,989.5675659179688,2332076
2023-02-06,981.7233678023275,987.4500404520458,974.745432099811,984.9476318359375,1215157
2023-02-07,987.7388108836889,989.9043770951268,964.3988194937453,968.6337280273438,2360600
2023-02-08,974.3549027883311,986.0883125702888,967.1791556881261,982.3064575195312,1815142
2023-02-09,972.6094619891556,990.2580203948154,971.0579650860305,976.2943115234375,1474402
2023-02-10,976.2943547499626,983.6155809617991,966.5004043454946,976.1004028320312,1530150
2023-02-13,977.7003787937084,986.5246283125624,971.6397516005909,984.48828125,1355766
2023-02-14,987.1549787954743,987.2034519769164,972.851898307033,976.245849609375,1832842
2023-02-15,971.6397446898372,975.9064498777701,960.5366639138539,965.23974609375,2251350
2023-02-16,968.6336907184323,979.3973407894171,961.1669862831724,964.997314453125,1678410
2023-02-17,962.1366873510851,966.3063869679743,952.2457320647775,954.6699829101562,1847026
2023-02-20,960.1488975496808,961.6034481842443,945.4094392822742,954.5731201171875,2157871
2023-02-21,960.0032753943257,960.7790237797049,939.7850482686774,942.1607666015625,1771813
2023-02-22,942.1124092977952,948.3669886984604,936.7305839291542,939.2033081054688,2605147
2023-02-23,943.5184195001206,947.639645895676,934.8395897240827,943.0335693359375,2835983
2023-02-24,941.1911236054884,953.5548029047029,934.5002267903417,941.0941772460938,1823835
2023-02-27,941.0942050026124,943.0820789153264,930.9608243429074,935.809326171875,1548675
2023-02-28,939.6397266140468,946.427629695882,925.0942200101142,927.6154174804688,3819644
2023-03-01,922.1850800630724,936.7790592405773,922.1850800630724,930.2335815429688,1862513
2023-03-02,930.9124183750408,937.7003214256922,922.2820608220285,936.0518188476562,1510195
2023-03-03,937.7486910221918,940.3668937468161,929.1183936083403,937.603271484375,2215832
2023-03-06,940.6093727236305,949.8215263740166,934.5972185041104,936.0032958984375,1989152
2023-03-08,930.9124102480417,935.7609123847503,918.3063046925995,928.4881591796875,4734482
2023-03-09,928.4881070818142,930.3305614647094,918.4517318962997,923.8335571289062,2994556
2023-03-10,917.8213310831669,928.4880343498493,917.4334272900547,926.5971069335938,2001392
2023-03-13,926.1608014460336,930.8154105793959,918.8395754759943,925.1911010742188,1412106
2023-03-14,924.6093013891365,934.5487301665236,921.5062483726919,928.1972045898438,1879695
2023-03-15,923.1547946212594,935.6639536428697,920.5850648484599,922.572998046875,2189113
2023-03-16,926.3061916643921,940.6092707819528,922.8637675105476,938.0880737304688,2228093
2023-03-17,939.2032933436492,939.3487720753051,923.8820391420358,928.6820678710938,2218687
2023-03-20,921.215272682431,933.4820049877362,918.645543247467,932.075927734375,1955757
2023-03-21,935.7607675952729,935.7607675952729,924.3667893369885,927.2274169921875,1687239
2023-03-22,928.0033104218386,944.8761215583808,927.6154065759665,942.5972900390625,1626129
2023-03-23,945.4578582426146,953.1669880008325,942.5487571403296,948.027587890625,1857923
2023-03-24,947.9790012864424,949.3366053974943,938.6699019660617,943.3729248046875,1534322
2023-03-27,950.3063164822848,960.9245468556521,933.821410992286,953.6517944335938,2473222
2023-03-28,957.0941772697316,957.8699256573074,946.7183724267077,954.3790283203125,1394675
2023-03-29,955.7851978543445,966.3064232439393,949.336666689229,961.8458251953125,3045795
2023-03-31,965.0457257361788,965.0457257361788,951.6638737753034,953.3123168945312,1822710
2023-04-03,951.2761205442013,958.0640235450264,946.6215703236561,949.3851928710938,1671570
2023-04-05,955.1548841651127,968.7306896253275,945.7487785448009,966.936767578125,1544121
2023-04-06,966.936742711059,983.2761701882846,963.3003663420195,981.4337158203125,1423990
2023-04-10,984.2458397030131,986.1367671928068,976.1488655827366,978.0397338867188,1110974
2023-04-11,978.0397760614196,991.2762098749411,977.0216025032596,978.6701049804688,1786844
2023-04-12,984.7306958986261,989.2882993366978,974.791267407281,985.8943481445312,3246327
2023-04-13,991.324591844873,992.8276154529888,971.6396878503363,973.09423828125,1445693
2023-04-17,969.167033568477,979.3004141355332,964.9003283236702,968.4397583007812,1768817
2023-04-18,968.730669127673,975.7609968065274,958.3548633368905,974.3549194335938,1217390
2023-04-19,973.0943340184639,978.8155899505963,962.9124800003335,965.3367309570312,2174563
2023-04-20,968.8275469083313,971.7366478108917,953.9426709645551,957.8214721679688,1638094
2023-04-21,964.1730548035796,964.1730548035796,955.1063801241977,959.4700317382812,1216575
2023-04-24,945.4578973686845,952.7306504253667,930.1851159496518,949.482177734375,3485350
2023-04-25,950.3063217986826,953.1184764252683,937.7002175299245,943.0335693359375,2377746
2023-04-26,946.2336582782647,947.203358698551,934.0154566569832,941.821533203125,2911028
2023-04-27,938.6699704353365,951.8578719654741,934.3547918952427,949.0457763671875,2777173
2023-04-28,955.106406497092,962.4276325701607,949.4821560985805,957.724609375,2009995
2023-05-02,957.7246787665715,958.9368043362219,940.9003403483314,943.5670166015625,3152556
2023-05-03,941.0942155506384,942.9366699406221,930.4275114073545,934.4032592773438,3087472
2023-05-04,938.3305855123384,946.3306135546715,935.9063345904193,944.4881591796875,1197830
2023-05-05,944.4881397331158,947.6396658667221,938.5244589136587,941.0457153320312,1062645
2023-05-08,932.8517165166461,939.6396188197817,931.8820161876267,932.7062377929688,2676958
2023-05-09,932.7548760568401,937.5548458817938,920.7305669375154,928.439697265625,6902170
2023-05-10,928.0032605623362,930.8638885109502,922.7668548534896,924.9002075195312,2180917
2023-05-11,924.9002142098008,934.694223597442,923.1547653561641,931.9305419921875,1296607
2023-05-12,931.8820712676109,933.9184184045878,923.154767790599,927.0335693359375,2014927
2023-05-15,924.1243896484375,926.7910654842541,919.3243613068057,924.1243896484375,1814239
2023-05-16,924.1243910025119,933.3850170814821,909.5788864221995,912.4395141601562,2625163
2023-05-17,912.7304645277788,916.6577391515326,900.7061563805246,907.591064453125,2956985
2023-05-18,914.427471209777,914.427471209777,894.5001399574799,901.4819946289062,3014019
2023-05-19,903.7607390168688,906.088043564199,896.2940343788158,897.7970581054688,1309343
2023-05-22,897.7970941147017,914.1850545937313,894.8879929067663,909.045654296875,1382485
2023-05-23,909.094058349244,927.2274663369459,900.9485519121104,903.372802734375,3057684
2023-05-24,907.1546970819152,925.8699024052879,904.3425423316543,923.3002319335938,2953574
2023-05-25,920.9243633854524,922.8637639362543,914.1364614576456,916.3667602539062,2331464
2023-05-26,915.348654297392,947.1063406585049,908.6092250492453,940.5123901367188,4137189
2023-05-29,940.5609349084143,943.7609344596061,917.72450183777,939.1063842773438,5344765
2023-05-30,935.7608195248391,938.1365971732303,927.3244148069866,930.5244140625,2624815
2023-05-31,935.7608659601979,949.6275695460721,931.6396393484561,945.7972412109375,5595631
2023-06-01,950.1123541127479,960.4396861126144,945.4578044510738,957.7730102539062,3261906
2023-06-02,956.6579215671052,973.2883071672164,951.2760961629793,969.3125,3734815
2023-06-05,974.8882976183661,986.8641333665546,968.2458733881273,978.185302734375,3629780
2023-06-06,978.3306573568804,985.1670326417941,973.5791022076388,983.0821533203125,1632644
2023-06-07,984.2458750135203,986.6701259371989,979.397373166163,983.8579711914062,1608613
2023-06-08,984.2459106445312,985.2156110491072,953.4579227992467,957.0942993164062,3395935
2023-06-09,954.1851308944952,960.6821349846992,951.2760298856705,954.1366577148438,2306206
2023-06-12,957.9669641305335,959.9063647590509,951.324481466375,955.5911865234375,593319
2023-06-13,960.0033430044913,965.8215450833064,955.688164625541,958.160888671875,2413311
2023-06-14,961.5548409178805,964.8518457737438,954.4275670379973,956.8033447265625,2139387
2023-06-15,958.548911704411,964.6580128098245,955.8337622337627,958.4519653320312,2731724
2023-06-16,960.0032874076597,964.5124174319283,957.2881384319513,961.9426879882812,3611214
2023-06-19,964.9973289520384,976.1973561803007,963.6397247849346,971.44580078125,1327862
2023-06-20,977.1185946487138,977.2155410107082,959.6154557443766,961.894287109375,1445688
2023-06-21,961.8942983768775,963.7366935770434,953.7972647378558,961.8458251953125,1396686
2023-06-22,957.191197512634,966.0155062616875,957.191197512634,960.2942504882812,5384143
2023-06-23,963.8822090755574,965.773136715233,947.6882003655955,961.4094848632812,1218237
2023-06-26,963.8821785627505,973.3852304578965,961.4094544287514,964.8034057617188,2066932
2023-06-27,969.651878804403,972.948824489664,956.124547057052,971.44580078125,4647465
2023-06-28,964.8518852116139,994.4762793876172,964.8518852116139,990.83984375,5296330
2023-06-30,990.7912859949851,1023.0338211154483,989.1427836403859,1019.73681640625,4765060
2023-07-03,1021.0945111738018,1021.7248401019388,998.7914021927976,1001.4095458984375,2338356
2023-07-04,1008.4884395182831,1021.9672990669408,998.6944889242111,1017.0218505859375,1549174
2023-07-05,1023.033982567793,1025.6521264541454,1011.0582055931043,1013.0460205078125,1840716
2023-07-06,1008.488285933753,1024.5852868233724,1008.488285933753,1010.9125366210938,2551103
2023-07-07,1002.185371003249,1019.3490208648116,997.5792940683042,1004.3186645507812,1721224
2023-07-10,1004.6094894774222,1019.1549936686977,999.857934433949,1013.3367919921875,1221769
2023-07-11,1020.1249175762124,1042.185603769044,1017.264348473491,1039.7613525390625,4369937
2023-07-12,1042.4279544693293,1050.9128331684983,1037.5794523555185,1046.0643310546875,5088473
2023-07-13,1049.1188548566422,1049.1188548566422,1039.2278400513758,1043.0582275390625,1541690
2023-07-14,1047.2278438446529,1047.2763762107197,1032.7308709855708,1040.43994140625,2641580
2023-07-17,1041.1671199279008,1048.2945115232849,1038.0641264501655,1044.948974609375,1254025
2023-07-18,1045.7733392934258,1046.2097754923402,1032.1005874550683,1034.8157958984375,2238739
2023-07-19,1034.8156441217914,1053.0944701362987,1031.6155859522903,1049.0701904296875,2311282
2023-07-20,1053.1431012961307,1071.034025215223,1049.5067250221994,1064.3916015625,5218991
2023-07-21,1069.9674880954742,1070.7431774237134,1057.3128500175324,1063.9068603515625,1879610
2023-07-24,1060.8522433414605,1073.797720077197,1059.3976927335884,1067.058349609375,2130036
2023-07-25,1076.3673334708187,1076.3673334708187,1057.7491350513224,1061.870361328125,1702900
2023-07-26,1063.8097901677968,1080.6340671524324,1060.9491031826374,1078.3067626953125,1321572
2023-07-27,1093.8221523827347,1120.3434371017288,1082.4767040018896,1100.5615234375,6366612
2023-07-28,1099.5882618570351,1113.163497444458,1091.511353647341,1107.957275390625,2677679
2023-07-31,1109.3682140827543,1114.2338641445208,1096.7175239221615,1112.6768798828125,1718336
2023-08-01,1112.676878640795,1121.678331245015,1105.475692799362,1112.7254638671875,1448567
2023-08-02,1113.212033224379,1113.5527237618817,1096.182257960636,1104.745849609375,1731918
2023-08-03,1099.8801612954303,1138.2700915391981,1092.1924106855856,1110.34130859375,8460399
2023-08-04,1098.6637179513837,1114.2337972137593,1090.9273823340018,1108.3463134765625,3527805
2023-08-07,1108.3462692531837,1135.3993284082464,1103.0427587321597,1129.6092529296875,3353219
2023-08-08,1130.971729964262,1133.307265911232,1109.3195857128953,1117.785888671875,3073468
2023-08-09,1120.2187744159032,1128.1498087441419,1109.6603362492463,1121.824462890625,1306791
2023-08-10,1119.6832251140454,1126.787120810899,1112.8713158996313,1119.391357421875,1443067
2023-08-11,1119.1481779273329,1120.07260388967,1100.1234393547106,1101.9237060546875,1756630
2023-08-14,1100.6100325707378,1111.3144625957407,1090.3921675468716,1103.772705078125,1824622
2023-08-16,1104.4539847480569,1114.7205550540673,1091.7060039044507,1112.9202880859375,1224080
2023-08-17,1112.9203052949688,1118.0778237485424,1106.9355311924396,1114.0394287109375,1964341
2023-08-18,1110.3413427475941,1118.418369356438,1098.6637826135266,1104.4052734375,1473774
2023-08-21,1099.588244670451,1113.1634800456927,1096.8635518239794,1106.838134765625,941384
2023-08-22,1104.5027235237117,1116.1802853583235,1099.63707275929,1106.9842529296875,1438879
2023-08-23,1097.6904873796216,1100.0746080320257,1080.7580039758188,1093.5059814453125,3050418
2023-08-24,1093.4088605763154,1102.653595714422,1083.2882846670682,1088.2513427734375,1575291
2023-08-25,1087.9594269327063,1093.1170638609374,1070.6863680525134,1076.5738525390625,1515282
2023-08-28,1080.2230000953484,1093.9441092874897,1075.4546393545988,1086.9862060546875,1959645
2023-08-29,1094.8201170355821,1094.8201170355821,1076.7198013082061,1081.7314453125,1749707
2023-08-30,1087.472863471218,1089.0785518599052,1080.660952917036,1084.9427490234375,1543173
2023-08-31,1088.7866388630232,1088.7866388630232,1072.0974331199322,1081.7314453125,4782404
2023-09-01,1082.1204394795425,1087.472653883443,1076.038377656928,1079.2010498046875,2715249
2023-09-04,1084.0668210828383,1084.0668210828383,1072.389261071174,1079.1038818359375,1205294
2023-09-05,1080.174269683824,1105.4756489737154,1077.4494582441853,1101.48583984375,1698118
2023-09-06,1106.4489290650024,1118.1264903216252,1098.7125922486082,1111.6551513671875,2960249
2023-09-07,1109.3683091886119,1110.7793003113743,1098.274602338667,1102.6051025390625,1863837
2023-09-08,1102.5562359256578,1107.470589700749,1098.177151140428,1100.07470703125,1789037
2023-09-11,1100.0746811112515,1109.3681194526002,1095.4523139468656,1106.3514404296875,2032253
2023-09-12,1111.3632042549293,1122.797482168927,1106.5461393063492,1114.4771728515625,3989578
2023-09-13,1118.1264612307875,1125.6195153260517,1111.6065372149237,1117.8831787109375,2115524
2023-09-14,1117.8832307809703,1119.9754843071946,1108.1519295336932,1113.0662841796875,2065163
2023-09-15,1113.2608272370726,1122.7975496718298,1113.2608272370726,1118.905029296875,2404169
2023-09-18,1118.1263237579255,1125.9113634359614,1111.8496830336203,1116.8126220703125,962842
2023-09-20,1117.1532735834726,1124.9383138175037,1108.3951033201877,1122.1649169921875,2303191
2023-09-21,1118.126424220181,1125.862760579218,1110.4873771078048,1115.35302734375,2088934
2023-09-22,1111.8009990824917,1117.1532139577248,1097.9826009207295,1101.9237060546875,1585418
2023-09-25,1095.9389361830138,1106.2542090053387,1091.5112660472807,1093.8468017578125,1009279
2023-09-26,1094.7713739066285,1099.6370244573247,1088.4460281907236,1095.5985107421875,1966198
2023-09-27,1095.8904563342728,1115.1097752912326,1093.0196513424755,1109.319580078125,2332018
2023-09-28,1112.2388613081598,1121.045735128887,1098.517752370628,1101.8751220703125,2685663
2023-09-29,1103.8213982786401,1136.031977280206,1103.8213982786401,1127.51708984375,2288577
2023-10-03,1128.3931705923485,1130.7285880394115,1108.6385800220687,1110.7794189453125,1946966
2023-10-04,1107.5193266449862,1108.3951674800705,1083.0937852548889,1093.6036376953125,1803871
2023-10-05,1094.4307043008823,1098.3232243935079,1081.92600726138,1089.02978515625,2348562
2023-10-06,1097.6906649837647,1101.7291783337391,1092.9223041171788,1097.009521484375,1056281
2023-10-09,1081.1475143657203,1103.334927613195,1079.2012542138468,1092.873779296875,1080276
2023-10-10,1091.8519935658705,1100.0263103238885,1089.7111548200958,1096.2310791015625,1092093
2023-10-11,1097.6905627076412,1103.967203249567,1092.1923548367333,1098.42041015625,1456045
2023-10-12,1098.6638392732282,1102.1184985071654,1091.073377278519,1100.0262451171875,1221965
2023-10-13,1095.841710921442,1116.3747309443431,1091.8519015277493,1114.52587890625,1934884
2023-10-16,1110.8279142525175,1116.423411849497,1102.605013126114,1104.7945556640625,1144308
2023-10-17,1108.0545392695126,1113.2607612041493,1103.5294608439733,1106.2542724609375,798807
2023-10-18,1106.4487265010155,1130.5823961958633,1103.5780407337672,1122.4080810546875,2178517
2023-10-19,1116.5693715443435,1119.099485754079,1104.5025359398953,1110.827880859375,1765065
2023-10-20,1107.421934738656,1114.2338447062928,1102.6535740032539,1111.509033203125,957910
2023-10-23,1104.5026247646847,1118.3210241839502,1087.9594136448613,1092.289794921875,702730
2023-10-25,1094.7711729275234,1099.3448360894217,1082.8990352794415,1090.197509765625,1800673
2023-10-26,1085.9642986826998,1087.910558544161,1068.0100989768302,1074.04345703125,2223975
2023-10-27,1082.1205966319449,1089.7110584050104,1077.887504746703,1081.439453125,1250965
2023-10-30,1085.7210620562282,1089.8568644365118,1074.1894956480814,1085.2344970703125,1078813
2023-10-31,1089.3702784585032,1089.5162717095204,1039.6433616142067,1059.3492431640625,6475786
2023-11-01,1062.657824059948,1102.1182880280983,1053.5103794720744,1086.20751953125,3973264
2023-11-02,1097.544506870082,1106.9839379412838,1080.7580165093643,1102.41015625,3454692
2023-11-03,1107.9084844378267,1114.9149727916767,1101.096574564252,1110.4385986328125,1741756
2023-11-06,1109.4653556364774,1120.0724951171876,1109.36806640625,1119.099365234375,1428537
2023-11-07,1118.1264154141677,1142.0168054006203,1115.7422943334466,1139.486572265625,1811831
2023-11-08,1143.427879648854,1151.1156312785952,1139.5353592074962,1145.0821533203125,1702301
2023-11-09,1149.2665305025307,1151.4560730034882,1135.4967172384531,1144.595458984375,1849169
2023-11-10,1142.5034922568807,1149.7532643083416,1138.6595569166673,1147.6610107421875,957539
2023-11-13,1148.3908379766403,1155.6407286897854,1142.2114854343736,1146.1527099609375,816825
2023-11-15,1147.8070276070755,1152.5753891652844,1139.5354212190637,1149.16943359375,2246320
2023-11-16,1150.2398558656037,1162.793258761284,1147.9043197098463,1157.5870361328125,2205723
2023-11-17,1157.8301458089793,1166.1990402265137,1156.0297602389783,1162.5010986328125,891965
2023-11-20,1163.8635315557922,1166.0530741527828,1153.4023835923936,1156.0784912109375,1054810
2023-11-21,1157.051572419832,1172.621652452395,1154.3754649142352,1169.118408203125,999135
2023-11-22,1172.621568236049,1182.1582890871907,1166.7827886431724,1171.7457275390625,1401782
2023-11-23,1171.2105016445332,1177.3898525561783,1162.6469112790805,1166.588134765625,1177434
2023-11-24,1167.7560362237757,1177.0980607555086,1160.7495475225478,1163.3282470703125,1376695
2023-11-28,1164.9827029757962,1168.0966717262258,1157.7815166013477,1159.3385009765625,886708
2023-11-29,1159.9223890122917,1177.0008699870903,1152.6726171969478,1169.89697265625,1813462
2023-11-30,1160.3115222206336,1198.0690134269157,1160.3115222206336,1192.911376953125,4672807
2023-12-01,1199.9180634534177,1208.481536674802,1192.0843189839784,1198.1663818359375,1749751
2023-12-04,1204.0051613784076,1206.6812690315016,1187.7052329459254,1198.069091796875,1615837
2023-12-05,1192.9601591831754,1210.1845136550069,1187.7539371426167,1206.243408203125,930042
2023-12-06,1215.0015883813526,1224.1976199659343,1200.1613549119722,1207.0218505859375,1704590
2023-12-07,1197.9232163679212,1208.530358776193,1195.879666808051,1206.000244140625,1478355
2023-12-08,1202.8373987139103,1214.0769790770798,1197.5824728916423,1202.5941162109375,1612113
2023-12-11,1202.788531920147,1212.8604024221045,1182.4500936660327,1208.04345703125,1172972
2023-12-12,1215.4393688383557,1216.4124988374256,1180.06611713022,1185.2723388671875,2832873
2023-12-13,1185.5643003266944,1206.2918975946466,1180.0660921900944,1199.966552734375,2448178
2023-12-14,1205.7080189871724,1206.5838597081727,1191.354352094468,1198.2149658203125,2341190
2023-12-15,1207.6544652989392,1213.0066808985719,1199.869424426746,1202.5455322265625,3474624
2023-12-18,1202.5454128359017,1233.8315664929464,1200.8424353141838,1219.088623046875,2135393
2023-12-19,1230.8148948436474,1233.8801593695164,1203.2752678055776,1211.4981689453125,2187458
2023-12-20,1221.2782346105862,1221.2782346105862,1195.4415838045006,1199.042236328125,1837031
2023-12-21,1191.208510495653,1204.6863383832228,1176.0764089835816,1200.35595703125,1916222
2023-12-22,1206.6812060210948,1217.3856360745078,1202.8373900180284,1210.233154296875,2058127
2023-12-26,1210.2332093969137,1216.4125614510272,1206.000117441122,1213.979736328125,1796483
2023-12-27,1216.4125098561706,1221.667435656806,1207.8976222871772,1218.796630859375,2005268
2023-12-28,1221.2293551609744,1230.6687867331332,1215.9745485840012,1228.2359619140625,2043365
2023-12-29,1228.1873387438263,1237.7726454038377,1218.8940185974323,1225.6085205078125,1840160
2024-01-01,1227.117054605361,1229.9877408807465,1218.845448765436,1226.38720703125,733452
2024-01-02,1227.1168455530787,1264.0957830082866,1223.3703190689614,1261.3709716796875,3174447
2024-01-03,1261.3710073054544,1269.5940267459864,1256.456772279013,1263.70654296875,1699057
2024-01-04,1268.9615542885874,1292.8032399328133,1262.1983481219522,1277.6710205078125,2851729
2024-01-05,1282.5853109281757,1282.5853109281757,1252.4182816119592,1265.2635498046875,2960339
2024-01-08,1270.3240958955987,1274.7517667144373,1264.3880258586232,1270.226806640625,1678133
2024-01-09,1279.6171985757946,1297.6201029088113,1271.734869625881,1288.424072265625,1712486
2024-01-10,1294.3115678358415,1297.668818725882,1277.8656475375026,1289.251220703125,1278475
2024-01-11,1292.316724537037,1296.111955543359,1274.9949618878188,1280.8824462890625,1320281
2024-01-12,1283.5585708285867,1294.263001669462,1270.4700188165427,1290.32177734375,1538242
2024-01-15,1293.484499888917,1303.9943526352304,1286.088734781284,1293.6304931640625,1475983
2024-01-16,1294.311769946927,1295.77146513406,1272.4163421399323,1278.15771484375,824502
2024-01-17,1276.746638038876,1284.969539525373,1259.570868730981,1264.095947265625,2544642
2024-01-18,1264.0472856028214,1307.3029894703518,1255.3378187947433,1299.8585205078125,2842572
2024-01-19,1303.9941980955532,1308.2759938473564,1293.4357613690302,1299.71240234375,1605745
2024-01-23,1280.6389731888153,1357.1269610513084,1280.6389731888153,1341.2650146484375,4129729
2024-01-24,1342.9195852417952,1352.6508865841272,1323.7975543460532,1344.963134765625,1719845
2024-01-25,1346.3740458312338,1352.7479759946448,1312.2657921491386,1331.5338134765625,1870910
2024-01-29,1328.322420478708,1382.6717060127662,1318.7856991745437,1363.2091064453125,3413149
2024-01-30,1364.2311320790768,1371.3349106449323,1332.3611208104319,1334.8912353515625,1935332
2024-01-31,1334.8424728252066,1400.2368849661436,1330.171519751756,1380.3363037109375,5796356
2024-02-01,1388.6565831963896,1392.0138343572378,1361.311652513089,1370.118408203125,2442481
2024-02-02,1371.1402481147024,1395.322506234324,1367.3937211593172,1378.584716796875,1775449
2024-02-05,1388.4620816154143,1426.608734223134,1385.3479940045968,1424.4678955078125,3481964
2024-02-06,1411.038570859579,1438.286212227902,1407.6813197070978,1435.464111328125,1893995
2024-02-07,1443.1518017242574,1460.1328728460996,1440.6216874617594,1455.9970703125,2259235
2024-02-08,1460.716773778478,1466.993414503526,1445.4385621343572,1459.3056640625,2213750
2024-02-09,1468.8969094701536,1506.1844939053128,1460.4313262054602,1502.0740966796875,6343881
2024-02-12,1507.0162045136015,1521.9410332197792,1488.666005284694,1501.7313232421875,4059288
2024-02-13,1504.7164263491413,1517.9285705804996,1492.923316488986,1509.316162109375,4687838
2024-02-14,1512.8395078900048,1512.8395078900048,1475.8944376229008,1487.9810791015625,2105672
2024-02-15,1496.4465275998582,1496.4465275998582,1473.4476117530235,1477.704833984375,2161691
2024-02-16,1482.6962749534946,1489.547016817966,1472.7626753565191,1477.75390625,3480879
2024-02-19,1482.5492921864527,1500.0676398465396,1475.2581940482264,1497.47412109375,777823
2024-02-20,1499.3336568020861,1509.1204300188099,1480.0047796990566,1505.8907470703125,2230669
2024-02-21,1507.2121772606033,1516.4606309011888,1500.3124538054356,1510.49072265625,1993748
2024-02-22,1516.558352031195,1527.7152973789573,1502.2696870446505,1524.8282470703125,1981678
2024-02-23,1524.7792596577262,1535.0063898318667,1517.341335943129,1527.9599609375,1340283
2024-02-26,1528.6940775727282,1533.489620659629,1515.6776205464907,1523.751708984375,974892
2024-02-27,1523.5559756300531,1551.6439679911907,1516.0202077675385,1549.0015869140625,2140963
2024-02-28,1552.6715516251134,1553.6012472822222,1529.3301216854734,1540.291259765625,578316
2024-02-29,1541.4167826938724,1553.9439002068711,1523.3112522304841,1544.3038330078125,2350244
2024-03-01,1546.310117231341,1548.1696279746648,1515.041425622406,1526.0025634765625,4069161
2024-03-04,1517.4882487052337,1535.6426422964614,1515.8734071460663,1519.005126953125,2298105
2024-03-05,1520.6689878006891,1542.787073087472,1502.6612997958243,1540.6339111328125,1408172
2024-03-06,1541.4166990361011,1572.4897023341305,1533.0000984142175,1569.79833984375,1761032
2024-03-07,1576.4046490149608,1585.4084334619913,1566.275361645187,1571.4622802734375,2440999
2024-03-11,1580.7107844537486,1592.3080874417483,1552.5738099522425,1559.6202392578125,2994345
2024-03-12,1558.2500100852726,1569.60276278228,1546.4570198405058,1550.5185546875,1294598
2024-03-13,1547.4846625732753,1558.2501140114,1511.0779109513269,1525.3665771484375,2881503
2024-03-14,1533.8319439950533,1540.7316665021854,1513.2797214243744,1536.718994140625,3062556
2024-03-15,1535.300099843458,1539.948817277247,1508.3374909405018,1515.188232421875,3421374
2024-03-18,1515.2372465365827,1542.6402130491124,1510.5395473474534,1537.746826171875,2281873
2024-03-19,1540.4379907704451,1546.06538495528,1507.5544590795064,1515.4327392578125,3692624
2024-03-20,1526.687676667462,1526.687676667462,1488.0789031911143,1516.313720703125,3412218
2024-03-21,1531.4343082422322,1537.3552343095628,1509.658738012727,1531.82568359375,2567975
2024-03-22,1535.446781556873,1586.4358430571401,1532.7064374339564,1574.5938720703125,4941447
2024-03-26,1561.0392758360333,1580.2701892155053,1559.1307834197305,1564.024169921875,3649049
2024-03-27,1567.8411322804154,1591.476214441429,1558.1522025132822,1569.9453125,2530169
2024-03-28,1575.6215301277823,1599.1587678578344,1573.6641754547616,1585.99560546875,4427587
2024-04-01,1596.8099998005498,1598.9141800748585,1583.989349931849,1594.5101318359375,1148498
2024-04-02,1594.510043081471,1598.180083076288,1575.572660601705,1587.6593017578125,1921533
2024-04-03,1574.6917998304573,1594.2163644776726,1560.207327781521,1585.3104248046875,2098379
2024-04-04,1586.3380425076377,1593.2866273698778,1553.3076839856885,1584.821044921875,2439461
2024-04-05,1576.6490048348644,1603.9051415774118,1571.853462552991,1574.691650390625,1548980
2024-04-08,1576.649189583435,1584.3807644376377,1562.9477068682468,1565.590087890625,1170390
2024-04-09,1566.8623968909415,1574.5449899965738,1558.0053193151664,1568.37939453125,1389391
2024-04-10,1568.8687347836542,1574.2024784218536,1549.9802146102647,1569.847412109375,1928878
2024-04-12,1560.9902125767298,1560.9902125767298,1501.290900371601,1507.1629638671875,8258068
2024-04-15,1485.240658885407,1511.1756075501673,1471.7349837140362,1507.2120361328125,2474028
2024-04-16,1502.2697058737133,1510.3927755230714,1492.6297580389578,1504.765380859375,2058697
2024-04-18,1512.5947514175068,1512.5947514175068,1474.3283733473827,1484.0662841796875,3266796
2024-04-19,1472.9092096869379,1495.712436600626,1471.636881519504,1490.3297119140625,2536516
2024-04-22,1495.859249982555,1514.9924387106123,1489.4978476236279,1507.2608642578125,1680307
2024-04-23,1528.6940802826582,1529.1344373203415,1446.1915286750436,1452.993408203125,9160422
2024-04-24,1452.9933030631794,1470.9520079426425,1447.8062654943674,1454.06982421875,4652803
2024-04-25,1458.2291835048854,1494.7338947447035,1456.9079930374805,1487.736328125,3846327
2024-04-26,1498.3548806813476,1499.3335579384877,1468.0648673598398,1474.42626953125,1794350
2024-04-29,1483.6748263751142,1495.2232666101315,1477.8517440717685,1489.1553955078125,1091667
2024-04-30,1494.4402559632701,1496.5444360783185,1465.0799365926755,1470.0711669921875,1991646
2024-05-02,1470.9521236055537,1497.3764132511624,1469.9734462112717,1486.6109619140625,2494925
2024-05-03,1494.4402339349083,1504.2270069141807,1469.4839628377633,1478.92822265625,3183226
2024-05-06,1485.6321576856399,1501.2909946572934,1476.5793925614025,1496.54443359375,1240626
2024-05-07,1503.1993020467205,1510.2458500570146,1477.9005185615822,1483.03857421875,1532550
2024-05-08,1477.8027873182602,1493.265937118239,1470.21803791315,1489.30224609375,1026357
2024-05-09,1488.76383955764,1497.327265809458,1458.0334683536416,1462.780029296875,1477007
2024-05-10,1462.779986277796,1493.9018513743852,1459.2077903957475,1474.42626953125,1528487
2024-05-13,1480.7387511296135,1497.3762651872498,1469.9733008570256,1492.5318603515625,1628326
2024-05-14,1492.4829314854746,1514.9435284706867,1483.723817149965,1512.3011474609375,2206236
2024-05-15,1512.3011536659335,1517.1945403466193,1487.9320641026288,1494.831787109375,1207536
2024-05-16,1496.3977215608281,1508.288675681241,1476.1391474797201,1503.5421142578125,2684392
2024-05-17,1503.248474141046,1504.5208025376526,1487.7364613710372,1498.74658203125,1341676
2024-05-21,1497.3761833322744,1525.0727971246763,1491.5041198682263,1508.0926513671875,1791791
2024-05-22,1514.0137948251324,1530.6513090539802,1473.3008427233237,1506.47802734375,3948239
2024-05-23,1477.8027751625814,1477.8027751625814,1435.719649777157,1463.220458984375,11618479
2024-05-24,1471.9305535096921,1473.594257013254,1445.6041121365436,1454.9993896484375,5307322
2024-05-27,1454.99938406423,1468.9945161825904,1429.4070701790342,1434.789794921875,3474806
2024-05-28,1437.628122580806,1447.561722109433,1424.905316348612,1433.66455078125,2616438
2024-05-29,1436.7961697444757,1463.1226139151,1434.3984580638348,1447.414794921875,2843365
2024-05-30,1444.5278310026808,1445.8980032453615,1418.5928801073076,1427.9881591796875,3133423
2024-05-31,1433.7622921154689,1447.8552695969877,1409.2953588029184,1428.6732177734375,5503924
2024-06-03,1464.590620769586,1466.0586367610024,1420.060802363294,1422.067138671875,1855318
2024-06-04,1430.4346981851415,1444.8213259784666,1347.8343113035328,1399.3616943359375,5055952
2024-06-05,1418.788430041499,1458.2291729077947,1401.4658896670885,1455.5867919921875,2487724
2024-06-06,1462.1439711918363,1462.1439711918363,1424.0245359279986,1441.298095703125,3004955
2024-06-07,1448.3446633755432,1477.9006721547883,1440.7599137600382,1474.719970703125,3404664
2024-06-10,1486.6108901629366,1489.253271212981,1473.0072511455066,1480.836669921875,1433942
2024-06-11,1491.5042881495874,1492.4829655040164,1465.4225127605682,1467.7713623046875,1441589
2024-06-12,1468.0160546138786,1482.2558581306143,1463.9545196359566,1474.719970703125,994784
2024-06-13,1482.3045953704473,1482.3045953704473,1466.0585762956396,1478.585693359375,1412477
2024-06-14,1481.5706245736428,1485.6321593110983,1473.447674566177,1483.6748046875,937490
2024-06-18,1490.1340064486842,1490.3786757693103,1477.9983842521333,1488.5191650390625,1478241
2024-06-19,1492.4340295489442,1497.2295726259795,1468.0160765952253,1471.9307861328125,1537367
2024-06-20,1456.2229329119687,1456.2229329119687,1435.7196899663018,1439.6343994140625,4168375
2024-06-21,1448.5403356425786,1456.2719106747318,1429.7497781305303,1435.96435546875,4426556
2024-06-24,1443.5980740950315,1470.8542144215198,1443.5980740950315,1462.63330078125,3726155
2024-06-25,1466.1076550457683,1475.8454469118205,1460.480260271403,1473.1051025390625,1833311
2024-06-26,1469.973272046866,1496.2997147273452,1463.3672004181599,1488.7149658203125,2563493
2024-06-27,1492.4828598387262,1495.4678733453807,1472.9093141359233,1483.91943359375,3881458
2024-06-28,1487.5896568875837,1506.1355459414035,1483.2834524083653,1488.4215087890625,2634599
2024-07-01,1488.4213859234821,1497.3763073412674,1471.7838713974681,1487.6873779296875,1451094
2024-07-02,1481.717467768168,1502.171847722658,1476.0900731580844,1491.55322265625,1336816
2024-07-03,1486.9535209960277,1503.4931933632965,1466.3524328911185,1501.2421875,1061099
2024-07-04,1502.2695420431885,1537.5019221823122,1493.4614470084077,1524.6812744140625,2630823
2024-07-05,1528.6940824152052,1541.1722191314625,1523.8006954676532,1534.9576416015625,2481046
2024-07-08,1537.1106720115931,1541.221188695759,1517.8796375651066,1523.2135009765625,1120204
2024-07-09,1531.4342427962608,1555.999018426503,1516.7540837183344,1551.594970703125,1492840
2024-07-10,1558.837326931395,1567.0092588897735,1534.1745860931908,1564.4647216796875,1899956
2024-07-11,1566.8623652692577,1568.3303812267243,1538.7743744033762,1548.0228271484375,1707500
2024-07-12,1553.17718792048,1558.4296911037984,1521.760203082645,1548.5628662109375,1426598
2024-07-15,1551.1645291711836,1565.6457959912527,1548.5629059246094,1557.3006591796875,832804
2024-07-16,1560.049592405902,1565.9402768328596,1546.2555251009308,1550.5263671875,688481
2024-07-18,1546.3048204239847,1567.5112625633976,1541.6413614417536,1565.2041015625,1665636
2024-07-19,1555.8280673990737,1560.7861086375572,1536.6343236604512,1540.070556640625,1649335
2024-07-22,1526.718240410413,1560.540540133168,1526.718240410413,1558.4296875,826636
2024-07-23,1558.0861897515051,1576.3964263476482,1545.617621048659,1572.420166015625,1502677
2024-07-24,1572.8129184306918,1595.3447409528383,1562.9951099510995,1589.9449462890625,2923358
2024-07-25,1585.4286377772735,1650.6680412471437,1573.0090871825755,1635.450439453125,5329712
2024-07-26,1640.0157730931946,1692.393877322496,1634.665115398726,1683.017822265625,4591049
2024-07-29,1683.9995133834257,1697.253554153387,1661.90944543349,1691.853759765625,3187339
2024-07-30,1684.833965783752,1694.0135920704186,1666.0819769307482,1670.59814453125,1525840
2024-07-31,1671.0890616162783,1699.4134134881244,1664.3147501841572,1688.0247802734375,1594881
2024-08-01,1694.062707183972,1714.6309662379265,1650.6680453818126,1683.9503173828125,5258291
2024-08-02,1669.0274422574262,1710.065929658509,1653.1716575867217,1700.100830078125,2992406
2024-08-05,1693.5718965306942,1725.9706632469336,1683.754088434864,1689.006591796875,5165558
2024-08-06,1693.5718460136184,1702.4078730362983,1672.905312649836,1676.4398193359375,1710278
2024-08-07,1688.6629251804575,1705.205907193346,1678.2560729829047,1702.849609375,1922313
2024-08-08,1703.3897671482764,1716.7910996602293,1696.8609005556539,1705.4024658203125,2480113
2024-08-09,1717.92014823975,1717.92014823975,1698.529976802472,1703.684326171875,751683
2024-08-12,1703.3895698578237,1716.6436097385617,1698.5298031733987,1702.260498046875,1526788
2024-08-13,1708.2985744058938,1719.9326527968142,1694.1609070622426,1708.396728515625,2076963
2024-08-14,1715.661972895646,1721.0617673740014,1701.033414794116,1709.9185791015625,2207250
2024-08-16,1717.7237098476257,1719.245518067016,1697.155449473692,1710.99853515625,2180718
2024-08-19,1720.9144641379314,1720.9144641379314,1708.936786227169,1715.95654296875,1363446
2024-08-20,1719.8837396527679,1738.5375757884972,1713.3548730360035,1734.1685791015625,1766597
2024-08-21,1737.7520150265498,1739.6664396469619,1725.28344681205,1732.49951171875,1184193
2024-08-22,1737.2611833983262,1737.2611833983262,1716.5456317983817,1718.754638671875,1369554
2024-08-23,1721.7981602355794,1748.9934417559498,1719.9818896380893,1743.3973388671875,3515492
2024-08-26,1747.5698416863465,1747.5698416863465,1732.352239132336,1740.1573486328125,933372
2024-08-27,1745.6063802100655,1759.9403568882003,1734.9540817804052,1756.7987060546875,1231023
2024-08-28,1764.161902855644,1789.7863571761827,1753.8040677156985,1778.8394775390625,1768949
2024-08-29,1776.9250480719027,1793.5661842643015,1757.6330318800822,1766.419921875,3205924
2024-08-30,1765.3892102377706,1794.8426349176113,1758.6640355717989,1788.4610595703125,3036374
2024-09-02,1796.609799921785,1803.5314027811555,1772.3107241358114,1782.8648681640625,1617946
2024-09-03,1786.8409860828388,1806.0348479103193,1772.2124287659806,1778.495849609375,2148689
2024-09-04,1778.495792491988,1801.567639648246,1768.481676983954,1799.456787109375,2473477
2024-09-05,1799.800417245283,1810.305543144688,1786.8409593249555,1793.2225341796875,1902919
2024-09-06,1786.399323481622,1816.2945012529176,1772.1143647359547,1791.3082275390625,1701134
2024-09-09,1791.3081064821451,1801.9604035976483,1779.8211998562476,1788.6572265625,1544883
2024-09-10,1796.6590258744395,1808.6858417580252,1792.4373201155588,1802.893310546875,1460472
2024-09-11,1802.9423859336382,1823.657938003068,1797.7388994640748,1812.0728759765625,1701900
2024-09-12,1821.3505657634178,1837.4026569106395,1806.86929983265,1831.413818359375,2744070
2024-09-13,1831.0212305214304,1831.0212305214304,1817.6690353297818,1819.9761962890625,1322430
2024-09-16,1828.0759010741297,1839.2190894986368,1817.178157856534,1829.008544921875,1284085
2024-09-17,1829.0576996630687,1835.5865661995626,1825.3760215236503,1832.1011962890625,738265
2024-09-18,1833.9665463516135,1833.9665463516135,1796.2661394166694,1802.549560546875,1202676
2024-09-19,1811.581894344555,1822.1851749823213,1801.567778067112,1812.41650390625,1675819
2024-09-20,1817.3744553500712,1836.9119176740671,1808.3421197276036,1831.757568359375,4229991
2024-09-23,1832.9848892847729,1840.8391362661753,1823.6579709943576,1828.76318359375,812520
2024-09-24,1822.1852947778202,1846.3862171933476,1822.1852947778202,1834.0648193359375,2528953
2024-09-25,1839.8571885384754,1841.8207501057523,1824.688723369776,1836.4700927734375,956893
2024-09-26,1836.4701721044196,1870.2924736232897,1833.0339392132482,1863.812744140625,2452807
2024-09-27,1883.0064078660423,1923.6031391858721,1880.3556476861638,1913.1961669921875,3809008
2024-09-30,1913.490805983403,1924.6339942501181,1886.050080177827,1891.5970458984375,2608461
2024-10-01,1889.7807205201098,1899.5003742633467,1867.6906528519742,1884.969970703125,1275678
2024-10-03,1866.1690631664353,1901.0222828847598,1861.5056041900398,1876.035888671875,2492195
2024-10-04,1876.035841023236,1916.6815906175766,1868.9670671139115,1875.25048828125,2798189
2024-10-07,1875.2503151284977,1883.006286951692,1853.6511392544737,1870.5377197265625,1691999
2024-10-08,1869.3106279519905,1886.4426548337285,1866.9053129501262,1882.2210693359375,2309881
2024-10-09,1860.0329362453656,1911.5272933062909,1859.9837992649038,1895.6715087890625,1597182
2024-10-10,1894.4443163912892,1902.6421625723256,1849.576979195854,1853.3568115234375,2383012
2024-10-11,1864.4016462853515,1874.563053089688,1856.0565099012413,1867.2978515625,1019117
2024-10-14,1868.3289120411089,1880.8466175737017,1860.5728195457734,1874.9559326171875,676879
2024-10-15,1883.0555567343888,1885.4118546015413,1860.13099923871,1863.8616943359375,1383203
2024-10-16,1874.170450312827,1879.8156900335873,1852.6204092303547,1863.910888671875,1401914
2024-10-17,1888.504447537744,1888.6026016454591,1845.4042477776802,1855.1239013671875,1447059
2024-10-18,1865.383514593708,1882.9574148320328,1838.5808508928724,1875.544921875,1203693
2024-10-21,1883.8411024303955,1885.5592188809692,1856.1057940139917,1862.438232421875,660583
2024-10-22,1857.5292770201536,1871.274208245461,1846.7296882002688,1853.160400390625,1192915
2024-10-23,1845.7970516759176,1855.1239693299722,1798.6224360239994,1805.8385009765625,1673366
2024-10-24,1796.6589179627958,1825.6705894126794,1796.1188905680606,1815.214599609375,1739776
2024-10-25,1822.9706180096227,1841.428024945741,1816.39261481174,1826.5050048828125,2148004
2024-10-28,1829.2540626504215,1881.0921403437148,1801.5678901517313,1868.2308349609375,2445724
2024-10-29,1886.9826289820987,1887.669827578594,1828.075783124177,1837.5008544921875,2295542
2024-10-30,1834.457553460714,1846.6316602038098,1786.841181321113,1818.3563232421875,1900203
2024-10-31,1826.1123428474318,1838.3846032160302,1808.5384420303405,1815.214599609375,2572932
2024-11-01,1826.1123292524776,1830.9720963837458,1798.180712800009,1824.54150390625,107596
2024-11-04,1811.3856232094604,1811.3856232094604,1728.0324071477992,1775.943359375,5031861
2024-11-05,1772.1143852853427,1799.6042483257802,1766.665453779882,1770.7398681640625,1658010
2024-11-06,1782.472056529425,1806.4765474965047,1769.3651878757273,1794.1551513671875,2060619
2024-11-07,1811.3857395397952,1811.3857395397952,1746.3918926503832,1758.3204345703125,1909269
2024-11-08,1767.0091133322758,1781.9812703759778,1758.3202574659497,1776.6304931640625,1644075
2024-11-11,1784.2884588851225,1784.53390408636,1759.302065491375,1761.90380859375,1069649
2024-11-12,1769.070834763287,1791.749947110885,1762.394677432797,1768.0399169921875,2471888
2024-11-13,1758.3693820895473,1764.5546489600354,1738.1937390634055,1746.5880126953125,1810332
2024-11-14,1747.2752202716879,1763.2782950528315,1731.0268201398587,1735.9847412109375,1473358
2024-11-18,1766.2237389757813,1766.2237389757813,1711.4403199228398,1715.907470703125,1533025
2024-11-19,1698.529987481345,1773.8325298511625,1698.4808505009055,1744.8699951171875,1933316
2024-11-21,1739.715456296085,1758.8110435861047,1726.0196630295575,1747.5697021484375,2014349
2024-11-22,1752.4787959528114,1781.8830841144545,1735.8376586860627,1762.5911865234375,1420813
2024-11-25,1773.0962304777586,1796.658971082114,1751.644342688469,1766.1256103515625,3137448
2024-11-26,1773.8325564424485,1773.8325564424485,1721.2581438173422,1729.505126953125,1589883
2024-11-27,1728.032282955618,1746.195226923637,1708.5439589375678,1717.5762939453125,1982546
2024-11-28,1717.5764633929573,1728.6214979766717,1692.0011441091115,1702.6534423828125,3071758
2024-11-29,1711.145819946305,1763.0820494392226,1707.5131589943421,1748.4534912109375,2427677
2024-12-02,1767.2054575832758,1780.9503889200346,1759.4985021958512,1775.5997314453125,1948045
2024-12-03,1797.8861527626796,1798.6224883883845,1755.7677310031033,1767.254638671875,1543970
2024-12-04,1777.514246260893,1781.7849690307858,1752.4788343417254,1767.40185546875,2320116
2024-12-05,1775.7468196918808,1792.6825378688168,1743.0535921624357,1780.4102783203125,2742263
2024-12-06,1782.7667525574211,1790.719153562618,1768.1873307401775,1771.9671630859375,1590478
2024-12-09,1781.7359127992206,1786.791988238051,1763.9655837538041,1773.734375,1528215
2024-12-10,1787.8229697493307,1789.7865314953488,1763.2784479241066,1776.9742431640625,2043634
2024-12-11,1791.062584492311,1793.0751630257744,1772.163305958813,1780.9501953125,1745911
2024-12-12,1785.8592075480015,1786.8409883108097,1765.2909485056848,1772.5560302734375,1082394
2024-12-13,1771.8688336130672,1783.6993397563392,1741.7282121004541,1780.4102783203125,1391111
2024-12-16,1785.5646573653587,1789.2954722693732,1759.694757771215,1776.826904296875,1483330
2024-12-17,1777.0233389997663,1782.6685788888542,1750.61341015808,1756.455078125,1608164
2024-12-18,1765.241848796702,1789.2463410156286,1760.1366366608327,1768.236328125,1732860
2024-12-19,1768.1872940025874,1796.069893846179,1758.1731773665206,1790.0810546875,1924091
2024-12-20,1790.0809694183893,1792.6825926451384,1761.412898329345,1775.8941650390625,2513418
2024-12-23,1778.0050417744042,1794.695315496196,1763.9165111608556,1781.5394287109375,1299181
2024-12-24,1781.8339756691419,1798.3769579735872,1770.298051412999,1785.8592529296875,1121058
2024-12-26,1786.8410064239474,1811.43466272011,1781.3430580657462,1807.802001953125,1402706
2024-12-27,1811.8765512849438,1832.0030586278542,1803.285968882482,1827.339599609375,1668898
2024-12-30,1828.1250174241786,1861.2109830039171,1821.2034147288757,1849.576904296875,6021550
2024-12-31,1842.6062430546804,1875.2013174935396,1834.7519966986865,1851.982177734375,1844944
2025-01-01,1855.4674623624846,1868.2796292350904,1844.4224289311264,1855.5164794921875,1338092
2025-01-02,1857.5293556351503,1861.4564790085863,1830.9721358837728,1843.784423828125,2507223
2025-01-03,1843.7843901661874,1849.6750751187951,1810.4038421014109,1815.950927734375,1515825
2025-01-06,1816.7854399866897,1822.6761250123152,1792.3882101414824,1813.741943359375,1397724
2025-01-07,1814.870955423328,1831.02120173064,1812.0237671189393,1819.632568359375,1615649
2025-01-08,1828.6648058583178,1828.6648058583178,1795.8733047515968,1804.267578125,1298188
2025-01-09,1807.4584298897587,1807.4584298897587,1780.950348625759,1793.0753173828125,1199181
2025-01-10,1792.1916406553946,1801.1749585799143,1740.451842534636,1752.2823486328125,857827
2025-01-13,1752.0859636042937,1753.018727257104,1710.7038795788753,1715.0728759765625,1645287
2025-01-14,1723.0253457636393,1751.5461266334573,1710.3603491674003,1738.5865478515625,1962645
2025-01-15,1740.5010282044454,1742.660897998661,1715.858234558533,1724.841552734375,857867
2025-01-16,1742.7102420312121,1743.2501496207697,1709.0842460605777,1731.17431640625,2180496
2025-01-17,1746.5881170595878,1759.3021310187214,1735.39579149703,1754.0006103515625,1163986
2025-01-20,1756.7494273373018,1767.6471701042908,1736.0830136776876,1745.8516845703125,1341246
2025-01-21,1739.8136016666322,1772.8505470865105,1727.443188480529,1730.5848388671875,2489267
2025-01-22,1744.624519457762,1770.7398653351984,1741.531885901395,1766.174560546875,2262270
2025-01-23,1755.522211242316,1806.2312131483095,1753.5096325253005,1800.1932373046875,1974760
2025-01-24,1795.67713413037,1809.5202198337402,1775.2560449726557,1789.0009765625,1277935
2025-01-27,1784.9755705347268,1791.0135461602179,1741.973645281024,1754.294921875,1452975
2025-01-28,1747.3734840785994,1747.5697922965223,1662.253018355036,1674.4271240234375,5972497
2025-01-29,1674.4272636152525,1712.2258268806802,1665.1003454069,1703.7333984375,1433336
2025-01-30,1708.7402970654223,1728.2287412709454,1693.8664142433734,1707.4149169921875,2017991
2025-01-31,1710.262211056388,1737.604783285706,1674.9672380491663,1712.1766357421875,4275269
2025-02-01,1708.2986262289885,1756.4058863929083,1701.7207426757038,1710.45849609375,1477972
2025-02-03,1748.993543338424,1753.3625402686207,1679.3853731279887,1708.8878173828125,2210231
2025-02-04,1717.42926663043,1743.888212257194,1708.9368384185113,1733.088623046875,2796294
2025-02-05,1741.4828178018327,1741.4828178018327,1703.5859833315424,1720.8162841796875,1787905
2025-02-06,1731.4341331157837,1746.5952692663748,1714.9396291338378,1720.5694580078125,3421791
2025-02-07,1729.8538518459848,1731.4341441216568,1706.0503603445638,1728.2735595703125,1371545
2025-02-10,1719.8285956353361,1728.4709503872725,1702.4944530197406,1710.7911376953125,1237839
2025-02-11,1703.9759687534727,1712.865247766241,1674.1969805155488,1678.839111328125,2779274
2025-02-12,1685.4566856095623,1693.8521160280418,1667.283144452648,1673.01171875,1757284
2025-02-13,1679.0860806988685,1731.1871340852597,1679.0366475867154,1724.8658447265625,2750390
2025-02-14,1725.8534442265395,1727.4337363341597,1664.2705205902216,1679.579833984375,2123774
2025-02-17,1679.5799180301603,1714.001158334766,1675.1847115470694,1693.111328125,2277889
2025-02-18,1693.1113487394819,1708.470096198524,1677.5057974240608,1680.6663818359375,2163972
2025-02-19,1644.615475066574,1678.098452409651,1626.8369158297444,1655.9739990234375,2576319
2025-02-20,1646.6402198086596,1657.3072824664741,1642.5412503018301,1648.7637939453125,1670915
2025-02-21,1657.4060305119106,1663.6778862513065,1611.9225071292776,1623.5279541015625,2244190
2025-02-24,1609.7002700289127,1649.3563554045738,1607.0335345600174,1619.330322265625,2357441
2025-02-25,1619.3304186044963,1627.5283579416634,1586.4894692793366,1593.7490234375,2836717
2025-02-27,1608.9100933370894,1632.7630165077305,1585.3042151558923,1627.23193359375,2744489
2025-02-28,1650.4429128501097,1650.4429128501097,1566.8837087010356,1573.6494140625,3549979
2025-03-03,1565.7972212573038,1587.6253164421207,1562.7352619144206,1565.599609375,1425492
2025-03-04,1565.5008003729204,1570.4392887021725,1536.8575680632582,1547.2283935546875,1717135
2025-03-05,1545.3516772029925,1566.7847879683711,1533.943841995739,1562.9820556640625,2428171
2025-03-06,1578.5878046312296,1597.9960880041344,1553.2040226825109,1594.14404296875,2458676
2025-03-07,1604.0210610536626,1608.712625117705,1585.8968324147068,1589.501953125,980890
2025-03-10,1601.996197173065,1621.2563018528083,1583.0324500235126,1591.6748046875,1600589
2025-03-11,1596.2182133512008,1643.1338536454791,1585.6004631793378,1634.93603515625,3325416
2025-03-12,1641.553538808838,1659.5790214100782,1637.6521812129815,1656.2208251953125,2389362
2025-03-13,1651.4304124873775,1666.3940554702178,1642.9855496506443,1662.739501953125,1666929
2025-03-17,1673.2093504462375,1698.9882365110375,1667.5794011695593,1683.333251953125,2588408
2025-03-19,1726.2980877387904,1726.4955790513009,1705.0625871955392,1711.0380859375,2167448
2025-03-20,1714.2975332342016,1735.533033736083,1701.704387587737,1728.7178955078125,1602232
2025-03-21,1737.3602179657948,1770.744447755042,1728.7178632715363,1762.5465087890625,2483162
2025-03-24,1772.423514928649,1797.609806168928,1755.7313997576528,1762.8428955078125,1182084
2025-03-25,1762.8428148307853,1773.855547178955,1736.866318395344,1743.0394287109375,1471028
2025-03-26,1746.2000701612444,1749.0151050122092,1724.618899904759,1737.310791015625,1762361
2025-03-27,1729.4585851363342,1730.7426403087484,1698.839957986576,1710.1490478515625,3279881
2025-03-28,1710.1491133739123,1719.9273445971887,1684.2220490682523,1713.359130859375,1956781
2025-04-01,1709.7046515808406,1712.6183114540302,1660.9123630026027,1677.456298828125,4142445
2025-04-02,1674.1476505463193,1697.3091140624376,1665.1596253267169,1692.5682373046875,3369489
2025-04-03,1733.4095096911415,1790.3996202723624,1728.4710210595429,1748.2249755859375,5715573
2025-04-04,1756.9660352971482,1756.9660352971482,1637.6522250867345,1688.321044921875,5345276
2025-04-07,1600.1689587010642,1671.1844447395852,1600.1689587010642,1645.8499755859375,5715334
2025-04-08,1624.762675599667,1688.8148457185614,1624.762675599667,1667.579345703125,2807382
2025-04-09,1629.7010149080645,1659.0850180556492,1619.8240390601368,1631.8739013671875,3481864
2025-04-11,1688.9630718417638,1715.6309098182128,1661.4062818190532,1666.789306640625,3801939
2025-04-15,1698.8400012600805,1703.284640798261,1675.925463423998,1684.0245361328125,1993085
2025-04-16,1670.2956006413758,1681.7528701514327,1661.4063211056914,1672.27099609375,2205374
2025-04-17,1674.1475948210684,1736.372549672825,1666.6411164447286,1729.9525146484375,2683908
2025-04-21,1739.335501249071,1739.335501249071,1710.0009302901806,1723.43359375,1539511
2025-04-22,1729.4586416439995,1733.4094323730549,1713.1616298866459,1725.9029541015625,961907
2025-04-23,1732.6191444489039,1769.2628231909998,1720.6680271697394,1766.7935791015625,1471029
2025-04-24,1767.9788637479733,1785.6586764991662,1752.0769550648472,1781.7078857421875,2101177
2025-04-25,1783.7819183915512,1793.1650458692475,1742.4961092622636,1765.4107666015625,2036801
2025-04-28,1765.4109237545622,1823.289985866066,1759.2871255670668,1818.944091796875,3216482
2025-04-29,1822.30226739098,1823.289965096883,1774.8927775076372,1783.2882080078125,2886160
2025-04-30,1787.732717387814,1816.277203121696,1781.1151914680008,1809.7584228515625,2667314
2025-05-02,1809.7585428688371,1828.4259329329611,1791.486135429626,1802.1531982421875,1885257
2025-05-05,1805.3139476069537,1820.6232623243093,1798.9926580615574,1814.005615234375,1219830
2025-05-06,1797.6097772208377,1805.4126130049049,1776.8681259452128,1796.7208251953125,1414772
2025-05-07,1795.5356985499445,1803.9311291196723,1756.8178758166475,1759.385986328125,2015237
2025-05-08,1759.3858617529975,1766.8923397348303,1733.409365484411,1745.459228515625,2647871
2025-05-09,1730.347590354416,1744.5704610654611,1710.3960248697977,1723.3349609375,1148956
2025-05-12,1674.8388159221133,1691.3334386149006,1603.6258412122231,1665.4556884765625,9221075
2025-05-13,1689.9507340734144,1726.9893971521715,1670.4931379634668,1679.0860595703125,6988329
2025-05-14,1681.0613814598044,1690.3457633794635,1671.28315072068,1687.18505859375,1639324
2025-05-15,1680.1724192687352,1722.9397750021606,1663.381559508873,1718.692626953125,3880385
2025-05-16,1718.5939968482232,1720.1742890534506,1697.8523451621238,1713.5567626953125,1448249
2025-05-19,1723.5324021832398,1743.2863552168585,1705.3587412785982,1708.9144287109375,2074023
2025-05-20,1722.347277929038,1726.4955599945047,1682.3455215332842,1686.7901611328125,2706777
2025-05-21,1695.284304815932,1737.06384391368,1686.7901289680744,1710.494873046875,2754306
2025-05-22,1712.865221826604,1718.593916442169,1686.1973851921566,1697.555908203125,2670554
2025-05-23,1637.6027804711568,1668.7152579047163,1616.4660256565492,1662.8878173828125,8339783
2025-05-26,1672.2709635575561,1681.4566004598062,1646.492077519347,1655.4801025390625,2282131
2025-05-27,1655.4799447458145,1671.1843609034768,1640.6644805534079,1662.690185546875,2800622
2025-05-28,1662.690274377628,1666.1472162072132,1642.5412178857619,1645.8994140625,2657712
2025-05-29,1654.393599330459,1682.3454916540347,1649.8502141564582,1678.8885498046875,2377583
2025-05-30,1681.0615183885147,1692.5187878196346,1648.5662393071264,1656.961669921875,3640641
2025-06-02,1658.3444291259216,1662.7890687513336,1640.0720217770058,1653.99853515625,1819538
2025-06-03,1674.1476494418807,1674.1476494418807,1637.207730290334,1646.9859619140625,2556920
2025-06-04,1635.6274348715776,1648.4675053144101,1628.7135507869755,1644.41796875,1700482
2025-06-05,1641.5535242173332,1673.4562071211842,1641.5535242173332,1662.3939208984375,2037073
2025-06-06,1664.2705647991138,1668.2213554573907,1648.4674021660067,1658.5418701171875,2500047
2025-06-09,1659.2333156354666,1677.900825438661,1652.714535222693,1673.554931640625,2589656
2025-06-10,1680.8639958950585,1685.9012300567622,1657.060384844606,1668.02392578125,2369135
2025-06-11,1673.9500382450392,1674.1475295491248,1658.6407245529972,1669.8016357421875,1999978
2025-06-12,1674.0488459876365,1706.2477667043497,1660.418569580459,1666.64111328125,3588365
2025-06-13,1646.294482275537,1679.085995849407,1640.664533360082,1667.0361328125,2404272
2025-06-16,1644.5167046477982,1669.011656343854,1635.331067619635,1664.5670166015625,2249326
2025-06-17,1659.3321210630993,1661.0111589105582,1620.9106567652464,1629.898681640625,5408285
2025-06-18,1624.7626150927497,1640.8621348253478,1618.342580443447,1627.7257080078125,1455885
2025-06-19,1627.8245373211214,1634.9360330239078,1615.8734193965106,1627.3306884765625,1696525
2025-06-20,1627.3306473228677,1649.4550991133094,1625.3552519945881,1644.6153564453125,2567882
2025-06-23,1642.738703417312,1646.4920027608084,1626.935540823327,1642.04736328125,840643
2025-06-24,1649.9488673252797,1665.6532835314615,1638.3928534469221,1641.257080078125,2066326
2025-06-25,1641.2572226368472,1658.14694979025,1637.7015350245501,1649.06005859375,1372945
2025-06-26,1654.1961789977863,1658.2457155099135,1630.0963306717506,1649.2576904296875,2102627
2025-06-27,1649.6526588640727,1674.8389503446338,1647.6772634538324,1666.838623046875,5313904
2025-06-30,1675.135148602052,1683.5305782972864,1651.0353027749622,1655.0848388671875,2160184
2025-07-01,1655.0848830443233,1663.5791791822505,1637.1088342680196,1646.689453125,3298070
2025-07-02,1635.6274141905737,1661.3075547515368,1635.6274141905737,1656.8629150390625,1611046
2025-07-03,1656.862879904524,1671.9747028339111,1653.8997868257081,1659.0357666015625,1553777
2025-07-04,1665.949571368782,1665.949571368782,1651.035361027106,1655.6776123046875,1264399
2025-07-07,1659.5423049250728,1667.1726850940636,1647.948249571039,1664.6953125,1550620
2025-07-08,1664.7944226457398,1666.7763207679372,1634.174072464699,1657.3623046875,1860328
2025-07-09,1644.975338418987,1665.5871259853582,1632.0930014313683,1654.290283203125,2178705
2025-07-10,1646.9572842751409,1655.4794217214996,1632.2911902768808,1647.4527587890625,1741718
2025-07-11,1650.7229855293185,1664.6953430229341,1647.155472156088,1656.8668212890625,1298302
2025-07-14,1665.1908100825879,1681.5414694298722,1660.335135537878,1667.370849609375,1309704
2025-07-15,1689.5681480926646,1715.233752951798,1672.622943351807,1711.864501953125,3332578
2025-07-16,1714.3418931820895,1715.630175360839,1682.6315229035768,1685.6043701171875,2285143
2025-07-17,1688.5770891498096,1701.4594260975489,1680.6494971819702,1687.9825439453125,1461039
2025-07-18,1693.5318793732522,1693.928283175325,1671.4336677863535,1678.271240234375,1253929
2025-07-21,1665.8844521683452,1686.00076661255,1662.3170597206067,1676.983154296875,2390289
2025-07-22,1670.8391630834278,1677.7758064088152,1657.6596133444677,1662.8125,1244491
2025-07-23,1663.3080542101018,1674.307564959953,1656.2723398360863,1667.2718505859375,1229173
2025-07-24,1667.2717750495208,1680.6495872118794,1664.893473138676,1676.685791015625,1079045
2025-07-25,1674.7037736467223,1686.5951613885925,1666.974323228326,1683.622314453125,1088592
2025-07-28,1686.6943863174326,1694.6219788702113,1678.5686523370198,1686.79345703125,2168507
2025-07-29,1682.6314477103733,1702.4504282487758,1681.7395693930537,1695.018310546875,1325544
2025-07-30,1704.432277310398,1724.7467317783414,1696.6037560296604,1718.107421875,2318723
2025-07-31,1699.9729628233056,1732.1788044390196,1678.6675599082946,1691.2525634765625,3233087
2025-08-01,1674.7038598248964,1679.6586049723073,1593.4460394073571,1614.9495849609375,8774548
2025-08-04,1615.0486959049506,1632.4893737589398,1598.9952498505268,1626.7418212890625,1898762
2025-08-05,1626.0482806728367,1629.7147436822142,1605.4364925494494,1617.327880859375,1622897
2025-08-06,1614.949582280709,1614.949582280709,1576.5999032895777,1580.7618408203125,2376257
2025-08-07,1566.6904457605426,1590.8696267383007,1556.7809552750236,1583.9329833984375,3435674
2025-08-08,1575.6090273106263,1587.5004161959894,1566.5914149323185,1572.537109375,1654424
2025-08-11,1572.5370035737276,1644.9753518002753,1569.8613686752615,1593.8424072265625,1140902
2025-08-12,1597.1124913175224,1621.886216882201,1595.5269970744744,1607.5174560546875,1679088
2025-08-13,1609.499350463328,1628.6247149422306,1602.6618989952908,1624.958251953125,1313668
2025-08-14,1624.9583289276168,1636.1559808087113,1617.4270192438462,1626.5438232421875,1738094
2025-08-18,1634.669548694632,1634.669548694632,1610.688629777299,1617.9224853515625,3080173
2025-08-19,1618.021642179014,1623.1745288049094,1604.4455677409917,1611.877685546875,2656391
2025-08-20,1619.2107259823797,1621.688098574152,1601.3736433216193,1618.31884765625,1831706
2025-08-21,1616.0396684127388,1637.5432132044923,1609.2020961584615,1625.3544921875,1727099
2025-08-22,1627.138326969092,1636.4532721570129,1620.3007543861788,1626.940185546875,2098310
2025-08-25,1634.2730825129552,1645.4708548738895,1619.2107057295607,1641.7052001953125,1904984
2025-08-26,1630.1111695667423,1632.4894714540349,1581.752808065144,1585.8157958984375,4502371
2025-08-28,1578.6808251013001,1585.5183973831056,1553.4116256430068,1571.3477783203125,4993739
2025-08-29,1566.6904253237446,1587.2030219750068,1561.537538724676,1580.0682373046875,3176534
2025-09-01,1584.5274660146672,1585.716556439753,1542.1148000265914,1549.150634765625,9366820
2025-09-02,1551.8261327808714,1556.0872618637054,1543.8985407870994,1551.0333251953125,2855840
2025-09-03,1547.9614036592309,1566.7894345978355,1544.1958700507823,1564.4111328125,2091370
2025-09-04,1582.5455394847263,1582.5455394847263,1546.8713757893913,1567.9786376953125,2298657
2025-09-05,1568.0776893470788,1584.8247512936464,1561.2401171954682,1579.17626953125,1814479
2025-09-08,1583.1401595316079,1589.9777320895596,1563.915723993837,1566.6904296875,1369139
2025-09-09,1565.6995234219016,1582.5456575346689,1563.2221507582594,1577.2935791015625,1709406
2025-09-10,1577.6899893078808,1587.1040054678326,1568.0778317202203,1578.978271484375,2408379
2025-09-11,1578.0863401973904,1602.3645915850425,1576.5999166430443,1595.130615234375,1762484
2025-09-12,1595.4280219708444,1607.8148854954627,1588.590449112162,1601.96826171875,1878894
2025-09-15,1601.9680748566818,1602.4635493398716,1580.9600051556074,1587.500244140625,2005917
2025-09-16,1587.9957479662276,1600.3826102748565,1585.5183755045016,1595.92333984375,1480567
2025-09-17,1598.004455746826,1607.4184719687219,1592.8515689378683,1605.53564453125,2128406
2025-09-18,1620.300776616603,1636.354223896581,1612.9677294120793,1633.6785888671875,1832386
2025-09-19,1633.6785496511916,1653.0020557715138,1628.2283299762287,1641.0115966796875,3191406
2025-09-22,1635.065933561673,1642.8944552548485,1620.4990309033988,1629.1202392578125,1785320
2025-09-23,1628.3274237060962,1629.1202313289366,1610.3912701698368,1616.43603515625,1967731
2025-09-24,1615.2469453725028,1621.0935689384155,1610.2922001412987,1612.3731689453125,1131058
2025-09-25,1613.1660067589557,1627.9311720173662,1608.012999042789,1612.6705322265625,2762750
2025-09-26,1570.6541801870806,1588.3921916516852,1533.9890668325556,1572.3387451171875,7256759
2025-09-29,1566.6903581737797,1604.2473492073423,1565.6994091806273,1574.915283203125,4180922
2025-09-30,1574.717109553487,1589.7796076773784,1571.645191694717,1579.8701171875,2257443
2025-10-01,1597.3107583309259,1636.5523155460226,1597.3107583309259,1621.3907470703125,3109095
2025-10-03,1585.5184733128335,1630.6066548976673,1585.5184733128335,1616.43603515625,4041865
2025-10-06,1615.2468746177694,1644.6780116157274,1605.3373845894396,1639.7232666015625,1756916
2025-10-07,1634.47135435781,1647.9482369734005,1632.0930524925982,1638.1378173828125,2174852
2025-10-08,1630.1112615999905,1640.020752551966,1614.2560760768295,1616.83251953125,1846507
2025-10-09,1630.111201380907,1647.2546684807023,1617.6252674357627,1643.489013671875,2197566
2025-10-10,1640.0206198664482,1661.425094397898,1634.074925776298,1655.7767333984375,1454056
2025-10-13,1647.4528148203483,1659.8396780896744,1640.8135044941744,1653.2994384765625,1375179
2025-10-14,1652.5065036097435,1654.7857346619994,1631.300171132304,1639.426025390625,2108287
2025-10-15,1637.5431857571505,1653.5965108107678,1635.1648840174234,1640.11962890625,2088737
2025-10-16,1639.029751750631,1647.8492226127564,1628.3274534739344,1643.9844970703125,2895957
2025-10-17,1643.1916072270783,1676.6857322986593,1641.705183705537,1663.9024658203125,1594147
2025-10-20,1669.6500652506752,1681.541453756041,1667.569096455328,1673.3165283203125,1647622
2025-10-21,1674.7038663036546,1680.6495605035493,1668.75817210376,1675.1993408203125,74296
2025-10-23,1689.568042008541,1696.5046849962594,1666.9743564623625,1674.604736328125,2687094
2025-10-24,1674.7037736467223,1686.496090683834,1670.7399777327657,1683.622314453125,994307
2025-10-27,1685.6042871936231,1693.0364048620254,1674.7038479466332,1678.271240234375,2067904
2025-10-28,1676.6857020135594,1687.2888078895205,1664.0015064726656,1671.73095703125,2440939
2025-10-29,1674.7037819031316,1706.41414937112,1672.028268034201,1700.369384765625,1016738
2025-10-30,1700.2703356885543,1701.3603553910416,1664.8933839527986,1687.9825439453125,1986233
2025-10-31,1684.6133352163367,1689.568080319914,1671.532856529075,1675.3974609375,1560918
2025-11-03,1672.9200994602497,1697.2975423035919,1665.9834562693216,1690.9554443359375,1099955
2025-11-04,1691.5499908988998,1695.71192843057,1666.9744066168219,1674.703857421875,1597993
2025-11-06,1683.6223992901835,1708.2970542910004,1651.9120303806567,1670.6409912109375,3389867
2025-11-07,1678.6676297668243,1694.5228139913045,1667.8662613208062,1676.0911865234375,1512908
2025-11-10,1682.1360165074605,1687.6853070080012,1670.5419609801618,1682.433349609375,1235665
2025-11-11,1686.1988658426885,1703.4414033683042,1679.6586263579263,1700.567626953125,1315353
2025-11-12,1705.8197449515226,1728.3142403443644,1694.7210428425053,1716.4228515625,1833097
2025-11-13,1718.8011502811712,1731.9808212091489,1709.7835379983,1721.6749267578125,1727602
2025-11-14,1721.674885510141,1744.16938032178,1718.9992505240762,1741.196533203125,1667322
2025-11-17,1749.8178859873417,1751.9979255175253,1731.8816113575822,1747.93505859375,1430618
2025-11-18,1748.0341122244517,1748.5295867460572,1734.1608256194957,1742.8812255859375,1429522
2025-11-19,1746.0521989659226,1774.0961050312974,1735.2508302956865,1767.9521484375,2131124
2025-11-20,1773.7988000517291,1775.7806981523456,1757.051736908428,1761.3128662109375,1513894
2025-11-21,1761.9073540008978,1771.2222989631728,1757.646224837323,1763.5919189453125,2199311
2025-11-24,1769.7359449033265,1769.7359449033265,1755.7635873941877,1764.68212890625,3434492
2025-11-25,1768.8439952716303,1775.8797090989474,1750.115034658016,1760.71826171875,1848114
2025-11-26,1759.4300385756792,1790.5458629440886,1757.5472111872652,1788.56396484375,1158948
2025-11-27,1785.78918461086,1798.473380310005,1785.78918461086,1793.9150390625,2902053
2025-11-28,1793.9150750645715,1816.4095696301642,1791.1403693979933,1815.022216796875,1623103
2025-12-01,1824.3371222136966,1832.2647142711162,1784.6991619265984,1791.041259765625,1869293
2025-12-02,1787.6720391623542,1798.473407716238,1772.4114000008035,1783.2127685546875,2948688
2025-12-03,1788.662969243037,1799.5634083907785,1766.3666164408385,1790.3475341796875,2114510
2025-12-04,1792.0323532822401,1806.6983271918573,1782.0237916957487,1801.8427734375,1713961
2025-12-05,1802.5362804345766,1803.7253708810058,1783.90639033747,1788.9603271484375,1777401
2025-12-08,1788.9603600385915,1789.6539759841844,1769.537661976473,1779.942626953125,2410074
2025-12-09,1779.7443949381511,1784.8972813257328,1755.9616190592449,1759.9254150390625,2401728
2025-12-10,1771.7177793832846,1775.4833130849672,1751.8987989571958,1769.3394775390625,2321746
2025-12-11,1761.9073546284521,1794.1131977248665,1759.0335782821423,1790.843017578125,1280916
2025-12-12,1791.6358508154447,1795.4015055252444,1774.7897172624232,1777.26708984375,1442309
2025-12-15,1762.8983194563343,1788.2665903605346,1761.5109666251096,1780.83447265625,1396948
2025-12-16,1773.798820756818,1775.6816481674737,1762.2047651190617,1765.1776123046875,1533979
2025-12-17,1764.8802893248155,1781.3300196532234,1755.466273182993,1776.672607421875,1910628
2025-12-18,1768.8439824804386,1768.8439824804386,1720.2874810005835,1730.097900390625,3461351
2025-12-19,1731.1879022998176,1744.0702392946073,1725.4403497159606,1729.10693359375,2768986
2025-12-22,1729.1069615291829,1757.1507460916432,1727.3232049149044,1753.7816162109375,1467257
2025-12-23,1755.9617016652771,1758.5381449802721,1735.8453877351853,1740.0074462890625,1124853
2025-12-24,1740.0075263941535,1743.0794443713569,1703.4414808836625,1721.278564453125,2224786
2025-12-26,1721.2783746921798,1721.2783746921798,1692.5408543317462,1703.936767578125,2507337
2025-12-29,1703.936946118026,1711.8645387722536,1694.82026295185,1701.65771484375,1800816
2025-12-30,1707.5042695781144,1707.5042695781144,1691.5500141996688,1704.6304931640625,2639497
2025-12-31,1704.630484283899,1709.9816332743505,1699.9730721983062,1704.135009765625,1428439
2026-01-01,1704.4323191352505,1710.3780132717689,1693.432809175783,1705.5223388671875,877515
2026-01-02,1705.5222910229738,1716.3236592610679,1703.8377261177327,1712.35986328125,974123
2026-01-05,1712.359952719554,1730.1970355603828,1707.8016112977675,1713.2518310546875,1416698
2026-01-06,1710.0806911135992,1746.6467344800938,1710.0806911135992,1744.2684326171875,1658801
2026-01-07,1739.1155294928276,1790.2484747138844,1732.6743608650763,1766.4656982421875,3059500
2026-01-08,1750.0159942827247,1762.5019279197363,1741.7910689132195,1744.763916015625,1910656
2026-01-09,1749.2232269834508,1749.2232269834508,1711.369021393247,1714.2427978515625,1585689
2026-01-12,1716.4227502668182,1728.512400727513,1698.5856681466876,1720.2874755859375,2327272
2026-01-13,1727.2240857083743,1728.0168932847828,1696.6037377927428,1713.053466796875,1770082
2026-01-14,1721.3775765750315,1721.3775765750315,1673.9110927211293,1685.3070068359375,2479677
2026-01-16,1692.541006196116,1692.541006196116,1644.2818350262407,1653.794921875,3697596
2026-01-19,1635.065953596524,1672.028402024618,1585.5185004572354,1660.236083984375,2975272
2026-01-20,1658.9477578382616,1658.9477578382616,1588.2931641139496,1599.193603515625,5019166
2026-01-21,1622.1836058868935,1630.1111983408307,1593.1487501381641,1598.3017578125,3947877
2026-01-22,1599.4908832639828,1631.5976575974692,1598.5990049003235,1619.408935546875,2279862
2026-01-23,1625.1564237640277,1633.9758944031562,1610.6885919894642,1617.1297607421875,1678658
2026-01-27,1643.1916501474457,1643.1916501474457,1607.6166763750311,1624.06640625,2666522
2026-01-28,1625.057315491773,1634.3722604350364,1585.518425561248,1596.0224609375,4124391
2026-01-29,1610.2921138724807,1610.2921138724807,1569.3658720691096,1574.915283203125,5796513
2026-01-30,1574.9153896236974,1591.9596650714554,1570.753330991946,1580.861083984375,3962196
2026-02-02,1619.2107807603272,1619.2107807603272,1583.7347556598095,1613.166015625,2721280
2026-02-03,1694.4237868317728,1709.38709313511,1655.8758450021849,1686.6943359375,8520586
2026-02-04,1699.3785981319695,1713.3509559393071,1679.9560203953858,1688.9736328125,3952775
2026-02-05,1694.558848739136,1705.530094964051,1679.8973229390572,1698.1494140625,3074842
2026-02-06,1704.5327578147578,1704.5327578147578,1685.1834441130752,1690.6690673828125,1277116
2026-02-09,1702.2386513058061,1708.9212106107386,1691.5666697197375,1700.1441650390625,2647031
2026-02-10,1705.1311593314747,1715.3045700480702,1697.650763988931,1703.3359375,1869988
2026-02-11,1710.5170271002376,1712.212534636524,1698.0497018298277,1706.627197265625,1175501
2026-02-12,1710.3176441438634,1714.5066168457884,1696.7530964874413,1710.4173583984375,1359444
2026-02-13,1710.417284984564,1714.5065432563972,1690.1703003747648,1693.062744140625,1148165
2026-02-16,1693.0627735724559,1710.51702897011,1688.9735152295357,1696.054931640625,1247403
2026-02-17,1691.566750836012,1714.5066301221136,1689.4722644688309,1712.611572265625,1053855
2026-02-18,1715.9029120238258,1726.0762006020343,1712.6114894978764,1719.8924560546875,1262429
2026-02-19,1717.6981887464262,1722.4856904371297,1705.530127763458,1708.9212646484375,1143429
2026-02-20,1705.6297874438685,1722.4856353245032,1703.6350154284378,1719.8924560546875,1203988
2026-02-23,1728.3702578474986,1731.262701654805,1715.7033823468744,1727.7718505859375,1550400
2026-02-24,1727.4726218669525,1741.3363121779082,1719.1942690316494,1727.273193359375,2769363
2026-02-25,1737.4464578227753,1765.7722453200734,1728.8689623468,1759.58837890625,1200997
2026-02-26,1759.5884264179324,1787.515235908532,1755.6987182112948,1781.0322265625,2076586
2026-02-27,1774.3498094522479,1783.4259982925673,1726.3755640809347,1732.4595947265625,3041489
2026-03-02,1707.5249320167618,1755.2997485653734,1707.5249320167618,1747.9190673828125,3919270
2026-03-04,1716.7008558401753,1752.606754378093,1716.5014273265674,1745.92431640625,4914857
2026-03-05,1745.4255099522363,1790.2081659578266,1743.4307379408624,1779.8353271484375,3600895
2026-03-06,1779.8353352303507,1800.8801556956626,1767.168581601097,1794.6964111328125,3669921
2026-03-09,1768.265719033581,1810.2556465961165,1765.3732751929072,1802.675537109375,4112775
2026-03-10,1805.2686718483699,1820.329176196971,1798.5862343049998,1808.0614013671875,3298680
2026-03-11,1818.2347533954419,1838.1824742226,1813.3475374425432,1821.127197265625,2510495
2026-03-12,1823.2217022324428,1828.8070397708743,1803.6729599723185,1820.52880859375,2606057
2026-03-13,1817.2373241097612,1828.5078348093941,1792.302673669177,1796.890625,2554627
2026-03-16,1796.8906233466914,1813.247778370909,1764.176435049479,1778.5386962890625,2452391
2026-03-17,1789.4102081541055,1801.3788402203515,1776.4441900823388,1789.70947265625,1979497
2026-03-18,1794.895860542458,1800.281769410607,1768.5648452157923,1773.651611328125,2436459
2026-03-19,1755.8981006464253,1779.3366722824328,1733.3572007850205,1739.8402099609375,2301164
2026-03-20,1750.5122189773597,1776.643806343623,1749.7143831940332,1772.4547119140625,3591446
2026-03-23,1770.1607438237093,1770.360172325736,1736.5487621491013,1753.8035888671875,2783613
2026-03-24,1770.360269981955,1775.2474860634186,1740.5384022106048,1748.717041015625,2040152
2026-03-25,1762.08185696297,1804.7700279040193,1750.9111820864912,1790.7069091796875,1900794
2026-03-27,1780.3341252885439,1814.245251484516,1780.3341252885439,1788.91162109375,2975423
2026-03-30,1782.1294134471775,1785.3210000540466,1745.5252729651668,1752.606689453125,4182503
2026-04-01,1757.493958921637,1783.3262823279758,1708.7217560446363,1723.9818115234375,3245628
2026-04-02,1660.6477572282658,1695.5562686414726,1615.7653854112857,1689.1729736328125,3937824
2026-04-06,1679.8974066842584,1694.5589332152347,1650.5742318710768,1690.17041015625,3533715
2026-04-07,1685.3829186545368,1719.3937570486605,1676.9051376185505,1713.5091552734375,2471378
2026-04-08,1725.477811018551,1744.6275738623137,1681.0941332206748,1710.1180419921875,4859877
2026-04-09,1698.249188710168,1726.375548537777,1698.249188710168,1712.611572265625,3276165
2026-04-10,1694.758348256462,1695.556305806745,1626.138260225138,1650.57421875,8089531
2026-04-13,1650.5741187712865,1664.337972545746,1635.8127572437804,1647.881103515625,3751005
2026-04-15,1670.621646636875,1694.7583405325704,1653.3668191382837,1692.1651611328125,3760449
2026-04-16,1709.4199951863202,1709.4199951863202,1662.2435857760172,1688.67431640625,4512633
2026-04-17,1692.464447589694,1692.464447589694,1666.133430975012,1671.120361328125,3146482
2026-04-20,1675.6085061778801,1675.6085061778801,1660.647715944149,1664.23828125,1834532
2026-04-21,1662.8419400281655,1678.5009737453106,1655.561095062034,1660.84716796875,3631490
2026-04-22,1660.8472294269625,1669.524561257251,1648.0807608250266,1665.435302734375,2169514
2026-04-23,1664.6372913221383,1708.522276833327,1656.8576315537557,1675.708251953125,3245164
2026-04-24,1666.0336068840952,1668.9260506484607,1609.3820331070247,1616.164306640625,9606128
2026-04-27,1620.752361551774,1762.2814690430637,1617.6604890892131,1728.96875,26995361
2026-04-28,1719.4935227215092,1759.289249830796,1709.8189268916053,1742.732666015625,16599167
2026-04-29,1751.409922236535,1785.121619781898,1745.42560587354,1774.050537109375,9809449
2026-04-30,1766.3706938370256,1810.255680019312,1756.7958121111358,1803.5732421875,4749798
2026-05-04,1815.2425473848368,1836.1876537008156,1805.2686872343706,1818.7333984375,4206373
2026-05-05,1823.720351054043,1826.9119376411513,1793.8984844853044,1816.04052734375,3011421
2026-05-06,1832.1982001127149,1852.943878950574,1813.6468436670452,1845.3636474609375,3247156
2026-05-07,1845.3636068874173,1852.2455949299965,1821.5261778758204,1829.60498046875,2201070
2026-05-08,1817.237379159211,1852.6445838574284,1814.4446495247767,1843.0697021484375,2837885
2026-05-11,1822.4237442361311,1880.870664243333,1820.2295436237603,1867.8048095703125,2564978
2026-05-12,1870.098825897452,1874.487348825803,1835.1903144806995,1840.8753662109375,3263351
2026-05-13,1840.8754228536075,1855.1380923717963,1815.242649525091,1820.0301513671875,1972365
2026-05-14,1847.15891508369,1862.6183984442716,1824.9171580644283,1858.32958984375,2429220
2026-05-15,1869.1014326201364,1882.9651228793568,1858.3296147241836,1873.2904052734375,2756465
2026-05-18,1873.2904073331254,1906.0047180706204,1860.1249603357965,1900.818359375,3456331
2026-05-19,1895.532137669472,1911.5900282976427,1875.0857241876388,1877.3797607421875,2200951
2026-05-20,1875.085745254722,1887.9520494527255,1867.1066569770423,1875.385009765625,1376695
2026-05-21,1887.0544447908255,1894.634554573989,1863.216893363148,1886.3563232421875,1605806
2026-05-22,1898.0256911488698,1898.0256911488698,1828.3083805078693,1839.7783203125,3610732
2026-05-25,1835.1902890233214,1844.1667632631095,1820.2294986236748,1835.7886962890625,3049028
2026-05-26,1825.2164632581498,1840.0775396862894,1811.153344366898,1835.98828125,2337759
2026-05-27,1860.1249683456458,1877.0805310597884,1825.2164568753522,1839.4791259765625,1385752
2026-05-29,1839.4791568937894,1847.956938393352,1780.6333794262384,1794.4969482421875,10058572
2026-06-01,1807.2635612540878,1807.3632755109752,1772.4547630143454,1791.8040771484375,2051152
2026-06-02,1789.5100004365775,1795.2948882213368,1761.8824555794397,1785.2213134765625,2885899
2026-06-03,1776.344555793743,1791.604611065623,1752.207862074128,1783.824951171875,4209769
2026-06-04,1782.3288875719447,1788.712182700288,1763.9769597346683,1775.4468994140625,2343536
2026-06-05,1784.3236557230784,1798.1873462636822,1774.3497951544755,1777.5413818359375,2495159
2026-06-08,1776.0452214162383,1798.78567117174,1768.8640908361967,1784.1241455078125,3098542
2026-06-09,1783.0269411279453,1791.9037010655218,1761.483427423542,1774.3497314453125,3756570
2026-06-10,1774.9481948916955,1792.9011438388493,1766.3706991894119,1781.73046875,1882009
2026-06-11,1775.3471764963138,1800.281827851599,1774.050525925348,1789.510009765625,1858093
2026-06-12,1802.2766099040036,1809.757005351862,1787.8145120381441,1802.9747314453125,1243362
2026-06-15,1813.2478071954165,1813.2478071954165,1793.1006580381795,1801.2791748046875,2188933
2026-06-16,1803.2740089811539,1805.169066858537,1787.9142392004271,1795.9930419921875,1373638
2026-06-17,1809.2583064507962,1818.6337597319334,1797.8880810567034,1815.6416015625,1771990
2026-06-18,1812.7491843471719,1825.2165102367674,1807.7622539913339,1820.0301513671875,2054738
2026-06-19,1819.2320823323498,1837.8831520198078,1816.1402100514372,1833.4947509765625,2126703
2026-06-22,1840.1772827341445,1860.324432467924,1829.2060360620167,1858.030517578125,1588758
2026-06-23,1865.1118374483488,1897.4271685009069,1856.33479186575,1863.1170654296875,2812236
2026-06-24,1863.1170713805882,1877.1801898068245,1860.025199092032,1869.5003662109375,1406231
2026-06-25,1865.11191700582,1882.067479887691,1853.1432843833227,1857.9307861328125,1816438
2026-06-29,1871.8941861612434,1892.1410499127524,1851.04879337913,1869.8994140625,1655869
2026-06-30,1880.0726552668834,1887.952029206841,1854.5395974023631,1857.6314697265625,2352774
2026-07-01,1872.9912670511767,1882.4664344219946,1855.3374611095492,1861.32177734375,1230360
2026-07-02,1871.096183055101,1877.0804992055969,1863.4163593624537,1866.1092529296875,1485296
2026-07-03,1875.0857010730883,1920.0677858283739,1866.7076342286875,1899.8209228515625,2168491
2026-07-06,1899.0230030546934,1911.989021457903,1895.0334589306287,1907.800048828125,1213635
2026-07-07,1900.5999755859375,1924.9000244140625,1898.5999755859375,1903.4000244140625,2060613
2026-07-08,1904.0,1929.5,1875.0999755859375,1888.199951171875,2785926
2026-07-09,1889.9000244140625,1952.0,1888.199951171875,1938.699951171875,4446201
2026-07-10,1942.800048828125,1953.9000244140625,1926.5999755859375,1935.5,1478172
2026-07-13,1925.9000244140625,1933.0999755859375,1911.0,1921.4000244140625,1573176
2026-07-14,1910.0,1950.800048828125,1910.0,1942.5999755859375,2822124
2026-07-15,1955.0,1962.699951171875,1943.300048828125,1951.5,2283494
2026-07-16,1950.0,1957.699951171875,1943.0,1950.0999755859375,1396189
2026-07-17,1948.699951171875,1952.5999755859375,1922.5,1932.5999755859375,2475664
2026-07-20,1942.0,1958.800048828125,1935.0,1956.4000244140625,1676034
2026-07-21,1952.0999755859375,1966.5,1938.199951171875,1961.9000244140625,1412579
2026-07-22,1938.0,1951.800048828125,1925.199951171875,1943.0,1718430
2026-07-23,1929.0999755859375,1958.5,1926.800048828125,1954.0,2057288
2026-07-24,1945.0,1959.800048828125,1934.800048828125,1941.0999755859375,1578929
2026-07-27,1948.5,1977.0,1933.0,1973.699951171875,5414380
2026-07-28,1978.800048828125,1993.0,1970.9000244140625,1976.699951171875,4579529
2026-07-29,1977.0,1992.699951171875,1960.4000244140625,1989.9000244140625,2682295
2026-07-30,1993.0999755859375,2017.300048828125,1988.0,2001.0999755859375,2224264
2026-07-31,2016.4000244140625,2046.9000244140625,1965.300048828125,1990.5,4954449
2026-08-03,1983.199951171875,1988.0,1935.199951171875,1963.5,3972351
2026-08-04,1951.0999755859375,1965.0,1947.0,1964.0,1452888
2026-08-05,1967.800048828125,1968.199951171875,1934.0,1940.0,2152829
2026-08-06,1930.0,1965.9000244140625,1930.0,1951.0,1864891
2026-08-07,1955.0,1957.0,1925.0999755859375,1945.0,2425268
2026-08-10,1949.9000244140625,1965.0,1939.800048828125,1944.4000244140625,1726946
2026-08-11,1939.0,1951.0999755859375,1928.5999755859375,1942.0,2125972
2026-08-12,1942.0,1945.699951171875,1926.800048828125,1944.0,1536383
2026-08-13,1943.0,1946.300048828125,1931.0999755859375,1932.0,1216049
2026-08-14,1932.0,1937.0,1914.699951171875,1930.0,881282
2026-08-17,1945.0,1949.800048828125,1880.4000244140625,1882.0,1893086
2026-08-18,1890.0,1899.0,1868.300048828125,1875.0999755859375,1819169
2026-08-19,1871.0,1900.0,1871.0,1900.0,1566692
2026-08-20,1905.0,1911.5999755859375,1890.300048828125,1904.0,893691
2026-08-21,1916.0,1917.4000244140625,1882.800048828125,1902.4000244140625,1491953
2026-08-24,1902.4000244140625,1923.0,1892.5999755859375,1910.0,2317987
2026-08-25,1906.5,1922.0,1896.199951171875,1922.0,1221044
2026-08-26,1926.9000244140625,1926.9000244140625,1899.5,1899.5,648845
2026-08-27,1907.0999755859375,1925.0,1898.0,1913.300048828125,1107552
2026-08-28,1925.0,1931.0,1903.800048828125,1920.0,1140742
2026-08-31,1917.0,1984.800048828125,1905.0,1984.800048828125,2413221
2026-09-01,1963.0999755859375,1963.0999755859375,1921.0999755859375,1929.0,3595272
2026-09-02,1910.0,1948.5,1910.0,1931.699951171875,1245419
2026-09-03,1932.0,1936.800048828125,1913.0,1916.0,1205188
2026-09-04,1912.0,1917.300048828125,1895.0,1899.0,761333
2026-09-07,1899.0,1907.800048828125,1883.0999755859375,1895.0,1579345
2026-09-08,1892.0,1895.5999755859375,1876.800048828125,1885.9000244140625,1422627
2026-09-09,1892.5999755859375,1898.5999755859375,1864.9000244140625,1864.9000244140625,1396896
2026-09-10,1865.9000244140625,1875.300048828125,1840.5,1861.0,1178648
2026-09-11,1845.0,1854.5,1834.0,1840.0,1445071
2026-09-15,1854.5999755859375,1856.800048828125,1828.0,1835.0,1437151
2026-09-16,1843.5999755859375,1857.4000244140625,1837.0,1853.5,1370607
2026-09-17,1853.5,1867.300048828125,1847.4000244140625,1867.300048828125,1377506
2026-09-18,1866.0999755859375,1877.199951171875,1837.300048828125,1837.300048828125,2896860
2026-09-21,1832.199951171875,1891.5,1832.199951171875,1868.9000244140625,2534364
2026-09-22,1869.0,1876.4000244140625,1842.300048828125,1846.4000244140625,1062235
2026-09-23,1846.4000244140625,1869.5999755859375,1844.0,1865.0,902514
2026-09-24,1859.0,1880.0,1848.4000244140625,1849.9000244140625,1742885
2026-09-25,1858.699951171875,1858.699951171875,1841.5999755859375,1852.199951171875,683246
2026-09-28,1844.0,1856.5999755859375,1838.0,1838.0,947719
2026-09-29,1853.9000244140625,1865.0,1836.5999755859375,1865.0,3083083
2026-09-30,1861.300048828125,1863.5999755859375,1814.199951171875,1816.5999755859375,2401495
