Date,open,high,low,close,volume
2021-01-01,6.152032852172852,6.152032852172852,6.152032852172852,6.152032852172852,2611390
2021-01-04,6.427496910095215,6.427496910095215,6.427496910095215,6.427496910095215,4813374
2021-01-05,6.61113977432251,6.748871803283691,6.106122016906738,6.748871803283691,62043247
2021-01-06,6.978425979614258,7.070247173309326,6.978425979614258,7.070247173309326,12930305
2021-01-07,7.391622066497803,7.391622066497803,7.391622066497803,7.391622066497803,4247150
2021-01-08,7.758907794952393,7.758907794952393,7.024335861206055,7.024335861206055,92706725
2021-01-11,6.702960968017578,6.702960968017578,6.702960968017578,6.702960968017578,11461334
2021-01-12,6.381587028503418,6.381587028503418,6.381587028503418,6.381587028503418,5022590
2021-01-13,6.106122016906738,6.106122016906738,6.106122016906738,6.106122016906738,5746290
2021-01-14,5.830657958984375,5.830657958984375,5.830657958984375,5.830657958984375,5321749
2021-01-15,5.692925930023193,6.106122016906738,5.64701509475708,6.106122016906738,24576268
2021-01-18,6.289764881134033,6.381587028503418,6.152032852172852,6.381587028503418,41261591
2021-01-19,6.473408222198486,6.5193190574646,6.106122016906738,6.24385404586792,30579239
2021-01-20,6.060212135314941,6.152032852172852,5.968389987945557,6.01430082321167,22835575
2021-01-21,5.968389987945557,6.289764881134033,5.738836765289307,6.106122016906738,28173286
2021-01-22,6.01430082321167,6.060212135314941,5.830657958984375,5.830657958984375,14368515
2021-01-25,5.738836765289307,5.830657958984375,5.555193901062012,5.555193901062012,8044085
2021-01-27,5.463373184204102,5.830657958984375,5.279729843139648,5.555193901062012,19367026
2021-01-28,5.509283065795898,5.692925930023193,5.32564115524292,5.509283065795898,10324988
2021-01-29,5.692925930023193,5.784748077392578,5.64701509475708,5.784748077392578,10920401
2021-02-01,6.060212135314941,6.060212135314941,6.01430082321167,6.060212135314941,8535714
2021-02-02,6.335676193237305,6.335676193237305,5.876568794250488,6.335676193237305,59700135
2021-02-03,6.427496910095215,6.427496910095215,6.152032852172852,6.197944164276123,32964353
2021-02-04,6.197944164276123,6.473408222198486,6.197944164276123,6.427496910095215,57856664
2021-02-05,6.289764881134033,6.289764881134033,5.876568794250488,6.01430082321167,55114726
2021-02-08,6.106122016906738,6.289764881134033,5.968389987945557,6.01430082321167,22443568
2021-02-09,6.01430082321167,6.01430082321167,5.692925930023193,5.738836765289307,23905373
2021-02-10,5.692925930023193,5.738836765289307,5.509283065795898,5.601105213165283,26070013
2021-02-11,5.601105213165283,5.784748077392578,5.601105213165283,5.738836765289307,19183941
2021-02-12,5.738836765289307,5.784748077392578,5.555193901062012,5.601105213165283,13107989
2021-02-15,5.555193901062012,5.64701509475708,5.32564115524292,5.371551036834717,29125914
2021-02-16,5.371551036834717,5.41746187210083,5.05017614364624,5.141997814178467,26111796
2021-02-17,5.141997814178467,5.141997814178467,4.682890892028809,4.82062292098999,55934840
2021-02-18,4.866534233093262,5.004265785217285,4.774712085723877,4.82062292098999,39642278
2021-02-19,4.866534233093262,4.866534233093262,4.7288007736206055,4.774712085723877,17075027
2021-02-22,4.774712085723877,4.774712085723877,4.499248027801514,4.591069221496582,32584139
2021-02-23,4.636980056762695,4.82062292098999,4.545158863067627,4.82062292098999,72700867
2021-02-24,4.912444114685059,5.05017614364624,4.866534233093262,5.05017614364624,15397267
2021-02-25,5.279729843139648,5.279729843139648,5.05017614364624,5.279729843139648,38246441
2021-02-26,5.279729843139648,5.41746187210083,5.05017614364624,5.32564115524292,65276268
2021-03-01,5.463373184204102,5.555193901062012,5.32564115524292,5.41746187210083,26452716
2021-03-02,5.41746187210083,5.555193901062012,5.371551036834717,5.463373184204102,32024799
2021-03-03,5.463373184204102,5.463373184204102,5.233819007873535,5.233819007873535,31185762
2021-03-04,5.141997814178467,5.32564115524292,5.0960869789123535,5.233819007873535,25909160
2021-03-05,5.233819007873535,5.279729843139648,5.05017614364624,5.0960869789123535,15775325
2021-03-08,5.141997814178467,5.32564115524292,5.141997814178467,5.187908172607422,22196503
2021-03-09,5.233819007873535,5.32564115524292,5.004265785217285,5.0960869789123535,24242886
2021-03-10,5.141997814178467,5.279729843139648,5.141997814178467,5.187908172607422,23695461
2021-03-12,5.233819007873535,5.279729843139648,5.05017614364624,5.0960869789123535,20423544
2021-03-15,5.141997814178467,5.233819007873535,5.0960869789123535,5.141997814178467,17867866
2021-03-16,5.141997814178467,5.279729843139648,5.141997814178467,5.233819007873535,31928898
2021-03-17,5.233819007873535,5.279729843139648,5.004265785217285,5.05017614364624,17109862
2021-03-18,5.141997814178467,5.141997814178467,4.866534233093262,4.912444114685059,24761853
2021-03-19,4.866534233093262,5.05017614364624,4.682890892028809,4.912444114685059,42362712
2021-03-22,4.958354949951172,5.141997814178467,4.866534233093262,5.0960869789123535,34045086
2021-03-23,5.233819007873535,5.233819007873535,4.958354949951172,5.0960869789123535,33445254
2021-03-24,4.958354949951172,5.233819007873535,4.866534233093262,5.187908172607422,46366555
2021-03-25,5.141997814178467,5.233819007873535,4.958354949951172,5.004265785217285,18751582
2021-03-26,5.004265785217285,5.141997814178467,4.866534233093262,5.05017614364624,22081657
2021-03-30,5.0960869789123535,5.187908172607422,4.82062292098999,4.82062292098999,37206996
2021-03-31,4.774712085723877,4.774712085723877,4.591069221496582,4.591069221496582,29558443
2021-04-01,4.591069221496582,4.82062292098999,4.4533371925354,4.682890892028809,43011479
2021-04-05,4.682890892028809,4.682890892028809,4.4533371925354,4.545158863067627,22124128
2021-04-06,4.545158863067627,4.7288007736206055,4.545158863067627,4.682890892028809,18657951
2021-04-07,4.774712085723877,4.774712085723877,4.591069221496582,4.636980056762695,23653516
2021-04-08,4.7288007736206055,4.7288007736206055,4.545158863067627,4.591069221496582,10129792
2021-04-09,4.591069221496582,4.7288007736206055,4.545158863067627,4.682890892028809,12782882
2021-04-12,4.545158863067627,4.591069221496582,4.22378396987915,4.315605163574219,25438822
2021-04-13,4.269693851470947,4.499248027801514,4.269693851470947,4.4533371925354,10556134
2021-04-15,4.407426834106445,4.4533371925354,4.269693851470947,4.315605163574219,15180699
2021-04-16,4.315605163574219,4.4533371925354,4.269693851470947,4.361515998840332,7510576
2021-04-19,4.22378396987915,4.269693851470947,4.0401411056518555,4.086051940917969,15077829
2021-04-20,4.131961822509766,4.361515998840332,4.131961822509766,4.177873134613037,13150337
2021-04-22,4.177873134613037,4.269693851470947,4.131961822509766,4.177873134613037,8877223
2021-04-23,4.177873134613037,4.22378396987915,4.086051940917969,4.131961822509766,6690072
2021-04-26,4.131961822509766,4.315605163574219,4.131961822509766,4.315605163574219,9876194
2021-04-27,4.315605163574219,4.4533371925354,4.315605163574219,4.361515998840332,11714424
2021-04-28,4.407426834106445,4.407426834106445,4.315605163574219,4.315605163574219,7125352
2021-04-29,4.361515998840332,4.407426834106445,4.22378396987915,4.22378396987915,9109414
2021-04-30,4.22378396987915,4.636980056762695,4.131961822509766,4.407426834106445,37632968
2021-05-03,4.361515998840332,4.774712085723877,4.315605163574219,4.7288007736206055,32498391
2021-05-04,4.774712085723877,4.866534233093262,4.591069221496582,4.636980056762695,23437734
2021-05-05,4.636980056762695,4.774712085723877,4.591069221496582,4.636980056762695,9692852
2021-05-06,4.682890892028809,4.682890892028809,4.545158863067627,4.591069221496582,10552099
2021-05-07,4.636980056762695,4.7288007736206055,4.591069221496582,4.682890892028809,10119832
2021-05-10,4.7288007736206055,5.141997814178467,4.7288007736206055,5.141997814178467,47643745
2021-05-11,5.187908172607422,5.64701509475708,5.05017614364624,5.64701509475708,206455108
2021-05-12,5.784748077392578,5.830657958984375,5.187908172607422,5.233819007873535,94671909
2021-05-14,5.32564115524292,5.41746187210083,5.0960869789123535,5.187908172607422,27888490
2021-05-17,5.233819007873535,5.279729843139648,5.05017614364624,5.0960869789123535,18747593
2021-05-18,5.141997814178467,5.187908172607422,5.05017614364624,5.0960869789123535,19241549
2021-05-19,5.0960869789123535,5.233819007873535,5.05017614364624,5.141997814178467,12429271
2021-05-20,5.187908172607422,5.187908172607422,5.05017614364624,5.05017614364624,12368618
2021-05-21,5.0960869789123535,5.0960869789123535,4.958354949951172,5.004265785217285,19435482
2021-05-24,5.004265785217285,5.05017614364624,4.912444114685059,5.004265785217285,26658522
2021-05-25,5.05017614364624,5.05017614364624,4.958354949951172,4.958354949951172,21524109
2021-05-26,4.958354949951172,5.41746187210083,4.912444114685059,5.41746187210083,60645197
2021-05-27,5.555193901062012,5.64701509475708,5.141997814178467,5.279729843139648,66088819
2021-05-28,5.32564115524292,5.371551036834717,5.187908172607422,5.233819007873535,26551384
2021-05-31,5.233819007873535,5.32564115524292,5.187908172607422,5.233819007873535,22982463
2021-06-01,5.279729843139648,5.555193901062012,5.187908172607422,5.41746187210083,50231870
2021-06-02,5.555193901062012,5.92248010635376,5.41746187210083,5.92248010635376,189405889
2021-06-03,6.106122016906738,6.473408222198486,5.92248010635376,6.473408222198486,202487699
2021-06-04,6.61113977432251,6.978425979614258,6.473408222198486,6.748871803283691,222573868
2021-06-07,6.9325151443481445,6.9325151443481445,6.427496910095215,6.657051086425781,126681600
2021-06-08,6.748871803283691,6.748871803283691,6.335676193237305,6.335676193237305,68516277
2021-06-09,6.381587028503418,6.61113977432251,6.152032852172852,6.5193190574646,110562397
2021-06-10,6.5193190574646,6.794783115386963,6.473408222198486,6.702960968017578,87615984
2021-06-11,6.794783115386963,6.886603832244873,6.473408222198486,6.5193190574646,51783423
2021-06-14,6.5652289390563965,6.61113977432251,6.197944164276123,6.473408222198486,45543638
2021-06-15,6.5193190574646,6.794783115386963,6.473408222198486,6.61113977432251,85581048
2021-06-16,6.702960968017578,6.794783115386963,6.427496910095215,6.5193190574646,44435159
2021-06-17,6.427496910095215,6.794783115386963,6.381587028503418,6.5652289390563965,54410080
2021-06-18,6.61113977432251,6.886603832244873,6.289764881134033,6.886603832244873,298026371
2021-06-21,6.702960968017578,7.207979202270508,6.61113977432251,7.207979202270508,118634791
2021-06-22,7.529354095458984,7.529354095458984,7.3457112312316895,7.529354095458984,86580989
2021-06-23,7.712996959686279,7.804818153381348,7.162067890167236,7.162067890167236,232494079
2021-06-24,7.024335861206055,7.070247173309326,6.840693950653076,6.840693950653076,50622425
2021-06-25,6.5652289390563965,7.162067890167236,6.5193190574646,7.1161580085754395,173463936
2021-06-28,7.253890037536621,7.437532901763916,6.978425979614258,7.207979202270508,96735277
2021-06-29,7.3457112312316895,7.3457112312316895,6.978425979614258,7.024335861206055,49157299
2021-06-30,7.299800872802734,7.3457112312316895,7.070247173309326,7.3457112312316895,63326897
2021-07-01,7.712996959686279,7.712996959686279,7.712996959686279,7.712996959686279,11764137
2021-07-02,8.080282211303711,8.080282211303711,8.080282211303711,8.080282211303711,6412930
2021-07-05,8.4475679397583,8.4475679397583,8.4475679397583,8.4475679397583,4281728
2021-07-06,8.493478775024414,8.677122116088867,8.034372329711914,8.034372329711914,272409097
2021-07-07,7.667086124420166,7.804818153381348,7.667086124420166,7.667086124420166,31904180
2021-07-08,7.529354095458984,8.034372329711914,7.529354095458984,7.850728988647461,127485312
2021-07-09,7.896639823913574,8.034372329711914,7.6211748123168945,7.804818153381348,54774926
2021-07-12,7.896639823913574,7.942550182342529,7.529354095458984,7.6211748123168945,44048911
2021-07-13,7.667086124420166,7.712996959686279,7.253890037536621,7.3457112312316895,47297613
2021-07-14,7.299800872802734,7.529354095458984,7.162067890167236,7.253890037536621,52084242
2021-07-15,7.299800872802734,7.575264930725098,7.207979202270508,7.529354095458984,94861559
2021-07-16,7.437532901763916,7.483442783355713,7.253890037536621,7.299800872802734,30459806
2021-07-19,7.162067890167236,7.299800872802734,7.024335861206055,7.070247173309326,45517767
2021-07-20,7.1161580085754395,7.162067890167236,6.748871803283691,6.794783115386963,37887439
2021-07-22,6.794783115386963,7.024335861206055,6.794783115386963,6.978425979614258,26479181
2021-07-23,6.978425979614258,7.024335861206055,6.657051086425781,6.748871803283691,29521587
2021-07-26,6.794783115386963,6.978425979614258,6.61113977432251,6.702960968017578,37078982
2021-07-27,6.748871803283691,6.794783115386963,6.381587028503418,6.381587028503418,86459336
2021-07-28,6.197944164276123,6.24385404586792,6.106122016906738,6.106122016906738,73537075
2021-07-29,5.968389987945557,6.01430082321167,5.830657958984375,5.830657958984375,62083513
2021-07-30,5.64701509475708,6.01430082321167,5.555193901062012,5.784748077392578,208602526
2021-08-02,5.784748077392578,6.060212135314941,5.738836765289307,6.060212135314941,58972991
2021-08-03,6.197944164276123,6.335676193237305,6.152032852172852,6.335676193237305,35112728
2021-08-04,6.61113977432251,6.61113977432251,6.060212135314941,6.197944164276123,174611282
2021-08-05,6.289764881134033,6.473408222198486,5.92248010635376,6.381587028503418,78699171
2021-08-06,6.427496910095215,6.427496910095215,6.152032852172852,6.24385404586792,42847835
2021-08-09,6.427496910095215,6.427496910095215,6.060212135314941,6.106122016906738,23145079
2021-08-10,6.152032852172852,6.197944164276123,5.830657958984375,5.92248010635376,28290697
2021-08-11,5.92248010635376,5.968389987945557,5.64701509475708,5.738836765289307,45478919
2021-08-12,5.784748077392578,6.01430082321167,5.738836765289307,6.01430082321167,30394388
2021-08-13,6.106122016906738,6.106122016906738,5.784748077392578,5.968389987945557,32698832
2021-08-16,6.197944164276123,6.24385404586792,6.060212135314941,6.106122016906738,45779820
2021-08-17,5.968389987945557,6.01430082321167,5.830657958984375,5.830657958984375,31193389
2021-08-18,5.830657958984375,5.876568794250488,5.555193901062012,5.555193901062012,64352564
2021-08-20,5.279729843139648,5.555193901062012,5.279729843139648,5.32564115524292,39830596
2021-08-23,5.371551036834717,5.555193901062012,5.233819007873535,5.41746187210083,41314631
2021-08-24,5.41746187210083,5.64701509475708,5.279729843139648,5.509283065795898,45216387
2021-08-25,5.601105213165283,5.738836765289307,5.463373184204102,5.601105213165283,31701691
2021-08-26,5.601105213165283,5.64701509475708,5.463373184204102,5.509283065795898,17221844
2021-08-27,5.509283065795898,5.601105213165283,5.371551036834717,5.509283065795898,18838699
2021-08-30,5.509283065795898,5.784748077392578,5.509283065795898,5.692925930023193,50848447
2021-08-31,5.692925930023193,5.738836765289307,5.463373184204102,5.555193901062012,27335343
2021-09-01,5.601105213165283,5.692925930023193,5.463373184204102,5.555193901062012,19130415
2021-09-02,5.509283065795898,5.830657958984375,5.509283065795898,5.738836765289307,73599747
2021-09-03,5.784748077392578,5.784748077392578,5.555193901062012,5.64701509475708,25627233
2021-09-06,5.601105213165283,5.738836765289307,5.555193901062012,5.601105213165283,14543562
2021-09-07,5.64701509475708,5.64701509475708,5.463373184204102,5.555193901062012,23805696
2021-09-08,5.601105213165283,5.692925930023193,5.555193901062012,5.601105213165283,20166485
2021-09-09,5.555193901062012,5.876568794250488,5.555193901062012,5.738836765289307,40506821
2021-09-13,5.738836765289307,5.92248010635376,5.601105213165283,5.738836765289307,25326780
2021-09-14,5.784748077392578,6.01430082321167,5.738836765289307,5.968389987945557,45673980
2021-09-15,6.01430082321167,6.197944164276123,5.968389987945557,6.01430082321167,34450387
2021-09-16,6.060212135314941,6.106122016906738,5.876568794250488,5.968389987945557,22599319
2021-09-17,6.01430082321167,6.106122016906738,5.784748077392578,5.92248010635376,53231090
2021-09-20,5.876568794250488,6.197944164276123,5.784748077392578,5.968389987945557,61052864
2021-09-21,5.968389987945557,6.060212135314941,5.738836765289307,5.876568794250488,24699143
2021-09-22,5.92248010635376,6.01430082321167,5.876568794250488,5.876568794250488,14851461
2021-09-23,5.968389987945557,6.01430082321167,5.830657958984375,5.830657958984375,16661984
2021-09-24,5.876568794250488,5.92248010635376,5.784748077392578,5.784748077392578,17168845
2021-09-27,5.830657958984375,5.876568794250488,5.738836765289307,5.784748077392578,14656009
2021-09-28,5.784748077392578,5.830657958984375,5.601105213165283,5.692925930023193,26870695
2021-09-29,5.692925930023193,5.968389987945557,5.601105213165283,5.92248010635376,51139379
2021-09-30,6.01430082321167,6.152032852172852,5.876568794250488,5.92248010635376,30088487
2021-10-01,5.876568794250488,6.106122016906738,5.784748077392578,5.968389987945557,25044585
2021-10-04,6.01430082321167,6.24385404586792,5.968389987945557,6.24385404586792,46183835
2021-10-05,6.5193190574646,6.5193190574646,6.381587028503418,6.5193190574646,34489298
2021-10-06,6.840693950653076,6.840693950653076,6.24385404586792,6.289764881134033,170326307
2021-10-07,6.335676193237305,6.5652289390563965,6.289764881134033,6.5193190574646,61190375
2021-10-08,6.61113977432251,6.748871803283691,6.5652289390563965,6.702960968017578,45120400
2021-10-11,6.840693950653076,7.024335861206055,6.840693950653076,7.024335861206055,94647301
2021-10-12,7.253890037536621,7.299800872802734,6.702960968017578,6.748871803283691,117932308
2021-10-13,6.794783115386963,6.886603832244873,6.427496910095215,6.5193190574646,52144878
2021-10-14,6.5652289390563965,6.657051086425781,6.427496910095215,6.473408222198486,47691101
2021-10-18,6.5652289390563965,6.794783115386963,6.5193190574646,6.794783115386963,72025554
2021-10-19,6.978425979614258,6.978425979614258,6.5193190574646,6.5652289390563965,43689582
2021-10-20,6.5652289390563965,6.61113977432251,6.289764881134033,6.427496910095215,28752262
2021-10-21,6.5193190574646,6.657051086425781,6.427496910095215,6.5193190574646,22421373
2021-10-22,6.61113977432251,6.657051086425781,6.427496910095215,6.473408222198486,18048809
2021-10-25,6.5193190574646,6.5652289390563965,6.152032852172852,6.335676193237305,22141652
2021-10-26,6.381587028503418,6.5652289390563965,6.335676193237305,6.473408222198486,18074253
2021-10-27,6.5193190574646,6.5193190574646,6.381587028503418,6.381587028503418,11519622
2021-10-28,6.427496910095215,6.427496910095215,6.152032852172852,6.197944164276123,24709500
2021-10-29,6.24385404586792,6.289764881134033,6.01430082321167,6.197944164276123,18822393
2021-11-01,6.335676193237305,6.473408222198486,6.289764881134033,6.473408222198486,16995985
2021-11-02,6.427496910095215,6.5652289390563965,6.335676193237305,6.427496910095215,20200347
2021-11-03,6.473408222198486,6.5652289390563965,6.381587028503418,6.381587028503418,12999378
2021-11-04,6.473408222198486,6.5652289390563965,6.427496910095215,6.5193190574646,8519925
2021-11-08,6.5652289390563965,6.794783115386963,6.5193190574646,6.61113977432251,29186638
2021-11-09,6.657051086425781,6.657051086425781,6.473408222198486,6.5193190574646,17805129
2021-11-10,6.5193190574646,6.5193190574646,6.381587028503418,6.427496910095215,19669185
2021-11-11,6.473408222198486,6.5193190574646,6.427496910095215,6.5193190574646,15289038
2021-11-12,6.5193190574646,6.702960968017578,6.473408222198486,6.5193190574646,31403531
2021-11-15,6.61113977432251,6.61113977432251,6.335676193237305,6.381587028503418,23019382
2021-11-16,6.427496910095215,6.657051086425781,6.335676193237305,6.427496910095215,65609846
2021-11-17,6.381587028503418,6.473408222198486,6.381587028503418,6.381587028503418,22433923
2021-11-18,6.427496910095215,6.5652289390563965,6.24385404586792,6.335676193237305,28035931
2021-11-22,6.427496910095215,6.473408222198486,6.24385404586792,6.289764881134033,26141156
2021-11-23,6.289764881134033,6.381587028503418,6.197944164276123,6.335676193237305,20164854
2021-11-24,6.381587028503418,6.5193190574646,6.289764881134033,6.381587028503418,30740486
2021-11-25,6.427496910095215,6.5193190574646,6.381587028503418,6.473408222198486,22382639
2021-11-26,6.473408222198486,6.473408222198486,6.24385404586792,6.289764881134033,29987394
2021-11-29,6.289764881134033,6.335676193237305,6.01430082321167,6.060212135314941,26310252
2021-11-30,6.106122016906738,6.335676193237305,6.060212135314941,6.289764881134033,119850221
2021-12-01,6.427496910095215,6.5652289390563965,6.335676193237305,6.5652289390563965,46093547
2021-12-02,6.794783115386963,6.794783115386963,6.427496910095215,6.473408222198486,60070531
2021-12-03,6.473408222198486,6.5193190574646,6.381587028503418,6.427496910095215,18691564
2021-12-06,6.427496910095215,6.61113977432251,6.381587028503418,6.427496910095215,46211263
2021-12-07,6.473408222198486,6.5652289390563965,6.427496910095215,6.427496910095215,30752823
2021-12-08,6.473408222198486,6.748871803283691,6.473408222198486,6.5652289390563965,54215976
2021-12-09,6.61113977432251,6.886603832244873,6.5193190574646,6.886603832244873,111953674
2021-12-10,7.070247173309326,7.207979202270508,7.024335861206055,7.207979202270508,129679444
2021-12-13,7.253890037536621,7.3457112312316895,6.886603832244873,6.886603832244873,83981488
2021-12-14,6.840693950653076,6.9325151443481445,6.61113977432251,6.702960968017578,55297886
2021-12-15,6.657051086425781,6.840693950653076,6.61113977432251,6.702960968017578,39333011
2021-12-16,6.702960968017578,6.748871803283691,6.381587028503418,6.473408222198486,93592977
2021-12-17,6.5193190574646,6.5193190574646,6.152032852172852,6.24385404586792,51963964
2021-12-20,6.24385404586792,6.5193190574646,6.060212135314941,6.5193190574646,54635386
2021-12-21,6.702960968017578,6.840693950653076,6.702960968017578,6.840693950653076,40594997
2021-12-22,7.162067890167236,7.162067890167236,7.162067890167236,7.162067890167236,8453530
2021-12-23,7.483442783355713,7.483442783355713,7.070247173309326,7.1161580085754395,155534785
2021-12-24,7.207979202270508,7.437532901763916,6.840693950653076,7.437532901763916,83524748
2021-12-27,7.712996959686279,7.804818153381348,7.6211748123168945,7.804818153381348,30261163
2021-12-28,8.172103881835938,8.172103881835938,8.172103881835938,8.172103881835938,5379693
2021-12-29,8.539388656616211,8.539388656616211,8.080282211303711,8.539388656616211,258718538
2021-12-30,8.860763549804688,8.95258617401123,8.768942832946777,8.95258617401123,71452553
2021-12-31,9.228050231933594,9.365781784057617,9.090317726135254,9.365781784057617,49348999
2022-01-03,9.824889183044434,9.824889183044434,9.64124584197998,9.824889183044434,41196415
2022-01-04,10.00853157043457,10.283995628356934,9.365781784057617,9.365781784057617,311094536
2022-01-05,9.090317726135254,9.136228561401367,8.906675338745117,8.906675338745117,54050718
2022-01-06,8.631211280822754,9.319870948791504,8.539388656616211,9.319870948791504,130312980
2022-01-07,9.77897834777832,9.77897834777832,9.595335006713867,9.77897834777832,121793168
2022-01-10,10.23808479309082,10.23808479309082,10.23808479309082,10.23808479309082,9609523
2022-01-11,10.74310302734375,10.74310302734375,9.916709899902344,10.74310302734375,277445048
2022-01-12,11.018567085266113,11.24812126159668,10.421728134155273,11.24812126159668,391626949
2022-01-13,11.24812126159668,11.24812126159668,10.697192192077637,10.697192192077637,266515426
2022-01-14,10.559459686279297,11.202210426330566,10.329907417297363,11.202210426330566,150334604
2022-01-17,11.4317626953125,11.753137588500977,11.385852813720703,11.753137588500977,53628859
2022-01-18,11.753137588500977,12.028602600097656,11.202210426330566,11.202210426330566,185528899
2022-01-19,10.880834579467773,10.97265625,10.65128231048584,10.65128231048584,121663524
2022-01-20,10.513548851013184,11.156298637390137,10.467638969421387,11.156298637390137,119197879
2022-01-21,11.294031143188477,11.569496154785156,10.605371475219727,10.697192192077637,136301845
2022-01-24,10.789013862609863,11.11038875579834,10.192174911499023,10.192174911499023,83699335
2022-01-25,9.77897834777832,10.23808479309082,9.687156677246094,10.100353240966797,159617016
2022-01-27,9.962620735168457,10.605371475219727,9.824889183044434,10.605371475219727,100137790
2022-01-28,10.97265625,11.064477920532227,10.421728134155273,10.467638969421387,93823259
2022-01-31,10.97265625,10.97265625,10.97265625,10.97265625,17497600
2022-02-01,11.477673530578613,11.477673530578613,10.605371475219727,11.294031143188477,251679689
2022-02-02,11.477673530578613,11.477673530578613,10.83492374420166,10.926746368408203,73232788
2022-02-03,10.789013862609863,11.156298637390137,10.559459686279297,10.83492374420166,57559872
2022-02-04,10.880834579467773,10.97265625,10.605371475219727,10.65128231048584,39381064
2022-02-07,10.697192192077637,10.83492374420166,10.14626407623291,10.192174911499023,90308091
2022-02-08,10.192174911499023,10.23808479309082,9.687156677246094,9.687156677246094,131369050
2022-02-09,9.733068466186523,9.962620735168457,9.319870948791504,9.733068466186523,84351614
2022-02-10,9.77897834777832,10.100353240966797,9.457603454589844,9.687156677246094,88127485
2022-02-11,9.595335006713867,9.824889183044434,9.457603454589844,9.503514289855957,39577212
2022-02-14,9.090317726135254,9.228050231933594,9.04440689086914,9.04440689086914,71226376
2022-02-15,8.81485366821289,8.998496055603027,8.631211280822754,8.906675338745117,132689141
2022-02-16,8.998496055603027,9.319870948791504,8.998496055603027,9.319870948791504,64171205
2022-02-17,9.595335006713867,9.77897834777832,9.54942512512207,9.77897834777832,43878698
2022-02-18,10.00853157043457,10.00853157043457,9.319870948791504,9.319870948791504,52984568
2022-02-21,8.95258617401123,9.136228561401367,8.860763549804688,8.860763549804688,105586087
2022-02-22,8.4475679397583,8.539388656616211,8.4475679397583,8.4475679397583,58402373
2022-02-23,8.35574722290039,8.860763549804688,8.35574722290039,8.723031997680664,70749228
2022-02-24,8.309836387634277,8.35574722290039,8.309836387634277,8.309836387634277,26215305
2022-02-25,8.126193046569824,8.539388656616211,8.126193046569824,8.263924598693848,59690001
2022-02-28,8.4475679397583,8.677122116088867,7.942550182342529,8.631211280822754,78301723
2022-03-02,8.539388656616211,9.04440689086914,8.401657104492188,8.95258617401123,63563238
2022-03-03,9.18213939666748,9.319870948791504,8.95258617401123,9.090317726135254,62947717
2022-03-04,9.136228561401367,9.503514289855957,9.04440689086914,9.319870948791504,61600842
2022-03-07,8.998496055603027,9.04440689086914,8.860763549804688,8.860763549804688,49875138
2022-03-08,8.768942832946777,9.136228561401367,8.631211280822754,8.906675338745117,44602536
2022-03-09,8.998496055603027,9.273961067199707,8.95258617401123,9.136228561401367,42459616
2022-03-10,9.273961067199707,9.365781784057617,9.090317726135254,9.228050231933594,23126624
2022-03-11,9.273961067199707,9.457603454589844,9.090317726135254,9.136228561401367,26920364
2022-03-14,9.18213939666748,9.228050231933594,8.95258617401123,8.95258617401123,19289369
2022-03-15,9.04440689086914,9.365781784057617,8.860763549804688,8.998496055603027,44760228
2022-03-16,9.273961067199707,9.319870948791504,9.090317726135254,9.18213939666748,21444706
2022-03-17,9.273961067199707,9.319870948791504,8.768942832946777,8.95258617401123,45310735
2022-03-21,9.04440689086914,9.04440689086914,8.723031997680664,8.81485366821289,24043806
2022-03-22,8.860763549804688,8.906675338745117,8.677122116088867,8.723031997680664,16878531
2022-03-23,8.81485366821289,8.860763549804688,8.631211280822754,8.677122116088867,14010024
2022-03-24,8.631211280822754,8.768942832946777,8.493478775024414,8.539388656616211,30744338
2022-03-25,8.58530044555664,8.906675338745117,8.539388656616211,8.58530044555664,29769190
2022-03-28,8.58530044555664,8.631211280822754,8.309836387634277,8.35574722290039,24602601
2022-03-29,8.35574722290039,8.768942832946777,8.21801471710205,8.493478775024414,62030889
2022-03-30,8.58530044555664,8.860763549804688,8.539388656616211,8.58530044555664,34509238
2022-03-31,8.631211280822754,8.677122116088867,8.35574722290039,8.401657104492188,21918093
2022-04-01,8.4475679397583,8.81485366821289,8.401657104492188,8.677122116088867,24948590
2022-04-04,8.906675338745117,9.090317726135254,8.860763549804688,9.090317726135254,31758971
2022-04-05,9.503514289855957,9.503514289855957,9.503514289855957,9.503514289855957,7341853
2022-04-06,9.962620735168457,9.962620735168457,9.962620735168457,9.962620735168457,6026940
2022-04-07,10.37581729888916,10.926746368408203,9.962620735168457,10.789013862609863,248907585
2022-04-08,11.294031143188477,11.33994197845459,10.789013862609863,10.97265625,90252489
2022-04-11,11.064477920532227,11.202210426330566,10.054442405700684,10.192174911499023,99573766
2022-04-12,10.100353240966797,10.65128231048584,9.77897834777832,10.421728134155273,97085566
2022-04-13,10.65128231048584,10.74310302734375,10.192174911499023,10.283995628356934,41222835
2022-04-18,10.192174911499023,10.559459686279297,9.916709899902344,10.100353240966797,55239341
2022-04-19,10.23808479309082,10.697192192077637,9.54942512512207,9.77897834777832,69019057
2022-04-20,9.733068466186523,10.192174911499023,9.687156677246094,9.870800018310547,28715807
2022-04-21,10.100353240966797,10.329907417297363,10.00853157043457,10.192174911499023,45235675
2022-04-22,10.100353240966797,10.513548851013184,10.054442405700684,10.100353240966797,77790594
2022-04-25,10.00853157043457,10.14626407623291,9.687156677246094,9.77897834777832,52529473
2022-04-26,9.962620735168457,10.00853157043457,9.733068466186523,9.824889183044434,28614498
2022-04-27,9.687156677246094,9.77897834777832,9.228050231933594,9.457603454589844,43741270
2022-04-28,9.595335006713867,9.595335006713867,9.04440689086914,9.228050231933594,35656817
2022-04-29,9.273961067199707,9.64124584197998,9.136228561401367,9.18213939666748,49137493
2022-05-02,8.95258617401123,9.319870948791504,8.906675338745117,9.18213939666748,20799448
2022-05-04,9.273961067199707,9.503514289855957,8.81485366821289,8.998496055603027,42537011
2022-05-05,9.04440689086914,9.18213939666748,8.860763549804688,8.95258617401123,21717500
2022-05-06,8.81485366821289,9.136228561401367,8.58530044555664,8.95258617401123,33139769
2022-05-09,9.04440689086914,9.136228561401367,8.768942832946777,8.906675338745117,26148614
2022-05-10,8.81485366821289,9.090317726135254,8.723031997680664,8.723031997680664,29450568
2022-05-11,8.81485366821289,8.906675338745117,8.309836387634277,8.4475679397583,39505746
2022-05-12,8.35574722290039,8.35574722290039,7.850728988647461,7.896639823913574,38404832
2022-05-13,8.034372329711914,8.4475679397583,7.988461017608643,8.080282211303711,39423244
2022-05-16,8.263924598693848,8.35574722290039,8.080282211303711,8.21801471710205,25010491
2022-05-17,8.309836387634277,8.906675338745117,8.263924598693848,8.723031997680664,59054733
2022-05-18,8.81485366821289,8.860763549804688,8.493478775024414,8.58530044555664,39928263
2022-05-19,8.309836387634277,8.401657104492188,8.126193046569824,8.172103881835938,29699715
2022-05-20,8.401657104492188,8.493478775024414,8.263924598693848,8.401657104492188,22691301
2022-05-23,8.493478775024414,8.539388656616211,8.263924598693848,8.309836387634277,22144567
2022-05-24,8.309836387634277,8.539388656616211,8.21801471710205,8.309836387634277,24582631
2022-05-25,8.401657104492188,8.4475679397583,7.942550182342529,7.988461017608643,39090739
2022-05-26,7.391622066497803,7.529354095458984,7.207979202270508,7.207979202270508,98937792
2022-05-27,7.207979202270508,7.299800872802734,6.9325151443481445,7.070247173309326,50417647
2022-05-30,7.162067890167236,7.758907794952393,7.1161580085754395,7.299800872802734,62629275
2022-05-31,7.391622066497803,7.988461017608643,6.794783115386963,7.850728988647461,149684317
2022-06-01,8.172103881835938,8.631211280822754,8.034372329711914,8.631211280822754,86673026
2022-06-02,8.58530044555664,9.41169261932373,8.539388656616211,8.998496055603027,145174477
2022-06-03,9.090317726135254,9.136228561401367,8.263924598693848,8.35574722290039,64909514
2022-06-06,8.263924598693848,8.401657104492188,7.529354095458984,7.575264930725098,117612609
2022-06-07,7.299800872802734,7.6211748123168945,7.299800872802734,7.437532901763916,53824542
2022-06-08,7.391622066497803,7.667086124420166,7.299800872802734,7.483442783355713,52179602
2022-06-09,7.437532901763916,8.21801471710205,7.437532901763916,8.172103881835938,81416975
2022-06-10,7.942550182342529,8.126193046569824,7.667086124420166,7.896639823913574,49864199
2022-06-13,7.667086124420166,7.667086124420166,7.3457112312316895,7.483442783355713,32245100
2022-06-14,7.437532901763916,7.804818153381348,7.391622066497803,7.6211748123168945,23850553
2022-06-15,7.712996959686279,7.758907794952393,7.391622066497803,7.437532901763916,37014534
2022-06-16,7.667086124420166,7.667086124420166,7.070247173309326,7.1161580085754395,46198820
2022-06-17,7.024335861206055,7.3457112312316895,6.9325151443481445,7.070247173309326,50798637
2022-06-20,7.162067890167236,7.253890037536621,6.427496910095215,6.5193190574646,65620328
2022-06-21,6.657051086425781,6.978425979614258,6.61113977432251,6.840693950653076,50213509
2022-06-22,6.794783115386963,6.794783115386963,6.473408222198486,6.5652289390563965,56647243
2022-06-23,6.61113977432251,6.794783115386963,6.5193190574646,6.61113977432251,40258884
2022-06-24,6.748871803283691,6.794783115386963,6.5193190574646,6.61113977432251,46409469
2022-06-27,6.794783115386963,6.794783115386963,6.5652289390563965,6.5652289390563965,36532515
2022-06-28,6.5652289390563965,6.702960968017578,6.427496910095215,6.473408222198486,40481723
2022-06-29,6.381587028503418,6.5652289390563965,6.335676193237305,6.381587028503418,30345339
2022-06-30,6.427496910095215,6.5193190574646,6.24385404586792,6.289764881134033,37691160
2022-07-01,6.197944164276123,6.381587028503418,6.152032852172852,6.197944164276123,39373009
2022-07-04,6.24385404586792,6.335676193237305,6.060212135314941,6.106122016906738,33633859
2022-07-05,6.152032852172852,6.335676193237305,6.060212135314941,6.106122016906738,50660397
2022-07-06,6.152032852172852,6.197944164276123,6.01430082321167,6.060212135314941,46884344
2022-07-07,6.152032852172852,6.197944164276123,6.01430082321167,6.060212135314941,37764403
2022-07-08,6.152032852172852,6.289764881134033,6.01430082321167,6.106122016906738,54532270
2022-07-11,6.106122016906738,6.24385404586792,6.106122016906738,6.152032852172852,41340050
2022-07-12,6.152032852172852,6.335676193237305,6.106122016906738,6.197944164276123,52055033
2022-07-13,6.289764881134033,6.335676193237305,5.876568794250488,5.92248010635376,73731668
2022-07-14,5.968389987945557,6.01430082321167,5.64701509475708,5.830657958984375,72045083
2022-07-15,5.830657958984375,5.968389987945557,5.692925930023193,5.830657958984375,49928728
2022-07-18,5.876568794250488,5.92248010635376,5.738836765289307,5.830657958984375,40962354
2022-07-19,5.830657958984375,6.152032852172852,5.784748077392578,6.01430082321167,82168748
2022-07-20,6.106122016906738,6.289764881134033,6.01430082321167,6.060212135314941,56812841
2022-07-21,6.106122016906738,6.24385404586792,6.01430082321167,6.106122016906738,43227989
2022-07-22,6.152032852172852,6.197944164276123,6.060212135314941,6.106122016906738,36914884
2022-07-25,6.106122016906738,6.152032852172852,5.876568794250488,5.876568794250488,43724745
2022-07-26,5.92248010635376,5.92248010635376,5.738836765289307,5.738836765289307,40634333
2022-07-27,5.738836765289307,5.830657958984375,5.692925930023193,5.692925930023193,44310527
2022-07-28,5.738836765289307,5.830657958984375,5.41746187210083,5.601105213165283,57614649
2022-07-29,5.64701509475708,6.152032852172852,5.601105213165283,6.060212135314941,71868552
2022-08-01,6.197944164276123,6.427496910095215,6.01430082321167,6.335676193237305,99634263
2022-08-02,6.335676193237305,6.748871803283691,6.197944164276123,6.657051086425781,95675560
2022-08-03,6.61113977432251,6.702960968017578,6.427496910095215,6.5193190574646,42038506
2022-08-04,6.5193190574646,6.748871803283691,6.381587028503418,6.5193190574646,67897639
2022-08-05,6.657051086425781,7.024335861206055,6.61113977432251,6.840693950653076,115823650
2022-08-08,6.9325151443481445,7.1161580085754395,6.886603832244873,7.070247173309326,69641948
2022-08-10,7.207979202270508,7.299800872802734,6.748871803283691,6.794783115386963,90622412
2022-08-11,7.070247173309326,7.253890037536621,6.978425979614258,7.070247173309326,77544546
2022-08-12,7.162067890167236,7.207979202270508,6.840693950653076,6.9325151443481445,76959789
2022-08-16,7.024335861206055,7.070247173309326,6.9325151443481445,7.070247173309326,61175661
2022-08-17,7.1161580085754395,7.162067890167236,6.9325151443481445,6.978425979614258,44718315
2022-08-18,6.978425979614258,7.1161580085754395,6.840693950653076,7.070247173309326,48550637
2022-08-19,7.070247173309326,7.162067890167236,6.978425979614258,7.070247173309326,57307951
2022-08-22,7.1161580085754395,7.988461017608643,6.978425979614258,7.896639823913574,258309526
2022-08-23,7.988461017608643,8.539388656616211,7.896639823913574,8.21801471710205,248551972
2022-08-24,8.263924598693848,8.4475679397583,7.942550182342529,8.034372329711914,144435647
2022-08-25,8.034372329711914,8.172103881835938,7.712996959686279,7.758907794952393,87133712
2022-08-26,7.850728988647461,7.942550182342529,7.437532901763916,7.529354095458984,82707898
2022-08-29,7.253890037536621,7.712996959686279,7.070247173309326,7.391622066497803,104688056
2022-08-30,7.483442783355713,7.667086124420166,7.437532901763916,7.529354095458984,58381713
2022-09-01,7.483442783355713,8.21801471710205,7.437532901763916,8.080282211303711,179147855
2022-09-02,8.21801471710205,8.4475679397583,8.034372329711914,8.080282211303711,170200575
2022-09-05,8.401657104492188,9.687156677246094,8.309836387634277,9.687156677246094,474988809
2022-09-06,10.467638969421387,10.74310302734375,8.95258617401123,9.824889183044434,725574701
2022-09-07,9.733068466186523,10.23808479309082,9.54942512512207,9.595335006713867,156209950
2022-09-08,9.77897834777832,9.916709899902344,9.18213939666748,9.319870948791504,128156248
2022-09-09,9.41169261932373,9.457603454589844,8.768942832946777,8.81485366821289,123079646
2022-09-12,8.906675338745117,9.18213939666748,8.81485366821289,9.04440689086914,77543358
2022-09-13,9.090317726135254,9.136228561401367,8.723031997680664,8.768942832946777,81187706
2022-09-14,8.493478775024414,8.677122116088867,8.35574722290039,8.401657104492188,106893780
2022-09-15,8.493478775024414,8.631211280822754,8.263924598693848,8.401657104492188,75829786
2022-09-16,8.4475679397583,8.493478775024414,8.126193046569824,8.309836387634277,86488172
2022-09-19,8.401657104492188,8.4475679397583,7.988461017608643,8.126193046569824,65411328
2022-09-20,8.080282211303711,8.172103881835938,7.896639823913574,7.942550182342529,62987214
2022-09-21,7.6211748123168945,8.080282211303711,7.575264930725098,7.850728988647461,59601138
2022-09-22,7.804818153381348,9.04440689086914,7.804818153381348,8.81485366821289,354117790
2022-09-23,8.95258617401123,9.090317726135254,8.263924598693848,8.35574722290039,152366222
2022-09-26,8.21801471710205,8.21801471710205,7.483442783355713,7.850728988647461,174216484
2022-09-27,7.988461017608643,8.309836387634277,7.575264930725098,7.667086124420166,227777132
2022-09-28,7.529354095458984,7.667086124420166,7.299800872802734,7.437532901763916,133905406
2022-09-29,7.667086124420166,7.896639823913574,7.575264930725098,7.758907794952393,168618876
2022-09-30,7.804818153381348,8.126193046569824,7.758907794952393,7.988461017608643,117467047
2022-10-03,7.599999904632568,8.25,7.5,7.900000095367432,207028703
2022-10-04,8.199999809265137,8.25,7.800000190734863,7.900000095367432,100371486
2022-10-06,8.0,8.0,7.550000190734863,7.650000095367432,129179117
2022-10-07,7.75,7.849999904632568,7.599999904632568,7.650000095367432,106914627
2022-10-10,7.599999904632568,7.949999809265137,7.5,7.650000095367432,87610748
2022-10-11,7.599999904632568,7.650000095367432,7.050000190734863,7.099999904632568,144401518
2022-10-12,7.25,7.400000095367432,6.900000095367432,6.949999809265137,151580915
2022-10-13,6.949999809265137,6.949999809265137,6.599999904632568,6.800000190734863,164628722
2022-10-14,7.0,7.0,6.650000095367432,6.699999809265137,96966089
2022-10-17,6.800000190734863,7.599999904632568,6.75,7.449999809265137,249793767
2022-10-18,7.650000095367432,7.900000095367432,7.550000190734863,7.75,198163274
2022-10-19,7.849999904632568,9.300000190734863,7.800000190734863,9.25,612128665
2022-10-20,9.300000190734863,9.600000381469727,8.100000381469727,8.899999618530273,597335268
2022-10-21,8.949999809265137,9.149999618530273,8.550000190734863,8.649999618530273,93358438
2022-10-24,8.850000381469727,9.0,8.550000190734863,8.800000190734863,39087707
2022-10-25,8.800000190734863,8.800000190734863,8.350000381469727,8.399999618530273,56177096
2022-10-27,8.5,8.600000381469727,8.0,8.149999618530273,84184771
2022-10-28,8.199999809265137,8.25,8.0,8.100000381469727,36746894
2022-10-31,8.050000190734863,8.050000190734863,7.699999809265137,7.949999809265137,55869752
2022-11-01,8.050000190734863,8.600000381469727,7.949999809265137,8.199999809265137,133421528
2022-11-02,8.199999809265137,8.25,7.949999809265137,8.0,53878867
2022-11-03,8.0,8.199999809265137,7.949999809265137,8.050000190734863,30598842
2022-11-04,8.100000381469727,8.25,8.050000190734863,8.149999618530273,50647381
2022-11-07,8.199999809265137,8.449999809265137,8.050000190734863,8.149999618530273,101774826
2022-11-09,8.300000190734863,8.350000381469727,8.149999618530273,8.25,64888811
2022-11-10,8.25,8.399999618530273,8.149999618530273,8.300000190734863,53029082
2022-11-11,8.5,8.550000190734863,8.199999809265137,8.199999809265137,68794518
2022-11-14,8.300000190734863,8.350000381469727,8.199999809265137,8.25,44831594
2022-11-15,8.25,8.300000190734863,8.100000381469727,8.199999809265137,38977758
2022-11-16,8.199999809265137,8.25,8.0,8.100000381469727,58373865
2022-11-17,8.149999618530273,8.149999618530273,7.900000095367432,8.0,39721127
2022-11-18,8.050000190734863,8.149999618530273,8.0,8.100000381469727,34159447
2022-11-21,8.100000381469727,8.149999618530273,8.0,8.050000190734863,42965379
2022-11-22,8.100000381469727,8.100000381469727,7.949999809265137,8.0,27053295
2022-11-23,8.050000190734863,8.100000381469727,7.800000190734863,7.900000095367432,104163765
2022-11-24,7.949999809265137,8.0,7.849999904632568,7.900000095367432,21746462
2022-11-25,7.900000095367432,8.600000381469727,7.849999904632568,8.449999809265137,228974026
2022-11-28,8.600000381469727,9.0,8.5,8.800000190734863,202678872
2022-11-29,8.899999618530273,9.199999809265137,8.699999809265137,8.75,146846252
2022-11-30,8.800000190734863,9.350000381469727,8.75,9.25,226695872
2022-12-01,9.399999618530273,9.5,9.0,9.050000190734863,107156713
2022-12-02,9.100000381469727,9.5,8.850000381469727,9.449999809265137,179074652
2022-12-05,9.550000190734863,10.399999618530273,9.5,10.0,439811540
2022-12-06,10.050000190734863,10.5,9.949999809265137,10.199999809265137,241805841
2022-12-07,10.25,10.399999618530273,9.800000190734863,9.850000381469727,193786549
2022-12-08,9.899999618530273,10.0,9.699999809265137,9.800000190734863,96070967
2022-12-09,9.850000381469727,9.899999618530273,9.25,9.300000190734863,137661963
2022-12-12,9.300000190734863,10.350000381469727,9.25,10.25,278382339
2022-12-13,10.350000381469727,10.449999809265137,10.050000190734863,10.100000381469727,143072413
2022-12-14,10.199999809265137,11.0,10.100000381469727,10.899999618530273,336400273
2022-12-15,10.800000190734863,11.25,10.649999618530273,10.949999809265137,476242220
2022-12-16,11.0,11.199999809265137,10.399999618530273,10.75,254892146
2022-12-19,10.850000381469727,11.899999618530273,10.850000381469727,11.649999618530273,638219867
2022-12-20,11.75,12.149999618530273,11.199999809265137,11.5,425797132
2022-12-21,11.649999618530273,11.800000190734863,9.899999618530273,10.199999809265137,395402337
2022-12-22,10.399999618530273,10.649999618530273,9.550000190734863,9.949999809265137,377648968
2022-12-23,9.75,9.800000190734863,8.899999618530273,9.0,263244568
2022-12-26,9.0,10.0,9.0,9.800000190734863,270444702
2022-12-27,10.149999618530273,10.399999618530273,9.899999618530273,10.199999809265137,137402727
2022-12-28,10.199999809265137,10.350000381469727,9.899999618530273,10.050000190734863,119193235
2022-12-29,10.0,10.25,9.800000190734863,10.149999618530273,90408089
2022-12-30,10.25,11.0,10.149999618530273,10.600000381469727,251001496
2023-01-02,10.699999809265137,10.800000190734863,10.399999618530273,10.699999809265137,115707231
2023-01-03,10.75,11.0,10.600000381469727,10.75,126373567
2023-01-04,10.75,10.800000190734863,10.300000190734863,10.399999618530273,113590256
2023-01-05,10.550000190734863,10.600000381469727,10.050000190734863,10.25,142768735
2023-01-06,10.350000381469727,10.399999618530273,10.050000190734863,10.199999809265137,114171473
2023-01-09,10.350000381469727,10.550000190734863,10.199999809265137,10.199999809265137,88848012
2023-01-10,10.25,10.25,9.949999809265137,10.050000190734863,70863324
2023-01-11,10.149999618530273,10.300000190734863,10.050000190734863,10.100000381469727,58400770
2023-01-12,10.149999618530273,10.199999809265137,9.899999618530273,10.0,75308002
2023-01-13,10.0,10.100000381469727,9.850000381469727,10.050000190734863,64749356
2023-01-16,10.100000381469727,10.149999618530273,9.949999809265137,10.0,46621802
2023-01-17,10.0,10.050000190734863,9.899999618530273,10.0,46626799
2023-01-18,9.949999809265137,10.0,9.75,9.800000190734863,39381363
2023-01-19,9.800000190734863,9.800000190734863,9.600000381469727,9.649999618530273,51419762
2023-01-20,9.649999618530273,10.25,9.600000381469727,10.0,112834934
2023-01-23,10.050000190734863,10.100000381469727,9.699999809265137,9.75,54689324
2023-01-24,9.75,9.850000381469727,9.600000381469727,9.649999618530273,36745668
2023-01-25,9.649999618530273,9.75,9.399999618530273,9.5,47479501
2023-01-27,9.5,9.699999809265137,8.949999809265137,9.100000381469727,96786728
2023-01-30,9.0,9.350000381469727,8.800000190734863,8.949999809265137,94496123
2023-01-31,9.0,9.949999809265137,8.899999618530273,9.800000190734863,122433631
2023-02-01,10.100000381469727,10.199999809265137,8.899999618530273,9.199999809265137,144996475
2023-02-02,9.149999618530273,9.600000381469727,9.050000190734863,9.199999809265137,86094874
2023-02-03,9.199999809265137,9.300000190734863,8.699999809265137,9.050000190734863,103617993
2023-02-06,9.050000190734863,9.25,9.0,9.050000190734863,45864843
2023-02-07,9.050000190734863,9.149999618530273,8.899999618530273,8.949999809265137,35950091
2023-02-08,9.050000190734863,9.25,8.949999809265137,9.0,47849321
2023-02-09,9.0,9.350000381469727,8.949999809265137,9.199999809265137,72874809
2023-02-10,9.300000190734863,9.649999618530273,9.050000190734863,9.149999618530273,71596394
2023-02-13,9.199999809265137,9.25,8.949999809265137,9.050000190734863,45209836
2023-02-14,9.050000190734863,9.149999618530273,8.75,8.800000190734863,38860144
2023-02-15,8.850000381469727,9.050000190734863,8.800000190734863,9.0,40241204
2023-02-16,9.050000190734863,9.050000190734863,8.850000381469727,8.899999618530273,35573041
2023-02-17,8.899999618530273,9.149999618530273,8.850000381469727,8.899999618530273,61270881
2023-02-20,8.899999618530273,9.100000381469727,8.449999809265137,8.550000190734863,118491096
2023-02-21,8.600000381469727,8.649999618530273,8.350000381469727,8.399999618530273,39042076
2023-02-22,8.399999618530273,8.5,8.199999809265137,8.300000190734863,41332864
2023-02-23,8.300000190734863,8.350000381469727,8.050000190734863,8.149999618530273,57513590
2023-02-24,8.199999809265137,8.550000190734863,8.149999618530273,8.399999618530273,57101906
2023-02-27,8.399999618530273,8.399999618530273,8.050000190734863,8.100000381469727,47631704
2023-02-28,8.149999618530273,8.300000190734863,8.050000190734863,8.199999809265137,33919586
2023-03-01,8.25,8.600000381469727,8.199999809265137,8.399999618530273,55018196
2023-03-02,8.399999618530273,8.449999809265137,8.199999809265137,8.25,45131745
2023-03-03,8.300000190734863,8.75,8.300000190734863,8.5,96295154
2023-03-06,8.550000190734863,8.899999618530273,8.5,8.600000381469727,75423846
2023-03-08,8.550000190734863,8.699999809265137,8.449999809265137,8.600000381469727,39328106
2023-03-09,8.699999809265137,8.949999809265137,8.649999618530273,8.699999809265137,74757405
2023-03-10,8.600000381469727,8.649999618530273,8.350000381469727,8.399999618530273,51783687
2023-03-13,8.399999618530273,8.5,8.0,8.100000381469727,50754201
2023-03-14,8.149999618530273,8.199999809265137,7.699999809265137,7.949999809265137,52110143
2023-03-15,7.800000190734863,8.149999618530273,7.75,7.949999809265137,59556915
2023-03-16,8.0,8.0,7.699999809265137,7.900000095367432,56722948
2023-03-17,7.949999809265137,8.149999618530273,7.900000095367432,8.0,40883551
2023-03-20,8.0,8.0,7.699999809265137,7.75,42986085
2023-03-21,7.849999904632568,7.900000095367432,7.75,7.800000190734863,27594112
2023-03-22,7.849999904632568,7.949999809265137,7.800000190734863,7.800000190734863,22956081
2023-03-23,7.800000190734863,7.900000095367432,7.699999809265137,7.75,23864906
2023-03-24,7.75,7.800000190734863,7.5,7.550000190734863,36581412
2023-03-27,7.599999904632568,7.599999904632568,7.150000095367432,7.199999809265137,46753705
2023-03-28,7.25,7.349999904632568,6.949999809265137,7.050000190734863,55049453
2023-03-29,7.099999904632568,8.100000381469727,7.050000190734863,7.949999809265137,131787323
2023-03-31,8.050000190734863,8.25,7.849999904632568,7.900000095367432,61243637
2023-04-03,7.900000095367432,8.199999809265137,7.900000095367432,8.100000381469727,38896680
2023-04-05,8.149999618530273,8.300000190734863,8.0,8.100000381469727,34055807
2023-04-06,8.149999618530273,8.300000190734863,8.050000190734863,8.149999618530273,32437850
2023-04-10,8.199999809265137,8.199999809265137,8.0,8.050000190734863,22032132
2023-04-11,8.100000381469727,8.350000381469727,8.0,8.149999618530273,44136206
2023-04-12,8.149999618530273,8.25,8.050000190734863,8.100000381469727,37352480
2023-04-13,8.149999618530273,8.25,8.0,8.050000190734863,49318062
2023-04-17,8.0,8.199999809265137,7.949999809265137,8.149999618530273,45874702
2023-04-18,8.149999618530273,8.199999809265137,8.0,8.050000190734863,39250925
2023-04-19,8.0,8.149999618530273,7.949999809265137,8.0,36980183
2023-04-20,8.050000190734863,8.100000381469727,7.949999809265137,7.949999809265137,18933562
2023-04-21,8.0,8.050000190734863,7.949999809265137,7.949999809265137,12324483
2023-04-24,8.0,8.100000381469727,7.900000095367432,7.949999809265137,31696681
2023-04-25,7.949999809265137,8.300000190734863,7.900000095367432,8.149999618530273,82252903
2023-04-26,8.25,8.75,8.100000381469727,8.199999809265137,140422847
2023-04-27,8.199999809265137,8.25,8.100000381469727,8.199999809265137,45358977
2023-04-28,8.25,8.449999809265137,8.149999618530273,8.300000190734863,57266827
2023-05-02,8.350000381469727,8.399999618530273,7.900000095367432,8.100000381469727,91311768
2023-05-03,8.100000381469727,8.300000190734863,8.0,8.100000381469727,58132884
2023-05-04,8.199999809265137,8.699999809265137,8.199999809265137,8.600000381469727,197115631
2023-05-05,8.649999618530273,8.899999618530273,8.5,8.649999618530273,122285005
2023-05-08,8.699999809265137,8.800000190734863,8.449999809265137,8.550000190734863,70124868
2023-05-09,8.600000381469727,8.800000190734863,8.300000190734863,8.399999618530273,83194488
2023-05-10,8.399999618530273,8.449999809265137,8.199999809265137,8.350000381469727,45546501
2023-05-11,8.399999618530273,8.5,8.300000190734863,8.350000381469727,35885308
2023-05-12,8.399999618530273,8.399999618530273,8.199999809265137,8.25,32986632
2023-05-15,8.25,8.350000381469727,8.199999809265137,8.25,51475490
2023-05-16,8.25,8.350000381469727,8.199999809265137,8.199999809265137,25372907
2023-05-17,8.25,8.800000190734863,8.199999809265137,8.649999618530273,137647805
2023-05-18,8.850000381469727,9.0,8.399999618530273,8.5,133866221
2023-05-19,8.600000381469727,8.649999618530273,8.350000381469727,8.5,58371953
2023-05-22,8.600000381469727,9.600000381469727,8.5,9.25,317257961
2023-05-23,9.449999809265137,9.649999618530273,9.149999618530273,9.449999809265137,161014013
2023-05-24,9.550000190734863,10.199999809265137,9.550000190734863,10.050000190734863,277827881
2023-05-25,10.199999809265137,10.300000190734863,9.699999809265137,9.800000190734863,165323748
2023-05-26,9.800000190734863,10.149999618530273,9.449999809265137,10.0,149372185
2023-05-29,10.149999618530273,10.449999809265137,10.100000381469727,10.350000381469727,179747106
2023-05-30,10.350000381469727,10.75,10.199999809265137,10.649999618530273,294083000
2023-05-31,10.899999618530273,11.850000381469727,10.649999618530273,11.75,751320632
2023-06-01,11.850000381469727,12.0,11.050000190734863,11.149999618530273,316019955
2023-06-02,11.25,11.399999618530273,10.850000381469727,11.0,258642228
2023-06-05,11.100000381469727,11.5,11.0,11.399999618530273,272291792
2023-06-06,11.550000190734863,12.399999618530273,11.350000381469727,12.199999809265137,533178450
2023-06-07,12.550000190734863,14.600000381469727,12.5,14.449999809265137,346243409
2023-06-08,14.199999809265137,14.199999809265137,13.199999809265137,13.350000381469727,522427881
2023-06-09,13.5,14.199999809265137,13.300000190734863,14.0,293778902
2023-06-12,14.149999618530273,15.399999618530273,14.100000381469727,15.300000190734863,461323199
2023-06-13,15.399999618530273,15.75,14.75,15.100000381469727,390548184
2023-06-14,15.25,15.350000381469727,14.149999618530273,14.399999618530273,222177502
2023-06-15,14.399999618530273,14.600000381469727,14.0,14.449999809265137,178864927
2023-06-16,14.550000190734863,15.149999618530273,14.550000190734863,14.75,282491085
2023-06-19,14.949999809265137,15.050000190734863,14.25,14.550000190734863,163607569
2023-06-20,14.649999618530273,14.699999809265137,13.649999618530273,14.25,196840707
2023-06-21,14.300000190734863,14.550000190734863,13.850000381469727,14.0,134315767
2023-06-22,14.050000190734863,14.100000381469727,13.300000190734863,13.600000381469727,150787608
2023-06-23,13.600000381469727,14.149999618530273,13.25,13.850000381469727,133077725
2023-06-26,13.949999809265137,14.25,13.649999618530273,14.0,93075149
2023-06-27,14.050000190734863,14.399999618530273,14.0,14.100000381469727,81222094
2023-06-28,14.199999809265137,15.0,14.199999809265137,14.75,204357357
2023-06-30,15.050000190734863,15.649999618530273,14.949999809265137,15.300000190734863,260744421
2023-07-03,15.75,16.799999237060547,15.75,16.799999237060547,389920926
2023-07-04,17.450000762939453,18.450000762939453,17.149999618530273,18.299999237060547,701973517
2023-07-05,17.950000762939453,18.149999618530273,17.399999618530273,17.399999618530273,264737406
2023-07-06,16.799999237060547,17.950000762939453,16.649999618530273,17.649999618530273,415023310
2023-07-07,17.549999237060547,18.299999237060547,17.450000762939453,17.850000381469727,267551084
2023-07-10,18.049999237060547,18.100000381469727,17.200000762939453,17.350000381469727,142507601
2023-07-11,17.5,18.200000762939453,17.049999237060547,17.950000762939453,369539889
2023-07-12,18.0,18.549999237060547,17.600000381469727,18.0,201949606
2023-07-13,18.149999618530273,18.350000381469727,17.450000762939453,17.549999237060547,149133001
2023-07-14,17.649999618530273,17.899999618530273,17.299999237060547,17.700000762939453,81517693
2023-07-17,18.25,18.450000762939453,18.100000381469727,18.200000762939453,129569292
2023-07-18,18.299999237060547,18.299999237060547,17.799999237060547,17.899999618530273,89012544
2023-07-19,18.0,18.100000381469727,17.799999237060547,17.850000381469727,48709437
2023-07-20,17.950000762939453,18.700000762939453,17.850000381469727,18.700000762939453,242575898
2023-07-21,19.25,19.600000381469727,19.100000381469727,19.600000381469727,86292023
2023-07-24,20.549999237060547,20.549999237060547,19.200000762939453,20.0,517944819
2023-07-25,20.25,20.799999237060547,19.0,19.0,276540698
2023-07-26,18.049999237060547,18.049999237060547,18.049999237060547,18.049999237060547,41086178
2023-07-27,17.649999618530273,18.399999618530273,17.450000762939453,17.850000381469727,250669150
2023-07-28,17.799999237060547,18.25,17.700000762939453,18.049999237060547,97658422
2023-07-31,18.200000762939453,18.950000762939453,18.049999237060547,18.950000762939453,123353716
2023-08-01,19.549999237060547,19.850000381469727,19.100000381469727,19.299999237060547,167771796
2023-08-02,19.350000381469727,19.350000381469727,18.350000381469727,18.5,229699866
2023-08-03,18.450000762939453,18.450000762939453,17.700000762939453,17.950000762939453,122802683
2023-08-04,18.0,18.799999237060547,18.0,18.399999618530273,241151653
2023-08-07,18.600000381469727,19.0,18.25,18.649999618530273,119709706
2023-08-08,18.649999618530273,18.950000762939453,18.350000381469727,18.600000381469727,107177129
2023-08-09,18.950000762939453,19.5,18.899999618530273,19.5,204669757
2023-08-10,19.950000762939453,20.450000762939453,19.899999618530273,20.450000762939453,198521194
2023-08-11,20.75,21.25,19.799999237060547,20.200000762939453,193133275
2023-08-14,19.549999237060547,20.200000762939453,19.299999237060547,20.049999237060547,110526997
2023-08-16,20.049999237060547,20.5,20.049999237060547,20.25,66006572
2023-08-17,19.850000381469727,20.0,19.399999618530273,19.700000762939453,130822363
2023-08-18,19.799999237060547,20.049999237060547,19.5,19.799999237060547,70016385
2023-08-21,20.100000381469727,20.149999618530273,19.799999237060547,19.899999618530273,71793107
2023-08-22,19.950000762939453,20.850000381469727,19.950000762939453,20.850000381469727,189624524
2023-08-23,21.0,21.850000381469727,21.0,21.850000381469727,204874807
2023-08-24,22.75,22.850000381469727,21.25,21.5,269657749
2023-08-25,21.649999618530273,22.549999237060547,21.549999237060547,22.399999618530273,166449370
2023-08-28,23.399999618530273,23.5,23.25,23.5,192627964
2023-08-29,24.0,24.649999618530273,23.950000762939453,24.649999618530273,203593052
2023-08-30,25.850000381469727,25.850000381469727,25.350000381469727,25.850000381469727,88452282
2023-08-31,26.5,27.049999237060547,24.549999237060547,24.549999237060547,413958502
2023-09-01,24.549999237060547,25.75,23.950000762939453,25.0,209113483
2023-09-04,25.450000762939453,25.700000762939453,23.850000381469727,24.100000381469727,189499859
2023-09-05,24.600000381469727,24.899999618530273,23.5,23.600000381469727,131411045
2023-09-06,23.799999237060547,24.399999618530273,23.399999618530273,23.799999237060547,107987698
2023-09-07,24.100000381469727,24.950000762939453,23.549999237060547,24.100000381469727,170673034
2023-09-08,24.200000762939453,24.299999237060547,23.649999618530273,24.049999237060547,87741294
2023-09-11,24.299999237060547,24.399999618530273,23.75,24.0,93344063
2023-09-12,24.149999618530273,24.200000762939453,22.799999237060547,22.799999237060547,146034046
2023-09-13,22.200000762939453,22.5,21.700000762939453,22.149999618530273,236321372
2023-09-14,22.350000381469727,23.25,21.75,23.25,178268509
2023-09-15,23.600000381469727,24.399999618530273,23.149999618530273,24.200000762939453,225766744
2023-09-18,24.700000762939453,25.100000381469727,24.5,24.75,142270040
2023-09-20,24.950000762939453,25.950000762939453,24.5,25.850000381469727,166418138
2023-09-21,25.850000381469727,26.25,25.149999618530273,25.5,166438893
2023-09-22,25.649999618530273,25.850000381469727,24.5,25.049999237060547,95275738
2023-09-25,25.75,26.049999237060547,25.100000381469727,25.5,71458712
2023-09-26,25.600000381469727,26.100000381469727,24.950000762939453,26.0,110565689
2023-09-27,25.100000381469727,25.899999618530273,25.049999237060547,25.649999618530273,94771055
2023-09-28,25.700000762939453,26.399999618530273,25.450000762939453,25.649999618530273,75375280
2023-09-29,25.850000381469727,26.200000762939453,25.549999237060547,25.799999237060547,76660245
2023-10-03,25.950000762939453,27.049999237060547,25.75,26.950000762939453,215807142
2023-10-04,27.350000381469727,28.25,27.100000381469727,28.100000381469727,346015638
2023-10-05,28.600000381469727,29.5,28.549999237060547,29.5,285672016
2023-10-06,28.850000381469727,29.799999237060547,28.399999618530273,29.100000381469727,273969163
2023-10-09,28.200000762939453,28.350000381469727,27.649999618530273,27.649999618530273,151080200
2023-10-10,26.5,27.399999618530273,26.299999237060547,26.350000381469727,80186599
2023-10-11,26.5,27.649999618530273,26.450000762939453,27.649999618530273,45365872
2023-10-12,28.25,28.600000381469727,27.049999237060547,27.149999618530273,70399620
2023-10-13,27.200000762939453,27.450000762939453,26.600000381469727,26.799999237060547,39585232
2023-10-16,27.600000381469727,28.100000381469727,27.049999237060547,28.100000381469727,73809145
2023-10-17,28.899999618530273,29.5,28.649999618530273,29.5,111721555
2023-10-18,30.25,30.950000762939453,29.799999237060547,30.950000762939453,131127521
2023-10-19,31.0,32.099998474121094,30.0,31.600000381469727,135200931
2023-10-20,31.450000762939453,33.150001525878906,31.0,32.5,373269936
2023-10-23,33.25,34.099998474121094,31.399999618530273,31.799999237060547,130338329
2023-10-25,32.099998474121094,33.099998474121094,30.299999237060547,31.899999618530273,98053560
2023-10-26,31.25,31.950000762939453,30.299999237060547,31.399999618530273,99436973
2023-10-27,32.0,32.900001525878906,31.950000762939453,32.099998474121094,80529369
2023-10-30,32.70000076293945,32.79999923706055,31.25,31.549999237060547,42405596
2023-10-31,32.0,32.0,30.0,30.600000381469727,49276497
2023-11-01,30.700000762939453,31.600000381469727,30.600000381469727,31.299999237060547,39955174
2023-11-02,31.899999618530273,32.849998474121094,31.350000381469727,32.650001525878906,52429624
2023-11-03,33.20000076293945,34.25,33.0,34.25,76623253
2023-11-06,35.95000076293945,35.95000076293945,35.95000076293945,35.95000076293945,15536896
2023-11-07,37.0,37.400001525878906,35.0,37.349998474121094,145813507
2023-11-08,37.79999923706055,39.20000076293945,36.79999923706055,37.400001525878906,113882054
2023-11-09,38.0,38.45000076293945,37.0,37.29999923706055,49396345
2023-11-10,37.5,38.25,37.099998474121094,37.900001525878906,45379797
2023-11-13,38.599998474121094,39.25,37.79999923706055,38.650001525878906,45335763
2023-11-15,39.95000076293945,40.54999923706055,39.54999923706055,40.5,143082003
2023-11-16,40.5,42.5,40.5,42.099998474121094,115717878
2023-11-17,42.900001525878906,44.0,40.29999923706055,42.29999923706055,161956692
2023-11-20,42.5,43.0,40.20000076293945,41.349998474121094,130271353
2023-11-21,41.5,41.5,39.29999923706055,39.29999923706055,111694707
2023-11-22,37.75,38.5,37.349998474121094,37.349998474121094,42657149
2023-11-23,35.5,39.20000076293945,35.5,39.20000076293945,102656993
2023-11-24,40.0,41.150001525878906,39.45000076293945,40.599998474121094,117045798
2023-11-28,41.349998474121094,41.70000076293945,38.70000076293945,38.95000076293945,116147704
2023-11-29,39.45000076293945,40.29999923706055,37.599998474121094,39.599998474121094,98361673
2023-11-30,40.349998474121094,41.0,38.099998474121094,40.75,811525884
2023-12-01,40.0,40.400001525878906,39.0,39.400001525878906,63576805
2023-12-04,41.0,41.0,39.70000076293945,40.099998474121094,40525430
2023-12-05,40.5,40.5,38.849998474121094,39.650001525878906,52174216
2023-12-06,39.5,39.5,38.400001525878906,38.95000076293945,49075379
2023-12-07,38.95000076293945,40.0,38.0,39.04999923706055,51193825
2023-12-08,39.599998474121094,39.599998474121094,38.0,38.75,35448583
2023-12-11,38.849998474121094,39.5,38.0,39.20000076293945,59585051
2023-12-12,39.5,39.5,38.400001525878906,38.5,33308747
2023-12-13,38.599998474121094,38.75,37.5,38.20000076293945,38010747
2023-12-14,38.20000076293945,38.599998474121094,37.099998474121094,37.349998474121094,58576341
2023-12-15,37.29999923706055,39.20000076293945,36.0,38.54999923706055,135917707
2023-12-18,38.75,38.75,37.5,37.849998474121094,34128022
2023-12-19,37.849998474121094,37.900001525878906,36.79999923706055,37.5,46279926
2023-12-20,37.900001525878906,38.150001525878906,35.650001525878906,35.650001525878906,60110787
2023-12-21,34.29999923706055,37.25,33.900001525878906,37.099998474121094,68214659
2023-12-22,37.5,38.0,36.5,37.25,27363287
2023-12-26,37.25,37.650001525878906,36.54999923706055,36.900001525878906,24483621
2023-12-27,37.29999923706055,37.29999923706055,36.20000076293945,37.04999923706055,29736305
2023-12-28,37.20000076293945,38.5,37.099998474121094,38.150001525878906,49428774
2023-12-29,38.54999923706055,38.70000076293945,38.0,38.20000076293945,28153967
2024-01-01,38.5,38.599998474121094,38.0,38.5,35078873
2024-01-02,38.70000076293945,38.79999923706055,37.099998474121094,38.25,30864924
2024-01-03,38.25,38.25,37.70000076293945,37.79999923706055,21788140
2024-01-04,37.79999923706055,39.29999923706055,37.75,38.70000076293945,38232279
2024-01-05,38.900001525878906,40.599998474121094,38.70000076293945,40.599998474121094,75799676
2024-01-08,41.5,42.599998474121094,40.0,42.599998474121094,92602484
2024-01-09,43.25,44.0,41.5,43.54999923706055,103582158
2024-01-10,44.099998474121094,44.20000076293945,42.29999923706055,43.54999923706055,54417493
2024-01-11,43.900001525878906,44.0,42.70000076293945,43.599998474121094,48037394
2024-01-12,43.79999923706055,45.400001525878906,43.150001525878906,44.900001525878906,88210161
2024-01-15,45.20000076293945,45.70000076293945,43.70000076293945,43.849998474121094,73414515
2024-01-16,44.0,44.20000076293945,41.650001525878906,42.04999923706055,73662300
2024-01-17,41.5,42.650001525878906,40.349998474121094,40.900001525878906,62350656
2024-01-18,40.900001525878906,42.900001525878906,40.099998474121094,42.900001525878906,77361249
2024-01-19,43.5,44.45000076293945,41.45000076293945,41.849998474121094,118653572
2024-01-23,42.5,43.0,40.20000076293945,41.150001525878906,61821069
2024-01-24,41.599998474121094,41.599998474121094,40.349998474121094,41.20000076293945,33524849
2024-01-25,41.650001525878906,43.0,40.900001525878906,42.54999923706055,53839790
2024-01-29,43.0,43.849998474121094,42.54999923706055,43.25,64987571
2024-01-30,43.5,44.849998474121094,42.75,43.79999923706055,88270852
2024-01-31,44.400001525878906,45.95000076293945,44.20000076293945,45.95000076293945,145374835
2024-02-01,47.29999923706055,48.20000076293945,47.0,48.20000076293945,195541083
2024-02-02,49.900001525878906,50.599998474121094,48.0,48.599998474121094,219513812
2024-02-05,49.599998474121094,50.0,47.5,48.25,112297989
2024-02-06,48.79999923706055,48.79999923706055,47.20000076293945,48.0,53168885
2024-02-07,48.20000076293945,49.95000076293945,48.20000076293945,49.25,64866228
2024-02-08,49.5,49.75,48.5,49.349998474121094,53850076
2024-02-09,49.349998474121094,49.400001525878906,46.900001525878906,47.349998474121094,90732188
2024-02-12,47.95000076293945,48.20000076293945,45.0,45.0,65398403
2024-02-13,43.650001525878906,44.650001525878906,42.75,43.900001525878906,135410453
2024-02-14,42.45000076293945,46.04999923706055,42.04999923706055,46.04999923706055,59861806
2024-02-15,46.95000076293945,47.75,46.5,47.04999923706055,44781950
2024-02-16,47.70000076293945,47.70000076293945,46.0,46.849998474121094,23858185
2024-02-19,47.5,47.599998474121094,46.04999923706055,46.150001525878906,19476010
2024-02-20,46.650001525878906,46.849998474121094,45.599998474121094,45.79999923706055,20108565
2024-02-21,45.95000076293945,46.0,43.75,44.75,30440623
2024-02-22,44.849998474121094,45.29999923706055,43.79999923706055,44.79999923706055,23276564
2024-02-23,45.150001525878906,45.599998474121094,44.79999923706055,44.900001525878906,25286705
2024-02-26,45.75,45.75,43.349998474121094,43.75,30050547
2024-02-27,44.20000076293945,45.0,43.5,44.54999923706055,22624252
2024-02-28,44.599998474121094,44.650001525878906,42.349998474121094,43.20000076293945,36887600
2024-02-29,43.0,45.349998474121094,41.04999923706055,45.25,117200579
2024-03-01,45.599998474121094,46.0,44.099998474121094,44.29999923706055,22093410
2024-03-04,42.79999923706055,43.79999923706055,41.75,42.79999923706055,55074786
2024-03-05,41.650001525878906,41.650001525878906,40.70000076293945,40.70000076293945,53278004
2024-03-06,39.0,39.0,38.70000076293945,38.70000076293945,29049668
2024-03-07,37.20000076293945,40.599998474121094,37.20000076293945,40.599998474121094,58288425
2024-03-11,41.5,42.0,39.0,39.349998474121094,39527748
2024-03-12,39.349998474121094,40.0,37.400001525878906,39.29999923706055,47404379
2024-03-13,38.5,39.29999923706055,37.349998474121094,37.349998474121094,38160910
2024-03-14,35.5,39.20000076293945,35.5,39.04999923706055,67013191
2024-03-15,39.0,40.0,37.5,39.400001525878906,144957453
2024-03-18,38.849998474121094,38.900001525878906,37.70000076293945,38.54999923706055,22647157
2024-03-19,38.400001525878906,38.400001525878906,36.79999923706055,37.150001525878906,20548501
2024-03-20,37.150001525878906,37.70000076293945,35.599998474121094,36.29999923706055,26893468
2024-03-21,37.0,38.099998474121094,36.5,37.29999923706055,54916534
2024-03-22,37.0,37.95000076293945,36.349998474121094,37.349998474121094,17891396
2024-03-26,37.5,37.650001525878906,36.79999923706055,37.099998474121094,25064700
2024-03-27,37.400001525878906,38.95000076293945,37.099998474121094,38.5,92336818
2024-03-28,39.0,40.400001525878906,38.599998474121094,40.400001525878906,44688873
2024-04-01,39.95000076293945,41.75,38.400001525878906,41.349998474121094,32553386
2024-04-02,41.79999923706055,43.0,40.400001525878906,42.5,31126883
2024-04-03,42.5,43.54999923706055,41.599998474121094,43.5,28078702
2024-04-04,44.5,44.599998474121094,42.70000076293945,42.95000076293945,30712841
2024-04-05,43.0,43.0,42.0,42.650001525878906,15830518
2024-04-08,43.150001525878906,43.150001525878906,41.400001525878906,41.5,20072402
2024-04-09,41.5,42.5,40.79999923706055,40.900001525878906,20548936
2024-04-10,41.150001525878906,42.650001525878906,41.099998474121094,42.150001525878906,28693252
2024-04-12,42.150001525878906,42.75,41.79999923706055,42.150001525878906,37205677
2024-04-15,40.04999923706055,41.20000076293945,40.04999923706055,40.75,37643079
2024-04-16,39.849998474121094,41.25,39.54999923706055,40.5,20994202
2024-04-18,41.0,41.70000076293945,40.70000076293945,41.150001525878906,23917024
2024-04-19,40.45000076293945,40.70000076293945,39.099998474121094,39.349998474121094,54049625
2024-04-22,38.849998474121094,41.29999923706055,38.599998474121094,40.849998474121094,62114928
2024-04-23,41.0,42.099998474121094,40.54999923706055,41.849998474121094,69215858
2024-04-24,41.900001525878906,42.5,41.45000076293945,41.79999923706055,34252835
2024-04-25,42.20000076293945,42.29999923706055,41.25,42.150001525878906,22866483
2024-04-26,42.04999923706055,42.150001525878906,41.25,41.650001525878906,18201395
2024-04-29,41.849998474121094,42.0,41.400001525878906,41.599998474121094,17815539
2024-04-30,41.95000076293945,42.099998474121094,41.0,41.599998474121094,30499261
2024-05-02,41.599998474121094,42.04999923706055,41.04999923706055,41.70000076293945,31530269
2024-05-03,42.0,42.29999923706055,41.04999923706055,41.349998474121094,23725164
2024-05-06,42.0,42.0,40.400001525878906,40.79999923706055,17232143
2024-05-07,40.75,40.79999923706055,39.0,39.75,27831110
2024-05-08,39.75,40.20000076293945,39.04999923706055,39.95000076293945,24940794
2024-05-09,40.0,40.400001525878906,39.45000076293945,39.599998474121094,21071854
2024-05-10,39.849998474121094,40.099998474121094,39.0,39.900001525878906,14667345
2024-05-13,39.900001525878906,39.900001525878906,37.900001525878906,39.0,23030136
2024-05-14,39.04999923706055,40.75,39.04999923706055,40.20000076293945,15680138
2024-05-15,40.400001525878906,42.20000076293945,40.04999923706055,42.20000076293945,42747507
2024-05-16,42.5,43.0,41.75,42.79999923706055,36344580
2024-05-17,42.79999923706055,42.95000076293945,42.099998474121094,42.599998474121094,24116415
2024-05-21,42.5,44.20000076293945,41.900001525878906,44.04999923706055,45615167
2024-05-22,44.5,46.25,42.95000076293945,46.0,80221850
2024-05-23,46.400001525878906,48.29999923706055,45.70000076293945,48.29999923706055,90528423
2024-05-24,49.0,49.0,45.900001525878906,45.95000076293945,53070069
2024-05-27,45.25,46.70000076293945,45.0,45.20000076293945,38521150
2024-05-28,45.5,45.849998474121094,43.400001525878906,43.95000076293945,26264263
2024-05-29,43.900001525878906,46.099998474121094,43.54999923706055,46.099998474121094,30979346
2024-05-30,46.29999923706055,46.900001525878906,44.5,45.400001525878906,31288700
2024-05-31,45.70000076293945,47.650001525878906,44.29999923706055,47.650001525878906,115665511
2024-06-03,50.0,50.0,50.0,50.0,62876628
2024-06-04,52.099998474121094,52.099998474121094,47.5,47.5,123854100
2024-06-05,45.150001525878906,49.79999923706055,45.150001525878906,48.45000076293945,81272335
2024-06-06,49.45000076293945,50.5,48.5,49.79999923706055,49163158
2024-06-07,50.0,50.45000076293945,49.0,49.900001525878906,30336425
2024-06-10,47.400001525878906,48.630001068115234,47.400001525878906,47.400001525878906,90220734
2024-06-11,47.400001525878906,49.290000915527344,47.02000045776367,48.2599983215332,47583387
2024-06-12,48.5099983215332,50.5,48.400001525878906,50.279998779296875,87422931
2024-06-13,50.5,50.5,49.290000915527344,49.869998931884766,48465602
2024-06-14,50.0,51.189998626708984,49.099998474121094,49.47999954223633,85029862
2024-06-18,49.599998474121094,50.290000915527344,48.849998474121094,49.959999084472656,49874657
2024-06-19,50.189998626708984,50.279998779296875,48.75,48.900001525878906,26139387
2024-06-20,51.34000015258789,51.34000015258789,49.54999923706055,50.529998779296875,99070183
2024-06-21,51.20000076293945,53.04999923706055,51.0,53.04999923706055,143678671
2024-06-24,55.45000076293945,55.70000076293945,54.150001525878906,54.70000076293945,149419809
2024-06-25,55.150001525878906,55.5,53.31999969482422,53.599998474121094,63723030
2024-06-26,53.599998474121094,54.369998931884766,52.29999923706055,52.7599983215332,52438770
2024-06-27,53.04999923706055,54.0,51.5,53.279998779296875,52502181
2024-06-28,53.900001525878906,54.0,52.709999084472656,52.86000061035156,38744898
2024-07-01,53.20000076293945,53.279998779296875,52.59000015258789,52.93000030517578,25423991
2024-07-02,53.0,53.380001068115234,52.43000030517578,53.029998779296875,24502330
2024-07-03,53.099998474121094,53.95000076293945,53.0,53.529998779296875,29907631
2024-07-04,53.599998474121094,55.66999816894531,53.369998931884766,54.029998779296875,63199465
2024-07-05,54.369998931884766,56.4900016784668,53.79999923706055,55.4900016784668,96909661
2024-07-08,55.95000076293945,56.0,54.5,55.20000076293945,54588551
2024-07-09,55.29999923706055,55.84000015258789,53.86000061035156,55.369998931884766,33858415
2024-07-10,55.66999816894531,56.0,53.900001525878906,54.88999938964844,37727227
2024-07-11,55.0,55.0,54.20000076293945,54.720001220703125,26061094
2024-07-12,55.0,55.43000030517578,53.650001525878906,54.630001068115234,37499020
2024-07-15,55.0,55.0,54.02000045776367,54.619998931884766,27141448
2024-07-16,54.900001525878906,56.0,54.43000030517578,55.880001068115234,76577863
2024-07-18,55.5,55.720001220703125,53.81999969482422,55.38999938964844,68196637
2024-07-19,55.380001068115234,55.869998931884766,53.81999969482422,54.54999923706055,52178598
2024-07-22,54.65999984741211,55.439998626708984,53.5,55.08000183105469,47805246
2024-07-23,57.20000076293945,57.83000183105469,54.0,57.83000183105469,281887693
2024-07-24,59.70000076293945,60.720001220703125,59.630001068115234,60.720001220703125,90757700
2024-07-25,62.290000915527344,63.75,60.79999923706055,61.470001220703125,170325709
2024-07-26,62.68000030517578,63.0,61.0,61.88999938964844,67858407
2024-07-29,62.95000076293945,64.9800033569336,62.380001068115234,64.9800033569336,97886927
2024-07-30,65.80999755859375,68.22000122070312,65.62999725341797,68.22000122070312,114489676
2024-07-31,70.11000061035156,70.88999938964844,68.27999877929688,69.37999725341797,131539602
2024-08-01,69.93000030517578,70.98999786376953,66.22000122070312,67.9800033569336,134824650
2024-08-02,67.80000305175781,71.37000274658203,67.05000305175781,71.3499984741211,131096033
2024-08-05,69.9000015258789,71.63999938964844,67.77999877929688,67.8499984741211,209904382
2024-08-06,68.75,70.8499984741211,65.5999984741211,66.2699966430664,96665562
2024-08-07,69.0,69.58000183105469,68.11000061035156,69.58000183105469,65576822
2024-08-08,71.0,73.05000305175781,70.58000183105469,72.91999816894531,212956025
2024-08-09,74.5999984741211,76.55999755859375,73.0,76.54000091552734,142611445
2024-08-12,77.1500015258789,80.36000061035156,74.6500015258789,80.36000061035156,131256497
2024-08-13,81.97000122070312,84.29000091552734,78.3499984741211,80.79000091552734,193725637
2024-08-14,82.19000244140625,82.41000366210938,76.75,76.7699966430664,141960840
2024-08-16,77.94999694824219,80.5,74.12000274658203,79.94999694824219,155613726
2024-08-19,80.63999938964844,82.44999694824219,79.20999908447266,80.70999908447266,96552950
2024-08-20,81.30999755859375,81.58000183105469,78.5,79.43000030517578,54449596
2024-08-21,79.4000015258789,80.1500015258789,78.61000061035156,78.8499984741211,38869576
2024-08-22,79.2300033569336,79.58999633789062,77.30000305175781,77.56999969482422,41519353
2024-08-23,77.69999694824219,80.5,77.69999694824219,78.83999633789062,67410388
2024-08-26,79.33999633789062,79.79000091552734,75.66000366210938,76.4000015258789,57918809
2024-08-27,77.23999786376953,78.30000305175781,76.5999984741211,77.5,32622346
2024-08-28,77.94999694824219,79.7300033569336,77.66000366210938,78.95999908447266,47724768
2024-08-29,78.66999816894531,78.69000244140625,76.19999694824219,77.0,41938870
2024-08-30,77.30000305175781,77.58000183105469,75.12000274658203,75.83999633789062,63934257
2024-09-02,75.83999633789062,76.0999984741211,72.5,73.80999755859375,71966033
2024-09-03,73.80999755859375,76.37000274658203,73.54000091552734,74.47000122070312,49347993
2024-09-04,74.4000015258789,74.9000015258789,73.30000305175781,74.16000366210938,28321394
2024-09-05,75.69999694824219,77.08999633789062,74.66000366210938,76.0,56483144
2024-09-06,76.75,77.3499984741211,74.51000213623047,74.72000122070312,43635971
2024-09-09,75.27999877929688,77.27999877929688,72.81999969482422,74.33999633789062,87247821
2024-09-10,75.83000183105469,78.05000305175781,75.33999633789062,78.05000305175781,144759489
2024-09-11,79.33999633789062,81.94999694824219,79.0999984741211,81.94999694824219,121404214
2024-09-12,86.0,86.04000091552734,80.41000366210938,81.69999694824219,186025037
2024-09-13,82.13999938964844,84.5,80.80000305175781,83.11000061035156,82750388
2024-09-16,83.87999725341797,85.8499984741211,83.66000366210938,84.69999694824219,67945786
2024-09-17,85.18000030517578,85.4000015258789,80.56999969482422,82.0,61029140
2024-09-18,82.19999694824219,82.9800033569336,80.5199966430664,80.81999969482422,37668180
2024-09-19,81.88999938964844,83.0,78.0,80.97000122070312,60446356
2024-09-20,82.23999786376953,84.0,81.30999755859375,83.44999694824219,74313107
2024-09-23,84.19000244140625,84.98999786376953,82.69999694824219,82.88999938964844,35307207
2024-09-24,83.0,84.19999694824219,82.31999969482422,83.79000091552734,34414038
2024-09-25,83.69999694824219,83.69999694824219,82.5,82.95999908447266,27040040
2024-09-26,82.94999694824219,83.36000061035156,81.5,81.83999633789062,24929699
2024-09-27,81.75,82.7699966430664,80.5,81.08999633789062,42523359
2024-09-30,80.80000305175781,81.58000183105469,79.37000274658203,80.05000305175781,42376466
2024-10-01,80.30000305175781,81.52999877929688,79.5,79.73999786376953,27494973
2024-10-03,76.73999786376953,78.5999984741211,75.75,75.75,79766127
2024-10-04,74.8499984741211,76.6500015258789,72.22000122070312,74.66999816894531,77974009
2024-10-07,75.63999938964844,76.48999786376953,70.93000030517578,70.93000030517578,76807728
2024-10-08,68.0999984741211,74.19999694824219,66.0999984741211,73.63999938964844,135896990
2024-10-09,74.58999633789062,80.5999984741211,74.55000305175781,76.69000244140625,136134618
2024-10-10,77.5,77.88999938964844,74.66999816894531,75.44000244140625,71016473
2024-10-11,75.75,76.06999969482422,74.25,74.38999938964844,32799505
2024-10-14,74.6500015258789,75.0,73.75,74.01000213623047,24979009
2024-10-15,74.0999984741211,74.23999786376953,72.1500015258789,73.70999908447266,42418804
2024-10-16,73.70999908447266,75.6500015258789,73.5199966430664,75.05000305175781,47156496
2024-10-17,75.38999938964844,75.44999694824219,72.4000015258789,73.01000213623047,32194681
2024-10-18,72.9000015258789,73.3499984741211,71.0999984741211,72.19000244140625,36018706
2024-10-21,72.48999786376953,72.7699966430664,70.30000305175781,70.62999725341797,27026007
2024-10-22,70.58999633789062,71.30000305175781,67.5,68.55999755859375,67732028
2024-10-23,67.30000305175781,69.94000244140625,66.0999984741211,68.8499984741211,55215451
2024-10-24,69.08000183105469,71.13999938964844,68.4000015258789,69.1500015258789,35058205
2024-10-25,69.87999725341797,70.30000305175781,66.0,67.47000122070312,49452859
2024-10-28,68.0,72.5999984741211,66.13999938964844,70.83999633789062,81820533
2024-10-29,72.75,73.5,66.81999969482422,68.87000274658203,129971042
2024-10-30,68.98999786376953,69.62999725341797,67.55999755859375,68.12999725341797,52761387
2024-10-31,67.95999908447266,68.44000244140625,66.69999694824219,66.94999694824219,41454018
2024-11-01,67.30000305175781,68.4000015258789,67.19999694824219,68.13999938964844,14965199
2024-11-04,68.19000244140625,68.23999786376953,65.19999694824219,66.31999969482422,55381082
2024-11-05,66.30000305175781,68.25,65.52999877929688,67.37000274658203,45626050
2024-11-06,68.0,69.8499984741211,67.41999816894531,69.31999969482422,50008246
2024-11-07,69.44999694824219,69.44999694824219,66.44000244140625,66.80000305175781,49354800
2024-11-08,66.58999633789062,66.58999633789062,61.84000015258789,62.5,86095752
2024-11-11,61.5,63.13999938964844,58.560001373291016,62.15999984741211,128104971
2024-11-12,62.15999984741211,62.869998931884766,59.099998474121094,59.38999938964844,67563924
2024-11-13,58.0,59.279998779296875,53.45000076293945,54.029998779296875,194511406
2024-11-14,54.029998779296875,56.72999954223633,53.650001525878906,56.72999954223633,56957801
2024-11-18,59.45000076293945,59.560001373291016,56.79999923706055,59.2599983215332,119110598
2024-11-19,60.5,62.220001220703125,59.41999816894531,62.220001220703125,74476083
2024-11-21,63.900001525878906,65.33000183105469,63.5,65.33000183105469,131579845
2024-11-22,66.80000305175781,68.33000183105469,64.5999984741211,65.22000122070312,130345329
2024-11-25,67.0,67.5,63.709999084472656,64.2300033569336,123922270
2024-11-26,64.63999938964844,64.8499984741211,63.29999923706055,63.56999969482422,35463228
2024-11-27,63.880001068115234,64.29000091552734,62.709999084472656,63.59000015258789,37152591
2024-11-28,63.689998626708984,65.5,62.900001525878906,63.72999954223633,42559541
2024-11-29,63.900001525878906,64.22000122070312,62.40999984741211,62.97999954223633,54815057
2024-12-02,63.11000061035156,66.12000274658203,62.279998779296875,66.12000274658203,61128869
2024-12-03,66.79000091552734,67.30000305175781,65.0,65.4000015258789,91100475
2024-12-04,65.9000015258789,68.44999694824219,65.33999633789062,67.72000122070312,97607170
2024-12-05,68.19999694824219,68.80000305175781,66.87999725341797,68.26000213623047,56295912
2024-12-06,68.0,68.38999938964844,67.27999877929688,67.38999938964844,38528682
2024-12-09,67.37999725341797,67.80000305175781,66.4000015258789,67.36000061035156,34635931
2024-12-10,67.30000305175781,67.36000061035156,65.86000061035156,66.55000305175781,29542425
2024-12-11,66.41999816894531,67.19999694824219,65.8499984741211,66.12000274658203,32530712
2024-12-12,65.61000061035156,66.43000030517578,64.86000061035156,65.69999694824219,33619161
2024-12-13,65.5,67.68000030517578,65.26000213623047,66.19999694824219,47952699
2024-12-16,67.5,68.62000274658203,66.16000366210938,66.36000061035156,56788124
2024-12-17,66.36000061035156,69.66999816894531,66.20999908447266,69.55999755859375,188345914
2024-12-18,69.80000305175781,70.18000030517578,67.37000274658203,67.94999694824219,68899550
2024-12-19,66.5,68.58000183105469,66.19999694824219,67.05000305175781,56237783
2024-12-20,67.55000305175781,67.79000091552734,63.95000076293945,64.12999725341797,55042543
2024-12-23,65.16000366210938,65.16000366210938,63.279998779296875,63.86000061035156,30077026
2024-12-24,63.97999954223633,65.37999725341797,63.77000045776367,64.87000274658203,24810689
2024-12-26,64.98999786376953,65.1500015258789,63.869998931884766,64.33999633789062,19522002
2024-12-27,64.5,64.7300033569336,63.0,63.25,20617504
2024-12-30,63.189998626708984,63.88999938964844,61.11000061035156,61.41999816894531,50198161
2024-12-31,61.4900016784668,62.41999816894531,61.060001373291016,62.220001220703125,34983814
2025-01-01,62.63999938964844,65.33000183105469,62.06999969482422,65.33000183105469,62229972
2025-01-02,65.0,65.0999984741211,62.54999923706055,62.91999816894531,67889756
2025-01-03,63.0,63.25,61.79999923706055,61.95000076293945,42686992
2025-01-06,62.04999923706055,62.119998931884766,58.849998474121094,58.849998474121094,62445389
2025-01-07,58.060001373291016,61.790000915527344,58.060001373291016,60.880001068115234,59115926
2025-01-08,60.79999923706055,61.0,59.0,60.029998779296875,37159538
2025-01-09,60.34000015258789,60.349998474121094,57.650001525878906,57.880001068115234,35053006
2025-01-10,58.0,58.150001525878906,55.5,55.56999969482422,64397011
2025-01-13,54.5,57.0,53.97999954223633,54.45000076293945,92083914
2025-01-14,55.20000076293945,57.16999816894531,55.11000061035156,57.16999816894531,41045252
2025-01-15,57.16999816894531,59.79999923706055,56.810001373291016,57.2599983215332,65243228
2025-01-16,58.7599983215332,59.189998626708984,56.70000076293945,56.869998931884766,39797323
2025-01-17,57.0,57.38999938964844,55.939998626708984,56.84000015258789,41806502
2025-01-20,57.52000045776367,58.790000915527344,56.2599983215332,58.09000015258789,49547406
2025-01-21,58.349998474121094,58.470001220703125,56.349998474121094,57.43000030517578,33972001
2025-01-22,57.43000030517578,57.84000015258789,54.54999923706055,55.119998931884766,48986568
2025-01-23,55.119998931884766,56.63999938964844,54.189998626708984,54.310001373291016,49582278
2025-01-24,54.900001525878906,54.9900016784668,52.150001525878906,52.540000915527344,64210167
2025-01-27,52.400001525878906,52.47999954223633,49.90999984741211,50.22999954223633,66288203
2025-01-28,50.59000015258789,51.59000015258789,47.810001373291016,50.2599983215332,86563217
2025-01-29,52.77000045776367,52.77000045776367,52.77000045776367,52.77000045776367,13990368
2025-01-30,55.400001525878906,55.400001525878906,55.400001525878906,55.400001525878906,10961611
2025-01-31,57.0,58.16999816894531,56.54999923706055,58.16999816894531,111500110
2025-02-01,60.5,61.06999969482422,56.5099983215332,58.15999984741211,168912946
2025-02-03,57.779998779296875,59.099998474121094,55.40999984741211,56.369998931884766,93425367
2025-02-04,57.189998626708984,57.97999954223633,55.959999084472656,56.91999816894531,42367489
2025-02-05,57.2400016784668,57.77000045776367,55.77000045776367,55.900001525878906,37787329
2025-02-06,55.90999984741211,56.380001068115234,54.54999923706055,54.91999816894531,31769107
2025-02-07,54.970001220703125,55.08000183105469,52.91999816894531,53.61000061035156,38821987
2025-02-10,53.38999938964844,54.38999938964844,52.310001373291016,52.720001220703125,31170558
2025-02-11,52.849998474121094,53.04999923706055,50.31999969482422,51.9900016784668,49471491
2025-02-12,51.9900016784668,52.9900016784668,49.04999923706055,52.400001525878906,69163693
2025-02-13,52.810001373291016,53.95000076293945,52.290000915527344,53.349998474121094,41607228
2025-02-14,53.54999923706055,53.880001068115234,50.45000076293945,51.13999938964844,45983899
2025-02-17,51.0,51.689998626708984,49.5,51.41999816894531,46742293
2025-02-18,51.0,51.349998474121094,49.4900016784668,50.63999938964844,38970008
2025-02-19,50.29999923706055,55.279998779296875,49.84000015258789,54.15999984741211,71927816
2025-02-20,54.0,55.349998474121094,53.25,54.880001068115234,38873355
2025-02-21,54.900001525878906,56.29999923706055,54.29999923706055,55.16999816894531,56799902
2025-02-24,54.599998474121094,54.70000076293945,53.45000076293945,54.290000915527344,43162800
2025-02-25,54.290000915527344,55.08000183105469,54.27000045776367,54.58000183105469,21791959
2025-02-27,54.63999938964844,54.939998626708984,51.75,52.130001068115234,39073334
2025-02-28,51.209999084472656,51.900001525878906,49.5099983215332,49.709999084472656,93211241
2025-03-03,50.04999923706055,51.189998626708984,46.599998474121094,49.779998779296875,108578059
2025-03-04,48.849998474121094,51.4900016784668,48.52000045776367,50.11000061035156,67731679
2025-03-05,50.599998474121094,52.04999923706055,50.5099983215332,51.4900016784668,72632328
2025-03-06,52.689998626708984,52.88999938964844,51.720001220703125,52.099998474121094,56090540
2025-03-07,51.9900016784668,56.939998626708984,51.599998474121094,54.91999816894531,106855231
2025-03-10,55.11000061035156,56.790000915527344,52.7599983215332,53.2400016784668,81450055
2025-03-11,52.02000045776367,54.150001525878906,51.630001068115234,53.7599983215332,58522186
2025-03-12,54.060001373291016,54.45000076293945,52.77000045776367,53.849998474121094,48314005
2025-03-13,54.349998474121094,55.0,53.619998931884766,54.58000183105469,43837645
2025-03-17,54.7400016784668,56.5,54.25,54.5,54133917
2025-03-19,55.38999938964844,58.0,55.34000015258789,57.7599983215332,79465967
2025-03-20,58.900001525878906,59.400001525878906,56.68000030517578,58.38999938964844,51729766
2025-03-21,58.380001068115234,58.650001525878906,55.939998626708984,56.5,104724888
2025-03-24,57.689998626708984,58.36000061035156,57.04999923706055,57.90999984741211,58367956
2025-03-25,58.459999084472656,59.47999954223633,57.04999923706055,57.650001525878906,66615843
2025-03-26,57.900001525878906,58.630001068115234,56.29999923706055,57.43000030517578,52250161
2025-03-27,57.11000061035156,57.939998626708984,56.439998626708984,57.0099983215332,49678644
2025-03-28,57.36000061035156,58.400001525878906,56.400001525878906,56.65999984741211,43376048
2025-04-01,55.5,56.97999954223633,55.11000061035156,55.75,40810312
2025-04-02,55.84000015258789,57.7400016784668,54.36000061035156,57.43000030517578,49530064
2025-04-03,56.209999084472656,57.81999969482422,56.20000076293945,57.4900016784668,42914792
2025-04-04,57.4900016784668,57.5,54.65999984741211,55.36000061035156,51863551
2025-04-07,46.900001525878906,53.099998474121094,46.150001525878906,52.119998931884766,81905901
2025-04-08,54.34000015258789,54.34000015258789,52.72999954223633,53.08000183105469,40949448
2025-04-09,53.06999969482422,53.7599983215332,51.0099983215332,51.209999084472656,50850121
2025-04-11,53.959999084472656,53.959999084472656,52.15999984741211,53.0,49591603
2025-04-15,54.880001068115234,55.65999984741211,53.90999984741211,54.369998931884766,58941572
2025-04-16,54.5099983215332,54.88999938964844,53.849998474121094,54.34000015258789,34690956
2025-04-17,54.33000183105469,55.720001220703125,54.0099983215332,55.06999969482422,54279879
2025-04-21,55.54999923706055,61.099998474121094,55.5,60.290000915527344,169658526
2025-04-22,60.95000076293945,61.58000183105469,59.02000045776367,59.27000045776367,89155646
2025-04-23,59.68000030517578,60.16999816894531,58.130001068115234,59.9900016784668,97968387
2025-04-24,60.0,61.4900016784668,59.720001220703125,60.11000061035156,97850644
2025-04-25,60.310001373291016,60.45000076293945,56.720001220703125,58.29999923706055,104362729
2025-04-28,57.5,58.4900016784668,57.0,57.779998779296875,50641247
2025-04-29,58.0,59.5,57.349998474121094,57.70000076293945,51629064
2025-04-30,57.70000076293945,57.900001525878906,56.0,56.400001525878906,55507075
2025-05-02,56.15999984741211,56.9900016784668,55.86000061035156,56.130001068115234,35493371
2025-05-05,56.5,57.25,56.349998474121094,56.91999816894531,30173749
2025-05-06,57.0,57.4900016784668,53.41999816894531,53.7400016784668,59698908
2025-05-07,52.400001525878906,55.18000030517578,52.400001525878906,54.70000076293945,100831859
2025-05-08,55.5,55.97999954223633,52.79999923706055,53.150001525878906,65062799
2025-05-09,51.25,53.0,51.099998474121094,52.66999816894531,68598385
2025-05-12,56.2400016784668,57.400001525878906,55.2400016784668,56.95000076293945,89597903
2025-05-13,57.20000076293945,58.16999816894531,56.709999084472656,57.599998474121094,55623455
2025-05-14,57.900001525878906,60.400001525878906,57.400001525878906,59.91999816894531,97734016
2025-05-15,60.400001525878906,61.77000045776367,60.099998474121094,61.220001220703125,79989466
2025-05-16,61.599998474121094,62.130001068115234,60.349998474121094,61.08000183105469,77800547
2025-05-19,61.209999084472656,62.599998474121094,61.119998931884766,61.529998779296875,53353255
2025-05-20,61.95000076293945,62.189998626708984,60.099998474121094,60.349998474121094,64416562
2025-05-21,60.20000076293945,61.650001525878906,59.349998474121094,61.279998779296875,57916922
2025-05-22,61.0,61.720001220703125,60.349998474121094,61.0099983215332,43220436
2025-05-23,61.45000076293945,62.900001525878906,60.65999984741211,62.209999084472656,90698519
2025-05-26,62.83000183105469,65.94999694824219,62.7400016784668,64.37000274658203,127004476
2025-05-27,64.9000015258789,66.0,63.61000061035156,65.38999938964844,125848116
2025-05-28,65.70999908447266,68.5,65.51000213623047,66.31999969482422,162393521
2025-05-29,67.19000244140625,67.61000061035156,64.75,65.41999816894531,106020315
2025-05-30,71.5,74.30000305175781,70.55000305175781,71.4800033569336,547640042
2025-06-02,72.19999694824219,73.5,70.70999908447266,71.19000244140625,173588228
2025-06-03,71.69999694824219,72.4000015258789,67.9000015258789,68.1500015258789,166631797
2025-06-04,68.3499984741211,68.58000183105469,66.5,66.72000122070312,125734824
2025-06-05,67.0,68.5999984741211,66.5,66.7699966430664,116558636
2025-06-06,67.4000015258789,67.5,66.0999984741211,66.70999908447266,75950376
2025-06-09,67.75,68.30000305175781,67.0,67.12999725341797,110914040
2025-06-10,67.83000183105469,69.5,66.80000305175781,68.29000091552734,158113094
2025-06-11,68.5999984741211,69.4000015258789,67.12000274658203,67.58999633789062,99916334
2025-06-12,67.75,67.88999938964844,65.5,65.68000030517578,91116082
2025-06-13,64.19000244140625,65.4800033569336,63.31999969482422,64.7300033569336,90307455
2025-06-16,64.5,65.80000305175781,63.15999984741211,65.41000366210938,82798745
2025-06-17,65.41000366210938,65.87000274658203,64.11000061035156,64.5199966430664,62347373
2025-06-18,64.5199966430664,65.23999786376953,63.810001373291016,64.06999969482422,49246678
2025-06-19,64.0,64.4000015258789,61.7599983215332,62.529998779296875,90679408
2025-06-20,62.560001373291016,64.4800033569336,62.41999816894531,63.22999954223633,155351419
2025-06-23,62.599998474121094,63.20000076293945,62.04999923706055,62.790000915527344,48152988
2025-06-24,63.70000076293945,64.66999816894531,63.2599983215332,64.38999938964844,84498836
2025-06-25,64.9000015258789,64.9000015258789,63.90999984741211,64.31999969482422,51596980
2025-06-26,64.54000091552734,65.56999969482422,64.08000183105469,64.52999877929688,63684828
2025-06-27,64.80000305175781,67.69999694824219,64.44999694824219,67.31999969482422,157324744
2025-06-30,67.6500015258789,68.16999816894531,66.5,67.72000122070312,100164317
2025-07-01,67.72000122070312,68.12000274658203,67.01000213623047,67.19999694824219,49316098
2025-07-02,67.37999725341797,67.5199966430664,64.4000015258789,64.79000091552734,72931988
2025-07-03,65.4000015258789,66.20999908447266,64.91999816894531,65.2699966430664,48302742
2025-07-04,65.5,65.69999694824219,64.91999816894531,65.52999877929688,32254269
2025-07-07,65.80000305175781,66.58999633789062,65.12999725341797,65.87999725341797,41996456
2025-07-08,65.79000091552734,66.5,65.30000305175781,66.26000213623047,40707600
2025-07-09,66.47000122070312,66.8499984741211,65.72000122070312,65.94000244140625,39940889
2025-07-10,66.0,66.54000091552734,65.51000213623047,65.97000122070312,31012486
2025-07-11,65.97000122070312,66.26000213623047,65.25,65.91999816894531,32762054
2025-07-14,66.22000122070312,66.44000244140625,65.26000213623047,65.44000244140625,37954638
2025-07-15,65.47000122070312,67.4000015258789,65.47000122070312,67.16999816894531,68141681
2025-07-16,67.30000305175781,68.30000305175781,66.8499984741211,67.02999877929688,52713937
2025-07-17,67.0999984741211,67.13999938964844,66.05000305175781,66.26000213623047,31477927
2025-07-18,66.26000213623047,66.58999633789062,64.7699966430664,65.05999755859375,37155281
2025-07-21,65.23999786376953,66.5,65.0,66.41999816894531,35813725
2025-07-22,66.68000030517578,66.77999877929688,65.69999694824219,66.58000183105469,35735857
2025-07-23,66.0999984741211,66.44000244140625,65.5199966430664,65.9800033569336,32844030
2025-07-24,65.9800033569336,66.23999786376953,65.05000305175781,65.31999969482422,25857103
2025-07-25,65.30000305175781,65.31999969482422,62.83000183105469,63.619998931884766,55135489
2025-07-28,63.5,63.54999923706055,60.650001525878906,60.849998474121094,63833967
2025-07-29,60.689998626708984,62.61000061035156,59.95000076293945,61.790000915527344,53322991
2025-07-30,61.97999954223633,62.04999923706055,61.0099983215332,61.209999084472656,26142390
2025-07-31,60.04999923706055,62.02000045776367,59.779998779296875,61.599998474121094,52270070
2025-08-01,62.29999923706055,66.80000305175781,62.29999923706055,65.94999694824219,282885799
2025-08-04,66.5999984741211,66.80999755859375,64.6500015258789,65.0,72002898
2025-08-05,65.0,66.0999984741211,64.87000274658203,65.44000244140625,49369073
2025-08-06,65.77999877929688,65.8499984741211,64.56999969482422,65.26000213623047,47280146
2025-08-07,64.80999755859375,65.26000213623047,62.209999084472656,64.20999908447266,75542321
2025-08-08,64.5,64.5199966430664,62.959999084472656,63.189998626708984,44361456
2025-08-11,63.20000076293945,64.77999877929688,62.88999938964844,63.31999969482422,56446107
2025-08-12,64.19999694824219,64.94999694824219,62.56999969482422,63.130001068115234,98199194
2025-08-13,63.150001525878906,63.79999923706055,60.099998474121094,60.380001068115234,173116275
2025-08-14,60.68000030517578,60.9900016784668,60.0,60.060001373291016,61474611
2025-08-18,61.5,61.63999938964844,56.619998931884766,58.06999969482422,175241892
2025-08-19,58.25,59.75,57.720001220703125,59.59000015258789,100339049
2025-08-20,59.650001525878906,60.349998474121094,59.20000076293945,59.849998474121094,59028795
2025-08-21,60.15999984741211,60.2400016784668,58.0099983215332,58.15999984741211,53042863
2025-08-22,58.38999938964844,59.290000915527344,58.060001373291016,58.5099983215332,67410588
2025-08-25,59.040000915527344,59.040000915527344,57.36000061035156,57.43000030517578,55015151
2025-08-26,57.040000915527344,57.45000076293945,56.61000061035156,56.970001220703125,54251386
2025-08-28,57.310001373291016,57.310001373291016,55.88999938964844,56.31999969482422,57742437
2025-08-29,56.349998474121094,57.150001525878906,55.529998779296875,56.43000030517578,66053084
2025-09-01,56.900001525878906,57.97999954223633,56.56999969482422,57.86000061035156,62787374
2025-09-02,58.45000076293945,59.099998474121094,57.900001525878906,58.25,72989341
2025-09-03,58.25,58.720001220703125,57.900001525878906,57.9900016784668,44161578
2025-09-04,58.7400016784668,58.900001525878906,57.27000045776367,57.41999816894531,45523685
2025-09-05,57.63999938964844,58.150001525878906,57.29999923706055,57.869998931884766,36924536
2025-09-08,58.099998474121094,58.25,57.349998474121094,57.45000076293945,31288449
2025-09-09,57.72999954223633,57.75,57.0,57.060001373291016,28437335
2025-09-10,57.29999923706055,58.029998779296875,57.209999084472656,57.56999969482422,37061910
2025-09-11,57.56999969482422,58.040000915527344,56.880001068115234,56.939998626708984,35651527
2025-09-12,57.2599983215332,57.41999816894531,56.72999954223633,57.11000061035156,30872715
2025-09-15,57.38999938964844,58.45000076293945,57.20000076293945,58.06999969482422,47861584
2025-09-16,58.29999923706055,59.650001525878906,58.290000915527344,58.97999954223633,83962341
2025-09-17,60.0,60.08000183105469,58.75,59.290000915527344,63663995
2025-09-18,59.40999984741211,59.65999984741211,58.75,59.08000183105469,34615017
2025-09-19,59.25,60.61000061035156,59.060001373291016,60.400001525878906,84643232
2025-09-22,60.400001525878906,60.970001220703125,59.66999816894531,59.93000030517578,62077740
2025-09-23,60.0,60.130001068115234,58.630001068115234,58.75,43152416
2025-09-24,58.779998779296875,58.880001068115234,57.36000061035156,57.5,36883372
2025-09-25,57.5,58.20000076293945,56.45000076293945,56.63999938964844,38206699
2025-09-26,56.959999084472656,57.22999954223633,55.150001525878906,55.279998779296875,54393034
2025-09-29,55.70000076293945,56.36000061035156,55.150001525878906,55.279998779296875,49687799
2025-09-30,55.380001068115234,55.459999084472656,54.40999984741211,55.04999923706055,57639009
2025-10-01,55.04999923706055,55.36000061035156,54.599998474121094,55.18000030517578,46144026
2025-10-03,55.439998626708984,55.47999954223633,53.849998474121094,54.459999084472656,69042422
2025-10-06,55.0,55.16999816894531,53.91999816894531,54.11000061035156,45009790
2025-10-07,54.349998474121094,54.79999923706055,53.95000076293945,54.0099983215332,50646458
2025-10-08,54.130001068115234,54.13999938964844,52.65999984741211,52.77000045776367,60453406
2025-10-09,52.79999923706055,53.529998779296875,52.54999923706055,53.16999816894531,63749358
2025-10-10,53.29999923706055,54.75,53.22999954223633,54.310001373291016,58987213
2025-10-13,54.290000915527344,54.47999954223633,53.720001220703125,54.349998474121094,44487704
2025-10-14,54.650001525878906,54.70000076293945,53.619998931884766,53.95000076293945,40526897
2025-10-15,54.209999084472656,54.599998474121094,53.58000183105469,53.72999954223633,56703266
2025-10-16,53.93000030517578,54.20000076293945,53.40999984741211,53.61000061035156,48868416
2025-10-17,53.61000061035156,53.95000076293945,52.0,52.91999816894531,173663310
2025-10-20,53.189998626708984,53.689998626708984,52.91999816894531,53.09000015258789,34409429
2025-10-21,53.599998474121094,54.34000015258789,53.400001525878906,54.18000030517578,22821584
2025-10-23,54.540000915527344,55.25,54.220001220703125,54.529998779296875,76480331
2025-10-24,54.68000030517578,55.18000030517578,53.650001525878906,53.81999969482422,44370005
2025-10-27,54.099998474121094,54.15999984741211,53.630001068115234,53.709999084472656,24719719
2025-10-28,53.709999084472656,56.470001220703125,53.599998474121094,56.220001220703125,134473878
2025-10-29,56.439998626708984,58.779998779296875,55.97999954223633,58.189998626708984,154967971
2025-10-30,58.5,59.33000183105469,57.91999816894531,58.5099983215332,83463327
2025-10-31,58.779998779296875,60.18000030517578,58.65999984741211,59.29999923706055,108026021
2025-11-03,59.470001220703125,59.880001068115234,58.529998779296875,59.2400016784668,75149800
2025-11-04,59.59000015258789,61.369998931884766,58.83000183105469,59.9900016784668,317089760
2025-11-06,61.5,61.5,59.459999084472656,59.61000061035156,147235071
2025-11-07,59.5,59.5,56.93000030517578,57.380001068115234,122840652
2025-11-10,57.900001525878906,58.20000076293945,57.0099983215332,57.43000030517578,63054794
2025-11-11,57.599998474121094,58.04999923706055,56.86000061035156,57.81999969482422,50483890
2025-11-12,58.20000076293945,58.95000076293945,57.66999816894531,58.47999954223633,53042828
2025-11-13,58.290000915527344,58.34000015258789,57.40999984741211,57.58000183105469,40221624
2025-11-14,57.5,58.290000915527344,57.029998779296875,57.68000030517578,41214942
2025-11-17,57.79999923706055,58.15999984741211,57.5,57.70000076293945,36049802
2025-11-18,57.880001068115234,57.880001068115234,56.70000076293945,56.900001525878906,29797672
2025-11-19,56.95000076293945,57.08000183105469,56.29999923706055,56.529998779296875,35976206
2025-11-20,56.599998474121094,57.150001525878906,56.52000045776367,56.70000076293945,37658777
2025-11-21,56.66999816894531,56.720001220703125,55.0,55.099998474121094,42894379
2025-11-24,55.099998474121094,55.540000915527344,54.400001525878906,54.61000061035156,96347031
2025-11-25,54.5,54.95000076293945,54.11000061035156,54.189998626708984,36680917
2025-11-26,54.20000076293945,55.689998626708984,54.13999938964844,55.58000183105469,43866679
2025-11-27,55.70000076293945,55.900001525878906,54.810001373291016,54.93000030517578,28645872
2025-11-28,55.0,55.0,53.75,54.0099983215332,52551047
2025-12-01,54.29999923706055,54.7400016784668,53.52000045776367,53.720001220703125,33170385
2025-12-02,53.75,54.099998474121094,53.209999084472656,53.41999816894531,41115861
2025-12-03,53.43000030517578,53.650001525878906,52.220001220703125,52.59000015258789,42825048
2025-12-04,52.650001525878906,52.84000015258789,50.599998474121094,50.849998474121094,76794810
2025-12-05,51.130001068115234,52.150001525878906,50.75,51.7400016784668,61141969
2025-12-08,52.0099983215332,53.0,51.56999969482422,51.779998779296875,97482417
2025-12-09,51.9900016784668,52.77000045776367,51.0,52.54999923706055,64804664
2025-12-10,52.79999923706055,53.20000076293945,51.349998474121094,51.540000915527344,59123651
2025-12-11,51.70000076293945,52.439998626708984,51.31999969482422,52.040000915527344,52982896
2025-12-12,52.5,53.099998474121094,52.5,53.02000045776367,42524157
2025-12-15,52.9900016784668,53.349998474121094,52.54999923706055,53.13999938964844,30122901
2025-12-16,53.13999938964844,53.13999938964844,52.25,52.66999816894531,33821093
2025-12-17,52.599998474121094,52.650001525878906,51.79999923706055,51.939998626708984,30348315
2025-12-18,51.90999984741211,52.0,51.31999969482422,51.779998779296875,30872497
2025-12-19,51.79999923706055,52.75,51.540000915527344,52.59000015258789,37121138
2025-12-22,52.900001525878906,53.7400016784668,52.79999923706055,53.5099983215332,38903607
2025-12-23,53.5099983215332,53.84000015258789,53.31999969482422,53.619998931884766,30259539
2025-12-24,53.59000015258789,55.04999923706055,53.15999984741211,53.29999923706055,44076962
2025-12-26,53.29999923706055,54.130001068115234,53.099998474121094,53.20000076293945,41885960
2025-12-29,53.439998626708984,53.849998474121094,52.61000061035156,52.72999954223633,35515877
2025-12-30,52.72999954223633,52.79999923706055,51.810001373291016,52.0,101385408
2025-12-31,52.0,53.15999984741211,51.90999984741211,52.66999816894531,38744091
2026-01-01,52.709999084472656,52.97999954223633,52.04999923706055,52.470001220703125,26749342
2026-01-02,52.59000015258789,54.400001525878906,52.439998626708984,54.279998779296875,59517999
2026-01-05,54.400001525878906,54.540000915527344,53.29999923706055,53.66999816894531,40693570
2026-01-06,53.70000076293945,53.9900016784668,52.869998931884766,53.45000076293945,31119731
2026-01-07,53.29999923706055,53.689998626708984,52.66999816894531,52.900001525878906,48744390
2026-01-08,52.900001525878906,53.40999984741211,50.650001525878906,50.93000030517578,59316617
2026-01-09,50.81999969482422,51.09000015258789,48.869998931884766,49.20000076293945,89917429
2026-01-12,49.29999923706055,49.380001068115234,47.900001525878906,49.20000076293945,66498246
2026-01-13,49.54999923706055,49.70000076293945,47.79999923706055,48.689998626708984,75354673
2026-01-14,48.4900016784668,49.79999923706055,48.15999984741211,49.0099983215332,55863563
2026-01-16,49.02000045776367,49.36000061035156,48.150001525878906,48.45000076293945,105047207
2026-01-19,48.689998626708984,48.91999816894531,47.45000076293945,47.97999954223633,52924798
2026-01-20,47.97999954223633,48.33000183105469,46.20000076293945,46.34000015258789,60935304
2026-01-21,46.29999923706055,46.689998626708984,45.369998931884766,45.529998779296875,78076574
2026-01-22,46.400001525878906,47.20000076293945,45.75,46.9900016784668,56239464
2026-01-23,47.400001525878906,47.400001525878906,45.54999923706055,45.70000076293945,49252985
2026-01-27,45.849998474121094,46.25,44.880001068115234,45.790000915527344,62941841
2026-01-28,46.0099983215332,48.0,46.0099983215332,47.79999923706055,59993734
2026-01-29,48.029998779296875,48.09000015258789,46.630001068115234,47.439998626708984,55397230
2026-01-30,47.43000030517578,47.970001220703125,46.790000915527344,47.66999816894531,60762661
2026-02-02,46.5,47.25,45.40999984741211,46.9900016784668,45471127
2026-02-03,49.310001373291016,49.689998626708984,48.41999816894531,49.15999984741211,78516505
2026-02-04,49.2599983215332,50.0,48.79999923706055,49.77000045776367,55580192
2026-02-05,50.0,50.02000045776367,47.0,47.849998474121094,121302173
2026-02-06,47.849998474121094,48.20000076293945,47.25,48.040000915527344,57960744
2026-02-09,48.2599983215332,48.56999969482422,47.61000061035156,48.189998626708984,51743958
2026-02-10,48.20000076293945,48.38999938964844,47.54999923706055,47.689998626708984,40362194
2026-02-11,47.709999084472656,47.7400016784668,46.70000076293945,47.380001068115234,57124692
2026-02-12,47.29999923706055,47.54999923706055,46.720001220703125,46.810001373291016,38946281
2026-02-13,46.599998474121094,46.7400016784668,45.54999923706055,45.66999816894531,52618195
2026-02-16,45.66999816894531,46.33000183105469,45.34000015258789,46.209999084472656,39325966
2026-02-17,46.189998626708984,46.56999969482422,45.709999084472656,45.939998626708984,39827932
2026-02-18,45.95000076293945,46.290000915527344,45.810001373291016,46.09000015258789,22066437
2026-02-19,46.04999923706055,46.38999938964844,45.0,45.25,36681650
2026-02-20,45.20000076293945,45.349998474121094,44.2599983215332,44.459999084472656,61647383
2026-02-23,44.560001373291016,44.959999084472656,43.83000183105469,44.25,49442100
2026-02-24,44.25,44.38999938964844,43.36000061035156,44.130001068115234,56568697
2026-02-25,44.34000015258789,44.7400016784668,42.599998474121094,43.18000030517578,75839738
2026-02-26,43.18000030517578,43.900001525878906,42.869998931884766,43.27000045776367,49800911
2026-02-27,43.27000045776367,43.29999923706055,42.45000076293945,42.66999816894531,85724851
2026-03-02,39.130001068115234,41.790000915527344,39.130001068115234,40.95000076293945,116013965
2026-03-04,40.20000076293945,40.54999923706055,39.70000076293945,39.93000030517578,71113339
2026-03-05,40.25,40.63999938964844,39.220001220703125,40.25,89173308
2026-03-06,40.25,40.9900016784668,39.849998474121094,39.9900016784668,63058597
2026-03-09,39.4900016784668,39.7599983215332,38.189998626708984,39.619998931884766,71721599
2026-03-10,40.380001068115234,41.63999938964844,40.0,41.45000076293945,70866917
2026-03-11,41.720001220703125,42.060001373291016,41.400001525878906,41.619998931884766,64189593
2026-03-12,41.5099983215332,43.540000915527344,40.93000030517578,42.43000030517578,108432510
2026-03-13,42.41999816894531,42.83000183105469,40.97999954223633,41.40999984741211,79497665
2026-03-16,41.4900016784668,42.22999954223633,40.720001220703125,41.0099983215332,81266796
2026-03-17,41.5,41.599998474121094,40.5099983215332,41.27000045776367,70423021
2026-03-18,41.34000015258789,42.29999923706055,41.209999084472656,42.060001373291016,58427254
2026-03-19,41.20000076293945,41.790000915527344,40.81999969482422,41.09000015258789,55593734
2026-03-20,41.400001525878906,42.72999954223633,41.34000015258789,41.95000076293945,71960845
2026-03-23,41.7599983215332,41.7599983215332,39.70000076293945,39.939998626708984,68192562
2026-03-24,41.29999923706055,41.29999923706055,39.95000076293945,41.040000915527344,65440981
2026-03-25,41.5,42.849998474121094,41.43000030517578,42.27000045776367,76079784
2026-03-27,41.849998474121094,42.04999923706055,40.599998474121094,40.81999969482422,73603173
2026-03-30,40.0,40.810001373291016,39.099998474121094,39.560001373291016,126591848
2026-04-01,41.38999938964844,41.59000015258789,40.79999923706055,41.119998931884766,58512083
2026-04-02,40.5,40.97999954223633,39.77000045776367,40.779998779296875,64825364
2026-04-06,40.900001525878906,41.72999954223633,39.84000015258789,41.59000015258789,66648727
2026-04-07,41.290000915527344,41.900001525878906,40.93000030517578,41.54999923706055,39145918
2026-04-08,43.400001525878906,44.380001068115234,42.630001068115234,44.22999954223633,98803804
2026-04-09,44.22999954223633,44.560001373291016,43.36000061035156,44.22999954223633,80302508
2026-04-10,44.47999954223633,45.650001525878906,44.380001068115234,45.31999969482422,67332752
2026-04-13,44.5,46.40999984741211,43.88999938964844,45.86000061035156,132245471
2026-04-15,47.0,49.36000061035156,46.72999954223633,49.130001068115234,215457241
2026-04-16,50.029998779296875,50.529998779296875,49.0099983215332,50.25,161130833
2026-04-17,50.790000915527344,53.7400016784668,50.56999969482422,52.93000030517578,337159969
2026-04-20,53.34000015258789,53.45000076293945,51.869998931884766,52.5,153681261
2026-04-21,52.810001373291016,53.349998474121094,52.2599983215332,53.099998474121094,114713319
2026-04-22,53.150001525878906,54.70000076293945,52.900001525878906,54.56999969482422,147736421
2026-04-23,54.5099983215332,55.04999923706055,53.52000045776367,53.72999954223633,114711783
2026-04-24,53.900001525878906,54.25,52.93000030517578,53.90999984741211,103128445
2026-04-27,54.2599983215332,57.47999954223633,54.2599983215332,56.93000030517578,215958603
2026-04-28,57.150001525878906,57.869998931884766,56.900001525878906,57.31999969482422,138320111
2026-04-29,57.75,58.060001373291016,56.400001525878906,56.810001373291016,127240966
2026-04-30,56.5,56.5,55.0,55.58000183105469,102354018
2026-05-04,56.20000076293945,56.349998474121094,54.06999969482422,54.959999084472656,103192022
2026-05-05,54.95000076293945,56.0,54.560001373291016,54.849998474121094,71812106
2026-05-06,55.290000915527344,55.310001373291016,53.310001373291016,54.31999969482422,90584507
2026-05-07,54.59000015258789,55.869998931884766,53.75,55.650001525878906,98244179
2026-05-08,55.900001525878906,55.91999816894531,54.56999969482422,54.970001220703125,56797248
2026-05-11,54.349998474121094,54.43000030517578,53.02000045776367,53.29999923706055,70005148
2026-05-12,53.0,53.959999084472656,51.310001373291016,51.52000045776367,99265010
2026-05-13,51.310001373291016,53.7400016784668,51.310001373291016,53.099998474121094,93140759
2026-05-14,53.40999984741211,53.90999984741211,52.5099983215332,53.470001220703125,70978290
2026-05-15,53.470001220703125,54.5099983215332,52.97999954223633,53.84000015258789,82878733
2026-05-18,53.47999954223633,53.47999954223633,52.150001525878906,53.25,77363520
2026-05-19,53.56999969482422,53.83000183105469,52.52000045776367,52.90999984741211,54643439
2026-05-20,52.54999923706055,52.70000076293945,52.0,52.56999969482422,46459868
2026-05-21,53.0,53.84000015258789,52.65999984741211,52.869998931884766,55852452
2026-05-22,53.16999816894531,53.95000076293945,53.0,53.75,60760806
2026-05-25,54.75,54.900001525878906,53.099998474121094,53.9900016784668,132667695
2026-05-26,53.63999938964844,55.4900016784668,53.380001068115234,54.58000183105469,173729945
2026-05-27,54.849998474121094,58.099998474121094,54.41999816894531,57.529998779296875,227745007
2026-05-29,58.0,58.41999816894531,55.599998474121094,56.9900016784668,221481859
2026-06-01,56.810001373291016,56.900001525878906,53.5,53.93000030517578,153165238
2026-06-02,52.849998474121094,54.77000045776367,52.560001373291016,54.52000045776367,103408726
2026-06-03,54.52000045776367,55.040000915527344,53.25,54.400001525878906,90350201
2026-06-04,54.25,56.0,54.029998779296875,55.619998931884766,119119491
2026-06-05,55.79999923706055,56.119998931884766,55.099998474121094,55.310001373291016,72836939
2026-06-08,54.20000076293945,55.88999938964844,53.81999969482422,54.43000030517578,76527450
2026-06-09,54.599998474121094,55.38999938964844,54.470001220703125,55.22999954223633,64855680
2026-06-10,55.220001220703125,55.45000076293945,53.810001373291016,54.08000183105469,55567213
2026-06-11,53.790000915527344,54.119998931884766,53.06999969482422,53.290000915527344,41907259
2026-06-12,54.0,55.20000076293945,53.77000045776367,55.08000183105469,64636157
2026-06-15,56.5,56.779998779296875,55.209999084472656,55.56999969482422,65026559
2026-06-16,56.119998931884766,59.2400016784668,53.900001525878906,57.91999816894531,292441954
2026-06-17,58.380001068115234,59.5,57.29999923706055,59.27000045776367,164629458
2026-06-18,59.220001220703125,59.439998626708984,58.29999923706055,58.439998626708984,82275577
2026-06-19,58.439998626708984,60.45000076293945,58.209999084472656,59.20000076293945,139917727
2026-06-22,59.470001220703125,59.7400016784668,59.04999923706055,59.310001373291016,70696950
2026-06-23,59.310001373291016,59.54999923706055,58.099998474121094,58.290000915527344,68349325
2026-06-24,58.25,58.790000915527344,57.61000061035156,57.90999984741211,63851176
2026-06-25,58.2400016784668,58.459999084472656,56.869998931884766,57.13999938964844,83934060
2026-06-29,58.0,58.0,56.93000030517578,57.209999084472656,68862375
2026-06-30,57.459999084472656,59.099998474121094,57.310001373291016,58.900001525878906,120994413
2026-07-01,59.060001373291016,59.310001373291016,58.130001068115234,58.349998474121094,58782670
2026-07-02,58.349998474121094,58.68000030517578,57.36000061035156,57.66999816894531,51175497
2026-07-03,57.93000030517578,58.119998931884766,56.2400016784668,56.869998931884766,71029555
2026-07-06,56.869998931884766,57.099998474121094,55.0099983215332,55.470001220703125,73062543
2026-07-07,55.470001220703125,55.560001373291016,54.150001525878906,54.380001068115234,56983348
2026-07-08,54.29999923706055,54.779998779296875,52.709999084472656,53.130001068115234,65132513
2026-07-09,53.130001068115234,54.290000915527344,53.06999969482422,53.70000076293945,42640345
2026-07-10,54.02000045776367,54.45000076293945,53.75,53.91999816894531,41945443
2026-07-13,53.599998474121094,53.630001068115234,52.91999816894531,53.16999816894531,40687795
2026-07-14,52.95000076293945,52.9900016784668,52.33000183105469,52.470001220703125,40748106
2026-07-15,52.470001220703125,53.4900016784668,52.310001373291016,52.41999816894531,45977388
2026-07-16,52.599998474121094,52.689998626708984,51.880001068115234,51.970001220703125,45561488
2026-07-17,51.959999084472656,52.290000915527344,51.27000045776367,51.9900016784668,111362634
2026-07-20,52.06999969482422,53.290000915527344,51.61000061035156,53.09000015258789,51555144
2026-07-21,53.09000015258789,53.5,52.849998474121094,53.16999816894531,31019284
2026-07-22,53.15999984741211,53.70000076293945,52.33000183105469,53.0099983215332,55827250
2026-07-23,52.849998474121094,53.220001220703125,52.150001525878906,52.38999938964844,47311426
2026-07-24,52.25,52.58000183105469,51.790000915527344,52.279998779296875,45263052
2026-07-27,52.5,53.20000076293945,52.220001220703125,53.150001525878906,45205048
2026-07-28,53.150001525878906,53.20000076293945,47.84000015258789,48.02000045776367,224762106
2026-07-29,48.0,48.70000076293945,45.93000030517578,47.45000076293945,221723792
2026-07-30,47.5,47.880001068115234,46.220001220703125,47.400001525878906,116150327
2026-07-31,47.560001373291016,48.18000030517578,47.130001068115234,48.0099983215332,56655652
2026-08-03,48.20000076293945,49.29999923706055,48.08000183105469,48.099998474121094,55317614
2026-08-04,48.59000015258789,49.150001525878906,47.900001525878906,48.0099983215332,61548498
2026-08-05,48.5,48.84000015258789,47.900001525878906,48.150001525878906,39589104
2026-08-06,48.29999923706055,48.4900016784668,47.83000183105469,48.099998474121094,29846769
2026-08-07,48.09000015258789,48.9900016784668,47.95000076293945,48.150001525878906,52362545
2026-08-10,48.33000183105469,48.45000076293945,47.0,47.5,59333617
2026-08-11,47.59000015258789,47.709999084472656,47.099998474121094,47.5,37012060
2026-08-12,47.4900016784668,47.4900016784668,46.900001525878906,47.349998474121094,41760811
2026-08-13,47.290000915527344,47.61000061035156,47.119998931884766,47.61000061035156,24237589
2026-08-14,47.400001525878906,47.439998626708984,47.0,47.099998474121094,25913687
2026-08-17,47.099998474121094,49.31999969482422,46.900001525878906,49.0,80470340
2026-08-18,48.95000076293945,48.95000076293945,47.470001220703125,47.779998779296875,62318243
2026-08-19,47.70000076293945,47.7599983215332,46.70000076293945,46.77000045776367,47341396
2026-08-20,46.81999969482422,47.54999923706055,46.79999923706055,47.0,31120638
2026-08-21,47.099998474121094,47.34000015258789,46.599998474121094,46.709999084472656,32172432
2026-08-24,46.939998626708984,47.060001373291016,46.599998474121094,47.04999923706055,29089252
2026-08-25,47.060001373291016,47.15999984741211,46.25,46.75,47183588
2026-08-26,47.0,47.400001525878906,46.880001068115234,46.939998626708984,28238916
2026-08-27,47.0,47.38999938964844,46.369998931884766,46.810001373291016,23836185
2026-08-28,46.689998626708984,47.04999923706055,46.5,46.790000915527344,23944393
2026-08-31,46.790000915527344,47.52000045776367,45.91999816894531,47.52000045776367,59911853
2026-09-01,47.5,47.5,46.25,46.5,39976953
2026-09-02,46.38999938964844,46.38999938964844,45.459999084472656,45.459999084472656,52679194
2026-09-03,45.70000076293945,46.380001068115234,45.54999923706055,46.029998779296875,32563002
2026-09-04,46.11000061035156,46.369998931884766,45.029998779296875,45.349998474121094,55366085
2026-09-07,45.40999984741211,45.54999923706055,44.849998474121094,45.54999923706055,28911783
2026-09-08,45.470001220703125,45.77000045776367,45.27000045776367,45.5,24929892
2026-09-09,45.650001525878906,46.400001525878906,45.29999923706055,45.45000076293945,52512738
2026-09-10,45.439998626708984,45.68000030517578,44.099998474121094,44.220001220703125,43668900
2026-09-11,44.119998931884766,44.5,43.209999084472656,44.119998931884766,52777120
2026-09-15,44.529998779296875,44.970001220703125,42.58000183105469,42.900001525878906,40276349
2026-09-16,42.900001525878906,42.900001525878906,41.7599983215332,42.150001525878906,65021879
2026-09-17,42.0099983215332,42.900001525878906,42.0099983215332,42.540000915527344,31153614
2026-09-18,42.900001525878906,43.75,42.66999816894531,43.13999938964844,63471191
2026-09-21,43.13999938964844,43.630001068115234,43.11000061035156,43.34000015258789,26003443
2026-09-22,43.5,44.220001220703125,42.90999984741211,43.0,41578320
2026-09-23,43.0,43.209999084472656,41.619998931884766,42.38999938964844,99322778
2026-09-24,42.119998931884766,42.2400016784668,40.54999923706055,40.7400016784668,131241030
2026-09-25,40.7400016784668,41.09000015258789,40.11000061035156,40.79999923706055,57074067
2026-09-28,40.79999923706055,40.93000030517578,39.52000045776367,39.65999984741211,67390402
2026-09-29,39.65999984741211,39.869998931884766,38.900001525878906,39.5,61795397
2026-09-30,39.5099983215332,39.9900016784668,39.20000076293945,39.4900016784668,47026942
