Date,open,high,low,close,volume
2021-01-01,54.40462179864377,54.80105960728337,53.98288054439072,54.24435806274414,84113960
2021-01-04,54.74202155724074,59.03534486546869,54.526929377519345,58.453346252441406,381849550
2021-01-05,57.947249291204265,58.525039220715186,56.943509420897804,57.40320587158203,215452540
2021-01-06,57.694207086351824,58.76121198580161,56.93507151246672,57.67733383178711,196105220
2021-01-07,58.453340840648465,61.70074723507096,58.343683995174565,60.966915130615234,382321940
2021-01-08,61.32118046075008,61.3422688121197,59.3052576268323,60.15296173095703,193293130
2021-01-11,60.05595003141642,60.05595003141642,58.04846404472346,58.67686080932617,170245090
2021-01-12,58.622034496853544,61.11030532945018,58.293076832483436,58.61359786987305,245254840
2021-01-13,59.16608183620481,60.271048375055294,58.45334447264298,59.81556701660156,193538710
2021-01-14,59.88726464152972,60.26261414137955,58.799171314543784,59.57939529418945,115408580
2021-01-15,60.055952460993666,60.857264710961196,58.84555711191528,59.54142761230469,206884370
2021-01-18,59.71856462716338,59.78182324167455,55.627669281817155,56.23497772216797,250452260
2021-01-19,56.68202043976082,57.68998175231422,54.57331422644739,57.44959259033203,312451180
2021-01-20,58.21294021606445,59.001594240000415,57.57611328908914,58.21294021606445,233131500
2021-01-21,58.284640490721536,58.60094643379918,55.80480627297021,56.23497772216797,161178670
2021-01-22,56.5133269727528,57.00254836265115,53.44726952961529,54.57331466674805,237156650
2021-01-25,54.910712854471484,55.82589065126554,53.223747750277205,54.9908447265625,163484730
2021-01-27,54.90227152614086,54.92335987518986,52.6164379955411,52.802001953125,149180840
2021-01-28,52.12722072959245,53.19001054004371,51.67173938225619,52.60800552368164,170917520
2021-01-29,53.14361725688626,53.45992320297754,50.27155707838871,50.69329833984375,268265750
2021-02-01,51.022258501523005,53.982880699107284,50.393861714191054,53.65392303466797,210846940
2021-02-02,54.23592699238749,54.65766823980805,52.64174237432829,54.12205505371094,180489570
2021-02-03,54.39618318386697,56.03254124985427,53.750919603260755,55.09206008911133,148463810
2021-02-04,55.16376059946115,55.96506645573569,53.86479668745748,55.32823944091797,147649950
2021-02-05,55.40837296770675,58.25090515544765,54.94445497269135,57.782772064208984,291008880
2021-02-08,58.537688510846834,59.45708137399558,57.584549139212264,59.2926025390625,214621690
2021-02-09,59.59204438865873,60.431305420637855,58.33525717112079,58.97629928588867,293370280
2021-02-10,59.88725882851631,61.11030590654361,57.36102636828144,58.22138214111328,573979190
2021-02-11,57.99786503770289,59.43178287518802,57.59721209210511,58.596736907958984,163407050
2021-02-12,58.62203776578152,58.86664847976937,57.23029025839058,57.398990631103516,147054790
2021-02-15,57.95568415084023,58.03160092525159,56.513329789634604,56.69467544555664,131716720
2021-02-16,56.69467740752866,59.769174954733636,56.369941254021946,58.97629928588867,336618380
2021-02-17,58.84555617175545,59.3389926626453,57.98942194799858,58.773860931396484,159574830
2021-02-18,59.04378239075643,59.97161196984457,58.5376941144594,58.854000091552734,148561470
2021-02-19,58.7063821854064,58.7063821854064,55.3282370048705,56.57237243652344,223923860
2021-02-22,56.75794262455535,58.866649039042045,56.58502715410473,57.7406005859375,281491090
2021-02-23,58.16655574925855,62.08031425792537,57.54238046548923,61.51518249511719,389070710
2021-02-24,61.995963560491916,62.83944605791358,60.730739814359424,61.380218505859375,216767890
2021-02-25,62.01283024331198,63.514234491058204,61.73870100635373,62.662315368652344,219015960
2021-02-26,61.15248224964245,62.552666311456036,59.98004207029776,60.321651458740234,235515910
2021-03-01,61.068127705616426,62.27008627742246,60.00112297293055,61.60795593261719,140586460
2021-03-02,61.61216899277768,62.39660786473573,60.99643045822236,62.03813171386719,111133990
2021-03-03,62.50205159594907,66.00250523744731,62.50205159594907,65.55123901367188,288428350
2021-03-04,63.34553120131534,64.68667165359624,62.72557108091594,63.9317512512207,228738220
2021-03-05,63.13466396585815,63.767275842139824,61.32117530013189,61.85257339477539,168819600
2021-03-08,62.75088081201496,63.36241080250569,62.00018186527605,62.18574905395508,106145960
2021-03-09,62.839454714485235,63.34132789922936,59.23356525421916,59.613136291503906,195564380
2021-03-10,60.300563341996586,61.57000864872308,59.301038618576406,61.11030578613281,196858600
2021-03-12,62.41770835441718,62.83944962708216,60.224655023611504,60.72652816772461,161214090
2021-03-15,60.89943867945351,62.33336290253615,60.31321855360602,62.11405563354492,155429990
2021-03-16,62.42614179602282,62.42614179602282,60.66326001991052,61.072349548339844,125699980
2021-03-17,61.14827008379215,61.23683214823742,59.09860721966333,59.414913177490234,105409590
2021-03-18,60.41443902951851,60.97535571036599,58.900389362002365,59.4528694152832,143206510
2021-03-19,59.27573463004454,62.14357644881032,57.46224594793818,61.8272705078125,246378140
2021-03-22,61.66700841963313,62.89427704796257,61.15248356037324,62.71292495727539,137603700
2021-03-23,62.923795198186575,63.2147976995094,61.85257522090445,62.514705657958984,118738960
2021-03-24,61.6585814888401,61.82728188289989,58.955218004613386,59.27996063232422,210302830
2021-03-25,59.89569593432395,61.633267877474594,58.06111886735827,60.99644088745117,367224000
2021-03-26,61.60796592205938,65.36146067704495,61.16935139446443,64.68245697021484,429122470
2021-03-30,65.79163455963135,68.32208204269409,65.61450400804824,67.47859954833984,284794680
2021-03-31,66.97250610799128,69.46077669788934,66.64354847570672,68.47811889648438,280445850
2021-04-01,69.24991494917093,73.2901970706289,69.08122101600074,72.79676055908203,368420980
2021-04-05,72.70819283299572,74.0451183303672,70.61213819303975,73.19319915771484,305759860
2021-04-06,73.84689683548422,74.43733202246456,72.38345415568911,72.77989196777344,207789200
2021-04-07,73.3407946633897,74.64819500308454,72.93170517030339,73.79206085205078,171132080
2021-04-08,74.56385573308535,80.43870837059248,74.45419888739185,77.4654312133789,530630560
2021-04-09,77.68473495302267,78.44387047043384,74.7072428347006,75.87124633789062,321790690
2021-04-12,73.93546582560869,75.3398651183351,71.135103867978,71.8267593383789,221355040
2021-04-13,72.70819610851862,74.36142763486585,71.61167261135284,74.14212036132812,204285020
2021-04-15,75.23863522136595,76.88342993119014,74.18428211324557,75.7615966796875,218563570
2021-04-16,76.23394142075398,77.12803719263383,74.75363203951432,75.09102630615234,173985980
2021-04-19,73.36611117364188,75.82907854570045,72.53949548658234,74.90546417236328,191469960
2021-04-20,75.9134292446635,76.39842913517774,74.39515808566578,75.40734100341797,169152930
2021-04-22,75.90920825023314,79.17348133554206,75.66459755833158,77.71847534179688,319028150
2021-04-23,78.42701385457269,79.70910455666754,76.82017411900121,78.07274627685547,247523860
2021-04-26,78.86561657431375,80.63692860069533,78.44809040516753,79.35061645507812,212348580
2021-04-27,79.9874558611472,82.91434148932215,79.65006153680002,82.47151184082031,249045150
2021-04-28,83.08301918564185,83.16736614141787,81.14300702649231,81.93588256835938,204479680
2021-04-29,82.91433914820131,87.46492477871331,82.91433914820131,86.9925765991211,447186470
2021-04-30,86.37261999552275,88.78498075942791,85.28452666338974,87.21610260009766,281297380
2021-05-03,87.043177584119,90.1682818361049,85.90869257563277,89.80979919433594,264841000
2021-05-04,90.62797610104096,91.65702577098524,89.20248863019083,89.73388671875,249616280
2021-05-05,91.43351450152159,91.80042737072772,88.31262504171583,90.26528930664062,192498390
2021-05-06,88.98740429125563,95.22917611627264,87.93305115984265,92.8589859008789,464345370
2021-05-07,95.73525891416683,100.54310634720584,95.32195431191693,99.7291488647461,540754330
2021-05-10,102.0613793199913,103.6639973071094,101.21789684627237,102.59699249267578,280808840
2021-05-11,100.37442087027407,105.097921741823,99.26946081745625,104.07730865478516,411083810
2021-05-12,103.91283052454183,105.16961769839915,98.11810319894317,99.45924377441406,308891920
2021-05-14,99.95267723280422,99.95267723280422,94.06516649339939,95.49065399169922,376480320
2021-05-17,95.98831759130005,97.6921495254682,93.07829890756578,97.07218933105469,287534300
2021-05-18,99.10919593552413,100.91846310640676,97.59514635909937,99.53093719482422,245738800
2021-05-19,98.9405084948553,100.33647112505015,97.67528463397613,98.20246124267578,174350260
2021-05-20,95.40630486722468,95.77743922175218,92.61859498303771,93.20903015136719,284462530
2021-05-21,93.9639630450798,94.79900901825546,93.27652266593262,93.88804626464844,141049260
2021-05-24,93.45786885037714,93.53799428678167,91.27324570570609,92.10829162597656,189238420
2021-05-25,92.9475580660059,94.97191744531456,92.7830792284205,93.22168731689453,181137520
2021-05-26,91.98177176106464,92.27698935723515,90.46350064467205,91.27745819091797,154327030
2021-05-27,91.27745765637403,93.60547120945557,90.6743707445333,92.5005111694336,227910320
2021-05-28,95.3978775476519,96.4606673895934,92.56799712407347,93.07830047607422,192085810
2021-05-31,93.79525879017882,95.28400500474605,92.69873531524235,94.94661712646484,154286470
2021-06-01,94.47004057460313,94.72308790024658,91.56002850600763,92.8589859008789,176909250
2021-06-02,93.20481994072142,95.29665945506875,93.12047297443361,94.81165313720703,128625910
2021-06-03,95.27557399012161,96.13592336873081,93.87961138470905,94.63874053955078,121094770
2021-06-04,94.13265304582367,95.21230970028654,93.37351744963532,94.52909088134766,97133470
2021-06-07,95.31352308964853,97.00048810008478,94.93817363223688,95.20387268066406,122185920
2021-06-08,95.54127180196704,95.54127180196704,92.78730161246803,93.71935272216797,108343730
2021-06-09,94.21699475394443,95.14483067261739,92.27276729115215,92.86742401123047,111143380
2021-06-10,93.56751437413507,94.95926179201383,93.02768608669592,94.00190734863281,77767640
2021-06-11,95.12796393843868,98.23198007705624,93.88804352146686,97.70480346679688,174458560
2021-06-14,98.51875446335852,99.41705891239897,96.15700098779959,98.24884033203125,160312640
2021-06-15,98.687457887438,100.10450882220653,97.85241196872511,99.05015563964844,97681020
2021-06-16,98.60310322402263,99.93158555625482,95.45269564560397,96.33834838867188,175211070
2021-06-17,96.49358205444528,97.77418469571396,94.48429215383017,95.18280029296875,162076870
2021-06-18,95.2905962459301,95.7131499888969,90.56918566634135,94.19540405273438,403470770
2021-06-21,92.2723394214682,95.63553815548822,91.72474005092974,95.38976287841797,130014320
2021-06-22,96.08395620613625,97.53271835298213,95.41994323766463,95.92011260986328,90246340
2021-06-23,96.62723823810096,97.2351957644281,94.67399745566549,94.86802673339844,78063360
2021-06-24,95.2905841423194,96.62724202670293,94.72574055596913,95.993408203125,72394700
2021-06-25,97.87766255389764,100.8959164652513,97.44648342370425,100.48629760742188,180227700
2021-06-28,101.24085982892782,102.53439720345601,100.29226707012808,102.10321807861328,116603350
2021-06-29,102.14633205429622,102.79310074162846,100.51216606584948,101.11581420898438,78037590
2021-06-30,101.8488296449773,102.70687194045695,100.2750218041081,100.60272216796875,80432670
2021-07-01,101.05977483721473,101.48232857688228,99.72742621660196,100.33970642089844,56149280
2021-07-02,100.55097250316614,100.61996274347362,97.46372833175597,97.96389770507812,75734070
2021-07-05,98.82625915498456,100.18878683823247,97.96390086117269,99.76191711425781,76799000
2021-07-06,99.91714663520284,101.58581448720959,99.19276879190686,100.65877532958984,91468350
2021-07-07,100.71913697770604,105.63889270259497,99.90420864002833,105.09129333496094,167456260
2021-07-08,105.63888957824372,106.0700687193794,101.86176267043285,102.59907531738281,124105850
2021-07-09,102.793106233816,107.28599874496253,102.44816817889266,106.87637329101562,178593560
2021-07-12,107.8810155168181,108.52778420286529,105.06541636323433,105.80704498291016,166477750
2021-07-13,106.7599566771411,107.22994035623194,105.47503811512465,105.96227264404297,79155280
2021-07-14,106.23823744631413,107.59644922584306,105.12148495387726,107.3377456665039,83413880
2021-07-15,107.45846839304168,109.15731529836458,106.73408399912135,108.30789184570312,96555510
2021-07-16,109.06245678375547,110.4939747398891,108.57522223205295,110.24819946289062,84969250
2021-07-19,108.57090216396772,111.3218204359369,108.11385335605141,109.20904541015625,89046290
2021-07-20,109.6919682215112,109.71784449594192,105.63888702452374,106.35895538330078,85799400
2021-07-22,107.70855227871026,110.20507664594017,107.62231776513076,109.77821350097656,78940240
2021-07-23,110.32580134329336,111.71851466339596,109.86444309769122,110.5025863647461,86418650
2021-07-26,111.15797994627268,112.81802231055431,110.21370313147527,111.92979431152344,86784330
2021-07-27,113.4001096892076,115.08170564224399,112.8007643903391,114.74970245361328,103413820
2021-07-28,114.86611400312154,118.13876191830951,112.64122818297137,117.71189880371094,128351250
2021-07-29,118.57426134897277,127.78424129619604,117.97061319563203,125.78357696533203,300610410
2021-07-30,125.52919277779209,126.99951531375402,123.12752166368959,123.68804931640625,140492650
2021-08-02,124.69701913781768,124.78324707524631,121.20446528763506,121.59683990478516,97689200
2021-08-03,121.93745627786355,122.52818275646965,119.89798735459901,121.35105895996094,86405600
2021-08-04,122.45487473182371,124.8694805272584,121.16995616833684,122.1271743774414,112894350
2021-08-05,122.04956322061281,125.04194742901119,119.65220831569174,124.74874877929688,162217990
2021-08-06,124.95570709945426,125.64559634186192,122.97229362052867,123.21805572509766,96740250
2021-08-09,123.66216113020812,124.45984510022963,121.1958161416226,121.7822265625,78594930
2021-08-10,121.76498186900105,122.28240208072138,117.90162060606167,118.45352935791016,84516230
2021-08-11,119.86780717434863,123.29137077726352,119.36763776682609,122.98954010009766,145353570
2021-08-12,123.83465036250058,124.58489783168478,122.15735724474469,123.77859497070312,109431080
2021-08-13,121.16132415895531,127.33581187912714,119.9238422773604,126.04657745361328,289698720
2021-08-16,127.97394758035809,132.32885898471505,126.95637125255196,131.02670288085938,271144880
2021-08-17,131.0267145541524,132.28575022982838,128.6422945202671,129.6728057861328,189709230
2021-08-18,130.16869331124423,130.98361514620274,128.33618173507622,129.39256286621094,123317450
2021-08-20,124.61508384767076,124.78323686495106,117.52218193698329,118.6259994506836,273400690
2021-08-23,120.90263010312916,121.57526851929858,113.03361067584389,117.16431427001953,229257290
2021-08-24,119.17790836815523,122.45487237323195,118.74672924008047,121.13114929199219,176075790
2021-08-25,122.28241058313786,122.9722998605528,119.07012062565083,119.88505554199219,125650100
2021-08-26,119.90229275938815,120.2774296746826,117.71190845769995,118.57858276367188,91578980
2021-08-27,118.91919779374263,120.25155287379181,118.64756599729552,119.36331176757812,73940810
2021-08-30,120.64391729298397,124.61077061758377,120.55768936069276,124.23133087158203,134443870
2021-08-31,124.61078183818412,125.81807826731634,123.48971334910755,125.06351470947266,247521080
2021-09-01,125.14975619536916,125.51626112773627,121.33381784504182,121.69600677490234,88128970
2021-09-02,121.67875345591268,123.4896978726528,121.59251236812112,122.89466857910156,61480460
2021-09-03,123.14477656667735,125.29635646636156,122.14875371253395,124.49436950683594,84523820
2021-09-06,124.78323378300482,125.21011005648941,122.72651413273321,123.9208755493164,69586760
2021-09-07,124.52453873512648,125.81807624203657,122.51093938482107,123.20513153076172,63527170
2021-09-08,122.97229520228494,124.40811593951209,122.33414534210453,123.3042984008789,46762240
2021-09-09,122.45486904594814,125.21010991558231,122.45486904594814,124.78323364257812,53130300
2021-09-13,124.78323735412796,126.93913300004773,123.87775855113311,126.20182037353516,56702080
2021-09-14,127.28408582705204,127.28408582705204,124.95570797283413,125.24028778076172,55037670
2021-09-15,125.24029121890369,126.22337914666757,124.55903395713341,125.48175048828125,44174640
2021-09-16,125.90430278194775,126.93051119081123,123.42502284702925,123.89932250976562,56067970
2021-09-17,123.92088799319147,124.20546781791064,117.28073155870862,119.51423645019531,195720300
2021-09-20,116.4183645027785,116.58221467670481,107.56625753563117,108.0621109008789,282384120
2021-09-21,108.48467335856871,111.83924651368555,106.3201522514727,111.4339370727539,255935400
2021-09-22,112.05483410035241,113.65882098586506,110.6491859297001,112.60674285888672,111242470
2021-09-23,114.69365396578107,115.5085888758493,112.62830215170436,113.71918487548828,99462510
2021-09-24,113.83129675897968,114.17623481907432,108.52348242112134,109.70059967041016,132866160
2021-09-27,109.69197054885348,111.13210729696304,108.74769375914664,109.5626220703125,86688770
2021-09-28,109.8170221486337,111.83062147236984,108.91585927640239,110.46379089355469,81007360
2021-09-29,109.51949746046058,112.95167960199491,109.27803820378236,111.72281646728516,94945770
2021-09-30,112.36528901665186,113.52084597952104,110.71386550491157,111.14936065673828,75145680
2021-10-01,109.95068125785512,113.0551763450236,109.08832297347979,111.92117309570312,90374700
2021-10-04,111.92116993201955,114.49961270794915,110.41634582051222,114.18916320800781,96902370
2021-10-05,113.31386372872095,114.9264825320493,112.98186055436554,113.55963897705078,57952160
2021-10-06,113.82266954114998,114.57291700387302,109.79114211241858,110.37322998046875,86316930
2021-10-07,111.67540899698079,112.69298555822645,110.68800497821348,111.17523956298828,46033670
2021-10-08,112.27904259488766,115.90526064993304,111.79180807359896,112.20574951171875,107220150
2021-10-11,112.53777099105899,114.46514253782237,111.93412274388872,113.24491119384766,63496580
2021-10-12,113.24490411057418,115.1248389853956,112.53776395201592,114.61605072021484,60970190
2021-10-13,114.30558654547598,118.70792164554116,113.66312071335363,116.78916931152344,132857180
2021-10-14,118.48802566763004,119.9195436098547,116.76330906019122,118.57858276367188,82273710
2021-10-18,122.28241267157159,122.86450717053638,119.96266668039902,121.68306732177734,109232300
2021-10-19,122.5411167594059,123.01971928834585,117.06945242423092,117.8757553100586,87569240
2021-10-20,118.31553994358403,118.66049111152324,114.40474243000233,115.840576171875,69757740
2021-10-21,116.99615472542997,117.09533067187424,111.21835646350091,113.37425231933594,83575730
2021-10-22,113.83129647382775,114.23228992835557,109.60573945553585,111.78319549560547,80712890
2021-10-25,112.27904847762402,113.48635799758162,109.2823546889858,111.52880096435547,64185010
2021-10-26,112.36528485371251,116.50460716819636,112.23162037497298,115.87077331542969,77228750
2021-10-27,116.07341479231506,116.56495210612518,113.93907306096371,114.36163330078125,72418040
2021-10-28,113.39149729160646,113.4820412284648,111.33908033252835,112.07209014892578,93076820
2021-10-29,111.26577328035656,115.01272110903457,111.24421958648966,113.48204040527344,79147600
2021-11-01,115.55600838411678,118.39316130766939,114.69365011259352,117.70328521728516,96875330
2021-11-02,118.14309111354599,118.14309111354599,113.0379313831392,113.28370666503906,72161370
2021-11-03,114.24521730368444,114.86611629652045,113.1413997960966,114.35301208496094,57302440
2021-11-04,114.7798914019365,115.12482944772596,114.18486208818811,114.34008026123047,6744340
2021-11-08,115.63362608750242,116.2157205958668,112.63262276335924,115.8362808227539,54936670
2021-11-09,115.80179358496088,117.30660468714302,114.59448400611939,115.2067642211914,47565160
2021-11-10,114.52118065186022,114.60740858355688,110.99413849287421,111.98152923583984,118804170
2021-11-11,112.52913899398283,114.21935388854087,111.10193706409919,112.07209014892578,136638600
2021-11-12,115.55600701364915,115.55600701364915,109.6143591196622,111.00707244873047,232395580
2021-11-15,111.6753993509823,112.0203374060236,107.06178378245242,107.40241241455078,121082150
2021-11-16,107.402418312796,108.74770180256867,105.526792863236,105.96659088134766,123148800
2021-11-17,105.63888293605096,106.7082052966363,104.785150132478,105.2120132446289,87802040
2021-11-18,105.5181614115315,105.92347086251537,101.93074774937527,102.32743835449219,101083510
2021-11-22,102.45678361535047,103.20703767631328,98.82625610013937,100.46904754638672,96210010
2021-11-23,100.72776304862275,104.25912139428534,100.47767834825203,102.79742431640625,93829630
2021-11-24,103.51748823855958,103.7373872303976,100.99508764959954,101.62892150878906,67671010
2021-11-25,101.75828512347671,102.32744479153997,100.55098211971664,101.21068572998047,47502860
2021-11-26,99.85246418875721,99.99043808979083,95.39838296520803,95.92011260986328,106455260
2021-11-29,95.92011224006828,98.05013161757647,92.70782245529155,96.13138580322266,93929910
2021-11-30,95.80370483268807,97.26540201681101,91.66869799886746,92.3758316040039,133559840
2021-12-01,94.16952736078763,94.60070652741993,91.97051755852601,93.35459899902344,93791140
2021-12-02,93.39340494051271,96.23918333476927,92.61728116779852,95.9287338256836,91286810
2021-12-03,96.15295673150743,97.80868319664798,95.0534485113241,96.41166687011719,100737840
2021-12-06,96.06671613413019,98.3950809172271,95.04913307485909,95.6182861328125,82159400
2021-12-07,96.67898892491996,99.64981298636869,96.6703634997787,99.06771850585938,85053900
2021-12-08,99.94732207809645,101.49956297412328,99.08496383165777,101.15462493896484,74485010
2021-12-09,101.93074729399737,101.93074729399737,99.94732717363206,101.48663330078125,52123940
2021-12-10,101.19344185465962,102.52578392929706,100.6889630083194,101.75828552246094,48121300
2021-12-13,102.44817295190374,103.39676580568079,100.17585689427229,100.49061584472656,53537780
2021-12-14,99.94301515616829,101.5771878660296,98.91249722122016,100.65446472167969,53522640
2021-12-15,100.90022631331868,101.37883541302158,99.08496585194506,99.52045440673828,44308330
2021-12-16,100.3785073557586,100.79243565503617,98.614986212691,99.44715881347656,42460080
2021-12-17,99.51615322470924,99.93439754373553,97.015312736102,97.6275863647461,47435020
2021-12-20,96.32541276303685,96.34266361222637,91.93170305742929,92.52672576904297,73526500
2021-12-21,93.99706187886902,96.95064191365245,93.56588269593843,95.29922485351562,70268490
2021-12-22,96.15295244417383,97.53272443693541,95.72177328523135,97.34732055664062,43669170
2021-12-23,98.13637946865978,98.89525242188392,96.60137613214373,97.24383544921875,46214780
2021-12-24,97.4507995595318,97.74400480948238,95.19142497241134,96.19175720214844,40936300
2021-12-27,95.81232442856339,96.9894416979597,95.06207031857099,96.7393569946289,27588510
2021-12-28,97.18778189218878,97.57584709117835,96.75660272393723,97.22659301757812,28807810
2021-12-29,96.58412653975364,97.15759558059601,95.54929924425059,96.2607421875,41935200
2021-12-30,96.40303583615204,97.18777847354458,94.77317916383426,94.94564819335938,41140930
2021-12-31,95.29059118422389,96.88595270720046,95.08793645943607,95.84680938720703,36870210
2022-01-03,96.15295044095824,99.25743900481196,96.15295044095824,98.52012634277344,38658030
2022-01-04,99.429913989804,100.00769246810687,98.00702148799255,99.06771850585938,59757310
2022-01-05,98.91249443422033,101.82726970060236,98.41664104314864,101.55131530761719,61861760
2022-01-06,101.06839103390966,102.0169904358269,99.64981451257813,100.31382751464844,53354000
2022-01-07,100.48198895465099,101.24086849002957,98.98580331637844,100.06375122070312,39738570
2022-01-10,100.46474130475471,101.1891191140519,99.5032136486263,100.81399536132812,38225000
2022-01-11,99.91714250770156,100.26639656623985,95.9804813452426,97.46804809570312,96978850
2022-01-12,98.29590705661656,99.24019040653778,97.65344778265221,98.92974090576172,50358430
2022-01-13,99.5161589948841,105.68202276658832,99.35661821967369,105.30689239501953,157231160
2022-01-14,104.6040604750417,105.75099197052198,104.00903116512497,104.65579986572266,52679070
2022-01-17,104.77653054900186,107.36360537737228,102.65082055640784,106.04850769042969,89696070
2022-01-18,106.07006821598787,106.39345257030492,102.62063510327282,103.03887939453125,58408970
2022-01-19,103.13805940380763,105.28532989599233,102.01699747398332,104.31086730957031,73043210
2022-01-20,104.35398100364931,105.55265852899272,103.22428714290454,104.06077575683594,59205970
2022-01-21,103.4830008716699,103.8538152212976,99.71880855715906,100.87005615234375,71662670
2022-01-24,100.03355240079532,100.34831130537779,93.99704492833352,94.79041290283203,83920760
2022-01-25,94.402366944978,96.67036697250055,93.74266335231358,95.6441650390625,57330630
2022-01-27,93.99705675783082,95.15692974940681,91.5220860141097,93.85476684570312,90566560
2022-01-28,95.36389228107102,97.07998346424421,93.216621945795,93.53569030761719,78648930
2022-01-31,95.713152262858,96.1184617435925,93.1778231655507,93.61331176757812,55709390
2022-02-01,95.2819738216464,101.27967782389577,93.68661216367417,100.66740417480469,170752680
2022-02-02,101.74965078542628,101.74965078542628,99.88696033703422,100.68032836914062,75247340
2022-02-03,99.42991435675225,101.90487846042319,98.85212929704542,100.60272216796875,65140900
2022-02-04,101.22361178658058,103.2889635362436,100.91747828384477,101.43920135498047,93174180
2022-02-07,100.7493153591817,104.74203166566008,100.11979094534732,102.01698303222656,145105250
2022-02-08,103.0518171390008,105.41467704543118,101.02527644417187,105.1732177734375,140839840
2022-02-09,106.15630029498499,106.41501040421794,104.18581509572871,105.41036224365234,73520600
2022-02-10,106.070069665323,108.16129115018944,105.72512503348389,107.65249633789062,93920570
2022-02-11,106.84619348196317,109.08401429793197,106.33739866947475,108.17853546142578,96762260
2022-02-14,105.2163444948098,105.87604810853236,101.7669110827087,102.3489990234375,80216130
2022-02-15,103.21135503582514,104.51782738468835,99.30487283789579,104.15132904052734,101889210
2022-02-16,104.77653466346068,105.02661936286961,102.31881479585114,102.77586364746094,66092140
2022-02-17,103.57785355279525,104.30223135005438,102.28862555546266,102.70256042480469,56557920
2022-02-18,102.36192823424038,103.91417581589607,102.01699017544733,102.68962860107422,47251200
2022-02-21,102.44817126712097,103.65546765428914,101.27536342306743,101.91781616210938,49787320
2022-02-22,99.86109093161329,100.60702899770239,96.51945261415102,98.19673919677734,93858570
2022-02-23,98.99873424990857,99.39541827350025,97.79143132895423,98.22261047363281,49608380
2022-02-24,94.34200335561633,96.57982429214978,92.02225732440871,92.6172866821289,121268670
2022-02-25,94.66106694623511,99.23156853173722,94.4799724941823,98.77021026611328,92128860
2022-02-28,97.7914375819877,105.63889720106991,97.37750268174871,105.27239227294922,176054460
2022-03-02,105.27238537533381,112.07208889764546,105.08267207856296,111.18816375732422,248475320
2022-03-03,112.6239994835057,114.57724051082782,111.5589864543936,112.39115905761719,174503380
2022-03-04,112.31353909190267,113.81834997214871,109.77820382465637,110.13176727294922,162829230
2022-03-07,110.02828731547652,112.26179205245278,109.00208545923375,111.40806579589844,110400010
2022-03-08,111.50291881534032,111.58914674092946,107.27736228448383,109.47637176513672,91078220
2022-03-09,109.85582020893412,110.10590489838572,107.67405482421864,108.25614929199219,69348880
2022-03-10,108.47174218494376,113.29663793775418,107.0186639720374,112.85682678222656,136740620
2022-03-11,113.40011190013247,115.54738871805452,111.7788741504463,112.253173828125,118822990
2022-03-14,112.53775147443788,113.11552992213977,110.1835105602082,111.84786224365234,52780820
2022-03-15,111.39944712056759,111.50293907203466,105.89760970728511,106.39346313476562,96143130
2022-03-16,107.36360928093748,109.62299041506613,106.94967439846876,109.1098861694336,63024510
2022-03-17,109.95068052594797,113.64157290582183,109.61436132362208,112.40409088134766,106239760
2022-03-21,112.79646468183078,115.03858829534657,111.63227575046508,112.36096954345703,84227630
2022-03-22,113.83130037114485,114.69365870728988,111.07605917106036,112.279052734375,81795880
2022-03-23,114.17623064685148,116.22864755748283,111.44687248905755,114.77989196777344,130552380
2022-03-24,114.77556743646936,117.23759645071921,114.34438832987712,116.46578216552734,94605270
2022-03-25,116.84092419432996,117.79814237952141,114.99978090651652,115.46546173095703,69457440
2022-03-28,115.55600566294278,116.84954303976676,114.48667669435959,115.46546173095703,46554910
2022-03-29,115.90094551128097,116.08636253868247,114.43493909301196,115.09464263916016,43202370
2022-03-30,115.12483560682168,115.17225899827407,112.1065814897889,112.80077362060547,58483160
2022-03-31,112.79646827036814,113.87010014312149,112.11519784459193,112.72747802734375,40067950
2022-04-01,112.96894232419,115.63362643164895,112.57656770121429,113.58122253417969,55321590
2022-04-04,113.58121896410121,116.76331007942603,113.35269453796249,115.71986389160156,69670320
2022-04-05,116.28469488416866,117.1082485608545,114.62896868569769,115.97856140136719,63296420
2022-04-06,116.41836528189326,119.58321852201293,116.14240432216155,118.20775604248047,114097540
2022-04-07,118.74672934717496,119.09168054507151,115.64224751736248,116.375244140625,55650640
2022-04-08,117.36264863075205,119.00112406389489,116.95733919523536,118.20775604248047,52287710
2022-04-11,118.20346303542419,119.35038803894123,116.67708510142803,117.0996322631836,44778820
2022-04-12,116.67708325914231,117.27641544874739,111.77026231585886,113.85285186767578,69191680
2022-04-13,115.12051951324325,116.07343492930259,113.4001188786322,113.78817749023438,44937800
2022-04-18,114.8575021657594,117.11256066116185,114.59447604620591,115.47840118408203,80700420
2022-04-19,116.6425752749466,117.85418759589092,112.88269267813011,114.40045166015625,64772190
2022-04-20,114.66778357654343,115.24987805756852,112.36959135082839,113.33544158935547,54100210
2022-04-21,113.48635153241659,114.06843282725093,110.88634192197233,112.29197692871094,66690280
2022-04-22,112.24455516110457,113.10259742580907,109.84288423009401,110.17057800292969,55848230
2022-04-25,107.7947968324838,108.91154934864299,104.58682262606553,105.23790740966797,72310460
2022-04-26,106.50124568295388,107.07902414123707,105.63888741831458,106.3805160522461,44812710
2022-04-27,105.81136121912162,108.22596710089002,104.37984985637895,107.51020812988281,71209740
2022-04-28,108.6140256486965,109.40308428558164,107.1911397119339,108.7304458618164,51295830
2022-04-29,109.34702686179571,111.39081166861187,109.14437215016954,109.61004638671875,57173520
2022-05-02,108.39844224892165,112.34372907885867,107.68699924000583,111.69265747070312,54426170
2022-05-04,114.4608147236819,114.69365515161496,108.18284728385593,108.77356719970703,138374020
2022-05-05,110.38187000450664,113.52947275293617,110.20940096433345,110.74837493896484,87338160
2022-05-06,109.34703961891027,111.24422532609616,107.19114377925725,110.70093536376953,69256760
2022-05-09,108.65715197333705,109.88169924988428,107.27737993079988,107.98882293701172,50552970
2022-05-10,107.88102934600751,108.19578830470324,99.90853053141065,100.45612335205078,145537420
2022-05-11,101.32710952235749,102.69825618677953,96.87733712911219,100.52511596679688,107063150
2022-05-12,99.76622183480269,100.24051489520272,95.11811168311118,96.38577270507812,94191610
2022-05-13,97.87766446353115,99.32642663241772,94.16952123981211,94.60070037841797,82924410
2022-05-16,96.49789765633763,97.86042538565745,94.34200184890949,95.16123962402344,62665270
2022-05-17,96.92907061767325,103.24153287486996,96.1831325582138,102.50852966308594,112876010
2022-05-18,103.22428475117667,104.25911864744025,101.32709914360088,101.77983856201172,81575800
2022-05-19,99.25744455599813,99.59376378543415,96.17020009060244,96.76953887939453,66545630
2022-05-20,100.23621179898417,101.62029310700063,98.41232594090364,100.9476547241211,65527500
2022-05-23,94.60070525111652,94.60070525111652,86.36949665018217,88.2149429321289,273883460
2022-05-24,88.9091421230522,89.6766405070948,86.40830166100162,86.78343200683594,123116660
2022-05-25,86.78341913233825,87.81824633864024,85.5286863747257,86.15821075439453,99343400
2022-05-26,86.83948032739987,92.06106022629471,85.8262132473865,90.7200927734375,150536730
2022-05-27,91.62557321904815,92.06968723583871,88.99537766199256,89.98709106445312,74772200
2022-05-30,91.32374340539717,91.73767169648177,89.98708543621176,90.32772064208984,72701590
2022-05-31,90.11644498192334,92.43619098204033,89.42655569006588,91.03485870361328,121248850
2022-06-01,91.88428510387219,93.04846756406113,90.83220686098649,91.71612548828125,94055290
2022-06-02,92.07830429597037,93.54431070257789,91.33236624514083,93.26835632324219,79177040
2022-06-03,94.16951669071724,94.2385069285866,91.84115208643168,92.03949737548828,53954860
2022-06-06,91.84115325650109,93.3847753073201,90.4786256479429,92.97084045410156,57262490
2022-06-07,92.01362742283668,93.26405089785132,91.71611933772087,92.14298248291016,43341570
2022-06-08,93.22093687323942,93.90220076330142,92.62159807959792,93.716796875,64734340
2022-06-09,92.69921618420788,93.75991330444143,89.78875665931942,90.103515625,98547810
2022-06-10,88.82290064400077,88.9436302738742,87.15423951882255,88.27961730957031,95225630
2022-06-13,86.60663893705986,87.270651891816,85.37346638170877,85.5416259765625,82235750
2022-06-14,85.22255997715742,87.41726694390617,84.98972612117046,85.90382385253906,77202600
2022-06-15,86.70364758729237,88.54870200788935,86.40371884916738,87.21263122558594,92443330
2022-06-16,88.61686084380074,88.61686084380074,81.6365786045791,81.9546890258789,122741050
2022-06-17,81.61840328841078,84.29053774362124,81.39118056982865,82.40913391113281,121290260
2022-06-20,82.25461138180965,82.25461138180965,76.58767710369017,78.2918472290039,139866890
2022-06-21,79.52795451266856,81.39118364925173,78.52817589993819,80.41867065429688,124526970
2022-06-22,79.34162613919364,79.42342992260815,75.95600906488202,76.17414093017578,109877390
2022-06-23,76.3468277705617,77.79650971688143,75.16526694801696,76.46498107910156,111515840
2022-06-24,77.25572564632245,78.5963383221512,76.76946569173775,77.51476287841797,85433810
2022-06-27,79.11895306014786,79.87787610499116,78.44182686520152,78.87809753417969,72814730
2022-06-28,78.70994574991913,80.38230850969366,78.20096909595102,79.88241577148438,84647330
2022-06-29,79.07350613241984,80.78221848123682,78.93717111429963,80.12782287597656,72318470
2022-06-30,80.11873651501601,81.30029055826209,78.46455530704152,78.80538940429688,84672090
2022-07-01,78.79629320366364,79.5279506268017,78.08281748101243,79.3325424194336,54761890
2022-07-04,78.93717312847446,79.18257755421003,76.64677111590355,77.66927337646484,77554410
2022-07-05,78.34638813192984,79.90968149614554,77.96465564093397,78.1782455444336,79058290
2022-07-06,78.02373320532489,78.2645887168106,76.16959510865797,77.99646759033203,81439710
2022-07-07,78.80083587476338,82.39550093985422,78.02828001996903,81.80017852783203,111007940
2022-07-08,83.42708564197974,83.42708564197974,80.02783606174862,80.51863098144531,112000630
2022-07-11,80.45500872839806,84.43595477946988,79.53248514219908,82.9590072631836,150193340
2022-07-12,82.2455314204035,83.24985886495878,81.21848725193227,81.99104309082031,100175050
2022-07-13,82.34096823399213,83.09080041670671,81.85925718965069,82.2409896850586,70135110
2022-07-14,82.70906573697847,82.79995343334858,81.34572948856675,82.52729034423828,74498580
2022-07-15,82.25463303586635,82.73634414194947,79.75518286074335,80.3277816772461,81253510
2022-07-18,81.52750850396114,82.5272940113177,81.09578672630467,82.19100189208984,73060810
2022-07-19,81.89106552105342,83.79065103406948,81.89106552105342,83.5679702758789,85341580
2022-07-20,85.06764688971472,85.25397119281274,84.09058498873151,84.38597869873047,77088650
2022-07-21,84.52684786621522,85.33121819880047,84.02695513200139,84.91767120361328,50877140
2022-07-22,85.6629603524983,85.79929536325882,84.70862221146136,85.07672882080078,48608940
2022-07-25,84.98130444937364,87.69434450979988,84.85406027018176,87.31715393066406,99635630
2022-07-26,88.34419119659647,88.77137102178247,85.98562517620263,86.29918670654297,126264690
2022-07-27,86.43552551530622,87.39440571782791,85.7629481729151,87.1989974975586,52559020
2022-07-28,89.16218714320124,92.706862691804,88.29874364674711,91.20719146728516,137156107
2022-07-29,93.61576454156591,99.34178009792033,92.843208648226,97.79666137695312,166959934
2022-08-01,100.43244035469742,101.29588390077414,96.47876648777262,98.38743591308594,125365761
2022-08-02,98.16021842600028,98.16021842600028,95.7516561240604,97.25132751464844,64935371
2022-08-03,97.25132087229812,98.5692098300304,96.3424300230243,97.29676818847656,61428846
2022-08-04,97.70576732655383,99.52354904425715,96.38787835493369,97.88754272460938,79526154
2022-08-05,97.84211280956445,99.29633695244524,97.34222001000182,97.56944274902344,54469112
2022-08-08,98.023878287766,98.29654832065916,96.97865240739152,97.43309783935547,41384943
2022-08-10,98.06932344387074,99.88710513167452,96.79687487555074,99.2508773803711,73880698
2022-08-11,100.2506692758123,100.56877970469132,98.70555058166272,99.15999603271484,75321498
2022-08-12,99.3872158692412,102.61378125163596,98.88733004818698,102.38655853271484,95942333
2022-08-16,103.3408869595238,103.3408869595238,100.9777721343634,102.70466613769531,69207437
2022-08-17,103.15911210801866,103.15911210801866,102.02299853854709,102.2502212524414,54008422
2022-08-18,102.25022223873205,102.7046676709042,101.25044367481074,102.29566955566406,49396425
2022-08-19,102.2956723523768,102.61378277673688,99.56899968479807,100.02344512939453,57134813
2022-08-22,99.52355024440934,99.61443794453312,95.16087129559713,95.47898864746094,74037526
2022-08-23,94.70643086930609,98.38744186043213,94.07021000050555,97.79666137695312,70531639
2022-08-24,97.75120645656031,98.29653953934235,96.11520027392784,96.84231567382812,55686404
2022-08-25,97.29677953942624,98.06933546458042,96.1152185238109,96.56966400146484,42186335
2022-08-26,97.47855504027233,99.25088963092584,97.34222001000182,97.56944274902344,71257092
2022-08-29,94.57009455347676,96.02431850873973,93.84297910870188,95.29720306396484,59895805
2022-08-30,96.79687787291077,98.61465961700299,96.38787975420485,98.4328842163086,67401780
2022-09-01,97.25131913591945,97.93298726070394,96.25154060642623,96.70598602294922,52454732
2022-09-02,97.2513292502453,97.2513292502453,95.43354739510053,95.88799285888672,45601352
2022-09-05,96.3878750911957,97.52398862629094,96.16065238417664,97.16043090820312,40352735
2022-09-06,97.61487728730683,98.88732584605086,96.38787604413059,98.7055435180664,59505849
2022-09-07,97.7512209916316,98.97822234391114,97.34221591801348,97.79666137695312,43945660
2022-09-08,98.52376722145509,98.52376722145509,95.75164742010642,96.20609283447266,71228405
2022-09-09,97.25131637735838,97.56942677304383,95.88798016646084,96.06975555419922,63647166
2022-09-12,97.0695474769395,98.11476642771878,96.79687744282238,97.93299102783203,40838533
2022-09-13,98.16021374483397,98.79643457872456,97.7512156279453,97.93299102783203,44179394
2022-09-14,96.61509919590968,100.34155025807395,96.16065377529729,99.20543670654297,86379872
2022-09-15,98.75099890523646,99.06910933735215,96.7968820589725,97.25132751464844,62926791
2022-09-16,96.52420095783174,97.7057617809909,95.43353476282832,96.06975555419922,107967267
2022-09-19,96.52421016468763,96.52421016468763,93.61576207773503,93.70664978027344,51146568
2022-09-20,94.7064212916737,96.66053795435239,94.5246459001957,96.16065216064453,52140254
2022-09-21,96.16064763104961,97.43308918003137,94.7973114563237,94.93363952636719,46142823
2022-09-22,94.93364284193515,95.70620558202411,94.07019934150075,94.16108703613281,61380323
2022-09-23,96.52420455562421,98.06932314613863,94.29742476853968,94.79731750488281,109765520
2022-09-26,94.88821054520264,94.93365092924638,89.52575289364944,90.75275421142578,101291962
2022-09-27,92.11608231412325,92.11608231412325,87.70796326733719,88.75318908691406,104949032
2022-09-28,87.75341351789005,88.9349674512323,86.34462993989287,86.52640533447266,71724106
2022-09-29,88.16241992582039,89.29853358465827,87.6170867564357,88.02608489990234,60884592
2022-09-30,88.02608179889486,91.25264725004311,86.98085588272802,90.25286865234375,66436616
2022-10-03,90.52552546609067,90.57097278139821,89.07130152197696,89.38941192626953,37282313
2022-10-04,91.16175507703383,92.25242132389718,90.88908504817455,91.93431091308594,40186702
2022-10-06,92.70687786028608,94.3428843609474,92.47965512043244,94.11566162109375,48169310
2022-10-07,93.88843536376953,94.07021077512726,92.61598668140307,93.88843536376953,36080875
2022-10-10,92.70687244346892,94.0702088029317,91.93431655996415,93.79753875732422,36641275
2022-10-11,94.11564622210977,94.20653391632285,90.70730568196993,91.20719146728516,41083734
2022-10-12,91.20720233580133,91.97975823010239,89.98020098199524,91.38898468017578,41357469
2022-10-13,91.88886369076619,92.52509144732583,89.79841889309367,90.97997283935547,34668093
2022-10-14,92.57053182932422,93.43398229873655,90.79819744278808,90.97997283935547,32456805
2022-10-17,90.66187032206237,91.25265081377542,89.16219889980233,90.48009490966797,37568783
2022-10-18,91.16176321800727,91.79798409644586,90.70731775218329,91.47987365722656,30722156
2022-10-19,91.43441797162686,92.02519841000525,90.61641482112499,90.93453216552734,38764542
2022-10-20,90.43464365094877,91.97975539187323,89.79842280098863,91.70709228515625,38091315
2022-10-21,91.66164226497601,92.20697539662233,90.2983059687167,91.07086181640625,30973997
2022-10-24,92.70687473302772,92.79776243904574,91.79798380427255,91.9797592163086,7480281
2022-10-25,91.93431883044332,93.1613201974053,91.52531375193101,91.9797592163086,37163180
2022-10-27,92.93408656888253,95.11542592899481,92.75231117815929,94.7064208984375,74349009
2022-10-28,94.61553458374846,95.0699800014747,91.61619898732725,92.34330749511719,51006232
2022-10-31,92.61598488152124,92.84320760844633,91.16176081605818,92.2978744506836,38715841
2022-11-01,89.57120380253737,92.20698194849739,89.57120380253737,91.9797592163086,69031178
2022-11-02,91.79798478491513,93.61576666184413,91.61620937093724,92.02520751953125,42336049
2022-11-03,91.57075741711785,93.11586916061488,90.88908924775964,92.70687103271484,39110676
2022-11-04,93.16131719256927,95.43354444116852,92.88864714902245,95.2063217163086,70299020
2022-11-07,96.25154441943242,97.66032110589033,95.0699835159504,96.97865295410156,74426059
2022-11-09,97.47855268226432,97.75122273620944,95.93344086800872,96.4333267211914,38295904
2022-11-10,95.61531119227502,96.34242661972343,94.9336430793996,95.1608657836914,27864285
2022-11-11,96.56965220247952,98.34198657506911,96.56965220247952,97.75121307373047,77933417
2022-11-14,98.6146647144213,99.97800109296169,98.38744198466456,98.79644012451172,55474425
2022-11-15,99.06910094598867,99.38721135115972,97.4330946704136,98.66010284423828,35007427
2022-11-16,98.56920261359018,98.88731993497554,95.6153075697106,96.84231567382812,40404167
2022-11-17,96.25154014962396,97.0695432823405,94.97909160254119,96.20609283447266,32894825
2022-11-18,96.20610329667956,96.61510837465961,95.16087734311382,95.88799285888672,28992538
2022-11-21,97.88754767908691,97.88754767908691,94.38831908225553,94.75187683105469,58404309
2022-11-22,94.88820975113985,95.7971006358552,94.11565388598923,95.61531829833984,27846186
2022-11-23,96.06975963774413,96.34242966522838,95.38809150332034,95.84253692626953,22809651
2022-11-24,96.20610329667956,96.2969910025793,95.06998963721408,95.88799285888672,23737867
2022-11-25,95.97887493117081,96.7968781048296,95.52442949405894,96.52420806884766,27361785
2022-11-28,96.34243762279125,96.70599537803663,94.97910124133666,95.34265899658203,33516118
2022-11-29,95.4335480805385,97.84211044276198,95.38810076011848,96.4333267211914,40661568
2022-11-30,96.43331845004296,98.11476514705235,96.25154305252889,97.84210205078125,61142050
2022-12-01,98.79643883534264,101.1595607414068,98.16021797404063,100.65966796875,91702642
2022-12-02,100.7051101083967,102.25022179739815,100.11432966226545,101.7957763671875,70541914
2022-12-05,102.97733824270789,105.52222851561476,102.3865577909357,105.29500579833984,96441799
2022-12-06,104.84056503372773,104.84056503372773,102.0230046008729,102.65922546386719,50581245
2022-12-07,103.06822867640655,103.1591163788697,100.75055412501662,101.06866455078125,39494279
2022-12-08,101.56855138975375,102.7046649399747,100.70510786530055,101.65943908691406,32416724
2022-12-09,102.52289249141822,103.38633604068052,99.70532525848435,100.38699340820312,35665257
2022-12-12,100.15977310376456,101.88666717816474,98.79643677149397,101.52310943603516,37082389
2022-12-13,102.29567280403897,102.56833591142842,100.70511374092865,101.06866455078125,32264080
2022-12-14,101.43222606559966,102.88645016193152,100.977780602103,102.7501220703125,38606984
2022-12-15,102.38656466462426,103.11367324814599,100.61422319032212,100.84144592285156,34361613
2022-12-16,100.29610712394664,101.88666616240525,99.47810394588194,100.93233489990234,34736665
2022-12-19,100.93233786312828,101.88666915364897,100.70511513667756,101.61400604248047,17297590
2022-12-20,101.02322826944761,101.34133870813133,99.06911138283691,100.84144592285156,34836506
2022-12-21,101.61400244747801,101.79577784849265,98.79643519174188,99.43266296386719,32303565
2022-12-22,99.97799417586275,100.5233273026919,96.660541164079,97.84210205078125,39639329
2022-12-23,96.34243035724519,97.02409849656532,92.66141963120172,92.93408966064453,46756489
2022-12-26,93.43398322502617,95.93343309118478,92.38875734868427,95.43354034423828,33995681
2022-12-27,96.93320754874478,101.38677396319937,96.20609211746321,101.0232162475586,76033410
2022-12-28,100.93233502413655,102.06844862443396,99.70532678838566,99.97799682617188,50660601
2022-12-29,99.06910777251993,101.79578046350672,98.93277275111313,101.56855773925781,51751642
2022-12-30,102.61378125163596,104.29522798479485,101.88666577737354,102.38655853271484,56048485
2023-01-02,103.97711189810931,108.79422911611802,103.38633147425622,108.3852310180664,143444095
2023-01-03,108.88513512197504,109.52135599303287,107.02190595999686,107.65812683105469,74419090
2023-01-04,107.93079722262355,108.20346727353252,104.84056669423411,105.2041244506836,55634568
2023-01-05,105.88578132264044,106.34022673604234,104.06799966903289,105.93122863769531,58806907
2023-01-06,106.34024453775929,107.11280048301364,104.74968532458769,105.11324310302734,58551863
2023-01-09,106.24934557697142,107.34001186252206,105.9312351548764,106.84012603759766,37763131
2023-01-10,106.93100887393506,108.83967825395285,106.8401211766555,108.02167510986328,56750710
2023-01-11,108.56700822782739,109.38501137191696,107.24911928155689,108.02167510986328,49321252
2023-01-12,108.11256745822197,108.38523749607789,106.88556615644455,107.34001159667969,33740024
2023-01-13,107.74901920570194,110.52113229622667,107.38546145804487,109.47590637207031,68884010
2023-01-16,110.38479012208802,110.38479012208802,107.97623493527395,109.02145385742188,44362359
2023-01-17,108.83968537169216,108.97602039367072,107.24912629527913,108.47612762451172,27880531
2023-01-18,109.06691349892577,111.79358633639892,109.06691349892577,111.29369354248047,64749065
2023-01-19,110.70291323173419,112.97514045788401,110.11213276607779,112.29347229003906,53564076
2023-01-20,112.15712819713987,112.88423669011915,110.88467966656783,111.74812316894531,37784498
2023-01-23,112.1571379725308,112.56613610208619,110.4302438829766,110.88468933105469,28601260
2023-01-24,111.33913520053679,111.3845825192315,109.15779565464841,109.43046569824219,27707765
2023-01-25,109.38501908514101,111.11191319237071,109.15779635877625,109.97579956054688,46522102
2023-01-27,110.79380561665954,112.02080698378262,108.24890824209594,109.6576919555664,58771746
2023-01-30,109.47589777110439,110.0666781978466,106.24933948307445,107.9307861328125,46551837
2023-01-31,107.93079166984823,109.47590338740702,107.02190079262846,108.79423522949219,43986769
2023-02-01,109.1577962104678,112.83880714629068,108.43068764766082,110.93013763427734,72919626
2023-02-02,110.83923554364341,111.33912828106907,107.61267721117228,109.02145385742188,38768010
2023-02-03,109.11235428816714,109.97579786129717,106.5220097002027,109.38501739501953,46977350
2023-02-06,109.0669039130188,109.0669039130188,106.34023131519334,106.74922943115234,49546361
2023-02-07,102.34111675861567,104.840566802133,100.47789452311159,101.29589080810547,110953246
2023-02-08,101.29589080810547,102.47745178421046,100.06888944632719,101.29589080810547,66523699
2023-02-09,101.93211605271398,102.65922461378838,99.932551907613,101.1141128540039,64710455
2023-02-10,100.88689401887741,101.11411675315416,98.43289126240353,98.88733673095703,60810058
2023-02-13,98.8873281149504,100.52332749862663,98.5237703849267,98.84188079833984,56186469
2023-02-14,99.56899571319023,99.88710612486153,98.38743483065468,99.29632568359375,31163587
2023-02-15,99.06910287591506,100.52332685237387,98.8873274792153,100.25066375732422,35544190
2023-02-16,100.88688550676618,101.97755176555698,100.56877509247612,101.7957763671875,30956191
2023-02-17,101.3867741920249,102.79555080866831,101.15955148602241,102.02299499511719,34107244
2023-02-20,102.06845121696868,102.43200203086835,100.93233758781403,102.1138916015625,19896764
2023-02-21,102.61378070026855,103.79533467173736,102.47744568279101,102.84100341796875,29830864
2023-02-22,102.93188558681437,103.34088368298109,100.56877083657928,101.0232162475586,24391211
2023-02-23,101.3867792357975,103.29544867431323,101.20499690138023,101.84122467041016,30845778
2023-02-24,102.2502204008689,102.61377812692936,99.56899517296087,99.75077056884766,34326940
2023-02-27,99.79622733793528,100.02345007146036,95.56988310751106,96.4333267211914,56217189
2023-02-28,97.11499499771215,97.29677734524688,94.11565907340791,94.47920989990234,76540448
2023-03-01,95.16087734311382,97.34221695614505,94.97910193131433,95.88799285888672,76175319
2023-03-02,96.38788909974795,97.16044502903495,94.84277030688625,95.11544036865234,55276248
2023-03-03,96.34243660329658,97.66032565104183,95.43354569194473,97.25132751464844,117175295
2023-03-06,97.70577700778544,97.79666471581888,95.43354963551137,96.02433013916016,106868143
2023-03-08,95.70621630305997,97.16044038293518,94.52465533762471,96.79688262939453,43939583
2023-03-09,98.02388480259829,99.02366343250856,97.70577436593878,98.34199523925781,51967449
2023-03-10,97.251327645235,98.47832899035011,96.8877698933486,98.25110626220703,47699832
2023-03-13,98.38743857373188,99.06910673936974,96.66054450059185,97.06954956054688,34552596
2023-03-14,97.25131913591945,98.66010270085542,96.52420369576797,96.70598602294922,48584984
2023-03-15,97.70577350999822,99.20544490886964,97.61488580521849,98.7509994506836,38930902
2023-03-16,97.47854578733244,97.47854578733244,94.25198042578518,95.47898864746094,81088340
2023-03-17,96.75143473968997,97.56943794676411,95.43354569194473,97.25132751464844,48962238
2023-03-20,96.43331945714492,96.7514298732602,94.38831500946344,94.97909545898438,41569640
2023-03-21,95.52443214425503,95.79710218780184,94.79732358527563,95.2063217163086,26434897
2023-03-22,95.20632270037461,96.29698901726063,94.88821226914013,95.25177001953125,25891259
2023-03-23,94.88821353609717,95.88799216230639,94.84276621633371,95.34265899658203,20913844
2023-03-24,95.43354502101297,95.47899233997599,92.2978741726089,92.79776000976562,39014278
2023-03-27,93.20676067938564,93.979316525291,92.79775563088023,92.97953796386719,24753289
2023-03-28,93.47942634156293,93.70664906331406,93.02498089806063,93.16131591796875,18703734
2023-03-29,93.16130852660703,94.97909015639449,92.38875272080469,94.16108703613281,37221124
2023-03-31,95.43354089180248,95.88798632462058,94.61553772587249,94.97909545898438,34579415
2023-04-03,95.5244304339478,95.66076545328022,94.34287644640357,94.61553955078125,21840428
2023-04-05,94.61553493484594,95.43353807664599,93.7975317930459,95.29720306396484,25194802
2023-04-06,95.297203600683,95.52442631166903,94.70642316526195,94.84275817871094,21053782
2023-04-10,94.9790939317706,96.11520749554776,94.9790939317706,95.38809204101562,19992257
2023-04-11,95.93343138521321,98.02387616643595,95.52442634472473,97.75121307373047,49304956
2023-04-12,98.34199454082321,98.52377688497151,97.2058808934741,97.79666137695312,27349538
2023-04-13,97.70577239990234,98.29655287568944,96.25154833708685,97.70577239990234,34880922
2023-04-17,97.79664761792151,98.43287533149842,97.02409183327264,97.38764953613281,24642162
2023-04-18,97.43310362294393,98.06933142603187,97.11499318854366,97.79666137695312,25476339
2023-04-19,98.02388353406396,100.34155813483824,97.93299582966421,98.25110626220703,62100775
2023-04-20,98.34199269159903,98.79643814199328,97.6148841315406,98.16021728515625,18337948
2023-04-21,98.16021412040989,98.251101820701,95.75165192411649,96.47876739501953,37638506
2023-04-24,96.70599492458122,96.97865803902116,95.75165668832294,96.79688262939453,23475012
2023-04-25,96.97865084380123,97.79665399500504,96.56965273534276,97.29676818847656,23333425
2023-04-26,96.79687980965141,97.2967725729936,96.20609934414352,97.114990234375,23590297
2023-04-27,96.61510078184396,98.02387744829532,96.61510078184396,97.84210205078125,22364308
2023-04-28,97.9784485144067,98.61466941433245,97.52400303323466,98.11477661132812,30072920
2023-05-02,98.16021202384245,100.75054956539202,98.16021202384245,100.25066375732422,52822162
2023-05-03,99.79621689695539,100.88688313005204,98.84187874228071,99.705322265625,51272624
2023-05-04,99.97799670311234,101.70489076029625,99.52355126355273,100.93233489990234,38636907
2023-05-05,100.7505566929872,100.7505566929872,98.52377672159058,98.7509994506836,32958346
2023-05-08,99.29633020213612,99.84166335185792,98.3874393078374,99.56900024414062,23130472
2023-05-09,99.61444062828323,101.06866467230375,99.20544249956369,99.56900024414062,27999202
2023-05-10,99.61443609526505,99.97799382329805,98.70554524232597,99.29632568359375,19213215
2023-05-11,99.25087633914733,99.5235463631721,98.3874328202135,98.66010284423828,19817637
2023-05-12,98.4783330194748,98.52378034067779,96.84233347048212,97.02410888671875,36794838
2023-05-15,97.29676921378535,98.3419881540352,96.02432062453563,97.88754272460938,22148028
2023-05-16,98.34199197763114,98.75099704058891,97.43310108344124,97.61488342285156,18587658
2023-05-17,97.61488642195846,97.70577412731242,95.93343960290404,96.34243774414062,28895465
2023-05-18,96.79687922218466,97.38765968410706,95.52443059672574,95.61531829833984,24208481
2023-05-19,95.9788840070988,96.06977171625826,94.57010717940787,95.11544036865234,29848841
2023-05-22,95.43354034423828,95.66076305934361,94.79731951565815,95.43354034423828,21588716
2023-05-23,95.5244287728621,96.38787925742797,95.43354107298333,95.97887420654297,21304034
2023-05-24,95.52443059672574,96.16065837659876,95.34265519349752,95.61531829833984,28454367
2023-05-25,95.43353807664599,95.61531347069631,94.79731726318306,95.29720306396484,25885062
2023-05-26,95.4335374698275,97.02409642765795,95.3880901544605,96.70598602294922,28362042
2023-05-29,97.25132485547768,98.93277160864486,96.61510400864269,98.5692138671875,41062311
2023-05-30,99.02365525466732,99.02365525466732,97.16043317422812,97.29676818847656,33475211
2023-05-31,96.70598526936524,97.2058710630731,95.97886983487983,96.16065216064453,41249944
2023-06-01,96.25154905584874,96.97865762554255,96.16066135142295,96.29698944091797,21211538
2023-06-02,96.79688093397353,98.4328873291077,96.79688093397353,98.16021728515625,46686933
2023-06-05,98.75099480863175,99.88710840069082,97.978438952889,99.43266296386719,39642539
2023-06-06,99.7507675415879,99.84165523677302,98.43287862568705,99.06909942626953,26751372
2023-06-07,99.52355724386035,101.56856184476159,98.97822407047752,101.34133911132812,45157197
2023-06-08,101.34132664838678,102.70466288132472,100.84143392259486,101.0232162475586,46380294
2023-06-09,101.11411025672948,101.47766799507176,98.75099535893523,98.97821807861328,36392617
2023-06-12,99.20544151791859,100.52333052789625,99.20544151791859,99.52355194091797,23472313
2023-06-13,99.97799041544884,101.65943704921496,99.65988001462065,101.0232162475586,30018212
2023-06-14,101.34134124752262,103.61356862975407,101.2504535390909,103.43179321289062,66696433
2023-06-15,103.52267229870924,103.79533540129376,102.93189184167883,103.38633728027344,39430138
2023-06-16,103.97711718323664,104.34067491903244,103.47722442973154,103.84078216552734,31715807
2023-06-19,104.93144614929355,105.06778116402837,102.75011365068391,103.7044448852539,33502185
2023-06-20,103.70444714781803,104.74967303787331,103.15911401126786,103.84078216552734,30371599
2023-06-21,104.43156545759419,104.43156545759419,102.56833634493229,103.52267456054688,35627983
2023-06-22,103.80423604765339,105.30592340366555,103.75731256939028,104.27351379394531,34769987
2023-06-23,103.7103859171956,103.94502479936119,102.4902608656903,102.86568450927734,22190233
2023-06-26,102.8656800367278,103.42881189731845,101.45784680494609,103.1003189086914,25332751
2023-06-27,103.80423782458824,104.64893921449546,103.38189070993975,103.94502258300781,24129403
2023-06-28,104.64893880630721,105.16514719829543,104.08580693543568,104.69586944580078,23895274
2023-06-30,104.74278622874928,105.30591806362126,103.61652255900533,105.11820983886719,26741918
2023-07-03,105.3528563819414,107.22996740879113,105.16514814350055,106.15062713623047,30979256
2023-07-04,106.24447717046567,106.43219256229936,105.2120675775154,105.49363708496094,25080307
2023-07-05,105.63442544368607,106.57298095305472,105.30592528691882,106.00984191894531,27877180
2023-07-06,105.11821660314708,105.91598735060249,104.64893885045446,105.72827911376953,34320086
2023-07-07,105.11821384659926,106.33833883584846,104.41429723601937,104.74279022216797,30034274
2023-07-10,105.35284947952708,108.59086292445348,104.789717640489,108.21544647216797,60652690
2023-07-11,108.49701600139205,108.96629375845744,107.74617588645366,108.07466888427734,37999385
2023-07-12,108.07465984542867,108.91936116962161,106.9953196623271,107.65230560302734,32771204
2023-07-13,108.8724387139066,109.76406358050914,107.46460545467505,107.79309844970703,44847814
2023-07-14,108.59086487110233,110.65569119873676,107.74617067770774,109.95177459716797,34521821
2023-07-17,110.70262371113667,112.01660290676477,109.90485292970156,110.5149154663086,49115369
2023-07-18,110.74954889404859,110.89033365103595,109.24786152760726,109.4355697631836,23433431
2023-07-19,109.5294189453125,109.99869667371678,108.96628710334936,109.5294189453125,17222355
2023-07-20,109.52942971623952,110.04563813249118,109.2009367061751,109.76406860351562,22303831
2023-07-21,109.4355697631836,110.70261825484941,108.40316014629332,109.4355697631836,31546136
2023-07-24,109.3417232893246,109.3417232893246,107.32382739306472,108.40316772460938,38113555
2023-07-25,107.93387646945017,112.53279959461827,107.32381399641393,111.92273712158203,88035259
2023-07-26,112.43894957907563,113.18978966811748,111.54731757503772,112.57972717285156,29716336
2023-07-27,112.86130434558329,113.98756813593117,111.82889467766265,112.43895721435547,39664251
2023-07-28,112.81436519635186,113.65906655571625,111.40653198428119,113.18978881835938,33996691
2023-07-31,113.18979516506268,116.24010062891716,113.18979516506268,115.58311462402344,52330311
2023-08-01,115.95853555576699,116.5216674268818,115.01998005037223,115.63003540039062,27863562
2023-08-02,115.34848073564916,115.34848073564916,110.98419591246599,111.64118194580078,54951586
2023-08-03,111.40653360355275,112.29816561385653,110.2802698817702,110.937255859375,34624188
2023-08-04,112.06352634831407,112.39201933596314,110.74954723710773,111.68810272216797,22303966
2023-08-07,112.25123411576,112.25123411576,110.74954677801067,111.54731750488281,20711952
2023-08-08,111.68809815114234,112.15737587446647,110.70261206791776,110.89032745361328,21275054
2023-08-09,111.07804294391596,113.095938718315,109.71714032150814,112.81436920166016,34154214
2023-08-10,112.62665557861328,113.23671806178608,111.92273898124694,112.62665557861328,24439101
2023-08-11,112.90823364257812,113.94064329820472,111.82889334599149,112.90823364257812,26337436
2023-08-14,112.90822309602899,113.00207720857186,110.13948023205076,110.89032745361328,33095516
2023-08-16,110.70261913073175,110.70261913073175,108.30930688545153,108.82550811767578,31252473
2023-08-17,108.77858017687264,109.6232815302222,107.6523093188699,108.91936492919922,28461865
2023-08-18,109.1540082830906,109.24786240162963,107.69924438359962,108.68473052978516,30381609
2023-08-21,109.57635543958527,109.90484843490523,108.73165405118377,109.7171401977539,22629651
2023-08-22,109.95177821129614,110.51491007893941,109.34171570442837,110.32720184326172,17343131
2023-08-23,110.6087722531558,111.9227514804361,110.42106400380607,111.64118194580078,43744909
2023-08-24,112.157386312021,112.720518200294,110.79648365197707,110.98419189453125,27103446
2023-08-25,110.74954982330675,110.89033458147537,109.52942479999231,109.7171401977539,23692527
2023-08-28,109.81099835624174,110.98419278312467,109.81099835624174,110.37413024902344,19218821
2023-08-29,111.2188214637486,112.76743939726454,110.51490487220589,112.20430755615234,36038317
2023-08-30,113.09593082707198,115.16074993643437,112.8612919664349,114.59761810302734,51467177
2023-08-31,115.30154195588406,116.00545858218447,114.64455596891445,115.34847259521484,60626985
2023-09-01,115.91160204190336,120.79208768468685,115.81774792581331,119.24347686767578,76460408
2023-09-04,121.26135912542345,124.73401136459886,120.9328733164803,123.65467834472656,68525900
2023-09-05,123.65468820801449,124.31167419952455,120.93288296266405,123.60775756835938,36466807
2023-09-06,124.2647467059124,124.2647467059124,120.32281633583268,121.63680267333984,36058850
2023-09-07,121.54293690376117,122.76306191452949,120.69824268465561,122.15299224853516,30268235
2023-09-08,123.32618022701634,123.56081908918435,121.2613611041818,121.54293060302734,34313523
2023-09-11,121.54292676269561,123.74853772587313,121.26135727274671,123.09153747558594,33377857
2023-09-12,124.64016778218242,124.96865360000236,120.74515403576498,121.07365417480469,38065283
2023-09-13,121.6367972769448,122.48149148976543,119.8535332525609,121.5898666381836,23371459
2023-09-14,122.95077157684932,125.95414633890994,122.76306333944937,123.60775756835938,58800620
2023-09-15,124.4524769527478,125.10946300145203,121.87144908044982,123.8424072265625,85058495
2023-09-18,126.70499309231269,126.70499309231269,122.05914620983866,122.43456268310547,62420823
2023-09-20,122.43456031992622,123.70161595488136,120.13510224280408,120.41667175292969,43627379
2023-09-21,120.41666541374391,121.3082902145197,119.38424870470703,119.9473876953125,29826091
2023-09-22,119.33733770862604,120.79209449152503,117.78871964373766,118.9619140625,34059194
2023-09-25,119.478113963917,120.41666943209981,118.35184310573163,119.57196807861328,23466981
2023-09-26,121.07365864110356,122.52842252002755,120.51051961661031,120.97979736328125,48936598
2023-09-27,120.83901792214219,120.83901792214219,118.91497632593396,120.27587890625,33277329
2023-09-28,120.46359866179148,121.35522348189998,118.53955711026063,119.00883483886719,29982233
2023-09-29,120.32281138218599,121.58986702668565,119.71275604000188,120.97979736328125,28406435
2023-10-03,121.07366448640823,121.16752576876206,119.43119229376316,120.1351089477539,18613557
2023-10-04,119.19654702014611,119.29040113685885,116.8501582992771,117.60100555419922,33272725
2023-10-05,118.1641396595734,118.39877853611719,116.89709115835899,117.5540771484375,27063441
2023-10-06,118.7272783271568,119.19655610710603,117.41329911117681,118.16414642333984,21928671
2023-10-09,117.1317290657536,117.22558318347252,115.06690267288651,116.24009704589844,21457836
2023-10-10,117.03786653270257,118.16413741508576,116.14624168301638,117.60100555419922,28745957
2023-10-11,118.25798515836962,118.53955465394297,117.03786022503145,117.27249908447266,24455932
2023-10-12,117.64793800115143,119.10270198323832,117.41329911117681,118.16414642333984,19361688
2023-10-13,117.31943288799145,118.02334948531941,116.38087742488753,117.36636352539062,26912800
2023-10-16,117.41329158036181,119.43118733683909,117.27250682328476,119.19654846191406,23868700
2023-10-17,120.0412458127047,120.65130829914553,119.19654445921816,119.57196807861328,24241710
2023-10-18,119.99431423969303,120.79208494930779,118.82111991360958,119.29039764404297,20926079
2023-10-19,117.78871784512958,118.7272733658079,116.70937756422744,118.25799560546875,30941319
2023-10-20,117.31943543967222,118.02335205231024,115.16075496333822,115.53617858886719,30746140
2023-10-23,115.77081494806092,115.81774558546263,112.34508607542277,112.62665557861328,30699479
2023-10-25,113.75292251977353,115.25461703220905,113.33057541353237,113.89370727539062,27346103
2023-10-26,113.42443126131572,113.47136190077431,111.59425089219445,112.53280639648438,36298907
2023-10-27,113.09593826693629,114.31606328675728,112.15738276264636,112.53280639648438,28424007
2023-10-30,113.61214480056321,113.79985303410739,111.64117254529883,111.82888793945312,18753217
2023-10-31,112.62665501644737,112.76743976733991,111.12496771501672,111.45346069335938,22319950
2023-11-01,111.6881043931507,111.78195851093886,108.87243789584437,109.4355697631836,24717941
2023-11-02,107.55845491847046,111.26575330370937,107.55845491847046,110.84339904785156,72538804
2023-11-03,110.93725401141431,111.31267763262483,109.90484442354287,110.09255981445312,31747230
2023-11-06,111.21882100041296,112.29816120173726,110.28026554893269,112.06352233886719,27883152
2023-11-07,111.96967898959583,112.8143732486415,111.12497756993965,112.29817199707031,25818033
2023-11-08,112.39202476435393,113.09594141214738,111.26576099212859,111.73503875732422,22552386
2023-11-09,111.87581770693697,113.09594277539708,111.54732469946248,112.29817199707031,22979112
2023-11-10,112.15738322006071,113.04900808852838,111.50039722862245,112.67359161376953,23584510
2023-11-13,113.42443130663135,113.79985494061935,112.53280644144378,113.56521606445312,17951775
2023-11-15,114.22220703764565,116.75631130718455,114.03449879276596,116.42781829833984,38344393
2023-11-16,116.38087871783097,117.55407305974458,115.44232324430007,117.0378646850586,30836413
2023-11-17,117.03787098066732,118.02335714512925,116.66245449954886,117.50714874267578,23319439
2023-11-20,117.36636661193766,117.9294984724875,116.42781112415123,116.7093734741211,18780290
2023-11-21,117.36636628690222,118.63341475978291,117.27250500989543,118.49263000488281,29643312
2023-11-22,118.6334142962978,119.10269203705799,117.78871293080745,118.35184478759766,19588063
2023-11-23,118.58648503711332,119.57197116841473,118.16413792976137,118.91497802734375,30736851
2023-11-24,118.91497617869612,119.19654568629359,117.83564310766259,118.2110595703125,14719450
2023-11-28,119.19654800116176,119.19654800116176,118.25799250508962,119.0557632446289,18377843
2023-11-29,119.3373350426418,120.27588339607411,118.91498076495643,119.90046691894531,23092165
2023-11-30,119.94739801659013,120.93288417433945,118.72727297943482,120.04125213623047,40165104
2023-12-01,120.97979788502786,122.29378417410548,120.18203430497894,122.01221466064453,31192397
2023-12-04,124.07702352623953,124.21781543181953,122.38762090781363,122.95075988769531,41230928
2023-12-05,122.95076176834051,124.3116642824485,122.0122063349944,123.51390075683594,35192149
2023-12-06,124.35859810446154,125.20329228762658,122.7630566911388,123.74854278564453,40753593
2023-12-07,123.60775614196274,124.07703389065752,121.82450642541069,122.01221466064453,34686333
2023-12-08,122.15300034455692,123.3261947939715,120.08818097783153,121.2613754272461,34393711
2023-12-11,121.87144245226865,122.48149782405332,120.83902563101046,122.05915069580078,24038059
2023-12-12,122.05914846123339,124.0301064640694,121.73064830015036,122.1060791015625,30696410
2023-12-13,122.52842355047157,123.42004841240073,121.21443725601034,123.32618713378906,22767972
2023-12-14,124.17089752172592,125.06252239689682,123.42005024534282,123.88932800292969,43372143
2023-12-15,125.20330540085537,128.34747224091285,124.82788890706698,128.06590270996094,77377446
2023-12-18,128.44133444724852,129.14525111907219,126.79886221299327,128.20669555664062,38461877
2023-12-19,128.25360823810502,129.14524745408846,126.51728908961402,127.08041381835938,27726431
2023-12-20,127.549683062776,127.78432193104543,120.8390171587582,121.77757263183594,39495961
2023-12-21,120.7920795597744,123.373106961997,119.99430888575478,122.95075988769531,34914399
2023-12-22,124.26474587545546,126.47035708936122,123.65469051223258,125.3440933227539,37357334
2023-12-26,126.4234300484905,127.73741641462952,126.18879116038222,126.89270782470703,25936447
2023-12-27,127.50277974192498,130.36536276960723,127.17427956437713,128.7698211669922,48101400
2023-12-28,129.66143798828125,130.2245770228141,128.44132728216107,129.66143798828125,34661176
2023-12-29,130.08379862169656,132.57096497955038,128.72288168351417,131.02235412597656,49202910
2024-01-01,131.39776611774306,132.2893909521552,130.50614128333095,131.25698852539062,21186105
2024-01-02,131.86704835134037,131.96090963025657,128.62903472581846,131.02235412597656,27764060
2024-01-03,130.92850051373696,131.02236179814932,126.09494511214847,127.03350067138672,45176618
2024-01-04,127.64355559677607,127.9720557698151,125.76644448505877,126.00108337402344,43913498
2024-01-05,126.70499821552649,127.59662311650266,124.68710952798986,125.43794250488281,71330190
2024-01-08,126.98656406724704,127.5966194236217,123.65468912413625,123.88932800292969,39559717
2024-01-09,125.29716490202064,126.51728997130326,124.35860935968341,125.43794250488281,30736868
2024-01-10,125.57873625509293,126.42343052699131,123.98319467416198,125.86030578613281,27213624
2024-01-11,126.56422106982723,127.31505404943226,125.95415137237177,126.61113739013672,23113349
2024-01-12,127.45582708074221,127.87817414946915,126.37647977041898,126.9865493774414,32883921
2024-01-15,127.64355421892529,127.87819310535714,125.71951248593992,126.61113739013672,34158775
2024-01-16,126.42342256213486,129.98993631442823,125.76643657858038,128.81674194335938,56361287
2024-01-17,127.12734302255869,127.40891254435944,123.3261902813005,123.56082916259766,58982971
2024-01-18,123.56081518155118,124.12395416143286,120.32280185027938,122.95075988769531,45273496
2024-01-19,124.45247243534517,126.42343050991558,123.51391687948652,126.00108337402344,32653013
2024-01-23,126.5172871893049,126.89270366949631,121.35523181995895,122.1060791015625,35373970
2024-01-24,122.19991016686429,127.22118728334283,122.10606321963316,126.84575653076172,39340119
2024-01-25,128.11281917964186,128.11281917964186,123.88931964624707,125.53179168701172,61358839
2024-01-29,126.42340945875426,127.08039537421428,125.29714584350586,126.7049789428711,29745400
2024-01-30,127.26814767578456,129.23910588311998,126.23573076630728,126.4234390258789,35704185
2024-01-31,126.70499378256243,128.3005352844691,126.23571602781219,127.59661865234375,36079354
2024-02-01,128.01896074213494,128.34746088605343,126.23571107257173,126.51728057861328,31701793
2024-02-02,126.9865450190422,131.02233599315753,126.51726733184782,130.17762756347656,69296192
2024-02-05,131.3977600249056,134.5419264397036,130.7877047247063,132.85252380371094,80737626
2024-02-06,134.2134435158952,136.18441589741428,131.82012400154235,135.76205444335938,53192936
2024-02-07,137.82686163690417,138.34305563277,135.1989037400179,135.5273895263672,61517064
2024-02-08,136.37212686652762,136.70061272252704,134.26037683896303,134.82350158691406,38997666
2024-02-09,135.33969451067205,135.57433337574645,130.59998657192511,132.61788940429688,35961925
2024-02-12,133.27488054499867,134.16650540271056,128.25360290865316,128.95751953125,36477544
2024-02-13,129.28602153298965,129.7552992881003,125.86029964916997,129.3798828125,39155909
2024-02-14,128.58210239101555,132.80560210458907,127.40890802613403,132.52403259277344,29141690
2024-02-15,132.80560210458907,134.6357824495602,132.33632435863646,132.52403259277344,31587387
2024-02-16,133.321818632224,134.63579067265613,132.8056102159038,133.55645751953125,22316127
2024-02-19,134.16652192094202,134.5419527586146,132.66484153391804,133.22796630859375,16973568
2024-02-20,133.22794921915667,133.50951873098805,131.44469951292507,132.3832550048828,24291123
2024-02-21,132.8525240584801,137.21680108204603,132.75866278693744,135.05812072753906,88000833
2024-02-22,136.09053231318023,137.1698652892455,134.68269922028526,136.9352264404297,46728176
2024-02-23,137.40451853141337,138.0615188338946,136.0905465688915,136.5128936767578,28414697
2024-02-26,136.888322464166,136.98216941941865,133.50951700822895,133.8849334716797,22570277
2024-02-27,133.88492737039775,135.62126065747606,133.27487206478614,135.33969116210938,24119469
2024-02-28,135.198936152927,136.04363045886947,131.4447137776772,132.10169982910156,20721926
2024-02-29,132.1486107449071,133.13409683553382,130.83462451699825,132.19554138183594,32248156
2024-03-01,134.2134315404417,141.39337512163473,134.2134315404417,140.73638916015625,123709943
2024-03-04,145.3822443139194,145.3822443139194,141.76881415479082,143.69285583496094,67577785
2024-03-05,143.78671000183348,144.53755731968653,141.48725172690095,142.51966857910156,37165490
2024-03-06,142.4727271558528,143.27049073471392,138.8123521287512,142.28501892089844,51782444
2024-03-07,143.03585996544538,149.37110992236174,142.8950823615579,147.58786010742188,124847699
2024-03-11,149.1364561555137,149.1364561555137,143.59898469636403,144.02133178710938,54155385
2024-03-12,144.72525646512963,145.05375662140824,141.62802042457596,143.1297149658203,34947937
2024-03-13,143.41129362507633,143.50514058912412,133.74416841242518,134.82350158691406,70937597
2024-03-14,134.7765825816387,135.10506843109684,129.84916594877632,133.69723510742188,91956952
2024-03-15,134.11956504187438,134.87041224912937,131.25698244111993,132.99330139160156,68482621
2024-03-18,133.79108869885854,141.01796314732255,133.4625885470655,140.5017547607422,166913078
2024-03-19,139.84477682674634,143.08279060714824,138.53080478639288,139.61013793945312,105004268
2024-03-20,140.40791310255383,141.3933849526812,135.01121880174583,136.7006072998047,77550319
2024-03-21,138.90620978811123,141.9095844327994,138.71850155804697,140.87718200683594,84225737
2024-03-22,139.844774191538,143.36435743461362,139.2347188245599,142.4727325439453,68241556
2024-03-26,141.86264859905117,143.97439833267313,141.25259329338147,143.0358428955078,52965508
2024-03-27,143.0827744692492,144.63139954345195,142.66042738400097,143.31741333007812,35328794
2024-03-28,143.31743654558858,147.3532284698348,143.31743654558858,146.27389526367188,62575327
2024-04-01,147.16550174482964,153.82923704273637,146.88393223731921,153.1253204345703,84583929
2024-04-02,152.93761586285498,155.33093525213192,151.85828276632833,154.5331573486328,69533405
2024-04-03,154.5331446563247,156.03483906149447,153.07839520776437,153.59458923339844,50938559
2024-04-04,155.37785764464343,155.75327409623506,151.10742748199527,153.35995483398438,61094750
2024-04-05,153.82922808323147,154.06386693895405,150.9197148650031,153.3130340576172,44668121
2024-04-08,156.69184969040677,156.69184969040677,154.1108218705488,155.04937744140625,48255703
2024-04-09,155.8002166748047,159.36673052317087,155.04936939285062,155.8002166748047,63884687
2024-04-10,157.0203344214069,158.80358410211556,154.39237621729404,154.90858459472656,64134758
2024-04-12,155.80020020277857,155.80020020277857,152.98453393405364,153.4538116455078,55317636
2024-04-15,151.85826906744555,154.5800740434652,148.85489460257782,150.96664428710938,66426404
2024-04-16,150.96666762509543,152.46834792906498,149.23033410979482,150.2158203125,41391261
2024-04-18,151.01358394614033,153.92311191198962,149.37111171537214,150.2158203125,68093672
2024-04-19,150.1688745942207,152.51526325975541,147.63477769968722,152.1398468017578,60078229
2024-04-22,153.73539275103772,154.58008696698252,151.5767122510206,151.90521240234375,39304790
2024-04-23,153.45382589886722,153.45382589886722,150.91972888588234,151.2482147216797,30295177
2024-04-24,152.46834082211518,156.64491000714344,151.52978530542475,155.37786865234375,59894921
2024-04-25,155.2370714736159,157.6773214628384,154.0638771174936,157.395751953125,50128523
2024-04-26,157.67732226479077,160.21141922265943,155.0962946681945,155.6125030517578,65355111
2024-04-29,157.86502876629712,159.1790150301514,156.64490377886818,157.1141815185547,44906151
2024-04-30,158.05273134685547,158.05273134685547,154.39237083666254,154.8616485595703,55043389
2024-05-02,154.86164969979347,158.5220102369371,154.86164969979347,157.0672607421875,69320283
2024-05-03,158.56894350674858,160.25834621395077,155.0024298629262,156.2694854736328,62573586
2024-05-06,157.6303809480024,158.28736688202335,154.58007581320157,157.30189514160156,37621296
2024-05-07,157.63039794814583,157.63039794814583,152.32756494730995,154.15774536132812,43611824
2024-05-08,154.11080411662664,156.83262355128622,153.45381815695703,155.84713745117188,30128705
2024-05-09,155.75328590443846,156.4572025454539,151.57671669865766,151.95213317871094,30223088
2024-05-10,153.17224921828685,154.25159659713955,151.9052079316596,152.28062438964844,31472419
2024-05-13,152.46834700464285,154.39238875612145,148.33870829223812,153.78233337402344,36561003
2024-05-14,154.01696419618196,156.31642232063896,153.4538251643384,154.81472778320312,46261468
2024-05-15,154.8147349877422,157.25498514433107,154.8147349877422,155.4248046875,29601304
2024-05-16,156.9734002000658,157.67731679289122,152.32755355166208,155.7063446044922,41126570
2024-05-17,156.36334415264298,158.09966314745432,155.28399678927627,157.0672607421875,39181277
2024-05-21,158.1466057137796,164.4349248571457,157.6303973115973,163.6371612548828,84833644
2024-05-22,164.6695455284369,164.71647616366755,160.96225448472356,162.6516571044922,42919832
2024-05-23,162.4170185224567,164.99804593106742,160.02369933386473,164.7164764404297,49377680
2024-05-24,164.20029227572033,166.6405424589897,163.4494449638512,164.1064453125,38674485
2024-05-27,166.78129550307443,166.78129550307443,164.1064211450639,164.7164764404297,30410585
2024-05-28,165.09190632784006,166.59360085274736,162.79244822256734,164.15335083007812,39208456
2024-05-29,164.01256691537253,165.18576124237805,162.83937258836698,163.5432891845703,36575550
2024-05-30,161.4315553814586,161.4315553814586,153.313055563147,154.0638885498047,108813875
2024-05-31,155.84713485979879,157.6303844808536,153.92309332894308,156.9264678955078,83713848
2024-06-03,162.60473372296588,164.2472057807736,158.47509542039435,163.5432891845703,86397540
2024-06-04,163.77793642417495,163.91871402212587,139.04699301788153,149.1833953857422,125042158
2024-06-05,152.1867550577945,159.1790043677319,149.23031122429148,158.80357360839844,60098501
2024-06-06,159.5544433672781,163.96565158436454,158.99130430925808,161.47848510742188,57920819
2024-06-07,161.4315501275546,168.6114941576465,160.30528636300187,167.90757751464844,84319867
2024-06-10,169.1370863687229,170.91095562178475,166.46219756941727,169.212158203125,74286848
2024-06-11,169.40926019066714,172.45956542955724,169.40926019066714,170.18826293945312,55555544
2024-06-12,171.05174936414733,172.5722047757045,170.34783270009734,171.03297424316406,33304643
2024-06-13,172.13106503130552,172.7880653079752,169.41864033427535,171.34268188476562,36669164
2024-06-14,171.70873035796066,172.22493876072468,170.253966430615,171.8964385986328,28509237
2024-06-18,172.50650131241707,173.2573485659894,169.50312661934797,169.9911651611328,35032118
2024-06-19,171.23945381879082,171.27700405992593,168.29239002340327,168.95877075195312,27476795
2024-06-20,170.4416841551151,171.70872548460727,168.34869508342138,171.07989501953125,38837494
2024-06-21,171.7692612390028,173.20545912431137,170.60115245683764,172.2863006591797,65494855
2024-06-24,169.89263217981113,171.33839941275582,167.65216705545657,170.39051818847656,47597307
2024-06-25,170.41926148471478,171.38629622063544,167.79580118808022,168.20750427246094,30599989
2024-06-26,168.20748646059263,168.513882350278,164.530823442929,165.22019958496094,44006436
2024-06-27,165.22020124495944,167.50854260865793,164.49253291428585,166.7521514892578,49767976
2024-06-28,166.76173372478144,169.56711472112474,166.18726329624906,166.60853576660156,37521949
2024-07-01,167.0776881572447,168.50431665661114,166.12979228870128,166.66598510742188,27807688
2024-07-02,167.04896708373604,168.27452146244843,166.21597697267265,167.11598205566406,33359495
2024-07-03,167.11598556691845,169.35646545267204,166.98194101048543,168.86814880371094,29090492
2024-07-04,169.471356467363,170.61074250094825,168.34155443693248,168.7915496826172,29504744
2024-07-05,168.7053767114824,168.7053767114824,166.02447104847684,167.2787628173828,38123217
2024-07-08,167.1734289266929,168.0064189713982,164.77018193648235,164.9521026611328,31479861
2024-07-09,166.21596346390575,166.31170121741644,164.21485010573164,164.49252319335938,25127904
2024-07-10,165.16276935310563,165.53618024725262,159.9158634377228,160.83502197265625,41525591
2024-07-11,162.76909536932962,163.67868445091202,161.49566481121008,161.7350311279297,33987236
2024-07-12,162.96058356043804,163.14250429654055,160.86373231337913,161.5148162841797,33311402
2024-07-15,161.51481617364936,161.80205867204833,158.74774217160137,159.66690063476562,32635187
2024-07-16,160.66267541558173,162.59675935397343,159.6094577734475,159.96372985839844,26505901
2024-07-18,160.48075185594854,160.48075185594854,157.44558875302025,159.28392028808594,36568852
2024-07-19,158.9392305226065,159.02539888823415,150.5135334524681,151.05929565429688,77987514
2024-07-22,151.66249305680057,153.86466610167957,149.75714651808016,153.50083923339844,40353690
2024-07-23,154.72638936891312,155.08064683428645,148.40711291074504,153.21359252929688,37077411
2024-07-24,153.21359821093546,155.12852877111797,152.41890027528842,153.4912567138672,28086566
2024-07-25,151.75825217012866,151.75825217012866,150.22630182482223,150.69546508789062,45155876
2024-07-26,151.99760039001671,156.018951305155,151.480575610685,155.63597106933594,45642032
2024-07-29,157.69451536236318,157.69451536236318,155.4253275157265,155.94235229492188,31754833
2024-07-30,155.97107670142609,158.26900196887053,154.4487105254659,157.09132385253906,42824600
2024-07-31,159.21688793885622,159.41796206705504,156.59344253796917,158.2977294921875,52769925
2024-08-01,161.04565368510555,161.76375262954843,154.05615437057605,156.12428283691406,118341338
2024-08-02,154.1519103961325,154.3338311372673,148.13902959418223,151.4901580810547,72427529
2024-08-05,147.12412738179393,147.44966209045603,142.66233539920745,143.4474639892578,102883971
2024-08-06,144.7783367837013,147.25816844448048,143.24638643501106,143.9261932373047,53507102
2024-08-07,147.16241483742957,147.73689986582087,145.43897436201678,147.31561279296875,32029697
2024-08-08,146.8751653605634,146.9134721525128,143.61978931336463,143.88787841796875,51858615
2024-08-09,146.4921844563585,146.4921844563585,144.8166202550603,145.35279846191406,23290101
2024-08-12,144.57725226192537,146.87516301026378,143.5048958606688,145.5921630859375,30550334
2024-08-13,145.63047903238453,146.44431577744308,142.18359808342728,142.5474395751953,29396493
2024-08-14,143.52403914556635,143.52403914556635,136.29518799367844,139.95269775390625,97911180
2024-08-16,141.7048659227837,143.61979654336187,140.23037577323345,143.16021728515625,54131721
2024-08-19,144.4336440738492,147.7368963848656,143.99320361449196,147.41136169433594,62889770
2024-08-20,149.07733166396417,149.07733166396417,146.30068837299874,147.3826141357422,37559016
2024-08-21,146.49217881589504,147.62198076401268,145.31450068477454,145.45811462402344,49749381
2024-08-22,146.0230214105015,147.78476859071984,146.0230214105015,147.5836944580078,36719176
2024-08-23,147.44965366407368,147.8230645402611,146.06133192490307,147.64114379882812,31490857
2024-08-26,148.03371311350293,149.74756960110676,147.16241616946866,149.0773468017578,32497603
2024-08-27,149.17309067853427,149.84331343969902,148.02413528657172,148.119873046875,24523684
2024-08-28,148.11987985639436,148.40712237003052,146.5400679460372,147.16241455078125,25195197
2024-08-29,146.6932521114545,147.02835617106115,144.76873767783806,146.4634552001953,44452983
2024-08-30,146.49218706221254,148.64648393077448,145.9847316352877,146.26239013671875,55134023
2024-09-02,147.35390819306303,147.35390819306303,145.66877447463654,146.37730407714844,19200143
2024-09-03,146.33899814459508,146.92305258273504,145.5443001641908,145.6783447265625,19780066
2024-09-04,143.14105342171146,145.70705325297433,142.81551874635903,144.7495880126953,39613696
2024-09-05,144.57725591620016,146.2911123229386,144.57725591620016,145.26663208007812,28347324
2024-09-06,145.47727901203777,146.3964375122058,143.28467530875676,144.78790283203125,30709532
2024-09-09,144.481503529731,144.481503529731,141.7527362736201,143.11233520507812,32624586
2024-09-10,144.09851732810043,145.1421509240014,142.48039874944587,143.064453125,41607844
2024-09-11,143.52404086279952,143.81128337122274,141.34102117440037,141.8676300048828,24633287
2024-09-12,145.53471756509396,145.95600461139665,142.42295551189292,145.28578186035156,73191476
2024-09-13,146.28152752940275,148.79008160011858,146.0134384505366,146.96133422851562,54894255
2024-09-16,148.40711745645567,149.03904804358055,146.97091954558672,147.65072631835938,32575460
2024-09-17,147.44964140549396,147.67943831395104,145.79323069342468,146.31983947753906,18275113
2024-09-18,145.91770069332145,146.47303230076827,143.2463790294976,144.19427490234375,24856345
2024-09-19,145.4294010626895,145.71664356917074,141.50378756355425,143.17935180664062,36913781
2024-09-20,144.57726008887275,146.81772538125833,144.2421413904577,145.5538787841797,53873369
2024-09-23,147.81348959751986,147.82305899048202,146.30069275316202,147.44007873535156,33281905
2024-09-24,148.5507215316357,154.63063146084204,148.2634936563583,153.70188903808594,137414352
2024-09-25,154.6306460397091,155.77003208493187,152.73486883534235,154.78384399414062,58044967
2024-09-26,155.10937615315066,158.8434849203407,153.65402482937571,158.56582641601562,88661662
2024-09-27,159.89669199903508,161.82119183483928,158.83390501872296,159.46583557128906,72795668
2024-09-30,160.37542640642263,162.9414262162406,160.1456294911625,161.38076782226562,92381529
2024-10-01,162.2807859160864,162.2807859160864,158.07751417123993,159.9254150390625,50761579
2024-10-03,158.46050369539955,162.7595280581904,157.5221918125888,159.87754821777344,75959797
2024-10-04,159.89669969092603,161.90738259681194,157.024303888095,159.65733337402344,53880875
2024-10-07,159.99244806433083,160.80628475561033,155.42533476120158,157.36898803710938,48775098
2024-10-08,156.0668383152851,156.63173931572797,150.03480421918394,152.73486328125,74956764
2024-10-09,152.7348740754111,155.3008741562495,151.38484444896807,152.29443359375,42766218
2024-10-10,151.56676209160358,154.324252260621,149.93907398014832,152.92636108398438,46507936
2024-10-11,152.52421691767853,156.81365713768548,152.42846454898114,153.8263702392578,53263433
2024-10-14,154.99448097060719,156.43067886066913,151.3178032686307,151.58590698242188,35566857
2024-10-15,152.71570061988155,152.7444234073302,148.45498336779914,149.01031494140625,38964393
2024-10-16,148.58904092772988,149.89119430858034,147.46880828982898,148.6369171142578,28518262
2024-10-17,149.0294560654913,149.65181722608608,145.63046621280222,145.91769409179688,28404223
2024-10-18,145.9177063216584,149.55607739472043,144.67301311566652,148.78053283691406,34750795
2024-10-21,149.46033162392519,151.2124801778258,148.0145497437117,148.4358367919922,25799090
2024-10-22,148.31135748461637,148.31135748461637,143.71553609316737,143.99319458007812,39079846
2024-10-23,143.90702665194343,145.48683843381778,141.7527298895184,142.45167541503906,42107893
2024-10-24,143.1314898604578,143.45702454907357,141.71443072808205,142.64317321777344,22115070
2024-10-25,142.66232412927562,143.1410567605819,138.28670086645107,139.6558837890625,39730802
2024-10-28,139.7899314876512,143.3612729068424,138.5739464860324,143.0261688232422,28386897
2024-10-29,143.4761713170648,144.05064169224244,140.31653311942756,143.67723083496094,32258407
2024-10-30,141.8006158267189,144.52938314763492,141.8006158267189,142.63360595703125,21362130
2024-10-31,142.7389138269655,143.57190387617973,141.8963397755013,142.24102783203125,26383702
2024-11-01,143.2942485065543,143.8591494807019,142.66231795424014,143.3804168701172,5106804
2024-11-04,143.61979603375312,143.61979603375312,138.92822187388833,140.69952392578125,25571021
2024-11-05,140.74739313561867,146.06132824738492,140.69951695069528,145.8123779296875,42772283
2024-11-06,147.4496416240549,148.35923064718642,143.22721656211465,147.08580017089844,48928986
2024-11-07,149.46989724917992,150.24544174589212,143.81127424832144,144.5293731689453,88254789
2024-11-08,145.53471583725118,145.53471583725118,140.68994408180956,141.29315185546875,61980989
2024-11-11,141.29314898277426,141.4080401336077,137.97074351341604,138.84202575683594,47497863
2024-11-12,139.45481000440753,140.8718691156459,137.492017898951,138.0377655029297,28861672
2024-11-13,137.49202133184406,137.49202133184406,132.70469488727792,133.2504425048828,57609083
2024-11-14,133.76747889794598,134.7440829513831,131.65147422931113,132.11105346679688,36345184
2024-11-18,133.5568329184097,137.15689699718155,132.1302044370754,135.20367431640625,40233848
2024-11-19,135.96006193234294,136.42922515204557,133.14511183364692,133.52810668945312,37611903
2024-11-21,133.56640690887318,135.57708984602934,131.41211002324619,134.2557830810547,58398744
2024-11-22,134.1887555149593,137.09945819896518,133.71002286651526,136.70689392089844,43710169
2024-11-25,138.7750212620927,139.9335460797896,136.76433831220302,137.5590362548828,53883890
2024-11-26,138.08564588350688,139.5984428013521,137.472868679675,138.32501220703125,25608469
2024-11-27,138.17180277308236,138.73670374332016,136.82177331423495,138.3824462890625,24895631
2024-11-28,137.87499370823693,139.07182525084315,137.00369683887718,137.2909393310547,30947861
2024-11-29,137.77923640632747,139.30161717741578,136.96539975235902,138.3920135498047,29742979
2024-12-02,137.98032205176875,140.5846287815188,137.05157956161287,140.1824951171875,23840351
2024-12-03,140.50801992368523,141.89634155975267,140.11545568024775,140.30694580078125,35527228
2024-12-04,140.74739575323386,140.79527193904764,137.8749999215352,139.6463165283203,38537808
2024-12-05,140.26866039728668,141.5899671293947,138.64097237947502,140.81442260742188,36328245
2024-12-06,141.22613749703783,142.35593958432852,140.3644245358758,141.98252868652344,30604899
2024-12-09,141.9825172020591,144.26128919959288,140.39313597135887,143.50489807128906,39059139
2024-12-10,143.80171807116724,146.01346061238982,142.95914391841148,143.9261932373047,36278104
2024-12-11,144.1846908994371,145.64004219447833,143.67723547724202,144.19427490234375,20499709
2024-12-12,144.4527760312419,145.18045896362426,142.3750782143673,144.36660766601562,25761723
2024-12-13,143.61978231613364,143.66765849885763,139.35906502937362,142.61444091796875,39701388
2024-12-16,142.60487799324102,143.42829870025722,140.84314542326788,141.5037841796875,22634773
2024-12-17,141.50378810321808,142.18359488415763,139.14843168256274,139.48353576660156,27110781
2024-12-18,139.78993509363937,140.6516480277094,137.20478168166815,138.31544494628906,19850229
2024-12-19,135.5292159098812,137.6835128312718,135.09835944755528,137.16647338867188,27104579
2024-12-20,136.81220203298884,138.25796922747668,134.04512818554898,134.69619750976562,46503449
2024-12-23,136.39091848123633,137.68350237985638,134.62918597226198,135.68240356445312,27514178
2024-12-24,135.19407991159585,135.48132238631018,133.32702574059147,134.40896606445312,25882917
2024-12-26,134.9547172467949,135.14620736516756,133.5759650188964,134.3898162841797,23939932
2024-12-27,134.71536710834124,135.72070861260912,132.71426810321762,133.0015106201172,19562177
2024-12-30,133.00151481309618,133.3270495246232,130.30145552278444,131.057861328125,32555723
2024-12-31,131.04826869538877,132.78127852119832,130.75145679502504,132.17808532714844,20080291
2025-01-01,132.2259662833139,132.56107037881694,130.77061490896088,130.92381286621094,18169498
2025-01-02,131.17273407301693,132.5610557087721,130.59824910178597,132.3025360107422,23388424
2025-01-03,132.30253270223997,133.7866066660078,131.97699804457096,132.47488403320312,23351832
2025-01-06,132.4748895962608,132.50361238433428,125.76306360416112,126.55774688720703,44620509
2025-01-07,127.13224105173092,128.18545872303827,126.39498868181578,127.70672607421875,24239451
2025-01-08,128.23331559382538,128.5301420973989,126.1652017302452,126.9981918334961,31570331
2025-01-09,126.38541779701265,126.76839806764471,124.18324471647617,124.40345764160156,31903107
2025-01-10,124.40345972299295,124.84390019037357,121.31085088710218,122.00980377197266,34855510
2025-01-13,120.6406203908586,121.11935301145725,117.40439050536858,117.70120239257812,38968332
2025-01-14,117.71078251633102,122.21086635898129,117.71078251633102,121.53106689453125,36877365
2025-01-15,122.55555402802851,122.85236592287846,120.42997996907405,121.14807891845703,18773125
2025-01-16,122.55555507800953,123.00556492559245,121.17680274582023,122.3736343383789,22164393
2025-01-17,122.45981399969992,125.58115294011135,122.21087097497396,124.73857879638672,27421959
2025-01-20,125.41838312893918,126.48117018126658,123.42685357999412,126.05988311767578,20571916
2025-01-21,126.44286142309578,126.76839610907963,123.752386347607,124.18324279785156,32238213
2025-01-22,124.7098548527199,124.8056072262617,121.7129911048261,123.4364242553711,27505569
2025-01-23,122.41193586164648,125.18858666353462,122.26831460717494,124.82474517822266,20722538
2025-01-24,124.94921833698494,127.53437165648766,123.80983232263387,124.22154998779297,37092106
2025-01-27,123.53217272178101,123.94387577351505,120.39168051290343,120.99488830566406,24650571
2025-01-28,120.9948880126621,124.93964752916087,119.4342149575899,123.14917755126953,40373804
2025-01-29,123.51301744996476,125.75348263224956,123.08216100871927,125.23645782470703,16674706
2025-01-30,125.23645776701343,126.52902709015444,124.56623501318917,125.54283905029297,25256096
2025-01-31,125.54283831553602,129.25780814322,124.40345233582303,128.8939666748047,26689228
2025-02-01,129.25780886912372,129.73654149456493,124.70984892743233,127.31415557861328,21173846
2025-02-03,125.7056113159095,126.8737201368187,122.37363620221089,126.21308135986328,27765357
2025-02-04,127.1513866031904,128.6258766422838,126.26093633425106,127.74501037597656,25032519
2025-02-05,127.48650268955087,129.63123028563984,127.41948771360889,128.68333435058594,16958362
2025-02-06,128.77907358400006,129.13333104438675,126.4045639015855,126.90243530273438,22408168
2025-02-07,127.6301215391534,132.84830426209064,126.92159199024184,132.42701721191406,52950146
2025-02-10,132.22595957234125,132.22595957234125,127.34288085359974,128.33863830566406,26120805
2025-02-11,127.3428796833171,128.62587962641553,124.18324140080149,124.5758056640625,23635428
2025-02-12,123.84813721898777,127.6205380710088,122.85236516716951,126.65350341796875,37927696
2025-02-13,126.65351235974546,131.8334032881424,126.25137867534517,130.45465087890625,52036196
2025-02-14,130.45463789680852,133.32703359361898,127.65884117175086,128.75035095214844,41469242
2025-02-17,127.2567108097113,129.06631956098687,125.16942895244972,128.5780029296875,21189637
2025-02-18,128.57800124261013,129.1620556260865,126.14604595012052,128.81736755371094,23957576
2025-02-19,128.77907270932423,131.05784461900643,127.3715976603746,129.9854736328125,18447487
2025-02-20,129.51633446121855,132.47489871450335,129.25781474100347,132.1685028076172,24139808
2025-02-21,132.04404451970584,135.57709385414466,131.31636153324553,134.77281188964844,41987785
2025-02-24,132.9057529509142,134.6770695597755,130.84720844635495,131.7950897216797,25193205
2025-02-25,132.59937559376687,133.4227963419775,130.8855045131865,131.23977661132812,23575603
2025-02-27,131.37380340663796,133.07809025346435,130.10037296764807,132.7908477783203,30747044
2025-02-28,131.93872760523516,131.93872760523516,128.35780195155925,131.36424255371094,45540594
2025-03-03,131.17275201281223,133.13555888824095,128.59716790215208,132.6759796142578,31154401
2025-03-04,130.3588914408109,134.94515829281517,130.03335675342007,133.4132080078125,28634645
2025-03-05,133.08767192247157,140.25909202154875,133.08767192247157,139.88568115234375,62109377
2025-03-06,140.54631968054383,145.72621026535774,139.9814186811011,144.04107666015625,79121467
2025-03-07,143.3708546453163,145.96557734294433,142.92084480008745,145.11343383789062,81821791
2025-03-10,145.11343937543094,147.67945399144855,144.0123601179238,144.62513732910156,54450331
2025-03-11,141.80061348279318,145.24747971693674,141.70486111111111,144.337890625,35916900
2025-03-12,144.57725094291294,145.80280527881376,141.41761273545356,143.9070281982422,26377549
2025-03-13,145.53472830699454,147.02837186521504,143.63895106846553,144.46237182617188,48286431
2025-03-17,145.52514980540872,146.14749637912962,144.48150157089648,145.35279846191406,35879780
2025-03-19,150.1305634274742,152.42847432600115,149.843320912718,151.85400390625,66161413
2025-03-20,153.19445698367383,153.29020936319338,149.9869421966734,152.27528381347656,39889517
2025-03-21,152.2656978580057,152.95507400823206,150.14970783253443,150.5901336669922,49184821
2025-03-24,151.27950697987026,152.2369722139201,150.42736350595635,151.681640625,30905773
2025-03-25,152.23698799498456,152.23698799498456,149.41246818369657,150.06353759765625,28467187
2025-03-26,149.5560738387384,150.83907380780764,148.41668781778858,149.1826629638672,23182869
2025-03-27,148.2156260881754,149.4603338558387,147.6411410847122,148.8092498779297,25909068
2025-03-28,148.77095314475795,150.23587378804137,146.84643866885847,147.679443359375,24589315
2025-04-01,145.60174412203705,148.73264489614846,145.60174412203705,146.60707092285156,29142122
2025-04-02,147.44965240855873,149.6039492781643,145.7932415728839,148.1103057861328,24977582
2025-04-03,146.49217641870388,149.33584924737713,146.1091961804673,147.08580017089844,15117526
2025-04-04,146.12834473777897,146.48261682208707,134.04513771331628,134.41854858398438,80846143
2025-04-07,122.55555075002937,124.80559990848474,119.99912031177419,123.97259521484375,121806340
2025-04-08,129.1524944378805,130.40677165016805,122.57471246608434,124.73857879638672,68999181
2025-04-09,124.47048324757613,124.47048324757613,119.97039946750046,121.77043151855469,73399980
2025-04-11,128.941841924181,128.9705647125571,124.93964423967024,127.74501037597656,73706472
2025-04-15,129.83230454165573,131.17275015923235,129.10462154089,130.60784912109375,38967608
2025-04-16,130.60783426512873,131.74722021535035,128.89396333856956,131.14401245117188,42684087
2025-04-17,128.6833180263989,132.09190643682822,128.01309530319298,131.30677795410156,62282856
2025-04-21,131.79508906581256,134.3323808066835,131.2206186675147,133.260009765625,26503486
2025-04-22,135.96006451631428,136.76433181415285,131.84296104914992,132.2834014892578,58429662
2025-04-23,133.46107472782782,135.48132690063045,131.47912934480175,135.15579223632812,37851304
2025-04-24,134.71535975191557,135.8451763607548,134.31322609412004,135.50048828125,23061444
2025-04-25,135.96005549209787,137.34837708045265,132.1493481683336,132.9440460205078,37764696
2025-04-28,132.64723372335874,136.53455503999055,132.49405038167612,136.027099609375,26971589
2025-04-29,136.02710072882473,137.20477894449593,134.9260068797447,135.48133850097656,25758449
2025-04-30,135.43345734283497,135.53877910523266,132.1302051363776,134.12173461914062,29205042
2025-05-02,134.0451440034791,137.01329232174635,133.51853515865602,135.38558959960938,29588258
2025-05-05,135.54836484352708,136.63029066045345,135.19409276014787,136.0366668701172,17213477
2025-05-06,136.03667639362217,139.21545370509273,135.51963693184993,138.29629516601562,42658262
2025-05-07,136.15156122934144,140.69952135394513,136.15156122934144,139.78993225097656,34674594
2025-05-08,139.78993213040928,140.42186272720443,136.77392231533562,137.5590362548828,29687927
2025-05-09,134.99303746776363,137.17605717588756,134.53344360622944,136.70689392089844,21875453
2025-05-12,139.4165059444386,145.48683170107768,138.3537190064348,145.18045043945312,47087413
2025-05-13,145.53471300649727,146.48260883098732,142.6718867477112,143.0740203857422,54389876
2025-05-14,144.57724576642528,150.4656509255911,144.57724576642528,148.70391845703125,60002060
2025-05-15,148.88584894041847,151.12631415768095,147.73689354257314,150.65716552734375,57066105
2025-05-16,150.65717318899246,151.42313375333512,150.32205448477157,150.84866333007812,22884754
2025-05-19,151.2795161733279,151.41356072985053,149.48906075196962,150.86781311035156,21839582
2025-05-20,151.6146203674169,155.20511486986828,151.2795017032843,151.94015502929688,58061639
2025-05-21,152.66782776703747,154.96575308136366,151.78696150996174,154.76467895507812,36044599
2025-05-22,154.13275353650968,156.6413224535258,153.53912975015402,154.4295654296875,60715453
2025-05-23,154.72639370833107,156.57429466952186,154.630641337283,156.03811645507812,29483665
2025-05-26,156.16258710604288,158.50837403137618,155.1572456781114,155.59767150878906,25581584
2025-05-27,155.59768073375614,156.92855691713783,153.78807190009675,154.78384399414062,23296776
2025-05-28,155.49236253792478,155.77003566293013,153.8167982234654,154.3817138671875,13044476
2025-05-29,155.2912964778573,156.97643011523544,154.63064309549128,156.18173217773438,26455081
2025-05-30,156.17214979263815,156.91897148194354,153.68273442178048,154.17105102539062,32739340
2025-06-02,152.23699162752587,153.3093481512878,150.60930344402672,152.27528381347656,31365564
2025-06-03,152.27526955552628,153.81678921897827,150.48481418229866,150.65716552734375,28398746
2025-06-04,150.80077391717384,152.21781836864687,150.14012057007034,151.45184326171875,16660138
2025-06-05,152.10293698314624,152.3231499097348,150.36992714091605,151.25079345703125,23708504
2025-06-06,152.55391497441923,154.68987355895635,151.13321673748325,154.30775451660156,25804151
2025-06-09,154.50370854827648,155.00339807472366,153.6512926059639,154.1411895751953,15315437
2025-06-10,154.80743070129662,156.08116571614772,152.35794603830144,152.5343017578125,22764080
2025-06-11,153.2887579330468,154.34693717546995,152.17179344667835,153.24957275390625,17605668
2025-06-12,152.84784934308564,153.10259037648876,148.78171061318454,149.80068969726562,27846151
2025-06-13,146.77312403171527,149.41856447828644,146.77312403171527,149.05604553222656,24277592
2025-06-16,148.93846640213576,151.37815861242703,147.7921093251464,151.05482482910156,16188193
2025-06-17,150.70209803815087,151.7602772489202,149.27160731004182,149.5165557861328,16740382
2025-06-18,149.12463111144888,150.10442502801618,147.75292560844213,149.0364532470703,14860746
2025-06-19,148.92867698416805,149.3695812614616,147.4589860928769,147.94888305664062,20145922
2025-06-20,147.70392700702223,150.07502639609703,147.5863565258928,148.89927673339844,29944714
2025-06-23,147.45898055307632,150.2024064371807,147.43938048913083,149.3499755859375,17096676
2025-06-24,150.69230607959693,153.79825097470666,150.5355354661638,151.66229248046875,25403324
2025-06-25,152.7498608237262,153.72965470957556,152.3677418062637,153.22996520996094,18240433
2025-06-26,153.70027010597835,157.84480922363562,153.28875844651355,157.29611206054688,40650557
2025-06-27,157.74682459820806,160.00035365399057,157.4528834256331,158.18772888183594,31989509
2025-06-30,157.7370329296518,158.92257523340902,156.27713456626822,156.53187561035156,15842285
2025-07-01,156.77681298008653,157.19813212171806,154.54288413508942,156.8258056640625,17823415
2025-07-02,156.8258059465753,162.7927470840807,156.60045754044165,162.52821350097656,63315210
2025-07-03,162.64579505453744,165.36962102869037,161.87176441531565,162.5576171875,60571824
2025-07-04,162.55761312522574,163.12589539382557,158.7266153035522,159.71620178222656,22938753
2025-07-07,159.7064126190942,160.0493464791388,156.81602347896515,159.1185302734375,17469909
2025-07-08,159.167516736486,159.6084210032526,158.33470088825314,158.6972198486328,11398248
2025-07-09,158.67762048517898,158.67762048517898,154.3273331395368,155.7872314453125,29839077
2025-07-10,156.76702870753138,158.28571228822938,156.06157588231,157.4136962890625,17566887
2025-07-11,157.39409815300198,158.35429202947023,156.1007779245607,156.61026000976562,20689511
2025-07-14,156.61025305703114,157.8643880503442,156.08117093035503,157.19813537597656,15152964
2025-07-15,157.02176638780477,157.59985615615295,154.75844485133464,155.7872314453125,17993051
2025-07-16,155.787224418252,156.05177294773478,153.82763668972055,154.15097045898438,14591157
2025-07-17,154.31753751190692,157.45287496649962,153.94521104995056,156.66903686523438,21733241
2025-07-18,156.86500525657647,159.4614530433001,156.86500525657647,159.08912658691406,30728478
2025-07-21,159.21651614579585,162.25388335707254,159.20672358850962,159.72601318359375,29812899
2025-07-22,160.0003461911957,161.08791801366775,159.44185649430568,159.74559020996094,13615524
2025-07-23,159.95136074796844,160.82337675678392,158.60904783395793,159.48106384277344,14287149
2025-07-24,159.70639990852942,161.42103917135105,159.52023668220534,160.17669677734375,14377270
2025-07-25,160.19630187733304,160.28447973979533,157.79580982400492,158.16812133789062,12443495
2025-07-28,157.97217482791075,159.0107540258306,155.87541636688312,156.4534912109375,19296285
2025-07-29,155.00339590063598,159.16752008069668,155.00339590063598,158.42288208007812,15262937
2025-07-30,158.42288212915784,159.5006464764026,157.79581461516142,158.09954833984375,16083106
2025-07-31,157.74682428993594,158.85399622593465,153.39653680564152,154.7486572265625,26213891
2025-08-01,154.73884284196984,154.73884284196984,149.42836171891963,149.9182586669922,23927359
2025-08-04,150.39835854214874,156.68863337246128,150.39835854214874,156.33590698242188,30064719
2025-08-05,156.33591385416722,156.90419611590218,155.0817788456723,156.3946990966797,14441034
2025-08-06,156.39469532092863,156.57106599467667,154.61147822240403,155.4541015625,13438851
2025-08-07,153.97461017769194,156.76702885943823,153.10259417768006,156.44369506835938,23159540
2025-08-08,156.277121592409,156.71802584191784,153.83742948444055,154.75843811035156,11951173
2025-08-11,154.75845058288553,156.76703115971318,153.97461243699314,155.3169403076172,14325736
2025-08-12,155.31693617876937,158.38368097798784,155.29733611426408,156.92379760742188,20056598
2025-08-13,157.70762760542405,159.11851821725458,156.66903354672746,156.94337463378906,18079396
2025-08-14,156.78663117732714,157.35491345916554,151.7014982135466,152.16200256347656,47256126
2025-08-18,154.80743468913022,155.78722857956774,152.84784690825515,154.76824951171875,61022494
2025-08-19,155.29732790547314,156.23793659591405,153.59248119487864,156.0125732421875,21224239
2025-08-20,155.00338943303922,159.47124715126446,154.836826266843,158.64822387695312,28520245
2025-08-21,158.6482248201789,159.25569224762015,157.93297946685604,158.2465057373047,17282594
2025-08-22,157.99176932464727,158.02116194615854,154.90542446221374,155.34632873535156,16063984
2025-08-25,155.98319133210362,157.09036326188235,155.43450912103523,156.40451049804688,16376542
2025-08-26,155.9439992314392,155.9439992314392,151.51532665935787,151.89744567871094,19621100
2025-08-28,152.63229248106538,152.72047034391545,150.06523724830674,150.52574157714844,22269875
2025-08-29,151.3781510886852,151.96603338377983,149.95745298441892,151.35855102539062,16971859
2025-09-01,151.35856538616036,153.20058279845597,150.59432730030775,153.01441955566406,10798622
2025-09-02,153.01441621642076,155.85582758300345,152.35795607753843,155.18955993652344,21202113
2025-09-03,155.19935505065737,164.6053829115023,155.19935505065737,164.4584197998047,82352014
2025-09-04,165.58517370010776,165.8791148683674,163.25325936917514,163.43942260742188,26316842
2025-09-05,163.6255869010279,164.60538083456697,162.5870077235515,164.29183959960938,16798170
2025-09-08,166.56496310305295,169.01444785456843,165.05608707432555,165.4088134765625,36402317
2025-09-09,165.87911001307,166.29062165640096,164.59558239805637,165.7321319580078,14028910
2025-09-10,165.77132876392503,167.28020475923196,165.34021706513215,166.0064697265625,13128306
2025-09-11,165.92810745667194,167.44677608258885,165.05609145998108,165.9868927001953,13829526
2025-09-12,166.1730552808698,167.5447607925511,165.22265397975173,166.3494110107422,12119036
2025-09-15,166.33961343200357,166.76091762984797,165.2226489917924,165.81051635742188,10611401
2025-09-16,165.9672960709935,168.7891074222772,165.60477709478272,168.54415893554688,26629438
2025-09-17,169.0144559572989,169.40636755614264,165.92811100261414,167.89749145507812,21381306
2025-09-18,167.9954650825129,168.72050298472064,166.3787962117765,168.55393981933594,16413388
2025-09-19,168.62254283312726,169.1810176039512,167.152851925054,168.0150604248047,25406461
2025-09-22,167.34880505629351,168.73031807598298,167.0646564463308,167.9268798828125,20970704
2025-09-23,167.9856654323302,170.29797969308981,167.74071695110763,169.78848266601562,24533561
2025-09-24,169.66111582354708,170.91525082329014,168.8968777752808,169.1712188720703,20168891
2025-09-25,169.40636317875388,170.3371793652769,168.3873840778086,168.89688110351562,17026549
2025-09-26,168.74010016487503,169.86685712635648,163.8215307898951,164.01748657226562,20157657
2025-09-29,164.21346161741062,166.83930206116054,164.1742614896264,165.56556701660156,16832342
2025-09-30,166.07506285197854,166.71192289452748,165.00709110965636,165.3598175048828,24553596
2025-10-01,165.5851729856298,166.3102258708126,162.7731692107931,164.12527465820312,17542776
2025-10-03,164.72295104958138,171.2091970451847,164.72295104958138,169.71011352539062,55172705
2025-10-06,169.79828640770359,169.9746421340475,165.879110795064,166.62374877929688,21474004
2025-10-07,166.95687791202062,168.72050995731377,166.95687791202062,167.966064453125,19189843
2025-10-08,168.52454451707717,170.12161329868525,166.62374202986783,168.46575927734375,22662699
2025-10-09,169.29858318947913,174.22696031292153,169.28879063254445,172.85523986816406,68504717
2025-10-10,172.44372797158246,172.58089852081383,169.40636087371374,170.3469696044922,18085975
2025-10-13,169.50434456167864,170.2881826711327,167.45657890046212,169.5337371826172,19386219
2025-10-14,171.3757535932804,172.88462961188387,165.83011656494588,167.0646514892578,22082970
2025-10-15,167.37819504744152,170.48413994081272,166.67274223785583,169.739501953125,15031989
2025-10-16,169.5043521749562,170.96425053250476,168.74011409529163,170.48414611816406,12205250
2025-10-17,170.09223271611626,170.7878780361492,167.5349699534617,168.7401123046875,21659007
2025-10-20,169.79828314395053,169.79828314395053,167.36839849695085,168.47555541992188,18049579
2025-10-21,168.91646137785548,169.74929216810278,168.62253516997373,169.28878784179688,2471987
2025-10-23,170.38615892617537,172.52211747382847,170.1314178858275,170.6409149169922,31472510
2025-10-24,171.07202329984003,173.76645656232023,170.2097998716964,170.91525268554688,25226376
2025-10-27,172.3359475811792,174.30532792781943,171.98322118098574,173.09039306640625,23832477
2025-10-28,173.76644971125117,178.3812704902341,173.44311593844535,178.13632202148438,59511794
2025-10-29,179.95873770095284,183.16266783116117,178.37147642106427,181.44802856445312,51610530
2025-10-30,180.67399299444838,181.44803856405343,178.94956107620848,180.62501525878906,24270977
2025-10-31,180.28207229114344,180.57601344258129,178.44005502923633,179.1455078125,16041321
2025-11-03,178.71440957861506,180.38007124540465,178.1265421819268,178.9789581298828,16652212
2025-11-04,179.30227816307968,179.3904560232443,175.2851173169437,175.667236328125,18746387
2025-11-06,175.66723744027053,177.01935777322672,172.9532191682353,173.6880645751953,23664538
2025-11-07,173.42352088090925,178.56743887313962,171.47372563120948,177.70521545410156,19165876
2025-11-10,178.35187790269174,178.82217477664634,176.55885331705906,177.81298828125,18376132
2025-11-11,179.20429897242093,179.20429897242093,175.40270879310737,177.3818817138672,14109340
2025-11-12,177.7738103958271,178.46945570347353,174.40331693489793,175.00099182128906,19037263
2025-11-13,180.28207261093482,180.28207261093482,171.56191312244096,173.08058166503906,82083661
2025-11-14,173.93301396354244,174.1093696859203,168.64211803518344,170.73887634277344,38345500
2025-11-17,171.59131638445137,171.70888687233943,169.13202404268722,169.67091369628906,28204282
2025-11-18,168.91646141674815,169.62191421676354,167.10385168236368,168.9654541015625,34278387
2025-11-19,168.9654605688343,170.3861587800188,168.58334153340576,169.71011352539062,19621610
2025-11-20,170.5821269287805,170.8368679650301,168.779294759156,168.9752655029297,15968891
2025-11-21,168.3285970525356,168.42656747344327,164.31143603360536,164.60537719726562,28412865
2025-11-24,164.60537787418383,164.97770434638255,161.84235185507077,162.0187225341797,31202769
2025-11-25,162.6457824397421,163.89012484092416,161.74437387328885,162.9691162109375,19983310
2025-11-26,163.6255751049081,166.51596401038026,163.52758973843058,166.2416229248047,15044796
2025-11-27,167.005871702516,167.54476135192886,163.80194137825137,164.73275756835938,17546627
2025-11-28,164.73275579853328,165.58517172087537,163.90971754715025,164.56619262695312,11975539
2025-12-01,165.58517522225367,166.22203530061321,164.3114401150656,165.22265625,11758473
2025-12-02,165.0266763271307,165.4382029138782,163.6255782524512,164.3898162841797,15355023
2025-12-03,164.38981878370706,164.59558208020943,161.66599294706072,163.5471954345703,18873943
2025-12-04,164.40942458986666,164.57598776405808,162.84174832028913,163.40023803710938,11419966
2025-12-05,163.6255747384361,164.26243476770992,161.6659870170177,163.7333526611328,33500436
2025-12-08,163.7137651572728,164.80133702411302,159.70641154765582,160.1669158935547,15772400
2025-12-09,160.08853317640472,160.08853317640472,156.82581752306186,157.42349243164062,25766371
2025-12-10,157.74682298233478,160.37266354271006,157.56065974326197,158.95196533203125,22537548
2025-12-11,160.1963009956089,163.2924532757465,159.87296721789184,163.0181121826172,32603566
2025-12-12,164.21346916961272,169.01445346166966,164.01749842261532,168.41677856445312,41130927
2025-12-15,167.49576587124238,169.6709095467895,167.05486160197606,169.37696838378906,23254201
2025-12-16,169.21041081212448,169.21041081212448,165.83012470194237,166.39840698242188,22981935
2025-12-17,166.65313807694636,167.83869525433352,166.23183388321416,166.89808654785156,11624504
2025-12-18,166.4865781822587,167.00586775474434,164.17426397345784,164.7229461669922,13152378
2025-12-19,165.73212992099573,166.1926342436874,164.4388097650615,165.28143310546875,28448892
2025-12-22,165.62434954364147,167.99546387027857,165.58516436696766,165.80072021484375,23729300
2025-12-23,165.92810870639488,167.88769657443396,165.83012333280536,167.44677734375,17348078
2025-12-24,167.88769520997894,168.18162142742085,166.24163363996013,166.63356018066406,17430406
2025-12-26,166.45718903737267,166.46698159443727,164.42902339031292,165.70274353027344,16904834
2025-12-29,166.08486327402076,170.61152138554397,165.8693074139259,168.81849670410156,48001907
2025-12-30,169.28879042506475,172.78666185691725,167.34880267109997,172.24777221679688,33741158
2025-12-31,176.3628988750202,177.73460433052753,174.8932080510617,176.4412841796875,50897201
2026-01-01,176.9507789067716,178.51844012853144,176.55885238848066,178.21470642089844,21507757
2026-01-02,178.32248425227598,180.13510889107147,177.93057268465597,179.18470764160156,23006840
2026-01-05,179.18471974336657,183.11368804331968,179.1749122357095,181.9673309326172,30646009
2026-01-06,182.24166627946056,184.05429098339528,180.74258280126375,182.4376220703125,28514282
2026-01-07,182.4376199695518,182.87852423150886,179.20429713108635,180.08612060546875,18231588
2026-01-08,181.7027719205664,182.1142835558037,175.92199401305942,176.48046875,38454951
2026-01-09,175.43210206069315,177.83259414305388,173.74685534440192,174.79522705078125,25318701
2026-01-12,174.7952310860447,179.93914921719784,174.05059308160847,179.53744506835938,25782267
2026-01-13,179.7921826060008,180.66419858846893,177.4406832006057,178.8809814453125,19155081
2026-01-14,178.8809788220487,186.79770034766673,177.98936278831158,185.42599487304688,55907778
2026-01-16,186.20983009255906,187.14063128950747,183.52518947618503,184.40701293945312,26028519
2026-01-19,183.3194479641688,185.61216214325307,183.02550679879343,184.46580505371094,19709364
2026-01-20,184.46580329331414,186.16084256846423,179.33167783188887,179.85096740722656,20094927
2026-01-21,179.85096134014822,181.95752714211503,177.22512093082943,180.6837921142578,35037961
2026-01-22,182.13389239341228,186.1510534721251,182.03590702057778,185.27903747558594,35681682
2026-01-23,186.65074139853988,188.5123438627473,183.48601122919982,183.8191375732422,28492706
2026-01-27,185.83751263902195,189.23739876721942,183.92691746839182,188.394775390625,42314287
2026-01-28,189.5803332788552,191.25577253025963,188.21842031143703,189.9330596923828,33310718
2026-01-29,190.5209151482256,198.88836317541822,190.18778882033365,198.23190307617188,60610904
2026-01-30,194.53808122494425,194.9789854884677,186.77811535533883,189.22760009765625,52262849
2026-02-02,181.6341982477284,185.181047387077,178.8613797123736,184.70094299316406,25601945
2026-02-03,189.6685064801252,194.978987666741,187.64032591460304,189.03163146972656,28467895
2026-02-04,190.07022316117292,192.17677405621038,189.54112608536582,191.45172119140625,13859145
2026-02-05,189.1002244606821,194.40091309714842,187.6501336613117,193.7640380859375,31293689
2026-02-06,193.60728312025086,193.60728312025086,190.442538018047,193.07818603515625,18446912
2026-02-09,197.91836547851562,202.1706673665258,193.55828566475088,197.91836547851562,68967709
2026-02-10,198.88837576458045,206.83450515614254,197.01696576516485,203.8069305419922,82443790
2026-02-11,205.1688408628477,206.00167167501505,201.15169476122617,203.39541625976562,40897457
2026-02-12,203.79712930054828,206.13883610170413,202.03349730689217,203.9049072265625,24109860
2026-02-13,202.41562482198435,202.67038081260222,198.46705647209666,199.07452392578125,25870923
2026-02-16,196.93857612609287,201.95511616664734,196.4976718562028,201.65138244628906,17932490
2026-02-17,201.34764668795694,201.64158784839802,197.58524169562287,198.97654724121094,18506676
2026-02-18,199.43705373982053,205.46278031728878,199.43705373982053,204.8063201904297,48357001
2026-02-19,206.73652021468234,207.1186392511836,200.12291115568183,201.2594757080078,27749813
2026-02-20,202.23926146215945,205.07086522079007,200.59319994425812,204.1498565673828,26605844
2026-02-23,205.75671285186064,205.85469821912017,201.3476404336065,203.93429565429688,23377191
2026-02-24,203.02309443812595,205.30600099945755,202.572382679593,204.904296875,23413086
2026-02-25,205.85470550453036,212.0763878335333,205.16883781037617,210.30296325683594,48873839
2026-02-26,211.58649586340846,211.58649586340846,208.7058993216261,211.16519165039062,25522669
2026-02-27,211.14558722909865,211.53749881221347,207.3831822095093,208.03964233398438,25598534
2026-03-02,200.85775136163778,210.00902288434335,200.3678544070972,206.74630737304688,30523310
2026-03-04,202.8173399663396,202.8173399663396,190.50132330520216,192.75485229492188,72096617
2026-03-05,194.48909236645193,198.9373501678109,193.63667644350463,196.51727294921875,41033397
2026-03-06,195.46888448076024,198.1143250400302,193.1173850837355,194.4499053955078,28551376
2026-03-09,189.54112056999347,189.78606903672917,183.25084573827675,187.15042114257812,43019965
2026-03-10,190.08981308988655,192.66667588435305,188.1204326923077,191.059814453125,25783308
2026-03-11,193.15656834339634,194.86141510711138,190.08001610345198,190.80506896972656,34207226
2026-03-12,190.0702270025327,190.72668713169747,186.25882927020857,189.56072998046875,24413736
2026-03-13,188.0714342621568,188.61032389194173,178.5772290726122,179.80197143554688,42683952
2026-03-16,179.30228359439405,183.85831924652325,177.58764427040396,183.1626739501953,44789516
2026-03-17,184.00529252685664,192.34333301240835,183.07449133665247,191.48110961914062,45672442
2026-03-18,192.43151900070097,192.46091162212494,189.26678884015058,191.46153259277344,26353743
2026-03-19,186.9446863339689,190.29557980739716,185.5435732285838,186.66053771972656,24146344
2026-03-20,189.4921364764287,195.41010007329277,189.43335123382218,192.79405212402344,46881257
2026-03-23,189.10023150282484,190.03103276106097,182.74136341364385,183.38803100585938,44393392
2026-03-24,188.12043271012945,188.30659594707384,183.98570117015058,186.93487548828125,34321983
2026-03-25,189.12961869832031,193.16636485425607,188.43397338916023,192.6764678955078,34767360
2026-03-27,190.39355992170925,191.5497095602212,188.7474983773317,189.31578063964844,36938046
2026-03-30,188.12043165846399,190.4915311384363,184.49519716347274,187.98326110839844,45914996
2026-04-01,195.95878903870104,196.1547448376459,190.08002536754,190.66790771484375,35813622
2026-04-02,189.01205125174704,190.91285387433086,184.152266764611,190.21719360351562,27633959
2026-04-06,189.11982151485492,192.67646318204214,186.40578824365195,192.13758850097656,28115748
2026-04-07,191.64769426561494,194.4107053102103,189.3745652242459,194.12657165527344,32090982
2026-04-08,197.92815511760955,202.22944962673415,197.91836256103738,200.05430603027344,37018381
2026-04-09,200.37765073543454,203.98330016296072,199.93674645814323,201.0537109375,36853400
2026-04-10,203.77753935340996,204.77693335784272,200.66180180198944,202.4352264404297,28385501
2026-04-13,199.58401750380781,202.81734041353766,197.4284738808108,202.21966552734375,25848544
2026-04-15,204.77691982424614,206.8834706747868,203.40521437977333,204.50257873535156,30858355
2026-04-16,205.5117763499998,208.6177213069781,204.78672346128033,206.4327850341797,26751249
2026-04-17,206.43277946081633,208.1670188522808,204.2870284248544,207.83387756347656,22837792
2026-04-20,207.71631192793055,209.08801744160672,205.56076828480994,207.4419708251953,24992602
2026-04-21,207.441971076176,210.15600443559268,206.81490356195553,207.72610473632812,17427021
2026-04-22,206.73651395366593,209.4603398135109,206.25640955805036,208.72549438476562,20795714
2026-04-23,208.73528148524096,208.79408167639707,205.9134852789404,206.64833068847656,19304122
2026-04-24,206.73651855852788,207.71631248534553,204.385019114353,205.8253173828125,22379072
2026-04-27,206.7365112615041,210.65568683044256,206.66791851282287,208.9606475830078,33068230
2026-04-28,208.89205669947847,213.83022633269505,207.9122627984955,210.70468139648438,34950491
2026-04-29,211.73346967433537,212.6152782120782,207.08924116440056,211.51791381835938,32800573
2026-04-30,211.41992051892456,211.41992051892456,205.7567131344055,207.0892333984375,24894783
2026-05-04,208.25519550756448,210.16579061396135,207.12842355730183,207.9514617919922,23140911
2026-05-05,207.91225727175217,208.04942781622478,205.21782411567264,207.050048828125,20733709
2026-05-06,209.67589743023214,212.35073062720622,208.1278212532798,211.11619567871094,24082651
2026-05-07,212.3213416586462,214.77082648385087,211.3905404151622,212.70346069335938,21243369
2026-05-08,212.61528324655575,213.00719483917288,209.92084993352336,210.156005859375,17760366
2026-05-11,209.18599854304753,210.6556893993219,207.2460107988966,207.79469299316406,16301350
2026-05-12,207.71630859375,211.95881801144273,207.22641163951945,207.71630859375,28371348
2026-05-13,208.931252478677,216.44626974872804,208.7646893130333,215.1823272705078,46231533
2026-05-14,217.80819181127316,218.3960591940855,214.5944689437323,216.66183471679688,34985006
2026-05-15,218.49404552557326,219.86575104195882,211.63548804270772,212.45851135253906,33231023
2026-05-18,206.73650747568587,207.53994562883025,200.90673691374,205.4725799560547,73796001
2026-05-19,206.33480077691178,208.03964760262085,204.67894663794993,205.06106567382812,32573663
2026-05-20,203.30723757974266,203.30723757974266,198.93735013596705,202.82713317871094,56670462
2026-05-21,205.51177457198688,205.82531580238606,203.4640088687742,204.36541748046875,24385712
2026-05-22,205.36480807765633,206.61894307763393,204.051872885097,204.9630889892578,22023114
2026-05-25,207.0304539859507,207.4713582506991,205.2080367345846,205.97227478027344,23090495
2026-05-26,205.6587344197238,206.8736842425589,205.27661539527486,206.21722412109375,17801824
2026-05-27,206.44257962146753,214.53568711274585,206.44257962146753,210.36175537109375,39110042
2026-05-29,211.33174393465907,211.3415364912704,202.52339158940543,203.8167266845703,67467374
2026-06-01,205.75672634529082,207.12843187407182,202.3274475728693,206.31521606445312,23733470
2026-06-02,204.78672080488315,209.14681568728278,204.35562404064967,206.3446044921875,29358964
2026-06-03,206.4523861024366,208.19641810630952,203.40522637423723,207.60853576660156,23198930
2026-06-04,206.16823800392513,207.9514701418094,205.08066613808126,206.31521606445312,18939468
2026-06-05,205.16884311070905,206.2466224146788,199.7799764917982,202.5919952392578,35802398
2026-06-08,199.32927789315295,201.063517321306,197.52646066470047,198.6238250732422,31036948
2026-06-09,198.8981681942479,199.87796212623925,196.2919127470383,199.07452392578125,42111455
2026-06-10,198.89815663475216,199.29006820458414,193.99918725951196,195.28271484375,34008938
2026-06-11,193.45050970054598,195.3219196346834,192.08859677972976,193.9600067138672,38292223
2026-06-12,200.0,200.82000732421875,195.8000030517578,197.86000061035156,27622963
2026-06-15,199.9600067138672,200.9499969482422,196.82000732421875,197.27999877929688,27071539
2026-06-16,197.50999450683594,197.60000610351562,193.30999755859375,196.0,29255187
2026-06-17,196.7899932861328,199.5,195.60000610351562,199.00999450683594,22491220
2026-06-18,199.00999450683594,200.6999969482422,198.14999389648438,200.52000427246094,22111931
2026-06-19,199.25,199.36000061035156,196.5,198.9600067138672,31571461
2026-06-22,199.3000030517578,200.66000366210938,198.6999969482422,198.97000122070312,19238506
2026-06-23,197.75,197.97999572753906,192.72999572753906,193.55999755859375,34634510
2026-06-24,192.8000030517578,193.3800048828125,189.58999633789062,190.16000366210938,51305789
2026-06-25,190.0,190.86000061035156,187.61000061035156,188.7100067138672,34151735
2026-06-29,188.72999572753906,191.27000427246094,188.60000610351562,189.57000732421875,62549132
2026-06-30,189.5,190.39999389648438,187.0500030517578,188.05999755859375,33686235
2026-07-01,188.5,188.7100067138672,184.6999969482422,185.1699981689453,20614036
2026-07-02,186.0,188.60000610351562,185.13999938964844,187.6699981689453,29139217
2026-07-03,190.60000610351562,192.97999572753906,189.11000061035156,189.8000030517578,28474469
2026-07-06,190.38999938964844,191.4499969482422,189.19000244140625,190.8699951171875,14466645
2026-07-07,191.0,191.3000030517578,189.0,189.7899932861328,22805982
2026-07-08,187.66000366210938,189.7899932861328,186.52000427246094,188.1999969482422,17816943
2026-07-09,189.5,189.8699951171875,186.6199951171875,187.91000366210938,21203724
2026-07-10,189.67999267578125,193.3000030517578,188.74000549316406,191.19000244140625,23145573
2026-07-13,189.0,189.27000427246094,185.39999389648438,187.11000061035156,47597415
2026-07-14,186.6999969482422,190.35000610351562,186.6999969482422,188.27000427246094,24096425
2026-07-15,188.74000549316406,189.3300018310547,184.80999755859375,185.25999450683594,24924570
2026-07-16,186.5,186.75,184.91000366210938,185.49000549316406,13166990
2026-07-17,185.1999969482422,186.58999633789062,183.41000366210938,185.88999938964844,20132684
2026-07-20,186.67999267578125,187.19000244140625,185.75999450683594,186.41000366210938,11188887
2026-07-21,186.75,188.10000610351562,184.6999969482422,187.24000549316406,21618426
2026-07-22,187.99000549316406,187.99000549316406,184.91000366210938,186.52999877929688,16643117
2026-07-23,186.0,186.0,183.5,184.22999572753906,20581098
2026-07-24,183.41000366210938,183.52000427246094,181.1999969482422,182.6699981689453,16117953
2026-07-27,183.60000610351562,184.88999938964844,183.3300018310547,184.25,11857396
2026-07-28,184.30999755859375,185.13999938964844,182.00999450683594,182.6300048828125,19135253
2026-07-29,183.5,188.6699981689453,183.0399932861328,187.27000427246094,24872418
2026-07-30,188.00999450683594,188.99000549316406,186.10000610351562,186.9199981689453,13769746
2026-07-31,188.25,191.83999633789062,186.30999755859375,189.69000244140625,34249584
2026-08-03,192.94000244140625,193.5,188.49000549316406,191.0,27563681
2026-08-04,190.6999969482422,192.60000610351562,189.0,190.9499969482422,22165429
2026-08-05,192.25,192.99000549316406,189.83999633789062,192.99000549316406,22780522
2026-08-06,193.4499969482422,193.64999389648438,188.99000549316406,189.3000030517578,18802510
2026-08-07,189.41000366210938,189.69000244140625,186.75,187.5500030517578,9924021
2026-08-10,187.55999755859375,192.35000610351562,187.5500030517578,190.24000549316406,33338101
2026-08-11,190.24000549316406,190.55999755859375,186.77999877929688,188.25,20973262
2026-08-12,188.35000610351562,188.8800048828125,183.60000610351562,186.1999969482422,36484049
2026-08-13,186.1999969482422,186.66000366210938,183.4600067138672,184.85000610351562,19940424
2026-08-14,184.0,184.19000244140625,180.0,183.5,16131505
2026-08-17,183.5,186.35000610351562,182.05999755859375,186.0,16278106
2026-08-18,186.33999633789062,187.11000061035156,184.3300018310547,185.5,13393441
2026-08-19,184.16000366210938,184.9499969482422,182.5,184.0,15509632
2026-08-20,185.0,185.60000610351562,182.9499969482422,183.5,21782667
2026-08-21,184.39999389648438,184.94000244140625,182.0,183.0,26299054
2026-08-24,184.14999389648438,186.3000030517578,183.05999755859375,186.3000030517578,37800944
2026-08-25,186.3000030517578,187.27000427246094,183.5,186.94000244140625,24578020
2026-08-26,186.49000549316406,189.9499969482422,184.2899932861328,188.00999450683594,32199274
2026-08-27,188.0500030517578,190.25,186.5,186.8000030517578,40921836
2026-08-28,187.60000610351562,188.7899932861328,184.0800018310547,186.5,39370394
2026-08-31,185.35000610351562,185.82000732421875,181.39999389648438,184.35000610351562,36802869
2026-09-01,183.6999969482422,188.67999267578125,182.1199951171875,184.07000732421875,46663321
2026-09-02,182.5,184.05999755859375,181.44000244140625,183.85000610351562,19496175
2026-09-03,184.11000061035156,187.64999389648438,182.0,184.1999969482422,21964971
2026-09-04,184.1999969482422,189.89999389648438,182.83999633789062,188.7899932861328,36500951
2026-09-07,189.0,190.24000549316406,184.3699951171875,185.61000061035156,23695657
2026-09-08,185.89999389648438,186.5,183.61000061035156,184.14999389648438,24272812
2026-09-09,184.8000030517578,190.25999450683594,183.41000366210938,188.75,45985325
2026-09-10,189.0,189.0,185.0,186.77999877929688,23334612
2026-09-11,184.0,184.24000549316406,180.7899932861328,183.0,31510206
2026-09-15,186.10000610351562,186.49000549316406,182.3800048828125,183.64999389648438,31857708
2026-09-16,183.64999389648438,185.39999389648438,180.27999877929688,183.0,29476234
2026-09-17,183.0,189.49000549316406,182.8699951171875,187.2899932861328,29397693
2026-09-18,186.39999389648438,187.9600067138672,185.5399932861328,185.5399932861328,29014128
2026-09-21,184.5500030517578,186.8699951171875,183.33999633789062,183.39999389648438,9933718
2026-09-22,183.60000610351562,185.49000549316406,183.10000610351562,184.97000122070312,17525509
2026-09-23,184.8800048828125,191.5,184.8699951171875,190.82000732421875,39798327
2026-09-24,188.2100067138672,191.8000030517578,187.72000122070312,188.02000427246094,15701549
2026-09-25,188.57000732421875,190.33999633789062,187.00999450683594,187.97000122070312,15890667
2026-09-28,187.5500030517578,188.5800018310547,185.25,186.3000030517578,13628891
2026-09-29,184.77999877929688,189.0,184.24000549316406,188.0,28159048
2026-09-30,189.0,189.5500030517578,184.3000030517578,184.3000030517578,32381754
