Date,open,high,low,close,volume
2021-01-01,2479.533184282421,2531.1901256216383,2478.672235260101,2521.073974609375,2681440
2021-01-04,2539.799673675922,2626.540289649769,2532.008042807982,2616.8115234375,5113293
2021-01-05,2616.9411700789765,2681.210941269064,2616.9411700789765,2662.915771484375,5801309
2021-01-06,2668.942064225586,2680.564876440762,2614.8744216601654,2627.18603515625,3726716
2021-01-07,2647.418682650117,2652.4553193429574,2583.0627325596793,2611.086669921875,3717827
2021-01-08,2660.3330330435106,2693.049102705534,2634.504556994544,2686.936279296875,5879039
2021-01-11,2780.8660814731584,2780.8660814731584,2709.019908496546,2734.76220703125,9508039
2021-01-12,2734.7619140231536,2763.6468003456735,2711.9898508065016,2733.384521484375,3611458
2021-01-13,2733.513588584765,2735.235486908283,2691.5423169490145,2719.6953125,3572801
2021-01-14,2721.463363847344,2817.641863076815,2691.617754288858,2804.012939453125,6931542
2021-01-15,2790.4703041468,2824.1112135321864,2768.905618643347,2789.047119140625,4131692
2021-01-18,2803.4083713541263,2809.230834894631,2749.4103289488594,2779.040283203125,4160906
2021-01-19,2788.7455273267615,2828.4245543162547,2787.8829397835116,2812.63916015625,2975735
2021-01-20,2820.6607181001477,2870.6476143956615,2818.1592989480555,2854.129150390625,3453446
2021-01-21,2850.851447721759,2854.4311013086226,2813.846531321214,2823.98193359375,2778546
2021-01-22,2796.4223664998394,2868.103472870908,2796.4223664998394,2849.212890625,3052459
2021-01-25,2854.2587642828466,2880.8696719465147,2828.1223218457994,2839.0341796875,2272887
2021-01-27,2846.539152001297,2852.102800043491,2783.570255608541,2812.94140625,2786662
2021-01-28,2786.156969767745,2824.9733981391223,2746.3054787583183,2757.303466796875,3083938
2021-01-29,2768.948861893027,2774.814498620506,2674.0210717281498,2683.8115234375,5445659
2021-02-01,2674.021691641305,2730.089888401526,2625.8031266645894,2707.964599609375,3985846
2021-02-02,2737.852941748059,2780.9823201624895,2717.1508401091323,2763.256103515625,2881837
2021-02-03,2771.493708480054,2791.333221488159,2728.062342505683,2760.3232421875,2505866
2021-02-04,2774.124145975899,2792.928592710051,2739.5774797814165,2750.316650390625,2057261
2021-02-05,2759.374390193334,2765.3263706207213,2699.0364334246647,2724.00830078125,2366135
2021-02-08,2751.2224052207093,2782.706844095316,2721.5924449468753,2772.442138671875,2526592
2021-02-09,2755.9666755606227,2799.7861565268718,2729.226466814964,2740.353759765625,2658751
2021-02-10,2747.3414151555307,2777.014343377286,2723.4477815441405,2771.752685546875,2127983
2021-02-11,2773.218854022487,2776.9280224465538,2747.384400129207,2765.45556640625,1165882
2021-02-12,2746.650832906159,2799.52748410672,2744.7531826922145,2752.343994140625,2777404
2021-02-15,2768.043350559288,2768.043350559288,2701.2359892808677,2708.3955078125,2630853
2021-02-16,2717.150376031372,2732.3749597743044,2674.021004983255,2681.61181640625,3435770
2021-02-17,2678.4209192407247,2702.3577258399814,2627.053784041622,2650.818115234375,3678426
2021-02-18,2643.8308883736727,2672.209935042803,2614.502911145384,2637.232177734375,4189909
2021-02-19,2637.792094735,2662.9364315448893,2601.6927301955807,2649.739013671875,3725028
2021-02-22,2670.570824384041,2670.570824384041,2538.7242445051543,2551.921875,5366696
2021-02-23,2561.8849988027264,2611.9150762204226,2560.1598237193575,2570.683349609375,3832829
2021-02-24,2563.6098964027583,2590.6520971446007,2519.7472404187038,2542.994140625,3774549
2021-02-25,2565.3348545968297,2613.553404647597,2560.547452544542,2583.7080078125,4224073
2021-02-26,2553.2588677587523,2563.9119070690585,2484.25187133284,2496.5869140625,5553153
2021-03-01,2523.9308733533635,2557.5717838320993,2503.0562992261116,2522.378173828125,3265871
2021-03-02,2553.258975752009,2609.3271627195363,2542.907925850312,2593.239990234375,3306469
2021-03-03,2617.953254705439,2642.9682940419984,2585.088584305513,2638.74169921875,3509857
2021-03-04,2607.602012509075,2658.02020976572,2601.6070715025844,2630.633056640625,3916760
2021-03-05,2601.6501701271904,2642.2779138838096,2584.8297143482514,2594.706298828125,3203686
2021-03-08,2601.5640277362004,2616.2280159561988,2584.3122768891435,2593.757568359375,2003125
2021-03-09,2593.7575738375635,2645.469654992304,2580.9482751621667,2631.71142578125,1942397
2021-03-10,2652.4569008454114,2668.15595322944,2639.518086694946,2648.96337890625,3053778
2021-03-12,2652.4559348100333,2688.684601236707,2623.429956540941,2637.748779296875,2938317
2021-03-15,2623.128518944657,2673.1585926371235,2623.128518944657,2644.822509765625,3097083
2021-03-16,2639.517400627141,2709.3869788790357,2639.517400627141,2682.68994140625,4894756
2021-03-17,2678.3333915003345,2721.4627536823045,2661.340464919156,2685.19091796875,3838390
2021-03-18,2696.4052324647,2714.0882754209074,2576.591918330186,2619.246826171875,3656306
2021-03-19,2613.6399845393075,2673.158518840698,2592.075298198224,2631.064208984375,5776626
2021-03-22,2629.770982472527,2708.050813378041,2603.8501809191603,2699.597412109375,2821646
2021-03-23,2708.5245224357504,2733.5395578340426,2693.7312322907105,2710.767333984375,3305973
2021-03-24,2683.6819378774467,2719.134365061862,2683.638766387938,2692.2216796875,2207104
2021-03-25,2684.5443124607837,2700.6316929172795,2630.8914213311755,2643.700927734375,3179786
2021-03-26,2665.9558856292324,2689.5477372213268,2624.8968483248655,2645.38330078125,3697370
2021-03-30,2659.3573490419767,2750.317161758501,2640.294080434551,2724.52587890625,4694008
2021-03-31,2721.463861488142,2764.593241226464,2701.6243468085136,2741.174072265625,3530069
2021-04-01,2752.602480471492,2773.218233177824,2712.8371207913706,2730.0888671875,4285076
2021-04-05,2735.264867673802,2814.6229149226165,2718.0131182718865,2793.83447265625,5317862
2021-04-06,2824.9740487941745,2824.9740487941745,2786.157611482499,2816.08935546875,2291562
2021-04-07,2811.171192330787,2827.172224206195,2790.29662786617,2821.8671875,2491268
2021-04-08,2820.6605562639493,2876.7287324587983,2817.2533784444763,2861.504150390625,2578118
2021-04-09,2893.11810666952,2893.4200964931333,2853.4390867211605,2865.73095703125,2911129
2021-04-12,2865.7309281284092,2879.403022361947,2771.665732059278,2800.43310546875,3791828
2021-04-13,2772.3555920082676,2772.3555920082676,2650.7739537616467,2677.51416015625,8654596
2021-04-15,2726.0345851107286,2792.410633263149,2663.1950184014627,2776.625244140625,6062760
2021-04-16,2785.29510739162,2800.8216827812294,2745.271130624356,2756.096435546875,3224657
2021-04-19,2733.53968922068,2750.7914386004254,2704.2980582590685,2727.3291015625,2679106
2021-04-20,2781.8440817551013,2782.146071551404,2696.7499276463636,2712.448974609375,3141893
2021-04-22,2715.4250580742028,2715.4250580742028,2678.5494477715747,2690.237548828125,1988980
2021-04-23,2678.3344203656384,2690.410646415596,2666.3013658129644,2682.216064453125,1615309
2021-04-26,2675.7889274647837,2719.7377074827195,2663.712705484207,2674.710693359375,2490260
2021-04-27,2679.1962644301766,2705.160227469329,2676.6085024233216,2701.62353515625,1471417
2021-04-28,2717.107575977585,2718.0133350119418,2684.3724209956085,2694.809814453125,1639037
2021-04-29,2713.3553968122974,2723.4908002083935,2678.765552900048,2687.17578125,1621395
2021-04-30,2673.158176010948,2701.666729816196,2605.013775912573,2618.51318359375,3072305
2021-05-03,2609.2403433925037,2635.2043063930273,2591.212352341949,2619.677734375,1545831
2021-05-04,2641.9328335166438,2665.3951695899764,2617.952860746142,2630.676025390625,1990777
2021-05-05,2648.14331355387,2673.503298834241,2632.961691102309,2670.311767578125,1939289
2021-05-06,2678.764377124593,2703.3481107417406,2651.592882074062,2683.896728515625,1791671
2021-05-07,2702.4862453182805,2725.6468005693077,2684.1994350905716,2702.39990234375,1912540
2021-05-10,2713.657165234048,2729.3993874671364,2695.5859988165134,2713.26904296875,2137153
2021-05-11,2695.5852619628977,2698.2593667798046,2666.386598168276,2693.51513671875,2415625
2021-05-12,2691.272945509579,2691.272945509579,2648.661208109403,2663.3251953125,1978558
2021-05-14,2672.7271561501516,2672.7271561501516,2622.2657914140586,2632.185546875,2043935
2021-05-17,2635.2040839861247,2652.6283045505916,2618.8149260169803,2647.92724609375,2890462
2021-05-18,2674.021289586993,2694.7233898934733,2655.044364306053,2664.3603515625,2098538
2021-05-19,2660.2195595772832,2689.5475313754764,2645.641916655821,2658.494384765625,1986041
2021-05-20,2645.64203321326,2664.3601386258806,2632.7032215557847,2639.517578125,2329027
2021-05-21,2640.3802280410546,2663.8425649498754,2635.291046239091,2657.20068359375,1685566
2021-05-24,2658.063232421875,2678.3340375368884,2649.8686516306993,2658.063232421875,1652260
2021-05-25,2680.1665788575788,2711.5883248095797,2671.585276336339,2699.236328125,1841613
2021-05-26,2704.437504946968,2743.4438151144727,2690.395275611222,2737.8095703125,1923753
2021-05-27,2740.7994092035597,2789.167265502162,2740.669472847345,2756.4453125,5959785
2021-05-28,2764.6798965159405,2772.0477532710383,2718.0022723066113,2724.8935546875,1763701
2021-05-31,2730.441604627184,2748.0812088490416,2711.892022501999,2738.372802734375,1652799
2021-06-01,2746.5640183190408,2747.7340804858504,2714.8388058619767,2733.041748046875,1377441
2021-06-02,2731.1787015358336,2738.633114164246,2700.1035884291955,2712.62890625,2240078
2021-06-03,2734.385751842096,2734.385751842096,2706.7344847268523,2722.857177734375,1281706
2021-06-04,2711.371475521869,2736.3789345535747,2708.7710553087722,2725.023681640625,1836060
2021-06-07,2726.107503558531,2765.5038319928763,2716.2259902615097,2759.219482421875,2559821
2021-06-08,2772.0480711734235,2800.6526947971643,2762.6865156629224,2773.91162109375,2574057
2021-06-09,2775.5156913705473,2791.11821555689,2761.8201000379795,2773.998779296875,1710925
2021-06-10,2782.449665919425,2794.5849604125315,2767.713951177796,2788.343994140625,1874324
2021-06-11,2783.792993959152,2868.26326134076,2783.3162079677186,2837.751708984375,3452954
2021-06-14,2842.2593556002153,2868.003473953107,2834.7615618028526,2839.96240234375,1847360
2021-06-15,2858.7292607486975,2858.7292607486975,2818.46612109576,2828.17431640625,1304985
2021-06-16,2827.610863557855,2855.8686414284375,2819.722836145472,2838.229248046875,1635552
2021-06-17,2830.557250765002,2891.710505167781,2825.789813962305,2875.847900390625,2273413
2021-06-18,2904.5827872718105,2910.737200128449,2838.792236575542,2858.1220703125,3380431
2021-06-21,2830.1245314068024,2848.3274763254985,2818.5959573004056,2837.145751953125,1130569
2021-06-22,2863.9295426652607,2883.9094808610066,2847.460214181411,2861.50244140625,1708688
2021-06-23,2885.5996382580515,2885.5996382580515,2822.6693842675513,2827.00341796875,1467104
2021-06-24,2846.5928341515496,2932.406686338213,2841.825397918957,2924.2587890625,4155204
2021-06-25,2925.689668189585,2946.839669579688,2903.8027963662275,2930.50048828125,2722861
2021-06-28,2939.775548007628,2939.775548007628,2889.067345277731,2892.31787109375,1355238
2021-06-29,2896.8685694266683,2917.9320187641097,2883.4330628958146,2895.871826171875,1497322
2021-06-30,2900.335598187766,2931.5406434760985,2893.8345470860304,2900.118896484375,1693146
2021-07-01,2910.737371467249,2914.2045988305217,2888.50386064937,2896.43505859375,990310
2021-07-02,2887.3335252667507,2894.874702296693,2856.3017987018657,2882.522705078125,1682274
2021-07-05,2896.8689624266035,2924.606786124285,2862.1966828045015,2878.666015625,1972858
2021-07-06,2871.731742868281,2884.7338485558826,2822.4105066091042,2827.78466796875,2159420
2021-07-07,2838.792406104131,2845.4667764595783,2809.841142245182,2838.7490234375,2640710
2021-07-08,2858.7288592275495,2858.7288592275495,2801.4328444405023,2824.489990234375,2485811
2021-07-09,2817.121893840014,2844.859709410131,2774.648363748272,2780.845947265625,6365067
2021-07-12,2804.120642287623,2804.9874492867843,2763.6841804258574,2767.801513671875,1892226
2021-07-13,2785.9169872102957,2785.9169872102957,2752.111522835311,2762.989990234375,1809339
2021-07-14,2762.5132295272724,2792.851467065225,2760.779615953675,2786.393798828125,2044279
2021-07-15,2803.8114955031597,2807.503464302064,2774.623139694448,2782.39794921875,2232968
2021-07-16,2791.128386115713,2797.0790558997232,2772.8857169254143,2775.318115234375,1256526
2021-07-19,2762.4614213206532,2779.661695228817,2758.986627079998,2766.45751953125,1597058
2021-07-20,2766.4574129478538,2792.865763325552,2741.74277019569,2784.873779296875,1811945
2021-07-22,2771.1482833453642,2801.509254252244,2771.1482833453642,2794.03857421875,2859334
2021-07-23,2805.896141243119,2815.9296512858455,2785.6119465337315,2790.998046875,1776193
2021-07-26,2779.8353002348217,2800.901239619414,2771.886793507054,2777.70703125,1259611
2021-07-27,2779.835278038972,2788.5222632828436,2746.0862555326894,2765.02392578125,1121367
2021-07-28,2769.411028043648,2783.7010770355455,2721.1113029465578,2777.92431640625,1660654
2021-07-29,2780.0519446070157,2801.943101003976,2771.408438285911,2776.186279296875,1731997
2021-07-30,2796.341029337804,2800.250173367633,2747.129334329476,2751.5595703125,2999943
2021-08-02,2762.4613507193862,2801.465830240041,2751.1682697258793,2796.68798828125,2608669
2021-08-03,2805.0270047083045,2858.017604673373,2796.296543772557,2853.587158203125,3804735
2021-08-04,2866.7050780162026,2871.22226784343,2832.9995334698806,2844.075439453125,2929598
2021-08-05,2844.988128815731,2879.736075427221,2834.1293954996404,2852.762939453125,2534521
2021-08-06,2842.859484842023,2887.5539828638334,2836.300768366551,2875.218505859375,2292362
2021-08-09,2887.4669563649913,2898.8469919313166,2875.39213164299,2886.424560546875,1510489
2021-08-10,2880.2572815085764,2910.0534750469133,2880.2572815085764,2896.154296875,2040777
2021-08-11,2910.1398117937256,2918.8267963065427,2890.246702093207,2905.101318359375,1929707
2021-08-12,2889.2911701909447,2925.776506675617,2889.2911701909447,2911.66015625,1310205
2021-08-13,2919.4785717498116,3023.0708709928867,2916.6553015398326,3008.650390625,4363584
2021-08-16,3005.6971728276917,3035.537054738601,2985.2827556133993,3016.94677734375,2083489
2021-08-17,3024.89517973779,3093.2617103569523,3008.302953290365,3086.529296875,4336019
2021-08-18,3104.598410915286,3122.9713004918467,3072.239389790579,3093.044677734375,2631309
2021-08-20,3045.6567137951697,3105.596905823654,3040.4445231839973,3092.132080078125,2836148
2021-08-23,3109.9407441812386,3190.729707647399,3094.2172159201127,3159.803955078125,3744176
2021-08-24,3176.831026468366,3185.822142509206,3122.4504050589253,3138.781982421875,2511141
2021-08-25,3136.001643795692,3212.229938599867,3133.4390255895655,3178.56787109375,2123263
2021-08-26,3179.43703740544,3203.413204816448,3168.9256989779797,3189.731201171875,1902533
2021-08-27,3184.648780586405,3239.811136714947,3171.7052574467757,3231.688720703125,3944728
2021-08-30,3227.2150924852535,3249.2366854199036,3203.4128372022465,3215.31396484375,2033114
2021-08-31,3222.3501843175904,3304.616103294764,3217.181470574093,3289.283447265625,3207480
2021-09-01,3297.5794411765964,3315.5614573561893,3220.2652761964287,3227.17138671875,2643336
2021-09-02,3243.720232119877,3352.437765671095,3233.295850013439,3332.97900390625,3403717
2021-09-03,3322.772385614903,3350.4837881277463,3305.0075403754054,3337.583740234375,1746812
2021-09-06,3344.2287575634564,3368.4655743015705,3313.216261819144,3346.226806640625,1723693
2021-09-07,3356.6509369270207,3361.8196504818197,3308.220996519753,3314.866455078125,1585039
2021-09-08,3309.7408220937587,3314.08431398627,3262.8311096546345,3278.597900390625,4147175
2021-09-09,3292.1065069900405,3308.6117777077047,3270.649697473994,3293.583251953125,1441148
2021-09-13,3272.3868587098586,3346.5736169166,3272.3868587098586,3340.449462890625,1691473
2021-09-14,3344.446109215776,3384.8840711793177,3322.7721217145872,3375.67578125,1991188
2021-09-15,3372.3746023512094,3457.4201024494814,3358.388471374295,3435.311767578125,2461369
2021-09-16,3413.984978155691,3458.9401238604128,3381.0613910627826,3390.790771484375,2946666
2021-09-17,3405.2980386219065,3427.015500602913,3305.3977135092737,3325.24755859375,6477148
2021-09-20,3308.8723784015588,3362.731682014291,3307.8734600232196,3321.468505859375,2002008
2021-09-21,3351.438998276078,3363.209906018723,3319.861721221568,3355.739013671875,1568129
2021-09-22,3355.348074632068,3385.187953993705,3346.6176119821243,3355.0439453125,1744067
2021-09-23,3361.8627054207454,3369.680990782189,3331.458262348465,3361.211181640625,2003869
2021-09-24,3379.237295943802,3426.494411341155,3348.832847265645,3362.99267578125,2320754
2021-09-27,3387.9240694299947,3391.3988633473587,3303.573362252145,3333.152587890625,1673362
2021-09-28,3344.4895176156074,3344.4895176156074,3258.705533235207,3282.942138671875,2253075
2021-09-29,3266.132485042677,3306.2663111425195,3233.425861046127,3294.017578125,2489161
2021-09-30,3305.3978259324667,3305.3978259324667,3257.706362633929,3279.814697265625,2252412
2021-10-01,3285.200393235141,3309.7411246713523,3235.9017557482384,3240.4189453125,1578374
2021-10-04,3235.7287119847933,3286.851499307704,3220.6567058620135,3277.860595703125,1356860
2021-10-05,3261.0941015516205,3335.802171006452,3250.322325208248,3329.98193359375,1877966
2021-10-06,3332.32761162696,3350.9611529611852,3296.710971356703,3310.523193359375,1678154
2021-10-07,3327.115055968153,3387.055248882462,3318.4715488271363,3381.756103515625,1647233
2021-10-08,3409.641755966438,3466.0202061548184,3387.924292552639,3418.893310546875,2934339
2021-10-11,3261.962635608468,3264.1343817040797,3179.436283975231,3201.675048828125,11845402
2021-10-12,3219.3965813830355,3220.265279866949,3153.896800529802,3173.225341796875,5752877
2021-10-13,3170.749655733795,3192.857991053429,3166.4061630547076,3175.266845703125,3545655
2021-10-14,3155.0737640746165,3194.240197007957,3140.4515866145366,3143.2802734375,6442299
2021-10-18,3136.3176201055894,3179.1831087021405,3134.5768896042064,3174.3525390625,3590107
2021-10-19,3193.370649232762,3211.7354441500183,3155.248602254649,3163.038330078125,3135441
2021-10-20,3143.7593878979965,3159.425962920744,3114.4281204926015,3141.017822265625,2933693
2021-10-21,3136.8841684930644,3139.799765223235,3056.0706523617196,3074.56591796875,4871211
2021-10-22,3098.5005871767303,3099.8932567069073,3033.2231871659847,3045.27783203125,2691670
2021-10-25,3048.890526837576,3058.943291455498,3002.7611526090886,3040.143310546875,2595594
2021-10-26,3041.4915394122427,3071.5191422480484,3024.519416070266,3031.13427734375,3878763
2021-10-27,3031.482455875242,3056.070276540897,3031.482455875242,3037.357421875,2510813
2021-10-28,3061.9454848556675,3061.9454848556675,2972.297848431525,2978.085693359375,2424942
2021-10-29,2959.2858183959333,3012.334545192476,2947.0135816838533,2957.283935546875,3960501
2021-11-01,2992.2730145667133,3034.9644846451383,2970.5138771660454,3025.738525390625,2020718
2021-11-02,3041.056478243757,3058.115723793771,3019.950118885597,3032.52685546875,3087414
2021-11-03,3049.9340259076293,3063.5987185482923,3016.729674881842,3039.533203125,1537639
2021-11-04,3057.5497421995287,3057.8108942881813,3050.63038055364,3053.80712890625,328991
2021-11-08,3088.0563970942476,3088.0563970942476,3029.915946668684,3048.67236328125,2526082
2021-11-09,3053.2416288846557,3076.7414931890703,3042.7972447493607,3051.23974609375,1782692
2021-11-10,3044.5379763984556,3063.4248618840948,3029.0454307612417,3032.614013671875,1516489
2021-11-11,3028.8713475755,3055.0258682331873,2990.5752730659246,3036.00830078125,1284514
2021-11-12,3051.500550347196,3076.001247008398,3033.832093367419,3068.951416015625,1747259
2021-11-15,3070.6493887689817,3106.8566774427045,3070.6493887689817,3092.669677734375,1809157
2021-11-16,3106.334120705863,3112.03505658905,3082.834254844541,3095.367431640625,2013204
2021-11-17,3090.319500939084,3100.9814771812103,3051.8491799334315,3065.33984375,1632914
2021-11-18,3059.4650248757885,3064.4262779312917,3004.153470552186,3025.129150390625,2136598
2021-11-22,3027.479086286269,3060.1613513241614,2994.3182902457092,3010.07177734375,3167936
2021-11-23,2998.4080678143264,3029.6976537740597,2966.0305253713514,3015.16259765625,2153461
2021-11-24,3022.0819355023136,3040.2291345019407,2980.130376324549,2996.928466796875,2161746
2021-11-25,2997.4511638196636,3014.075227111931,2988.8781925600256,2999.19189453125,1849619
2021-11-26,2981.0017167083456,3037.575471915949,2969.5998441237243,3000.019287109375,1941251
2021-11-29,3000.2796653058103,3071.8238631118234,2964.8558400184647,3048.019287109375,2981745
2021-11-30,3038.44554802296,3101.764629552227,3038.44554802296,3071.64990234375,5588446
2021-12-01,3076.7414849151487,3124.611578739854,3076.7414849151487,3113.9931640625,2102118
2021-12-02,3123.9152323855865,3175.092756819471,3110.772843260999,3170.65380859375,3152938
2021-12-03,3173.743431912985,3190.7155548684677,3160.165861043513,3168.521240234375,2486263
2021-12-06,3168.5212674324416,3183.796220721799,3065.4265416572375,3077.959716796875,1849642
2021-12-07,3100.676911298592,3131.57488473048,3067.4289936532964,3119.824951171875,1484458
2021-12-08,3134.1854072037404,3173.7434671096034,3134.1854072037404,3156.727783203125,1428660
2021-12-09,3142.019137696736,3163.560681646319,3103.7230595641445,3134.838623046875,1567957
2021-12-10,3120.259759230678,3169.8705838544292,3111.6432273189575,3165.3447265625,1510718
2021-12-13,3176.833190329254,3187.2775734207476,3134.7945058876894,3141.7138671875,1883864
2021-12-14,3137.6673609293484,3163.7783237110075,3113.0359768736716,3154.0302734375,1747007
2021-12-15,3150.72258812373,3153.333684191236,3096.890405868701,3107.509033203125,1603233
2021-12-16,3117.6488424111026,3140.669964592238,3107.2044576794074,3117.30078125,2072320
2021-12-17,3135.491628476876,3178.0090669921988,3110.4250602602733,3119.694580078125,4333992
2021-12-20,3123.7408108360028,3138.5370197477364,3055.1124274458575,3095.802001953125,2312310
2021-12-21,3118.2138233088813,3169.173748667994,3104.07038869764,3140.538818359375,2340989
2021-12-22,3154.203891564243,3165.344610059244,3138.754907271951,3160.078857421875,1224328
2021-12-23,3175.0928785551187,3194.676099434365,3159.4263018517217,3187.88720703125,1792861
2021-12-24,3207.295916548583,3224.7032213873817,3172.3072763209016,3195.023681640625,2209923
2021-12-27,3195.111506294972,3220.352103865812,3179.5320500323537,3216.957763671875,1534135
2021-12-28,3229.0554523377605,3242.110932603277,3214.9991369151708,3226.052734375,1456218
2021-12-29,3213.6059289954974,3237.715002681955,3207.295781257609,3215.73828125,1456923
2021-12-30,3204.1197447559684,3255.1665903812354,3202.944666471376,3249.726806640625,1966475
2021-12-31,3257.6033077203024,3272.573548475662,3247.5941067076774,3253.730224609375,1207141
2022-01-03,3263.870148330577,3333.4993781616295,3259.5183214661365,3322.83740234375,2346158
2022-01-04,3334.456597811897,3384.981133665279,3317.571383436288,3381.151611328125,2488606
2022-01-05,3363.9620338385444,3368.3138605317376,3318.180732029534,3360.43701171875,1733031
2022-01-06,3317.833007925778,3337.8514127479953,3283.0183908436607,3313.872802734375,1810293
2022-01-07,3324.7958836123003,3363.875205729341,3304.2551748321043,3353.953125,2460591
2022-01-10,3462.3134841433975,3462.3134841433975,3360.480734609768,3376.88720703125,3937092
2022-01-11,3356.128630733851,3416.1838370410696,3356.128630733851,3408.263427734375,1906106
2022-01-12,3416.1843119768,3419.665773696012,3339.200532209036,3359.5234375,3203744
2022-01-13,3410.091842700252,3414.4436699625035,3356.9995501007843,3392.597412109375,6684507
2022-01-14,3375.145696239367,3461.442318788114,3359.653153546341,3453.739501953125,3348123
2022-01-17,3475.10754208303,3518.886959817252,3448.6485215692674,3498.128662109375,3442604
2022-01-18,3511.0102394918767,3517.755570912798,3464.0540716471287,3473.280029296875,2389041
2022-01-19,3498.0416342208123,3498.0416342208123,3409.5443196960337,3413.16259765625,3102539
2022-01-20,3409.1087002694794,3417.82764835201,3322.791114252426,3336.34912109375,6176776
2022-01-21,3319.303479374878,3358.1464350043802,3288.002541429297,3342.40869140625,3112358
2022-01-24,3348.0759503995805,3356.4896498685425,3260.973747148441,3288.220458984375,3258414
2022-01-25,3286.6068936910965,3321.3954051914466,3245.3662340411584,3286.95556640625,3330501
2022-01-27,3253.0393597437615,3255.1318220283392,3160.7057895166804,3181.761962890625,5718297
2022-01-28,3178.928199480695,3251.9930207471753,3178.928199480695,3217.335205078125,3143862
2022-01-31,3268.733112101142,3276.580164117389,3244.668734105354,3257.616455078125,2739393
2022-02-01,3287.043355557894,3320.1753575502544,3257.7476054923573,3313.766845703125,2105169
2022-02-02,3337.525775843539,3369.00126096906,3313.7666442800282,3362.200439453125,1984212
2022-02-03,3357.6671091021185,3385.131797218638,3327.194426288686,3334.649169921875,1960538
2022-02-04,3326.5400477247117,3334.7357731436837,3286.1712786456783,3326.191162109375,2307366
2022-02-07,3305.352873326484,3340.9262203657618,3274.9672572822224,3294.89013671875,1919149
2022-02-08,3305.832508802573,3312.938365711903,3244.3202929778845,3263.894287109375,2946443
2022-02-09,3269.604935671538,3293.974348552429,3266.2046316844016,3278.803466796875,1638721
2022-02-10,3304.306207839928,3304.306207839928,3276.5799169014713,3287.347900390625,2112459
2022-02-11,3271.7850066553174,3271.7850066553174,3217.2915854918374,3221.607421875,3851488
2022-02-14,3246.9362814383157,3307.314997198145,3234.7297540644877,3255.437255859375,5951745
2022-02-15,3300.9936738175647,3343.716518513038,3267.8616718088306,3328.719970703125,3931683
2022-02-16,3351.5635338648667,3360.3697562876455,3318.431532229366,3324.6220703125,3256906
2022-02-17,3334.9971738861013,3343.7161207459344,3294.8900183308697,3299.423828125,3134372
2022-02-18,3286.170768839318,3327.1061780034065,3276.231255480429,3307.880859375,3688883
2022-02-21,3321.919043560008,3337.438812898183,3230.8496782327734,3242.92529296875,7465922
2022-02-22,3182.415724034496,3198.0225543570805,3112.6641465214116,3126.963134765625,5408531
2022-02-23,3148.411687072803,3158.787148610905,3100.152231425736,3107.25830078125,2426203
2022-02-24,3028.9617852607425,3037.550032060359,2956.6818093824854,2965.880126953125,5039136
2022-02-25,3023.7309413943226,3077.78841497173,3018.499572983606,3069.723388671875,2549723
2022-02-28,3042.913304111835,3107.215555165774,3013.181601868363,3098.888916015625,3288942
2022-03-02,3097.4060013989642,3114.3643111770593,3056.8628968064095,3091.869384765625,2761341
2022-03-03,3106.4301334512893,3120.162475048833,3077.8755818754444,3090.343505859375,1928039
2022-03-04,3052.939909895843,3104.991991447021,3040.3410715041073,3072.86279296875,2370257
2022-03-07,3008.0367797732265,3093.4824622131614,2991.950364784815,3038.4658203125,3054130
2022-03-08,3016.755720684322,3146.6680335114793,3016.755720684322,3138.77734375,3300992
2022-03-09,3143.180493415946,3185.9033350740265,3136.2489729035888,3167.244873046875,2719654
2022-03-10,3212.0604115144542,3212.0604115144542,3151.899670907913,3157.08740234375,2005441
2022-03-11,3141.654443106479,3173.565872904547,3132.5868237611335,3138.07958984375,1623423
2022-03-14,3121.383132034038,3180.9772219494284,3121.383132034038,3176.3125,1765688
2022-03-15,3190.262874496947,3190.262874496947,3126.091336067845,3133.50244140625,3651133
2022-03-16,3174.1322347171863,3198.1093357897653,3152.9887910440943,3187.559326171875,3090475
2022-03-17,3223.0459941926397,3234.7292978853975,3191.3961743923683,3202.251220703125,3600452
2022-03-21,3222.5226847081344,3238.173151385832,3151.8992167802776,3162.100341796875,2413831
2022-03-22,3173.6969241757306,3235.6014520923454,3160.6185027848965,3226.8388671875,2907611
2022-03-23,3232.9855258355424,3251.9928727405686,3217.291421341195,3236.82177734375,1596195
2022-03-24,3226.010570995481,3276.7548028095052,3221.6510972508927,3269.474609375,1879046
2022-03-25,3278.2366923518357,3295.325913070277,3201.597235823272,3232.505859375,1690133
2022-03-28,3221.651100344847,3237.3452058404378,3192.181015230141,3232.72412109375,1760990
2022-03-29,3221.4328800422795,3245.1920101542364,3218.163274981001,3230.675048828125,2689063
2022-03-30,3259.1427217856817,3259.1427217856817,3231.416424918209,3253.51904296875,1583455
2022-03-31,3260.886166604706,3273.6593387691028,3243.6226090320506,3260.842529296875,2168110
2022-04-01,3267.861263042484,3280.9396832520993,3250.4670067366783,3277.234130859375,1387014
2022-04-04,3280.067495312223,3295.761598160607,3258.357404851249,3287.347900390625,1472994
2022-04-05,3288.7866261011463,3344.2392110933524,3288.7866261011463,3326.103759765625,2314947
2022-04-06,3321.308698504881,3321.308698504881,3253.1699963861447,3274.27001953125,2051729
2022-04-07,3265.6814971533327,3265.6814971533327,3207.7005014089204,3212.190673828125,2494829
2022-04-08,3217.291851009464,3230.370273168039,3175.87684750731,3213.4990234375,2296773
2022-04-11,3217.2912972094496,3236.7782280173724,3187.734153364789,3222.871337890625,2291660
2022-04-12,3211.1885435471963,3260.0146522734094,3180.9774739188283,3218.2509765625,4483476
2022-04-13,3232.113615146046,3234.5986001579863,3187.2546759280217,3192.834716796875,1621672
2022-04-18,3147.5401125729736,3147.5401125729736,3071.2493203707204,3076.08837890625,3820792
2022-04-19,3095.225914643108,3107.040129369162,2998.5763104441376,3027.130859375,3170014
2022-04-20,3051.6318495608343,3111.923290814037,3034.1939532776296,3101.155517578125,2640370
2022-04-21,3121.3829461849764,3177.184205558116,3110.3969880999252,3163.800537109375,2280996
2022-04-22,3122.3421383520026,3153.643072364982,3113.971864238743,3149.76318359375,1581465
2022-04-25,3102.2008593018013,3124.870117970111,3080.490769800027,3093.65625,1960694
2022-04-26,3117.1540326092236,3128.270689253386,3067.456038200025,3092.0,1943469
2022-04-27,3091.7386978183854,3111.3126918404437,3057.124519775637,3104.991455078125,1727648
2022-04-28,3128.358047755058,3142.657035068176,3084.806951954192,3125.132080078125,1703660
2022-04-29,3136.205470355331,3159.092707941327,3083.761085375679,3092.34912109375,2051115
2022-05-02,3068.9819792014673,3093.4386673907866,3045.3101239380358,3088.599609375,1324161
2022-05-04,3085.1991513609432,3091.2587764725636,3021.376506953671,3033.975341796875,2305825
2022-05-05,3062.1818925690936,3080.4044092212253,3038.858706057158,3063.315185546875,1612262
2022-05-06,3015.8836567465128,3029.398024101116,2985.803290699171,2992.86572265625,2010812
2022-05-09,2962.6983211124834,3013.2682159401834,2918.1009903888535,3003.7646484375,2481830
2022-05-10,2994.08652734233,3020.9409278192593,2983.6237904966374,2998.22802734375,1622685
2022-05-11,2994.958609506086,3006.685551881528,2948.8788846185103,2974.905029296875,1841769
2022-05-12,2945.2603983861713,3007.7752079636566,2920.934620561456,2971.98388671875,2807195
2022-05-13,2994.9577828092793,2999.229980963404,2948.878070641065,2977.4326171875,2187823
2022-05-16,2977.5206937156568,2990.599115503573,2935.3210712259547,2944.21435546875,1195813
2022-05-17,2938.285429213155,3022.8592234664716,2921.1962062592934,3009.43212890625,1754076
2022-05-18,3021.1151300571946,3047.271971010071,3001.977083999657,3006.990478515625,1866781
2022-05-19,2961.826327355389,2968.8014850294667,2816.2199109090097,2844.076904296875,4642963
2022-05-20,2885.971134022453,2889.371437825948,2851.1389872286045,2871.14892578125,3065125
2022-05-23,2881.4379784431057,2911.169463412706,2848.480312420623,2896.216552734375,2293690
2022-05-24,2890.4621433700886,2898.9196937554434,2855.978872147246,2866.790283203125,1711510
2022-05-25,2890.357885421766,2890.357885421766,2768.523667729061,2780.461181640625,3548046
2022-05-26,2800.9572278964383,2845.2845046149496,2791.78459666296,2832.512939453125,2813186
2022-05-27,2855.554544933507,2878.113137542295,2834.488114923966,2862.66455078125,3103153
2022-05-30,2894.0004601077003,2972.648541346063,2884.6523186812783,2962.685791015625,2094624
2022-05-31,2944.165004523289,2969.839714625581,2918.5781569271903,2953.118408203125,4840965
2022-06-01,2973.8772519538998,2973.8772519538998,2931.788329574225,2945.08642578125,1493835
2022-06-02,2944.9109118520396,3012.499031140447,2937.2743749999877,3004.59912109375,2657939
2022-06-03,3036.5498622964137,3052.2620346027693,3011.796853027463,3019.65283203125,1913622
2022-06-06,3000.2103424202264,3030.9322154409138,2964.3534420465703,3011.577392578125,1084210
2022-06-07,2985.3326517441806,3000.956963708526,2945.7891637629878,2951.670166015625,2308256
2022-06-08,2966.987037508978,2996.6556349491925,2937.450233831093,2988.053466796875,2185707
2022-06-09,2971.243889360723,3016.8878132150094,2943.2431833311603,3008.197998046875,1279197
2022-06-10,2968.610667955225,2978.2661136522997,2942.27763423593,2949.2119140625,1527582
2022-06-13,2887.856545320782,2890.4898491615,2802.2302392403376,2826.061767578125,3030921
2022-06-14,2800.0792606285445,2843.002020001427,2786.6493705312914,2818.117431640625,2611493
2022-06-15,2825.0956872779684,2838.7010882886284,2809.73475065303,2814.386962890625,1404536
2022-06-16,2843.968032652371,2848.2252927417594,2750.090797397265,2757.94677734375,2032028
2022-06-17,2714.0578356188767,2737.5381225214655,2654.2380502201972,2711.336669921875,5240434
2022-06-20,2715.813756717515,2755.0938684218168,2693.869560234665,2731.964599609375,1502769
2022-06-21,2747.4134022673966,2841.9928891984864,2743.375584391192,2819.346435546875,2964461
2022-06-22,2808.769360580185,2853.2284323936533,2793.9351690902718,2829.001953125,3336315
2022-06-23,2829.0017025634374,2912.4335752382617,2829.0017025634374,2904.358154296875,3692578
2022-06-24,2930.8668511739374,2936.1334582739805,2876.8841283984966,2890.577392578125,2132118
2022-06-27,2940.5221112364125,2951.8452300646477,2902.3392121800593,2909.536865234375,2037686
2022-06-28,2902.778160142834,2922.966819859582,2872.5830330686026,2912.565185546875,1400046
2022-06-29,2871.178449917376,2925.600053064694,2871.178449917376,2888.294921875,2133994
2022-06-30,2872.0563477532055,2906.20143071572,2857.134294601676,2867.75537109375,2719603
2022-07-01,2861.5230910289315,2925.6001418403152,2854.544879724983,2909.88818359375,1502879
2022-07-04,2907.16724294786,2912.3899190179127,2830.8453680013654,2839.623046875,2622535
2022-07-05,2857.134368050925,2872.0564215860604,2814.9575797580337,2823.164794921875,2170627
2022-07-06,2825.095465404695,2868.983852314819,2810.8317396589046,2862.18115234375,2182144
2022-07-07,2871.1785207492608,2913.6623972444418,2865.955845113616,2885.968994140625,1989921
2022-07-08,2896.634052528085,2901.022892001612,2852.7456577928106,2866.30712890625,2136916
2022-07-11,2814.2555881350117,2830.80159948252,2726.34721488146,2733.19384765625,6974600
2022-07-12,2734.158936312343,2752.8554340083,2703.7443666293075,2707.650390625,3734815
2022-07-13,2724.591742081448,2729.8583498303165,2664.025752969457,2667.3173828125,3863530
2022-07-14,2689.539151729887,2690.419236530846,2611.21160444456,2639.154296875,4764908
2022-07-15,2656.580186606266,2665.688935952516,2598.8905812888142,2635.502197265625,4574806
2022-07-18,2660.495974927192,2707.976500213428,2652.8392812206635,2696.139404296875,3202795
2022-07-19,2666.701122969062,2709.7371858696033,2666.701122969062,2705.600830078125,1865074
2022-07-20,2735.1276457438817,2791.5850009840688,2726.54681875147,2785.29248046875,3402251
2022-07-21,2787.2290273847357,2802.190471485001,2767.031120822275,2796.2939453125,2420640
2022-07-22,2803.070211178946,2813.6312292430425,2766.5466903739457,2790.7490234375,2075886
2022-07-25,2785.4683965193763,2804.3461725371144,2771.4751341224537,2787.008544921875,1797504
2022-07-26,2785.204780048454,2788.9010938413444,2725.1830298245063,2742.256591796875,2639367
2022-07-27,2741.4639092816847,2811.078696744049,2737.0634856712804,2806.458251953125,1389808
2022-07-28,2830.3528264453307,2872.5968984818282,2817.7235231303016,2869.5166015625,2106333
2022-07-29,2895.4792244226105,2919.5055843641176,2882.277951362933,2905.9521484375,2430257
2022-08-01,2928.0419799310016,2928.0419799310016,2878.757233650227,2903.2236328125,1306913
2022-08-02,2895.4787927773596,2915.632647364898,2879.32915186275,2897.06298828125,1269114
2022-08-03,2886.6784066664172,2947.4042633920217,2884.082199243072,2939.04345703125,2895824
2022-08-04,2948.284247964706,2981.6393778391775,2910.748715052076,2952.640625,2150567
2022-08-05,2958.1408845663077,2972.0462668986875,2952.6844019677515,2961.529296875,1106933
2022-08-08,2961.4857307835255,2973.718825122396,2935.9632683191207,2969.802490234375,1068836
2022-08-10,2979.0875141786073,2979.0875141786073,2935.0832672926604,2952.02490234375,1878359
2022-08-11,2992.2881808117236,3017.5465704239223,2970.3301090460086,3012.090087890625,1449248
2022-08-12,3009.010270550342,3009.010270550342,2975.787065603493,2993.65283203125,1472354
2022-08-16,3001.96887403079,3005.3572860290433,2981.2868838403115,2985.86328125,839942
2022-08-17,2979.1752345613872,3008.0858922168222,2966.854046980335,2993.256591796875,1622326
2022-08-18,2983.4876075843345,2985.247777264325,2958.8452320644637,2975.786865234375,1430659
2022-08-19,2980.847420528017,3011.2103481950435,2966.986083984375,2979.747314453125,1398410
2022-08-22,2961.4854176096087,2978.295123607797,2945.995838840667,2952.28857421875,1536532
2022-08-23,2921.837677410358,2941.155497044556,2877.877481785338,2890.726806640625,1849256
2022-08-24,2897.239152734898,2911.3205094918117,2860.4515652345717,2864.984130859375,1691923
2022-08-25,2883.157513491952,2885.0496096749976,2829.2523249384167,2832.28857421875,1946930
2022-08-26,2846.4586837304396,2866.436568329258,2831.0571977170034,2835.8095703125,1457962
2022-08-29,2750.2652283447997,2765.8426876252506,2711.5414939297048,2756.909912109375,2539173
2022-08-30,2776.6677926566595,2839.5938614918264,2765.314783665754,2826.08447265625,3431525
2022-09-01,2807.470361006476,2807.470361006476,2746.7445130724805,2756.161376953125,3546935
2022-09-02,2783.708430697643,2783.708430697643,2746.1288498985514,2755.017578125,2052900
2022-09-05,2749.076887768465,2770.462992067452,2739.0440066723772,2757.65771484375,2147912
2022-09-06,2759.505765046165,2764.214304458055,2733.851380237327,2752.069091796875,1936453
2022-09-07,2730.0233995480266,2782.7403998797736,2730.0233995480266,2771.91552734375,1291534
2022-09-08,2789.869150819009,2801.7502970448945,2781.1563961991515,2789.56103515625,1346113
2022-09-09,2811.8710957340245,2845.754362458832,2788.548847209157,2831.804931640625,1561185
2022-09-12,2851.386743228349,2877.7014084575,2838.2735652602178,2854.071044921875,1785928
2022-09-13,2872.1130614855856,2872.1130614855856,2838.2738396110262,2842.102294921875,1972678
2022-09-14,2759.0656316117834,2764.6980879442594,2740.4078782879656,2746.21630859375,5090269
2022-09-15,2754.6653975512245,2761.4860546857367,2728.2628538047275,2732.09130859375,2138023
2022-09-16,2707.141382879321,2723.2910281150525,2640.2549247847733,2647.91162109375,5322221
2022-09-19,2671.937886976144,2677.2183966341995,2629.517835695995,2665.601318359375,2072220
2022-09-20,2684.258703617558,2710.61720102937,2666.6570072003938,2675.721923828125,1544295
2022-09-21,2664.8966169537493,2676.6896666312164,2638.626001280077,2641.310302734375,2253818
2022-09-22,2631.453699411689,2666.6130461683933,2622.036834497055,2646.76708984375,2017983
2022-09-23,2643.7748504500028,2660.056419935131,2621.772729524154,2624.45703125,2652374
2022-09-26,2604.9194100878144,2663.00501422092,2575.2165443379304,2635.326171875,2925489
2022-09-27,2648.527090847732,2662.256499568145,2619.1323446991073,2655.61181640625,2227447
2022-09-28,2622.652760305555,2684.214650414333,2622.652760305555,2671.62939453125,2739767
2022-09-29,2687.7794357731295,2689.4076788755,2631.4539990051267,2637.878662109375,2493902
2022-09-30,2632.2016704566418,2657.5919876362846,2596.338215395767,2644.2587890625,2817353
2022-10-03,2635.854418181052,2658.472558362496,2617.3726342806176,2627.009521484375,1763331
2022-10-04,2666.612972771875,2726.502788091317,2660.496426210475,2720.47412109375,2145875
2022-10-06,2737.944059176487,2749.3851626060255,2721.61844169452,2729.979248046875,1790816
2022-10-07,2725.9743355335677,2732.663065375268,2691.3871778053895,2697.37158203125,1939879
2022-10-10,2649.055370612203,2752.0252969781927,2644.6549464085288,2744.588623046875,3064063
2022-10-11,2728.2628948012457,2767.8667110161023,2687.2070246042927,2701.46435546875,4730645
2022-10-12,2714.97390779249,2736.9760309872313,2694.8640961111873,2728.92333984375,1665247
2022-10-13,2728.9232210277037,2737.064006255312,2686.3271983230893,2731.16748046875,2054781
2022-10-14,2767.867116880432,2772.2675415495582,2702.7408317773634,2727.51513671875,2245977
2022-10-17,2711.191188700507,2760.3829006019378,2710.132396730235,2745.691650390625,1517005
2022-10-18,2779.4419453117853,2784.1626709744187,2760.515312292103,2774.765380859375,1793722
2022-10-19,2787.3834440777728,2787.3834440777728,2745.91240201647,2754.603759765625,1194289
2022-10-20,2739.735936783408,2788.2658809132267,2739.735936783408,2785.883544921875,1587601
2022-10-21,2786.324544285981,2788.6185576972553,2759.1477342638077,2768.32421875,1021913
2022-10-24,2797.177599655719,2804.1481776168825,2783.853839012355,2789.765625,260949
2022-10-25,2806.354036786087,2809.66289628552,2780.4566102689723,2790.11865234375,2069643
2022-10-27,2788.882786261024,2800.618249230053,2765.6326663428144,2785.970947265625,2438421
2022-10-28,2779.4419971424763,2804.589329497575,2775.0301844485994,2791.13330078125,1355739
2022-10-31,2822.6775315995496,2822.6775315995496,2803.9714903854647,2817.515625,1919414
2022-11-01,2836.3545585212883,2878.7962854625307,2826.604408773105,2876.2373046875,2991060
2022-11-02,2885.325640459638,2885.325640459638,2843.0163977761526,2860.354736328125,1405955
2022-11-03,2848.309987196131,2848.309987196131,2819.147866804397,2829.515625,1422652
2022-11-04,2838.559982987403,2841.251231526313,2793.6917665316887,2838.912841796875,1464013
2022-11-07,2849.148593513063,2861.325239443402,2819.2365900807545,2853.295654296875,1474498
2022-11-09,2867.5014111081446,2867.5014111081446,2825.0155316957184,2837.7216796875,1162267
2022-11-10,2797.0895129768896,2845.61945720835,2797.0895129768896,2828.545654296875,1573092
2022-11-11,2884.9729821003893,2948.5030923607014,2872.134562567838,2925.870361328125,3265394
2022-11-14,2932.9727051440004,2955.0317658024237,2919.737268748946,2943.119873046875,1342074
2022-11-15,2930.326031678355,2947.0467589345967,2904.737517701037,2940.5615234375,1400708
2022-11-16,2946.120217692935,2971.7087315184385,2930.723034354456,2960.63525390625,1748235
2022-11-17,2947.090720002706,2964.7379698230816,2927.4581545775386,2955.031982421875,1417986
2022-11-18,2955.9145275229503,2967.164649978448,2930.3260137026023,2950.135009765625,1164540
2022-11-21,2931.6494426143504,2941.531859652826,2887.9724983225788,2897.2373046875,1304194
2022-11-22,2894.149505432855,2928.5174877257564,2872.311029743995,2924.988037109375,1149739
2022-11-23,2938.2673417659494,2938.2673417659494,2903.855201727249,2919.1201171875,1150011
2022-11-24,2926.1346994104915,2993.8118614360064,2919.1199604786734,2982.517578125,1296591
2022-11-25,2985.0320343422495,3002.988195561847,2954.149349978673,2990.899658203125,1588981
2022-11-28,2970.031963168903,3015.0324474593413,2969.6349431563262,2995.841064453125,2195437
2022-11-29,2985.03259095978,3025.6212694061737,2985.03259095978,2997.694580078125,1576028
2022-11-30,2985.0323243680464,3013.179601826006,2977.9734243991,2991.914794921875,3410702
2022-12-01,3022.0916277039573,3070.6215662510285,3017.679815108769,3066.783203125,2180856
2022-12-02,3051.297846000532,3060.827188659679,3011.5032111008086,3034.576904296875,2411749
2022-12-05,3029.1503577484414,3034.576800767576,3006.2089335417827,3022.885498046875,1475065
2022-12-06,3000.07664261676,3007.047220155349,2971.7968815829117,2987.10595703125,1166999
2022-12-07,2972.0621794423473,2994.4741047527577,2959.444350368291,2982.915283203125,1167505
2022-12-08,2964.7381854060955,2982.9149402110297,2946.605591813029,2956.39990234375,1285619
2022-12-09,2977.1794466521255,2977.1794466521255,2890.928510850785,2905.399169921875,1797896
2022-12-12,2872.531012608813,2908.266692538365,2855.4132669095334,2899.840087890625,1527610
2022-12-13,2891.6785277132994,2943.958509197416,2883.3844058485947,2940.120361328125,1378016
2022-12-14,2954.8558406430157,2979.73842222779,2947.88504703309,2969.458984375,1213311
2022-12-15,2963.679209913898,2968.929223708033,2910.86972808808,2916.29638671875,1415694
2022-12-16,2889.7380335869384,2904.73820047884,2845.796325137131,2859.075927734375,2703680
2022-12-19,2847.383797855332,2863.7075041646976,2818.7070165010405,2825.368896484375,2120965
2022-12-20,2822.589610027799,2866.7960620653575,2791.4863286526675,2862.340087890625,1529971
2022-12-21,2866.7956690407614,2896.8401542703996,2858.854406799651,2884.0458984375,1432566
2022-12-22,2906.5023847469665,2906.5023847469665,2863.3549400669413,2876.2373046875,1384101
2022-12-23,2838.56029430426,2882.54615313989,2838.56029430426,2848.5751953125,1360281
2022-12-26,2848.574989923709,2887.090025891861,2845.6631506643457,2870.23681640625,870157
2022-12-27,2884.619664842959,2888.678618824853,2851.3546391063023,2876.060791015625,835883
2022-12-28,2867.5018256081944,2881.884378094464,2846.501554071851,2873.943115234375,910795
2022-12-29,2851.00155026507,2886.6489089761594,2848.2661403561187,2884.222412109375,1037927
2022-12-30,2899.487515031026,2910.9140670266365,2864.3252810692306,2873.590087890625,1163131
2023-01-02,2877.3844740498453,2882.5463814916634,2854.619475605265,2877.781494140625,709547
2023-01-03,2869.443216210816,2929.4438738683607,2863.5314297904347,2921.8115234375,1245178
2023-01-04,2917.7086484078304,2935.929567111687,2899.6202133591155,2924.723388671875,1231668
2023-01-05,2938.4433252143804,2944.708184643928,2895.8693379101937,2921.59033203125,1826057
2023-01-06,2911.7963885995287,2913.1640936237372,2823.560134399543,2833.75146484375,2488376
2023-01-09,2849.148585709542,2935.6201129314486,2842.221953738348,2929.3994140625,2885060
2023-01-10,2898.5606771633866,2910.031389127808,2850.1190643433856,2899.7958984375,3864655
2023-01-11,2903.0608113950348,2955.4730552710416,2886.3398704670703,2937.119873046875,2720512
2023-01-12,2937.3844994888523,2955.914110329725,2925.516768010586,2942.105224609375,2250391
2023-01-13,2949.6497555026567,2981.5031305171833,2916.208300195114,2977.57666015625,1742837
2023-01-16,2993.323916583658,3025.8110015993384,2976.2231200624447,3008.710205078125,1843607
2023-01-17,3005.0551874608955,3051.8005344403805,2996.933416683974,3048.732177734375,1688475
2023-01-18,3050.176492786689,3076.3014811096996,3043.1827449112166,3059.20068359375,2421189
2023-01-19,3050.1760655484736,3056.4929982286035,3033.030105416692,3043.949462890625,1585044
2023-01-20,3036.6398008661617,3063.3964349074176,3028.157150767711,3034.92529296875,1529349
2023-01-23,3057.395186106383,3085.370171575479,3028.156902323591,3081.670166015625,1067916
2023-01-24,3090.7855298920044,3115.105681457939,3083.8369466327617,3100.98291015625,1387863
2023-01-25,3091.055812758132,3099.80923290407,3072.736663184384,3095.071533203125,874110
2023-01-27,3091.687653887394,3109.736034820771,3052.2519856113963,3078.196533203125,1785879
2023-01-30,3086.27313262084,3120.971100823279,3055.1848405969054,3098.591064453125,1953798
2023-01-31,3112.4428172521584,3112.4428172521584,3024.005764167,3030.954345703125,2820375
2023-02-01,3034.8344956757596,3085.369949662629,3027.6151451062065,3075.75927734375,2205161
2023-02-02,3092.5897637316407,3130.491359902265,3086.363161059032,3122.73046875,1813847
2023-02-03,3162.0761001103447,3162.0761001103447,3115.9624021902155,3142.49365234375,1804469
2023-02-06,3134.236104127505,3134.236104127505,3101.478474418645,3122.32421875,1138714
2023-02-07,3130.4011068970385,3152.149492409252,3123.632964557196,3133.695068359375,1455647
2023-02-08,3138.658702645944,3194.473190151551,3138.658702645944,3176.60546875,1986946
2023-02-09,3172.0029459457633,3201.421894965321,3163.249525265047,3195.33056640625,1655427
2023-02-10,3176.5147978181903,3196.683950073236,3165.8210448180002,3192.352294921875,1187821
2023-02-13,3202.6851807113194,3202.6851807113194,3134.462212995343,3142.583984375,1087939
2023-02-14,3162.978405332995,3180.8915095356965,3153.9542158741274,3158.556640625,1579818
2023-02-15,3146.7352493817516,3181.929592578164,3122.505209592746,3177.1015625,1429449
2023-02-16,3183.012093754283,3226.147763863208,3182.831654026723,3210.851806640625,1618931
2023-02-17,3182.0651168490363,3193.5709607193885,3149.4427535317286,3159.504638671875,1061369
2023-02-20,3160.271619935647,3178.3200015457874,3135.951469779414,3147.006103515625,1296082
2023-02-21,3153.0518176626792,3166.497771917962,3108.6076842854936,3114.247802734375,1139541
2023-02-22,3081.716107289756,3110.638683938109,3063.71289004058,3069.623779296875,1218430
2023-02-23,3087.175595807029,3115.5114660865815,3075.444148059151,3080.67822265625,1441570
2023-02-24,3088.529243781861,3098.861897992003,3052.2520415048884,3068.630859375,977592
2023-02-27,3059.2004305919913,3059.2004305919913,2992.4214241424907,3006.724853515625,1128022
2023-02-28,3003.70187186879,3061.0054827636877,2977.892598362493,2989.5791015625,4116217
2023-03-01,2998.738199575175,3058.297850845702,2991.5188479060203,3055.31982421875,1669307
2023-03-02,3033.030315791083,3041.0617569146098,2994.2262980645087,2997.339599609375,1556538
2023-03-03,3026.713284379806,3030.3229603301693,3006.047977690829,3016.01953125,1043190
2023-03-06,3033.8422880766893,3072.6914693231265,3031.22536115521,3042.821533203125,1334132
2023-03-08,3035.7375059029696,3064.614913806922,3005.8224042793245,3059.561279296875,1844590
2023-03-09,3054.6879538516177,3054.6879538516177,3005.8220589057696,3011.236572265625,1648500
2023-03-10,2989.6236484252595,3011.5976379632734,2968.9583426171757,3005.95751953125,1024404
2023-03-13,3007.7628752854584,3040.971942394347,2952.715309911197,2961.6943359375,1901233
2023-03-14,2959.9343338825,2981.9532694589166,2896.2234640568317,2901.23193359375,2670334
2023-03-15,2932.861249755203,2942.201372938956,2880.5209566826484,2886.74755859375,1780522
2023-03-16,2894.959981480573,2905.608569116776,2862.4728993941326,2874.204345703125,1901060
2023-03-17,2843.0708376396906,2907.0522516200167,2837.205114597425,2869.060546875,6739966
2023-03-20,2860.3520931076205,2860.3520931076205,2793.031772654829,2836.573486328125,2289468
2023-03-21,2836.5733568003143,2848.7108468749984,2795.1973623365025,2803.00341796875,1815297
2023-03-22,2824.616642779389,2836.7541342993322,2803.003751733395,2825.29345703125,1123939
2023-03-23,2810.9445796742175,2839.3258306983194,2798.4010449295647,2819.7431640625,1372218
2023-03-24,2841.6271470449155,2860.668276380488,2802.9134594440998,2815.99853515625,1329577
2023-03-27,2829.083234491425,2845.1011698701245,2802.913086548761,2817.62255859375,1524217
2023-03-28,2821.864106617975,2842.2136983642395,2806.6582589143677,2811.84716796875,1303530
2023-03-29,2823.6689236329594,2842.6197217781473,2801.1987796733742,2832.602783203125,1740616
2023-03-31,2878.6711597054764,2899.47195965751,2844.4244061128143,2893.064697265625,2382581
2023-04-03,2910.2555399514736,2910.2555399514736,2864.0517402648925,2887.740234375,1521830
2023-04-05,2874.6553489199614,2945.811165900153,2874.6553489199614,2923.65673828125,2655065
2023-04-06,2910.301588759904,2939.4949346840967,2901.277397787005,2906.421142578125,1703464
2023-04-10,2905.7892047556925,2952.7149931554736,2901.2771097172517,2944.9541015625,2203187
2023-04-11,2945.4954794330633,2953.572085045166,2880.656589162442,2900.194091796875,2348779
2023-04-12,2912.9630768697316,2942.742900903807,2886.8380934850798,2925.326171875,2417727
2023-04-13,2896.764537538864,2914.8129147197915,2869.6919717674728,2877.678466796875,4174070
2023-04-17,2828.2713129172603,2854.7120118386847,2770.6517749633886,2833.144287109375,5505048
2023-04-18,2847.08654077672,2848.8012689229336,2807.064393679631,2825.248046875,2617302
2023-04-19,2825.247727657412,2833.5951017629236,2771.779412441025,2788.11328125,3298034
2023-04-20,2788.4747210897062,2809.230358172251,2777.6456930466393,2801.83056640625,2419999
2023-04-21,2806.5235197896136,2855.6601978009526,2798.221307781645,2852.41162109375,1929184
2023-04-24,2843.6119859525866,2870.549055104752,2821.096460503156,2864.999267578125,1640676
2023-04-25,2872.3996967152325,2879.7994885025946,2840.3638219953486,2866.082763671875,2024090
2023-04-26,2870.5946482272543,2895.3208390571563,2870.5946482272543,2886.071044921875,2000029
2023-04-27,2874.20436323212,2887.018668292053,2861.254563139059,2876.866455078125,2434446
2023-04-28,2888.101133346039,2912.3311670411026,2884.356183331048,2905.11181640625,2931312
2023-05-02,2919.325628047492,2919.325628047492,2896.765151787465,2905.247802734375,2321159
2023-05-03,2902.179217450923,2902.179217450923,2863.5104789920574,2869.601806640625,2468285
2023-05-04,2869.828004119587,2909.805214192962,2867.887891187279,2906.421142578125,1953253
2023-05-05,2905.788742296028,2927.4467950336384,2896.8097186619816,2915.444580078125,1710027
2023-05-08,2928.349442012585,2937.238356642924,2915.9863466752167,2933.403076171875,928235
2023-05-09,2935.208375084693,2976.1781130132586,2929.2523210554996,2962.867431640625,1107375
2023-05-10,2968.9582531273554,2983.848165339088,2947.345364010718,2966.070556640625,1559987
2023-05-11,2986.1043045039883,2986.7359537053417,2952.714803365684,2961.874267578125,1719623
2023-05-12,2959.1668827295052,2968.958216036899,2941.885648717414,2954.790283203125,1027479
2023-05-15,2963.5434380996776,2970.7627887406024,2931.372294932895,2937.41845703125,1150390
2023-05-16,2938.456635647952,2964.446346309158,2933.2677265181874,2940.21630859375,986306
2023-05-17,2938.2308468250335,2959.9340659758723,2886.161319057114,2895.591552734375,1588815
2023-05-18,2911.1584719986504,2913.865728945654,2883.228648558824,2887.60546875,1369364
2023-05-19,2896.7646688524947,2918.873931901369,2890.492901561237,2908.36083984375,1152449
2023-05-22,2914.813188789529,2985.6079108748772,2903.126907529479,2976.809326171875,1333243
2023-05-23,2983.397407291097,3003.205461561012,2969.049032388337,2975.32080078125,1687418
2023-05-24,2956.32509610494,2993.504720527318,2956.32509610494,2981.00634765625,1016555
2023-05-25,2972.567908676655,2983.3969356663692,2948.2929279682253,2972.11669921875,1374917
2023-05-26,2972.1169557498865,3012.861085188572,2969.860908265637,3004.0625,1791115
2023-05-29,3032.8499743215725,3042.95702357488,2988.811880806644,2996.34716796875,1210372
2023-05-30,2991.5187038651916,3002.302565838326,2979.200773799653,2992.6015625,1344224
2023-05-31,2986.1042492714746,3002.9794392550057,2946.5330909329136,2968.507080078125,5815424
2023-06-01,2990.6164353941035,3014.0793283694343,2975.7265225443743,2999.640625,1177314
2023-06-02,3001.670995775546,3010.379250409834,2975.681286269555,2983.0361328125,2030661
2023-06-05,2991.5190448102617,3002.3480730267693,2964.491639283323,2967.9658203125,1861468
2023-06-06,2959.9342573409676,2967.920753448757,2906.330658002561,2916.888916015625,2022849
2023-06-07,2935.56841484152,2958.8960294127637,2924.739389025935,2955.331298828125,1567196
2023-06-08,2942.788464510879,2950.910235802077,2917.520731604928,2920.634033203125,1759366
2023-06-09,2928.3496145730646,2932.8617095107734,2892.5687898438873,2896.13330078125,1775689
2023-06-12,2901.2768888171727,2936.832106886092,2897.667213061257,2930.06396484375,2324605
2023-06-13,2941.885742306206,2946.3978370029945,2922.9349445796934,2927.17626953125,1371928
2023-06-14,2927.176458412748,2938.140981423725,2911.068411496085,2933.809326171875,1658544
2023-06-15,2950.4009142583286,2952.3554558246337,2918.3085669348598,2924.0361328125,2273810
2023-06-16,2906.489819361,2908.6716434866084,2869.2154738515223,2886.39794921875,4156189
2023-06-19,2900.126190531596,2922.763450383881,2886.4892335228265,2918.67236328125,1468186
2023-06-20,2921.9451044006205,2938.7640167937166,2910.171910116586,2934.400146484375,1528452
2023-06-21,2954.673593600641,2965.0375906543964,2930.9907039438817,2962.12841796875,1645987
2023-06-22,2963.7650532654006,2970.7198119240816,2936.5821435529915,2944.21875,1529603
2023-06-23,2943.1277797551047,2954.1281240159633,2917.535626765662,2924.08154296875,1119505
2023-06-26,2913.762857251765,2921.8540288219324,2884.670685198081,2899.8076171875,1978803
2023-06-27,2911.035472947951,2917.9902315635795,2893.1256488765357,2906.80810546875,863542
2023-06-28,2916.4902067752564,2937.354704231224,2903.2168146828576,2923.26318359375,1575872
2023-06-30,2927.4000459558824,3009.2217863707983,2922.0362650887305,3002.176025390625,2672406
2023-07-03,3013.130740028882,3017.221826572155,2971.719808516399,2974.947265625,1687264
2023-07-04,2991.0388296361334,3013.7670882199945,2979.4929186666623,3008.176025390625,1656681
2023-07-05,3018.31307903841,3026.495253047851,3004.676122356007,3018.267578125,1453008
2023-07-06,3006.084827429316,3025.9946921480014,3001.948240187536,3020.948974609375,1848238
2023-07-07,3001.948608480936,3051.859779118901,3001.948608480936,3026.722412109375,1789326
2023-07-10,3022.6312796193856,3022.6312796193856,2968.4925202267236,2974.629150390625,1407431
2023-07-11,2995.5847665765177,2995.5847665765177,2964.4925502644905,2975.038330078125,1110172
2023-07-12,2982.811311383607,2990.266136197233,2954.764772000077,2963.674072265625,1515240
2023-07-13,2985.583996893055,3061.4508783669453,2975.356280703942,3036.995361328125,4585146
2023-07-14,3059.223633971811,3204.548209497131,3047.4049393977743,3195.27490234375,6306101
2023-07-17,3191.0475301955958,3227.3217423976093,3161.0917295383088,3174.410400390625,2743228
2023-07-18,3160.1373155444444,3203.775575367843,3150.1368810015824,3179.0927734375,2600090
2023-07-19,3181.9559462687303,3197.2748801065914,3132.544627292276,3154.7275390625,2405370
2023-07-20,3147.4818530276434,3170.9982338938335,3131.940826772371,3156.779052734375,1715404
2023-07-21,3102.772693816824,3130.8921637786366,3061.7554440058743,3070.186767578125,3770223
2023-07-24,3081.762606135278,3111.3405552900845,3073.6503948838067,3094.295654296875,1680132
2023-07-25,3096.802519593953,3105.279462829651,3081.0336204622276,3098.306396484375,1272980
2023-07-26,3099.4000558754824,3118.085690977951,3085.4085278953876,3088.41650390625,1066803
2023-07-27,3094.4782454445894,3109.700159270894,3085.454538799316,3096.255615234375,1701769
2023-07-28,3085.408792220562,3093.3387496319633,3036.1880906607657,3058.428466796875,2599831
2023-07-31,3066.6317666989726,3123.3722948817326,3063.4415361987367,3118.632568359375,2743678
2023-08-01,3112.7532591629024,3153.7705056233212,3112.7532591629024,3146.524169921875,1956167
2023-08-02,3130.937826905583,3141.374393886134,3111.477553853232,3136.13330078125,1914899
2023-08-03,3117.3111535491207,3129.3884555329005,3069.913440103345,3099.03564453125,2026351
2023-08-04,3100.2203533858487,3163.7970883064404,3100.2203533858487,3138.776611328125,2248493
2023-08-07,3148.2563099923013,3179.292741496562,3136.680374620139,3175.6923828125,1853889
2023-08-08,3175.692417693925,3181.070146163837,3150.6719384869994,3163.432861328125,1634225
2023-08-09,3158.2370582327517,3160.1512856075137,3121.9141376043485,3156.049560546875,1794589
2023-08-10,3144.656039836463,3158.237218937404,3126.4717689822373,3137.455322265625,1096701
2023-08-11,3133.80930927876,3159.8322990598804,3111.8422029571116,3143.562255859375,1679974
2023-08-14,3136.1792226802268,3149.2136391229633,3109.1078793193715,3144.51953125,1190425
2023-08-16,3144.6560351883286,3159.2399472355787,3131.1658720380547,3152.3125,1328445
2023-08-17,3149.2132599891765,3154.499972197025,3111.112748256115,3131.6669921875,1843241
2023-08-18,3108.196040036422,3108.196040036422,3059.431087502126,3069.093017578125,2526749
2023-08-21,3076.2932387618084,3107.967665442393,3073.5587558829093,3100.58447265625,1375579
2023-08-22,3099.081055570498,3109.1074942796968,3067.224369814653,3082.810791015625,1222012
2023-08-23,3088.143265662933,3100.9041882483175,3077.2053320183186,3097.486083984375,1330046
2023-08-24,3106.3730455778173,3110.9761369975763,3079.1194508870794,3087.915283203125,1152881
2023-08-25,3076.2936734488317,3086.137857710432,3053.734186510207,3082.0361328125,1158046
2023-08-28,3093.612439755008,3093.612439755008,3062.712864151854,3076.79541015625,1037485
2023-08-29,3081.8084975473785,3089.556200731551,3067.178966440109,3077.342041015625,944517
2023-08-30,3097.257622271368,3106.4638036873494,3083.6308270330883,3090.83154296875,1188200
2023-08-31,3099.992352350308,3114.940771005091,3047.718061218018,3059.704345703125,3417652
2023-09-01,3068.0901446211,3089.0545157816123,3059.7044406634573,3080.121826171875,1277950
2023-09-04,3079.0283215980144,3129.023882322115,3071.7819850635196,3115.94384765625,1828332
2023-09-05,3117.310690729968,3141.9210382883625,3103.7749105597304,3125.833251953125,1501842
2023-09-06,3130.0721774776193,3139.0958842003674,3097.3496132666887,3126.3349609375,1314818
2023-09-07,3127.155409983017,3153.771005173287,3119.4077066466084,3149.44140625,1885092
2023-09-08,3149.441490267216,3158.328561978411,3131.029345177259,3137.27294921875,1518917
2023-09-11,3155.5934925384777,3177.1958644886363,3140.0980883290167,3172.5927734375,1783604
2023-09-12,3182.9386422827856,3272.173860566186,3174.7351921738095,3263.87939453125,4476016
2023-09-13,3255.0377963035894,3271.2168221792035,3231.2477030451937,3252.075439453125,1754929
2023-09-14,3254.0805198711637,3279.2832501865755,3231.7945270329637,3244.965576171875,2604721
2023-09-15,3252.0753624763356,3288.079391037457,3247.153159229306,3279.830322265625,2952897
2023-09-18,3263.195724267092,3298.971881144957,3258.820506435336,3286.985595703125,1395753
2023-09-20,3263.1502992373726,3304.167551602088,3263.1502992373726,3286.894775390625,1649396
2023-09-21,3270.9433138676945,3285.937352425598,3215.7522827621383,3267.98095703125,2004073
2023-09-22,3266.7967391458988,3312.1435967833177,3249.523960492089,3284.70751953125,1989083
2023-09-25,3283.6582274126836,3299.6093777193378,3243.6891132026085,3260.5517578125,1238778
2023-09-26,3251.8480295119207,3276.7772718114297,3223.044712861221,3268.345947265625,1726062
2023-09-27,3272.2654430863545,3294.141312343756,3241.0011354327476,3271.62744140625,1541134
2023-09-28,3281.37980335937,3283.9320321574332,3215.159824951922,3223.727783203125,1755753
2023-09-29,3224.1377902043046,3252.6219888175337,3195.2890828619466,3216.299072265625,2243791
2023-10-03,3221.403268582757,3221.403268582757,3172.0915580533924,3202.8544921875,1948148
2023-10-04,3177.7430606044213,3233.982222159653,3169.539610773689,3224.639404296875,1788138
2023-10-05,3239.4511904452584,3303.2558002739493,3236.8989615455466,3271.672607421875,2990768
2023-10-06,3273.176643439127,3313.2367809094894,3258.638351141779,3300.885986328125,2075691
2023-10-09,3322.4429058385053,3353.388098061812,3309.636364246382,3316.3359375,4233074
2023-10-10,3317.885464751515,3325.13180122624,3282.610673537835,3307.72216796875,1848148
2023-10-11,3326.9545791162677,3326.9545791162677,3285.9373308805875,3290.403564453125,2426417
2023-10-12,3258.5928446615626,3271.0346556007717,3224.958786550778,3229.014892578125,4241281
2023-10-13,3217.575179804026,3260.4154159090654,3213.017707877958,3254.809814453125,2890357
2023-10-16,3250.389000692715,3258.27333816753,3207.640002736549,3212.15185546875,1671104
2023-10-17,3217.575737682961,3221.3583510243216,3193.2844971184086,3196.656982421875,1672065
2023-10-18,3200.256633189991,3210.921072479593,3175.64628596808,3178.608642578125,1408245
2023-10-19,3170.612517840815,3177.3294256477784,3154.5286181595566,3157.95556640625,1514545
2023-10-20,3153.158141056141,3198.0284103099434,3147.3553086674356,3193.5048828125,1481211
2023-10-23,3173.811234327899,3179.2486146541296,3108.288023694424,3116.37548828125,1106272
2023-10-25,3098.418430452583,3129.9463572629693,3086.2641415822154,3098.052978515625,1518537
2023-10-26,3077.90271648634,3083.0658968190555,3043.1305643648857,3049.299072265625,1984471
2023-10-27,3061.4075190461313,3072.3737549352513,3049.5274301662507,3062.275634765625,1108851
2023-10-30,3061.4074995333685,3091.4276593319496,3046.557388528169,3087.498046875,910972
2023-10-31,3106.1860427295915,3106.1860427295915,3061.4529873832034,3078.5419921875,999811
2023-11-01,3065.9765288100825,3081.14657643751,3025.767000563393,3043.72412109375,1563475
2023-11-02,3055.193202126613,3085.1218868690776,3055.193202126613,3070.637451171875,1245384
2023-11-03,3090.6506520884154,3096.0422952066797,3056.1984407717223,3062.229736328125,1402598
2023-11-06,3084.253541799562,3100.063241613325,3069.631895379179,3089.05126953125,1099852
2023-11-07,3086.99533768145,3110.8925036423684,3076.0291020236123,3080.095703125,1191144
2023-11-08,3081.0090110492447,3108.8815217487845,3079.272779954023,3090.239013671875,992899
2023-11-09,3098.0531123476367,3099.3324172908847,3054.14243153224,3059.0771484375,2112352
2023-11-10,3050.441034374945,3059.076899811592,3036.139325479398,3046.282958984375,1338557
2023-11-13,3066.890781193562,3066.890781193562,3040.389043215429,3044.547119140625,1030990
2023-11-15,3091.6561463483945,3118.9802615645867,3066.9363782941077,3111.02978515625,2059802
2023-11-16,3134.5612355569488,3225.3068746335257,3120.0765776114918,3196.5205078125,3951984
2023-11-17,3196.5207753389523,3220.8748683172735,3191.6773098626118,3200.724365234375,2021292
2023-11-20,3190.4889097792343,3229.464646386725,3190.4889097792343,3216.396728515625,1475621
2023-11-21,3216.396992381275,3234.171387970376,3199.39923794906,3207.806640625,1807236
2023-11-22,3198.485265113703,3228.3224741290987,3181.2135339255397,3226.037841796875,1798051
2023-11-23,3225.9012058072935,3238.695148266586,3198.4856148230956,3206.02490234375,2729804
2023-11-24,3193.230799217134,3202.643529603171,3155.5343635105573,3159.28125,1989733
2023-11-28,3159.28118436596,3181.350644295862,3137.2572385975423,3171.206787109375,1689195
2023-11-29,3181.122097340804,3214.934656261117,3176.37010665481,3211.05078125,1441634
2023-11-30,3197.982587796699,3213.7008135539186,3181.1220458782195,3187.153564453125,3266235
2023-12-01,3198.4855376057844,3213.975301516175,3189.3927447706055,3209.1318359375,1172141
2023-12-04,3239.288567355795,3242.1673378334053,3196.657419148335,3209.862548828125,1625213
2023-12-05,3233.21185109275,3233.21185109275,3201.0442707403495,3227.36328125,1377656
2023-12-06,3228.276947197519,3301.613644771774,3221.468564387526,3293.617431640625,1896572
2023-12-07,3294.440005254403,3317.788993602691,3282.285715953096,3303.487060546875,1967653
2023-12-08,3320.027826121142,3330.9940617152665,3291.74412143969,3314.2705078125,1641155
2023-12-11,3310.798134264676,3338.3052003851135,3303.578784394247,3329.0751953125,1102503
2023-12-12,3325.4654041320105,3379.7939215758247,3318.2003172411905,3355.759765625,2236866
2023-12-13,3329.6687183950803,3335.563024872104,3256.0578240052896,3283.97607421875,3850968
2023-12-14,3317.2861268874835,3361.15106740831,3315.0929691048923,3351.3271484375,3290396
2023-12-15,3350.824558139156,3560.3253463636993,3350.824558139156,3528.38623046875,8531230
2023-12-18,3525.7363506427123,3590.528439137833,3500.19398079059,3526.741455078125,2521612
2023-12-19,3513.7643200390503,3522.9943233611416,3463.502411689987,3487.4453125,2004435
2023-12-20,3497.543727025331,3562.929950670811,3442.0728971992326,3454.409912109375,2586083
2023-12-21,3432.660113142662,3478.763949441548,3420.871499435154,3461.218017578125,1517562
2023-12-22,3472.6412593570217,3514.632758384625,3437.9148467634514,3494.57373046875,2413058
2023-12-26,3490.7813789656334,3503.712309330165,3463.639767096589,3468.57470703125,1285231
2023-12-27,3471.7275030067567,3489.273435762688,3443.3980603657433,3482.87646484375,1293976
2023-12-28,3494.5737504650037,3507.3676920200533,3465.4219300223085,3472.5498046875,1682889
2023-12-29,3465.3303142807017,3493.2943032121766,3441.0217370731516,3466.609619140625,1574996
2024-01-01,3463.5025264784085,3501.884348671573,3447.9670270192705,3482.784912109375,825907
2024-01-02,3482.7849604684966,3482.7849604684966,3442.7124205931514,3457.288330078125,1344068
2024-01-03,3442.483985684402,3446.9162616362587,3369.4214885871284,3373.716552734375,1803075
2024-01-04,3382.8548848897744,3398.6188470061647,3336.4768514169155,3350.915771484375,3598144
2024-01-05,3358.4093675177683,3424.892165201283,3358.2723788278463,3415.890625,1963127
2024-01-08,3415.8912901825765,3417.582007600132,3356.033914289052,3361.42578125,1067805
2024-01-09,3390.348920468523,3429.096421850745,3365.4921632868704,3372.026123046875,1370944
2024-01-10,3372.1170435014856,3407.9857681511967,3370.289337786851,3393.181396484375,1292227
2024-01-11,3403.188362082459,3447.9671563203865,3387.6528620407294,3413.743408203125,1777909
2024-01-12,3516.5062216937445,3568.824304124089,3492.3805925763054,3548.308349609375,6813450
2024-01-15,3618.8577598512566,3623.4270246995534,3550.318787126801,3567.499267578125,2801505
2024-01-16,3563.1128581170137,3563.1128581170137,3523.4059897648553,3528.66064453125,1432672
2024-01-17,3490.0042844962854,3573.1191625440915,3484.109977812694,3549.953125,3458696
2024-01-18,3562.198531252639,3572.06818699225,3529.299827526345,3566.40234375,2239110
2024-01-19,3630.266062846807,3647.336180140823,3602.7055327268636,3628.4716796875,2941975
2024-01-23,3588.8561772055014,3620.051529496022,3536.17360896319,3550.43701171875,2618854
2024-01-24,3570.4511632012504,3573.809874043728,3501.9869317926677,3535.298828125,2657709
2024-01-25,3533.550863134138,3552.9675849710666,3477.233473153438,3506.3125,2205154
2024-01-29,3497.5703955598956,3515.2385654063073,3479.212061073679,3497.75439453125,1646747
2024-01-30,3503.6897568365657,3540.8207042314343,3484.871312637016,3497.34033203125,1411621
2024-01-31,3507.140675922528,3528.121726426989,3493.5674376687984,3511.51171875,2459358
2024-02-01,3515.2381710106256,3593.364709605868,3501.4809356666156,3546.66357421875,2363107
2024-02-02,3565.896430136547,3666.522292350957,3563.089715877142,3649.866455078125,2826510
2024-02-05,3665.2341894937504,3701.1227492201515,3646.0016922235036,3656.30810546875,1691523
2024-02-06,3678.1173222023467,3818.818793148955,3671.675785736143,3806.02783203125,4474396
2024-02-07,3821.6716355150297,3823.512074540079,3748.92823811736,3757.624267578125,2124267
2024-02-08,3763.6982541001817,3826.2731883981796,3760.0634315257644,3804.280029296875,2345173
2024-02-09,3806.533887272955,3850.8886480018823,3772.9000434452996,3803.91162109375,2100596
2024-02-12,3800.5065922172184,3827.745179692485,3778.007045373113,3791.94873046875,1013716
2024-02-13,3796.3198278378054,3837.3154280400877,3755.8759998910355,3818.450927734375,1257415
2024-02-14,3779.3413678448446,3786.6110118014235,3726.4287482560744,3772.991943359375,1391283
2024-02-15,3798.6657441778602,3815.505579737829,3757.255870513131,3775.844482421875,1091582
2024-02-16,3785.092771105926,3817.024566750078,3772.9919748251077,3798.94189453125,1307556
2024-02-19,3794.110954472966,3798.942107006786,3731.49019516973,3776.396728515625,772291
2024-02-20,3756.4277437698097,3771.0591425249713,3690.0798344375635,3709.082275390625,1193648
2024-02-21,3692.8406262355356,3739.1737650742916,3663.0256061355944,3673.055908203125,1885939
2024-02-22,3654.1910089277894,3768.2521514937184,3654.1910089277894,3761.028564453125,2982052
2024-02-23,3800.5062936958448,3800.5062936958448,3723.5758585151752,3728.8212890625,2538072
2024-02-26,3714.0061108225923,3726.889184546952,3665.0044196924378,3681.844482421875,1379284
2024-02-27,3679.957687485479,3794.985122078048,3679.957687485479,3776.94873046875,2960475
2024-02-28,3768.850920451233,3823.4197548467,3762.7773821335977,3790.338134765625,1939225
2024-02-29,3771.9791464885448,3807.959813232883,3740.2776345544485,3768.390380859375,3772719
2024-03-01,3779.5260834832857,3809.709106334484,3760.753469031092,3767.701171875,2043265
2024-03-04,3777.500781504877,3789.371522353806,3750.722306075315,3755.139404296875,1749271
2024-03-05,3737.931557869195,3739.7719968440197,3662.4735599013775,3692.0126953125,2070859
2024-03-06,3675.4021970769513,3747.133251594711,3642.6422978412556,3740.047607421875,1744204
2024-03-07,3740.6918212833148,3794.984765306861,3715.5697869974592,3780.8134765625,2688905
2024-03-11,3762.77763005425,3821.671679534189,3762.77763005425,3793.467041015625,2304068
2024-03-12,3793.4667885423355,3892.482492505704,3792.270233646347,3857.7900390625,4039801
2024-03-13,3869.522767451965,3902.6506674824695,3802.2546361359555,3817.990478515625,2837260
2024-03-14,3822.0854919676153,3887.9270110877537,3760.0165129714937,3871.915283203125,2919608
2024-03-15,3858.1119847979994,3900.8100755188275,3843.756472149597,3882.6357421875,3373143
2024-03-18,3878.9551986813763,3915.303868475081,3789.3259103717037,3821.21142578125,1526904
2024-03-19,3728.0389511805306,3734.2504323086932,3650.1424666014186,3659.98876953125,8931209
2024-03-20,3667.995014019841,3697.442038718445,3644.253305423998,3654.099609375,1817913
2024-03-21,3671.7221727767583,3688.6080672382363,3633.0268945824614,3655.986328125,3829582
2024-03-22,3586.095512991223,3623.8245137694216,3547.4462926818487,3598.886474609375,5852485
2024-03-26,3565.8503303060525,3631.8300192271254,3562.583506361182,3568.15087890625,3440925
2024-03-27,3578.2737319961457,3584.255159090906,3523.8886665462896,3534.47119140625,1968575
2024-03-28,3542.937169152786,3602.659324539871,3534.102972131641,3567.046875,4311783
2024-04-01,3586.73930579266,3619.499208082045,3577.8592779642013,3604.26953125,1569676
2024-04-02,3579.6540467417585,3597.920494660374,3564.0103144038126,3573.94873046875,2142666
2024-04-03,3543.7656215392976,3663.3941675793153,3543.7656215392976,3632.3828125,3973090
2024-04-04,3658.7004031789797,3707.241978924869,3621.2935725878497,3683.91455078125,3394637
2024-04-05,3660.633172890031,3682.718440901434,3644.5293316317166,3661.783447265625,1636819
2024-04-08,3665.2341685019233,3710.9229755652163,3644.0691205793664,3655.617919921875,2302538
2024-04-09,3666.1545588206272,3695.4636403269888,3611.9076631803105,3631.6923828125,1876992
2024-04-10,3640.755756416513,3671.859215464032,3605.4194231451925,3666.751953125,2101965
2024-04-12,3654.1914342233986,3693.162817777665,3630.725838259486,3682.166015625,4354821
2024-04-15,3682.166211852168,3739.9560412971437,3606.3862709398386,3626.76904296875,4200329
2024-04-16,3590.6962907179723,3615.2661050786087,3554.669789147579,3563.825927734375,3051420
2024-04-18,3567.5067437164125,3621.9836892316157,3542.844817972998,3553.887451171875,3476284
2024-04-19,3531.802482817412,3545.1917216335364,3497.6622490979976,3520.94384765625,2957749
2024-04-22,3530.8818836618084,3568.6108795518617,3507.8763983629956,3556.280029296875,1728883
2024-04-23,3567.7365800101834,3584.2544728923376,3552.5990161933273,3565.573974609375,1807586
2024-04-24,3579.6536294557072,3587.015384991863,3519.3332000987416,3525.40673828125,1317312
2024-04-25,3507.1406281722816,3564.608292894232,3506.9566291988567,3544.86962890625,2856271
2024-04-26,3547.5841971159175,3567.507084546707,3499.1807851009403,3516.48095703125,2039178
2024-04-29,3531.802085484041,3568.426862829934,3514.5019156929066,3561.43310546875,1110693
2024-04-30,3563.0895379766434,3572.061677179968,3506.0359348375546,3515.836181640625,2203078
2024-05-02,3476.63503445836,3562.261496663186,3476.63503445836,3555.083740234375,2491044
2024-05-03,3579.7917453667596,3582.966682325397,3494.625611625741,3536.771484375,2962234
2024-05-06,3545.605343342577,3625.6183751303724,3545.605343342577,3608.226318359375,2053831
2024-05-07,3617.1988452844685,3669.8353556027478,3601.2790030469796,3661.50732421875,2062112
2024-05-08,3644.9895357076884,3666.43069555621,3624.3767082288086,3659.6669921875,1247685
2024-05-09,3645.9098580917957,3654.191834044049,3598.1044973888866,3644.25341796875,1726486
2024-05-10,3646.4614392288563,3656.5838525037266,3575.0983807084344,3583.2421875,1672489
2024-05-13,3574.5925909400316,3639.4680646589845,3561.2494084020914,3632.842529296875,931326
2024-05-14,3621.983888045264,3631.0020839186186,3582.322338430397,3589.960205078125,1058317
2024-05-15,3592.9969594097643,3613.6558418017335,3566.310594491623,3570.819580078125,1115021
2024-05-16,3606.691382121437,3623.7463967829854,3562.5704760290073,3615.8212890625,2599399
2024-05-17,3632.551307480913,3633.478215188869,3550.056521472798,3553.85693359375,2765804
2024-05-21,3550.6133662673315,3563.7290220685823,3531.565364339062,3540.973388671875,1908117
2024-05-22,3554.691612227725,3560.4847863024115,3538.517115470372,3551.910888671875,1311168
2024-05-23,3560.2067218121256,3619.575215874568,3545.886040544983,3608.869384765625,2095742
2024-05-24,3594.7801911641072,3599.924574735908,3563.3117164748414,3568.131591796875,1309452
2024-05-27,3573.229711889253,3622.680335515065,3560.577510431646,3565.86083984375,1841538
2024-05-28,3576.0105212093163,3587.1334155210093,3550.057101148699,3559.2333984375,1801993
2024-05-29,3567.57539103945,3567.57539103945,3522.2496895007944,3525.6328125,1568095
2024-05-30,3500.9307015339277,3517.058806463482,3443.8794821472993,3463.020263671875,2919230
2024-05-31,3466.6351077409063,3475.718849271696,3386.6893114728173,3402.632080078125,10956800
2024-06-03,3459.961281200074,3477.340801445973,3425.8510308716222,3432.200439453125,2156773
2024-06-04,3429.5587856451884,3471.269635740873,3328.989291525593,3443.46240234375,3395997
2024-06-05,3444.389229413079,3507.2336206771465,3429.5587052821297,3472.613525390625,2799670
2024-06-06,3504.63809516768,3559.2328694484427,3468.02524016659,3550.42724609375,4328036
2024-06-07,3556.8232840964106,3628.8439736397468,3556.8232840964106,3609.33251953125,4552445
2024-06-10,3610.305486125325,3620.4086895219543,3561.086596810267,3576.65869140625,1734661
2024-06-11,3563.9603682346064,3596.355749469534,3560.2527371623205,3570.54150390625,1419898
2024-06-12,3591.2112432293293,3608.9152715121113,3547.6929702664606,3551.5859375,2177001
2024-06-13,3574.898153664247,3605.6714482720763,3570.4489508339425,3594.6875,1932323
2024-06-14,3604.7443844726295,3604.7443844726295,3548.2030094526167,3551.95703125,1860730
2024-06-18,3546.395933901333,3561.1800693046816,3517.6617896669645,3536.246337890625,1774045
2024-06-19,3547.8786522964565,3553.625661858595,3515.714995969622,3523.825439453125,1509050
2024-06-20,3518.5423287531353,3531.472648479764,3503.7581932579333,3510.431884765625,2846526
2024-06-21,3547.2761188024833,3594.363079879569,3520.4421834921905,3532.2138671875,4642195
2024-06-24,3530.359880582307,3575.0831793648726,3514.185385660008,3537.821533203125,1702154
2024-06-25,3538.007033326123,3566.41666656242,3515.668465075754,3557.88916015625,1338808
2024-06-26,3563.4970839383795,3584.3061190627222,3560.2529065957383,3574.017578125,1639845
2024-06-27,3550.9837890347926,3653.8705550444147,3539.0267689087714,3646.59423828125,4526556
2024-06-28,3631.4395370159273,3670.555002133022,3612.94777109011,3618.787109375,2731571
2024-07-01,3600.109652784797,3709.2066482395257,3600.109652784797,3687.42431640625,2658723
2024-07-02,3701.698810211173,3729.320479596894,3691.456434510148,3723.759033203125,2307449
2024-07-03,3726.169344471108,3731.8235725519535,3665.9203376575206,3675.421142578125,1821198
2024-07-04,3707.492429103772,3751.52055167907,3691.0398148782656,3727.050048828125,2518001
2024-07-05,3716.900124285456,3732.4258292933814,3696.5081535287777,3718.568603515625,1668616
2024-07-08,3728.023360391662,3736.597257975855,3687.2858057778326,3701.328369140625,1758882
2024-07-09,3693.727219973674,3714.072798924903,3684.5509241738773,3694.190673828125,1305801
2024-07-10,3692.5229032169505,3710.6903883157474,3616.7945741280314,3623.421875,2669716
2024-07-11,3643.674186345684,3689.092663865638,3610.861744125109,3636.90771484375,4872189
2024-07-12,3689.0927313615903,3892.966265730662,3681.028679444162,3878.1357421875,13509164
2024-07-15,3926.102734815856,3930.088256492166,3853.201089399857,3864.46337890625,4848030
2024-07-16,3867.0591058147356,3887.9606943936283,3841.939815447988,3873.037841796875,2029521
2024-07-18,3855.936610046835,4008.8764034741735,3855.936610046835,4000.116943359375,5613364
2024-07-19,4011.1260943754664,4049.5428404415234,3981.2568871814256,3997.190185546875,3903354
2024-07-22,3994.913772248666,4013.494981754784,3962.442927179601,3983.20751953125,1896386
2024-07-23,3979.1666292711343,4052.2838814085662,3963.6511354841136,3997.14404296875,2365208
2024-07-24,3983.346717956277,4031.2863283691627,3965.323035780266,4000.7666015625,1809793
2024-07-25,3990.315577668631,4034.910489828839,3970.991297189703,4015.86474609375,2810342
2024-07-26,4041.4128530075227,4108.723462326797,4029.3813390339833,4076.577880859375,3552210
2024-07-29,4101.803173878207,4116.668145742772,4060.924501250656,4070.30810546875,1746803
2024-07-30,4079.5976241161015,4086.0080507932844,4020.3232924395934,4055.67431640625,1797906
2024-07-31,4041.413477513075,4100.873353963842,4036.768174665359,4074.255859375,2330091
2024-08-01,4087.3092654244533,4105.797481325745,4055.395941895072,4085.172607421875,2202244
2024-08-02,4055.3495895771916,4086.0085899107653,3967.0888310411474,3979.212890625,2811282
2024-08-05,3938.2882837877764,3938.2882837877764,3818.90398455052,3860.29345703125,2787771
2024-08-06,3875.065586406783,3956.1723973259723,3865.6352581703713,3875.2978515625,2203067
2024-08-07,3928.06833926144,3943.8160983795406,3883.7519658026845,3902.472900390625,1237666
2024-08-08,3884.4020123383602,3931.784098592667,3864.8917415277633,3876.55126953125,2441283
2024-08-09,3917.8491612474136,3951.899146819446,3907.211234261121,3928.765625,1302536
2024-08-12,3929.9262611677764,3938.2878064043034,3889.372857499192,3898.012939453125,936912
2024-08-13,3914.1326781305343,3933.6429525764734,3886.260857493479,3899.221435546875,1495593
2024-08-14,3910.4163685993976,4000.7212473784566,3891.0453628588666,3990.5478515625,3226545
2024-08-16,4041.413561593398,4112.951226936545,4018.280043659057,4102.77783203125,3457058
2024-08-19,4107.377235436386,4175.430929735349,4078.901616536801,4171.482421875,2055210
2024-08-20,4185.417806867609,4241.161440255413,4180.772504085293,4202.41943359375,2212298
2024-08-21,4197.496096539259,4236.516644581457,4173.851321089861,4228.61962890625,1896990
2024-08-22,4236.5168692386715,4237.399658376934,4178.172037672117,4182.63134765625,1829872
2024-08-23,4180.772575829952,4186.346939264392,4138.964850071652,4147.2333984375,1809253
2024-08-26,4170.5527823500615,4229.222864979793,4166.836540173764,4183.048828125,1844164
2024-08-27,4185.418705944727,4190.064009724909,4168.509618727682,4178.12548828125,930697
2024-08-28,4179.611105918801,4238.838715366386,4141.101365063979,4186.39306640625,1848058
2024-08-29,4143.610677557092,4232.800503800473,4143.610677557092,4191.73583984375,2133641
2024-08-30,4180.772468175268,4266.47830377286,4169.437748026632,4230.70947265625,3637222
2024-09-02,4251.3811612563195,4262.5298880777955,4191.921284875112,4200.3291015625,1216500
2024-09-03,4200.329136859027,4232.706988670382,4176.9633540945715,4192.24658203125,1717263
2024-09-04,4159.357482985526,4168.694359320059,4121.962798795058,4161.494140625,1265505
2024-09-05,4163.120285213532,4179.843374955519,4138.1749189531665,4158.4287109375,1688793
2024-09-06,4156.570844055927,4198.378570967705,4125.029055295338,4140.5908203125,1649179
2024-09-09,4138.964928860649,4171.714314661398,4116.202944403391,4133.9013671875,1184938
2024-09-10,4127.30496423786,4217.888362209953,4125.446843253818,4188.0654296875,1385591
2024-09-11,4200.701434505407,4226.622135770557,4154.062408672436,4161.587890625,1325919
2024-09-12,4190.295602177849,4211.0601974701785,4116.94608580757,4197.21728515625,2742216
2024-09-13,4208.643999833735,4224.438028089181,4185.417487693372,4201.76904296875,1458786
2024-09-16,4205.857591838961,4223.556015887551,4175.616848928026,4193.0830078125,1155120
2024-09-17,4193.0829242332575,4214.033060161901,4149.184809090063,4186.02197265625,1699364
2024-09-18,4178.03182491242,4178.03182491242,4014.47088636393,4037.836669921875,2961779
2024-09-19,4078.6227421526683,4108.492406554244,3978.051921437468,3991.384033203125,2927551
2024-09-20,4010.661579574174,4023.4828879317256,3927.6036533634933,3980.931640625,5447908
2024-09-23,3994.961460270367,4003.6945411060847,3951.295602448807,3965.696044921875,1702319
2024-09-24,3950.0401935138225,3986.598816855598,3939.216728843565,3968.296142578125,3012026
2024-09-25,3950.6913284717216,3985.2988392847856,3939.2173381849816,3971.502197265625,2713073
2024-09-26,3957.7986904848576,4010.569158234149,3957.7986904848576,3987.9931640625,3964251
2024-09-27,4027.47756855055,4067.4271730367495,3995.006720191253,4003.04345703125,3012477
2024-09-30,3982.790673000019,3993.8001342644743,3957.845299664853,3965.696044921875,2503416
2024-10-01,3953.66354966123,3991.011966244493,3941.9577493270317,3983.71875,1823365
2024-10-03,3960.2137504333123,3975.4502533375357,3911.345072809307,3932.481201171875,3350119
2024-10-04,3925.2814844232284,3993.1029159884106,3924.3986952950054,3950.598388671875,2965463
2024-10-07,3970.712148613736,3992.405805122665,3929.3689504456147,3969.73681640625,1472619
2024-10-08,3969.5045134149964,3975.8219442019727,3905.724592296589,3951.527099609375,1541867
2024-10-09,3957.7977419626677,3990.3148595609528,3945.441418732449,3951.248046875,1082504
2024-10-10,3951.5270497469596,3989.247001339516,3900.753978007147,3927.5107421875,2378875
2024-10-11,3849.098041297021,3941.028768538948,3820.7154216048507,3854.8583984375,5759183
2024-10-14,3846.311418780695,3869.9094705731295,3829.77431925857,3843.198974609375,2137590
2024-10-15,3837.995705676313,3874.1365268299264,3804.5032516700458,3824.756591796875,2759474
2024-10-16,3795.2124356440127,3823.0842527968452,3778.67511210238,3804.45654296875,2359151
2024-10-17,3821.0405029589083,3836.9742562004353,3802.5987849412795,3817.51025390625,2522659
2024-10-18,3809.127780700298,3861.4217056150137,3799.81450984284,3839.907958984375,2361000
2024-10-21,3848.802801800323,3855.6481475353057,3790.501629279664,3799.67529296875,1595450
2024-10-22,3786.7764085311996,3808.942041444194,3731.2228318055472,3739.744384765625,1928049
2024-10-23,3724.9356891717393,3831.0601316478997,3720.791101978377,3787.008544921875,1966476
2024-10-24,3729.034017325969,3798.8835556125446,3729.034017325969,3769.919189453125,2676744
2024-10-25,3778.440830569176,3810.990668738502,3755.762923689694,3778.906494140625,1759676
2024-10-28,3789.523720012066,3850.1065991283663,3772.8064424453346,3809.919921875,1532534
2024-10-29,3814.5762988806255,3821.7008604425628,3781.281354135695,3795.390869140625,1445885
2024-10-30,3795.158047833668,3824.960515939356,3781.2347527404995,3804.145263671875,1935002
2024-10-31,3790.501362953683,3798.23142349314,3688.055380171151,3695.925048828125,3740372
2024-11-01,3715.855640568731,3724.3305810268316,3703.003280699814,3710.593505859375,154895
2024-11-04,3693.922655669424,3717.764492575113,3644.5157084293937,3691.920166015625,2269192
2024-11-05,3670.45333173397,3712.2698276535116,3670.45333173397,3698.6259765625,967590
2024-11-06,3728.6612931693503,3864.8210432401042,3702.258078759821,3855.3681640625,3792017
2024-11-07,3883.3546808183637,3916.975224376799,3804.517707610648,3865.845458984375,3724349
2024-11-08,3869.664484727288,3883.4015608162717,3834.8793231384825,3862.2138671875,1648039
2024-11-11,3844.704960664376,3943.518408459811,3834.879186284666,3910.363525390625,1406487
2024-11-12,3926.4751190486577,3928.3377732797053,3878.3721644817633,3909.15234375,1587640
2024-11-13,3891.1778229560005,3908.5469823117096,3847.358610327207,3865.33349609375,1098813
2024-11-14,3851.038077317304,3874.3212579540473,3833.7621391846897,3861.189453125,1825432
2024-11-18,3923.6812860911455,3923.6812860911455,3716.181551430071,3743.469482421875,3313944
2024-11-19,3743.8421064286954,3848.3835842405188,3738.4405905885956,3762.142822265625,1776233
2024-11-21,3767.1252292109634,3811.4098822098795,3747.660582048356,3793.156005859375,2384347
2024-11-22,3791.4330774245445,3962.750899853068,3775.6005148315166,3953.111572265625,3096553
2024-11-25,3986.0801022933974,4030.8770280377776,3960.1893900708537,4018.769775390625,4052167
2024-11-26,4024.310489157352,4066.7327083086975,4014.0195073550117,4053.787353515625,2060669
2024-11-27,4059.6086406624336,4076.7913536382084,4027.1049595017485,4035.021240234375,1558993
2024-11-28,4022.401811054281,4041.9132960200004,3942.307679137016,3953.390380859375,2558544
2024-11-29,3930.200035419068,4003.495653998375,3907.5221314685823,3977.55810546875,2017425
2024-12-02,3976.766970418375,3993.7173066183545,3939.560268502564,3982.960205078125,1670944
2024-12-03,4018.071307960362,4027.9898509787527,3972.529502098055,4007.267822265625,2010905
2024-12-04,4017.3260445950987,4085.6858211811555,3994.5085294279797,4055.370849609375,3302642
2024-12-05,4098.584281260393,4180.727516616581,4060.586315983135,4157.49072265625,3746747
2024-12-06,4147.199308267314,4158.375232745017,4109.713394915021,4140.21435546875,1842087
2024-12-09,4126.198676219265,4162.473596939852,4112.321537472264,4146.408203125,2066639
2024-12-10,4122.193406026578,4185.1975942064855,4109.108442002176,4128.15380859375,2087828
2024-12-11,4127.502045111503,4143.148158287083,4104.358476029229,4123.404296875,1635256
2024-12-12,4125.825703197917,4177.002312539005,4122.054010099808,4149.01611328125,1914642
2024-12-13,4130.389630221359,4186.222421425734,4092.624040484277,4166.66455078125,1967048
2024-12-16,4152.787550664486,4167.6887843067,4095.045270300907,4111.99560546875,1646224
2024-12-17,4107.152424631981,4128.526563027335,4021.470333233763,4031.249267578125,3225027
2024-12-18,4015.6038513847143,4062.4494297592523,3995.0214283858018,4049.271240234375,1575404
2024-12-19,3987.942872155441,4064.311698759071,3969.3163290813845,3978.536376953125,3015763
2024-12-20,4031.7151268140337,4081.0754644719555,3867.3358891418975,3883.913330078125,4116989
2024-12-23,3911.620457771177,3927.406635038312,3832.3180410204754,3872.737548828125,2195338
2024-12-24,3872.737372652853,3928.337783494026,3872.737372652853,3892.481689453125,1181886
2024-12-26,3892.48160931481,3911.527430384508,3858.62777832456,3882.7958984375,1208464
2024-12-27,3877.1146004513926,3893.832103292384,3862.446199068469,3878.837646484375,858100
2024-12-30,3865.938711530591,3910.9216276232846,3829.6169553875666,3873.202880859375,1527169
2024-12-31,3851.0374473961565,3855.6476983079733,3755.1573706922877,3813.59814453125,1555429
2025-01-01,3813.2258927424173,3850.1065398065944,3804.8905600046846,3830.03662109375,763161
2025-01-02,3837.067288623301,3895.740890366813,3815.6003829010774,3888.98876953125,1720835
2025-01-03,3892.900907869697,3892.900907869697,3811.269950829448,3818.347900390625,1791953
2025-01-06,3823.5633582481973,3864.6813582169702,3787.148378172113,3813.784423828125,2085593
2025-01-07,3832.364669490885,3856.020287112112,3736.065309985075,3751.6650390625,2669054
2025-01-08,3757.8118581960475,3842.655853224678,3741.839688389106,3826.264404296875,2181277
2025-01-09,3819.372861544339,3853.599136272882,3748.871437714519,3761.490966796875,2392472
2025-01-10,3911.5740395746316,4001.9127733457603,3883.6342250062416,3972.715576171875,7894300
2025-01-13,3953.4836967820274,4026.0808290149944,3937.092248220012,3996.41796875,4003771
2025-01-14,4006.5689413176588,4017.651642185902,3929.3151811560374,3942.353759765625,3441709
2025-01-15,3928.3375519824303,3964.1472594568622,3918.512233366976,3957.767578125,1653474
2025-01-16,3967.4538586211947,3999.118983314416,3903.984001105146,3917.44140625,2637705
2025-01-17,3945.5159044693314,3946.1800146177866,3888.7502327632087,3911.75048828125,1761466
2025-01-20,3932.1425484323627,3932.1425484323627,3858.447160711793,3867.647216796875,1287799
2025-01-21,3884.245525979371,3899.136367766385,3822.310766747393,3827.859375,1971591
2025-01-22,3841.2798581228535,3948.598485486215,3835.77871966863,3942.38623046875,2409223
2025-01-23,3953.1987172495446,3975.345448560087,3926.688958070982,3931.81103515625,1822998
2025-01-24,3892.4964075196026,3962.6827462516812,3892.4964075196026,3938.354736328125,1910099
2025-01-27,3890.5999221421316,3942.149041037749,3832.7910788257336,3855.64892578125,1551782
2025-01-28,3861.007745197988,3890.599779117484,3820.69802052405,3832.07958984375,2468272
2025-01-29,3845.0737102492853,3896.148597963248,3845.0737102492853,3888.51318359375,1217089
2025-01-30,3888.6080671418995,3917.0619915773636,3849.3417440444105,3888.750244140625,1531251
2025-01-31,3898.1874018590165,3915.686749530312,3874.7129156799383,3900.463623046875,1492943
2025-02-01,3901.032960408717,3922.7526963272944,3846.970505085766,3863.236572265625,437172
2025-02-03,3823.1637429283855,3866.8880293594016,3792.623246059982,3858.96826171875,1265713
2025-02-04,3873.2426631324765,3906.5813140143973,3856.5023649775358,3895.38916015625,2547132
2025-02-05,3936.1259160718655,3936.1259160718655,3865.9395744358853,3880.261474609375,1693912
2025-02-06,3893.824170580454,3926.166886912974,3842.7495210483457,3872.341552734375,2284536
2025-02-07,3879.218476720966,3879.218476720966,3801.4444143514993,3821.741455078125,1548940
2025-02-10,3831.7952057492353,3843.1767756673025,3807.46719267282,3828.90234375,1339511
2025-02-11,3811.3082763326493,3831.795194749814,3751.1757413949294,3759.28515625,1810908
2025-02-12,3766.445947952812,3814.4855628593755,3737.090798282343,3746.575439453125,1678002
2025-02-13,3763.5057059907817,3779.1078947757164,3701.144188811121,3708.636962890625,2277310
2025-02-14,3722.7215010647665,3744.536174828968,3699.009899147157,3732.06396484375,1681975
2025-02-17,3657.7517993998813,3731.257767104663,3657.467213858333,3703.278076171875,1799806
2025-02-18,3697.492313192335,3722.1523795147264,3665.33947318774,3673.591064453125,2149879
2025-02-19,3672.6425540939376,3675.2508303067148,3573.9548205315027,3589.0830078125,4366672
2025-02-20,3567.647585834546,3592.781883594646,3557.973298668796,3584.625,2888572
2025-02-21,3581.4955514917533,3620.287642408916,3580.4521483085296,3590.88525390625,1833931
2025-02-24,3550.2436192378755,3569.2603724469545,3480.863556771993,3486.175048828125,2508516
2025-02-25,3438.1822449152423,3469.4815591448155,3434.6255046618817,3442.497802734375,4101954
2025-02-27,3425.5677363307773,3450.512388419143,3415.1346312530945,3426.3740234375,3823856
2025-02-28,3400.1963006835795,3414.470731581497,3278.8403664103434,3303.737548828125,7085018
2025-03-03,3305.397045039141,3341.6757930944486,3297.003046002907,3313.0322265625,4990439
2025-03-04,3294.964557324782,3367.9962990962294,3285.764501101665,3350.02294921875,2797737
2025-03-05,3339.3997995005207,3414.8026927498004,3339.3997995005207,3364.24951171875,2501894
2025-03-06,3373.6869322947687,3423.4338299242468,3353.8641244726305,3415.988525390625,2786513
2025-03-07,3414.4707542689284,3438.1823567291294,3390.1899807262357,3425.093505859375,2051315
2025-03-10,3420.636010676855,3435.4321442725973,3397.9678097594306,3404.654296875,1004626
2025-03-11,3374.63571205132,3403.8009869657603,3355.3343724519627,3391.044189453125,1995450
2025-03-12,3381.274123439958,3385.3050953963734,3307.1517552648443,3325.50439453125,3174167
2025-03-13,3321.805675922365,3342.6718849425615,3304.5436765901054,3330.104736328125,1693004
2025-03-17,3309.1912796488264,3348.505070694925,3298.141765391246,3317.44287109375,2690906
2025-03-19,3364.2022912119846,3364.2022912119846,3284.294187734508,3316.8740234375,3051244
2025-03-20,3331.0059291540974,3394.505554527131,3331.0059291540974,3379.519775390625,2845192
2025-03-21,3295.9124851987917,3429.883028661908,3286.4278449536155,3393.69921875,4161925
2025-03-24,3414.4709640539177,3461.6570558488297,3382.7923538442037,3441.928955078125,1834751
2025-03-25,3457.1517113972473,3518.8018790902024,3450.5124625687754,3469.24462890625,3135390
2025-03-26,3459.7601257453803,3490.822326860632,3438.9888533482517,3448.426025390625,1734499
2025-03-27,3428.5556939598323,3474.2241497420814,3424.4297823215356,3463.0322265625,2528474
2025-03-28,3462.8424183134416,3472.279589767322,3406.7880975546004,3420.3037109375,2051919
2025-04-01,3388.577422151902,3399.2951120927096,3343.335733852344,3367.80615234375,2618493
2025-04-02,3361.3565515448827,3380.4207713370747,3348.1255245230677,3361.30908203125,1764313
2025-04-03,3311.0882917953854,3321.52139726939,3221.1263760619972,3227.765625,4537821
2025-04-04,3189.305420015634,3224.445829064787,3125.663387385046,3129.3623046875,5317367
2025-04-07,2940.2386292720134,3121.7745604042666,2898.5536795332505,3105.31884765625,6623955
2025-04-08,3131.875989149625,3176.4063332063806,3087.535291604866,3123.244873046875,5557558
2025-04-09,3092.514474322123,3101.4774131953245,3046.513968346596,3079.283447265625,2990265
2025-04-11,3120.020055994998,3128.9355257101774,3040.7758359181594,3064.961669921875,7108961
2025-04-15,3143.5893021337306,3143.5893021337306,3071.69590901875,3080.801025390625,3512160
2025-04-16,3080.800771527295,3109.159984550683,3062.590308725503,3105.08154296875,2384391
2025-04-17,3078.240292358944,3133.3461501914685,3052.1575291360596,3128.88818359375,2932346
2025-04-21,3120.5418377878595,3181.148601343861,3114.851053170071,3150.41845703125,2432946
2025-04-22,3151.3669464223676,3162.0844056249766,3125.189244347029,3143.58935546875,2710498
2025-04-23,3191.581874951358,3244.6009284823726,3165.3094642241085,3237.108154296875,3543923
2025-04-24,3225.821178130507,3236.6335756939984,3213.111620905439,3226.29541015625,2252175
2025-04-25,3243.747204561521,3298.568475558524,3229.5202431380058,3270.30419921875,2742991
2025-04-28,3257.9741879514845,3279.5992157727555,3229.520264912607,3266.0361328125,1593296
2025-04-29,3276.9436254865236,3314.8821913387555,3253.6113148639492,3293.541748046875,1578332
2025-04-30,3293.06738873724,3329.014085869881,3192.53019311335,3275.71044921875,2809332
2025-05-02,3293.0674491310842,3311.562499608635,3243.7473145242825,3254.180419921875,1721761
2025-05-05,3272.2008552943626,3323.8921441678535,3268.7862922132254,3276.279296875,1284443
2025-05-06,3281.685791015625,3294.01582433447,3259.871116682284,3281.685791015625,1324763
2025-05-07,3244.3163408615387,3281.211501134211,3244.3163408615387,3267.5537109375,1477128
2025-05-08,3270.3044338611708,3297.8098945868014,3251.999029204456,3271.157958984375,2543591
2025-05-09,3223.8296054868374,3268.5970664946117,3222.976080385976,3263.001220703125,2531757
2025-05-12,3324.3666713915923,3443.3989159735165,3321.7109255991563,3433.8193359375,2228678
2025-05-13,3433.8195935429753,3436.285693012091,3329.5834737286627,3333.8515625,3062887
2025-05-14,3339.542044274439,3377.4806076856794,3327.7811822404,3365.814453125,2119499
2025-05-15,3380.326007773164,3414.4707149223877,3332.9977424314357,3395.406494140625,3548330
2025-05-16,3408.6849264465072,3408.6849264465072,3363.348529175367,3377.76513671875,1666727
2025-05-19,3367.0476004136544,3367.0476004136544,3323.133665679634,3337.45556640625,2537377
2025-05-20,3349.785509814958,3374.635222590325,3313.93352100354,3318.011962890625,2038374
2025-05-21,3327.212262398612,3354.7177229486574,3318.012206388427,3344.094970703125,1440153
2025-05-22,3314.8821689714327,3317.5379148748953,3273.4343323692665,3297.809814453125,2034383
2025-05-23,3297.809582057325,3352.820498295267,3286.9971842477944,3333.471923828125,1274331
2025-05-26,3339.542185709067,3362.3053247198645,3329.204019365113,3355.002197265625,967470
2025-05-27,3349.9752588067204,3357.5629717372003,3303.5954561426133,3318.391357421875,2467680
2025-05-28,3338.593667057572,3347.129844047208,3312.985136088664,3317.44287109375,1222933
2025-05-29,3324.0822341714443,3350.4495836467595,3306.820233088302,3317.822509765625,3188072
2025-05-30,3310.139637529337,3325.97894134562,3275.1414056184462,3284.910400390625,3404365
2025-06-02,3272.201121116267,3281.6857620470387,3242.41944121709,3272.011474609375,1877585
2025-06-03,3268.4075902412287,3294.4903553984063,3225.252469708444,3229.710205078125,2848125
2025-06-04,3242.9150002967904,3248.465034332547,3224.7340073768614,3235.1640625,2544807
2025-06-05,3262.0530702216233,3262.0530702216233,3218.7057063727016,3225.786865234375,3584683
2025-06-06,3225.786601665087,3244.732922695699,3213.920971684004,3238.32177734375,2070390
2025-06-09,3253.4410779830223,3285.975488762853,3244.7332451805223,3274.39697265625,1718678
2025-06-10,3291.7168496023487,3335.5426613582063,3275.6409764041855,3313.629638671875,2419874
2025-06-11,3320.423693236899,3338.604687522634,3300.424692969312,3322.24169921875,2847013
2025-06-12,3322.241373890929,3324.920724772973,3275.6406661399797,3286.16650390625,4060134
2025-06-13,3246.934184213111,3301.7642826377164,3246.934184213111,3297.171142578125,2178493
2025-06-16,3291.7166438153617,3357.742355566309,3278.511454741814,3345.58984375,1934088
2025-06-17,3358.6994089523137,3368.2683531373627,3337.743514633776,3363.77099609375,2111940
2025-06-18,3367.4071820205213,3385.4923927635227,3294.683207501011,3302.625244140625,2696327
2025-06-19,3301.2857490610854,3302.2426434811027,3265.88065552043,3276.406494140625,2672768
2025-06-20,3277.3630840211995,3297.7449799970086,3263.870780505962,3287.601806640625,2351248
2025-06-23,3267.7945867055305,3277.3635313225304,3224.73433592903,3247.317138671875,3123421
2025-06-24,3286.549557502439,3293.726265410323,3236.2168192617623,3244.254638671875,3403048
2025-06-25,3260.4260336385005,3301.2853740079395,3253.440658442607,3296.3095703125,1757699
2025-06-26,3296.3098921986184,3302.625255099875,3268.081507258558,3293.439208984375,2879106
2025-06-27,3306.0702704397795,3316.978773543857,3283.1048040170426,3292.76953125,1778433
2025-06-30,3291.6210940950255,3315.5434551196317,3282.1479325760038,3312.7685546875,1468351
2025-07-01,3306.0700701470973,3334.776901436363,3266.35895353028,3281.860595703125,2375183
2025-07-02,3336.8820295980254,3339.4655976963195,3272.57877409358,3275.736572265625,3090585
2025-07-03,3282.147566666478,3287.219153361651,3251.144283681705,3254.206298828125,2531870
2025-07-04,3261.096294049881,3279.27728864699,3243.967976797223,3272.3876953125,1109320
2025-07-07,3270.952315509477,3278.416138875185,3261.4789203702617,3264.63671875,1639174
2025-07-08,3258.2253086430815,3277.363195918518,3247.125240576613,3259.37353515625,2325242
2025-07-09,3263.0097947012437,3266.837372173034,3221.8633368794976,3237.939208984375,2034938
2025-07-10,3234.3027641165545,3252.483755985849,3211.337300702709,3236.216552734375,3035012
2025-07-11,3157.6556670087216,3191.242753149758,3120.5283520064395,3125.217041015625,7635550
2025-07-14,3125.217020314649,3130.9583865491522,3062.0619917351123,3083.783447265625,3924009
2025-07-15,3067.8034091107847,3118.9014760029677,3067.8034091107847,3112.107666015625,2590889
2025-07-16,3098.3774165813243,3115.5638600833036,3092.2326031663256,3104.234375,2540733
2025-07-17,3095.5933632665156,3112.779808234124,3076.390526695053,3081.287109375,2947640
2025-07-18,3096.4571730230687,3100.105758589483,3059.9717861781455,3062.756103515625,3432645
2025-07-21,3062.8523807267275,3070.1495522628406,3026.3669918654064,3032.31982421875,3844346
2025-07-22,3033.6640625,3053.3469689942053,3028.8633535989743,3033.6640625,3198036
2025-07-23,3033.6639547012974,3055.171036049811,3031.743671209123,3052.38671875,1922875
2025-07-24,3038.945131093794,3047.2022105424912,3014.845476356516,3022.526611328125,2934778
2025-07-25,3014.845292873372,3031.0715957495104,3001.019344529776,3010.812744140625,2568917
2025-07-28,2986.0412502746217,2993.7223853235596,2947.5394670779647,2956.56494140625,3374473
2025-07-29,2938.0339265993125,2951.4759118844077,2919.9832137631183,2934.193359375,4785312
2025-07-30,2938.0337293982366,2946.6750050729374,2925.7438682234083,2931.888916015625,2880121
2025-07-31,2920.4633903186314,2937.8420514011964,2894.827650050853,2915.7587890625,2968371
2025-08-01,2909.133383273443,2915.758501968501,2880.4252388236764,2883.3056640625,2053847
2025-08-04,2889.1627911176092,2956.6605722928375,2872.360309577052,2951.85986328125,2519252
2025-08-05,2951.86005402892,2954.8365875722943,2920.7515513874637,2941.778564453125,1927996
2025-08-06,2940.9145408794843,2944.5631268588136,2905.389291773203,2911.438232421875,1487081
2025-08-07,2895.7876067904904,2929.9687479023937,2890.890789951502,2925.552001953125,2543076
2025-08-08,2926.6083584758467,2937.841970823321,2904.4289887975438,2915.37451171875,2762140
2025-08-11,2915.3743566889298,2928.3362704951187,2900.8763567070323,2919.59912109375,1884215
2025-08-12,2919.7914390398837,2972.9832050993796,2906.2533448516742,2914.41455078125,3358232
2025-08-13,2915.086743648966,2923.055733419127,2907.8856798255947,2915.1826171875,2148166
2025-08-14,2913.0700372499637,2934.0970475783347,2898.7640190971856,2901.83642578125,3342174
2025-08-18,2925.072007661826,2927.4723621732833,2883.6898021204543,2891.178955078125,2945609
2025-08-19,2891.178783449569,2904.42878644818,2891.0829099205744,2895.9794921875,2650784
2025-08-20,2890.8905988262018,2979.7037075526887,2890.8905988262018,2975.09521484375,4952358
2025-08-21,3005.2440729447403,3005.2440729447403,2960.2135127082415,2978.936279296875,3230726
2025-08-22,2962.997732386061,2972.3110613965996,2928.432625981039,2932.273193359375,1593791
2025-08-25,2964.246022642929,3026.3671543415535,2954.4526225152476,3015.421630859375,3448370
2025-08-26,3004.283909445262,3035.9685911364395,2995.6426326203955,3031.35986328125,5522097
2025-08-28,3019.646194165862,3021.08640697707,2963.4778945287544,2970.390869140625,3116051
2025-08-29,2969.7187359392783,2990.8418565958136,2954.548447858567,2961.74951171875,2271789
2025-09-01,2966.8380558481663,3006.2999761800884,2966.8380558481663,2988.537353515625,1246862
2025-09-02,2996.698656186325,3029.247369338668,2979.416103841445,2987.481201171875,2185229
2025-09-03,3005.1475613511693,3016.6692623196923,2964.917715899919,2974.0390625,1799774
2025-09-04,2991.8017155695825,2993.7219990840686,2967.6061901689773,2972.310791015625,1481391
2025-09-05,2973.655507694055,2979.704214005019,2907.885788971954,2926.800537109375,2802055
2025-09-08,2928.4321166143072,2942.7381338463906,2895.7872995766393,2898.667724609375,2626187
2025-09-09,2911.2459361835313,2938.0337976334035,2909.997705008497,2927.856201171875,2489301
2025-09-10,2934.57756101031,2998.2350148126434,2931.6971353578033,2986.041259765625,2079428
2025-09-11,3013.8849494515116,3013.8849494515116,2986.1369466753263,2999.6748046875,2263446
2025-09-12,3018.685897890405,3023.198517586115,2996.6026359147436,3008.50830078125,1447167
2025-09-15,3009.0844623500607,3009.0844623500607,2972.5990732086116,2987.865234375,1732539
2025-09-16,3003.3236516831826,3024.4467719955323,2985.1770648150605,3020.318115234375,2573429
2025-09-17,3026.367137231914,3055.55535595913,3017.149681628776,3046.338134765625,2418271
2025-09-18,3058.0517436415034,3075.334296666793,3035.392302577828,3050.08251953125,2633138
2025-09-19,3043.6495079786732,3053.730996885227,3018.685821162444,3042.88134765625,4901694
2025-09-22,2971.6388949892716,2983.0644887376598,2942.8346407567424,2951.283935546875,3634901
2025-09-23,2947.6353061603577,2957.9087764692863,2930.352753876681,2940.338134765625,3177741
2025-09-24,2928.4327159064933,2935.153709024967,2912.110304047342,2914.41455078125,1625714
2025-09-25,2901.548445826189,2908.845617084501,2833.3783797594588,2839.523193359375,4974361
2025-09-26,2823.7772134975207,2837.027218062639,2776.0582098827367,2783.54736328125,3934636
2025-09-29,2799.7737218339657,2812.5436557187713,2778.6506004758216,2780.6669921875,3110035
2025-09-30,2794.9724895498107,2799.101145742985,2770.1049132760872,2773.273193359375,2253458
2025-10-01,2775.7696811050214,2808.2225177556543,2752.3423171660024,2798.044921875,1952902
2025-10-03,2807.454332770607,2807.454332770607,2775.8657645822723,2786.235107421875,2899519
2025-10-06,2786.331441741774,2874.2805224330996,2780.18662812204,2869.28759765625,2112774
2025-10-07,2875.624650921264,2884.745997894136,2837.699050349848,2855.173583984375,3062943
2025-10-08,2856.4219038307547,2921.711547346886,2849.7009111158586,2906.541259765625,4121889
2025-10-09,2913.0703773618156,2943.794916608875,2899.6283914412274,2939.666259765625,3211304
2025-10-10,2928.432196055488,2947.635030127983,2887.049994865423,2907.59716796875,8817365
2025-10-13,2906.348987711864,2914.510192335436,2878.6968592818434,2887.338134765625,2866865
2025-10-14,2900.588173459837,2906.541005318549,2837.6988899902512,2842.3076171875,3611416
2025-10-15,2863.2206293645645,2871.6049712258155,2843.946172081733,2862.064208984375,4282226
2025-10-16,2862.160371154854,2867.0754517571395,2836.332787245134,2862.931396484375,3251495
2025-10-17,2862.2568312933195,2880.374867719902,2848.1863837329993,2854.73974609375,4374683
2025-10-20,2877.1943748710046,2913.333979311689,2870.4483153754104,2905.81689453125,3133039
2025-10-21,2921.140221212513,2921.814780103732,2887.313457420898,2897.625244140625,310644
2025-10-23,2944.1734252464703,2985.613509464342,2925.959156761946,2961.713134765625,5564758
2025-10-24,2968.2662739630537,2977.9035021252716,2947.3535359078196,2952.07568359375,2684318
2025-10-27,2955.2558763824863,2981.9509500743798,2949.184375870237,2972.98828125,1946312
2025-10-28,2964.4114953280427,2978.096312781555,2929.9101701396817,2946.968017578125,3470737
2025-10-29,2946.9681278582934,2964.4116062609737,2935.5963859963827,2946.67919921875,2895420
2025-10-30,2938.487165302022,2952.653842834952,2922.778437237614,2925.187744140625,2241536
2025-10-31,2924.898585437403,2956.1231088421955,2915.357824198127,2947.064208984375,1868085
2025-11-03,2936.3668007969727,2947.0642176101555,2900.805524854993,2907.35888671875,2194877
2025-11-04,2910.0574685167057,2919.4055326440953,2868.039060214524,2881.723876953125,2670720
2025-11-06,2881.627605776501,2914.2977142131544,2881.531139384038,2901.6728515625,2542721
2025-11-07,2892.1320716871546,2895.023240036059,2853.1012989769483,2883.265869140625,1830520
2025-11-10,2884.422275161144,2937.3305615709287,2883.4585523829414,2915.4541015625,1556656
2025-11-11,2934.5359333014544,2944.847720230334,2908.5154176367123,2936.46337890625,2806868
2025-11-12,2948.991669923252,3022.619995280987,2946.1969680097523,3018.18701171875,4460315
2025-11-13,3018.1871954349617,3018.2834265472866,2989.4682081451956,2993.033935546875,1740435
2025-11-14,2977.9034333434784,3000.1655239975616,2965.6642009169345,2993.322998046875,2210794
2025-11-17,2993.323082448971,3010.188231818854,2974.626953832486,2989.660888671875,2232853
2025-11-18,2989.4682629851,2992.3594315179676,2966.338914722159,2975.10888671875,2548350
2025-11-19,2984.6493140956795,3040.545232796858,2971.639057156612,3033.510009765625,3151053
2025-11-20,3033.79944214396,3049.7008686990343,3024.2586803244717,3030.715576171875,2700767
2025-11-21,3030.715536432949,3055.0013041600305,3021.463703354114,3036.30517578125,4177037
2025-11-24,3043.4366842823783,3063.578397230728,3017.4161679823073,3027.24609375,6703764
2025-11-25,3031.1974493056246,3035.534202019235,3001.996600643867,3006.044189453125,2737920
2025-11-26,3005.658898650244,3062.711244826224,3003.9241504478728,3048.158935546875,2508527
2025-11-27,3064.6384631299097,3064.6384631299097,3011.6337098367826,3022.81298828125,2836233
2025-11-28,3026.089482694223,3033.12470593688,3011.6336412163846,3023.68017578125,1616690
2025-12-01,3024.0657566161144,3039.581788202742,3008.935355329588,3019.72900390625,1747647
2025-12-02,3017.4161065078188,3029.9445029896465,3007.200550647543,3021.945556640625,2512003
2025-12-03,3026.089516693691,3095.3810901757683,3025.125793917674,3064.638427734375,3952112
2025-12-04,3078.13047294951,3132.0989471151875,3071.769808666434,3112.053466796875,5025905
2025-12-05,3112.824571063191,3152.915532717371,3105.5001838412545,3120.72705078125,5244013
2025-12-08,3125.3528208067405,3141.639640868843,3092.200852929616,3119.088623046875,2544725
2025-12-09,3112.8248484517812,3116.3905759892023,3065.7951256660695,3091.912109375,2734893
2025-12-10,3108.0062080861744,3108.0062080861744,3062.807700289892,3073.5048828125,1386849
2025-12-11,3088.73179730002,3092.0083609433445,3038.714674477584,3076.10693359375,1914362
2025-12-12,3081.696263178982,3106.078496384854,3070.131589906683,3103.669189453125,1146554
2025-12-15,3094.610369719165,3120.727116365754,3081.31094805451,3113.017333984375,1562190
2025-12-16,3103.187500999765,3103.187500999765,3075.3360054304358,3088.828125,1734623
2025-12-17,3084.394687896739,3119.474102184826,3084.394687896739,3101.067138671875,1376350
2025-12-18,3110.897128527372,3168.5277977297296,3104.1510690788923,3161.78173828125,2307422
2025-12-19,3179.3215200364916,3197.5357868591873,3159.854366515901,3162.938232421875,3902511
2025-12-22,3189.9226061933546,3207.8479451634685,3171.6118722000997,3204.281982421875,2632816
2025-12-23,3199.4631245744913,3199.4631245744913,3174.0209376032617,3189.92236328125,2365420
2025-12-24,3184.236571775606,3206.4021959958864,3176.5267894381177,3198.595947265625,1367708
2025-12-26,3192.910060559104,3199.5596536775915,3153.108262388808,3161.0107421875,1176664
2025-12-29,3161.010777477703,3168.7205598617948,3125.2565675579217,3133.544677734375,2079473
2025-12-30,3132.099002526,3148.9641510011397,3121.9799134409154,3129.01513671875,2807593
2025-12-31,3122.461816571668,3128.2441532690227,3082.4673210816295,3089.887939453125,3362634
2026-01-01,3098.368779137981,3116.775978595714,3082.1781891606697,3110.31884765625,1255735
2026-01-02,3116.6795578205924,3136.243177859361,3102.7055771191704,3132.773681640625,1184324
2026-01-05,3122.94369701057,3129.207895137578,3075.2394189664337,3099.428955078125,2341703
2026-01-06,3093.550169667909,3144.8201752673103,3088.7315556964636,3137.688720703125,2912325
2026-01-07,3125.2565425983025,3180.8635358265738,3106.271250685878,3176.044921875,1989442
2026-01-08,3167.6601287029757,3167.6601287029757,3066.5657090274044,3087.671142578125,4159336
2026-01-09,3075.239584998998,3112.5356118812538,3075.239584998998,3091.43017578125,1938673
2026-01-12,3086.804068110982,3134.026484388671,3059.145271347969,3122.076416015625,2228342
2026-01-13,3127.2804209827063,3161.0107182814413,3094.0319850739534,3149.446044921875,5645341
2026-01-14,3141.736098705462,3141.736098705462,3067.529448521315,3076.684814453125,3539511
2026-01-16,3159.0110444402844,3161.464149941515,3111.519017760894,3146.54931640625,4293470
2026-01-19,3128.2002715520307,3159.600023336744,3092.973770842994,3104.258056640625,3387562
2026-01-20,3092.4832014713097,3100.7255406282875,3033.118044759914,3044.10791015625,4499273
2026-01-21,3041.8509292683366,3079.6287553253787,3024.188569033875,3064.027099609375,2015150
2026-01-22,3090.9130188550284,3100.7254411371077,3063.7326570458863,3091.305419921875,2269827
2026-01-23,3130.457047950816,3134.578217290946,3092.875423666008,3103.178466796875,2068857
2026-01-27,3115.4440572399217,3115.4440572399217,3071.2881572160486,3098.762939453125,4279874
2026-01-28,3116.425451779539,3145.0776781720924,3111.1268393421374,3140.073486328125,2751234
2026-01-29,3140.07335254898,3140.07335254898,3066.9708064954257,3085.41796875,2457641
2026-01-30,3082.082073579965,3082.082073579965,3034.001200735196,3065.302734375,3022068
2026-02-02,3138.0126916764966,3138.0126916764966,3075.2131881532646,3110.1455078125,2636272
2026-02-03,3287.1616459496977,3287.1616459496977,3126.532332237451,3164.80078125,4366060
2026-02-04,3061.475843095512,3061.475843095512,2929.9893806035893,2942.84375,10852595
2026-02-05,2933.9143670738968,2972.869637012123,2916.5464269268496,2935.38623046875,3521545
2026-02-06,2920.765595757455,2929.0079343210614,2861.302223276454,2886.422119140625,4687389
2026-02-09,2903.5941220720847,2921.15826303242,2882.3991930324937,2892.8984375,2380318
2026-02-10,2894.468444356794,2955.109263473934,2888.2865702537815,2928.61572265625,3547763
2026-02-11,2924.1019081110685,2941.76426862986,2849.723697569715,2855.21875,3363513
2026-02-12,2815.9690535680857,2825.977676593803,2688.603761759382,2698.514404296875,10612156
2026-02-13,2536.5113141072056,2662.110326952746,2536.5113141072056,2641.700439453125,11168735
2026-02-16,2649.3540277067937,2668.7826718221954,2620.898002964758,2655.830322265625,2918730
2026-02-17,2665.0538469624375,2708.228504276998,2644.6439610469733,2666.427490234375,4209118
2026-02-18,2678.7913077273606,2678.7913077273606,2607.4550449905755,2644.349609375,2950820
2026-02-19,2657.2039438116426,2697.140454434555,2616.5806115438327,2627.66845703125,3238849
2026-02-20,2616.973184248376,2651.905505554349,2597.838959616639,2635.81298828125,2293482
2026-02-23,2635.616634548502,2653.2789947204583,2610.3005370564806,2626.0986328125,4699596
2026-02-24,2591.460746119642,2597.8388206557183,2513.255787797201,2525.423095703125,7798833
2026-02-25,2547.3048106742554,2604.4130601353972,2546.3235684513456,2579.980224609375,3621285
2026-02-26,2600.292061423079,2620.8981494569975,2585.573427113137,2598.03515625,3464267
2026-02-27,2631.299321894741,2638.168017666852,2576.8403768444346,2587.92822265625,5083717
2026-03-02,2543.37985460111,2574.5834053591284,2531.8993684474203,2564.4765625,3374385
2026-03-04,2575.7609535201655,2585.5733762002424,2531.997452542583,2539.2587890625,3446434
2026-03-05,2551.229777430436,2560.551578540278,2498.6350985020495,2530.427490234375,2960636
2026-03-06,2523.7550365456814,2570.069622274581,2505.7002751879877,2509.625244140625,3998643
2026-03-09,2482.54302502939,2511.9802941008847,2458.0119674698108,2479.99169921875,3653428
2026-03-10,2493.3365235176843,2497.45769299971,2443.39138949283,2465.9599609375,4323710
2026-03-11,2461.053921737681,2473.711851651557,2413.954291083466,2418.6640625,2720664
2026-03-12,2413.6596961153996,2426.513825649523,2390.3060830242093,2396.5859375,2752075
2026-03-13,2391.287343235487,2400.0203033629555,2352.0376535639975,2365.284423828125,2466488
2026-03-16,2364.793830777467,2379.5124645789865,2321.7173916761253,2364.0087890625,3807907
2026-03-17,2374.6063631722786,2374.6063631722786,2315.7318252423875,2346.837158203125,2993367
2026-03-18,2364.793804301608,2436.326267951688,2364.793804301608,2395.01611328125,3082388
2026-03-19,2371.6624152761565,2378.5311107279285,2306.115387909886,2311.806640625,2757060
2026-03-20,2341.2440023374425,2362.6351312433567,2319.8528734315287,2345.7578125,4206320
2026-03-23,2320.6378037995523,2361.6537756859007,2303.956686393805,2339.085205078125,3860515
2026-03-24,2359.0045869106293,2389.7172776589064,2334.47353068287,2353.803955078125,3420182
2026-03-25,2355.864368126978,2376.1762738846405,2325.3478785890734,2332.80517578125,5843778
2026-03-27,2358.8080275261386,2376.6668272056972,2340.262645780238,2344.97265625,4979411
2026-03-30,2330.5484146912077,2353.0187649541185,2302.1903717438945,2314.652099609375,6804756
2026-04-01,2383.437228779803,2425.6306420517385,2352.9205014959025,2363.02734375,4132661
2026-04-02,2341.24390183887,2423.570027038862,2331.1370592120925,2404.730224609375,5378361
2026-04-06,2427.593337237373,2435.4432752720936,2402.2772391631793,2427.4951171875,2572417
2026-04-07,2414.837240451596,2496.182129281132,2402.0810908677395,2492.1591796875,4516550
2026-04-08,2523.755016821873,2531.899375247164,2492.453485493659,2511.195068359375,4769337
2026-04-09,2506.0927992754805,2556.136155878084,2483.622446743067,2540.436279296875,5628261
2026-04-10,2517.671257898199,2517.671257898199,2454.1849361455575,2476.94970703125,10480239
2026-04-13,2443.195026142192,2457.9136601554055,2423.6684008424363,2426.2197265625,3739587
2026-04-15,2454.9699887251027,2510.9990192902537,2446.629429262826,2506.975830078125,5261384
2026-04-16,2523.754997213638,2545.3423261167095,2510.0176060935014,2528.56298828125,3905403
2026-04-17,2521.7923752088177,2540.435976426315,2507.9567647966655,2533.07666015625,2718206
2026-04-20,2538.571963483115,2545.3424392975157,2513.15764504414,2531.212646484375,2288558
2026-04-21,2511.9802240950007,2564.9673069470045,2511.9802240950007,2561.532958984375,2719959
2026-04-22,2531.6050998221144,2531.6050998221144,2456.6382849386455,2490.883544921875,5232045
2026-04-23,2481.5617226658205,2511.4896121641627,2469.0999936393873,2474.496826171875,2509050
2026-04-24,2441.3307179215667,2458.0118361710306,2343.991534636913,2351.939453125,5107719
2026-04-27,2351.9393059532576,2412.874541687738,2351.9393059532576,2401.6884765625,5853425
2026-04-28,2398.155951805419,2440.349366669426,2381.867235359066,2398.8427734375,4508363
2026-04-29,2405.024637022461,2441.2323784506298,2401.688509360205,2428.280029296875,2835961
2026-04-30,2432.4995485090735,2444.2744555611544,2392.26861608113,2427.4951171875,3970446
2026-05-04,2447.2181772447047,2451.4375668418284,2379.512461835769,2385.6943359375,2632358
2026-05-05,2384.418837601779,2414.248508305356,2366.9526763935437,2381.76953125,3385720
2026-05-06,2396.0953597954776,2424.6496051586114,2361.3594798924314,2389.71728515625,3147628
2026-05-07,2392.4647422177254,2393.9366055534624,2353.018852732181,2356.35498046875,5829594
2026-05-08,2353.018651512491,2361.8498307717123,2330.5483023329007,2349.486083984375,3792199
2026-05-11,2326.5252955775945,2369.699953108347,2326.5252955775945,2348.014404296875,1975188
2026-05-12,2330.450360002076,2330.450360002076,2240.176072372522,2257.151611328125,6347884
2026-05-13,2262.7444282326155,2265.8843552424923,2226.4384681959255,2230.167236328125,3171843
2026-05-14,2222.513720137884,2222.513720137884,2165.012827845418,2203.8701171875,5633313
2026-05-15,2209.7575636145925,2261.665183205434,2209.7575636145925,2221.532470703125,3410637
2026-05-18,2221.5322685970373,2249.8900714309348,2209.953563101145,2240.3720703125,3773336
2026-05-19,2256.857213357978,2333.0017090765828,2254.0117066090534,2283.448974609375,10394707
2026-05-20,2280.308816116464,2298.0693970332622,2274.3233820043192,2283.7431640625,2537422
2026-05-21,2287.275643394801,2292.0836345084317,2270.594525446405,2283.546875,3299087
2026-05-22,2287.373709336333,2296.1066687906364,2264.805139514887,2273.83251953125,2617262
2026-05-25,2312.3217190072714,2313.415817804508,2280.496215777924,2295.61328125,3298364
2026-05-26,2295.613098349941,2315.205623652634,2260.008270887014,2263.78759765625,3587597
2026-05-27,2262.5943570616037,2283.0821217701528,2248.571147658945,2271.744140625,2653950
2026-05-29,2278.507085795833,2321.2726050840133,2222.81245602518,2246.58203125,16331582
2026-06-01,2271.5452382799426,2322.267132829976,2267.5670504720965,2284.8720703125,7505095
2026-06-02,2307.34897134468,2443.9996279549005,2303.569644295269,2433.556884765625,11306127
2026-06-03,2379.9508308808004,2379.9508308808004,2212.6680838914085,2229.475830078125,15660062
2026-06-04,2229.4759194813155,2240.8139007540485,2204.5129359355733,2228.77978515625,4867263
2026-06-05,2250.560184151513,2259.4117976453776,2180.0469028924485,2186.9091796875,5019717
2026-06-08,2158.1668832997775,2165.128711955583,2131.6125282744956,2139.668212890625,6536734
2026-06-09,2162.145087858845,2162.145087858845,2121.169801728995,2139.2705078125,4148655
2026-06-10,2139.568864676436,2168.907999188303,2133.1043096144995,2142.154541015625,2848650
2026-06-11,2115.4013888441136,2142.8509821277357,2098.494090484758,2123.95458984375,3079815
2026-06-12,2138.276030955957,2156.177876796519,2126.3414670622496,2149.61376953125,2124656
2026-06-15,2180.046856932239,2180.046856932239,2147.525221086398,2150.21044921875,3337083
2026-06-16,2155.183285992923,2196.954258771743,2148.818282502735,2187.0087890625,3079898
2026-06-17,2196.9542720106556,2218.8343055028395,2188.6994835403766,2210.8779296875,2865010
2026-06-18,2196.9542695909468,2201.927004470057,2170.101501243751,2191.285400390625,3735188
2026-06-19,2093.521413717831,2126.341464384191,2048.6672473500757,2113.412353515625,13286502
2026-06-22,2120.5729308842238,2145.237743488044,2109.434053749718,2116.197021484375,4566101
2026-06-23,2099.4885101234904,2102.4721508294924,2043.7938836114508,2048.368896484375,6392736
2026-06-24,2049.7612582514666,2109.1356624395376,2049.7612582514666,2097.49951171875,4747277
2026-06-25,2121.965363861958,2136.78401555451,2076.61392807904,2083.27734375,4738903
2026-06-29,2078.6031371123327,2093.521341445675,2059.706744956766,2086.4599609375,3412470
2026-06-30,2078.60311543387,2092.8251853118586,2007.791421498655,2020.422119140625,6848411
2026-07-01,2028.776408877907,2040.8104030555382,1966.0205187179013,1971.788818359375,4658295
2026-07-02,1997.0503819057583,2065.5745732846704,1991.580373389582,2056.82275390625,6040621
2026-07-03,2088.5485393778363,2105.0581154318793,2073.6303355251375,2082.083984375,4028819
2026-07-06,2078.6031065753987,2081.5867473982344,2039.4180542258837,2046.3798828125,2567386
2026-07-07,2038.8212111731864,2111.124724588052,2037.8266642409067,2084.669921875,4769048
2026-07-08,2082.5813599967723,2098.1956989000228,2037.6278854106638,2046.2803955078125,3666985
2026-07-09,2046.280350211656,2053.7394523387943,2005.006651774823,2038.323974609375,3791498
2026-07-10,2093.7200783959847,2121.666943317309,2053.341620075063,2057.717529296875,6714551
2026-07-13,2063.684994131224,2192.8765503750355,2053.8390761022306,2169.604248046875,12382622
2026-07-14,2170.996422535663,2215.850586742918,2167.1177865856457,2188.60009765625,9546290
2026-07-15,2174.10009765625,2202.89990234375,2145.39990234375,2189.199951171875,5426489
2026-07-16,2206.0,2231.39990234375,2187.800048828125,2201.0,5197595
2026-07-17,2224.800048828125,2275.0,2215.10009765625,2269.0,5615138
2026-07-20,2280.10009765625,2283.39990234375,2245.10009765625,2251.10009765625,2202693
2026-07-21,2245.10009765625,2259.89990234375,2218.5,2221.10009765625,2382160
2026-07-22,2216.0,2226.800048828125,2201.0,2208.300048828125,1599665
2026-07-23,2204.0,2250.0,2193.60009765625,2242.89990234375,2503539
2026-07-24,2205.10009765625,2264.300048828125,2205.10009765625,2254.300048828125,3211699
2026-07-27,2286.0,2315.0,2272.39990234375,2295.60009765625,4007292
2026-07-28,2325.0,2417.39990234375,2323.0,2398.0,8248513
2026-07-29,2440.0,2475.5,2415.10009765625,2446.60009765625,7169419
2026-07-30,2440.0,2495.0,2423.0,2431.800048828125,4901582
2026-07-31,2385.0,2391.0,2326.10009765625,2365.60009765625,4343683
2026-08-03,2383.89990234375,2473.699951171875,2383.0,2473.699951171875,3036839
2026-08-04,2463.10009765625,2467.39990234375,2435.10009765625,2460.0,2792792
2026-08-05,2460.0,2460.89990234375,2408.0,2413.0,3014409
2026-08-06,2417.0,2434.5,2368.5,2373.0,2729141
2026-08-07,2375.0,2457.699951171875,2375.0,2452.699951171875,4547979
2026-08-10,2452.699951171875,2472.89990234375,2423.5,2425.699951171875,2322023
2026-08-11,2438.0,2456.60009765625,2428.0,2445.699951171875,1514105
2026-08-12,2445.699951171875,2445.800048828125,2300.10009765625,2349.699951171875,7022647
2026-08-13,2349.699951171875,2375.0,2332.300048828125,2375.0,2123494
2026-08-14,2375.10009765625,2390.0,2333.39990234375,2361.0,2232160
2026-08-17,2351.0,2361.10009765625,2310.60009765625,2313.199951171875,2237636
2026-08-18,2300.0,2307.0,2280.0,2280.0,1797822
2026-08-19,2293.60009765625,2308.199951171875,2258.300048828125,2289.0,3368922
2026-08-20,2319.39990234375,2329.0,2288.10009765625,2298.0,2047848
2026-08-21,2290.10009765625,2307.199951171875,2263.300048828125,2302.0,2066749
2026-08-24,2302.39990234375,2321.60009765625,2279.5,2284.10009765625,1542723
2026-08-25,2305.0,2313.5,2262.0,2296.199951171875,3041609
2026-08-26,2305.10009765625,2306.300048828125,2266.39990234375,2270.0,1660737
2026-08-27,2270.0,2283.60009765625,2243.89990234375,2248.39990234375,1709113
2026-08-28,2272.0,2348.5,2263.300048828125,2342.0,4054069
2026-08-31,2342.0,2399.300048828125,2306.199951171875,2399.300048828125,2905846
2026-09-01,2355.0,2372.0,2325.0,2369.0,2678034
2026-09-02,2347.89990234375,2363.0,2303.5,2348.0,2533005
2026-09-03,2353.60009765625,2353.60009765625,2316.10009765625,2320.10009765625,1892786
2026-09-04,2330.0,2363.89990234375,2302.39990234375,2304.0,2564322
2026-09-07,2290.10009765625,2299.89990234375,2260.10009765625,2270.0,2297551
2026-09-08,2270.0,2274.5,2244.0,2255.5,2148114
2026-09-09,2237.0,2237.0,2193.199951171875,2208.0,3370071
2026-09-10,2199.0,2232.0,2190.60009765625,2204.10009765625,2490912
2026-09-11,2185.5,2232.60009765625,2185.5,2200.800048828125,2634124
2026-09-15,2275.5,2323.0,2251.0,2251.0,5406210
2026-09-16,2270.0,2273.89990234375,2172.0,2188.800048828125,2763709
2026-09-17,2171.0,2263.60009765625,2162.5,2190.0,3295917
2026-09-18,2177.199951171875,2177.300048828125,2101.199951171875,2105.0,6875428
2026-09-21,2090.0,2145.0,2075.300048828125,2128.699951171875,2330811
2026-09-22,2135.10009765625,2135.199951171875,2098.199951171875,2105.0,3641623
2026-09-23,2099.0,2104.199951171875,2077.60009765625,2089.60009765625,2228402
2026-09-24,2076.0,2096.89990234375,2067.10009765625,2087.0,1760662
2026-09-25,2054.0,2090.199951171875,2038.0999755859375,2082.0,3342195
2026-09-28,2100.0,2100.0,2051.0,2070.699951171875,2457049
2026-09-29,2065.0,2085.10009765625,2032.4000244140625,2032.4000244140625,4437783
2026-09-30,2069.0,2101.0,2050.60009765625,2050.60009765625,3656425
