Date,open,high,low,close,volume
2021-01-01,1533.1450853742679,1543.8430682960147,1527.1090570452777,1529.7099609375,1003018
2021-01-04,1536.9729172978173,1537.9543814851083,1509.4919200536672,1522.15283203125,1383979
2021-01-05,1516.3621079813527,1547.6217171196354,1512.92698346489,1541.8310546875,1351709
2021-01-06,1548.750247133005,1591.296689086066,1532.8995790072233,1543.4503173828125,3312171
2021-01-07,1540.8986143256343,1540.8986143256343,1506.5473713311137,1513.7611083984375,2820445
2021-01-08,1519.2084087480316,1526.4712675486446,1493.2977307659837,1519.8953857421875,3478504
2021-01-11,1531.0840091795874,1542.8615784809688,1517.0490245057224,1534.9117431640625,1425529
2021-01-12,1531.0840165266147,1531.8692357401935,1495.7513084529237,1498.7938232421875,2550741
2021-01-13,1501.6400548854308,1507.5288394143934,1467.2888117998164,1477.888671875,3527208
2021-01-14,1480.0478725051553,1489.7152699920218,1452.6159986533273,1462.3323974609375,2814477
2021-01-15,1462.3323436213298,1481.0292820836066,1444.0281345563242,1449.8677978515625,1725346
2021-01-18,1439.8078585496144,1481.0293514324253,1432.9376097358124,1475.680419921875,2302268
2021-01-19,1489.8624891886377,1495.7512737308853,1473.1775996522695,1491.727294921875,2279346
2021-01-20,1491.7274221492464,1512.4362922608557,1491.7274221492464,1502.9161376953125,1838240
2021-01-21,1504.6825981115985,1521.1221218998214,1484.0228505488872,1489.175537109375,1558030
2021-01-22,1493.78847060923,1506.2530176774608,1459.437224570253,1463.559326171875,1364197
2021-01-25,1477.1526355516498,1484.7589825528269,1451.3400810310536,1472.0489501953125,1604484
2021-01-27,1477.1034269502316,1477.1034269502316,1405.4565497626124,1413.9952392578125,2021747
2021-01-28,1393.679023848285,1427.4904142150735,1389.409678969149,1423.2210693359375,1850239
2021-01-29,1429.0116060904686,1442.0160042914981,1389.0169474722086,1393.973388671875,2435997
2021-02-01,1411.1491902887958,1480.5877782859973,1397.2614487278288,1473.717529296875,2215933
2021-02-02,1486.9180830066646,1507.5288287117075,1454.5297683273116,1457.915771484375,1974202
2021-02-03,1464.344445814877,1500.6586177285167,1464.344445814877,1496.8800048828125,1853072
2021-02-04,1501.63997951193,1511.454619900897,1460.5166123206345,1485.5439453125,2728965
2021-02-05,1490.402243672418,1510.424013944189,1476.6126261927016,1481.4708251953125,1344007
2021-02-08,1485.9367809257074,1535.844210933844,1482.0600453053971,1513.123291015625,2683198
2021-02-09,1519.306393349371,1555.277075783929,1514.448194084386,1530.98583984375,2364475
2021-02-10,1546.1984715917094,1558.5648945263006,1497.7141240850974,1534.175537109375,2125469
2021-02-11,1523.232249685397,1546.6892651208148,1483.2375884903713,1496.438232421875,5970196
2021-02-12,1508.2156367482985,1508.2156367482985,1463.3627811836884,1466.50341796875,3284441
2021-02-15,1478.0849948105215,1490.353296560277,1449.377168716094,1457.2288818359375,3156535
2021-02-16,1464.491515933877,1477.1033042377728,1433.9188886985953,1444.5677490234375,3090249
2021-02-17,1442.1633771236225,1455.5112649648763,1422.6322175095,1433.3302001953125,2096959
2021-02-18,1437.9430852332214,1444.6170892975108,1402.5122537978946,1406.4381103515625,2686046
2021-02-19,1407.4195445734094,1418.1175274162817,1386.6125532043027,1399.126220703125,2543997
2021-02-22,1398.5863080760207,1406.5361431288222,1370.123849876579,1379.202392578125,1931189
2021-02-23,1388.7717543681892,1410.3148442602464,1374.1970358898802,1397.654052734375,1871135
2021-02-24,1397.6540888637155,1446.6781758691998,1397.6540888637155,1424.938720703125,1143204
2021-02-25,1432.9376630816712,1435.832934409364,1403.984470574199,1407.8612060546875,1967386
2021-02-26,1393.678932264383,1405.4073795811648,1377.092166080839,1380.82177734375,2715597
2021-03-01,1395.15125487842,1438.826408478202,1390.3420567002886,1425.233154296875,1962042
2021-03-02,1441.770687708524,1446.6780079525968,1423.1228707810483,1443.880859375,1293306
2021-03-03,1444.7150631672073,1454.1862150903917,1438.973522509487,1447.266845703125,1227772
2021-03-04,1425.0858345641363,1460.0750527420607,1423.6627595807695,1443.242919921875,1822476
2021-03-05,1437.844846160101,1465.325839806847,1435.0966988723767,1446.874267578125,1954113
2021-03-08,1447.659398647326,1453.7935486415943,1424.1042626693356,1429.7476806640625,1060584
2021-03-09,1442.7522979826015,1451.487352863887,1418.2156942754143,1429.8951416015625,941590
2021-03-10,1442.7521738264657,1453.5482785285683,1435.8819253796728,1443.97900390625,1257628
2021-03-12,1452.5667257325042,1479.8514729632295,1451.0945297266942,1455.0203857421875,2631081
2021-03-15,1469.1536024656968,1469.1536024656968,1443.733658881446,1464.5406494140625,1482287
2021-03-16,1477.1035176941166,1502.6215851094303,1469.1536821916416,1473.1285400390625,3191850
2021-03-17,1466.5527278782538,1471.7545355187253,1442.8013446387465,1445.2550048828125,1195023
2021-03-18,1458.0630956209898,1465.227831732622,1435.8820301219855,1440.985595703125,1242978
2021-03-19,1423.1230475788104,1443.5865515772953,1405.5058136370108,1438.28662109375,2360672
2021-03-22,1437.8448889547228,1441.427256837535,1421.1599994583198,1433.2320556640625,1331121
2021-03-23,1433.2319600428705,1486.7217492714744,1427.0486887778004,1467.6322021484375,2534795
2021-03-24,1458.4557460570056,1480.8331768939902,1449.0827153783353,1460.56591796875,1871092
2021-03-25,1456.5905846299029,1470.723689087157,1420.9143949789334,1423.9569091796875,1609996
2021-03-26,1432.8395150478443,1484.3663821497223,1429.9932450940235,1477.937744140625,1922278
2021-03-30,1482.0107313665035,1534.0283265734072,1482.0107313665035,1523.428466796875,3466042
2021-03-31,1521.171209758952,1538.3468312516,1508.2649330758081,1529.170166015625,1431746
2021-04-01,1531.083898437436,1563.766698807899,1522.7905752439483,1530.4459228515625,1343989
2021-04-05,1512.5341476542262,1530.1023772298709,1472.1960011833266,1506.5472412109375,1376233
2021-04-06,1501.1492448204738,1519.3063295077434,1481.0292320589049,1497.223388671875,1400544
2021-04-07,1493.8863802304513,1532.5069659561714,1480.0477613307269,1486.03466796875,2592185
2021-04-08,1500.9039479602768,1549.7317860580526,1497.2234576513993,1542.174560546875,2085919
2021-04-09,1540.8006324881699,1588.0090353500902,1532.360064543634,1562.490966796875,3569146
2021-04-12,1541.880091381607,1543.4995310979255,1474.4044349319026,1482.452392578125,1889829
2021-04-13,1500.2659536956037,1524.5081881133017,1488.5375059801595,1502.2288818359375,1880575
2021-04-15,1516.3621342195,1525.6860437826617,1487.4580624967527,1510.03173828125,1313429
2021-04-16,1501.4438519082632,1530.8877753750933,1501.4438519082632,1520.3370361328125,1501276
2021-04-19,1496.732832630962,1504.0446926443672,1472.2943512710672,1490.549560546875,1439975
2021-04-20,1495.9475844187095,1531.084048322497,1482.0108416454939,1494.6717529296875,1789104
2021-04-22,1501.6399825473702,1501.6399825473702,1445.8437757848305,1453.4010009765625,2200432
2021-04-23,1450.6038737414801,1469.1535683482782,1424.693198719891,1434.360595703125,1726070
2021-04-26,1442.7521586982552,1462.1360737555958,1437.9920820001294,1452.4195556640625,1020499
2021-04-27,1457.4740781225519,1475.6802837218108,1454.5296860455367,1467.3868408203125,1145908
2021-04-28,1477.1033455040933,1486.819863233385,1464.0498261556606,1480.8819580078125,1037771
2021-04-29,1495.7511279027547,1499.1862518841585,1469.2516000462097,1478.8699951171875,1927546
2021-04-30,1472.1961779917947,1488.43945707869,1443.7337185506199,1464.0009765625,3691399
2021-05-03,1449.6223790179818,1449.6223790179818,1394.6603930836507,1397.5556640625,3945733
2021-05-04,1407.419505337237,1407.419505337237,1374.0988473982247,1376.89599609375,3194977
2021-05-05,1379.9385201136986,1405.358464182582,1377.3867374235206,1401.92333984375,1819256
2021-05-06,1409.1862633927021,1421.6016889462956,1404.4751875867576,1417.6268310546875,1464006
2021-05-07,1422.141404258393,1432.2014107412424,1413.2101053912418,1419.687744140625,1190019
2021-05-10,1427.4412701616902,1442.5067186487177,1418.2154845704351,1428.1773681640625,1322561
2021-05-11,1412.4249751624425,1430.9255496537596,1405.456603950749,1408.6463623046875,1582827
2021-05-12,1404.475062904031,1432.9375205030644,1399.42049905854,1427.9810791015625,1358169
2021-05-14,1441.7707789735362,1450.4077110728765,1406.4380709796305,1428.864501953125,1876873
2021-05-17,1434.9004686774888,1443.537400406532,1411.3453310247803,1441.083740234375,2218758
2021-05-18,1452.5667621711061,1518.4229745215287,1448.8862720642537,1510.718505859375,3075596
2021-05-19,1494.0338102419971,1525.0971747153715,1488.6848785192517,1492.9542236328125,1504440
2021-05-20,1494.769764872654,1537.218085510042,1494.2790328421638,1502.9649658203125,3032029
2021-05-21,1523.428458278624,1524.0664338759116,1505.1242494986045,1509.835205078125,1158893
2021-05-24,1503.750238089269,1506.5473868003041,1477.5450748512271,1492.5615234375,1126532
2021-05-25,1507.5288934742346,1545.7078718342948,1506.547429350879,1540.064453125,2530758
2021-05-26,1550.713249389282,1584.0830281736085,1547.4253686764694,1553.6085205078125,3839248
2021-05-27,1561.2149730997621,1577.1637655129266,1538.2978091937575,1564.69921875,2810155
2021-05-28,1565.4351516365628,1582.3654064113155,1541.438403661484,1547.768798828125,1028675
2021-05-31,1541.5366517390323,1578.4396788738254,1539.9172119714174,1566.662109375,1525715
2021-06-01,1578.194134135742,1582.119990190806,1559.8408050013652,1561.90185546875,1111933
2021-06-02,1551.6945402998324,1567.1525978644893,1535.205897641153,1556.307373046875,1859258
2021-06-03,1571.3241517621593,1670.746521092777,1559.1049706474641,1659.8521728515625,7221910
2021-06-04,1682.0332863863007,1682.0332863863007,1634.6285206328266,1648.3690185546875,2952017
2021-06-07,1654.6012103713895,1682.0822048616,1644.9338130568945,1653.8651123046875,1471576
2021-06-08,1654.7484045677463,1694.0069669536952,1643.1670807408416,1680.7572021484375,1743285
2021-06-09,1683.1616440712846,1707.649242831425,1664.7101926989126,1698.6688232421875,2551140
2021-06-10,1709.1216337379915,1713.489101126473,1690.277450846345,1706.422607421875,1850763
2021-06-11,1704.361453720106,1710.6918489558432,1692.5838850525959,1696.4114990234375,761647
2021-06-14,1696.4114065684691,1707.7473637161838,1681.2478356585189,1702.643798828125,887780
2021-06-15,1715.599192327179,1716.531535269524,1687.7255888106815,1691.4552001953125,868275
2021-06-16,1692.0440408374482,1696.9513611415011,1674.868419773263,1683.1617431640625,1116772
2021-06-17,1674.3778041167382,1690.0812301811388,1669.8630930847494,1679.677734375,546515
2021-06-18,1668.5871198585976,1693.0256003115778,1654.7484997827944,1679.57958984375,2018319
2021-06-21,1667.5075010364262,1715.1576308754982,1659.4104222350427,1710.544677734375,925811
2021-06-22,1717.6602469942723,1737.9766251520807,1715.599196406339,1724.432373046875,2083172
2021-06-23,1724.4324549996063,1752.894914416219,1722.518647892921,1749.5089111328125,1608518
2021-06-24,1751.9133096844735,1759.715900871784,1734.8358114436717,1747.8402099609375,1271298
2021-06-25,1751.9134515660614,1758.7837003957322,1709.710494469512,1721.3408203125,1378327
2021-06-28,1735.719216885113,1735.719216885113,1687.8728432220373,1696.01904296875,1339433
2021-06-29,1703.6255172074884,1713.6364036010038,1689.3451659210928,1699.5032958984375,1236704
2021-06-30,1705.7845269097222,1722.8129042956564,1696.1171299333525,1700.386474609375,803926
2021-07-01,1696.9514001225264,1714.0288991344462,1693.7616418516193,1708.0419921875,567971
2021-07-02,1722.469487117556,1735.0812767796544,1707.943770585194,1722.22412109375,1259675
2021-07-05,1727.3767523409715,1730.2230220876038,1710.6918632558597,1717.4639892578125,632904
2021-07-06,1717.5622113312104,1741.117350229467,1713.6854759772584,1730.125,960973
2021-07-07,1730.1248592255617,1750.342994506624,1686.1552222700916,1695.2337646484375,2188364
2021-07-08,1697.9328316643048,1713.636256697038,1689.3450210995286,1694.3504638671875,1167637
2021-07-09,1692.0440330028298,1707.698336777225,1686.1552486652329,1688.70703125,831213
2021-07-12,1697.9328314812162,1706.9622529510143,1680.168355876377,1687.970947265625,792602
2021-07-13,1697.9329696108814,1702.8402903323001,1685.6155466770665,1692.28955078125,797913
2021-07-14,1694.0070318096532,1696.5588145009112,1673.3962857679367,1678.6470947265625,891780
2021-07-15,1673.8869891007294,1684.9284600050878,1663.0908842164679,1670.01025390625,943422
2021-07-16,1675.261006498849,1678.3035210843193,1657.3492876334753,1663.925048828125,907734
2021-07-19,1662.9436219711438,1677.5674605662434,1643.854193744998,1649.203125,831260
2021-07-20,1649.2030001452815,1660.0972265289754,1631.6838917949017,1640.4189453125,819793
2021-07-22,1667.5722382950225,1686.9042944570933,1654.9793143572044,1674.2130126953125,1146821
2021-07-23,1686.9044108642477,1698.021487829683,1669.5399903632665,1673.426025390625,1053239
2021-07-26,1673.3769116380079,1708.7451386954758,1672.4914509684886,1694.9716796875,1435514
2021-07-27,1704.9575684862407,1714.205486990979,1685.625509717807,1701.071533203125,1075244
2021-07-28,1702.006104117464,1720.8953723794805,1687.8390928734323,1695.6605224609375,1714957
2021-07-29,1710.8604598389975,1727.8805688058308,1699.841740108067,1711.008056640625,1346162
2021-07-30,1713.8119236537807,1719.6164771501462,1683.5102641068465,1686.80615234375,1199644
2021-08-02,1700.038562517459,1747.2618559207217,1697.0871066797552,1742.8839111328125,1718511
2021-08-03,1751.1969046863142,1824.9340521574252,1748.3930460208503,1810.4227294921875,5956344
2021-08-04,1827.1479094717981,1828.5745185406668,1765.954438795026,1770.47998046875,2040687
2021-08-05,1790.59904993532,1791.7303452233605,1734.66886773096,1770.184814453125,2301814
2021-08-06,1766.9380358734793,1767.2823483313969,1749.2293027745245,1758.821533203125,877876
2021-08-09,1758.8217968527213,1801.9622207665832,1748.98361032299,1770.037353515625,1770502
2021-08-10,1780.7114693854676,1792.517291281946,1764.330867485098,1770.086181640625,862746
2021-08-11,1775.7924917276455,1785.630677277383,1744.851446211736,1760.4449462890625,748179
2021-08-12,1768.9057005484528,1799.9943417893633,1752.1807856934342,1794.0914306640625,889082
2021-08-13,1800.3878440579176,1811.2098474921454,1789.3198860001844,1808.1600341796875,1194666
2021-08-16,1798.420352706935,1817.1621445737628,1787.5983483963355,1807.471435546875,461655
2021-08-17,1810.2260311521075,1847.95544642369,1799.0597152506919,1844.1185302734375,1917077
2021-08-18,1857.2527849435533,1860.0566439101262,1829.9025800637235,1849.8741455078125,1029077
2021-08-20,1829.312318570086,1861.6799743470438,1827.8857095510837,1846.4307861328125,1070166
2021-08-23,1858.433323802318,1864.3362353654804,1817.9491646459533,1840.0850830078125,1092285
2021-08-24,1852.5303607792835,1856.760828653386,1822.6222523377103,1839.34716796875,1003905
2021-08-25,1829.9024582769887,1839.4454499407418,1790.5497172387738,1793.1568603515625,1280400
2021-08-26,1793.156899018293,1804.9134826189588,1776.0384322785285,1785.9749755859375,1059290
2021-08-27,1794.485082647202,1800.3879941032783,1767.9219810948584,1793.05859375,1020589
2021-08-30,1805.3069667646678,1856.4162903470494,1802.158795569086,1848.0538330078125,1670309
2021-08-31,1848.0538227235993,1893.8506221704617,1845.2008451350569,1890.505615234375,1816071
2021-09-01,1894.0474048724848,1922.3321878930421,1884.0125038040755,1908.0177001953125,1247432
2021-09-02,1926.808593828297,1947.46878298857,1915.3470839179959,1935.2694091796875,1167157
2021-09-03,1938.2208133399126,1991.642206217573,1938.2208133399126,1986.624755859375,1548784
2021-09-06,1992.232467325735,1999.9554185504358,1973.6875125748204,1987.952880859375,679133
2021-09-07,1981.4106335670608,2006.8915589809983,1980.1316213663642,2000.9886474609375,773091
2021-09-08,2001.03763315858,2033.5528833222838,1982.4435591839103,2022.681640625,796813
2021-09-09,2018.7956199903197,2026.6661682164029,1988.3464845786748,2001.382080078125,653397
2021-09-13,2004.0383613909996,2010.3839429214545,1988.4448615867143,1997.7911376953125,786459
2021-09-14,2005.9077110582011,2028.141986772915,1999.1685778570325,2022.435791015625,888765
2021-09-15,2026.6664524526698,2098.4852150881284,2026.6664524526698,2085.548095703125,2795995
2021-09-16,2098.435971747246,2098.435971747246,2061.1493404504654,2074.578369140625,725123
2021-09-17,2079.7431112657173,2115.20981693182,2046.3425205665983,2061.690185546875,1727410
2021-09-20,2054.213167362924,2062.0837158968816,2037.0455814112452,2043.735595703125,411738
2021-09-21,2041.4233736619583,2063.559289761907,2028.7322111740123,2052.097900390625,539788
2021-09-22,2062.870875272381,2076.79181229696,2039.8493760661488,2047.375732421875,1057480
2021-09-23,2056.180787343494,2079.546478108761,2042.9977147351221,2070.9873046875,711634
2021-09-24,2070.937991614599,2080.7761768479227,2051.261621147952,2059.03369140625,540771
2021-09-27,2065.035170265967,2073.2501513690218,2043.587877486742,2056.4267578125,507550
2021-09-28,2049.490837650215,2103.4041443939327,2049.343360937821,2094.844970703125,923489
2021-09-29,2094.54960175804,2132.8200456108007,2075.906289085243,2112.750244140625,912912
2021-09-30,2115.1110978024726,2149.6432199751143,2101.731311577064,2126.867919921875,1374265
2021-10-01,2122.0967731125434,2139.8055083540944,2088.302507283879,2128.737548828125,626710
2021-10-04,2125.0479712019865,2139.116623864161,2103.4039640878923,2120.424072265625,870878
2021-10-05,2120.423958510387,2170.942891927445,2095.5333036264847,2157.16943359375,1329784
2021-10-06,2158.497788621147,2169.0245985312863,2100.550975057343,2112.897705078125,895210
2021-10-07,2218.510679552377,2345.6692185023303,2213.591587136518,2336.913330078125,8361061
2021-10-08,2380.8408036825463,2380.8408036825463,2314.9249632500128,2320.040771484375,1845797
2021-10-11,2338.5369441496264,2367.1661631010365,2319.4017193379577,2324.173095703125,1056932
2021-10-12,2326.7307753712407,2467.220106590232,2304.7423356040736,2452.26611328125,3517011
2021-10-13,2498.8005490606797,2566.7332655292175,2449.7081012600493,2496.144287109375,4023645
2021-10-14,2533.6277723214075,2542.1869450348677,2491.372816764509,2522.559814453125,1546459
2021-10-18,2577.604513508225,2634.5675095436964,2533.8245895192495,2546.909423828125,2572741
2021-10-19,2595.313393298389,2595.313393298389,2428.802099964139,2444.690673828125,3546129
2021-10-20,2446.8553887258795,2465.006794247987,2364.1161466115436,2372.380126953125,2868983
2021-10-21,2394.515655045449,2396.5325309275777,2341.5371750591107,2356.933837890625,2303014
2021-10-22,2378.282983338902,2454.5781636713796,2359.196998608844,2372.970458984375,3063724
2021-10-25,2366.083414793928,2372.9701440677563,2302.135214394092,2340.651611328125,1446182
2021-10-26,2351.326551599577,2428.5070759351925,2332.633997423681,2415.02880859375,2567357
2021-10-27,2428.0640622751594,2442.181953851042,2412.519681909777,2420.2919921875,2082690
2021-10-28,2430.0318390677235,2430.0318390677235,2321.811797651752,2336.716552734375,3330380
2021-10-29,2361.1644797240524,2365.099753856926,2308.579427161546,2344.980712890625,1450019
2021-11-01,2401.943425966438,2401.943425966438,2351.6704489755357,2367.3623046875,1276469
2021-11-02,2383.595603672719,2424.915982299373,2381.8739212299415,2414.241455078125,1546219
2021-11-03,2422.16122904025,2431.6549818107846,2367.116630138865,2378.823974609375,1554405
2021-11-04,2399.5335637513494,2405.2397596654464,2382.8086475628406,2392.40087890625,181506
2021-11-08,2437.804081969582,2507.458488862127,2408.683194698131,2495.701904296875,3449086
2021-11-09,2488.028127879478,2502.6379309138897,2450.839734856511,2471.450927734375,1097405
2021-11-10,2464.4655550076927,2485.9620871623365,2432.19625738714,2444.395751953125,911235
2021-11-11,2443.805398268563,2501.653979888783,2436.2300430993873,2487.19189453125,1726010
2021-11-12,2506.6222075929695,2520.297189465046,2482.1742203651065,2498.4072265625,1673817
2021-11-15,2509.7207391287043,2531.069550376895,2490.7329959651834,2498.308349609375,846885
2021-11-16,2508.835636133313,2510.0654092500813,2479.370080103488,2490.782470703125,1133767
2021-11-17,2482.075963501167,2497.9155397623877,2450.790722740901,2458.9072265625,892518
2021-11-18,2451.6758653362767,2479.2227851715156,2416.7503062594556,2438.09912109375,739912
2021-11-22,2452.069385202995,2452.069385202995,2314.925168291429,2352.60546875,1361329
2021-11-23,2341.488121853342,2371.937257584807,2326.7800827393785,2349.0634765625,1247942
2021-11-24,2361.164394076873,2366.3294411889165,2326.7307466632524,2337.4052734375,614145
2021-11-25,2321.8118537001233,2364.312768407804,2317.04023750102,2359.000244140625,662071
2021-11-26,2339.3237601171654,2346.505683459317,2248.074591013228,2255.207275390625,1289322
2021-11-29,2252.9447580615933,2296.6262110064836,2195.292887827294,2286.59130859375,1094276
2021-11-30,2298.593632629108,2351.326404556278,2298.593632629108,2337.06103515625,2675375
2021-12-01,2370.8060421549326,2402.435713159512,2309.4156191659167,2322.008544921875,2177426
2021-12-02,2330.6662313771803,2383.300525753997,2321.861103066178,2347.883056640625,1682636
2021-12-03,2366.083622685185,2366.526292996529,2316.9419339443543,2330.912109375,1062389
2021-12-06,2323.139798954797,2341.340440326579,2280.8846042666455,2287.673095703125,547641
2021-12-07,2298.6922813392594,2347.2438279113803,2287.7227994410077,2342.029541015625,904175
2021-12-08,2346.4072366626942,2378.8732487423035,2338.6351662105753,2366.624755859375,926476
2021-12-09,2384.7762955147423,2384.7762955147423,2317.7291537445194,2334.7490234375,1250492
2021-12-10,2346.8002493641457,2346.8002493641457,2259.142176500418,2301.49560546875,2288164
2021-12-13,2314.5316912693766,2347.3911358205037,2302.2339589987328,2312.465576171875,992852
2021-12-14,2304.7913352813666,2332.8793988543425,2281.2289324590433,2316.744873046875,765269
2021-12-15,2316.9913021790107,2329.9284208115873,2279.950387435354,2285.55810546875,567271
2021-12-16,2306.1693265170306,2326.5343239421445,2287.6242494274647,2319.1064453125,998086
2021-12-17,2298.2001640594235,2301.446813356599,2220.576975484647,2243.499755859375,1591893
2021-12-20,2223.1348220251225,2226.5289481260256,2169.319993135913,2203.1142578125,1063366
2021-12-21,2214.8709056619746,2272.6210105767063,2214.8709056619746,2250.632568359375,883858
2021-12-22,2268.980680380014,2270.7516017381568,2245.4182750751875,2262.53662109375,643034
2021-12-23,2282.4590229554437,2299.7250864472812,2272.6208375116703,2292.19873046875,613686
2021-12-24,2302.233966642607,2304.004647943392,2272.6209311605417,2281.91796875,534065
2021-12-27,2268.832991894918,2306.070619085444,2249.3043383174722,2293.576171875,537545
2021-12-28,2302.2337904148694,2346.3579064568476,2289.8375811177543,2341.340576171875,871453
2021-12-29,2340.504238553395,2377.348193766254,2331.9943045060563,2363.279541015625,764644
2021-12-30,2355.0649755596155,2408.3878948002643,2352.015041871702,2397.861083984375,1152684
2021-12-31,2407.699350324659,2493.980195029884,2405.043088095782,2481.583984375,2225749
2022-01-03,2469.3847581036,2504.802228737755,2461.8094027004245,2483.0107421875,921729
2022-01-04,2484.141892017065,2552.9599530272044,2483.551504798375,2541.203369140625,1037293
2022-01-05,2534.316634618756,2565.7988288376228,2518.674015442289,2534.464111328125,1244568
2022-01-06,2498.8991692315276,2559.256534611636,2497.3742024091375,2553.89453125,1130508
2022-01-07,2587.4431718486408,2643.7667922244336,2520.8879331050807,2531.0703125,4625230
2022-01-10,2543.1709576927033,2620.4499530137987,2529.3974979605186,2614.497802734375,1894316
2022-01-11,2607.1191508523734,2635.403934092753,2591.6732476947727,2610.4150390625,1123968
2022-01-12,2598.2648602779705,2628.7632361464357,2565.798847256701,2570.668701171875,1293999
2022-01-13,2568.7499529288857,2586.3602069706094,2546.12212875525,2576.866455078125,1023670
2022-01-14,2583.5073752079115,2596.297015679238,2546.9586140908773,2550.79541015625,1166457
2022-01-17,2550.7954453730017,2562.1585972174203,2509.1306353401546,2555.517822265625,1172956
2022-01-18,2555.960530443976,2592.3618159044945,2545.1385266584166,2558.5185546875,1221314
2022-01-19,2555.960902606474,2575.4405602948445,2529.4962764807783,2547.008056640625,629040
2022-01-20,2554.976726143116,2567.766367051803,2508.737255165555,2522.805908203125,1215237
2022-01-21,2506.769616569367,2520.4445980719547,2464.465419743432,2487.24072265625,1457884
2022-01-24,2479.2225619032943,2481.7313470575173,2337.552701223106,2364.1650390625,1411443
2022-01-25,2347.390953534281,2368.7890060235395,2292.6905485661737,2338.044677734375,2849686
2022-01-27,2289.3455970297923,2322.2050381006516,2223.4297590405376,2272.669921875,2460051
2022-01-28,2275.572346742089,2339.3238379573154,2270.6532539043415,2278.13037109375,1317407
2022-01-31,2314.925010258292,2341.488110673495,2298.544527744945,2322.10693359375,900510
2022-02-01,2340.307569040904,2402.5833300768513,2320.778675129031,2392.449951171875,1246431
2022-02-02,2411.339265105012,2437.8038880136105,2402.2389435210785,2424.12890625,1144427
2022-02-03,2440.3618521819462,2465.990372805866,2377.8893758209088,2434.901611328125,3883564
2022-02-04,2469.3845322436755,2479.2227176311003,2390.6790491442753,2431.1630859375,2718069
2022-02-07,2439.869976772591,2457.726187179797,2349.35867118264,2370.215576171875,1119632
2022-02-08,2379.2664937679106,2425.112530584393,2362.0496705284677,2404.10791015625,1524580
2022-02-09,2425.1126305925845,2454.627185934482,2416.307502953598,2444.59228515625,826261
2022-02-10,2459.497351291514,2463.432625835932,2425.6540862855563,2451.528564453125,788689
2022-02-11,2439.870108890367,2439.870108890367,2382.0707665930654,2402.73095703125,1030760
2022-02-14,2341.4880442360823,2383.7922399932886,2313.2032621891126,2359.19677734375,816491
2022-02-15,2382.7593594316168,2459.349731884747,2360.180771081009,2455.5126953125,1293933
2022-02-16,2469.384564087735,2479.1242716708553,2420.4395911541233,2447.789794921875,1008929
2022-02-17,2468.8927362678974,2496.4396566167725,2446.756818130409,2452.8564453125,960885
2022-02-18,2439.1812962190606,2459.054382216161,2420.9806536621495,2448.675048828125,654373
2022-02-21,2447.7406534037837,2447.7406534037837,2372.0358608954098,2414.63525390625,788568
2022-02-22,2338.5368642264893,2417.242353977486,2338.5368642264893,2410.4541015625,874150
2022-02-23,2412.3226154517533,2484.1413556344523,2412.3226154517533,2455.3154296875,2096198
2022-02-24,2363.132297309827,2426.096688245643,2356.2455670512227,2367.657958984375,1875086
2022-02-25,2384.2840007453437,2433.9668322030043,2384.2840007453437,2428.506591796875,1284338
2022-02-28,2390.6791577798126,2522.1664153816687,2390.6791577798126,2505.34326171875,2355891
2022-03-02,2508.7374972856524,2562.650806049653,2483.5026455948755,2550.697265625,3536974
2022-03-03,2577.60467058063,2597.0843264344853,2518.575555987181,2532.594970703125,2153478
2022-03-04,2523.4942149373655,2523.4942149373655,2390.678729940662,2401.500732421875,2652474
2022-03-07,2375.7251928269884,2380.7917625185796,2292.2973278773825,2351.03125,1545686
2022-03-08,2361.164667896679,2380.3491308233397,2287.968659267918,2332.8798828125,1467595
2022-03-09,2354.2776497933937,2420.685397959317,2336.5689169491475,2394.269775390625,1581979
2022-03-10,2457.578703395462,2464.2194785147253,2405.288844273145,2427.867431640625,1051744
2022-03-11,2437.902334746391,2457.7754211562687,2409.2241204681595,2453.25,812330
2022-03-14,2449.7081745473733,2503.8181944670946,2434.9508963874496,2497.915283203125,1004492
2022-03-15,2517.5915830275308,2537.2679533520914,2502.0472024331148,2515.57470703125,1571483
2022-03-16,2536.0878047062643,2551.5337097211145,2524.4786964119453,2545.43408203125,757197
2022-03-17,2558.026644404491,2677.609594035184,2558.026644404491,2659.261474609375,3336088
2022-03-21,2695.662929835396,2723.2098502862686,2656.310186334149,2663.44287109375,1889261
2022-03-22,2672.296880219853,2674.805665319828,2603.626303975917,2668.853515625,1279904
2022-03-23,2685.8246661898816,2698.565068491485,2634.5186244117726,2646.471923828125,1281815
2022-03-24,2650.4072077286614,2650.4072077286614,2570.2752338403598,2576.12890625,1835380
2022-03-25,2588.4263797829617,2591.3778351761007,2477.2548933080566,2483.059326171875,2863040
2022-03-28,2495.4558657485486,2504.359472069643,2442.82157092594,2494.865478515625,1316800
2022-03-29,2508.7372252420323,2517.591591919357,2484.4369558433878,2497.718505859375,908172
2022-03-30,2514.935260342588,2524.2322970584305,2469.384416103151,2482.321533203125,866666
2022-03-31,2484.387801968989,2504.211649743934,2479.173515597963,2495.111328125,910316
2022-04-01,2496.9314740481777,2508.7372966205094,2451.528344148115,2480.05908203125,1208002
2022-04-04,2499.243498987985,2520.543074088386,2468.1547373611393,2476.271240234375,1424995
2022-04-05,2491.028564319592,2536.0875018701813,2479.271980705309,2507.9501953125,1586304
2022-04-06,2505.785977569301,2523.396234456945,2482.469524755967,2498.948486328125,1349078
2022-04-07,2461.809336166548,2503.277194170606,2412.323212441017,2418.570556640625,2785215
2022-04-08,2428.408739536559,2491.6680834205094,2425.1128511476054,2469.33544921875,1217812
2022-04-11,2462.497663855187,2469.3351542765413,2437.311814605095,2449.560546875,660112
2022-04-12,2439.8699918276375,2467.9088203627534,2400.763204660239,2447.937255859375,1182427
2022-04-13,2451.8721375181844,2455.5614564716534,2401.5991620262666,2421.521484375,1165453
2022-04-18,2395.5981491938205,2459.5463544084396,2371.002685649736,2453.102294921875,1109814
2022-04-19,2468.794028283786,2479.812987548623,2401.5009394924273,2412.913330078125,929834
2022-04-20,2413.3562420481494,2464.465569798977,2403.1736235579756,2442.5263671875,639190
2022-04-21,2442.526485225148,2484.09282269257,2426.096762003855,2480.206787109375,880723
2022-04-22,2474.303602140649,2485.56827626745,2436.4265887480387,2472.040771484375,878780
2022-04-25,2431.015531220532,2448.7242643496174,2407.45312601179,2414.192138671875,682383
2022-04-26,2420.1937987206998,2510.8525882349527,2419.2099801033337,2506.966552734375,1232557
2022-04-27,2487.7326849504034,2496.734768813482,2447.9865115334364,2452.020263671875,801135
2022-04-28,2488.962436477916,2490.0447329515146,2436.9185316163184,2472.53271484375,933881
2022-04-29,2480.2067081168766,2491.028712793309,2410.3555870235414,2418.4228515625,1496781
2022-05-02,2395.5980879990598,2397.565725032324,2333.961954008088,2347.93212890625,1287401
2022-05-04,2317.8765276047525,2368.0512741700504,2238.1872242363374,2252.895263671875,2357806
2022-05-05,2271.6369307270943,2271.6369307270943,2215.7067525757825,2225.3974609375,2118580
2022-05-06,2203.7536078098474,2203.7536078098474,2159.924442259363,2173.00927734375,1465638
2022-05-09,2159.4819107023663,2177.5350787881493,2135.8702633871694,2147.872802734375,968069
2022-05-10,2144.7241639981603,2150.627074541275,2090.61415068628,2102.764404296875,1092429
2022-05-11,2092.778688417908,2103.403976373994,2061.83764428709,2080.48095703125,1472911
2022-05-12,2067.986541428824,2069.8557005519942,2002.611848421193,2015.4014892578125,1362031
2022-05-13,2022.8782330085544,2119.144965517193,2022.8782330085544,2057.85302734375,2580348
2022-05-16,2083.727847560712,2117.177680807673,2062.7724628120964,2075.4638671875,1370151
2022-05-17,2110.290978682638,2149.6437242058573,2076.8411449879013,2141.1337890625,1256142
2022-05-18,2151.6110451956774,2158.7929682359436,2126.0317643657336,2131.688720703125,1188772
2022-05-19,2090.6145154751484,2121.2113698717844,2021.8456917244948,2077.775634765625,981115
2022-05-20,2105.272976711941,2120.6698793610094,2094.7461674767924,2102.46923828125,1017542
2022-05-23,2125.047942372237,2164.400682045797,2103.403935551779,2116.48876953125,1346294
2022-05-24,2116.8328658627956,2129.966938209066,2087.0233590643816,2105.617431640625,1150314
2022-05-25,2125.047942086431,2145.708130412271,2071.9217435342703,2079.201904296875,1125068
2022-05-26,2097.501092788485,2116.0461680385574,2041.9153461925425,2107.2900390625,1382368
2022-05-27,2120.129047384661,2124.998901334837,2089.0402840708757,2114.4228515625,865917
2022-05-30,2128.9834087396266,2223.4299924914767,2128.9834087396266,2219.396240234375,1691435
2022-05-31,2218.412290149594,2262.7826015871788,2141.379491995442,2180.141845703125,7005071
2022-06-01,2218.5108850097263,2267.60333579045,2144.7244919384493,2162.039794921875,2126105
2022-06-02,2141.3795110069327,2189.340664401163,2141.3795110069327,2185.01171875,966727
2022-06-03,2195.5387945448797,2208.623630629976,2162.187438380627,2168.729736328125,1228695
2022-06-06,2168.729559755154,2173.205982286924,2130.901783774521,2162.974365234375,1285097
2022-06-07,2138.3789551275668,2144.1833887618345,2054.213226290161,2066.80615234375,3255286
2022-06-08,2071.971231406387,2098.4850949050265,2062.6249546123886,2094.40234375,1775344
2022-06-09,2071.9217802948833,2119.145068734653,2068.970324767398,2105.076416015625,1035771
2022-06-10,2073.8894210781596,2130.9508947131376,2073.8894210781596,2107.585205078125,927889
2022-06-13,2073.889362393935,2090.073128403067,2042.603886593054,2068.3798828125,928411
2022-06-14,2066.018935184497,2082.645372444,2039.111402024041,2067.986572265625,893733
2022-06-15,2069.95424716302,2093.0739832886525,2056.180787343494,2070.9873046875,783714
2022-06-16,2091.991581381381,2110.290701724106,2009.0066342644513,2027.6007080078125,1265289
2022-06-17,2007.9736324462137,2018.4512037810382,1879.6345524329745,1905.1153564453125,6066708
2022-06-20,1906.6402150906713,1941.51653218422,1874.616875514372,1929.9566650390625,1967950
2022-06-21,1947.8625693173676,2059.870298610251,1934.679375387252,2044.4736328125,3289922
2022-06-22,2036.5043603838797,2037.4389399508725,1974.5237928939355,1998.3321533203125,1507811
2022-06-23,2006.9898175277874,2014.6636501622318,1964.8332171933312,2008.3671875,1632845
2022-06-24,2020.320452273593,2042.8005600340134,2001.0375143271433,2012.4990234375,854618
2022-06-27,2048.3100950823787,2049.9332995139844,1992.2324411824288,2007.284912109375,1067849
2022-06-28,1987.3135513332927,1989.2811885128306,1928.2844359471553,1936.2042236328125,3397585
2022-06-29,1918.4461754192264,1922.6766432286788,1891.8830745288062,1904.8203125,2375427
2022-06-30,1918.4461809049017,1933.9413231352876,1894.8345356014568,1909.8377685546875,2489709
2022-07-01,1864.3361791527084,1922.7257869187733,1795.5181186251664,1914.7076416015625,4064801
2022-07-04,1922.381438843551,1934.7775285038826,1896.8021566480893,1930.743896484375,1023678
2022-07-05,1935.1711281801681,1956.9134945692851,1909.1491750283697,1922.62744140625,1555345
2022-07-06,1926.3167268485327,1992.7244791786022,1909.9361239214413,1980.9678955078125,1952701
2022-07-07,2095.53352099552,2136.460468937003,2068.5277497136635,2093.073974609375,5915740
2022-07-08,2112.8198989486586,2126.642085203463,2083.6945779117495,2117.11474609375,2039331
2022-07-11,2125.654651840093,2146.239931484463,2099.5900558228536,2136.1201171875,1219508
2022-07-12,2104.921619626614,2114.794610337808,2087.5944727205056,2102.947021484375,1096542
2022-07-13,2102.946865589907,2114.5970419734344,2080.683224978637,2084.5830078125,1169721
2022-07-14,2104.9214578550577,2112.8198498169904,2086.1627769454676,2100.42919921875,767221
2022-07-15,2107.8834622903237,2165.2948053742525,2105.118976754769,2161.888671875,1742573
2022-07-18,2168.108728863632,2218.7572186884904,2166.1835439107176,2209.0322265625,2016386
2022-07-19,2204.1449222790307,2224.3845509046614,2188.545550544978,2212.734375,867223
2022-07-20,2251.041550237105,2268.812930896872,2232.381696960261,2242.353271484375,1620332
2022-07-21,2255.9783418280103,2268.8132295495698,2235.2450616624137,2259.53271484375,1117118
2022-07-22,2269.8004403981854,2300.3572967706186,2254.1024824416254,2295.47021484375,1185176
2022-07-25,2309.5887112187474,2318.9680521748464,2283.622698048112,2299.271484375,1248393
2022-07-26,2305.2937070586268,2305.2937070586268,2257.5085328028354,2264.073974609375,1142159
2022-07-27,2256.077105747115,2281.6480541614765,2237.762660566115,2274.292724609375,1456382
2022-07-28,2291.521023398558,2311.760653290704,2275.7736522514097,2304.99755859375,1126799
2022-07-29,2325.0892417757655,2362.112955816781,2309.3418702782815,2322.1767578125,1239445
2022-08-01,2334.764567211112,2350.808174887787,2309.292206507266,2346.069091796875,581266
2022-08-02,2339.898619629625,2367.34557991594,2327.113145844249,2354.65869140625,777687
2022-08-03,2364.5811261426284,2395.088569099489,2325.089165789516,2385.709228515625,1207016
2022-08-04,2399.0872195705933,2399.5808690835006,2340.836577047523,2392.8671875,1015590
2022-08-05,2394.397554019652,2440.998019923989,2386.6474012752806,2401.901123046875,2443597
2022-08-08,2428.7556385714956,2443.2688862525597,2402.246562929702,2415.871337890625,1576547
2022-08-10,2438.5296784662914,2438.5296784662914,2386.400484637216,2402.69091796875,1065998
2022-08-11,2415.1307175088873,2454.425265134526,2415.1307175088873,2440.94873046875,1127878
2022-08-12,2440.60312409538,2461.3364030622097,2430.6313077954155,2440.5537109375,761420
2022-08-16,2429.841738032358,2467.7539243510155,2404.0731369452783,2462.17578125,1035928
2022-08-17,2463.311116392346,2491.103488083215,2449.14327868575,2460.546630859375,863500
2022-08-18,2460.54655426595,2472.0979045207723,2435.962905235436,2447.218017578125,827663
2022-08-19,2467.210803165164,2467.210803165164,2400.025057589934,2409.60205078125,751505
2022-08-22,2409.009443079468,2426.7808242169394,2377.4158766128517,2386.89404296875,947292
2022-08-23,2376.4289716828566,2470.1729745182183,2369.5178778723953,2448.69921875,1417877
2022-08-24,2463.3111837085066,2463.3111837085066,2410.046447002211,2429.44677734375,672569
2022-08-25,2441.5903917207675,2469.8272391286832,2425.497370045341,2435.12353515625,732577
2022-08-26,2451.513021951543,2523.5364414283204,2450.0320733356816,2500.729736328125,2398253
2022-08-29,2426.040793795046,2508.6282698283794,2426.040793795046,2499.545166015625,1149676
2022-08-30,2512.6760677971693,2589.784219574569,2510.7014697085274,2571.568359375,1794736
2022-09-01,2560.0169136668096,2613.528471673244,2533.0636025501244,2588.697998046875,1438313
2022-09-02,2597.583685770114,2611.4058718593506,2573.937922775415,2579.41748046875,800453
2022-09-05,2591.659731531276,2606.4692157114546,2577.6895478705533,2593.97998046875,733481
2022-09-06,2598.274999100575,2613.281897246333,2577.837955892615,2598.2255859375,680071
2022-09-07,2573.8886013470287,2607.851591960772,2567.3723312568104,2604.248046875,438635
2022-09-08,2615.354949821837,2626.1164120895987,2582.774084082267,2593.338134765625,754150
2022-09-09,2618.316959795779,2618.464958230528,2560.0663185333538,2570.383544921875,777186
2022-09-12,2583.5642608414596,2635.792285355033,2576.850578941236,2627.350830078125,808360
2022-09-13,2645.961230770841,2688.415086339179,2638.0628390371967,2671.186767578125,1536444
2022-09-14,2611.4056441629273,2677.554671822253,2611.4056441629273,2666.299560546875,915281
2022-09-15,2679.67740275455,2682.4913012346974,2614.3676723111807,2622.4140625,753648
2022-09-16,2614.36811017605,2643.6414331206624,2571.1737730083,2578.6279296875,1425731
2022-09-19,2578.578317413746,2598.5711233590423,2520.1302613273097,2586.526123046875,808421
2022-09-20,2608.6414961215723,2659.339398646541,2601.631817505452,2649.91064453125,844553
2022-09-21,2653.859691622817,2665.7072795318477,2622.907771794558,2632.78076171875,1052572
2022-09-22,2626.2150980852048,2710.0860922014376,2616.342108994659,2702.82958984375,1352472
2022-09-23,2702.8297524977797,2720.6997192032036,2633.1263489079242,2638.507080078125,1226889
2022-09-26,2632.139100304792,2643.9372749957993,2530.990367257602,2621.7724609375,1371409
2022-09-27,2636.038862403913,2645.5170290240926,2552.710924940677,2567.322998046875,1246270
2022-09-28,2554.6362679315866,2601.0393228466723,2531.928389994417,2544.22021484375,1419969
2022-09-29,2561.892649765192,2572.9503492488234,2485.3769849350206,2499.34716796875,1177076
2022-09-30,2505.764892653324,2603.9023180379327,2490.5605842832456,2573.839111328125,1453944
2022-10-03,2591.6602150831336,2591.6602150831336,2523.141751907914,2541.50537109375,1049142
2022-10-04,2595.6094254464956,2595.6094254464956,2538.9877236485345,2552.26708984375,1291070
2022-10-06,2565.0521192907895,2586.723283322885,2548.8110995557463,2559.918212890625,1409852
2022-10-07,2655.834456651426,2710.135904649875,2641.0249708336673,2695.820068359375,5284814
2022-10-10,2675.5802012991803,2693.252756397382,2624.2406550011888,2646.06005859375,1290447
2022-10-11,2658.796242159965,2659.783541173021,2583.1690413439514,2591.166259765625,1067626
2022-10-12,2596.596436637624,2611.3070956992324,2572.901260029524,2588.056396484375,1131702
2022-10-13,2576.850471671081,2594.6218542343295,2558.0917900765403,2565.64453125,1038687
2022-10-14,2606.469504478849,2629.769858586326,2574.6291099639084,2584.551513671875,1326916
2022-10-17,2580.700796636536,2601.434075933411,2569.495097449961,2591.659912109375,1111199
2022-10-18,2604.642938980998,2630.8557774358337,2589.833452965816,2607.5556640625,771852
2022-10-19,2620.6372485198053,2642.99947489295,2606.4694111757144,2610.961669921875,1001916
2022-10-20,2606.4694343174046,2610.418630430007,2548.564442732297,2598.077392578125,1022636
2022-10-21,2616.342566956529,2645.61588831806,2606.518989299882,2631.793701171875,986521
2022-10-24,2662.7454812742435,2665.6085520424886,2645.122097190267,2649.811767578125,184595
2022-10-25,2663.0912537858258,2663.0912537858258,2628.1901351024803,2636.384765625,505759
2022-10-27,2665.7074439051303,2729.8818823695133,2645.9614628391664,2669.459228515625,2117791
2022-10-28,2674.54346717003,2704.1130227884896,2659.0429217193982,2701.644775390625,1003160
2022-10-31,2715.072330693803,2755.551590896874,2703.4715670990204,2726.42626953125,1144647
2022-11-01,2734.966124537581,2748.640311584041,2706.1864561967873,2719.959228515625,890107
2022-11-02,2710.1357450353808,2712.4559940927675,2668.6691871878447,2693.7958984375,1704942
2022-11-03,2670.6438372743246,2743.7039644308124,2670.6438372743246,2728.548828125,1227960
2022-11-04,2739.6558792118017,2746.122735823797,2711.7155105422253,2734.52197265625,1172058
2022-11-07,2736.792943943789,2736.792943943789,2671.9274451037313,2706.729736328125,1825529
2022-11-09,2733.830813094869,2733.830813094869,2675.5801746071124,2683.577392578125,1184702
2022-11-10,2675.5804214564205,2676.6665468257015,2594.6218994787723,2607.456787109375,1198585
2022-11-11,2637.0757221680105,2660.1784231683123,2607.9998137987163,2618.11962890625,833729
2022-11-14,2624.2407090234274,2631.1518019365817,2589.8826560472166,2596.39892578125,565428
2022-11-15,2609.3820100308803,2635.249197270376,2587.7602569697315,2622.907958984375,1033296
2022-11-16,2625.227845621289,2644.1839368025508,2596.5961767521585,2610.714599609375,835064
2022-11-17,2604.494799483201,2611.4058925826635,2543.282260602246,2549.2060546875,1265647
2022-11-18,2547.231512161786,2550.5882324673184,2512.6760459115294,2533.2119140625,1038751
2022-11-21,2519.5870852474686,2546.194745482855,2507.3938460012964,2540.666015625,629040
2022-11-22,2547.231446946814,2575.8631182497043,2528.472765748368,2573.0986328125,912070
2022-11-23,2581.737621613695,2599.064768276836,2557.894445796424,2568.705322265625,992873
2022-11-24,2577.837738985775,2585.0450700334886,2559.5727071316055,2577.0478515625,752066
2022-11-25,2586.723196972408,2586.723196972408,2553.155033347575,2562.435546875,633047
2022-11-28,2551.5755338808162,2575.3695370798023,2546.244215498873,2559.325927734375,665149
2022-11-29,2564.1637173198387,2606.469579447633,2562.0905338691673,2580.552978515625,866621
2022-11-30,2580.5527141756534,2631.151787002627,2571.1239606896934,2619.30419921875,1569918
2022-12-01,2628.1901519367625,2631.1520491778633,2596.596581365021,2605.18603515625,539844
2022-12-02,2614.3679449940773,2617.7246654259543,2571.91408486011,2584.650146484375,731396
2022-12-05,2595.609249911935,2596.5471358186232,2556.364111956819,2582.4287109375,747114
2022-12-06,2586.5262044101987,2590.6728123805883,2558.388180342803,2583.76171875,706596
2022-12-07,2583.0703484364685,2590.4256775692984,2553.8462024517867,2563.867431640625,712914
2022-12-08,2563.8675500183335,2580.7008054349185,2545.9973413856114,2550.68701171875,648288
2022-12-09,2564.015582266697,2596.4976239549633,2535.3344972220607,2582.231201171875,935047
2022-12-12,2580.306185075537,2580.306185075537,2538.3459735332717,2551.822509765625,726330
2022-12-13,2564.4105238864836,2566.977597900309,2532.4221302362666,2543.18359375,832740
2022-12-14,2542.1470642094505,2563.0283427741406,2538.4938648798134,2558.190673828125,767737
2022-12-15,2552.1682067678644,2555.7717521139093,2482.613032474167,2490.659423828125,1225728
2022-12-16,2468.2475111984027,2487.99349128799,2448.5015311088155,2451.3154296875,1177053
2022-12-19,2451.6611532314746,2493.177129886818,2437.3453158358275,2489.77099609375,572224
2022-12-20,2484.8339814930214,2485.6238688406097,2450.5747570194003,2476.293701171875,597902
2022-12-21,2483.0570350173502,2495.8919222758896,2449.4888683411714,2457.979736328125,519326
2022-12-22,2460.1516581792002,2477.330564096336,2433.6919971824027,2451.46337890625,557608
2022-12-23,2436.3083895513873,2473.184105261326,2423.819153060501,2451.512939453125,1310439
2022-12-26,2456.1533332165654,2480.49015958781,2438.875598986321,2449.587890625,1076808
2022-12-27,2466.273127388149,2487.8948810482034,2454.030715085256,2471.752685546875,791283
2022-12-28,2471.0119622217057,2563.0281799503305,2465.779229362847,2547.37939453125,2443430
2022-12-29,2522.549062392906,2555.9692315141124,2509.911586396832,2520.8212890625,1583143
2022-12-30,2531.4345182416987,2576.8502701290304,2520.6236429025626,2564.509033203125,1057182
2023-01-02,2573.888436369574,2582.774127174072,2524.326075867999,2533.162353515625,697408
2023-01-03,2535.383853950555,2585.736103386489,2522.598379997821,2580.40478515625,852511
2023-01-04,2585.538943867702,2592.894273990525,2552.7606617961856,2564.558837890625,832054
2023-01-05,2558.0916822766358,2586.723352977532,2511.342978699083,2529.558837890625,1544601
2023-01-06,2527.4855219160954,2551.5755218809372,2485.031663540161,2505.86376953125,879019
2023-01-09,2497.8169766279343,2497.8169766279343,2436.456442164365,2453.09228515625,2324487
2023-01-10,2463.3109794933544,2466.9639375475704,2424.806318892055,2436.851318359375,948787
2023-01-11,2441.590569825083,2456.9925315419655,2400.1240093994243,2406.442626953125,1000412
2023-01-12,2418.8825991585504,2443.565074660168,2401.111216797385,2415.52587890625,874520
2023-01-13,2425.6949925112795,2425.6949925112795,2369.5177717551755,2386.499267578125,1416869
2023-01-16,2397.1622804195745,2403.875962691318,2361.619511846632,2375.293701171875,737012
2023-01-17,2374.454215229237,2387.1902765582026,2355.695533279401,2377.36669921875,926137
2023-01-18,2387.2889033200745,2398.9884925003994,2382.1549968972363,2393.3115234375,601233
2023-01-19,2362.1128978269894,2381.167817060262,2337.1341844925832,2354.757568359375,1116874
2023-01-20,2359.5951585414546,2366.506251429275,2323.114509291562,2341.18212890625,1229902
2023-01-23,2353.6715223399256,2354.0171734233927,2325.681738892738,2334.666015625,932554
2023-01-24,2342.3666891266776,2360.236896005472,2333.974648301566,2340.638916015625,714000
2023-01-25,2339.8986556415584,2339.8986556415584,2303.9116549051573,2326.6689453125,650664
2023-01-27,2338.318931776103,2338.318931776103,2273.3548482800297,2301.640869140625,1238620
2023-01-30,2302.3812708065184,2313.0935613854945,2258.0022289103813,2305.88623046875,1401847
2023-01-31,2317.1905536579447,2356.1394476493106,2305.9846145560455,2346.95751953125,1252600
2023-02-01,2377.958915542774,2379.193039220575,2270.8369803096134,2316.1044921875,1521514
2023-02-02,2311.316613488738,2354.708360861428,2240.7741407811677,2278.78515625,1788381
2023-02-03,2290.632410985115,2438.6284285099464,2290.632410985115,2431.816162109375,3693638
2023-02-06,2443.417090863062,2448.4521712716805,2416.513192405101,2426.781005859375,1049075
2023-02-07,2425.1025323780786,2428.508665650553,2401.2099452740154,2415.82177734375,563195
2023-02-08,2415.9205235293466,2448.501388783318,2415.9205235293466,2435.419677734375,539085
2023-02-09,2435.6668702700263,2444.206911036035,2420.4625606048194,2431.2734375,464715
2023-02-10,2420.857270752101,2440.603251753342,2411.0336934119455,2437.147705078125,597337
2023-02-13,2448.5013484649057,2491.893088267044,2444.700151165289,2487.055419921875,1856317
2023-02-14,2496.8300523192715,2496.8300523192715,2448.5018087773765,2475.06005859375,843477
2023-02-15,2471.6537322819318,2496.138796670024,2451.7597530514972,2492.239013671875,707224
2023-02-16,2497.866606334842,2513.317740112255,2486.1178440095064,2490.363037109375,704946
2023-02-17,2483.0569480479344,2513.515218160582,2464.2982673270953,2468.543701171875,607239
2023-02-20,2468.247360056396,2475.405277400559,2434.9754338507914,2442.7255859375,460090
2023-02-21,2454.376047942374,2454.376047942374,2419.376344502664,2432.31005859375,750272
2023-02-22,2420.808042068289,2431.5203339937107,2383.7349117053564,2400.667236328125,1098118
2023-02-23,2401.6047635001764,2401.6047635001764,2349.77156716564,2364.08740234375,1602078
2023-02-24,2369.517867315564,2383.09323009706,2347.747873701638,2368.62939453125,1145691
2023-02-27,2368.6293550886644,2381.365416997475,2343.4532281676716,2370.505126953125,862629
2023-02-28,2370.603695493969,2394.2000448812114,2333.5799834597233,2342.6630859375,1430349
2023-03-01,2339.898701721917,2365.6178896682136,2336.2951566773804,2352.14111328125,479935
2023-03-02,2352.0919557471607,2363.8901310239976,2321.8805088178656,2328.989013671875,529609
2023-03-03,2339.8986359467176,2371.4922040270108,2328.3472858253194,2365.667236328125,710845
2023-03-06,2381.9081007347854,2395.582046400237,2362.2115351324946,2372.923583984375,682556
2023-03-08,2365.9632388803716,2370.7023223117585,2342.120064328419,2366.654541015625,858496
2023-03-09,2370.307777164605,2377.366869461621,2334.962420435877,2338.171142578125,601071
2023-03-10,2324.9412287669643,2349.722289919251,2308.3051436128576,2345.328857421875,543004
2023-03-13,2342.6140317049894,2346.760639880191,2291.5213012695312,2302.381591796875,631722
2023-03-14,2307.268127286613,2361.470981782168,2299.2711507818653,2325.681396484375,1470817
2023-03-15,2349.7718850879346,2383.192056424127,2349.7224719244014,2368.62939453125,1656307
2023-03-16,2382.8462058594546,2450.476189328016,2382.3525563450853,2419.228271484375,2317115
2023-03-17,2435.814877145321,2442.577972393462,2416.3157199283564,2424.4609375,1625905
2023-03-20,2430.730310129412,2443.515784876842,2410.5400923576235,2428.706298828125,918922
2023-03-21,2443.5653061714006,2489.5241281176595,2436.703625539813,2482.119384765625,1652107
2023-03-22,2485.969278840333,2491.9424855417624,2463.31081673007,2476.293701171875,754732
2023-03-23,2478.1203163898845,2495.8916971448716,2462.3729466510595,2487.055419921875,610778
2023-03-24,2484.8344893513113,2487.697560401733,2443.5159244985366,2461.682373046875,838919
2023-03-27,2448.5017395411714,2478.1207121969114,2435.4694397806093,2462.71875,728727
2023-03-28,2471.1105339097994,2475.3065545973554,2462.224843042033,2468.543701171875,599191
2023-03-29,2468.5440274947678,2492.9302674475775,2462.3239948571318,2483.106689453125,710603
2023-03-31,2494.8552535579793,2504.5308323293884,2468.2475927164564,2482.958251953125,848456
2023-04-03,2493.8186679191813,2512.3305258040077,2481.3788440444678,2505.172607421875,701713
2023-04-05,2527.4857633662655,2548.712694582037,2517.711598431678,2540.0244140625,1438377
2023-04-06,2550.193259133946,2551.1805581115436,2512.675897985247,2516.08203125,1192271
2023-04-10,2535.383974521005,2568.9521424079653,2528.5222942932496,2550.884521484375,1497452
2023-04-11,2550.8845510377714,2570.4331207710907,2543.282396430317,2547.281005859375,820568
2023-04-12,2547.280853272054,2560.5105635606023,2531.5826544242195,2555.031005859375,553807
2023-04-13,2555.129819385124,2566.9279942612657,2544.5657682625497,2552.8095703125,481459
2023-04-17,2566.977620506013,2579.0720342949353,2549.502474912839,2572.506591796875,1044487
2023-04-18,2569.98882049987,2574.530251470979,2527.5843748372035,2544.960693359375,674756
2023-04-19,2547.280945185523,2562.9789035599892,2529.460149243818,2536.66748046875,687292
2023-04-20,2544.9114359570667,2585.7363502744256,2537.852343787862,2546.4912109375,995472
2023-04-21,2560.658643186527,2561.5965289774267,2526.7448279698856,2535.679931640625,409932
2023-04-24,2538.44452202417,2602.914953046803,2537.3583967224963,2596.152099609375,1026391
2023-04-25,2601.385047462168,2603.5076440438525,2581.737651372042,2599.755859375,630987
2023-04-26,2599.5583947213117,2614.02222936603,2592.3016502988557,2607.456787109375,631279
2023-04-27,2607.4567667730785,2640.037635119732,2598.077425885406,2629.62158203125,620037
2023-04-28,2638.5073494740304,2645.2704445144836,2586.2299119639206,2608.296142578125,1567472
2023-05-02,2623.253506832015,2640.0375902404244,2599.9531534491257,2630.0166015625,726439
2023-05-03,2641.0246850585536,2645.467530323138,2609.529945043301,2620.3408203125,808211
2023-05-04,2645.66483821783,2660.0300855516175,2622.8089648905748,2636.48291015625,1936641
2023-05-05,2636.6809156936074,2730.8691478027704,2632.43548160873,2698.189453125,2190777
2023-05-08,2698.239018941911,2734.8184986937754,2698.1896057790973,2716.306640625,848638
2023-05-09,2718.3305858627737,2754.56441363343,2703.669098212993,2713.49267578125,893686
2023-05-10,2724.9453272428823,2732.547481578317,2701.44756208261,2710.580078125,522149
2023-05-11,2722.970996500225,2729.8820903999717,2709.1982218651233,2722.822998046875,621067
2023-05-12,2725.7351278763144,2749.134065972376,2721.835345033603,2737.9775390625,705516
2023-05-15,2738.7677561346527,2766.510957794773,2729.1415897243023,2744.247314453125,772914
2023-05-16,2749.6277154054856,2765.227087815745,2739.310489061923,2754.81103515625,548885
2023-05-17,2749.627751376738,2754.564246442046,2715.1216990781923,2727.314697265625,539547
2023-05-18,2746.665721503982,2746.665721503982,2681.6028161056934,2687.27978515625,612441
2023-05-19,2685.4038011063085,2685.4038011063085,2648.972565314023,2667.336181640625,846419
2023-05-22,2667.2870247515016,2699.2754153351684,2666.7933752607673,2678.097900390625,559506
2023-05-23,2685.404092306844,2691.772123183541,2643.295882837384,2649.36767578125,713749
2023-05-24,2641.0248414269554,2687.4278947155785,2636.088346396251,2672.865234375,814553
2023-05-25,2679.9738402667567,2685.4533981658283,2647.936034514982,2673.556396484375,651488
2023-05-26,2673.5564418338354,2724.6491681986736,2664.8681618962005,2707.322021484375,811400
2023-05-29,2710.1358775293916,2785.9604923654974,2710.1358775293916,2776.53173828125,1107678
2023-05-30,2793.5625912532755,2805.805002747424,2762.1664340501384,2766.905517578125,1263691
2023-05-31,2766.90563421132,2796.129782999289,2754.6632222011176,2787.39208984375,1394580
2023-06-01,2787.392112295448,2801.6091225534105,2778.9506569998643,2791.34130859375,538550
2023-06-02,2794.0560396023725,2834.5352967132194,2790.5510801079886,2825.303955078125,1116501
2023-06-05,2838.484606282306,2838.484606282306,2803.9291415101734,2819.4296875,724102
2023-06-06,2824.6133951971533,2856.2563804928463,2821.997148920963,2844.85302734375,1148132
2023-06-07,2858.230633633516,2873.040118781876,2833.548158386249,2870.02880859375,862821
2023-06-08,2869.9796189349436,2884.7399331141064,2834.5850912978926,2840.45947265625,560514
2023-06-09,2853.2941112559756,2882.8636681110324,2826.8838629943502,2839.71875,727880
2023-06-12,2848.3081177076983,2848.8017671931166,2797.2648091233928,2816.369140625,1112274
2023-06-13,2823.576517359893,2880.938689813573,2818.8376746498975,2875.508544921875,776313
2023-06-14,2882.9134049707586,2891.0092094753836,2860.2055254110574,2870.1279296875,617700
2023-06-15,2874.076739780103,2887.5038612648086,2863.167037858924,2871.0654296875,564711
2023-06-16,2874.817138266286,2922.404899571624,2874.817138266286,2916.77734375,1022389
2023-06-19,2929.316465239281,2985.9873378509,2925.7129198964894,2930.896240234375,1382633
2023-06-20,2934.9440020176894,2948.4207794284694,2910.8540002651157,2936.2275390625,672298
2023-06-21,2936.2273285966226,2947.087617976099,2920.57854248391,2933.3642578125,509602
2023-06-22,2937.214572669862,2946.8407380760905,2918.2584797701707,2932.52490234375,496441
2023-06-23,2934.74634301977,2943.1383847071265,2894.76073262707,2901.81982421875,869340
2023-06-26,2902.659169810205,2943.138430341572,2902.659169810205,2934.84521484375,839713
2023-06-27,2935.239858548249,2951.2340537672944,2903.3500533839815,2937.905517578125,913730
2023-06-28,2956.9604440761495,3005.732917255346,2947.136867436509,2989.64013671875,1525117
2023-06-30,3007.312703483906,3028.9838679619197,2990.6766191974366,3008.941650390625,946112
2023-07-03,3011.3606250414673,3015.2109945321276,2987.8628618139087,2999.71044921875,429100
2023-07-04,3002.8697688999464,3050.7537681738727,3000.4015215146924,3035.5986328125,1291238
2023-07-05,3035.9445265199156,3074.350362488263,3024.0969381237405,3060.47900390625,643663
2023-07-06,3060.626939375253,3072.3265290916875,3042.2630813230826,3066.945556640625,976956
2023-07-07,3100.119162989027,3169.230099743559,3086.69179886079,3104.068359375,3630808
2023-07-10,3114.9284845260836,3114.9284845260836,2991.762928759165,3006.86865234375,1777220
2023-07-11,3023.9488709725065,3058.6523347784932,3006.1280756235687,3048.384521484375,1141925
2023-07-12,3074.449119406487,3084.3221095137656,3048.4336940578896,3057.17138671875,1300168
2023-07-13,3084.360474727965,3085.0044433692838,3050.0398238125495,3055.43798828125,932018
2023-07-14,3064.2534463848842,3067.9184817303626,3013.688726753088,3026.515625,721349
2023-07-17,3040.828231057502,3043.750151188993,2991.3033413008648,3004.62548828125,866575
2023-07-18,3004.625468965561,3011.063704592535,2935.241050498411,2967.97705078125,1359863
2023-07-19,2981.497456653359,2988.7278969722024,2956.6854389638975,2967.1845703125,568891
2023-07-20,2973.72191723361,2987.935656900471,2937.816373225043,2960.89501953125,1021556
2023-07-21,2962.331199068159,2976.445792259406,2941.7783703861683,2948.0185546875,599594
2023-07-24,2949.702320196434,2964.4606400466887,2923.206505198027,2950.890869140625,523141
2023-07-25,2951.683142061633,3004.0803735934296,2944.5020337462147,3000.217529296875,874788
2023-07-26,3015.96641426544,3015.96641426544,2966.5406747105753,2979.763916015625,588487
2023-07-27,2985.3109850497926,2995.3646834490937,2955.2988514445296,2973.57373046875,595544
2023-07-28,2979.56587520558,2981.3983928730227,2923.6523224807997,2958.616943359375,837051
2023-07-31,2921.9686695752293,2989.2729503967157,2921.9686695752293,2975.505126953125,656048
2023-08-01,2996.10711606224,2998.7318382840554,2959.309980782434,2973.375,602288
2023-08-02,2977.0895381255846,2977.139111378441,2931.8734114642402,2948.8603515625,1152335
2023-08-03,2910.0328816841507,2958.567272525508,2855.6050774619202,2874.523681640625,3319847
2023-08-04,2892.204047203407,2907.9035343030323,2870.4626685233593,2876.8017578125,709334
2023-08-07,2892.203996102626,2892.203996102626,2855.0603286879427,2877.0,580359
2023-08-08,2890.272337498663,2904.139305533269,2876.999764822404,2893.491455078125,474417
2023-08-09,2896.2157152926575,2933.8546336172544,2890.4212061380654,2927.8125,600081
2023-08-10,2929.8923449777926,2967.0360106088497,2889.2819372211698,2960.152099609375,970990
2023-08-11,2960.1027771142753,3038.3025327498463,2951.6835455246915,2988.57958984375,1823274
2023-08-14,2991.6502588683707,2991.6502588683707,2959.95432787081,2982.042236328125,542561
2023-08-16,2976.445903771089,2987.242233116367,2949.752036292767,2982.488037109375,544441
2023-08-17,2989.322268327297,3050.1883078984406,2983.3792817103445,3042.5615234375,1699758
2023-08-18,3041.4227880528997,3050.2381221696373,3006.1609679444223,3021.464111328125,860782
2023-08-21,3022.0086790749606,3053.2093586524306,3021.0181813105964,3049.04931640625,706621
2023-08-22,3055.6362538239214,3061.628814101796,3011.212570927874,3046.375244140625,714220
2023-08-23,3046.3750091875804,3055.6855914087946,3027.258354044116,3040.828125,602197
2023-08-24,3046.4737892064104,3070.4437856675745,3027.2086569155035,3032.111572265625,618626
2023-08-25,3025.9709063362657,3045.533238709471,3008.6867673630804,3038.054931640625,648003
2023-08-28,3044.790151183712,3050.6835645630713,3011.80652701136,3019.58203125,471698
2023-08-29,3022.949798990473,3060.6382897248614,3015.0753896189253,3050.138916015625,482639
2023-08-30,3050.7330626943663,3081.4384928708355,3037.856591975202,3052.912109375,582766
2023-08-31,3061.4800593213695,3089.312900931246,3052.912108713799,3074.95068359375,1420498
2023-09-01,3082.3795826880487,3095.2064808436453,3070.543182333205,3087.18359375,423739
2023-09-04,3087.3320234276666,3095.2560057098126,3056.9733630374944,3070.84033203125,539813
2023-09-05,3090.352923592152,3127.496588539173,3085.400434932549,3106.349365234375,721199
2023-09-06,3106.349597912397,3150.3278455962577,3091.1951749354735,3145.87060546875,1163154
2023-09-07,3142.8494183769835,3152.7048228060435,3122.0489652455885,3142.6513671875,805295
2023-09-08,3151.764050772945,3174.5455005428316,3142.651519229142,3168.70166015625,700158
2023-09-11,3179.448337232913,3190.938208341788,3156.3203588954993,3182.7666015625,544452
2023-09-12,3185.4903894598174,3190.5417829751623,3147.405798712283,3155.52783203125,591509
2023-09-13,3147.851591604208,3238.9278162379405,3147.851591604208,3232.1923828125,1370306
2023-09-14,3246.4061234706933,3271.069422043807,3209.212882593766,3230.360107421875,1264935
2023-09-15,3230.6076723772453,3232.9847703330142,3208.222325707302,3217.731201171875,1397407
2023-09-18,3226.0512671918277,3320.14855622567,3215.9482382070805,3307.767333984375,1423507
2023-09-20,3282.5095031481746,3317.176923972009,3268.6921080696798,3275.229248046875,1201025
2023-09-21,3268.6426135880047,3290.928813226105,3254.577593736108,3273.099853515625,1091384
2023-09-22,3267.454154400138,3267.454154400138,3230.7065897035063,3243.385009765625,1019051
2023-09-25,3243.3849615855524,3283.400974934535,3230.360012583251,3252.7451171875,623515
2023-09-26,3262.6996780061672,3276.566646886582,3224.0702646964405,3231.59814453125,1054827
2023-09-27,3215.948191591389,3235.9066248267573,3155.725879118513,3184.004638671875,1464192
2023-09-28,3186.9265129179366,3194.2560995449144,3111.8963083014537,3127.2490234375,1214383
2023-09-29,3130.022739342277,3146.2668071468256,3113.184276107003,3118.879638671875,697564
2023-10-03,3118.879588841273,3181.9742517094614,3084.8063186877116,3165.878662109375,1007308
2023-10-04,3155.726043934135,3174.545502451005,3121.0586203504267,3136.559814453125,486969
2023-10-05,3143.7407339828555,3200.2982526316937,3134.9254006745005,3185.93603515625,1109881
2023-10-06,3199.30785035572,3288.2545999464774,3190.4925167842775,3278.300048828125,1102120
2023-10-09,3263.3929066004057,3264.6806020466715,3218.1767807912533,3236.451416015625,822467
2023-10-10,3263.690144677892,3267.850186938219,3228.329422733998,3238.13525390625,633934
2023-10-11,3258.4404118288367,3264.680596041,3232.9846679240973,3249.327880859375,546575
2023-10-12,3260.718640601218,3263.7397071469686,3231.598103054401,3253.78515625,429096
2023-10-13,3253.7849971450323,3275.5759468976016,3235.510362648501,3252.546875,920545
2023-10-16,3252.794489257709,3297.3668863394983,3243.880009841351,3270.029052734375,778014
2023-10-17,3286.421935582764,3296.8221618765424,3272.7036869448416,3277.01220703125,584625
2023-10-18,3277.7552589715438,3292.563152661264,3246.356527194711,3251.556640625,324535
2023-10-19,3238.92753758271,3269.583393588039,3208.2221083273384,3253.438232421875,698767
2023-10-20,3241.552480711154,3260.223460694532,3213.1748158873042,3235.163818359375,657550
2023-10-23,3215.353891734557,3243.8307033228257,3179.200722239885,3189.1552734375,566920
2023-10-25,3185.4410108448565,3205.5481650921397,3148.7925912549126,3157.55859375,762466
2023-10-26,3130.3198869955418,3159.5889041651,3062.6688374210016,3071.335693359375,1124281
2023-10-27,3065.689788536253,3108.9249200873046,3057.91428420216,3091.04638671875,1050608
2023-10-30,3075.495519029056,3092.284407556226,3045.7805864780507,3086.836669921875,802316
2023-10-31,3089.957129017953,3175.337993650136,3058.5088228969125,3159.34130859375,1235478
2023-11-01,3163.5014788301623,3182.3702683655747,3138.243785061326,3143.24560546875,756820
2023-11-02,3169.5928666250197,3197.8220530933986,3149.7829112086133,3171.07861328125,774180
2023-11-03,3174.693891376844,3256.756729915827,3174.5949866904034,3243.385009765625,1355614
2023-11-06,3278.5476911727437,3278.5476911727437,3214.462532401282,3236.005859375,1137606
2023-11-07,3242.8899167053573,3255.2215664056466,3219.316019832473,3239.1259765625,433992
2023-11-08,3257.7471562448354,3292.2165269067405,3241.1067453921146,3280.380126953125,632305
2023-11-09,3289.3933416720165,3289.3933416720165,3243.5332490558717,3252.546875,1317398
2023-11-10,3232.0437573169834,3243.8305839078325,3192.3742737484827,3225.407470703125,1170763
2023-11-13,3243.880141030611,3247.198405231412,3219.712092586038,3233.7275390625,275538
2023-11-15,3244.1278478721556,3269.5340191532973,3229.7656300890408,3264.631103515625,747863
2023-11-16,3264.0862437574046,3326.0915006830696,3228.2798462183723,3304.2509765625,1055389
2023-11-17,3307.2722572432003,3334.0156986764337,3295.0890855594644,3307.123779296875,633405
2023-11-20,3306.2813809550985,3322.079771184791,3280.7760647299356,3314.056884765625,497379
2023-11-21,3333.024957732374,3369.4257503613976,3323.219126650403,3362.195068359375,1038863
2023-11-22,3367.69233463163,3402.359755723426,3363.779916901132,3397.2587890625,980779
2023-11-23,3401.2701439225657,3409.243699213893,3364.027573429678,3376.012451171875,517362
2023-11-24,3373.6354399953943,3386.6110576467527,3350.4083154094874,3364.67138671875,589530
2023-11-28,3385.471830825103,3413.20576859988,3365.0677216975364,3409.689453125,733524
2023-11-29,3440.84083612917,3440.84083612917,3391.4644246897765,3396.714111328125,819200
2023-11-30,3398.4967828547733,3466.7419782118523,3389.730781410146,3457.431396484375,1480088
2023-12-01,3465.751770028277,3466.7422678190824,3437.027334094919,3456.342041015625,655263
2023-12-04,3516.2672028373054,3516.2672028373054,3445.0009342312746,3455.25244140625,808838
2023-12-05,3455.2523478146354,3516.2671075929984,3445.941765441138,3511.61181640625,713651
2023-12-06,3516.267173096665,3539.9895469284766,3488.6323813378112,3513.196533203125,474140
2023-12-07,3513.196402706055,3560.8394416156343,3485.6111852257613,3551.33056640625,820214
2023-12-08,3541.029694927149,3612.295964479084,3541.029694927149,3600.11279296875,1562141
2023-12-11,3600.0137616465563,3609.9683127190156,3564.1082170519057,3596.002197265625,620604
2023-12-12,3602.4403731932302,3609.869106434624,3529.3911629861914,3537.463623046875,1075941
2023-12-13,3550.9346393609962,3575.4494600929866,3518.991085073858,3568.119873046875,717618
2023-12-14,3612.345455730765,3612.345455730765,3550.2908656475674,3557.273681640625,992762
2023-12-15,3580.649558956141,3580.649558956141,3550.7365736604092,3566.3369140625,906271
2023-12-18,3566.4852576770027,3632.3533591160945,3559.7498245040447,3585.205810546875,699850
2023-12-19,3576.3406293122366,3593.476288871184,3565.8910714332733,3576.142578125,577926
2023-12-20,3576.1427757350784,3616.8027592677745,3507.3527510796084,3520.328369140625,849001
2023-12-21,3490.6134466036406,3564.752062964656,3485.3637598199384,3545.982177734375,816722
2023-12-22,3545.9821562341117,3603.8767048062414,3526.717022213136,3592.88232421875,777099
2023-12-26,3600.45937188686,3630.1743048047706,3589.019074349316,3621.953125,526101
2023-12-27,3633.146013067951,3659.8894542764665,3610.364563149586,3654.194091796875,666625
2023-12-28,3664.742580374032,3701.4901441475185,3645.7250716689723,3679.79833984375,1033648
2023-12-29,3679.798283174829,3679.798283174829,3625.46938492663,3640.52490234375,709614
2024-01-01,3653.946480342136,3662.8609607766925,3632.650777081806,3642.208984375,286683
2024-01-02,3653.946294013638,3672.6172738111036,3607.888147450441,3663.1083984375,453685
2024-01-03,3672.7656566688925,3674.69707891707,3630.174253422732,3657.957763671875,356757
2024-01-04,3660.8799860802364,3691.585418863918,3651.6187346252414,3684.354736328125,545228
2024-01-05,3684.3546677148156,3714.3667998215246,3652.213062037845,3677.272705078125,963628
2024-01-08,3734.1765111563714,3740.9615174606406,3660.6816265953726,3670.834228515625,1202148
2024-01-09,3701.4405115592235,3718.278973277656,3650.132679841263,3658.898681640625,572612
2024-01-10,3672.7656347902807,3694.556585158508,3654.936675398095,3679.154296875,556311
2024-01-11,3691.4859710182504,3707.135883846268,3657.5120916197334,3663.455078125,392818
2024-01-12,3664.8417842944846,3698.8159064968236,3613.286326505328,3690.5947265625,990582
2024-01-15,3704.461831939596,3739.129255500528,3700.4998406754894,3723.1328125,661292
2024-01-16,3723.1324978691723,3821.340251300666,3720.3094826037586,3783.99853515625,1170685
2024-01-17,3782.661383960859,3818.368876684142,3763.8914997145885,3793.656005859375,723356
2024-01-18,3755.323756927582,3788.307138684208,3683.5126697516557,3699.2119140625,1293580
2024-01-19,3706.640677117774,3824.8071085052757,3705.154930474563,3774.390869140625,2566367
2024-01-23,3750.024412692166,3821.340249383618,3670.5369697131523,3704.11474609375,1053510
2024-01-24,3728.2338498892705,3744.081815244804,3676.480338025106,3732.04736328125,636988
2024-01-25,3734.572562901581,3760.870326127062,3694.655697642096,3734.37451171875,646135
2024-01-29,3724.8661053994556,3838.178956443314,3724.8165321455444,3829.908203125,699215
2024-01-30,3845.112248418992,3850.015163895564,3679.699124903801,3700.251953125,852445
2024-01-31,3713.3761004254493,3739.129042172865,3618.5359399517934,3662.4150390625,1386754
2024-02-01,3702.480781476151,3702.480781476151,3566.782582690107,3592.981201171875,1408462
2024-02-02,3600.4593204829016,3678.163820589698,3568.2185703631226,3578.073974609375,2320153
2024-02-05,3578.6188241172676,3590.207599514321,3501.310425790575,3518.297607421875,1771614
2024-02-06,3518.2976889771217,3543.95148475931,3498.04205773357,3525.330078125,1069901
2024-02-07,3544.0011275590223,3585.6020351491507,3522.012124768391,3542.515380859375,900220
2024-02-08,3570.546409849654,3575.6969498897784,3469.7136884941533,3515.375732421875,1011857
2024-02-09,3515.3757681727784,3563.71186638632,3499.2801792457344,3557.471923828125,838509
2024-02-12,3564.8014732399674,3584.2153262548736,3536.12661117058,3551.18212890625,487283
2024-02-13,3572.7255279700967,3574.4588991023247,3517.4061296789664,3526.12255859375,796060
2024-02-14,3512.3050137565924,3559.700427717898,3470.0108082889847,3551.479248046875,1046318
2024-02-15,3560.8893703521367,3597.488217816263,3537.067848519239,3587.6328125,759063
2024-02-16,3613.335940420977,3654.936847629771,3590.0592423398657,3620.66552734375,915502
2024-02-19,3637.058368806731,3674.251609770118,3615.3169903385715,3659.93896484375,528874
2024-02-20,3664.841882074123,3684.602264938994,3630.669707768297,3651.668212890625,744107
2024-02-21,3617.347500594023,3672.2705546589605,3605.4119538661134,3621.606689453125,660426
2024-02-22,3641.069785224039,3641.069785224039,3521.5663265695075,3617.347412109375,1017437
2024-02-23,3637.1080248960684,3701.4903837245665,3620.269561817846,3656.868408203125,897831
2024-02-26,3654.9369722923134,3654.9369722923134,3576.5391662138586,3588.078369140625,546842
2024-02-27,3595.506902567591,3640.0793021861973,3586.641995896484,3619.13037109375,673959
2024-02-28,3620.2695476352005,3634.136517174706,3548.111684410256,3560.54248046875,538608
2024-02-29,3561.037474900412,3619.2787911684195,3551.2316438693847,3589.9599609375,1692242
2024-03-01,3595.5071627940024,3738.1388518965746,3591.545171430042,3730.11572265625,1533727
2024-03-04,3725.85656668397,3728.3328111477326,3679.699273151137,3696.933837890625,787542
2024-03-05,3712.3855062320868,3723.4294592355127,3672.765596880624,3715.109375,733660
2024-03-06,3712.4351459838804,3778.748922084625,3667.5159762237263,3774.539306640625,765602
2024-03-07,3775.8271803445036,3787.9112051195198,3732.294850473705,3750.916015625,838514
2024-03-11,3766.763646810866,3771.815281863082,3706.4920062149195,3714.514892578125,597848
2024-03-12,3726.252500328067,3730.21449129067,3678.2133599065064,3713.177978515625,564569
2024-03-13,3723.2812070163986,3726.252700397896,3555.8870798587045,3591.247802734375,1027729
2024-03-14,3595.457517463578,3613.3360514992096,3546.130677606921,3605.560546875,1293906
2024-03-15,3600.162260353328,3621.2103383405747,3575.6970133628893,3598.676513671875,1207241
2024-03-18,3584.6114251294002,3585.6019228981563,3531.223692121728,3545.684814453125,785257
2024-03-19,3544.9915159188763,3572.3786825085886,3513.3451605575133,3549.349609375,554444
2024-03-20,3549.3496931632103,3562.721413362891,3516.2671636197083,3556.38232421875,526882
2024-03-21,3572.6757282194726,3602.4402332814775,3555.9364133606186,3593.080078125,767905
2024-03-22,3593.0802257548708,3691.4860338880912,3586.8400414539155,3671.47802734375,1281102
2024-03-26,3630.1743599923607,3694.5071423735058,3630.1743599923607,3663.058837890625,1158224
2024-03-27,3663.8512770917587,3748.934939407035,3657.7102392385605,3723.67724609375,1315714
2024-03-28,3724.2719458613774,3801.8279765023776,3697.0828280250266,3765.6748046875,1590738
2024-04-01,3786.6235921603197,3796.1324679595064,3695.0521170762213,3702.876953125,964052
2024-04-02,3718.3285874996122,3745.517702621576,3698.617778822677,3720.260009765625,677963
2024-04-03,3709.5132237997923,3716.34756155303,3669.7941672585225,3677.222900390625,801601
2024-04-04,3704.461640475266,3756.2647219401783,3644.0412768204556,3746.805419921875,1177617
2024-04-05,3742.4967879905944,3765.7734862731727,3705.4522670266215,3718.7744140625,623873
2024-04-08,3762.554365078659,3772.112813925454,3684.9985809222967,3713.277099609375,849267
2024-04-09,3719.3192455677668,3725.262232378261,3629.530716567514,3644.38818359375,745285
2024-04-10,3654.9367982198623,3684.9985024890752,3646.467993859838,3675.935302734375,567546
2024-04-12,3654.4911609925534,3659.6912743780067,3575.1521914690525,3584.90869140625,1910561
2024-04-15,3572.72531922508,3604.6192978304503,3555.8868577815465,3566.38623046875,854076
2024-04-16,3554.896630860624,3618.486541733378,3548.953644016053,3611.255859375,1116890
2024-04-18,3611.2556960344027,3625.2218112157443,3467.732666958011,3491.603759765625,1677946
2024-04-19,3491.6037733604626,3537.2655753029208,3445.1988562723973,3529.193115234375,1507940
2024-04-22,3533.105688199959,3580.6495830790163,3518.2482210502535,3562.572998046875,668659
2024-04-23,3585.552470941305,3613.33598265896,3570.893055103648,3598.478515625,769991
2024-04-24,3607.3927708809474,3610.215786169652,3546.031484221461,3575.44921875,652811
2024-04-25,3560.839548455736,3568.2682818669787,3507.3526678947874,3537.166748046875,1889163
2024-04-26,3553.906116870813,3559.106230336134,3522.507384882454,3550.736572265625,798783
2024-04-29,3550.9344699991184,3579.1140829101373,3539.196974813502,3570.595947265625,703524
2024-04-30,3568.416616067237,3585.106599853839,3545.9819387972766,3555.14404296875,963220
2024-05-02,3550.9345346392756,3563.811005755122,3512.602318989327,3534.541748046875,1435891
2024-05-03,3560.839580489033,3564.8015716773375,3458.8183073901814,3500.320068359375,1681592
2024-05-06,3442.970288401751,3455.648708368761,3226.051274259063,3248.981201171875,6891728
2024-05-07,3298.3576073217855,3300.3386028817386,3196.336335984205,3239.819091796875,3111444
2024-05-08,3244.2763145180847,3249.823198784693,3207.6774701071367,3228.874267578125,2054981
2024-05-09,3228.8743314598455,3290.9289215441077,3202.2793689547325,3214.858642578125,1860654
2024-05-10,3227.140807845126,3274.783604407242,3211.936570692766,3258.589111328125,1307103
2024-05-13,3276.071310765029,3276.566559640428,3199.802983953568,3222.73291015625,1294603
2024-05-14,3219.1179247727064,3276.5667985071113,3219.1179247727064,3257.648193359375,620163
2024-05-15,3272.60455179911,3275.031222911932,3229.022650988226,3237.491455078125,657036
2024-05-16,3245.1679318283905,3316.186574440155,3220.4054872761194,3302.220458984375,1404971
2024-05-17,3316.1371469875776,3335.9966767558126,3276.5668072174076,3329.211669921875,1194228
2024-05-21,3323.1199382570744,3348.1795795982425,3319.1579472725653,3344.910888671875,827674
2024-05-22,3352.5873962049745,3370.76312738792,3328.072575891488,3351.696044921875,626567
2024-05-23,3350.8541240602544,3427.5185585770782,3345.654010506806,3419.248046875,977789
2024-05-24,3419.297318666323,3422.2192386126876,3371.852332193032,3379.974365234375,878625
2024-05-27,3391.4148364025336,3403.6475807532775,3358.084682726359,3371.06005859375,804488
2024-05-28,3371.6543385696514,3390.473795806086,3359.916843512316,3377.0029296875,548576
2024-05-29,3372.991677267334,3385.5213773275655,3339.0671286501693,3348.278564453125,519533
2024-05-30,3333.0252763534345,3333.0252763534345,3223.0800146371694,3240.760498046875,2365535
2024-05-31,3266.6617499654712,3297.1691306215976,3186.1838035783594,3211.0947265625,2524214
2024-06-03,3278.5477675154166,3301.2796440045827,3219.1178986178566,3230.21142578125,1378542
2024-06-04,3230.2114279602115,3263.888353691546,3026.6145535938304,3208.1728515625,2934800
2024-06-05,3234.9658842598337,3302.3197361060274,3170.633099132657,3286.125,1396386
2024-06-06,3297.367414287098,3328.0728483041903,3259.480870701492,3290.087158203125,1825503
2024-06-07,3263.0956011638414,3423.754525253655,3263.0956011638414,3411.32373046875,2084099
2024-06-10,3410.2837983208074,3419.198278188622,3357.7874168770077,3389.681396484375,1655552
2024-06-11,3385.719504925857,3405.62860727733,3369.5743425488854,3378.290771484375,1086157
2024-06-12,3378.9346530168114,3386.412717698484,3338.8194934671656,3350.16064453125,2054168
2024-06-13,3392.40503851067,3444.05963849457,3357.787192369414,3439.2060546875,1753028
2024-06-14,3456.8371089871866,3501.409507240603,3445.941633858574,3496.506591796875,2346892
2024-06-18,3521.021509120975,3590.5544039730776,3504.3810982777236,3554.896484375,1585048
2024-06-19,3560.8396333155783,3560.8396333155783,3423.1604374794542,3429.4501953125,1862394
2024-06-20,3440.9892699485017,3456.8372343466526,3385.620541060761,3403.30078125,2377432
2024-06-21,3398.1006821152287,3440.6425133599314,3351.250088803496,3367.44482421875,2707405
2024-06-24,3348.2293631023254,3396.4169847490725,3340.255807381152,3379.92529296875,645002
2024-06-25,3380.1232649830336,3390.870020859161,3352.7358561319547,3370.119140625,1299560
2024-06-26,3369.17822743374,3369.17822743374,3337.9775470973705,3340.701416015625,1485709
2024-06-27,3348.8998650820854,3371.258988810378,3340.0059510547903,3359.43359375,1462935
2024-06-28,3359.433408463666,3398.4871483321635,3345.272630883438,3382.885498046875,1005498
2024-07-01,3360.824510240644,3413.4926648955093,3360.327640857108,3409.96484375,1001832
2024-07-02,3424.4239040870907,3428.398859286263,3364.1040074620505,3378.364013671875,878947
2024-07-03,3399.381624251513,3405.4930206265944,3320.975489931672,3339.210693359375,980605
2024-07-04,3343.9309732633815,3348.800196209364,3309.150116186348,3315.112548828125,741143
2024-07-05,3311.1375185214115,3311.1375185214115,3236.607112192148,3248.8798828125,2001382
2024-07-08,3183.9392416108085,3183.9392416108085,3106.5270830621457,3136.4384765625,5323920
2024-07-09,3150.151835479823,3201.8759859065526,3145.1831417330095,3195.01904296875,2044328
2024-07-10,3197.6030109163034,3232.3341333150493,3170.523628724564,3204.8076171875,1437517
2024-07-11,3226.6201951545236,3238.3463616877943,3209.776370771485,3228.260009765625,1105185
2024-07-12,3245.5510028900635,3248.532219365468,3199.888752397526,3209.62744140625,1496692
2024-07-15,3221.4526148762225,3232.0358355914072,3185.33011402152,3204.012451171875,1243810
2024-07-16,3207.739121645585,3230.64484958445,3203.913372820021,3213.801025390625,501336
2024-07-18,3212.7076626643607,3248.6314642606994,3185.9264517127563,3241.67529296875,1086374
2024-07-19,3241.6259227728287,3258.469748062457,3214.7452378719267,3238.594970703125,1111191
2024-07-22,3229.650909170564,3252.904298671793,3203.0186623817735,3234.072998046875,696255
2024-07-23,3234.719357749115,3468.148511522851,3211.9128575450445,3445.1435546875,7159507
2024-07-24,3448.2735409642346,3530.2569897047388,3440.472594554427,3456.620849609375,3862140
2024-07-25,3393.6179341924253,3432.771145085304,3363.259165936619,3384.4755859375,1476422
2024-07-26,3384.4757802386,3479.7752376807207,3371.755874600109,3472.2724609375,1830745
2024-07-29,3473.117113795065,3477.638673867616,3366.7870619564183,3390.338623046875,2213293
2024-07-30,3403.505728471634,3457.217360300809,3389.2457219490725,3446.53466796875,1316880
2024-07-31,3457.2669712486936,3477.9862793653515,3424.9704607102985,3437.292724609375,1361595
2024-08-01,3453.242543727944,3470.136104373519,3420.946030729049,3446.63427734375,879399
2024-08-02,3393.618001639568,3456.124075108124,3388.6493076400952,3440.671630859375,1168195
2024-08-05,3299.262597352156,3437.342557010321,3295.7347760406847,3354.8125,1932064
2024-08-06,3359.78103865771,3394.959536606987,3300.305918968777,3314.21826171875,976535
2024-08-07,3338.9622674746333,3347.756952634659,3296.281235822024,3305.423583984375,1277139
2024-08-08,3316.106530704322,3338.9127887086374,3263.3389009114157,3275.860107421875,1280733
2024-08-09,3329.025068656079,3329.025068656079,3264.5315158633402,3310.839599609375,1019809
2024-08-12,3310.7898022229747,3324.0563123529555,3274.717277586603,3300.0576171875,874598
2024-08-13,3309.1502285767515,3383.4322044284368,3284.704156870388,3362.364990234375,1314371
2024-08-14,3368.7745591991966,3394.810467447006,3335.8322147580275,3380.848388671875,997803
2024-08-16,3388.649459917492,3428.49848462878,3349.0986053819747,3423.181884765625,1161982
2024-08-19,3414.6852434436632,3482.2594823860104,3414.6852434436632,3443.156005859375,1135205
2024-08-20,3458.2109871364046,3461.29167442837,3432.7711770827814,3453.142822265625,526591
2024-08-21,3453.1427569868856,3559.57227636522,3432.920318571946,3538.107421875,1990034
2024-08-22,3552.5664721322178,3602.303147560944,3531.4495226465156,3581.83203125,1531544
2024-08-23,3588.8378850357876,3600.1666527471625,3521.8102525385157,3547.6474609375,1173387
2024-08-26,3569.5099278049356,3617.2093923190328,3551.672364076756,3607.470703125,1156681
2024-08-27,3607.470521850596,3635.8915484069057,3508.394812600372,3529.014892578125,1169007
2024-08-28,3537.362425569775,3557.53537289096,3497.861306000736,3505.413818359375,727481
2024-08-29,3514.8541368230913,3531.4992617288835,3488.023189213755,3511.077880859375,927472
2024-08-30,3527.7728346801246,3575.4722983603065,3520.3197934800965,3542.827880859375,2116894
2024-09-02,3542.827994625568,3579.397633143757,3529.760425680037,3565.087890625,718800
2024-09-03,3565.087815543951,3612.141203939602,3537.85922582505,3598.477294921875,1112614
2024-09-04,3563.6467161636992,3594.8500166371855,3545.858646533523,3585.111328125,529856
2024-09-05,3593.955781592709,3730.445657944615,3577.8570192097677,3699.54052734375,3437885
2024-09-06,3691.6899879701955,3718.5706716255413,3642.052782337683,3672.36181640625,1408795
2024-09-09,3666.9957678002197,3701.130551175434,3630.873264145304,3661.48046875,923357
2024-09-10,3680.808620180345,3726.520606284096,3643.0465447033325,3704.06201171875,1109078
2024-09-11,3708.533585814884,3720.061052489411,3676.9328872988594,3687.864013671875,831810
2024-09-12,3712.608274494421,3750.370350091527,3687.8642746348096,3740.681396484375,1337327
2024-09-13,3753.3514505076982,3776.058479150094,3716.583114879214,3743.4140625,1003355
2024-09-16,3744.407857560472,3765.276372690188,3712.011875123821,3717.22900390625,386602
2024-09-17,3736.3582386527805,3753.3512683661165,3703.962500886982,3743.811279296875,392339
2024-09-18,3745.4015035289917,3762.295062977119,3684.7834372739453,3702.02490234375,420638
2024-09-19,3726.5204444490078,3771.238689782396,3717.676266305652,3757.276611328125,945257
2024-09-20,3769.251150380584,3795.0883583715927,3716.582995629682,3773.4248046875,1951755
2024-09-23,3773.4251194924323,3805.026063501741,3757.326598615848,3796.181884765625,530107
2024-09-24,3794.0947557722884,3815.857538547131,3757.87302486884,3761.201904296875,1281513
2024-09-25,3776.2074516899124,3779.7352729632357,3686.8206948756024,3713.850341796875,942343
2024-09-26,3714.595551729347,3753.500327838692,3678.2246154140003,3734.023193359375,1863893
2024-09-27,3750.370378610193,3842.788090642717,3727.713084557234,3792.802978515625,2164755
2024-09-30,3762.2949863878966,3839.359476588687,3762.2949863878966,3800.00732421875,1068609
2024-10-01,3800.0073223042573,3813.919665088962,3733.4765601526574,3752.307861328125,774221
2024-10-03,3666.001979564067,3758.3202189389935,3627.196430103121,3651.9404296875,1597560
2024-10-04,3602.303132897351,3730.2967382520783,3602.303132897351,3647.120849609375,1542987
2024-10-07,3716.5334929372552,3724.533139050202,3530.0584983217723,3566.777099609375,2523321
2024-10-08,3566.776993075991,3572.490991184283,3458.2110290184437,3471.4775390625,1360120
2024-10-09,3495.9729955005782,3536.517585869603,3464.7696951438115,3471.57666015625,1063802
2024-10-10,3488.0231241841325,3509.4382434547297,3393.7174108343274,3425.666015625,1488328
2024-10-11,3442.3112095993424,3469.142157249222,3422.734603725351,3452.64599609375,858463
2024-10-14,3452.6460244814966,3502.9293053132096,3430.9329770498134,3475.899658203125,593206
2024-10-15,3501.8856861603062,3507.3512493892836,3455.2296994826183,3486.532470703125,578719
2024-10-16,3486.0356691492907,3488.0231467257727,3418.4614315489052,3449.267333984375,591644
2024-10-17,3465.1674186926057,3465.1674186926057,3358.9368311781277,3382.041259765625,560796
2024-10-18,3373.7432856724404,3400.922139377966,3275.4626136589245,3360.278076171875,1249585
2024-10-21,3396.5493563428595,3398.4376055596886,3314.61564385906,3342.19189453125,714746
2024-10-22,3353.768889126404,3400.0772130092096,3298.4674234344056,3308.951416015625,882086
2024-10-23,3309.150210844666,3314.1189048549436,3261.947617747032,3268.009521484375,877837
2024-10-24,3280.381476324016,3321.969299055836,3258.6681867503307,3310.04443359375,764369
2024-10-25,3311.137814804105,3321.4231088426777,3212.111836445183,3246.09765625,805013
2024-10-28,3249.525801061665,3294.2440460304033,3233.675716089591,3262.494140625,736462
2024-10-29,3265.2271598213556,3277.3507252614095,3206.795266955297,3262.842041015625,702769
2024-10-30,3240.5822495532016,3301.001617539828,3214.844511497293,3287.735107421875,895278
2024-10-31,3270.394478799884,3279.2386573130584,3233.2287437246314,3246.594482421875,1170306
2024-11-01,3283.312950601494,3296.82789514272,3261.7986029185363,3273.077392578125,176636
2024-11-04,3297.225340887599,3297.225340887599,3170.1262453165136,3201.826416015625,1122152
2024-11-05,3185.9267353653936,3238.495423192958,3165.058219631559,3210.02490234375,872402
2024-11-06,3125.3085813578323,3188.8581302210678,3094.502678012175,3157.157958984375,4522923
2024-11-07,3160.089367114235,3166.101535344512,3088.6396448208275,3101.309814453125,1608603
2024-11-08,3101.4588354195275,3172.9085590304935,3086.5527532243036,3166.30029296875,1719882
2024-11-11,3171.6171101420364,3209.826321600075,3138.4758214106737,3186.523193359375,1054929
2024-11-12,3181.6037437743908,3218.7199851368437,3165.0580897378345,3178.423828125,992983
2024-11-13,3155.120740032077,3201.429065891212,3142.4008346679693,3167.890380859375,911537
2024-11-14,3125.358206382933,3175.144373818324,3116.364821879025,3163.76611328125,1161637
2024-11-18,3163.7662697765372,3187.1191323201265,3137.730360909918,3152.437744140625,943251
2024-11-19,3172.0143106216506,3262.4445431613026,3152.4377044074477,3204.509521484375,1174506
2024-11-21,3204.80766239563,3213.7015762231313,3128.637679650474,3158.549072265625,1582159
2024-11-22,3154.9718447676346,3296.2317234504353,3132.413779070443,3287.983642578125,2207527
2024-11-25,3338.962558416016,3348.7509831990396,3277.4004847676256,3288.38134765625,1892510
2024-11-26,3289.2755857907587,3322.8142718996523,3275.06507174666,3306.666015625,721345
2024-11-27,3304.1815698280107,3309.050792991372,3259.612286796201,3271.040283203125,732835
2024-11-28,3271.3882621285984,3284.306867051949,3180.312194463782,3192.237060546875,1701387
2024-11-29,3192.2367981060647,3239.5883529066637,3192.2367981060647,3228.6572265625,1139585
2024-12-02,3228.657376769841,3289.175972936881,3201.876164503094,3286.145263671875,915980
2024-12-03,3269.400722030652,3317.7957541048727,3256.084718870228,3311.883056640625,1162310
2024-12-04,3321.075133517411,3361.8184251015564,3317.100178240909,3343.384521484375,1630076
2024-12-05,3353.8186523065224,3443.7022765763036,3332.602474887402,3419.5048828125,2383630
2024-12-06,3432.32401996727,3477.737833814034,3408.5240246441244,3448.373046875,1278516
2024-12-09,3445.7895387338663,3466.409620328308,3425.3184209254155,3446.485107421875,926422
2024-12-10,3448.2737946059306,3494.9297848895053,3414.5364093165567,3453.98779296875,1063355
2024-12-11,3462.931207769564,3468.8936404395163,3438.6343431619084,3451.354248046875,554702
2024-12-12,3448.7703269964586,3451.354144787603,3390.6366102036927,3424.17529296875,926472
2024-12-13,3398.5868225225695,3495.97322854807,3359.0857037520223,3486.880615234375,1242351
2024-12-16,3483.0544061092105,3489.0168387587555,3407.5302592149737,3416.672607421875,1295227
2024-12-17,3400.6240115967535,3427.8026230290257,3376.3271457265655,3384.77392578125,1005604
2024-12-18,3379.90428489308,3402.561577565156,3368.774459096343,3380.599853515625,646145
2024-12-19,3328.6276689015035,3378.6622732277083,3311.137768517588,3335.832275390625,732634
2024-12-20,3329.0249723580077,3397.5929494006054,3312.280376571641,3335.23583984375,1235769
2024-12-23,3356.9490777229116,3384.97246286296,3315.7584111046335,3375.680908203125,691202
2024-12-24,3364.153712912882,3397.592926182805,3317.298783353421,3332.403564453125,485245
2024-12-26,3343.930945023048,3350.7381526097242,3291.9086236180815,3302.24365234375,637094
2024-12-27,3299.06393279568,3324.0563671812492,3280.431329840628,3288.48046875,568989
2024-12-30,3289.2258399205443,3297.175750676762,3227.1171621375915,3236.955322265625,941859
2024-12-31,3229.651069854022,3255.140372791297,3210.571333594517,3232.78125,616440
2025-01-01,3227.6635818295185,3249.426364231164,3223.738362141259,3233.47705078125,357376
2025-01-02,3243.5635813458825,3379.6560672797646,3230.644976395669,3367.731201171875,1152493
2025-01-03,3373.7433659089947,3460.148909629827,3356.8000701439546,3430.03857421875,1630862
2025-01-06,3468.148275193992,3506.407217484814,3419.653775144524,3448.6708984375,2145936
2025-01-07,3468.148499431283,3554.3056070408834,3463.179805306024,3483.154052734375,2389563
2025-01-08,3465.8131540858853,3492.4951388754093,3370.066562811258,3462.23583984375,1317377
2025-01-09,3464.1238312561322,3484.4954773025356,3439.876700811562,3465.217041015625,826237
2025-01-10,3440.323780180401,3466.160989390306,3407.281964556196,3418.7099609375,570060
2025-01-13,3358.8372865434003,3445.292565812417,3331.5094683836537,3361.570068359375,1282557
2025-01-14,3378.712025018811,3407.5304511145596,3289.2755302389014,3301.697265625,1133561
2025-01-15,3301.2003097614524,3319.5844776514546,3262.4444963717183,3302.69091796875,1169593
2025-01-16,3306.16893885495,3317.9448405061344,3261.4506935142604,3296.132080078125,1170734
2025-01-17,3299.113214444294,3346.912145876464,3264.481564202768,3336.37841796875,559153
2025-01-20,3352.974367564388,3386.3638475238195,3326.5408169776497,3361.0732421875,722342
2025-01-21,3379.65607143241,3391.332502844065,3314.268007004736,3332.354248046875,1016047
2025-01-22,3333.7949983257163,3363.8058617754314,3313.7710157969796,3335.4345703125,598329
2025-01-23,3335.434737319098,3411.505495328064,3304.678568224141,3377.271240234375,713603
2025-01-24,3385.6681189355936,3426.063504436938,3359.2843050601705,3380.848388671875,564244
2025-01-27,3366.7872134702575,3380.6498218628203,3286.5428015789576,3298.567138671875,618309
2025-01-28,3298.5668887290312,3349.744435469127,3278.8908125279136,3305.07568359375,579957
2025-01-29,3318.292512248569,3353.868409380099,3288.3313848362436,3349.64501953125,570137
2025-01-30,3349.545482541319,3368.774424753964,3324.254879408856,3347.3095703125,688608
2025-01-31,3378.712042699305,3505.3640088363204,3371.159530500228,3468.39697265625,1212261
2025-02-01,3504.916783650716,3612.3895389313498,3386.661865234375,3529.76025390625,2186692
2025-02-03,3542.6788045531002,3619.7432966359775,3529.511765517945,3557.883056640625,1543897
2025-02-04,3567.5223319423576,3591.372063409382,3497.9606151635376,3575.174072265625,1279779
2025-02-05,3573.484770880986,3629.134144398599,3450.4598573321464,3469.042724609375,2165947
2025-02-06,3469.0428470030197,3482.309357666964,3376.575641297843,3389.394775390625,1059617
2025-02-07,3393.5185297697026,3432.274342954793,3366.9857523423125,3403.356689453125,740155
2025-02-10,3393.617843187824,3403.555230722781,3290.2690128242707,3306.615966796875,904436
2025-02-11,3313.820637161762,3327.037411362515,3251.1158661647555,3261.251953125,903965
2025-02-12,3262.196012013508,3296.6289640331374,3192.485332958168,3235.06689453125,774619
2025-02-13,3229.8996932584396,3257.4262108473367,3195.0690980861746,3211.26708984375,727243
2025-02-14,3216.0370765843113,3232.6324667939875,3166.499098054817,3193.13134765625,587411
2025-02-17,3175.2439591957736,3218.223163087556,3156.114486943362,3212.956298828125,712614
2025-02-18,3214.5463593343957,3223.6887078873824,3172.3124598013455,3201.677490234375,592636
2025-02-19,3199.8389248352146,3233.278138293735,3171.8155392953954,3190.19970703125,521953
2025-02-20,3189.9016774479605,3198.4974213719756,3168.1883867420183,3171.4677734375,653151
2025-02-21,3171.4677221770353,3185.876935128873,3142.450597030911,3159.989990234375,407794
2025-02-24,3111.3960291023627,3167.9894024443447,3111.3960291023627,3153.133056640625,431232
2025-02-25,3120.339838432762,3191.3921627792406,3116.9114880880966,3178.771728515625,642281
2025-02-27,3178.7717759617603,3207.788900892286,3157.0584857681015,3202.919677734375,604023
2025-02-28,3181.951579033888,3197.801664079753,3040.8406720311355,3057.982666015625,1322618
2025-03-03,3070.653035772226,3082.6773728600265,3038.6049579716905,3062.703125,516171
2025-03-04,3030.9034500509983,3050.7782267726443,2998.1100684602825,3029.412841796875,1186136
2025-03-05,3029.412798677857,3087.9936537086965,3016.692893234648,3067.224609375,579883
2025-03-06,3071.8451713167965,3112.04185517745,3027.92196714869,3101.55810546875,1399483
2025-03-07,3101.5581737477764,3105.0362594446333,3055.3988137670276,3060.069580078125,1020056
2025-03-10,3060.715488176788,3063.6967045613756,3002.184370204185,3007.8486328125,855408
2025-03-11,2996.122383345993,3036.7662018829,2991.1536895095983,3027.32568359375,576260
2025-03-12,3018.3822848157347,3034.6797475168505,2977.2913289508247,3000.0478515625,489535
2025-03-13,3000.4948182215303,3030.406452972341,2981.5145528191442,2991.302734375,785215
2025-03-17,2966.3599529965736,3017.388293081119,2966.3599529965736,2998.457763671875,632348
2025-03-19,3068.715249639024,3075.6216860011787,3039.052048449746,3057.038818359375,730983
2025-03-20,3080.590243642106,3184.9328164106287,3060.715467876673,3173.107421875,1542807
2025-03-21,3166.995871367945,3170.026823279377,3135.1962292535436,3142.897705078125,1181974
2025-03-24,3148.363020901833,3156.064496120581,3055.7466190516743,3059.821044921875,1481216
2025-03-25,3065.6843972495903,3080.540744752754,3026.928581530714,3034.580322265625,1174346
2025-03-26,3049.73470629094,3058.479656438445,3015.550187892165,3038.3564453125,1010449
2025-03-27,3028.4686041356067,3078.304505864904,3028.4686041356067,3068.3173828125,1635143
2025-03-28,3074.627919769082,3092.3165193489804,3031.9468858241025,3044.169921875,778417
2025-04-01,3034.5801114786177,3056.442364980934,2963.329088359381,2968.248046875,1068622
2025-04-02,2992.14763611562,3085.5590867283295,2952.547046444041,3079.050048828125,1674921
2025-04-03,3051.771796842342,3131.270899332537,3048.79058049896,3107.9677734375,1115568
2025-04-04,3079.5965018573243,3095.396851530666,3030.9033012793934,3056.939208984375,901801
2025-04-07,2906.6859812046773,3028.915853234823,2906.6859812046773,3003.27734375,1378989
2025-04-08,3129.979078748573,3207.0435719228044,3081.58404726396,3102.750732421875,2830156
2025-04-09,3118.2033549683465,3168.2876928708306,3071.3484255169224,3154.27587890625,1215988
2025-04-11,3201.8266176609322,3222.247999824843,3181.2065362467592,3214.645751953125,814920
2025-04-15,3249.5259260883518,3264.4320083181146,3224.781926631751,3252.904541015625,1121769
2025-04-16,3229.6513111487525,3265.425910287631,3224.7820877552163,3251.613037109375,889943
2025-04-17,3229.6512549305035,3313.9203577354024,3191.094139118467,3306.666015625,1083612
2025-04-21,3293.250433343925,3332.503116541597,3269.4007017807826,3315.212158203125,672129
2025-04-22,3315.212239848132,3337.7700629847413,3299.312418414466,3316.50390625,609213
2025-04-23,3335.981126714822,3352.576516028624,3294.740966822458,3336.279296875,628656
2025-04-24,3335.7826316378287,3373.7434073155578,3323.0627257918186,3361.421142578125,901747
2025-04-25,3361.420838725342,3398.0897020565867,3295.237740026215,3344.129638671875,704325
2025-04-28,3334.987296223998,3376.127984061102,3330.0186023976808,3348.00537109375,384147
2025-04-29,3354.762756041738,3376.7244808163978,3332.999973118952,3357.446044921875,575435
2025-04-30,3352.8747997128708,3387.6556586310544,3333.298193358469,3358.5390625,708818
2025-05-02,3341.0494429933888,3360.32787939833,3303.1878962354126,3321.0751953125,514587
2025-05-05,3336.676836098332,3387.1588174136396,3286.2943257112825,3301.001708984375,565178
2025-05-06,3301.001456047508,3304.479541701773,3225.179140262128,3278.642333984375,650789
2025-05-07,3259.463266446497,3359.8308853218314,3239.7871896693264,3317.994384765625,1047443
2025-05-08,3328.9254237693217,3391.1335681000023,3304.1814253282073,3348.2041015625,1597339
2025-05-09,3345.9184733209445,3507.8978945123063,3333.19856841051,3488.3212890625,2863992
2025-05-12,3515.0530011695228,3562.5537665796564,3508.196300169869,3540.592041015625,956930
2025-05-13,3540.5919665485094,3565.932306614644,3517.9349154025217,3540.89013671875,996541
2025-05-14,3532.7414689267844,3587.3971034671426,3527.772774877661,3565.137451171875,588159
2025-05-15,3574.478444325862,3642.052682361491,3531.6482052320043,3614.029296875,1227751
2025-05-16,3631.121677197808,3633.0096839260373,3590.7757837396916,3610.94873046875,525064
2025-05-19,3594.3532594835547,3626.6497706622154,3588.788225127965,3595.048828125,376760
2025-05-20,3595.0487153034946,3597.334363006812,3552.7155890850377,3558.18115234375,811416
2025-05-21,3547.6475296691715,3600.415157197291,3544.964483421236,3558.081787109375,415016
2025-05-22,3542.6788328354455,3552.6162208658393,3494.085102411624,3518.8291015625,709846
2025-05-23,3508.891591589974,3583.720169380776,3500.9416814419365,3557.28662109375,416717
2025-05-26,3553.6100224313454,3617.2093069491325,3548.044987991232,3587.6953125,525514
2025-05-27,3592.3658362411784,3616.215567934066,3539.8963779944224,3566.926025390625,1019733
2025-05-28,3572.4910618249414,3579.0498350889543,3522.8041207703527,3552.318115234375,449324
2025-05-29,3557.584927196318,3577.4597033259065,3537.809621992183,3565.8330078125,513095
2025-05-30,3557.584925226354,3582.4283953745826,3519.922321526444,3532.741455078125,962944
2025-06-02,3503.028626928362,3519.8227150570397,3454.136485469813,3503.426025390625,726392
2025-06-03,3503.4259811317133,3557.584743285075,3481.5637285193466,3497.76171875,676943
2025-06-04,3484.147810184949,3497.761983638535,3464.1735626498194,3477.88720703125,410354
2025-06-05,3476.7939267990487,3512.866694132487,3452.447325948626,3482.060791015625,608651
2025-06-06,3501.9357121254207,3548.5419672085,3464.3723350223286,3537.61083984375,602422
2025-06-09,3542.48011189299,3557.5848930842412,3499.153003301126,3511.7734375,540262
2025-06-10,3522.804093182995,3522.804093182995,3484.147750390053,3502.13427734375,561695
2025-06-11,3502.929132491507,3526.7788627552786,3483.054357271697,3519.42529296875,505077
2025-06-12,3525.785390862945,3537.511557652593,3423.9271601517125,3431.08203125,811822
2025-06-13,3388.3512881402426,3419.2566632359676,3361.8185095256867,3400.474853515625,821750
2025-06-16,3389.643067637766,3432.0756661362175,3374.9356847849504,3416.573486328125,534665
2025-06-17,3406.5366447147753,3416.07663434688,3374.1406624255987,3384.376220703125,1000345
2025-06-18,3384.674296993919,3458.210966981456,3368.7744764560734,3446.08740234375,972739
2025-06-19,3457.0185976943762,3499.550667001118,3446.0874708572796,3483.451904296875,1022566
2025-06-20,3478.0857598927255,3522.8040053770605,3467.154633218777,3496.966796875,2941214
2025-06-23,3458.409903420396,3506.40753848347,3451.25503221003,3483.750244140625,643325
2025-06-24,3501.0413501564576,3544.6663875136264,3484.147790137469,3503.923095703125,968797
2025-06-25,3527.7727077623576,3642.0526687180395,3527.7727077623576,3629.332763671875,2697912
2025-06-26,3632.11526904136,3677.3303838816832,3621.1841423766664,3671.566650390625,1620497
2025-06-27,3676.833536939239,3685.876657007326,3636.587115791661,3643.2451171875,601285
2025-06-30,3643.2452388562297,3675.3430514892466,3629.134196035887,3667.094970703125,921775
2025-07-01,3675.8399581507147,3703.1677761688666,3644.040315365956,3677.33056640625,947173
2025-07-02,3681.8022308843424,3698.596319454098,3665.902410184167,3684.783447265625,583514
2025-07-03,3678.821155491903,3689.6528117142107,3649.2076897805046,3655.6669921875,528710
2025-07-04,3643.04662888068,3666.9958322419175,3622.277583933235,3663.815673828125,629926
2025-07-07,3652.486799218665,3672.858443725258,3625.0595124966953,3643.145751953125,829472
2025-07-08,3570.0856562336476,3570.0856562336476,3423.765721700407,3430.045166015625,3952270
2025-07-09,3430.045106416105,3450.1789926462607,3409.4128554607373,3420.875244140625,1868271
2025-07-10,3420.8752996231224,3433.733012405282,3402.8343989409673,3408.615478515625,496586
2025-07-11,3396.853860604248,3411.0073696883373,3346.0206602254875,3350.605712890625,856956
2025-07-14,3360.971693038927,3398.8474119996263,3333.063268541569,3393.564697265625,755781
2025-07-15,3406.821243022511,3410.808160802526,3376.6202921704703,3403.8310546875,686088
2025-07-16,3405.824467658351,3411.007412034061,3377.4176788587424,3406.12353515625,669532
2025-07-17,3407.219874166674,3436.7231633934557,3405.326185537628,3422.0712890625,559482
2025-07-18,3432.736185058154,3432.736185058154,3380.906254273304,3391.7705078125,293360
2025-07-21,3379.909579714012,3427.8523638052948,3354.193911123252,3421.772216796875,561799
2025-07-22,3438.716570753606,3478.5857483855316,3419.081049438312,3461.043212890625,1752275
2025-07-23,3461.0431161316833,3470.5120455545466,3432.736098141243,3460.04638671875,584590
2025-07-24,3456.059506048824,3478.386391142719,3446.6903468038554,3473.00390625,630718
2025-07-25,3465.0299831876705,3468.61830635869,3435.726236212185,3451.474609375,624410
2025-07-28,3441.7068440971075,3451.2755443020064,3370.9390520522493,3381.903076171875,603916
2025-07-29,3378.9126754372433,3385.88978125673,3344.6252813183346,3368.14794921875,511042
2025-07-30,3368.9455843699097,3382.4014321181326,3334.3591206780934,3365.45703125,443735
2025-07-31,3329.076365403816,3353.496236946449,3304.656493861183,3336.3525390625,553157
2025-08-01,3329.076291442061,3336.352464939091,3296.1842202990706,3305.15478515625,422977
2025-08-04,3304.1580243689627,3353.994495324754,3297.280688713921,3345.322998046875,450434
2025-08-05,3345.323053090916,3431.739446481727,3337.0501501077033,3407.0205078125,837335
2025-08-06,3425.759143986966,3451.0759748599594,3388.8801540749737,3406.522216796875,635456
2025-08-07,3368.945373525441,3425.758949351166,3366.652847235975,3404.528564453125,509599
2025-08-08,3438.816235602496,3478.3863445205566,3391.969953321262,3448.883056640625,2184271
2025-08-11,3461.6412787114637,3475.894558098457,3391.6709220342127,3456.557861328125,563586
2025-08-12,3456.5579079205527,3522.4418208655648,3448.783613006621,3475.396240234375,929276
2025-08-13,3475.3962587141527,3483.4696211697365,3451.8733466024055,3455.461669921875,360474
2025-08-14,3465.1298366173446,3494.334057359091,3452.770489117713,3477.987548828125,597987
2025-08-18,3484.566088944574,3563.108416734523,3482.0742653683837,3543.173828125,1253006
2025-08-19,3543.373166892668,3565.600282121353,3533.405872471029,3556.430419921875,537433
2025-08-20,3548.356900317281,3591.116497088175,3540.383064586231,3583.242431640625,517031
2025-08-21,3583.2422709000216,3613.1441535500912,3576.4644621642437,3604.47265625,673486
2025-08-22,3604.472646961157,3629.4904093752903,3595.900676620036,3609.1572265625,691835
2025-08-25,3617.828783588623,3657.5984340728096,3603.6752742720814,3639.457763671875,700503
2025-08-26,3650.820639572976,3660.7879339677133,3577.361728552188,3582.24560546875,960778
2025-08-28,3540.4825995873557,3638.9592696478444,3540.4825995873557,3625.802490234375,989246
2025-08-29,3625.802679553231,3630.0886648660667,3591.8143512389356,3616.931884765625,660956
2025-09-01,3619.1244840534064,3641.4511254779923,3598.5917608912955,3606.76513671875,297533
2025-09-02,3602.180277273507,3643.843617472107,3594.3062118570588,3608.7587890625,536300
2025-09-03,3593.2096473714037,3685.805715427277,3578.258705704116,3678.52978515625,791874
2025-09-04,3727.7680476939026,3727.7680476939026,3664.7747967328514,3679.028076171875,635811
2025-09-05,3682.915315982362,3687.89896322997,3648.0297852491053,3653.3125,454120
2025-09-08,3641.0527296363493,3671.5527485518783,3628.0952466127324,3646.036376953125,548987
2025-09-09,3655.8041892599585,3655.8041892599585,3607.3630424567327,3618.2275390625,428367
2025-09-10,3620.121407597503,3636.7667409518913,3596.3991977228993,3608.7587890625,408800
2025-09-11,3608.1605009725913,3632.0820070563877,3568.2913241662645,3572.4775390625,495417
2025-09-12,3578.158903277064,3586.431806260404,3552.2439379532498,3560.2177734375,275049
2025-09-15,3544.3697806402656,3564.802733537658,3503.503874845482,3522.54150390625,362285
2025-09-16,3513.471192223468,3558.623083447279,3490.546415650095,3545.167236328125,724742
2025-09-17,3550.250460707766,3561.0151872242204,3501.709786117043,3511.477783203125,659866
2025-09-18,3518.4549541328097,3534.402625313015,3491.941853458858,3499.816162109375,829442
2025-09-19,3492.5400445342584,3499.8162182954693,3448.6839480846274,3455.8603515625,2337255
2025-09-22,3446.889556441614,3465.628117797587,3428.7491300614606,3446.19189453125,817833
2025-09-23,3453.8668702125237,3453.966640495214,3393.863805491645,3427.951904296875,1144975
2025-09-24,3418.7820473401257,3426.1577480062724,3399.844187602673,3407.120361328125,690454
2025-09-25,3396.853958163756,3408.71494125593,3358.978239146672,3367.450439453125,1139904
2025-09-26,3376.620330576102,3390.873610470201,3292.2971645749917,3316.41796875,7524068
2025-09-29,3316.1188950217547,3406.8212753785265,3316.1188950217547,3390.076171875,1452636
2025-09-30,3440.7100398282037,3463.1364523125994,3344.0272837843636,3355.988037109375,1733728
2025-10-01,3358.978289084472,3403.7313446199823,3340.0404292943817,3397.153076171875,798754
2025-10-03,3368.8457717179963,3447.6871685732563,3366.952083099294,3442.005859375,1655328
2025-10-06,3442.0059196398147,3447.9862964462977,3389.8769198082055,3414.197021484375,1184781
2025-10-07,3413.7983166424383,3434.6298645078646,3399.844104545214,3407.0205078125,996165
2025-10-08,3462.637965399901,3568.291282709167,3448.6837536798093,3553.9384765625,4531362
2025-10-09,3548.15741075332,3550.0510992999293,3514.8665023755325,3538.987548828125,597739
2025-10-10,3537.2930333936433,3560.018513429724,3511.7769055826234,3520.3486328125,825274
2025-10-13,3506.4941364382357,3533.4058310612695,3498.0219362791327,3522.043212890625,606122
2025-10-14,3521.4450542783966,3537.791319491826,3495.031724547749,3525.83056640625,925998
2025-10-15,3521.3453807646406,3550.2505348490877,3499.5171031204873,3537.392822265625,1005045
2025-10-16,3537.39283911406,3640.0559730753866,3528.422274010643,3628.394287109375,1528118
2025-10-17,3623.1113711876196,3702.8497232357654,3621.1179123864163,3662.78125,1123500
2025-10-20,3667.964418391396,3737.635710414741,3664.1767977691916,3724.977294921875,707974
2025-10-21,3724.977087539126,3733.7483549805997,3706.836661017846,3716.803955078125,156306
2025-10-23,3752.6862289816786,3787.571758334762,3726.0736024007547,3759.96240234375,1622402
2025-10-24,3762.6535350740623,3768.6339115536503,3693.9789758369843,3702.75,563296
2025-10-27,3701.853179164865,3741.622586903039,3697.8662613628567,3727.56884765625,856124
2025-10-28,3737.7353326460347,3757.6699210868137,3676.037878758682,3704.84326171875,1482961
2025-10-29,3721.9870331577913,3741.2239600542875,3702.0524443204167,3736.041015625,789557
2025-10-30,3732.751796263028,3761.5571800775697,3707.933330254909,3738.43310546875,544151
2025-10-31,3746.606095098244,3770.6273713006426,3727.2696418130463,3734.446044921875,900994
2025-11-03,3717.800859647688,3749.6962021433246,3655.3059716137295,3712.31884765625,1119367
2025-11-04,3712.318670800743,3814.4834348649333,3702.8497414484523,3801.027587890625,2524600
2025-11-06,3767.6372020024396,3825.148440782567,3749.2974780385443,3762.055419921875,927231
2025-11-07,3753.6831562143093,3779.598122242342,3723.7812723358097,3756.972412109375,728998
2025-11-10,3775.6110703104455,3802.5227648453933,3756.972278689855,3790.56201171875,599567
2025-11-11,3798.037463778186,3807.5063932902954,3739.828562851129,3799.93115234375,668789
2025-11-12,3825.4476296786647,3864.320078234545,3791.758125595138,3838.5048828125,805025
2025-11-13,3847.3755753682763,3855.2496404784156,3804.516210150443,3826.6435546875,668623
2025-11-14,3826.6435637916693,3842.092869895319,3787.5718189592553,3816.67626953125,575050
2025-11-17,3835.4147864927622,3861.628818759101,3809.001457011978,3855.947509765625,504928
2025-11-18,3852.3591862977646,3887.2447157985207,3829.0358153398306,3866.5126953125,849966
2025-11-19,3870.2005607956366,3927.612272623836,3849.7676077214614,3920.236572265625,1578123
2025-11-20,3937.0813827128363,3943.061759496704,3882.2612621940502,3889.636962890625,762391
2025-11-21,3888.2414227641843,3912.16292856945,3869.403334279394,3891.430908203125,383311
2025-11-24,3902.6941103839763,3924.3230904973966,3852.3592738179204,3861.62890625,1258036
2025-11-25,3861.728382425328,3895.6171828362085,3832.424634701013,3842.49169921875,680366
2025-11-26,3832.4245575268214,3901.6972510894,3830.929463421154,3884.9521484375,364592
2025-11-27,3887.842814821566,3914.156373779023,3862.4262149918322,3890.533935546875,542241
2025-11-28,3893.4245835384017,3922.030670486257,3883.7563564062066,3894.919677734375,574817
2025-12-01,3894.919562382681,3897.90975068607,3848.671413960456,3882.161376953125,603073
2025-12-02,3862.3265819678354,3886.8462235411876,3854.851111164027,3873.09130859375,661018
2025-12-03,3857.3429490214967,3867.310243463413,3773.5179054281234,3805.313720703125,770638
2025-12-04,3792.555511736211,3817.4737476871715,3765.6438169091734,3787.970458984375,776693
2025-12-05,3764.6470423054793,3815.480243035577,3764.6470423054793,3800.828369140625,508448
2025-12-08,3783.8839078816613,3812.489993280462,3745.8088930877857,3754.6796875,545864
2025-12-09,3762.6536424081337,3861.329857136188,3738.732135807393,3836.41162109375,1121068
2025-12-10,3818.470440522837,3845.581432309177,3813.088198945881,3833.122314453125,616248
2025-12-11,3817.8722920720056,3843.1893654715554,3764.647038115413,3832.225341796875,669180
2025-12-12,3832.225396672013,3882.0618686341904,3819.3674409004825,3867.509521484375,547866
2025-12-15,3848.6712990350775,3863.721767040758,3837.408208093544,3853.55517578125,332337
2025-12-16,3837.4082057344685,3924.62202859207,3815.480158844557,3916.648193359375,1560827
2025-12-17,3917.14671453145,3922.8280236932565,3877.2775367754043,3895.118896484375,601010
2025-12-18,3887.2447628556924,3911.1662690886506,3877.377238871455,3906.481689453125,516547
2025-12-19,3906.1825441414267,3948.942138344164,3900.2021677023226,3917.246337890625,730780
2025-12-22,3927.1140000415817,3937.8787266796685,3904.2889931650016,3920.934326171875,569521
2025-12-23,3920.9342846674235,3943.360696866818,3903.591046561271,3912.96044921875,445656
2025-12-24,3912.9604398704737,3922.1303019461116,3887.2447719415086,3896.514404296875,399227
2025-12-26,3896.1155354546045,3993.7950186886505,3887.2447409467372,3978.94384765625,1113050
2025-12-29,3996.8849305657486,4018.513910075195,3964.989589473952,3970.6708984375,1242846
2025-12-30,3968.976604250397,3980.438992735801,3941.1679503922314,3961.1025390625,1169570
2025-12-31,3970.970031354128,4048.61515626689,3962.0992368036736,4038.249267578125,1358731
2026-01-01,4050.4094474750787,4054.6954328104425,4022.50102266714,4036.056640625,444679
2026-01-02,4025.7900715381393,4046.7213890678004,3973.162710223706,4038.448486328125,659997
2026-01-05,4038.448510056887,4080.6102128542193,4032.7672010767396,4066.35693359375,629273
2026-01-06,4066.357180715941,4107.0237918666335,4055.1938592912024,4098.35205078125,820331
2026-01-07,4211.182053756641,4297.997288817103,4188.257275712523,4259.224609375,3496340
2026-01-08,4259.224563459027,4289.126447542047,4225.13622093066,4235.103515625,1055725
2026-01-09,4217.162311862731,4265.005325563845,4169.419068443689,4188.0576171875,883117
2026-01-12,4191.247154356343,4228.126142397053,4131.443389966003,4217.76025390625,514767
2026-01-13,4217.760208474048,4253.642466721742,4196.230756188577,4225.33544921875,770707
2026-01-14,4228.026542751453,4268.992220348958,4197.227700184324,4207.693359375,998692
2026-01-16,4207.693470499,4222.544642310648,4167.425697124466,4183.173828125,686949
2026-01-19,4152.075839006173,4193.639162802954,4115.595445780856,4130.54638671875,365905
2026-01-20,4141.410890199439,4141.410890199439,4051.00757719733,4062.1708984375,586156
2026-01-21,4062.1707923552003,4096.458187413636,4040.242744893094,4065.858642578125,552760
2026-01-22,4085.5939810157674,4114.499134821442,3967.7806096900367,4005.45703125,818966
2026-01-23,4011.935740174026,4050.010755865831,3966.983145385686,4008.646484375,1015415
2026-01-27,4008.6464285094617,4026.786855278177,3942.0648546101957,3983.927490234375,1760501
2026-01-28,3988.911127517355,4012.6333363144477,3951.932368803463,3962.19873046875,809022
2026-01-29,3947.8460300090883,3955.620568339823,3830.5310231322255,3926.81494140625,1145612
2026-01-30,3932.097664845873,3981.934137150637,3897.0128370117495,3964.3916015625,1427639
2026-02-02,3986.9177381580034,3986.9177381580034,3880.566756161068,3940.270751953125,1273196
2026-02-03,4129.450029300954,4129.450029300954,4030.873585991454,4055.29345703125,1043274
2026-02-04,4073.6331995665796,4146.394448298745,4052.9011786566566,4130.44677734375,917279
2026-02-05,4138.719539891277,4138.719539891277,4049.811564116971,4084.19873046875,693637
2026-02-06,4084.198583323033,4140.414025475052,4052.004174273563,4127.45654296875,888701
2026-02-09,4186.46328401321,4255.436670823227,4141.4109176242955,4243.87451171875,1092387
2026-02-10,4285.93653727841,4315.43982566258,4225.734177207915,4255.1376953125,1713633
2026-02-11,4335.773027308057,4364.080045827646,4194.237448025817,4235.203125,3342226
2026-02-12,4218.55747049756,4272.3808588027905,4168.621229566406,4261.8154296875,998509
2026-02-13,4253.343209814334,4257.828492152158,4151.178445452788,4165.53173828125,524758
2026-02-16,4141.41055890807,4182.276463340135,4115.296054572897,4167.42529296875,500349
2026-02-17,4153.471279199037,4231.016633695938,4141.4107558343585,4222.54443359375,464123
2026-02-18,4237.096643046371,4243.973978510509,4200.516479706513,4234.70458984375,387328
2026-02-19,4211.18188086087,4247.0641406741215,4177.293079926131,4184.4697265625,406232
2026-02-20,4186.76194461666,4238.193280220919,4186.46312046324,4222.54443359375,532169
2026-02-23,4256.034710056237,4266.002004459178,4226.2325971283,4258.72607421875,516387
2026-02-24,4226.5314296798915,4285.936601776254,4221.149188028474,4280.45458984375,491126
2026-02-25,4289.923661488439,4334.776487874819,4275.769908266122,4310.85498046875,586295
2026-02-26,4315.838572373869,4337.966161113804,4292.913794737703,4328.3974609375,520985
2026-02-27,4327.400662219876,4337.766551126517,4297.69783270388,4313.3466796875,1146258
2026-03-02,4274.772990574043,4315.838437820091,4179.286505722781,4256.33349609375,770589
2026-03-04,4191.247060748651,4224.437954570289,4070.144440562929,4190.64892578125,1024050
2026-03-05,4224.139244667133,4288.428291689557,4159.551373495063,4261.2177734375,691367
2026-03-06,4236.100014943159,4287.929944537757,4213.175238391702,4230.7177734375,580562
2026-03-09,4146.394356825195,4185.964709183034,4099.249250278276,4145.59716796875,576017
2026-03-10,4161.445028420832,4229.023087280567,4161.445028420832,4206.2978515625,788850
2026-03-11,4178.289896824444,4221.049493326745,4112.705293022249,4126.7587890625,454575
2026-03-12,4086.590462979199,4165.332084095139,4020.60702661123,4116.09375,1071366
2026-03-13,4077.620005949474,4133.6363933228595,4032.7671826134374,4059.878173828125,868825
2026-03-16,4043.7313942292744,4111.508997090401,3989.110571490407,4077.4208984375,1013667
2026-03-17,4077.121826171875,4096.55805049906,4023.2984357273617,4077.121826171875,1126905
2026-03-18,4070.3439664557445,4161.145872456678,4064.4633600951647,4131.94189453125,751307
2026-03-19,4090.9761095476442,4124.566085473674,4004.759015235318,4024.693603515625,567278
2026-03-20,4033.6642475921135,4136.327379255284,4027.6838709903755,4093.169189453125,1019586
2026-03-23,4043.3327314437556,4045.72478475568,3812.4900964992553,3840.498291015625,1533645
2026-03-24,3937.3802406338946,3971.966702524462,3830.431126173528,3886.746337890625,1300547
2026-03-25,3937.081366043934,4083.6005966283537,3927.612436176233,4026.08935546875,1306823
2026-03-27,3986.917766152832,4019.6105405037147,3959.009341789762,3968.478271484375,1040658
2026-03-30,3929.107403218326,3994.2934104401893,3901.29874952784,3938.4765625,1488223
2026-04-01,3986.917833753536,4086.5907795973744,3986.917833753536,4052.20361328125,781974
2026-04-02,3982.930835009521,4095.6610318057337,3931.798566161915,4083.800048828125,1614868
2026-04-06,4091.5742720255826,4243.974103115695,4091.5742720255826,4232.212890625,1678285
2026-04-07,4221.448008238725,4229.621384331442,4155.165500389534,4216.763671875,1274146
2026-04-08,4337.068733542139,4490.266247239322,4295.007042060272,4477.80712890625,3834533
2026-04-09,4460.364368818537,4482.691011562465,4399.663641560751,4425.279296875,1385274
2026-04-10,4415.611175793522,4509.104202301997,4410.62752860897,4490.26611328125,1565192
2026-04-13,4376.738695227283,4481.2955150452835,4376.738695227283,4424.78076171875,850456
2026-04-15,4475.415043264428,4519.171369197922,4432.754730388897,4507.41015625,918513
2026-04-16,4539.105836555689,4539.105836555689,4425.478681226891,4446.80859375,1283713
2026-04-17,4446.80860763948,4516.978262584491,4315.838457109326,4511.09765625,2124034
2026-04-20,4517.277374817795,4534.122004205732,4453.088099309882,4498.23974609375,1646815
2026-04-21,4498.73808672063,4529.636697707301,4450.39671146729,4465.048828125,656106
2026-04-22,4447.108126662484,4477.308835307954,4430.662090201536,4440.03125,596352
2026-04-23,4396.5736146026165,4459.367570104762,4379.130849185354,4441.9248046875,680187
2026-04-24,4460.862435947686,4471.9262296400375,4347.13551391155,4395.57666015625,958536
2026-04-27,4424.282272732981,4449.400048324654,4374.047208233913,4427.2724609375,649222
2026-04-28,4397.868888135784,4460.364015495882,4381.024258799593,4402.5537109375,620778
2026-04-29,4405.444477800803,4457.772774865154,4395.776493972833,4425.279296875,702730
2026-04-30,4423.485027207771,4423.485027207771,4343.746676108938,4370.85791015625,869299
2026-05-04,4392.686333602758,4432.854334640852,4338.464350375783,4348.73046875,709160
2026-05-05,4340.756633847013,4382.619269581015,4316.1372224440165,4359.2958984375,850790
2026-05-06,4383.117745600278,4426.57524685031,4283.046206403137,4345.341796875,1459870
2026-05-07,4335.673340752591,4344.743676091845,4247.064189912217,4293.412109375,1377631
2026-05-08,4299.890693872671,4589.938953473262,4199.619617443652,4494.2529296875,4777990
2026-05-11,4336.1714356672355,4365.176358217959,4136.5267337657515,4191.84521484375,5925166
2026-05-12,4146.394386830651,4199.8191810747485,4033.763962380683,4042.036865234375,1978748
2026-05-13,4016.819616977272,4096.557971656722,3972.0665627502894,4077.321044921875,2841521
2026-05-14,4101.541651857563,4133.436993986225,4045.8245734134175,4121.67578125,1127140
2026-05-15,4141.410861180254,4180.283309696747,4128.851972784219,4155.46484375,901617
2026-05-18,4116.592404667953,4169.020471149777,4052.3033550510295,4156.06298828125,851825
2026-05-19,4122.7718541827335,4154.268602329223,4081.6071223236186,4088.584228515625,711398
2026-05-20,4039.744471133866,4103.236331934217,4039.744471133866,4092.9697265625,913576
2026-05-21,4106.525312929425,4122.871578488693,4056.6888406851363,4069.74609375,863060
2026-05-22,4043.9306045995263,4100.345344469957,4040.8408893642713,4066.456787109375,768112
2026-05-25,4106.624950595387,4156.361650952179,4096.9564806185,4145.59716796875,606086
2026-05-26,4138.320744313574,4146.394349879764,4077.6200205187774,4092.47119140625,766717
2026-05-27,4084.8961156102055,4151.477934967971,4077.7199555713896,4124.36669921875,474044
2026-05-29,4102.737972358301,4149.6835402843,4045.724852927872,4061.57275390625,2001419
2026-06-01,4086.590555568834,4091.5742025878203,3993.894721015687,4011.437255859375,450200
2026-06-02,4004.2607791244304,4074.6299753506637,3972.963571856102,4064.762451171875,522015
2026-06-03,4043.7312022976257,4090.37794384958,3988.9110849384024,4075.42724609375,959352
2026-06-04,4061.672322312249,4259.821933203119,4039.046613504238,4217.162109375,1761933
2026-06-05,4255.038114520642,4274.972703953861,4209.388099392295,4246.26708984375,1390200
2026-06-08,4183.073988834731,4224.239207403382,4167.027033930725,4178.6884765625,666737
2026-06-09,4177.193341811167,4203.208077712957,4073.8325468327307,4091.474609375,1284964
2026-06-10,4091.4745404929363,4105.6282930748075,4021.8032506621894,4028.880126953125,613629
2026-06-11,4006.951982284827,4056.3896148157537,3949.8393386542043,4012.03515625,767665
2026-06-12,4054.4960073475113,4186.263588783162,4039.445295679552,4170.31591796875,1122271
2026-06-15,4207.195130228091,4282.946570620732,4206.49722491917,4269.49072265625,1076822
2026-06-16,4284.0430909399065,4329.792876901798,4269.490743142001,4323.8125,779706
2026-06-17,4323.812338372832,4380.625916816181,4313.346679185898,4366.17333984375,623868
2026-06-18,4365.674763217696,4395.576645157543,4318.9282517885895,4373.548828125,562833
2026-06-19,4345.740340070183,4427.173329648428,4345.740340070183,4405.4443359375,941346
2026-06-22,4390.891747775549,4400.061852755146,4338.762995819039,4358.19921875,390835
2026-06-23,4360.691477754865,4402.952710396701,4277.065971666899,4291.21923828125,586588
2026-06-24,4287.93018361535,4326.603092410774,4249.755639555354,4309.65869140625,652078
2026-06-25,4320.821917574416,4320.821917574416,4211.181684371836,4277.2646484375,754050
2026-06-29,4270.9857208678,4302.183158180815,4252.64599620607,4263.21142578125,569087
2026-06-30,4263.50992478207,4413.916290951847,4261.018101330999,4389.59619140625,1243464
2026-07-01,4454.384013002184,4489.767909279109,4375.742154951739,4384.21435546875,1168751
2026-07-02,4389.596399722663,4482.292236501547,4368.7648520199655,4466.4443359375,820705
2026-07-03,4480.298796026808,4492.957454484628,4436.442701026769,4446.509765625,542120
2026-07-06,4435.44600307642,4475.81354535161,4435.44600307642,4469.7333984375,589165
2026-07-07,4535.1191570791025,4640.672712211398,4490.266330250847,4589.14208984375,3385946
2026-07-08,4575.386820187532,4614.857404177837,4546.78097666898,4571.39990234375,1045703
2026-07-09,4614.7998046875,4679.7998046875,4546.10009765625,4555.7998046875,1777107
2026-07-10,4578.60009765625,4602.7998046875,4560.7001953125,4584.39990234375,652646
2026-07-13,4578.0,4635.0,4524.39990234375,4601.5,770367
2026-07-14,4579.7998046875,4600.0,4554.0,4573.7001953125,631158
2026-07-15,4573.7001953125,4607.0,4565.10009765625,4579.39990234375,619451
2026-07-16,4585.2998046875,4668.7998046875,4580.0,4625.7998046875,1136159
2026-07-17,4626.0,4647.5,4610.10009765625,4638.10009765625,667212
2026-07-20,4638.10009765625,4660.0,4625.2998046875,4643.39990234375,274158
2026-07-21,4644.2001953125,4691.7001953125,4629.2001953125,4688.7001953125,530094
2026-07-22,4685.7001953125,4733.0,4675.0,4711.60009765625,996475
2026-07-23,4700.0,4709.7998046875,4671.60009765625,4697.2998046875,421185
2026-07-24,4605.0,4697.0,4604.10009765625,4677.0,513858
2026-07-27,4686.89990234375,4749.10009765625,4686.89990234375,4740.10009765625,500721
2026-07-28,4750.0,4860.0,4712.89990234375,4849.7001953125,1321587
2026-07-29,4849.7001953125,4866.89990234375,4823.2001953125,4850.2001953125,837059
2026-07-30,4820.89990234375,4869.89990234375,4820.89990234375,4850.0,777361
2026-07-31,4850.0,4886.0,4820.89990234375,4875.2001953125,1003314
2026-08-03,4875.2001953125,5000.0,4851.7998046875,5000.0,505420
2026-08-04,4935.0,4935.0,4862.0,4935.0,1181747
2026-08-05,4910.2001953125,4920.60009765625,4882.2998046875,4912.39990234375,546332
2026-08-06,4883.89990234375,5005.0,4883.89990234375,4998.0,1283840
2026-08-07,4978.10009765625,5003.0,4891.2998046875,4941.0,1166858
2026-08-10,4932.0,5122.2001953125,4886.2001953125,5090.0,3664718
2026-08-11,5090.0,5168.0,5090.0,5128.0,1664853
2026-08-12,5128.0,5128.0,4992.0,5099.0,1105157
2026-08-13,5069.5,5071.5,5010.0,5063.7001953125,533274
2026-08-14,5064.0,5090.5,5046.39990234375,5056.2001953125,587764
2026-08-17,5056.2001953125,5111.0,5037.2001953125,5068.5,565258
2026-08-18,5060.0,5094.89990234375,5042.5,5048.60009765625,354873
2026-08-19,5045.0,5074.7998046875,5038.0,5068.0,412981
2026-08-20,5084.89990234375,5110.0,5060.10009765625,5068.0,614435
2026-08-21,5068.0,5090.39990234375,5011.0,5086.10009765625,352381
2026-08-24,5086.7998046875,5093.39990234375,5050.0,5079.0,256376
2026-08-25,5059.10009765625,5124.7998046875,5052.7001953125,5124.7998046875,347515
2026-08-26,5149.89990234375,5149.89990234375,5091.0,5100.0,377617
2026-08-27,5100.0,5186.7001953125,5069.5,5139.2998046875,1101845
2026-08-28,5155.0,5169.89990234375,5136.0,5169.2001953125,547804
2026-08-31,5159.0,5159.0,5088.0,5102.39990234375,630695
2026-09-01,5104.0,5126.5,5010.5,5050.0,466855
2026-09-02,4972.0,5092.0,4971.5,5074.0,812660
2026-09-03,5057.5,5072.5,4952.0,5027.0,571600
2026-09-04,5010.0,5022.0,4980.0,5020.0,310845
2026-09-07,5010.0,5028.0,4958.5,4995.0,480336
2026-09-08,4975.0,5015.5,4969.0,4987.0,432671
2026-09-09,5010.0,5019.0,4968.0,5005.0,502050
2026-09-10,5000.5,5021.0,4974.5,5021.0,336565
2026-09-11,4964.0,5015.0,4943.0,5009.5,403235
2026-09-15,5003.0,5003.0,4856.0,4856.0,504447
2026-09-16,4880.0,4921.5,4845.0,4908.5,376036
2026-09-17,4895.0,4915.5,4838.5,4841.0,489416
2026-09-18,4851.0,4864.5,4772.0,4798.5,1066023
2026-09-21,4816.5,4880.0,4780.0,4875.0,665067
2026-09-22,4876.0,4982.0,4862.5,4928.5,1238174
2026-09-23,4928.5,4951.0,4852.5,4880.0,769737
2026-09-24,4868.0,4912.0,4830.0,4832.5,504126
2026-09-25,4855.0,4884.0,4821.5,4884.0,368677
2026-09-28,4881.0,4881.0,4810.0,4819.5,632938
2026-09-29,4808.0,4818.5,4675.0,4675.0,1188414
2026-09-30,4683.0,4698.0,4587.0,4587.0,927060
