Date,open,high,low,close,volume
2021-01-01,5069.797253211876,5100.405500482762,5033.9446181577305,5044.91015625,355623
2021-01-04,5060.309770766431,5136.49632644025,5046.101875554879,5079.61865234375,453783
2021-01-05,5088.009745147036,5123.1947269161465,5001.2864542787775,5092.96826171875,530958
2021-01-06,5110.893673821302,5214.351129718618,5053.682177472556,5195.1376953125,701452
2021-01-07,5220.54948293994,5261.265187517129,5134.732231165585,5147.08056640625,742403
2021-01-08,5167.152087810027,5352.421813119511,5165.769290294486,5331.87353515625,802681
2021-01-11,5292.062922873323,5431.992694752902,5249.10681457253,5362.337890625,714576
2021-01-12,5363.387492486487,5431.231171979868,5293.017530327296,5376.927734375,591436
2021-01-13,5387.415715695925,5410.300313426315,5339.73947042428,5388.130859375,423240
2021-01-14,5382.648401906365,5410.300625760267,5301.598780265613,5322.91015625,464204
2021-01-15,5327.3439332314065,5393.852298963086,5173.588033959246,5198.8564453125,589866
2021-01-18,5187.175402664315,5207.96205903525,5078.902837617929,5135.68505859375,461596
2021-01-19,5149.130022673931,5277.760441490698,5143.075046303605,5234.947265625,483417
2021-01-20,5257.736085533853,5296.115461203555,5209.964396862102,5289.2978515625,321063
2021-01-21,5338.786487008792,5384.555687111743,5255.25760370323,5285.818359375,481346
2021-01-22,5318.762781301195,5334.972707310898,5213.922514785433,5277.5703125,680688
2021-01-25,5478.000914640552,5560.766695226931,5079.093653091222,5118.9033203125,3236487
2021-01-27,5129.964964735721,5263.363031202893,5082.6225373145335,5153.66015625,1212604
2021-01-28,5101.3591048927865,5215.734622835046,5091.823854229436,5190.70458984375,576548
2021-01-29,5233.898683141513,5253.636836719007,5042.240159674317,5079.666015625,745559
2021-02-01,5133.778043031042,5524.008106944574,5015.540955858708,5477.18994140625,1455212
2021-02-02,5516.14229532981,5910.901657519358,5516.14229532981,5838.9580078125,2251712
2021-02-03,5868.945793363967,5948.088360520621,5759.290429231252,5792.3779296875,952770
2021-02-04,5809.827262802379,5921.389677006855,5760.768220064307,5895.45361328125,683257
2021-02-05,5892.78448526151,6101.606459739224,5835.572985404602,6056.88623046875,1174059
2021-02-08,6083.345880606382,6183.60892996925,6024.370272867498,6072.189453125,769441
2021-02-09,6126.207135565074,6178.841900956721,6075.718266977409,6122.01171875,947676
2021-02-10,6141.749449777139,6282.7756921999735,6027.326459480584,6095.07421875,1045511
2021-02-11,6102.0833684892195,6167.399832391323,6073.28672663571,6128.4482421875,390465
2021-02-12,6140.60573762716,6178.842184385869,6071.046366154433,6099.93798828125,408867
2021-02-15,6135.9332628061475,6163.537997286754,6090.259509258955,6109.94970703125,277851
2021-02-16,6148.328981411317,6245.588527953493,6112.047542686566,6157.67333984375,595723
2021-02-17,6157.673367165317,6240.344168328323,6093.930595369412,6120.86767578125,555520
2021-02-18,6190.570408286237,6190.570408286237,6008.161255037595,6031.8564453125,573974
2021-02-19,6021.510373410697,6024.990646542103,5888.016873445931,5919.9599609375,499669
2021-02-22,5926.157858966893,5992.857118771791,5824.750382373573,5888.1123046875,528408
2021-02-23,5898.506182140753,6052.881800450257,5846.109792428399,5977.12451171875,453805
2021-02-24,6025.3249473738215,6150.236732166664,5921.390714225578,6116.43408203125,378560
2021-02-25,6108.281435214784,6167.399987975215,6043.871004692611,6086.63623046875,803072
2021-02-26,6073.954551116619,6187.424031741874,5778.361786462592,5830.8056640625,1307673
2021-03-01,5929.781337776306,6092.8341197609325,5883.82171016058,6069.234375,609302
2021-03-02,6078.721780873768,6172.977818781931,6018.745152420154,6124.58642578125,438046
2021-03-03,6150.235663963349,6231.285281240385,6132.118690689658,6198.388671875,467421
2021-03-04,6130.212341220579,6512.575873469677,6097.268238081355,6460.65625,1303144
2021-03-05,6379.559388410563,6621.468881400243,6379.559388410563,6493.79150390625,1828811
2021-03-08,6522.111421841132,6529.644176710664,6333.122568382243,6358.248046875,658514
2021-03-09,6431.526066297154,6506.854540609605,6350.476442036923,6386.13818359375,483037
2021-03-10,6438.296572992397,6473.481554163808,6373.361424072897,6449.69091796875,302774
2021-03-12,6453.456910373433,6535.126229840495,6304.75450706174,6329.6416015625,673811
2021-03-15,6355.243668071901,6368.450081490065,6188.424295080497,6256.50634765625,349036
2021-03-16,6283.729639291287,6391.477962392943,6259.986960327268,6331.3583984375,614224
2021-03-17,6330.452778872791,6360.012055291688,6186.8518138620175,6217.2216796875,443282
2021-03-18,6288.49725057007,6328.211472916572,6166.1601817260935,6207.4951171875,345807
2021-03-19,6197.912641566434,6388.617645922324,6072.5715912181695,6361.9189453125,654457
2021-03-22,6356.102408728617,6469.667332997362,6323.110349550258,6415.31640625,467719
2021-03-23,6421.132842328039,6635.342142018624,6415.363736683045,6616.60546875,890457
2021-03-24,6570.2643973967915,6621.277987885251,6522.111382075909,6539.89453125,716392
2021-03-25,6538.60669742063,6592.576304722448,6327.5918043458905,6356.67431640625,547365
2021-03-26,6417.032106625096,6469.66687079231,6375.697171969941,6422.22900390625,303751
2021-03-30,6468.713524712582,6555.484298702682,6432.479575134298,6470.2392578125,422141
2021-03-31,6537.605527829556,6537.605527829556,6401.871156223418,6424.8037109375,647600
2021-04-01,6451.54970530146,6611.456023014636,6418.367223824044,6578.2255859375,531749
2021-04-05,6574.55371675893,6668.952675128638,6421.98974363617,6479.9638671875,540954
2021-04-06,6493.790986518868,6530.6925894885135,6395.482933529457,6423.56396484375,508328
2021-04-07,6431.5256126909435,6541.180978956245,6401.346641962552,6445.8759765625,301479
2021-04-08,6482.06302237426,6725.068964455173,6468.522780987728,6647.26123046875,635298
2021-04-09,6712.815936030174,6728.024845870593,6476.198802652695,6508.61865234375,592763
2021-04-12,6448.9753905728585,6448.9753905728585,6166.446121748064,6206.87548828125,585717
2021-04-13,6245.588194631431,6347.091108090967,6202.298256598524,6297.5078125,551188
2021-04-15,6339.987619176903,6388.617393365204,6096.504921373287,6235.3857421875,490675
2021-04-16,6207.447336637889,6471.049491569625,6207.447336637889,6403.11083984375,636917
2021-04-19,6197.912603750625,6264.135102344515,6116.862977393886,6207.20947265625,559506
2021-04-20,6335.220033543473,6377.747341215037,5892.784438184627,5912.66552734375,1272134
2021-04-22,5909.995424739376,5935.693109658308,5692.735126521621,5809.16015625,1795988
2021-04-23,5810.781137677064,5868.9461605517445,5717.1447998631365,5785.89404296875,968454
2021-04-26,5846.824491500494,6000.532909910906,5827.229738708569,5984.2275390625,697792
2021-04-27,5987.183410476546,6050.9741391714015,5945.228310928693,6032.76171875,512910
2021-04-28,6064.419006859489,6107.327631908023,5988.137006773206,6065.181640625,414435
2021-04-29,6121.630360291259,6147.661405961823,6026.65917934103,6085.82568359375,406869
2021-04-30,6083.488757155333,6125.443852032266,5943.844851721666,5987.13525390625,475175
2021-05-03,5961.437986477158,6083.4891800582645,5864.178441592214,6055.0263671875,402055
2021-05-04,6093.024832630613,6126.398208083207,5992.904706272833,6003.82275390625,330346
2021-05-05,6050.068550775004,6102.559915059031,6001.8675833428815,6083.8232421875,215973
2021-05-06,6102.559450638731,6131.069752454516,6020.556308020773,6107.75634765625,246632
2021-05-07,6159.724213505255,6220.797305537784,6116.815587087535,6180.65380859375,745582
2021-05-10,6283.729342834651,6298.032216907871,6035.8128588988375,6105.515625,872011
2021-05-11,6093.024995055575,6312.288263859483,6017.124308885247,6188.94970703125,1139377
2021-05-12,6164.443611876798,6188.853944727161,6074.907708474962,6091.92822265625,392657
2021-05-14,6119.723381978457,6180.748981300149,5966.11041306821,6072.142578125,405281
2021-05-17,6083.3942013466285,6249.641382230549,6036.76692083787,6228.75927734375,357292
2021-05-18,6274.193950626127,6360.011193111895,6257.6027101965465,6343.80126953125,451024
2021-05-19,6321.8708899039375,6441.061517541644,6217.030627598456,6256.2685546875,475946
2021-05-20,6293.265152643363,6324.207225879216,6217.650804544686,6268.33056640625,256088
2021-05-21,6300.7977968549985,6364.541036652357,6283.77728237259,6329.11767578125,307027
2021-05-24,6340.940989055265,6362.299855058622,6236.100733384338,6257.412109375,288501
2021-05-25,6319.010393421407,6328.879470630215,6223.848781367425,6251.88232421875,176134
2021-05-26,6288.402084704726,6310.428605866453,6221.893714311982,6275.052734375,248015
2021-05-27,6293.264649205785,6412.407777549954,6274.432531505509,6363.1103515625,1707144
2021-05-28,6411.501855594548,6421.990630194718,6279.534093742815,6291.83447265625,285093
2021-05-31,6325.636783606536,6408.640941058019,6281.965063232785,6396.2451171875,328449
2021-06-01,6410.548467276869,6410.548467276869,6255.12389488863,6294.55224609375,397989
2021-06-02,6294.552474045905,6360.011873448806,6247.82974813901,6287.73486328125,567704
2021-06-03,6321.870427302873,6345.708551086066,6269.426554979847,6333.02685546875,349479
2021-06-04,6321.87045215125,6374.314324680408,6308.187275928243,6354.576171875,205504
2021-06-07,6379.03531195782,6586.903779944501,6353.3376247488695,6531.31298828125,617042
2021-06-08,6574.555082235047,6574.555082235047,6412.455827125553,6478.63037109375,218632
2021-06-09,6460.131424785773,6472.145932066143,6371.453605965835,6412.216796875,345102
2021-06-10,6434.38662409253,6449.452132679448,6370.500449846206,6397.81884765625,198704
2021-06-11,6412.550776180835,6441.01358924162,6340.940958851174,6353.19384765625,193014
2021-06-14,6345.708861765484,6375.172691086358,6274.194486914633,6368.11669921875,160001
2021-06-15,6368.116277289397,6432.5267004021,6350.809892839828,6358.39013671875,193128
2021-06-16,6360.535504423506,6382.991295768029,6259.89113479028,6281.25,224100
2021-06-17,6250.35685054247,6436.294239689043,6245.636715197999,6393.24267578125,637296
2021-06-18,6398.152626571519,6415.268586226682,6277.3887807688825,6382.80078125,367329
2021-06-21,6322.823563168193,6474.434021099688,6219.080241083105,6460.60791015625,361652
2021-06-22,6474.4344439042,6617.4631871421425,6437.676243127392,6540.18017578125,542280
2021-06-23,6555.198204676485,6630.526676239877,6466.80625497372,6582.5166015625,438444
2021-06-24,6579.322494749291,6654.174207189554,6568.881209772272,6638.3935546875,278305
2021-06-25,6674.674841222194,6674.674841222194,6569.787093717274,6601.25341796875,183496
2021-06-28,6626.998633982517,6655.556893467905,6539.989479255768,6550.1923828125,127275
2021-06-29,6555.484583729282,6560.252208881086,6483.493443937055,6507.5224609375,235008
2021-06-30,6484.923574400343,6546.950189887492,6436.293799029894,6461.08544921875,283145
2021-07-01,6462.325003879292,6483.493445794721,6379.082454940317,6395.53076171875,274106
2021-07-02,6434.243003709638,6434.243003709638,6374.313871426802,6407.591796875,256489
2021-07-05,6407.6878575041455,6474.434606019814,6383.372970544867,6407.544921875,134014
2021-07-06,6414.934042978237,6673.720600968273,6414.838597373061,6610.83544921875,681761
2021-07-07,6614.125950909583,6638.440837631733,6494.506057250954,6603.255859375,382398
2021-07-08,6596.4861233648935,6669.812104674327,6524.971746485396,6581.13427734375,365610
2021-07-09,6569.787089114595,6599.012536531227,6517.343215398876,6578.89306640625,170542
2021-07-12,6584.1850002624915,6784.282297296734,6584.1850002624915,6764.0673828125,610763
2021-07-13,6779.562582171025,6827.238830990792,6751.8628678420855,6797.53662109375,372867
2021-07-14,6779.848950422478,6902.520320098807,6736.654452060761,6787.23876953125,379753
2021-07-15,6802.780997314604,6884.450318291342,6771.695990017388,6855.5107421875,292170
2021-07-16,6872.053868017366,7017.943175885641,6848.835443876221,6993.67578125,436381
2021-07-19,6965.3084202378395,7041.781302541392,6908.287818133024,6972.5078125,365109
2021-07-20,6993.43769279308,7193.392056418524,6989.337721838253,7079.63671875,953888
2021-07-22,7164.78664695125,7195.776208573012,6951.197053004341,7112.3427734375,1163215
2021-07-23,7246.599469256566,7283.930347334344,7122.832104334942,7142.1884765625,813619
2021-07-26,7165.740190942985,7284.93081288149,7074.916937025842,7262.7138671875,369346
2021-07-27,7270.628199499651,7318.304449988173,7207.695548854801,7243.21435546875,297511
2021-07-28,7284.882877133171,7327.838988416137,7160.972127912191,7298.8994140625,289531
2021-07-29,7313.536754839187,7360.164034252363,7281.116904817735,7342.57177734375,227836
2021-07-30,7361.021896006769,7370.748036961003,7239.161590764286,7265.09765625,245105
2021-08-02,7303.280775052445,7395.984500833898,7302.562141519255,7322.4443359375,202451
2021-08-03,7329.104370696937,7538.226743412927,7290.202245820072,7515.23046875,385216
2021-08-04,7580.146548765121,7580.146548765121,7410.357211268148,7425.8798828125,258018
2021-08-05,7425.880241867207,7502.390856382912,7325.271541816102,7338.68603515625,173662
2021-08-06,7368.388906989837,7397.038335955996,7192.227786038041,7212.82861328125,250068
2021-08-09,7280.237101193655,7298.15521855528,7161.423018468199,7182.16748046875,236944
2021-08-10,7191.126783074397,7229.645730602251,7115.4307116736145,7161.56689453125,164588
2021-08-11,7152.799361813288,7232.328142393395,7058.610643764377,7140.7744140625,129339
2021-08-12,7145.133856018129,7262.989758430659,7121.993949238478,7156.3447265625,206051
2021-08-13,7199.174901980793,7214.553940473609,7121.179301907116,7148.67919921875,207505
2021-08-16,7148.6794169549385,7163.291632732898,7025.409432185684,7039.39892578125,191968
2021-08-17,7068.479059010788,7116.579781435168,6992.830719269536,7099.1884765625,203995
2021-08-18,7114.472259032604,7401.925683639982,7096.266875474136,7283.54296875,724989
2021-08-20,7278.895259735352,7306.011510629595,7124.580408486187,7179.96337890625,358744
2021-08-23,7246.077418059172,7246.077418059172,6983.201192864916,7043.56640625,310220
2021-08-24,7109.681533100999,7162.094062544436,7062.443539708519,7143.55322265625,174447
2021-08-25,7152.799280814744,7174.78965462932,7061.772364314088,7073.60595703125,146150
2021-08-26,7056.981345265578,7108.627048639845,6995.657950004614,7001.5029296875,183243
2021-08-27,7024.020527576762,7277.170902831932,7012.139212617255,7249.1923828125,497367
2021-08-30,7254.36643937505,7419.748074016492,7254.36643937505,7381.6123046875,319952
2021-08-31,7410.54902000878,7531.279454004268,7346.015634931973,7504.8818359375,475968
2021-09-01,7504.45038793053,7598.351835583389,7369.826373693523,7442.12109375,352822
2021-09-02,7478.3882419762695,7659.628003740006,7436.467950133555,7620.15087890625,393057
2021-09-03,7660.633704062596,7693.690847626092,7542.777800923171,7598.20849609375,198454
2021-09-06,7636.487217642204,7709.1651161344835,7598.256007109913,7620.0068359375,212634
2021-09-07,7620.005971952087,7722.914189037922,7580.624765083564,7690.57568359375,240683
2021-09-08,7693.211414256268,7735.658513903945,7612.964004124999,7658.62109375,198064
2021-09-09,7604.100888274417,7649.135255934309,7569.606479003011,7607.59814453125,159693
2021-09-13,7631.8881255795095,7631.8881255795095,7574.397442900944,7612.19775390625,187063
2021-09-14,7636.6788572536625,7639.601113085003,7521.6974942837205,7527.8779296875,168408
2021-09-15,7559.066339532978,7597.393460027504,7464.206716309025,7493.7666015625,235010
2021-09-16,7530.03369292854,7540.525461392005,7406.715996247904,7440.68359375,216078
2021-09-17,7483.370768112614,7509.864298322651,7340.362690373714,7389.32568359375,503207
2021-09-20,7362.640460520888,7406.860285904176,7230.076427891929,7259.1572265625,291081
2021-09-21,7219.871630594507,7366.472872728676,7200.228980504635,7275.15869140625,214916
2021-09-22,7282.057740842718,7349.226120075463,7260.019644263613,7306.68310546875,206063
2021-09-23,7322.539623137409,7375.287600693485,7262.988956335302,7301.02880859375,201988
2021-09-24,7313.772885241994,7322.971487879746,7186.335207561241,7206.93603515625,341258
2021-09-27,7228.111884172186,7350.040038548594,7211.295579021342,7304.09521484375,261520
2021-09-28,7310.802192707473,7462.290227335231,7234.2438644557005,7270.94189453125,403030
2021-09-29,7234.24417615084,7340.937394095682,7128.844592127451,7152.36767578125,490626
2021-09-30,7176.754081427388,7185.281773078899,7062.730885741159,7086.78125,422904
2021-10-01,7086.780851458351,7188.251814559408,7048.549640391542,7170.5732421875,366658
2021-10-04,7182.502332355701,7291.638713657605,7181.544154349784,7201.28271484375,339796
2021-10-05,7186.335229413686,7248.473168269422,7138.522239259393,7151.8408203125,229310
2021-10-06,7185.233522319088,7223.70427723234,7038.775914650321,7055.06494140625,279814
2021-10-07,7111.597710589959,7146.044399714136,7006.150400017809,7047.0166015625,583113
2021-10-08,7067.521256134342,7095.500242177504,7021.528709998977,7028.95458984375,234324
2021-10-11,7090.517488532109,7099.093369125226,7003.994198755387,7023.6845703125,346054
2021-10-12,7008.113840453326,7050.273672143228,6892.174303306094,6946.93408203125,407411
2021-10-13,6959.24751543134,7080.840222314751,6956.3729811416115,7042.9921875,347921
2021-10-14,7128.844979632884,7146.044463468495,7033.027170766851,7086.2060546875,599817
2021-10-18,7215.080738345834,7324.313036376568,6996.041141880551,7089.8466796875,1413642
2021-10-19,7175.795813642606,7175.795813642606,6853.84797102224,6870.23291015625,868388
2021-10-20,6803.064105883941,7004.089672178447,6795.638226050053,6831.42626953125,703897
2021-10-21,6899.696751424249,6904.056274563354,6788.69172679373,6830.8515625,318247
2021-10-22,6859.357079289222,6930.501799126795,6803.064119148382,6850.58984375,330818
2021-10-25,6850.5898951058,6874.87980229946,6713.9536112994865,6850.78125,245401
2021-10-26,6851.1168168646445,6989.909003536413,6850.973183726574,6965.09228515625,372893
2021-10-27,6966.912216007514,7063.688193702021,6931.459630119427,7046.6328125,364657
2021-10-28,7067.521608231575,7186.335691667138,7046.441690202685,7135.216796875,556897
2021-10-29,7152.799144170557,7368.389205448304,7035.901422055513,7316.6953125,659277
2021-11-01,7349.2260518400435,7484.329164396685,7327.81067766058,7449.9306640625,469658
2021-11-02,7461.332907491394,7488.928249785496,7366.856452717483,7390.76318359375,177655
2021-11-03,7435.365774808494,7571.762514131672,7406.764066373965,7557.96484375,388455
2021-11-04,7566.732144381761,7601.130643184422,7532.908645987522,7551.20947265625,32611
2021-11-08,7607.934417579825,7923.175025058888,7516.907494447573,7870.52294921875,825196
2021-11-09,7857.059987199211,7909.807501554489,7802.443838507704,7824.48193359375,253056
2021-11-10,7804.3604020207285,7845.418426007365,7713.333485115637,7767.7578125,209152
2021-11-11,7761.241743936749,7801.341586519158,7670.214834594281,7713.95556640625,125814
2021-11-12,7746.869620038846,7774.464961040287,7670.215375189977,7742.79736328125,180509
2021-11-15,7742.079085455771,7830.758281895636,7695.128358328626,7714.10009765625,119066
2021-11-16,7780.405374290218,7798.610756323656,7527.733648081997,7552.7421875,277983
2021-11-17,7516.907122976628,7616.509922668068,7474.7472869777785,7529.076171875,183623
2021-11-18,7568.648434868701,7598.351954489023,7392.391395009763,7442.83984375,196805
2021-11-22,7472.83076790774,7482.029370951789,7234.819428892526,7333.703125,383629
2021-11-23,7301.316643842229,7392.056291113917,7225.33331263248,7337.6796875,475377
2021-11-24,7406.716318980611,7443.174806601947,7234.2442701557065,7260.40234375,292766
2021-11-25,7244.113325504586,7315.1626022124865,7203.151213860109,7290.5849609375,173989
2021-11-26,7234.243951975007,7281.194674312329,7061.8678221086275,7085.48681640625,265808
2021-11-29,7046.920280737679,7124.005889947954,6900.223131623973,7079.2587890625,382413
2021-11-30,7078.348400227899,7204.540634392866,7040.260823393598,7122.85595703125,547664
2021-12-01,7293.651626342756,7357.610013896405,6986.076459230823,7016.35498046875,509749
2021-12-02,7052.1899618840325,7079.97712341863,6958.2885194567725,7016.92919921875,239691
2021-12-03,7069.8691599212825,7143.2175039545555,6991.010824131214,7025.79296875,401430
2021-12-06,7037.674275371394,7080.552743908604,6899.840266736133,6912.87158203125,173852
2021-12-07,6980.3268418696925,7030.1043769115895,6932.417941101884,6994.12451171875,162646
2021-12-08,7022.486631172205,7146.810227896805,6994.699468898499,7113.4658203125,209590
2021-12-09,7164.105615880899,7200.90002810471,7080.935946441679,7122.9521484375,198582
2021-12-10,7138.4262919081075,7140.1990148278355,7081.222876626121,7129.27587890625,144726
2021-12-13,7199.749716986612,7224.566434390045,7082.947908708716,7104.36328125,220084
2021-12-14,7099.141245850975,7146.954237468258,7030.248336915737,7077.486328125,210516
2021-12-15,7105.848965904405,7105.848965904405,7023.445647259882,7063.06640625,113049
2021-12-16,7104.69828260168,7128.844556145676,7063.49662723686,7103.6923828125,140591
2021-12-17,7100.8656898671525,7100.8656898671525,6996.616105405156,7030.48779296875,279606
2021-12-20,6965.954177517305,6965.954177517305,6740.974166465979,6861.369140625,285814
2021-12-21,6935.292462629144,7066.562850495985,6879.814049212237,7020.90576171875,241099
2021-12-22,7013.863543219864,7114.472241585723,7006.629485862476,7068.71923828125,158971
2021-12-23,7123.86214447162,7123.86214447162,6994.652205716084,7033.60205078125,210152
2021-12-24,7054.106745767042,7138.426413469772,6900.702347658524,6922.64453125,270337
2021-12-27,6917.08701341204,6989.908541742739,6872.3399134646925,6942.04736328125,142927
2021-12-28,6970.745552735014,7106.806840499738,6970.745552735014,7096.36279296875,185895
2021-12-29,7076.144621902229,7148.007972835562,7065.31739750575,7110.59130859375,219901
2021-12-30,7110.591689953559,7181.448677057858,7071.45002247386,7087.8349609375,243710
2021-12-31,7138.426324432492,7339.164621743714,7111.070528816565,7273.5771484375,258372
2022-01-03,7282.1538918840015,7425.880613434344,7253.456269336948,7400.8720703125,250533
2022-01-04,7424.921630999194,7447.774270822311,7293.363973268366,7330.3974609375,315188
2022-01-05,7330.541078245741,7444.0851757259215,7277.362197147429,7339.21240234375,400874
2022-01-06,7320.0488780507985,7377.9232061109515,7114.519687917307,7146.61865234375,403448
2022-01-07,7152.89537518585,7262.98994449269,7127.9345551484985,7241.8623046875,543512
2022-01-10,7272.571573632098,7299.017382017383,7207.702730949749,7267.92431640625,213126
2022-01-11,7291.447144256295,7358.231868587691,7244.975512336517,7288.18896484375,234296
2022-01-12,7343.284771279232,7405.758167443608,7291.63906782385,7338.3984375,297378
2022-01-13,7359.765947099911,7396.751715136,7237.933695902591,7288.6689453125,274893
2022-01-14,7314.731457575548,7377.971210811072,7250.437614880688,7340.1708984375,250253
2022-01-17,7315.6892821147085,7613.682650384214,7186.43115903226,7540.95703125,1216949
2022-01-18,7480.496568253686,7563.858064531139,7205.499448349906,7239.89794921875,565178
2022-01-19,7282.057475690478,7282.057475690478,7045.4834019904965,7123.47900390625,439305
2022-01-20,7157.590121590567,7243.39477987994,7085.726766956123,7153.2783203125,249483
2022-01-21,7119.262750484173,7142.881745310409,7005.239565113027,7049.9384765625,207851
2022-01-24,7052.190491370878,7056.981381650341,6792.188782332295,6856.72216796875,319304
2022-01-25,6822.228349856553,6854.71049519741,6707.246973173577,6801.48388671875,467078
2022-01-27,6841.390581392103,6851.259627159503,6659.336770402677,6803.734375,418032
2022-01-28,6823.090121930692,6962.50503105112,6797.315225431707,6812.50244140625,511605
2022-01-31,6888.2462942502025,6975.105043485242,6867.837288324401,6914.59619140625,250406
2022-02-01,6959.4389935323925,7220.350689164363,6932.610008156956,7201.90576171875,731348
2022-02-02,7255.9954652262695,7258.1990877061,7114.472373098059,7129.80322265625,324627
2022-02-03,7148.966292317823,7171.96256507156,7043.566708863198,7066.8984375,167162
2022-02-04,7079.977652402605,7214.98484685645,7071.497683038979,7128.50927734375,462491
2022-02-07,7128.509210031212,7204.493009834456,7054.585867316231,7156.96728515625,391483
2022-02-08,7163.291715206177,7185.377533147904,7048.16624282375,7110.97509765625,270604
2022-02-09,7125.011507197871,7232.23153030889,7111.070204639248,7190.21533203125,253643
2022-02-10,7200.420800334467,7233.23839864202,7148.29553997519,7161.90185546875,284223
2022-02-11,7148.103797104895,7148.103797104895,6989.046248977331,7017.3125,265177
2022-02-14,6939.604536687973,6939.604536687973,6755.155261808797,6792.6201171875,266661
2022-02-15,6803.06417707498,7012.378359920825,6736.997613168953,6985.4052734375,255775
2022-02-16,6980.326843525477,7013.863074070898,6867.214115929994,6878.6640625,322839
2022-02-17,6846.181261939448,6922.83549580301,6735.990800760576,6751.27392578125,499955
2022-02-18,6754.197652034066,6769.384868997374,6611.429110375238,6627.3349609375,510600
2022-02-21,6611.42915416184,6623.4541026531415,6506.987737088849,6528.4990234375,424346
2022-02-22,6432.249287025654,6486.86543619301,6396.94033210591,6467.2705078125,359236
2022-02-23,6496.447825664255,6578.851146166781,6453.329809122236,6496.6396484375,506540
2022-02-24,6347.83364328394,6371.0694608991125,6128.69860488305,6150.01806640625,610393
2022-02-25,6276.066619837049,6378.256221685674,6247.321276540086,6295.4697265625,376464
2022-02-28,6264.568342165476,6325.891739825095,6170.8105226403695,6293.2177734375,557289
2022-03-02,6265.525769027601,6265.525769027601,6076.764708238728,6131.71630859375,686927
2022-03-03,6147.670404002981,6167.93577630445,5715.388467842209,5730.57568359375,2406110
2022-03-04,5700.920509834788,5911.959249662699,5606.108593719121,5797.26513671875,1336552
2022-03-07,5681.324409673148,5681.324409673148,5446.906264564199,5459.7939453125,1280108
2022-03-08,5395.5005549554,5629.2959972230465,5393.776021623804,5589.48388671875,955847
2022-03-09,5643.668800984263,5805.361349399559,5577.7463372782095,5765.69287109375,813790
2022-03-10,5942.620307879669,5999.34463598262,5753.427863432898,5799.42041015625,967482
2022-03-11,5790.270348214842,5864.002341298958,5729.9051269774545,5769.1904296875,533023
2022-03-14,5796.977690370353,5814.128985336722,5706.956667852584,5783.46728515625,466938
2022-03-15,5840.909370559009,5913.874530633693,5722.286655155108,5769.42919921875,819263
2022-03-16,5873.631855800964,6053.002986404498,5825.722949962457,6042.17529296875,888929
2022-03-17,6113.511647395977,6198.933130230114,6074.849068036004,6107.0439453125,979987
2022-03-21,6103.5941498523625,6103.5941498523625,5917.755330782959,5932.31982421875,531422
2022-03-22,5902.376766881081,5965.472884819896,5805.69669555408,5951.81884765625,1073804
2022-03-23,6048.498712367724,6048.498712367724,5935.960517498022,5973.28173828125,664235
2022-03-24,5942.620055718572,6112.744375329157,5940.703699686414,6086.203125,642226
2022-03-25,6117.967005610125,6123.380618158909,6021.2387418463395,6048.69091796875,321023
2022-03-28,6079.639894364592,6127.5010764218305,5983.869808490454,6093.96484375,325668
2022-03-29,6110.30196528225,6274.150426324004,6109.3437871475035,6253.6455078125,671879
2022-03-30,6268.880018744142,6389.897721759313,6268.880018744142,6364.8896484375,705385
2022-03-31,6381.465771204547,6418.834714909799,6305.769705750319,6326.1787109375,399272
2022-04-01,6326.849963832102,6409.109646893048,6290.486917968054,6391.57470703125,216837
2022-04-04,6354.636902113578,6475.798705100955,6345.055121501224,6461.85693359375,268314
2022-04-05,6486.865321660627,6530.941511438528,6400.67701993991,6444.84912109375,412049
2022-04-06,6419.793108472353,6507.945491454362,6410.2113277134395,6454.43115234375,297453
2022-04-07,6415.960796885681,6512.25769952711,6415.960796885681,6454.91064453125,234000
2022-04-08,6514.6527098359575,6563.519791495265,6441.687543244186,6551.0634765625,309692
2022-04-11,6548.812110202178,6629.155440558365,6515.611331328595,6571.904296875,359038
2022-04-12,6563.519648500619,6571.903706445783,6440.6810352341645,6492.18310546875,385829
2022-04-13,6467.701776561542,6553.937800249029,6414.235629019448,6448.5859375,386535
2022-04-18,6367.5725908358945,6410.115605086116,6295.277865736942,6361.91943359375,240392
2022-04-19,6419.7925058687615,6481.355441466085,6233.953698349512,6310.27294921875,353426
2022-04-20,6311.518627910408,6542.199986597129,6310.273183626546,6522.46142578125,328054
2022-04-21,6544.356077808917,6598.972226628112,6523.276160720806,6560.166015625,181457
2022-04-22,6515.610888770907,6525.1449477302485,6429.470773681145,6462.048828125,237385
2022-04-25,6414.043838366578,6432.296942994296,6282.437990208358,6319.23193359375,227496
2022-04-26,6400.629453324722,6414.235768947499,6338.34787930285,6381.65771484375,279555
2022-04-27,6300.020494024931,6352.576652098489,6262.699272927589,6274.5810546875,327597
2022-04-28,6322.058647764375,6357.511234907037,6277.072002070283,6340.21630859375,243308
2022-04-29,6340.647766864577,6512.7366499513355,6247.5131347699835,6352.96044921875,1139560
2022-05-02,6331.257565481467,6448.538468725436,6269.26325665432,6399.67138671875,329548
2022-05-04,6399.67112711476,6428.03329066177,6229.1154360492665,6249.189453125,228457
2022-05-05,6285.6476677170795,6320.04616427779,6074.848508129006,6089.89208984375,344367
2022-05-06,6036.521982578372,6036.521982578372,5902.377049632187,5940.89599609375,499910
2022-05-09,5916.749664123284,6012.471561068763,5859.258979127754,5964.275390625,355285
2022-05-10,5951.100272024489,6154.809020279737,5941.230757332548,6100.19287109375,359456
2022-05-11,6103.546323709943,6167.312884403449,5950.237839051425,6075.04052734375,217452
2022-05-12,6036.521308116436,6036.521308116436,5823.422617732141,5926.76220703125,323730
2022-05-13,6006.243134994982,6029.62258560915,5885.8958795461895,5937.39794921875,319217
2022-05-16,5935.6254728749245,5935.6254728749245,5577.554165373446,5761.33251953125,685657
2022-05-17,5761.332818309985,5869.655128075338,5730.287942919727,5852.31201171875,637179
2022-05-18,5906.209077977742,6016.399545850461,5873.678748361615,5973.0419921875,371945
2022-05-19,5872.6734745633585,5918.091022155304,5796.977405956652,5818.63232421875,259111
2022-05-20,5907.16775677759,5907.16775677759,5810.583595197788,5872.337890625,374540
2022-05-23,5915.790815264569,5963.69971399525,5653.250050220433,5668.8681640625,528566
2022-05-24,5699.1955219509755,5708.441846889625,5589.675486232021,5622.63671875,458962
2022-05-25,5647.501320893382,5728.946453617498,5536.592213683778,5549.958984375,571568
2022-05-26,5577.554653502973,5669.539750004655,5468.082806885088,5628.57763671875,512954
2022-05-27,5658.041991777041,5726.551729696103,5639.884328638938,5699.24365234375,290626
2022-05-30,5749.068407862971,5899.262820018392,5716.058986277004,5847.42529296875,330562
2022-05-31,5854.467852035355,5883.213193371043,5792.234000899438,5828.2138671875,431470
2022-06-01,5825.722793782808,5844.599089321297,5701.1596419420575,5725.73681640625,268629
2022-06-02,5716.490485389518,5772.017092853543,5658.999799984997,5756.59033203125,320094
2022-06-03,5859.258879726507,5859.258879726507,5375.3789558897315,5441.349609375,2216480
2022-06-06,5442.450921889086,5495.150710745406,5341.842234072475,5347.9267578125,999722
2022-06-07,5327.470161421458,5343.088277088662,5183.743448433469,5322.87109375,1203977
2022-06-08,5348.501881751956,5378.5403878058405,5269.979007397591,5300.4970703125,605175
2022-06-09,5293.934290680151,5303.5160722017445,5217.280038507407,5252.63671875,375314
2022-06-10,5227.7234692540305,5304.186357480201,5182.785012798328,5280.56689453125,493489
2022-06-13,5203.864736660499,5222.070118725782,5113.796004337522,5132.14501953125,441354
2022-06-14,5126.252541763534,5268.062892451572,5101.339912588609,5201.5654296875,610906
2022-06-15,5213.351015455693,5244.635436156945,5175.119803683029,5226.046875,286759
2022-06-16,5250.816139525706,5256.565208291609,5056.3537013748355,5083.37451171875,732233
2022-06-17,5078.344033024273,5081.170845620781,4941.37228370637,4960.775390625,819352
2022-06-20,4962.403811529089,5123.8090811316315,4945.922962952569,5110.25048828125,506142
2022-06-21,5131.043511627913,5205.78140031269,5041.980673801069,5192.27099609375,292408
2022-06-22,5174.16125415607,5200.990238436879,5097.507013353757,5183.6953125,214821
2022-06-23,5200.990701149265,5268.925434532139,5133.965956240664,5184.03076171875,296712
2022-06-24,5222.070022192898,5279.560701336306,5207.889175148329,5239.6044921875,265862
2022-06-27,5279.561025913572,5348.549845126961,5258.5288306897855,5327.70947265625,226613
2022-06-28,5327.469753768337,5351.424204100029,5250.815512706922,5339.6865234375,278114
2022-06-29,5310.22274500929,5411.789618154541,5290.196917366877,5383.33154296875,490615
2022-06-30,5393.584154392076,5412.74771507565,5303.515419179275,5372.79150390625,572821
2022-07-01,5365.796996414564,5461.375255413199,5255.606522381051,5453.662109375,329610
2022-07-04,5442.354850829016,5504.732329017098,5396.554131911003,5470.28564453125,165959
2022-07-05,5471.675749799445,5521.980097381,5461.950336172419,5490.3125,307970
2022-07-06,5509.522994850972,5600.453985141756,5488.682625261754,5584.30859375,371948
2022-07-07,5610.132685620003,5626.373991298961,5529.885271030647,5594.658203125,261593
2022-07-08,5606.2996859884415,5709.735192069942,5562.798496746658,5594.8974609375,410980
2022-07-11,5576.596463039672,5623.547189274886,5538.844340006293,5609.4140625,189671
2022-07-12,5579.566860426731,5592.454074861567,5490.3603877792175,5537.16748046875,171919
2022-07-13,5540.185939669508,5638.878286917166,5529.023258043191,5556.42724609375,263686
2022-07-14,5557.432580736838,5607.210116599826,5444.607117567569,5495.19873046875,285686
2022-07-15,5480.778771223488,5588.0947191915,5462.5733871932,5564.18798828125,255753
2022-07-18,5588.094220718244,5740.444526118485,5568.355659905637,5732.2041015625,512929
2022-07-19,5744.181161044793,5841.0053280275015,5732.44348062159,5831.32763671875,555572
2022-07-20,5855.42610866868,5888.004162619708,5822.848054717651,5834.34619140625,371187
2022-07-21,5868.840931996164,5891.980839813096,5783.563080086342,5874.302734375,328612
2022-07-22,5874.5893530392705,6223.366147119566,5843.975378612531,6188.58447265625,1441549
2022-07-25,6083.4724474779605,6177.182073747473,5998.242322673837,6115.95458984375,919050
2022-07-26,6122.2784928649435,6191.794121458704,6043.420628524186,6132.00390625,549442
2022-07-27,6123.044806253765,6277.024201015556,6099.665356167651,6262.02880859375,424070
2022-07-28,6285.647672397141,6285.647672397141,6175.457202530423,6200.609375,462464
2022-07-29,6266.197162341389,6302.176560869159,6218.5755262519815,6271.08349609375,360851
2022-08-01,6312.429622389111,6385.29887999641,6285.696079020372,6379.21435546875,414339
2022-08-02,6387.116864459717,6450.864105362395,6355.459930514639,6409.71484375,274658
2022-08-03,6422.91686196092,6451.82721542811,6277.449411880057,6362.8798828125,266360
2022-08-04,6406.534923629922,6442.5284111503415,6312.09442686161,6348.76220703125,275815
2022-08-05,6348.762413598674,6552.050596117936,6348.762413598674,6529.115234375,741250
2022-08-08,6509.648485910268,6529.1149804818615,6405.571204418291,6435.30078125,313912
2022-08-10,6480.111547362737,6497.216840557656,6341.534298193968,6356.0859375,271291
2022-08-11,6389.28527902084,6413.232785212102,6334.837440685444,6357.48388671875,303393
2022-08-12,6355.459662770074,6370.059297833093,6278.365383312666,6321.05615234375,269932
2022-08-16,6352.665661749394,6436.409236247723,6321.779480930632,6414.24462890625,270299
2022-08-17,6466.282816697647,6479.53339624006,6354.5441049924375,6369.7705078125,341063
2022-08-18,6369.047155958396,6466.523134280526,6369.047155958396,6460.4521484375,300992
2022-08-19,6480.738165172172,6536.535058388362,6366.060419201095,6406.10107421875,641293
2022-08-22,6413.280542586732,6424.700227143694,6210.956049347072,6232.5908203125,345960
2022-08-23,6210.907749918268,6341.004343593824,6172.4570730078285,6259.47705078125,379309
2022-08-24,6217.750599931046,6296.386865406977,6217.750599931046,6271.95751953125,223101
2022-08-25,6292.821024542674,6366.06059542556,6220.159754907572,6239.86669921875,470687
2022-08-26,6271.090100493942,6331.368004925107,6235.963829508427,6280.4375,415698
2022-08-29,6169.4694821770545,6341.00424753593,6169.4694821770545,6269.98095703125,366457
2022-08-30,6301.349465255696,6447.009381308616,6288.002423473649,6435.30078125,467147
2022-09-01,6388.224781497362,6514.466665096117,6365.096497479269,6391.59765625,386222
2022-09-02,6398.824627042949,6424.506562498594,6307.275178312666,6338.5947265625,268505
2022-09-05,6336.186435170773,6379.4075120355055,6260.441207403072,6285.0634765625,385312
2022-09-06,6302.456932323339,6317.875787203641,6221.5559399048125,6259.5732421875,341220
2022-09-07,6225.362941941491,6551.086266148337,6197.4162661959335,6524.8740234375,918604
2022-09-08,6595.415686320723,6686.965144269359,6533.740262018483,6668.31787109375,879685
2022-09-09,6678.291761664129,6773.695929687902,6518.465594153461,6537.25732421875,567059
2022-09-12,6537.258064130961,6649.382160320382,6495.193588486866,6620.08642578125,488043
2022-09-13,6648.418038163298,6716.453835054717,6606.016183738137,6645.81591796875,412295
2022-09-14,6543.376778641194,6711.442208861133,6514.5628866412335,6626.01220703125,543948
2022-09-15,6658.055043706963,6673.473900372083,6512.6840416019,6543.42529296875,437578
2022-09-16,6543.425119714615,6571.0828813438275,6216.690107064936,6245.98583984375,831639
2022-09-19,6162.72410418531,6275.426494746925,6017.786949620659,6225.21875,808807
2022-09-20,6256.875081127726,6324.95886755881,6223.387255950435,6249.1171875,373825
2022-09-21,6263.91041841962,6295.66381406684,6067.849834104624,6084.42529296875,616165
2022-09-22,6071.174893418846,6133.669541788114,6003.717394603082,6012.77587890625,492098
2022-09-23,6032.627403870241,6055.707692140246,5904.602621166098,5916.93798828125,570526
2022-09-26,5897.664151630436,6013.353561988383,5786.889124958372,5952.73828125,497458
2022-09-27,5982.5156496233485,6046.070429834809,5905.421375787996,5967.916015625,467962
2022-09-28,5926.622648491141,6049.636112281084,5890.05086197834,5948.7392578125,378895
2022-09-29,5992.1524991257675,6035.373570974744,5921.803973484697,5951.58154296875,407574
2022-09-30,5948.016422627169,6095.266304176006,5947.823498715306,6027.9052734375,442887
2022-10-03,6058.068431512955,6124.465786089041,6002.946303611321,6015.81103515625,337932
2022-10-04,6118.298887277931,6150.052284940041,6052.045984417535,6078.45068359375,307268
2022-10-06,6109.721736575013,6135.5965986064875,6030.218259718949,6058.8876953125,495617
2022-10-07,6071.174664503909,6078.113338053231,5910.625729266687,5978.1796875,454883
2022-10-10,5932.598312902128,5949.028844612483,5897.712959790774,5926.52685546875,282642
2022-10-11,5956.159303084097,5979.624968180462,5840.4698897827975,5856.033203125,276525
2022-10-12,5863.983708809645,5965.169951936187,5837.771465228881,5953.31689453125,223353
2022-10-13,5947.823860936426,5990.225716069479,5879.402685608091,5957.2197265625,314360
2022-10-14,6032.627304826288,6032.627304826288,5944.932562855171,5967.09716796875,249291
2022-10-17,5945.896589170753,6053.635661676646,5861.285801614632,6043.7099609375,453912
2022-10-18,6075.992499775352,6209.943801515047,6061.778242936069,6116.22607421875,558284
2022-10-19,6117.527647415212,6211.871679496285,6023.087153373848,6166.00048828125,919146
2022-10-20,6109.721982690161,6180.070516560253,6049.010234281725,6073.39111328125,476962
2022-10-21,6086.207748051653,6187.779363158581,6086.207748051653,6131.78955078125,307899
2022-10-24,6206.089778660752,6209.944492808989,6138.969662663816,6162.3388671875,56532
2022-10-25,6186.815992627948,6238.854631818276,6155.2075259307985,6182.67236328125,313500
2022-10-27,6238.854398301514,6238.854398301514,6140.559194621138,6203.00537109375,248556
2022-10-28,6208.016794508277,6234.999792062798,6173.806208323079,6211.72705078125,151834
2022-10-31,6242.806343675671,6486.424102060429,6220.304354577567,6471.0537109375,538107
2022-11-01,6498.999521895538,6601.197434098423,6474.184801614074,6573.154296875,429855
2022-11-02,6577.153543432472,6625.289471154071,6480.785696579322,6533.6435546875,255634
2022-11-03,6485.604061923936,6537.594703303236,6427.783354052739,6483.86962890625,217701
2022-11-04,6513.502684925358,6707.202054605784,6491.145156524891,6642.68359375,646411
2022-11-07,6673.473992432849,6763.096098035196,6618.544314805604,6720.21240234375,353341
2022-11-09,6745.749367960998,6803.5700768292345,6608.907023639503,6652.75439453125,312745
2022-11-10,6644.562973084619,6644.562973084619,6543.376734915819,6554.26611328125,330402
2022-11-11,6591.512774209829,6676.171551813428,6540.919654265305,6565.734375,293195
2022-11-14,6596.379504254616,6646.972626821946,6571.709239903031,6605.43798828125,484476
2022-11-15,6630.10808504397,6745.7495051319465,6617.628260241019,6711.5869140625,625270
2022-11-16,6733.173692669927,6779.478256437514,6619.314701307911,6660.94580078125,307352
2022-11-17,6681.1827498522225,6706.816690946312,6601.293899786811,6622.25390625,196795
2022-11-18,6649.381470069419,6687.061392509038,6516.393840668031,6566.93896484375,296995
2022-11-21,6562.457758281643,6626.1090064771015,6495.723021168198,6509.50390625,249498
2022-11-22,6509.74475788262,6665.764213604617,6495.722953318711,6594.5,393509
2022-11-23,6627.409829040987,6653.718063319256,6554.314722243982,6576.18994140625,258946
2022-11-24,6596.282780573417,6639.744774439863,6582.8877437153415,6611.02734375,297230
2022-11-25,6653.236037173589,6690.819496827379,6601.197400729879,6624.32568359375,377893
2022-11-28,6624.325809699032,6673.37694976404,6613.725346517959,6641.9609375,239438
2022-11-29,6649.381718764964,6750.567962311387,6644.563326215134,6677.23193359375,336266
2022-11-30,6695.638112183394,6837.2988494446145,6654.247933044059,6819.95263671875,489956
2022-12-01,6842.11730537488,7033.889325624119,6779.526198989649,7009.79736328125,1086727
2022-12-02,7010.760750378606,7033.889033266453,6898.974049754012,6974.18896484375,442739
2022-12-05,6996.305504549258,7020.397465653078,6897.528464023597,6937.1357421875,235887
2022-12-06,6924.077652619007,7009.508123570238,6880.664126704674,6979.00732421875,312838
2022-12-07,6991.487278999598,7029.937955728703,6886.446326082857,6902.05810546875,324940
2022-12-08,6937.520982957273,6957.37285262545,6894.155453823633,6918.29541015625,262827
2022-12-09,6939.642064031487,6960.746529867863,6784.296895756775,6820.33837890625,211582
2022-12-12,6831.517215264127,6903.745110533524,6716.983925918029,6887.26611328125,260579
2022-12-13,6919.1632813474225,6979.923019454615,6895.312239689062,6962.86572265625,285708
2022-12-14,6982.717973182823,7014.567830045626,6914.393261405826,6936.1240234375,226179
2022-12-15,6936.12332330757,6955.396891428739,6830.552542142305,6855.51171875,241610
2022-12-16,6849.874219484457,6904.5629699346,6739.147662902551,6759.3369140625,285180
2022-12-19,6786.994456503808,6855.993928213151,6755.3859912965045,6818.98876953125,251219
2022-12-20,6832.480025733481,6866.25676627413,6751.145660862179,6840.189453125,488123
2022-12-21,6871.509437771628,6893.481119012706,6674.437187575387,6698.240234375,388167
2022-12-22,6727.439320971256,6834.407629899462,6610.834227454923,6757.69873046875,338708
2022-12-23,6717.755126326092,6731.294621634321,6625.38644388706,6658.4404296875,289661
2022-12-26,6659.981455183042,6846.838603753608,6615.025951710973,6817.06103515625,328414
2022-12-27,6842.11747879468,6905.67226528448,6785.260446224415,6849.05615234375,295144
2022-12-28,6848.284798051205,6897.528863508711,6771.0940560946765,6797.59521484375,260015
2022-12-29,6774.7078310606175,6779.8636051298945,6654.200023203533,6728.59619140625,449116
2022-12-30,6745.749443557014,6796.872399335802,6697.806438583162,6706.28662109375,232317
2023-01-02,6726.379115947966,6784.248289171486,6697.661686369639,6763.04736328125,212580
2023-01-03,6774.611347908737,6783.332449456964,6707.249849406638,6739.58154296875,188315
2023-01-04,6745.749499353765,6805.497566348041,6730.186185689485,6750.9052734375,319221
2023-01-05,6760.156549330834,6786.416787941275,6692.74705135824,6752.4951171875,236570
2023-01-06,6752.495229918488,6774.5633733952645,6698.529234074984,6728.59619140625,160184
2023-01-09,6784.296834683186,6807.425119346879,6748.544267197996,6779.333984375,298470
2023-01-10,6793.885136228627,6793.885136228627,6638.925357785372,6668.94384765625,263888
2023-01-11,6695.638131378489,6777.550802818784,6670.582490702634,6766.90234375,295408
2023-01-12,6769.793558194871,6906.635907042429,6769.793558194871,6893.52978515625,566492
2023-01-13,6914.392657371838,6994.377966160948,6878.73655586344,6985.6083984375,462134
2023-01-16,7005.942698128132,7068.340881030992,6986.910047744634,7020.25341796875,440500
2023-01-17,7015.579023612213,7120.619973278934,6999.052032521579,7109.68212890625,385734
2023-01-18,7105.202011851837,7114.83879743688,7005.943120325899,7018.90478515625,447736
2023-01-19,6996.305413626651,6996.305413626651,6925.041205389241,6950.38623046875,412001
2023-01-20,6950.386514146286,7001.124091533167,6890.3010673726285,6916.46484375,353292
2023-01-23,6866.209039549231,6923.981751546064,6581.92389335035,6600.95654296875,998103
2023-01-24,6632.035585295735,6647.117060048736,6536.246034363059,6562.36181640625,444188
2023-01-25,6558.747613834955,6582.7431134191675,6429.662695687351,6461.560546875,509299
2023-01-27,6489.411278499826,6552.05038350465,6364.229530453263,6471.6796875,635582
2023-01-30,6501.939051014426,6653.188584728177,6401.282640196517,6637.52880859375,699269
2023-01-31,6673.473024916055,6841.153069152213,6642.201472125986,6828.19140625,593220
2023-02-01,6827.662297588466,6976.068789307396,6728.018032972129,6882.013671875,648015
2023-02-02,6842.117302629334,7044.48978622823,6750.615841469377,6907.31005859375,647192
2023-02-03,6923.982003107761,6962.577138682277,6871.991359992155,6928.07763671875,364197
2023-02-06,6896.37211301071,6945.953558987814,6854.452099162287,6868.37744140625,314446
2023-02-07,6895.071649705219,6943.3035702572515,6796.005217894891,6814.94140625,295067
2023-02-08,6855.608693060821,7028.829899495694,6855.608693060821,6987.00634765625,559696
2023-02-09,6986.669610737883,6986.669610737883,6899.938539708033,6918.97119140625,334529
2023-02-10,6914.393399778696,6964.4082209933,6887.458396853082,6944.3154296875,407822
2023-02-13,6952.94027540035,6986.669022405064,6895.119566249412,6918.48876953125,323236
2023-02-14,6953.084652512125,6967.298910013725,6866.738967071149,6879.8935546875,328419
2023-02-15,6878.737430744298,6916.320893871089,6791.668980391335,6892.08447265625,404971
2023-02-16,6926.583135030666,6932.509663233217,6849.826242614251,6911.2607421875,264069
2023-02-17,6915.356450292343,7124.763586021574,6915.356450292343,7032.78076171875,1063293
2023-02-20,7035.816670785616,7219.879262775762,7035.816670785616,7157.095703125,713498
2023-02-21,7174.393166332465,7213.133228402856,7055.0899619421925,7073.9296875,399493
2023-02-22,7060.872385578575,7065.546320423447,6930.775787782327,6944.0263671875,402548
2023-02-23,6978.766633979944,7002.08784143356,6882.688171772677,6916.2724609375,286748
2023-02-24,6950.868357056862,6978.766566478262,6905.62346460286,6954.57861328125,206602
2023-02-27,6957.7583992780665,6972.213576007869,6877.243253111516,6925.61962890625,295092
2023-02-28,6921.186588691491,7019.385798688038,6902.057947992376,6997.55810546875,429256
2023-03-01,6964.504547184859,7077.254932133057,6957.7587976580435,7009.94189453125,317216
2023-03-02,7009.9416691559645,7063.763205973735,6989.41550590276,7024.4453125,180178
2023-03-03,7063.763300105709,7083.036869819504,6927.161874759191,6953.85595703125,408754
2023-03-06,6980.8870292047195,6991.969331915357,6929.812068886132,6939.0634765625,154817
2023-03-08,6952.892283847201,7018.904260167282,6926.246197260653,7003.29248046875,237790
2023-03-09,7003.05127844546,7036.057265274518,6945.327033545618,6979.875,158808
2023-03-10,6938.484764555851,6979.874941751751,6877.194721693052,6963.92578125,154319
2023-03-13,6962.576985761132,6994.378375453883,6798.558721006134,6818.603515625,176576
2023-03-14,6822.843804887962,6856.572552510996,6737.076418075105,6807.376953125,210976
2023-03-15,6867.172724932225,6926.920789617294,6824.963796486062,6842.83984375,265536
2023-03-16,6876.423835741736,6890.107786993756,6819.036503437307,6846.5498046875,459814
2023-03-17,6899.11902353507,7043.429882766576,6899.11902353507,7025.16845703125,383505
2023-03-20,7010.760998630585,7019.8194823065305,6840.189906292769,6980.1162109375,520041
2023-03-21,6979.923297525267,7092.6736807657,6974.237688548011,7085.68701171875,350524
2023-03-22,7092.673951909843,7178.537802692331,7085.92820222732,7127.99267578125,381601
2023-03-23,7103.274215465569,7193.859994363109,7091.180238522706,7138.88232421875,232908
2023-03-24,7135.076040114273,7161.288285098153,7061.402626170962,7136.666015625,228994
2023-03-27,7137.966557368884,7211.639965961424,7123.945223593317,7179.59765625,251626
2023-03-28,7212.170487329494,7239.057025582161,7100.721153745029,7134.208984375,249783
2023-03-29,7150.301584395818,7323.9566392447905,7131.220938212034,7295.76904296875,445346
2023-03-31,7299.961359273471,7366.647631519229,7272.929894058704,7345.30224609375,378456
2023-04-03,7392.281082947352,7455.980323936792,7304.77926607165,7362.9853515625,360584
2023-04-05,7299.864507741136,7419.986936521669,7299.864507741136,7412.56689453125,233489
2023-04-06,7410.687249899182,7449.23438774001,7390.305544875067,7422.10693359375,227682
2023-04-10,7422.107631414332,7489.709586649342,7389.487018840345,7416.7109375,226983
2023-04-11,7434.77907204836,7510.861672157694,7434.77907204836,7460.2685546875,354799
2023-04-12,7468.507787071665,7510.909637733749,7396.231905261294,7403.796875,264416
2023-04-13,7425.190707266492,7467.544564813057,7351.373311905144,7377.19970703125,292568
2023-04-17,7377.199955390641,7539.820704872653,7367.370246314601,7461.23291015625,488286
2023-04-18,7496.455177743432,7496.455177743432,7295.0463678516235,7319.42724609375,437232
2023-04-19,7328.774487068852,7356.721161641502,7206.8691652260895,7242.91064453125,341302
2023-04-20,7297.551939719394,7323.95663664227,7175.164769607082,7204.267578125,263429
2023-04-21,7227.636526666307,7244.40490849504,7072.6772167809495,7091.22802734375,388408
2023-04-24,7083.036951890657,7187.114229551091,7043.092289977525,7170.2978515625,513771
2023-04-25,7185.090218451939,7234.768125964038,7155.601563127519,7168.9970703125,285446
2023-04-26,7192.896410760509,7208.315266946491,7034.853134854196,7186.05419921875,230254
2023-04-27,7188.077533600624,7235.297777486725,7166.780145820321,7228.45556640625,205177
2023-04-28,7239.15278132649,7303.719239839386,7217.951854650614,7281.74755859375,457487
2023-05-02,7271.436060538335,7306.610325492235,7169.767979644187,7185.76513671875,544731
2023-05-03,7250.716954153259,7268.063166962238,7164.419733647043,7234.52734375,384431
2023-05-04,7241.754821164506,7255.5352351325855,7213.181377956227,7229.7568359375,232203
2023-05-05,7246.862415258995,7390.354051685943,7232.889076825317,7351.71044921875,319654
2023-05-08,7352.866733425063,7472.362863824107,7343.229948715462,7454.48681640625,295156
2023-05-09,7477.133145011767,7538.8565619051715,7408.278131106482,7435.98388671875,289797
2023-05-10,7478.1451770246495,7492.600354557559,7441.525393941281,7461.95556640625,234884
2023-05-11,7507.055118457641,7570.4649721897085,7468.604442447935,7550.8544921875,320219
2023-05-12,7555.191434802906,7632.333710412546,7412.422088770334,7423.16748046875,246799
2023-05-15,7448.174369844365,7492.6000410458355,7436.224851026392,7479.060546875,183594
2023-05-16,7487.781865445275,7521.847994167564,7405.869193815565,7419.07177734375,250490
2023-05-17,7436.706502422685,7478.096679533064,7375.0310824207345,7420.7578125,205629
2023-05-18,7463.496849525446,7485.709920655932,7310.946735466904,7327.95556640625,157714
2023-05-19,7359.612454773292,7409.868192733783,7309.597636429626,7402.30322265625,138709
2023-05-22,7376.958756081881,7456.94406983169,7372.140363687314,7435.40576171875,139603
2023-05-23,7396.232657459499,7470.821280964257,7348.337646690454,7376.236328125,149291
2023-05-24,7372.140456046457,7404.857529033903,7314.367742293363,7375.80224609375,160565
2023-05-25,7366.646775830784,7389.582604610623,7318.462854712766,7344.916015625,257361
2023-05-26,7391.414520445957,7468.508804883464,7356.625630484298,7441.38134765625,252078
2023-05-29,7468.508628333547,7572.2969945225295,7454.053450343224,7555.76953125,210769
2023-05-30,7579.331344603544,7680.517586330609,7555.817683492387,7614.939453125,414785
2023-05-31,7608.24172058304,7639.51327597476,7497.274235955709,7584.19775390625,1137662
2023-06-01,7585.112931696033,7611.903003863964,7526.1356234903205,7557.93701171875,184642
2023-06-02,7575.476607884337,7658.786801541235,7542.181704282107,7565.50244140625,248325
2023-06-05,7610.168555344158,7637.151551361587,7579.330845609954,7595.71337890625,186015
2023-06-06,7601.495758701733,7825.069163369431,7601.495758701733,7814.99853515625,635244
2023-06-07,7839.621431938549,7875.084614205033,7788.979842029759,7861.30419921875,298650
2023-06-08,7873.25346807396,7915.607327029488,7792.304472808572,7805.9404296875,349085
2023-06-09,7861.689289331517,7919.2210846317475,7813.69828772297,7857.11181640625,325814
2023-06-12,7864.09867741323,7906.982372180081,7808.060864765329,7900.814453125,195134
2023-06-13,7914.209396660574,8016.166390075815,7913.486637811564,7975.69189453125,249199
2023-06-14,8007.156223962647,8063.049573913383,7976.1255897370675,8054.71337890625,289643
2023-06-15,8075.625844569157,8121.882412652609,8007.20467094572,8030.52587890625,406197
2023-06-16,8061.122526643986,8125.881909016882,8004.168563558156,8030.57373046875,356982
2023-06-19,8054.424716719384,8109.932220598707,7953.142485148727,7968.271484375,187488
2023-06-20,7967.693763265888,7990.244216391287,7874.5058649715,7944.03564453125,343189
2023-06-21,7952.660088687128,8049.268849308655,7928.1822806314285,7942.20361328125,373929
2023-06-22,7976.367364262867,7978.2947213642965,7849.8365587725375,7866.26708984375,226654
2023-06-23,7866.700648847228,7868.4830776646395,7767.248837792516,7786.71533203125,198255
2023-06-26,7767.248438245555,7969.620916165104,7767.248438245555,7870.45849609375,241856
2023-06-27,7887.660053093889,7930.205891658395,7871.951812159574,7910.3544921875,236562
2023-06-28,7903.2230347288005,8016.648177586774,7884.817152596328,7960.61083984375,282115
2023-06-30,7998.531480049504,8016.841371389376,7937.530819751437,7993.47216796875,225746
2023-07-03,8078.516318348444,8190.3030167772185,8059.5316649658025,8156.38134765625,373703
2023-07-04,8189.339579554659,8189.339579554659,8079.480234759504,8106.17431640625,206677
2023-07-05,8123.7612839945905,8145.010205457917,8039.728335492669,8072.92724609375,195350
2023-07-06,8109.353495308025,8171.94459374871,8075.624752309121,8104.72802734375,275687
2023-07-07,8112.19751157017,8140.578031243754,8023.201238599654,8033.65771484375,354695
2023-07-10,8046.715523735287,8128.098361771643,8033.224024653576,8048.01611328125,173234
2023-07-11,8090.369441925488,8136.626007175915,8003.397462470259,8023.49072265625,300378
2023-07-12,8060.206807200748,8069.216824552379,7856.388808668591,7921.9189453125,508967
2023-07-13,7967.693779697747,8046.715416119519,7908.427552381418,7934.9287109375,272841
2023-07-14,7997.567715320725,7997.567715320725,7852.052264662401,7885.34716796875,249245
2023-07-17,7908.909668264641,7959.984630177402,7892.479137603622,7951.3115234375,202735
2023-07-18,7926.254909985686,7951.310548606917,7860.724778207081,7879.03466796875,280527
2023-07-19,7869.398383956293,8053.31604347066,7867.230107399361,8026.6708984375,150429
2023-07-20,8046.667084572198,8046.667084572198,7868.434566521761,7925.4365234375,307197
2023-07-21,7944.565223420901,8011.540876383996,7778.812528317991,7824.29833984375,656733
2023-07-24,7902.163838345773,7944.710621302567,7794.6172217536905,7921.29248046875,482809
2023-07-25,7945.240137389685,8109.354394007776,7945.240137389685,8088.4423828125,583167
2023-07-26,8110.222011827674,8151.370329621436,8037.078439520316,8048.9794921875,191345
2023-07-27,8085.428173920912,8122.989600401149,7991.524135023603,8023.712890625,216816
2023-07-28,8030.247584619154,8075.409029662908,7962.4817822173045,8041.62255859375,204996
2023-07-31,8063.162501030198,8141.577216192095,8036.588436257752,8052.6591796875,240038
2023-08-01,8080.587943984379,8100.917684828237,8006.626032471253,8017.46875,217562
2023-08-02,8004.109242270613,8049.609137576215,7951.252295243182,8023.1806640625,134414
2023-08-03,8020.663441090654,8020.663441090654,7822.110011891734,7876.4677734375,390602
2023-08-04,7916.982165612643,7969.113052999179,7888.665740038644,7897.765625,248048
2023-08-07,7926.953159199503,7986.684064249615,7899.556601730529,7914.513671875,195297
2023-08-08,7914.513271820621,7967.273788123631,7877.290296469447,7896.5068359375,166007
2023-08-09,7899.556345353675,7913.061290684531,7827.918211829635,7852.3623046875,222338
2023-08-10,7874.38641003788,7943.120296823309,7818.23760111457,7843.6015625,296178
2023-08-11,7865.673181145708,7894.71566673763,7787.984532187315,7873.36962890625,293096
2023-08-14,7870.3202400569,7882.663297139667,7763.105057945806,7797.22998046875,544313
2023-08-16,7749.455656613639,8001.205434034727,7732.707538269784,7988.52392578125,282782
2023-08-17,7962.5784914568985,7970.323154860008,7889.924056985175,7945.39501953125,248724
2023-08-18,7938.279620818149,7983.199044634788,7905.170997223367,7952.6552734375,265260
2023-08-21,7952.220828048878,8014.710392335062,7943.604511782303,7956.9638671875,216794
2023-08-22,7959.625717237022,8004.061099937049,7930.583230607839,7941.66796875,193112
2023-08-23,7947.863958420349,7972.066030249065,7886.971167541928,7901.3955078125,208545
2023-08-24,7948.928794927594,8058.322164045462,7903.428898037861,7949.31640625,273837
2023-08-25,7917.950135901703,7928.599047931892,7803.716352305126,7813.8330078125,191154
2023-08-28,7875.160632763325,7890.2628206326535,7791.567052007638,7858.55810546875,327780
2023-08-29,7899.459762075789,7955.705474535619,7865.818880445208,7937.98974609375,230713
2023-08-30,7967.32223082433,8049.415471292894,7938.327959022287,8002.125,223225
2023-08-31,8024.245333683443,8093.173025081006,7963.449916784253,8032.61962890625,482614
2023-09-01,8035.088015196855,8078.651745399729,7985.715787633597,7998.6884765625,215635
2023-09-04,8020.518067288359,8319.703878156657,8018.194290328631,8308.619140625,620108
2023-09-05,8308.087232895876,8325.512724645134,8178.557933305084,8184.9951171875,210587
2023-09-06,8214.037621307983,8283.6913733915,8174.588244067583,8264.9111328125,327847
2023-09-07,8264.91126784927,8272.268319677794,8160.938786996349,8224.009765625,203477
2023-09-08,8262.587640478852,8277.10888413523,8131.896447571455,8161.47119140625,125962
2023-09-11,8181.220550005879,8227.398294414594,8157.212282644648,8191.62744140625,131688
2023-09-12,8248.017312539345,8335.047389778834,8127.055176550607,8298.0673828125,335823
2023-09-13,8315.831885397181,8407.799758402156,8253.390540041173,8360.7021484375,321018
2023-09-14,8389.405666590344,8422.320482268175,8328.416449304954,8410.6552734375,311971
2023-09-15,8442.651569900076,8471.64584389089,8384.80861252116,8449.7666015625,357249
2023-09-18,8449.427429227515,8458.720646775979,8332.289400018471,8352.619140625,129308
2023-09-20,8315.832272657683,8348.263050438129,8171.636132820855,8188.19091796875,317399
2023-09-21,8107.790389127074,8168.683179227248,8022.164216406179,8048.205078125,393954
2023-09-22,8010.885696360196,8045.398228605207,7917.9979565182775,7926.08154296875,524827
2023-09-25,7954.736844068813,8015.677849057698,7895.780692556823,7944.28173828125,467415
2023-09-26,7974.09841712837,8062.193956275958,7944.28165449556,7966.25732421875,515796
2023-09-27,7974.099083560404,8025.359263712857,7943.120429842555,7998.97900390625,541638
2023-09-28,8001.011387073296,8058.273868939104,7874.386332448488,7894.0869140625,370431
2023-09-29,7938.279451260066,8021.486362147994,7872.449816786202,7991.37841796875,320974
2023-10-03,8024.439622373275,8109.630922502222,7958.803787034446,8039.83251953125,454402
2023-10-04,8027.875803208472,8027.875803208472,7788.2752812832405,7861.65625,884369
2023-10-05,7916.013880647154,7946.798727817036,7865.673569800431,7916.44970703125,310506
2023-10-06,7936.343422256609,7976.664452223813,7891.085547776187,7933.875,158491
2023-10-09,7909.285308207955,7938.13398882029,7829.08002012703,7851.2490234375,152525
2023-10-10,7887.745773938982,7925.0656538743515,7846.312014317762,7897.91064453125,187020
2023-10-11,7934.359415674672,8122.215717658141,7918.144026727024,8076.7158203125,439622
2023-10-12,8097.965407054391,8117.375280512879,8037.024398189376,8085.1865234375,177704
2023-10-13,8051.060905019875,8148.353230030936,8041.86411807853,8101.88525390625,285076
2023-10-16,8101.933901127269,8185.140814392479,8009.917811742563,8027.537109375,363990
2023-10-17,8064.130640726327,8066.06680654643,8015.726495223768,8036.44384765625,205234
2023-10-18,8059.193797257517,8083.346709552162,7984.7478433059705,8014.08056640625,322136
2023-10-19,7986.296033476478,8265.491510198046,7931.841372262067,8246.662109375,837498
2023-10-20,8263.555560377488,8372.319295060832,8142.4487688297095,8190.99755859375,539291
2023-10-23,8146.417173975162,8251.550593214555,8037.556068531239,8059.53173828125,217546
2023-10-25,8088.332318982241,8130.443923515542,7924.96833587892,7992.83056640625,255678
2023-10-26,7973.130979441522,7973.130979441522,7895.248518957281,7943.41064453125,637430
2023-10-27,7948.928449313766,8006.045338670667,7918.917880329632,7948.10595703125,227682
2023-10-30,7978.939652256511,8147.676320905099,7935.8117460297,8133.4453125,244073
2023-10-31,8136.447344220457,8182.333910987173,8084.557528407269,8153.43701171875,218908
2023-11-01,8170.619540337695,8175.459954757326,8102.950168593872,8113.9384765625,209234
2023-11-02,8117.85909103031,8202.760149739119,8107.646005598193,8189.01318359375,200590
2023-11-03,8204.501668472909,8257.746222073618,8166.746439556043,8250.58203125,243686
2023-11-06,8266.460007777736,8373.917211298445,8249.228320976534,8365.15625,194715
2023-11-07,8365.155469177815,8417.480156749201,8308.619054084964,8408.525390625,206360
2023-11-08,8411.671793437126,8440.859869208954,8376.67522062759,8421.20703125,132370
2023-11-09,8407.799810710747,8440.714628622567,8342.696237046925,8351.69921875,128138
2023-11-10,8316.848080982336,8451.315168646863,8314.476088892186,8432.82421875,149939
2023-11-13,8433.066018084766,8445.36085918584,8383.597363301626,8400.4423828125,64412
2023-11-15,8431.033562184468,8534.376406685926,8417.72242296297,8487.0859375,192348
2023-11-16,8509.06100292675,8530.45620205983,8422.32115402657,8494.9755859375,233428
2023-11-17,8504.607881996011,8586.507313379552,8491.68435403788,8510.3681640625,151817
2023-11-20,8519.129282601167,8533.8443313498,8374.98136465069,8385.0498046875,174311
2023-11-21,8388.243504215863,8459.010922848305,8388.243504215863,8430.4033203125,183507
2023-11-22,8455.234871971868,8494.926265348426,8337.3707952988,8480.30859375,325320
2023-11-23,8470.725708415648,8487.183118363426,8315.832438318905,8330.595703125,344271
2023-11-24,8362.300322465811,8378.75773222292,8272.316825332797,8283.111328125,197278
2023-11-28,8362.30024767411,8456.688332201573,8314.138122492148,8447.9755859375,343335
2023-11-29,8480.310197392555,8509.449115980433,8414.576987042312,8454.0263671875,207727
2023-11-30,8496.428072228728,8731.285558891383,8483.746563970262,8716.2802734375,1025481
2023-12-01,8813.23321523334,8870.931525268814,8685.640073759045,8745.515625,353015
2023-12-04,8857.95858479951,9042.668614079259,8796.146869444385,9020.3544921875,473570
2023-12-05,9023.499978437592,9099.978521329618,8948.13510894755,9031.970703125,448461
2023-12-06,9031.970937964274,9049.590234850875,8838.160562998462,8918.947265625,308912
2023-12-07,8970.256909786232,9081.586452698537,8941.360010935541,9055.98046875,346830
2023-12-08,9078.972730048106,9130.620526018176,9043.009013357996,9113.09765625,311761
2023-12-11,9113.532520542762,9419.446720297543,9099.979359794132,9362.2333984375,588082
2023-12-12,9392.775987150098,9643.219218858336,9327.526822470758,9548.685546875,1060266
2023-12-13,9583.97321703249,9722.409082162858,9367.945123463596,9428.3056640625,1501931
2023-12-14,9516.255511560543,9671.148785400796,9464.947114600958,9645.30078125,710415
2023-12-15,9680.82961146553,9738.43054765375,9584.650947433027,9709.33984375,439516
2023-12-18,9707.934375342202,9707.934375342202,9624.437233352446,9652.1240234375,266562
2023-12-19,9652.125909055558,9729.23409774887,9635.330047253183,9697.3837890625,675166
2023-12-20,9706.966868215695,9804.74323738791,9543.50645494011,9571.87109375,501448
2023-12-21,9565.627517509687,9666.30814313675,9511.269282343063,9636.7333984375,216730
2023-12-22,9668.2438514473,9679.860846162166,9585.956805550331,9650.818359375,226940
2023-12-26,9656.62756608817,9733.88039753817,9651.883581407068,9698.884765625,226114
2023-12-27,9778.5563975885,10135.827174978378,9717.373373986555,10103.0087890625,658122
2023-12-28,10157.125695977466,10163.854061150994,9998.456531928865,10093.5224609375,421406
2023-12-29,10087.472358892162,10190.040934538823,10030.839507412918,10167.8232421875,243089
2024-01-01,10167.822979661303,10184.232174001338,10082.195857522685,10130.01953125,97677
2024-01-02,10155.093535272401,10155.093535272401,9781.606383471002,9878.99609375,337528
2024-01-03,9879.043873820809,9918.009210151564,9767.568750856308,9788.818359375,179575
2024-01-04,9835.722073435263,9840.126661466233,9681.796895317526,9695.15625,313755
2024-01-05,9777.636956700842,9777.636956700842,9675.988255665834,9696.3662109375,163191
2024-01-08,9756.339823106977,9758.275988977804,9608.271349056635,9617.419921875,176843
2024-01-09,9670.759934284253,9697.237567123046,9555.171410735322,9583.1484375,242925
2024-01-10,9583.004046441545,9590.554903694789,9419.446257647593,9464.171875,374333
2024-01-11,9525.839469519033,9627.53639083247,9408.943457335788,9603.818359375,375210
2024-01-12,9661.41878967947,9661.41878967947,9481.451806694253,9495.392578125,376816
2024-01-15,9563.690630138406,9677.730602637846,9506.573741062773,9636.8291015625,273931
2024-01-16,9636.249483109284,9726.135606988835,9564.998010650565,9651.3994140625,146779
2024-01-17,9641.137232659628,9725.456871869932,9511.414129017056,9540.1181640625,252817
2024-01-18,9539.489381878806,9616.016149938072,9458.170414142069,9576.5185546875,278338
2024-01-19,9679.860450646573,9805.420985804749,9530.775691230674,9771.5380859375,567616
2024-01-23,9680.8296539645,9763.116706023198,9501.734305366157,9517.2236328125,580285
2024-01-24,9550.138401012211,9712.388726961206,9423.900004862713,9671.6328125,272419
2024-01-25,9665.91951325983,9727.490148910641,9565.820315180028,9651.15625,296269
2024-01-29,9680.92533890302,9971.253776034451,9670.664038417102,9946.1318359375,334463
2024-01-30,9961.331449923286,9990.615958911372,9624.680606927992,9645.5908203125,368827
2024-01-31,9642.105310676812,9861.03762819257,9587.070178100046,9842.8369140625,341574
2024-02-01,9845.35549845276,9906.634960806303,9584.069529117416,9605.609375,401503
2024-02-02,9680.829017548254,9841.434349106763,9673.37459012605,9776.2333984375,334386
2024-02-05,9729.232302792243,9805.03299822189,9563.157884752112,9599.84765625,162473
2024-02-06,9661.467735414852,9753.435614659784,9603.672994852759,9728.0234375,250870
2024-02-07,9791.191250786864,9959.25007780412,9758.566665311922,9900.1005859375,250184
2024-02-08,9961.573354051743,9966.413768703858,9632.909199173166,9678.5546875,320905
2024-02-09,9753.24145661482,9753.24145661482,9537.552774583364,9628.310546875,400823
2024-02-12,9633.392544650182,9697.721839807853,9590.700468660321,9645.83203125,191687
2024-02-13,9678.699117403765,9685.379267632481,9516.835465958966,9537.9404296875,276453
2024-02-14,9489.197526129372,9511.269628857659,9394.22896453827,9475.40234375,417802
2024-02-15,9521.96682160331,9525.113090977866,9396.212476752125,9501.0556640625,415090
2024-02-16,9559.867110993224,9630.488949535998,9536.681335832764,9599.7041015625,250550
2024-02-19,9631.408264826923,9631.408264826923,9569.499176171488,9586.150390625,109778
2024-02-20,9586.150808316748,9680.82912811098,9540.45710575337,9660.451171875,320905
2024-02-21,9652.027879773801,9792.157870054612,9603.381717344711,9650.2373046875,322960
2024-02-22,9680.82900558799,9701.062316367052,9489.438827068823,9643.267578125,363840
2024-02-23,9643.268089605626,9707.935841714252,9578.26094122773,9681.701171875,304238
2024-02-26,9679.909047641726,9729.184844978834,9584.94049413837,9613.111328125,162530
2024-02-27,9613.112276576096,9827.010401645703,9566.063821562399,9633.490234375,214186
2024-02-28,9642.105951543728,9671.100224281938,9468.72267750017,9492.0048828125,300668
2024-02-29,9472.691576492292,9617.904017624009,9395.874573291012,9576.6640625,328848
2024-03-01,9584.021344762838,9858.811315970172,9576.664292392954,9812.0048828125,352952
2024-03-04,9832.81718187781,9841.529927239324,9648.107169292383,9659.91796875,221282
2024-03-05,9659.91766476398,9710.742011106764,9516.253800944367,9524.3369140625,310715
2024-03-06,9583.924776383372,9597.816388560675,9227.766680864448,9333.3359375,534825
2024-03-07,9333.336078967937,9404.926003295608,9263.68232056992,9364.412109375,585012
2024-03-11,9384.643407523756,9511.026435112663,9364.169022385084,9388.37109375,319303
2024-03-12,9418.430761746204,9418.430761746204,9269.781814542663,9308.6015625,235430
2024-03-13,9317.507723142666,9344.904280270506,9196.787595832364,9287.3515625,415925
2024-03-14,9153.224289672262,9398.149275953287,9152.256206722535,9387.4521484375,347822
2024-03-15,9371.04225091673,9439.679705064806,9239.18917396874,9325.494140625,379648
2024-03-18,9317.797717278014,9365.039972729526,9264.553158893568,9304.5830078125,226448
2024-03-19,9285.221161692107,9300.807862975145,9134.007375265257,9151.529296875,316008
2024-03-20,9230.67004737042,9230.67004737042,9143.542590184963,9181.830078125,171219
2024-03-21,9220.989014224962,9332.028304608797,9201.530927375925,9294.3212890625,215837
2024-03-22,9303.276382191365,9440.550344100686,9274.23389608671,9372.736328125,224511
2024-03-26,9323.703569288235,9380.530229041637,9264.554077629226,9294.2744140625,397803
2024-03-27,9322.638605668344,9398.14907412547,9265.56992792878,9316.2978515625,267937
2024-03-28,9371.042043928106,9539.44024576932,9333.819069044772,9437.9853515625,506387
2024-04-01,9437.985559780489,9677.972737786256,9437.985559780489,9636.6845703125,387442
2024-04-02,9574.437251574698,9762.34272815765,9530.777086653594,9717.7626953125,307109
2024-04-03,9874.44579379739,9949.666025834718,9663.549307623529,9682.6689453125,481855
2024-04-04,9756.339244967068,9757.210897714687,9584.020492674537,9685.765625,346378
2024-04-05,9681.796874673812,9700.04485878897,9489.342187371622,9510.05859375,280079
2024-04-08,9538.472628101392,9583.052656705424,9488.180532212331,9548.927734375,215228
2024-04-09,9584.020928444832,9674.826917455845,9447.617666568462,9457.34765625,275924
2024-04-10,9496.893114999604,9543.361093543945,9395.292626999488,9504.4921875,186223
2024-04-12,9477.483723495356,9535.616914693544,9303.277010173093,9344.46875,440963
2024-04-15,9310.925710514828,9310.925710514828,9183.815658393372,9202.8388671875,220692
2024-04-16,9147.318320427303,9191.898346108175,9052.542632281666,9161.7421875,547648
2024-04-18,9167.744524942715,9222.731441356827,9042.668032524794,9083.279296875,584270
2024-04-19,9027.372087517737,9099.978297336913,8954.765877698559,9065.0791015625,415558
2024-04-22,9201.628082651068,9283.915130207653,9154.288450075834,9259.955078125,277781
2024-04-23,9235.510925386343,9317.797972415467,9218.085433074293,9229.2666015625,317450
2024-04-24,9272.298256476664,9377.625489647358,9238.22154843493,9350.5673828125,317929
2024-04-25,9313.103156828767,9396.21269624532,9254.920806876395,9374.6728515625,398260
2024-04-26,9416.541975102586,9464.94611808142,9338.998916207858,9391.275390625,265782
2024-04-29,9453.328777586963,9691.477152321873,9432.079170518728,9646.4130859375,808505
2024-04-30,9836.01355617722,9855.08498043418,9595.009103259697,9653.578125,777837
2024-05-02,9653.576312651156,9724.391949254297,9629.035791265094,9664.806640625,318855
2024-05-03,9663.403716574323,9709.871696778247,9467.221334493492,9502.9921875,517348
2024-05-06,9559.81914531482,9612.09562469173,9435.082035181204,9464.8505859375,238521
2024-05-07,9486.244298460339,9630.488649972798,9322.638289026743,9373.3662109375,214305
2024-05-08,9366.153459230325,9366.153459230325,9198.14286788794,9215.568359375,392065
2024-05-09,9220.021457268966,9254.872441357762,9107.772056937616,9144.607421875,328724
2024-05-10,9160.774954871595,9215.133189512568,9115.517077924002,9188.7529296875,205200
2024-05-13,9212.229370584066,9272.29873007512,9126.214631060708,9246.64453125,215387
2024-05-14,9230.718766087975,9389.920189788108,9225.781921402131,9352.310546875,171935
2024-05-15,9381.692052220666,9383.773808761347,9254.87318328651,9307.24609375,161067
2024-05-16,9323.21838633527,9415.28363329047,9221.473256201545,9399.212890625,368451
2024-05-17,9429.127819317244,9584.021089449765,9376.125278443771,9574.6787109375,283850
2024-05-21,9512.382628053741,9536.342679961366,9450.473537177366,9476.951171875,346947
2024-05-22,9554.977699098903,9632.424326852492,9508.75174315848,9579.0341796875,280237
2024-05-23,9589.007858380226,9874.301166710697,9540.458116999305,9845.9365234375,521622
2024-05-24,9840.562831845229,10038.051746522695,9799.46752302115,9904.552734375,519418
2024-05-27,9949.906992277862,10023.481286474967,9852.808474672725,9899.130859375,389326
2024-05-28,9936.403008904948,10035.001875336118,9822.605051676474,9854.01953125,403774
2024-05-29,9853.100435128918,9853.100435128918,9643.074641839086,9703.4833984375,317883
2024-05-30,9701.15844470775,9705.030776189522,9516.254616453167,9553.8642578125,323424
2024-05-31,9614.999735656926,9758.27601041299,9438.905071160825,9599.0263671875,791072
2024-06-03,9971.25463247054,10184.039081082807,9890.27411353583,10135.876953125,732632
2024-06-04,10140.66826146705,10163.418209356738,9230.622130813797,9601.736328125,972018
2024-06-05,9671.100264737704,9748.59511427847,9429.127747077686,9717.712890625,361720
2024-06-06,9675.98766067592,9851.694690231967,9614.126791121156,9734.0244140625,483566
2024-06-07,9646.945446846288,10169.710177533392,9646.945446846288,10129.1962890625,545284
2024-06-10,10160.030531531434,10559.800573682636,10129.19746781849,10480.7080078125,705256
2024-06-11,10555.928131031842,10638.263395753198,10480.707897740747,10584.5830078125,650137
2024-06-12,10524.513642767935,10745.672378660813,10524.513642767935,10692.2822265625,439143
2024-06-13,10890.93314866818,10938.369213049045,10645.1856708443,10817.1650390625,602322
2024-06-14,10813.485670125507,10911.26204010605,10791.509999872977,10883.9619140625,305318
2024-06-18,10890.932755730395,10909.664781912863,10698.91388836786,10764.162109375,322724
2024-06-19,10794.125095708554,10820.941183007091,10618.176016233663,10644.6044921875,659266
2024-06-20,10657.527718709349,10817.261389756508,10528.288657589374,10555.201171875,445369
2024-06-21,10535.16256700449,10611.592903996354,10272.860306018614,10322.087890625,586745
2024-06-24,10375.42753831102,10498.858096849359,10256.498943006132,10441.7412109375,276148
2024-06-25,10457.183813825235,10656.608901582333,10455.683474331006,10500.021484375,562075
2024-06-26,10559.557229388973,10901.580702708567,10555.007051028462,10787.443359375,793197
2024-06-27,10910.29447650885,11495.936426329694,10909.32639359168,11342.7373046875,2339734
2024-06-28,11326.473770728322,11403.048751792152,11103.76553794272,11295.4951171875,684790
2024-07-01,11296.559362962313,11647.585844433874,11295.494849929426,11524.6884765625,520339
2024-07-02,11562.78212110365,11692.505229294198,11423.37818394366,11475.6064453125,422173
2024-07-03,11476.863963731274,11519.21758751932,11386.542024823098,11493.17578125,206171
2024-07-04,11505.665272496737,11555.859992730515,11347.431933330574,11384.703125,227230
2024-07-05,11420.037628352256,11447.143948326153,11249.364809881014,11317.0341796875,425987
2024-07-08,11320.761641832949,11340.897577446414,11161.996043298606,11213.2080078125,149210
2024-07-09,11213.25619621993,11386.301017381767,11117.900029034246,11307.0146484375,530901
2024-07-10,11315.921486280406,11365.099910556402,11103.911322408781,11262.9189453125,202406
2024-07-11,11228.793275659977,11268.484673565146,11131.984988086393,11186.1494140625,366819
2024-07-12,11185.230065261005,11307.208513263677,11103.959314993226,11231.98828125,366274
2024-07-15,11377.782380603747,11518.250837249243,11289.686832932735,11455.955078125,394470
2024-07-16,11527.010892062184,11527.010892062184,11260.643458913935,11286.587890625,556056
2024-07-18,11278.166134307454,11310.93536333,11108.751621560346,11275.50390625,731274
2024-07-19,11273.325628514172,11273.325628514172,10870.264682031642,10898.9677734375,514154
2024-07-22,10929.559415907896,11200.719055684593,10872.829191224711,11148.15234375,573833
2024-07-23,11278.118210102988,11360.8410876822,10967.50822677105,11177.2919921875,525157
2024-07-24,11171.676419444893,11191.764139176565,10993.210718925955,11087.8408203125,268139
2024-07-25,11053.570364735831,11110.493449211746,10930.623838520954,11076.3203125,254683
2024-07-26,11076.32009399489,11367.664821140066,11031.8847123577,11300.4794921875,333210
2024-07-29,11307.207993307877,11558.909541104113,11300.47962824002,11494.822265625,496437
2024-07-30,11547.603751921557,11547.603751921557,11339.692350248826,11497.4033203125,438108
2024-07-31,11509.576555678283,11603.112154182385,11442.771663317777,11576.0400390625,322531
2024-08-01,11576.040089914202,11717.341562721755,11494.530836216833,11670.79296875,250126
2024-08-02,11523.306216538123,11636.221283110737,11393.739142388118,11456.55078125,273420
2024-08-05,11393.739325362938,11393.739325362938,11054.069748324742,11118.390625,400844
2024-08-06,11150.235186134743,11272.79054390293,10977.040034420734,11028.84765625,368949
2024-08-07,11198.000739832882,11286.570211473661,11131.00184742563,11241.0439453125,230210
2024-08-08,11198.974956350485,11222.541685154265,10934.825220967,10963.3095703125,290349
2024-08-09,11149.30909830811,11149.30909830811,10937.064003053007,11004.5498046875,189230
2024-08-12,10994.47111909521,11081.920309452791,10917.733990944007,11006.984375,200411
2024-08-13,11066.535714251675,11066.535714251675,10940.571962775704,10976.1650390625,189972
2024-08-14,10906.826955490455,10906.826955490455,10676.12770850519,10714.59375,404673
2024-08-16,10751.016462033525,11028.556289178414,10663.567261084007,11000.0234375,435631
2024-08-19,11023.685887826254,11167.908818379236,10976.698887465156,11019.1572265625,244264
2024-08-20,11067.508690560297,11223.320515504392,10982.250597798682,11052.609375,421084
2024-08-21,10978.890245639781,11016.430965406937,10869.383561904044,10907.7041015625,456794
2024-08-22,10965.256977352048,11079.584282187272,10911.696663519511,11013.3642578125,305457
2024-08-23,11018.816750348695,11082.115299952997,10911.16071502935,11044.9150390625,258730
2024-08-26,11043.163336976999,11063.565138456495,10976.359395955751,11040.3388671875,234215
2024-08-27,11090.976670132066,11150.282922144104,10991.014223967071,11004.5498046875,184428
2024-08-28,10984.733828301867,11021.349227329572,10917.539977756403,10940.716796875,201101
2024-08-29,10936.042544430025,10962.043833110532,10824.442704385496,10928.251953125,406261
2024-08-30,10931.22161070878,11063.5161560931,10928.251638059348,11006.060546875,462185
2024-09-02,11028.555434359127,11164.890777477032,11028.555434359127,11125.8408203125,248673
2024-09-03,11135.189402837917,11202.918664994173,11063.613346070364,11160.80078125,181723
2024-09-04,11093.802029130284,11332.827299039714,11083.917336002467,11277.3193359375,198185
2024-09-05,11326.010337049207,11513.276482308225,11212.80330898312,11240.5087890625,406821
2024-09-06,11198.974685574856,11223.32028271741,11023.686386148467,11133.58203125,245248
2024-09-09,11101.59274929071,11216.942383451527,11012.000948156083,11193.47265625,154665
2024-09-10,11237.830868421026,11334.774848021692,11160.508869917883,11238.9501953125,237496
2024-09-11,11267.14288155323,11307.069662723818,11160.217204130526,11186.75390625,141341
2024-09-12,11206.618376113118,11427.8228433357,11142.735912156617,11403.720703125,455934
2024-09-13,11388.871252963016,11454.70137249465,11320.89853051172,11411.220703125,279660
2024-09-16,11369.394425416249,11489.126268259057,11300.25292612678,11337.8916015625,257856
2024-09-17,11298.84109292979,11411.853174248316,11272.012432803758,11340.8134765625,202725
2024-09-18,11377.185065510264,11455.382937516943,11233.88649266059,11326.44921875,185067
2024-09-19,11326.448100211539,11432.838354911468,11237.927132605892,11323.13671875,227247
2024-09-20,11354.787136222538,11533.873739122628,11276.491311075366,11489.466796875,608787
2024-09-23,11525.2065206379,11683.939825484877,11491.171183171638,11648.9306640625,279318
2024-09-24,11635.344082296215,11656.52475052494,11433.032182318382,11453.775390625,242038
2024-09-25,11501.834040736401,11545.266206117225,11374.263110304051,11506.9951171875,196686
2024-09-26,11525.206046188614,11763.792905615417,11459.764888831565,11749.185546875,277079
2024-09-27,11749.18470801293,11820.273848807372,11612.605913541416,11639.4345703125,404276
2024-09-30,11611.875848306961,11611.875848306961,11465.850768518456,11493.0693359375,405493
2024-10-01,11493.069514658646,11576.52641197659,11345.291739802737,11527.2998046875,324906
2024-10-03,11322.746868407863,11617.718491995174,11309.113334553049,11417.8896484375,304610
2024-10-04,11393.739867852231,11519.509607562723,11082.11621334687,11150.52734375,357277
2024-10-07,11191.135714350758,11228.14102240707,10899.134048469634,10936.3828125,374655
2024-10-08,10937.016135771153,11174.62916552168,10937.016135771153,11091.6591796875,447220
2024-10-09,11105.535408602156,11209.686056954435,11036.345415990323,11053.046875,286382
2024-10-10,11140.496705578718,11159.047860325001,11056.357941800454,11130.85546875,180542
2024-10-11,11092.584830344997,11168.104685233637,11062.834699752493,11122.3349609375,120279
2024-10-14,11101.543884508766,11130.758601312724,10945.780562549027,11004.501953125,144163
2024-10-15,11101.592776470874,11133.680465090572,10994.472144417208,11118.05078125,182286
2024-10-16,11044.137455941784,11113.278956635892,10938.964468970467,11025.9267578125,276811
2024-10-17,11053.874384612624,11066.485593514093,10647.838345177854,10728.9091796875,353330
2024-10-18,10728.909984751625,10848.349867838984,10615.654454099233,10779.548828125,330703
2024-10-21,10760.754352833826,10874.351293890635,10489.447388193117,10584.7841796875,566667
2024-10-22,10469.580617384609,10790.747545370237,10458.86855461917,10541.7900390625,793887
2024-10-23,10538.673997154097,10559.806166490089,10392.648909652538,10471.5771484375,351717
2024-10-24,10471.577134043784,10794.838175144929,10437.834705747142,10754.521484375,341400
2024-10-25,10774.095608628742,10824.052584202002,10663.371641656493,10707.388671875,519646
2024-10-28,10712.062571277196,10906.193979384894,10614.290274317591,10802.23828125,229113
2024-10-29,10784.12523106587,10845.427632146784,10631.283388796568,10821.2275390625,266761
2024-10-30,10824.051822455978,10936.041562409415,10723.164054515251,10911.79296875,239933
2024-10-31,10864.758597525191,10956.395999647175,10753.499213875972,10775.9951171875,423687
2024-11-01,10789.919977007452,10878.87840711882,10788.556243189705,10854.0458984375,19032
2024-11-04,10855.215179461124,10864.709962631461,10643.943890922208,10713.8642578125,276984
2024-11-05,10696.140801740803,10895.189827779715,10686.01265321442,10883.7958984375,274422
2024-11-06,10931.172993626844,11010.929549365595,10821.130895784541,10979.2802734375,282486
2024-11-07,10947.290116178963,10950.601497912528,10713.13396401921,10761.533203125,326254
2024-11-08,10740.401329047607,10847.765419360197,10673.792341576092,10754.2783203125,155894
2024-11-11,10726.670776013085,10819.13554997907,10610.834227319518,10683.287109375,107472
2024-11-12,10683.334822638964,10784.855961626257,10556.25080692825,10606.8896484375,166347
2024-11-13,10520.511170338632,10588.873795860201,10468.60654853517,10499.9638671875,216900
2024-11-14,10445.235362075895,10548.947609517727,10266.53867282166,10447.669921875,297442
2024-11-18,10353.792827893738,10485.015599953593,10303.446892474785,10352.625,424186
2024-11-19,10404.382591458274,10585.465327907033,10378.917668192067,10487.64453125,220357
2024-11-21,10278.710666633624,10717.75876601121,10278.710666633624,10668.09375,256924
2024-11-22,10711.089311090445,11111.233940779173,10645.502650386501,11077.5390625,328426
2024-11-25,11150.282908168461,11384.000628514352,11137.866654275087,11157.5380859375,465057
2024-11-26,11157.539083649248,11196.345586535172,10815.28847611358,10829.9443359375,243711
2024-11-27,10732.122834135924,10896.066651307454,10673.109488713239,10848.30078125,330284
2024-11-28,10881.508869449828,10897.090052724501,10670.772985259893,10709.9208984375,326140
2024-11-29,10629.287959325611,10938.963962171745,10629.287959325611,10908.921875,367574
2024-12-02,10913.35204974358,11471.645078874575,10913.35204974358,11343.6357421875,633694
2024-12-03,11369.150814637724,11622.58848992066,11320.65457360201,11542.1015625,501811
2024-12-04,11555.589492861744,11608.321487087867,11440.531817278023,11458.791015625,306770
2024-12-05,11437.562340686005,11687.786595887212,11415.99175970312,11620.4462890625,436371
2024-12-06,11626.482618448537,11643.378081371338,11508.649935909609,11538.3515625,193324
2024-12-09,11547.993471427619,11578.765925615508,11411.268218365225,11505.5341796875,268177
2024-12-10,11437.561951375737,11498.0360364658,11388.870755329013,11438.3408203125,232758
2024-12-11,11540.786336316027,11749.184638229084,11506.020635002526,11587.04296875,527029
2024-12-12,11631.352231850435,11631.352231850435,11482.260178668977,11546.5810546875,247809
2024-12-13,11491.122792674978,11801.285725680655,11422.955115091312,11767.591796875,408880
2024-12-16,11734.577667894337,11827.431393771045,11560.263194653417,11629.8916015625,214946
2024-12-17,11618.352105435442,11660.713443672592,11377.37919921748,11466.7275390625,244639
2024-12-18,11466.776188675596,11544.68209908698,11393.739397664924,11456.015625,222900
2024-12-19,11333.362477416971,11452.16899247496,11269.138601413104,11365.3037109375,162249
2024-12-20,11359.508795379003,11440.482629185206,11099.303822563099,11123.794921875,299802
2024-12-23,11218.450646079116,11279.266135137388,11077.246189162322,11172.291015625,149350
2024-12-24,11170.733611443624,11283.74568134373,11062.639161886458,11092.1943359375,108000
2024-12-26,11092.194692384752,11490.14821000117,11037.807007903913,11160.6552734375,144283
2024-12-27,11190.794234775825,11252.535049806482,11086.984988493881,11107.970703125,118410
2024-12-30,11120.533137250264,11206.424592434963,10945.488297329577,10992.8642578125,164726
2024-12-31,10974.995935244931,11164.891605819266,10901.033815916117,11127.2529296875,241737
2025-01-01,11112.304643905745,11219.328272081124,11009.079309381688,11147.3623046875,107951
2025-01-02,11198.975237245408,11519.509765414019,11155.201661226796,11488.8828125,267609
2025-01-03,11490.148969364474,11551.159421205319,11406.40010832834,11477.4892578125,237651
2025-01-06,11493.021405960744,11544.439118750703,11150.478842007851,11202.48046875,139820
2025-01-07,11213.53409586589,11330.587922899824,11184.514332840823,11314.421875,197212
2025-01-08,11314.421951861039,11325.523925180914,11072.378201689013,11105.0498046875,159583
2025-01-09,11105.049689978176,11133.193581963325,10890.273012354255,10965.0625,196555
2025-01-10,10909.992982698579,10991.79419311044,10553.865380026955,10580.7919921875,228618
2025-01-13,10419.91568654545,10546.512793017499,10316.10643963833,10337.287109375,225902
2025-01-14,10293.318482100274,10452.051775627458,10188.14550233993,10209.326171875,344404
2025-01-15,10264.103662741538,10364.797432015064,10192.771063757116,10246.234375,371459
2025-01-16,10312.79430534118,10524.6979892323,10273.8413523465,10357.78515625,375910
2025-01-17,10357.786714578982,10443.23976806747,10225.248701474347,10303.0576171875,297759
2025-01-20,10310.263763918803,10373.951277766602,10209.813446045047,10346.34375,332061
2025-01-21,10398.004875946865,10680.949224890534,10363.482627881995,10388.55859375,593842
2025-01-22,10419.916477936878,10515.156271993168,10329.107392743645,10413.830078125,249552
2025-01-23,10410.177072222818,11268.554304547282,10410.12857122975,11121.9453125,1510866
2025-01-24,10956.492306201331,11305.80311681144,10928.641324059518,10990.4296875,545939
2025-01-27,10965.257335666067,11062.639727634682,10858.13670450059,10945.2939453125,414994
2025-01-28,10921.435079276682,11112.888478331539,10776.335317634932,11000.6552734375,436707
2025-01-29,11000.655153216137,11271.963060404038,10966.084405014872,11242.650390625,377755
2025-01-30,11242.651055830134,11308.530626489059,11150.284234514509,11178.9150390625,274820
2025-01-31,11187.922685167176,11295.383775551938,11093.948675826648,11186.75390625,361656
2025-02-01,11242.69986548891,11478.462250062232,10515.59387390638,10964.4296875,513602
2025-02-03,10829.165201114374,10987.460085525228,10664.73541634645,10882.1416015625,450593
2025-02-04,10906.92474553248,11245.5720087304,10821.277693828433,11217.6240234375,314752
2025-02-05,11217.574398904777,11328.346866471333,11133.728542315896,11282.431640625,236897
2025-02-06,11274.15387601764,11315.394936431912,11031.184820925606,11176.9169921875,308664
2025-02-07,11200.046092151057,11425.876243354222,11174.678168813212,11335.89453125,310549
2025-02-10,11218.450867658983,11309.698353544689,11189.236151857787,11230.4287109375,262455
2025-02-11,11196.052637514631,11214.165380456243,10946.023367732785,11004.404296875,301338
2025-02-12,11004.20955141678,11295.382883794975,10784.709274300965,11178.037109375,347198
2025-02-13,11198.97467472797,11344.951255453292,11123.2113666937,11244.208984375,336128
2025-02-14,11285.645078081827,11285.645078081827,10889.298754259296,10969.005859375,279199
2025-02-17,10925.330696722433,11208.616459034925,10754.327594606633,11189.333984375,166053
2025-02-18,11150.283118402489,11160.605270845783,10956.492171628506,11012.876953125,268795
2025-02-19,10994.472208415673,11160.022277098637,10937.01659634335,10995.9814453125,157580
2025-02-20,10995.543149427676,11033.42528123454,10950.845201015403,10992.134765625,142187
2025-02-21,10970.126796232551,10994.472394981402,10702.325209995182,10865.197265625,320240
2025-02-24,10720.48666767265,10877.612770760812,10687.765614610986,10753.5966796875,175294
2025-02-25,10753.596541000592,10764.892517495316,10557.224577168667,10677.1513671875,296499
2025-02-27,10517.298353379021,10517.298353379021,9995.71864136512,10174.171875,1722295
2025-02-28,10215.41299921622,10215.41299921622,9784.83636928303,9863.3271484375,1230856
2025-03-03,10049.132448864993,10343.762684558764,10013.97778588448,10070.1181640625,835344
2025-03-04,9981.694525897115,10181.133461443847,9971.956287335264,10098.650390625,352922
2025-03-05,10115.986483166109,10231.77358356978,10025.761311189257,10190.2890625,310832
2025-03-06,10263.908165418989,10264.103120384047,10047.135362270772,10218.8203125,365920
2025-03-07,10226.123915481723,10331.88080174414,10173.245472350513,10305.3935546875,302339
2025-03-10,10311.821457659826,10366.939510964981,10202.753178950043,10244.724609375,165649
2025-03-11,10138.480685592385,10233.477017424826,10085.163826737695,10165.9912109375,180753
2025-03-12,10205.673738430449,10273.646451564684,10090.762526490105,10245.0166015625,299765
2025-03-13,10244.626926221275,10244.626926221275,10108.388588884227,10178.50390625,219474
2025-03-17,10270.434640697467,10300.47673018469,10174.512978334722,10271.0185546875,212061
2025-03-19,10429.654353191525,10658.59998011511,10419.916113832804,10647.060546875,269175
2025-03-20,10645.015306508512,10945.780432018608,10532.87910611328,10661.5703125,549251
2025-03-21,10730.565936240235,10774.38801330084,10600.706894950616,10689.421875,656565
2025-03-24,10730.517030852627,10787.972640833479,10569.738134696101,10761.9228515625,294688
2025-03-25,10945.780230347056,11178.377679841984,10911.40443815101,11122.2373046875,754457
2025-03-26,11083.089415583581,11186.314745348265,11004.209682461513,11103.63671875,401569
2025-03-27,11102.07980773683,11325.5239005626,11052.901698856456,11295.9677734375,406112
2025-03-28,11282.23652772549,11392.765537772259,11158.707349319868,11208.2744140625,280960
2025-04-01,11052.901322532312,11262.90682806039,11040.38806575214,11080.8017578125,263144
2025-04-02,11062.6396433704,11062.6396433704,10885.50069332879,10956.4443359375,376468
2025-04-03,10896.114755058366,11345.096038432417,10863.004745077853,11302.783203125,361884
2025-04-04,11295.383985705525,11309.504432967593,11122.043322764272,11197.6611328125,222191
2025-04-07,10906.827962309202,11004.258855826096,10726.719037142335,10898.6474609375,484513
2025-04-08,11021.495273305703,11240.605647407781,10946.559335162816,10975.43359375,602120
2025-04-09,10993.351788129974,11123.99064750772,10887.351434748867,11098.7197265625,230611
2025-04-11,11532.363881598394,11532.363881598394,11154.22822520257,11201.556640625,351037
2025-04-15,11441.45690425271,11441.45690425271,11277.854490437538,11412.2421875,345260
2025-04-16,11361.603577326297,11517.415403191748,11361.603577326297,11421.0068359375,268150
2025-04-17,11361.603717485663,11609.92881802212,11296.357514599613,11589.478515625,290473
2025-04-21,11506.703039241873,11793.007261782252,11472.61920322516,11621.6142578125,230595
2025-04-22,11621.614363561177,11702.441746850567,11539.813156376735,11645.9599609375,334667
2025-04-23,11724.839653815172,11724.839653815172,11516.441341031414,11636.2216796875,267716
2025-04-24,11566.106273998426,11868.965502020108,11559.289506808227,11840.724609375,339743
2025-04-25,11830.987086742563,11981.929797948844,11549.551967138597,11916.68359375,412558
2025-04-28,11911.813560240218,12016.012714176262,11686.860246602588,11796.90234375,516745
2025-04-29,11881.625956075175,11902.076258925563,11491.122554027299,11558.31640625,516495
2025-04-30,11558.316032017088,11612.85017118576,11198.975007852096,11336.2841796875,630392
2025-05-02,11336.283669920698,11442.430471743683,11180.471850730997,11309.0166015625,189474
2025-05-05,11395.687756734684,11421.007179198801,11346.996559688305,11364.525390625,145699
2025-05-06,11392.765794956786,11421.98051192821,11241.823090604423,11386.9228515625,273048
2025-05-07,11346.023075959105,11393.740450495368,11250.58832688658,11352.83984375,217460
2025-05-08,11297.331181134334,11432.692704639003,11236.95409870779,11326.5458984375,388912
2025-05-09,11179.498732290565,11255.456998938533,11016.870135749405,11066.53515625,200270
2025-05-12,11286.61955518144,11458.98639394478,11262.273956486053,11428.7978515625,182795
2025-05-13,11393.739875104515,11440.483423310072,11263.247469697335,11355.7607421875,307678
2025-05-14,11370.36795188271,11433.66650591426,11319.72910865747,11366.47265625,179337
2025-05-15,11366.4722332426,11619.666439946086,11338.231340956443,11582.6611328125,371371
2025-05-16,11637.195120550714,11676.148074929126,11546.629501620906,11593.373046875,209706
2025-05-19,11592.400494593008,11677.123179659338,11569.028719402297,11616.74609375,128237
2025-05-20,11655.698464850764,11666.410527939857,11363.551289693673,11390.818359375,158934
2025-05-21,11390.81842441778,11598.24291996373,11329.467517284469,11360.6298828125,173017
2025-05-22,11360.630136651862,11393.740150765198,11215.530368919895,11374.263671875,175370
2025-05-23,11420.032502753598,11564.158435251895,11355.760127450303,11438.53515625,181463
2025-05-26,11491.122780365087,11572.923993377855,11340.18006587724,11383.0283203125,198003
2025-05-27,11370.368067868401,11415.163968101524,11077.247068516877,11122.04296875,478345
2025-05-28,11155.152794491207,11169.760153017385,10906.827699546182,10943.8330078125,201200
2025-05-29,10954.545006454377,11040.241509305119,10859.110264643325,10974.021484375,350206
2025-05-30,10970.12574178677,11013.947815322535,10877.612475433485,10916.5654296875,394181
2025-06-02,10887.350650053037,10925.329780227641,10730.565010101467,10901.9580078125,314936
2025-06-03,10984.734332521522,10996.420220109312,10712.063622139782,10746.1474609375,349615
2025-06-04,10751.015986132512,10765.623344809323,10634.157116718028,10744.19921875,345047
2025-06-05,10749.068670222747,10887.351669966507,10714.984832257735,10866.9013671875,191183
2025-06-06,10887.351284449147,11014.922216315232,10828.921850006664,10958.4404296875,143723
2025-06-09,10965.2568359375,11021.738620705206,10873.717391658804,10965.2568359375,209231
2025-06-10,11111.330779233605,11183.393748353963,11038.293986206216,11092.828125,279918
2025-06-11,11082.115786033997,11216.50348185761,11043.162830722806,11163.9169921875,237747
2025-06-12,11174.628646649795,11203.843362065872,10984.73299644529,11026.607421875,262530
2025-06-13,10820.157120414402,10955.518639605978,10729.591499660326,10930.19921875,181355
2025-06-16,10974.995096373425,11216.503417926273,10903.90595333569,11194.10546875,401104
2025-06-17,11198.97450213586,11207.738916963619,11062.639160370729,11085.037109375,121415
2025-06-18,11085.036622292406,11178.523709680623,11046.083669213982,11107.4345703125,156816
2025-06-19,11101.592857240586,11184.367891702468,11055.823132302841,11121.0693359375,157757
2025-06-20,11121.068910641037,11223.32041988949,11072.377715760822,11158.07421875,629895
2025-06-23,11102.56699667411,11189.237329338262,11024.661079672625,11149.310546875,304907
2025-06-24,11256.43074806425,11514.494088166077,11212.608671443184,11275.9072265625,735700
2025-06-25,11330.441233043952,11462.881285273774,11329.467409130497,11425.8759765625,253134
2025-06-26,11384.001873208832,11672.25375981874,11375.237457737585,11638.169921875,506580
2025-06-27,11666.409592365717,11925.446733565155,11605.05869050269,11893.310546875,501287
2025-06-30,11895.258661470607,11949.792798600558,11703.415357638458,11776.4521484375,333104
2025-07-01,11788.138140404253,11904.997006727965,11744.316065532863,11890.3896484375,207437
2025-07-02,11890.389438456146,12199.091604876343,11851.43648370281,12110.4736328125,445829
2025-07-03,12110.474058315858,12245.835580839652,12052.044624132925,12073.46875,275755
2025-07-04,12075.41626894091,12213.699261698135,12017.960659274175,12178.6416015625,191516
2025-07-07,12149.42639352977,12172.798166008506,11983.876338472053,12021.85546875,149939
2025-07-08,12021.855892489453,12167.929475630273,11982.902936985234,12119.23828125,219226
2025-07-09,12085.154549061654,12250.704611377567,12052.04453659847,12233.17578125,379924
2025-07-10,12190.327530604576,12335.427291114249,12155.269870347205,12188.3798828125,269323
2025-07-11,12188.3799894958,12306.21268194778,12126.055259603841,12167.9296875,240034
2025-07-14,12167.9295809957,12249.7307882629,12104.631027753227,12188.3798828125,278918
2025-07-15,12216.621500325573,12216.621500325573,12099.762625870486,12174.7470703125,154124
2025-07-16,12176.693336319562,12187.405398595594,12073.468008932336,12127.0283203125,156311
2025-07-17,12138.714970363146,12219.542354441777,12106.578781512606,12167.9296875,166142
2025-07-18,12192.274710828731,12229.280017459043,12115.342625992032,12170.8505859375,98339
2025-07-21,12231.228196807664,12381.1970775647,12050.096951217996,12247.783203125,512521
2025-07-22,12317.89897966002,12366.590176512182,11973.165305946712,12126.0556640625,533617
2025-07-23,12133.844934630617,12187.405245337253,12034.514903865584,12048.1484375,189617
2025-07-24,12048.14873307207,12074.441977154913,11909.865745673409,11981.9287109375,180080
2025-07-25,12000.059001116071,12098.058666294643,11949.099175223215,12004.958984375,290381
2025-07-28,12028.479066297743,12120.598752808415,11965.759279737285,11995.1591796875,214107
2025-07-29,11955.959132845102,12016.718925159561,11879.519394126914,11976.5390625,208446
2025-07-30,11960.859816793436,12133.339237338758,11956.939829962861,12022.599609375,185681
2025-07-31,11956.939650924947,12082.379227625086,11911.859803048335,12003.9794921875,150379
2025-08-01,11937.339971856813,12043.1796169566,11833.460320184797,11870.7001953125,212570
2025-08-04,11914.799664381833,12044.159226456055,11889.31975063994,12011.8193359375,207875
2025-08-05,12083.358916814472,12130.39875687993,12016.719143388407,12051.9990234375,267535
2025-08-06,12051.99921434085,12142.158909227774,11963.799512821037,11981.439453125,192086
2025-08-07,11959.879253811721,12062.778903242255,11882.45951757351,12027.4990234375,202031
2025-08-08,12039.258907789108,12068.658807441829,11892.259409525504,11913.8193359375,201770
2025-08-11,11917.73921671894,12176.458331365251,11917.73921671894,12156.8583984375,218605
2025-08-12,12198.018522289693,12279.358245704976,12149.018688906992,12199.978515625,334100
2025-08-13,12235.25819529738,12266.618088148763,12140.198520091626,12152.9384765625,207359
2025-08-14,12164.698822162713,12179.39877240298,11980.459445818025,12070.619140625,235741
2025-08-18,12375.397685627204,12645.876760796124,12304.837926887485,12509.6572265625,808480
2025-08-19,12531.217518117614,12622.357209146388,12376.378043036471,12605.697265625,351252
2025-08-20,12592.957618219134,12671.357354363689,12509.657898565543,12616.4775390625,290957
2025-08-21,12632.157551324543,12647.837498634177,12534.157880639325,12612.5576171875,155457
2025-08-22,12606.676811104933,12606.676811104933,12311.697821665988,12337.177734375,226948
2025-08-25,12394.997750327226,12476.337473072099,12304.83805764616,12353.837890625,199190
2025-08-26,12329.337909521213,12514.557277210546,12230.35824742268,12357.7578125,290322
2025-08-28,12318.55792190994,12394.997660804847,12222.518249965058,12270.5380859375,283677
2025-08-29,12270.538596624061,12474.377908827382,12270.538596624061,12387.158203125,177858
2025-09-01,12386.178119639795,12594.917413846873,12383.238129580539,12569.4375,214241
2025-09-02,12532.19722788197,12590.997027199528,12433.217565697418,12475.357421875,214101
2025-09-03,12445.957960798221,12514.557729086086,12403.818103135676,12478.2978515625,140022
2025-09-04,12739.957331065727,12835.017012689832,12381.278532360338,12397.9384765625,305040
2025-09-05,12426.358216237799,12483.198025113335,12279.358710525206,12348.9384765625,153774
2025-09-08,12348.937944635138,12488.097470715464,12348.937944635138,12410.677734375,126448
2025-09-09,12444.97813601468,12453.798106344953,12282.298683256318,12320.5185546875,240234
2025-09-10,12372.45794786324,12373.437944532378,12171.558630690015,12228.3984375,175576
2025-09-11,12228.39885706252,12266.618728470232,12112.75924613662,12144.119140625,132660
2025-09-12,12148.038506719888,12229.378228892987,12096.098684127426,12122.55859375,153086
2025-09-15,12122.559004479543,12231.338636613515,12077.479156928528,12186.2587890625,179530
2025-09-16,12247.018705154833,12346.978368108006,12197.038873678248,12326.3984375,189043
2025-09-17,12424.398227616983,12543.95782564264,12361.678438488769,12466.5380859375,264319
2025-09-18,12475.358134535136,12493.978072049367,12310.718687040877,12373.4384765625,190079
2025-09-19,12349.918518710525,12391.078380461506,12234.27890712444,12257.798828125,571670
2025-09-22,12296.018349725173,12451.837821918232,12291.118366322875,12396.9580078125,499548
2025-09-23,12396.957642812324,12443.997482089399,12113.73861049827,12152.9384765625,403638
2025-09-24,12178.418984490134,12198.998915179302,11955.959733707221,11969.6796875,166517
2025-09-25,11965.759419110605,12029.459203078026,11877.559718232642,11898.1396484375,272540
2025-09-26,11897.15933584041,11954.979138213936,11750.159838280602,11828.5595703125,181541
2025-09-29,11857.95945071786,11903.039296563564,11722.719913180747,11800.1396484375,214806
2025-09-30,11800.140130566295,12015.73940211555,11800.140130566295,11977.51953125,279155
2025-10-01,12028.478971973182,12028.478971973182,11829.539650536766,11853.0595703125,129528
2025-10-03,11853.059825686152,11896.179679537347,11742.32020102286,11778.580078125,258411
2025-10-06,11778.580469965134,11857.960203559207,11751.14056205607,11813.8603515625,106362
2025-10-07,11817.779714462871,11965.759210016722,11784.459828046773,11940.279296875,225472
2025-10-08,11906.960102889667,11938.319997810859,11701.160792469353,11751.140625,173973
2025-10-09,11751.139814241666,11966.739076949792,11733.499874565545,11948.119140625,171737
2025-10-10,11936.359205467286,12077.478723167393,11868.739436569318,12035.3388671875,198464
2025-10-13,11980.459355038716,12003.979275244927,11906.959604394306,11928.51953125,87745
2025-10-14,11928.51922865317,12005.938964034667,11785.439717694957,11828.5595703125,129196
2025-10-15,11843.260005739912,12078.459211480715,11843.260005739912,12064.7392578125,142328
2025-10-16,12059.839001368042,12156.858671539943,12022.599127968724,12110.798828125,129372
2025-10-17,12053.958828061845,12142.15852680376,12013.778965301637,12122.55859375,182242
2025-10-20,12171.558817127005,12198.998724283168,11931.45962951057,12099.0390625,393365
2025-10-21,12123.539044617717,12168.618892330305,12025.53937567731,12095.119140625,14465
2025-10-23,12142.158754728025,12166.65867150512,11869.719680166734,11902.0595703125,370812
2025-10-24,11905.979821996534,11930.47973931894,11638.440724835857,11679.6005859375,318840
2025-10-27,11683.520464653559,11807.980043500313,11681.560471285893,11774.66015625,408073
2025-10-28,11784.460511630024,11807.000436101333,11628.64103376315,11692.3408203125,513095
2025-10-29,11701.160663128177,11818.760267782733,11660.980798204539,11758.98046875,394272
2025-10-30,11799.16043334647,11842.280288750726,11710.960729110491,11811.900390625,159943
2025-10-31,11811.900157417263,11859.91999544211,11678.620606980961,11708.0205078125,175191
2025-11-03,11688.420038000131,11744.279847018828,11647.260178723196,11710.9599609375,98394
2025-11-04,11720.76059007213,11720.76059007213,11549.261166722412,11582.5810546875,199364
2025-11-06,11563.961104770151,11745.260494972057,11562.001111362564,11671.7607421875,189652
2025-11-07,11633.540395352456,11711.940128452296,11597.280518793781,11611.98046875,148161
2025-11-10,11613.940962017316,11652.16083354872,11466.941456127297,11493.4013671875,197085
2025-11-11,11514.9611852537,11611.980858218816,11485.561284355179,11588.4609375,125847
2025-11-12,11623.740240191286,11709.9799452024,11594.340340755678,11682.5400390625,184542
2025-11-13,11682.540316712622,11775.640000471343,11668.820363316601,11695.2802734375,174415
2025-11-14,11702.140245691742,11702.140245691742,11550.24076172204,11636.48046875,161315
2025-11-17,11573.761262224858,11617.861114621142,11510.061475430224,11542.4013671875,194379
2025-11-18,11650.200690559066,11650.200690559066,11454.201351888827,11472.8212890625,318116
2025-11-19,11472.821466611707,11518.88131191202,11405.201693724017,11432.6416015625,271396
2025-11-20,11485.56147566047,11537.501301446306,11427.741669596991,11517.9013671875,185397
2025-11-21,11522.800762599647,11552.200662487212,11457.140986184084,11494.380859375,192051
2025-11-24,11503.200734849792,11503.200734849792,11329.741326938018,11352.28125,407297
2025-11-25,11367.961261334198,11414.02110437581,11307.201468385687,11348.361328125,200149
2025-11-26,11357.181810209202,11537.501203865126,11353.261823390594,11523.78125,187481
2025-11-27,11540.440561246449,11551.22052440658,11366.981154033421,11384.62109375,275290
2025-11-28,11387.56184839709,11407.16178273168,11325.82205524313,11367.9619140625,159990
2025-12-01,11387.561817695829,11780.540500044885,11324.842027994235,11428.7216796875,228729
2025-12-02,11467.921483069122,11478.701446862811,11358.161851715187,11432.6416015625,190930
2025-12-03,11465.961240469438,11467.921233843877,11289.561836769908,11359.1416015625,206293
2025-12-04,11348.36185005761,11398.34168203973,11293.482034547833,11375.8017578125,159687
2025-12-05,11397.361374776343,11431.661258535343,11329.741603937171,11365.021484375,226572
2025-12-08,11377.761879535854,11399.321807300694,11260.162273545819,11309.162109375,148186
2025-12-09,11269.961351602198,11294.461267583943,11151.381758250558,11185.681640625,274482
2025-12-10,11196.461708343228,11268.981460327246,11071.022137343847,11090.6220703125,272923
2025-12-11,11113.161927546418,11254.28144408669,11040.642175991,11242.521484375,196507
2025-12-12,11261.14174884242,11503.200926630609,11251.341782130348,11488.5009765625,389481
2025-12-15,11424.801597772159,11567.881116838442,11424.801597772159,11493.4013671875,178073
2025-12-16,11465.96079077843,11465.96079077843,11279.761427509378,11297.4013671875,179690
2025-12-17,11274.862224294573,11359.141941920765,11265.062257128737,11309.162109375,205337
2025-12-18,11314.061910364497,11333.661844379852,11183.722349162377,11231.7421875,103462
2025-12-19,11272.90196904426,11298.381883083654,11213.122170721066,11266.0419921875,152956
2025-12-22,11266.0414099083,11317.001235353257,11202.341628102102,11301.3212890625,170807
2025-12-23,11318.961790633297,11514.96112899924,11299.361856796702,11444.4013671875,161830
2025-12-24,11480.660827906511,11554.160577124863,11437.540975031745,11528.6806640625,182050
2025-12-26,11530.64114714712,11617.860853257616,11508.101223096093,11558.0810546875,193121
2025-12-29,11542.400539108186,11583.560398391814,11496.34069657651,11562.98046875,197600
2025-12-30,11573.760981217962,11574.740977914085,11417.941506534335,11470.861328125,236323
2025-12-31,11447.34158870078,11558.081217116429,11446.361591989138,11548.28125,172267
2026-01-01,11556.120792107806,11676.660383138103,11548.280818707462,11662.9404296875,71887
2026-01-02,11664.900455461067,11730.56023287146,11584.54072788417,11660.98046875,206244
2026-01-05,11692.340246348738,11871.679636599498,11622.760482918115,11845.2197265625,302803
2026-01-06,11857.960224682993,11980.459813780959,11824.640336448347,11959.8798828125,225766
2026-01-07,11985.359143202662,12004.959076388603,11836.399650989515,11940.279296875,246825
2026-01-08,11921.659350003109,11944.19927314738,11793.2797877466,11822.6796875,229175
2026-01-09,11816.800304790253,11823.660281746093,11614.92098294693,11698.220703125,263833
2026-01-12,11632.56075384361,11881.479914035377,11550.241031575468,11856.0,275484
2026-01-13,11808.960058236986,11954.979564351284,11697.240436109267,11803.080078125,290750
2026-01-14,11832.479975010201,12076.499149581803,11703.120412586699,12009.859375,408660
2026-01-16,11563.960378292131,12156.858346840161,11563.960378292131,12130.3984375,454481
2026-01-19,12102.959356829919,12147.059208737395,11988.299741870476,12051.01953125,257602
2026-01-20,11980.459726575456,12150.979153358618,11755.060484275878,11817.7802734375,298026
2026-01-21,11817.780408452394,12034.35968287548,11744.280654688904,11986.33984375,209393
2026-01-22,12047.09894803904,12151.958590717002,11921.659375489704,12116.6787109375,286236
2026-01-23,12127.459081723335,12302.87848985493,12037.299385923858,12121.5791015625,356421
2026-01-27,12293.077885455557,12568.456942041415,12249.958033178767,12337.177734375,926373
2026-01-28,12387.15761337824,12534.157110372444,12309.737878294625,12511.6171875,456847
2026-01-29,12502.798029182148,12502.798029182148,12302.878700294144,12462.6181640625,285262
2026-01-30,12395.978273446117,12470.45802273712,12285.238646210808,12440.078125,296876
2026-02-02,12132.359298651276,12347.95857536398,11947.139920020816,12284.2587890625,259656
2026-02-03,12543.957505957109,12692.917001340349,12323.458252922706,12338.158203125,296810
2026-02-04,12347.958568005231,12582.177782112632,12333.258617329035,12549.837890625,159977
2026-02-05,12506.718083004678,12577.277846519513,12477.318181540162,12517.498046875,172331
2026-02-06,12470.457568121414,12519.457401394975,12369.517911577877,12467.517578125,124704
2026-02-09,12552.777856654875,12809.536994639384,12467.518142896659,12786.9970703125,235298
2026-02-10,12798.756948343796,12847.756783521221,12708.597251617331,12762.4970703125,167157
2026-02-11,12825.216758547425,12825.216758547425,12648.817353294997,12709.5771484375,92473
2026-02-12,12709.577151360667,12809.536814360034,12641.957379331683,12768.376953125,179716
2026-02-13,12751.717104089523,12764.457061233174,12615.497562322813,12703.697265625,178236
2026-02-16,12639.017192871432,12737.016860956037,12603.737312360974,12721.3369140625,81768
2026-02-17,12695.85743902351,12747.797264902958,12581.197823402841,12724.27734375,136174
2026-02-18,12726.237209664947,12833.056850497649,12726.237209664947,12790.9169921875,161603
2026-02-19,12778.177087002114,12797.777021179585,12384.21841003495,12434.1982421875,195303
2026-02-20,12396.958079719812,12581.197456714857,12326.398318317455,12510.6376953125,120589
2026-02-23,12573.35701261584,12736.036456426767,12503.777250503934,12716.4365234375,134369
2026-02-24,12712.516795970776,12749.756669409482,12641.957035771124,12700.7568359375,332450
2026-02-25,12701.73698425878,12799.736652372805,12608.637299550455,12780.13671875,201537
2026-02-26,12827.176289270841,12827.176289270841,12573.357154201613,12678.216796875,209041
2026-02-27,12637.05724595971,12639.017239328607,12387.158091425415,12423.41796875,272915
2026-03-02,12127.458574672675,12369.517747839878,12078.458742047735,12270.5380859375,237506
2026-03-04,11931.459107544319,12249.958015959259,11650.200071497893,11864.8193359375,394665
2026-03-05,11864.819819450378,12083.359079360962,11789.360074996948,12042.19921875,284992
2026-03-06,11916.760135980647,11963.799978622676,11709.000830978352,11747.220703125,296585
2026-03-09,11530.641059638117,11571.800920636315,11102.38250591877,11150.40234375,590742
2026-03-10,11373.841020585744,11523.7805067265,11300.34127247753,11420.880859375,460885
2026-03-11,11416.961051156812,11429.701007694584,11201.361786671447,11232.7216796875,231139
2026-03-12,11172.94256942409,11176.862556291708,10837.783692242876,10867.18359375,535730
2026-03-13,10779.963248280896,10779.963248280896,10361.50467491581,10403.64453125,723904
2026-03-16,10456.564813165882,10927.943226955273,10438.924872525115,10876.9833984375,728077
2026-03-17,10868.163639932023,10936.763410427537,10771.14396451694,10893.6435546875,332933
2026-03-18,10901.48287147406,11061.222327429676,10893.642898175625,11022.0224609375,211865
2026-03-19,10858.363698822128,10909.32352845559,10562.404688258564,10597.6845703125,283817
2026-03-20,10701.564225552176,10754.484048645567,10635.904445047414,10715.2841796875,365914
2026-03-23,10659.423875530032,10659.423875530032,10118.465708821142,10154.7255859375,644386
2026-03-24,10436.964945543305,10649.624231288177,10262.525531429997,10548.6845703125,369647
2026-03-25,10584.94415010822,11011.242706287932,10584.94415010822,10979.8828125,456437
2026-03-27,10950.482984355202,10950.482984355202,10750.563660137512,10827.9833984375,418469
2026-03-30,10765.263659151058,10770.163642609934,10473.224645002036,10530.064453125,632265
2026-04-01,10585.924279308907,10889.723254182612,10430.10480509949,10499.6845703125,431636
2026-04-02,10426.184389528895,10449.704309196975,10157.66530665166,10407.564453125,333524
2026-04-06,10398.744434262324,10756.44321086262,10329.164672238703,10735.86328125,374420
2026-04-07,10703.524186531296,10734.88408160262,10549.664701337613,10717.244140625,263658
2026-04-08,11171.962043086918,11540.440791174697,11121.98221289416,11370.9013671875,612764
2026-04-09,11196.462029564389,11330.721574251507,11162.162145885199,11219.001953125,330553
2026-04-10,11269.961935213349,11410.101461886,11246.442014652903,11357.181640625,420339
2026-04-13,11138.642325791167,11291.521808707183,11056.322604221006,11271.921875,220442
2026-04-15,11603.160558973272,11710.960192544813,11476.740988693917,11549.2607421875,274811
2026-04-16,11603.160382842889,11621.780319268059,11475.760817828566,11589.4404296875,308549
2026-04-17,11583.56045518362,11691.360087169254,11502.220732867187,11648.240234375,165109
2026-04-20,11730.559939811561,11820.719631913706,11579.640455205797,11678.6201171875,335624
2026-04-21,11563.960487789684,11823.659600439198,11563.960487789684,11798.1796875,320111
2026-04-22,11772.700205644376,11977.519513309378,11760.940245395666,11949.099609375,312307
2026-04-23,11862.859348834194,11968.698986147212,11697.239916372155,11923.619140625,227223
2026-04-24,11958.899316552759,12001.039173195533,11714.880146691115,11758.0,349586
2026-04-27,11904.999303314946,11995.158995108244,11631.580237985274,11769.759765625,567601
2026-04-28,12036.319562785606,12036.319562785606,11554.161182644708,11580.62109375,509322
2026-04-29,11632.560658618904,11818.76002889166,11580.620834279664,11596.30078125,361932
2026-04-30,11541.420571483768,11541.420571483768,11254.28155242588,11354.2412109375,719688
2026-05-04,11436.561074773559,11562.0006478302,11358.161341613157,11522.80078125,461238
2026-05-05,11437.541166888923,11747.220115456905,11391.4813232728,11723.7001953125,350047
2026-05-06,11781.51984651503,11898.13944905498,11703.120113715062,11851.099609375,355092
2026-05-07,12024.559631096401,12029.459614646155,11877.56012460378,11903.0400390625,227651
2026-05-08,11848.159491860617,11867.759424849635,11639.42020552759,11710.9599609375,258727
2026-05-11,11564.940840689786,11698.220389400387,11537.500933602309,11628.640625,198930
2026-05-12,11628.640434538089,11628.640434538089,11272.901644909121,11285.6416015625,343980
2026-05-13,11269.962193116522,11418.921693408149,11202.342419957822,11341.501953125,453482
2026-05-14,11367.961399888813,11533.580837525124,11318.961566268601,11458.12109375,220410
2026-05-15,11451.261019165007,11495.360869046259,11233.701759750833,11257.2216796875,284388
2026-05-18,11218.021593426309,11366.98108344123,11027.902244328317,11329.7412109375,233668
2026-05-19,11309.161972271399,11324.841919546645,11120.02260826374,11140.6025390625,347784
2026-05-20,11073.96258744467,11201.362157034742,10986.74288210993,11180.7822265625,168245
2026-05-21,11254.281411710715,11286.621300824827,11145.501784690523,11244.4814453125,244967
2026-05-22,11300.342155963675,11416.961765412958,11280.74222160245,11337.58203125,340427
2026-05-25,11456.161524736695,11560.041175859202,11381.681774875276,11491.44140625,229618
2026-05-26,11456.160751614525,11513.98055352601,11348.361120932095,11390.5009765625,210716
2026-05-27,11407.161801426555,11514.961440443472,11368.941929411465,11455.181640625,243628
2026-05-29,11367.961877830518,11543.381289566005,11111.202738865724,11252.322265625,1776975
2026-06-01,11276.821341750969,11338.561130099826,10986.74233617538,11007.322265625,497866
2026-06-02,10919.1231619808,10976.942966913206,10852.483386804468,10941.6630859375,413041
2026-06-03,10956.363098622873,11014.18290388394,10799.563626728448,10878.943359375,412934
2026-06-04,10838.763228039466,10926.96292881013,10741.743557191734,10777.0234375,541327
2026-06-05,10877.963006251719,10898.542936263546,10629.043852775329,10693.7236328125,424664
2026-06-08,10542.804574962367,10677.06412383482,10534.96460130558,10579.064453125,285585
2026-06-09,10594.744469278423,10763.303903994534,10556.524597453257,10692.744140625,257371
2026-06-10,10705.483360151504,10737.82324946723,10597.68372909908,10648.6435546875,470400
2026-06-11,10582.004363421918,10719.203901380713,10491.844667048996,10613.3642578125,236130
2026-06-12,10730.96360198626,10930.882923886278,10626.103957656349,10894.623046875,192524
2026-06-15,11017.122351715125,11333.66127002183,11017.122351715125,11236.6416015625,404414
2026-06-16,11255.262269314864,11280.742183899294,11140.602653684926,11163.142578125,234423
2026-06-17,11152.361929707422,11191.561795892685,11087.682150501736,11145.501953125,177587
2026-06-18,11162.162436604603,11230.762205749672,11010.262947783382,11201.3623046875,321556
2026-06-19,11084.742257174688,11246.441706598598,11073.962293879762,11139.6220703125,403613
2026-06-22,11143.541978655061,11189.601821500615,11088.662165902912,11173.921875,226862
2026-06-23,11130.802095424848,11194.501878503084,11040.642402452573,11080.822265625,324599
2026-06-24,11080.822710332595,11249.382143089048,11049.462815866278,11201.3623046875,233046
2026-06-25,11257.221647302584,11440.481022948581,11221.941767499076,11259.181640625,402451
2026-06-29,11227.821783890922,11308.181510370721,11086.70226421908,11109.2421875,230886
2026-06-30,11090.622129584888,11149.421928805097,10994.582457525215,11027.90234375,331714
2026-07-01,11073.962317099118,11255.261700166671,11072.002323768658,11226.841796875,119013
2026-07-02,11300.342203888913,11336.602082610958,11214.10249233378,11305.2421875,137631
2026-07-03,11345.421462566243,11509.080906657853,11345.421462566243,11488.5009765625,157877
2026-07-06,11488.501004701167,11515.940911562178,11395.401320708452,11427.7412109375,158010
2026-07-07,11421.861425454304,11514.961111032868,11375.801581010173,11415.9814453125,152287
2026-07-08,11324.841670428521,11367.96152448692,11062.202559345547,11125.90234375,213785
2026-07-09,11130.802000682,11377.761157590952,11130.802000682,11293.4814453125,161622
2026-07-10,11352.281631585689,11490.461164566834,11352.281631585689,11476.7412109375,135130
2026-07-13,11367.961896929824,11406.181768824674,11304.262110438407,11339.5419921875,121301
2026-07-14,11232.722104597522,11312.101836797174,11127.862458358477,11266.0419921875,404659
2026-07-15,11273.881727798002,11617.860560070003,11273.881727798002,11575.720703125,379635
2026-07-16,11622.7607208659,11638.440667875499,11471.8412308985,11535.541015625,260149
2026-07-17,11534.56075506177,11565.920648363552,11429.701111833936,11492.4208984375,247044
2026-07-20,11532.6008398618,11760.94006451236,11418.921225872678,11664.900390625,456048
2026-07-21,11828.560157348169,11883.439972494109,11687.44063268718,11852.080078125,830840
2026-07-22,11839.33996289506,11928.519661316004,11618.840708557555,11655.1005859375,283753
2026-07-23,11557.101160000106,11728.60058364125,11524.761268684919,11669.80078125,415137
2026-07-24,11514.961331554428,11660.980841205628,11456.16152901032,11609.041015625,229015
2026-07-27,11666.860741168279,11759.960427889066,11516.921245712692,11643.3408203125,250956
2026-07-28,11656.080051987496,11807.979531393756,11585.520293811685,11716.83984375,406573
2026-07-29,11808.959826637774,11848.159693282214,11740.360060010002,11758.0,282068
2026-07-30,11800.0,11861.0,11730.0,11847.0,291418
2026-07-31,11850.0,12009.0,11799.0,11903.0,390471
2026-08-03,11940.0,12054.0,11905.0,12054.0,159579
2026-08-04,11920.0,12050.0,11905.0,12050.0,126569
2026-08-05,12049.0,12239.0,11970.0,12190.0,215254
2026-08-06,12190.0,12204.0,12011.0,12075.0,208304
2026-08-07,12051.0,12105.0,11970.0,12105.0,171352
2026-08-10,12040.0,12124.0,11921.0,12038.0,138801
2026-08-11,12036.0,12061.0,11720.0,11780.0,184916
2026-08-12,11790.0,11891.0,11650.0,11891.0,328113
2026-08-13,11875.0,11905.0,11570.0,11706.0,309798
2026-08-14,11657.0,11698.0,11587.0,11619.0,198920
2026-08-17,11610.0,11709.0,11541.0,11681.0,194270
2026-08-18,11626.0,11674.0,11499.0,11499.0,210406
2026-08-19,11499.0,11499.0,11396.0,11450.0,251888
2026-08-20,11500.0,11643.0,11422.0,11575.0,209955
2026-08-21,11549.0,11620.0,11526.0,11570.0,133753
2026-08-24,11566.0,11606.0,11484.0,11504.0,297744
2026-08-25,11505.0,11554.0,11445.0,11540.0,225470
2026-08-26,11580.0,11820.0,11580.0,11717.0,207929
2026-08-27,11674.0,11815.0,11674.0,11717.0,319993
2026-08-28,11705.0,11746.0,11523.0,11589.0,235738
2026-08-31,11550.0,11560.0,11415.0,11450.0,381057
2026-09-01,11450.0,11550.0,11390.0,11400.0,168152
2026-09-02,11350.0,11398.0,11180.0,11393.0,228820
2026-09-03,11450.0,11450.0,11275.0,11275.0,247711
2026-09-04,11357.0,11434.0,11292.0,11408.0,280870
2026-09-07,11370.0,11370.0,11175.0,11175.0,214788
2026-09-08,11175.0,11215.0,10995.0,11009.0,338272
2026-09-09,10975.0,10998.0,10860.0,10900.0,325637
2026-09-10,10896.0,10979.0,10858.0,10979.0,270894
2026-09-11,10859.0,11060.0,10790.0,11000.0,223277
2026-09-15,11045.0,11045.0,10697.0,10697.0,335172
2026-09-16,10777.0,10880.0,10639.0,10700.0,236781
2026-09-17,10740.0,10841.0,10703.0,10764.0,180788
2026-09-18,10890.0,11060.0,10819.0,11014.0,458848
2026-09-21,11014.0,11146.0,10983.0,11100.0,152231
2026-09-22,11100.0,11142.0,11000.0,11000.0,320797
2026-09-23,11050.0,11198.0,11044.0,11155.0,218031
2026-09-24,11098.0,11192.0,11056.0,11056.0,304695
2026-09-25,11100.0,11184.0,11027.0,11155.0,191155
2026-09-28,11155.0,11155.0,10978.0,11025.0,331811
2026-09-29,11010.0,11027.0,10826.0,10829.0,514924
2026-09-30,10829.0,10971.0,10800.0,10956.0,257558
