Date,open,high,low,close,volume
2021-01-01,175.4706905976653,178.0682366568556,175.4706905976653,176.86061096191406,10084672
2021-01-04,177.72644116454896,181.3493318742166,176.72387618999963,180.64297485351562,19511442
2021-01-05,179.5948705628696,186.74949156182524,179.32144245622422,185.15451049804688,50313494
2021-01-06,184.56208363573694,190.2128705755038,183.7873730304632,185.2000732421875,44972600
2021-01-07,187.86597202068907,188.20775365565697,184.03802049047468,185.3595733642578,24689510
2021-01-08,185.70136266444698,197.16243784869155,185.5874354480884,196.04595947265625,81986460
2021-01-11,198.68902286509797,205.5246543856862,198.23331409705875,203.6106719970703,94668036
2021-01-12,204.13476576517044,209.96783293496682,201.60557354072137,208.5779266357422,44268930
2021-01-13,210.0817667643229,213.0210942265888,206.3449488642315,209.17034912109375,58380386
2021-01-14,205.98039674664554,212.36032053968324,195.95480221472917,207.0513153076172,143103614
2021-01-15,207.23359345240488,209.35263676125635,198.96248084919944,199.85110473632812,50615558
2021-01-18,200.96760225386694,202.79043764845983,195.54466973637915,196.66114807128906,43021174
2021-01-19,197.3219248778871,200.30681217404245,194.90667362352707,196.0687255859375,31355580
2021-01-20,197.7776370458354,204.08920727676565,197.321928204716,202.7676544189453,48839358
2021-01-21,205.79810298341144,206.6411670699163,201.56000267306106,203.1549835205078,31822754
2021-01-22,204.3653419861123,206.44347314260995,201.16820855248778,203.1321563720703,22797624
2021-01-25,203.31484032195783,205.98673310669713,198.7475069936497,199.70664978027344,14760338
2021-01-27,200.04919765669848,207.69948090041927,199.70664766071098,203.90859985351562,59180420
2021-01-28,202.44704864490717,204.89057474956363,195.16214645164442,197.26312255859375,29624870
2021-01-29,199.77518234609008,199.91221072636677,189.7955549695381,190.86888122558594,31264842
2021-02-01,190.04673493066016,193.56357308889463,186.4385445341777,192.51309204101562,30163704
2021-02-02,195.48189467314202,198.93022625848928,193.49510160081732,195.64175415039062,26620996
2021-02-03,196.48668208649553,200.93983200742437,196.48668208649553,197.993896484375,19795332
2021-02-04,197.99391330835468,199.54680395838804,195.59606314718081,196.34967041015625,14386598
2021-02-05,197.30883589151276,197.94825988681495,192.07923269819574,194.36289978027344,17358052
2021-02-08,196.55520302555226,199.9121959880853,194.70542456616664,198.81602478027344,25032680
2021-02-09,201.0768745231954,206.32930849711192,198.77037648392124,200.6658172607422,58949660
2021-02-10,201.87615104796947,202.85812501312532,198.6790174340876,200.50595092773438,21215470
2021-02-11,200.50593493568545,201.19103494116044,197.9482254608997,199.59246826171875,18474052
2021-02-12,200.96266250265128,205.16461465761014,200.7799719607824,201.87612915039062,38561668
2021-02-15,203.06365905995406,203.2006734955755,199.5011304114378,200.82566833496094,15689754
2021-02-16,203.70306057385463,204.5251749739069,198.13090849849442,199.84365844726562,24907596
2021-02-17,199.09008154993666,200.50595784403177,195.71025725778497,196.48670959472656,14780384
2021-02-18,196.53236695533977,199.43262669298406,196.0984786093278,197.7427215576172,16771472
2021-02-19,197.8340665720768,199.0215761826475,194.6141017238265,196.37252807617188,16957332
2021-02-22,196.715052949396,197.69702683191474,190.00106734989498,191.2342529296875,21332174
2021-02-23,191.6910215308744,194.56843649523353,189.22464991754052,189.77273559570312,17984706
2021-02-24,190.77753901215794,194.4770682512852,189.43016996148552,193.243896484375,10120594
2021-02-25,193.24389663880368,195.9386208039053,192.0335559646407,192.42176818847656,18220784
2021-02-26,190.89171113278573,191.75950171885728,186.3472086791013,187.39768981933594,23463882
2021-03-01,187.71741874749935,191.23427134075519,186.89530424075215,189.2703094482422,12843392
2021-03-02,191.69099490576338,197.81121908264802,191.02872596483658,196.57803344726562,29750468
2021-03-03,197.76553057419858,199.43260442992795,195.59604727113287,198.90736389160156,17564904
2021-03-04,195.8929240818252,202.92661463476256,195.2535002021755,200.41458129882812,25927594
2021-03-05,200.9626731266134,200.9626731266134,190.4578061222677,192.2162322998047,87862344
2021-03-08,194.15735911624108,194.18019020946974,189.79554705304386,190.41213989257812,24709676
2021-03-09,191.73664481187018,193.10684479081655,187.28349488029448,191.46261596679688,23811258
2021-03-10,194.61407976578238,196.71505592614224,193.19820361825322,194.88812255859375,34582736
2021-03-12,197.08044808731876,197.6741958897436,192.78715722025686,194.20303344726562,17920252
2021-03-15,194.0203264109354,195.75592154786173,190.82319288008782,194.728271484375,15034204
2021-03-16,195.13933994770284,198.65619260930455,194.40856373950544,196.0756378173828,21347294
2021-03-17,195.93861156180262,198.90737840364812,190.7775301659527,191.66815185546875,24269624
2021-03-18,193.31240318397712,193.72346043850828,184.65730005318702,187.32919311523438,20165862
2021-03-19,186.78111305715342,188.9277514850791,182.4421461392489,187.48904418945312,33750804
2021-03-22,187.7402623714726,190.11528167587556,187.3520501241738,189.2931671142578,13245968
2021-03-23,190.77755469286862,193.38092681814643,188.49388759785413,189.77273559570312,23150388
2021-03-24,187.87726668706233,189.74987621349794,186.89529277027162,187.7174072265625,10280694
2021-03-25,187.58038958752218,188.03712293062458,181.66568721898764,182.53347778320312,25474258
2021-03-26,184.88565133648802,186.21018917950764,182.99021075414694,184.47459411621094,18066738
2021-03-30,184.97701054159322,192.03354651909385,184.97701054159322,190.96022033691406,26339126
2021-03-31,191.73665329102073,191.73665329102073,188.79073156904585,189.15611267089844,14890268
2021-04-01,191.3027638645011,193.12969723995124,189.2474638171197,190.1837615966797,15193886
2021-04-05,190.20659976065667,195.43618799606287,190.09241642881295,194.31719970703125,42432790
2021-04-06,195.4590535104977,195.89294185394047,192.90134382145897,195.09365844726562,16641040
2021-04-07,194.11167597661824,200.50594294996566,193.38089982055652,200.04920959472656,27735300
2021-04-08,201.85332200460462,203.68025551680503,200.96268634204827,201.9218292236328,25833228
2021-04-09,202.28718288415223,206.1465849800045,200.96265905533014,205.57566833496094,23398770
2021-04-12,205.53002880969382,205.57570493710875,196.12131803650396,197.58287048339844,30172534
2021-04-13,197.3088145718645,199.84367918371402,188.44819003849244,191.34844970703125,40840640
2021-04-15,191.32558069536086,198.4277920260778,189.54432357474695,196.7150421142578,53517782
2021-04-16,201.73913356810712,216.33175626544593,199.13574780357348,214.29930114746094,218723272
2021-04-19,211.46756467208982,218.2957345926922,210.59977399783196,215.92071533203125,87619710
2021-04-20,217.40508173173396,218.11301287209858,213.6598625635179,214.71035766601562,35461382
2021-04-22,215.39544082200706,225.8546312722121,215.39544082200706,222.26927185058594,85241858
2021-04-23,220.85338113476027,222.5889760338291,216.6514431474026,217.26803588867188,27192006
2021-04-26,218.9579765648245,220.99044565315478,217.86181925562013,219.36903381347656,18629288
2021-04-27,219.87142404456168,222.42913350083344,219.6887334987698,221.5384979248047,14418934
2021-04-28,221.9039077732275,225.26090078761,219.80293151033266,223.47962951660156,19231068
2021-04-29,225.03252780004829,225.07818998446965,221.83539434039164,223.7308349609375,15282266
2021-04-30,224.4844421975084,233.75612365492614,223.4796232491399,225.05535888671875,58231142
2021-05-03,222.8630473187208,226.53974527043295,220.7163949635821,222.58900451660156,17199462
2021-05-04,222.56616249085104,223.02289585441807,218.22719553696436,220.12265014648438,16204858
2021-05-05,221.4243328584826,226.5397521930388,220.7392328014472,224.07339477539062,23713182
2021-05-06,225.48928234567325,235.12634581487387,222.5433463770219,233.98451232910156,48827088
2021-05-07,234.7609467041371,235.92561119511245,231.79217986838438,235.3318634033203,29333162
2021-05-10,236.40519255606998,241.38359767974734,234.4184134515238,240.21893310546875,25088944
2021-05-11,236.56504851984064,239.00856083616313,234.78377727165602,236.7705841064453,15298998
2021-05-12,237.4785043531219,238.66599987962883,230.5818281708006,231.8378448486328,15742214
2021-05-14,231.7921993747708,232.20325664509588,225.0553817574745,227.6587677001953,13599758
2021-05-17,227.65875069959822,230.05660085889656,226.083015019558,228.27532958984375,11505300
2021-05-18,229.28014945174078,235.12633095403626,228.77773996207569,232.0433807373047,18761492
2021-05-19,232.15757767756753,236.4965449034239,230.7188702798314,233.68763732910156,14980792
2021-05-20,235.67440323048606,236.13113657008003,230.01091260719997,232.1347198486328,12584608
2021-05-21,232.934020128625,235.62875817886933,232.54579397406468,234.16720581054688,10395006
2021-05-24,233.80178317511294,236.81622586776245,232.77413320750935,235.1719970703125,14873624
2021-05-25,236.31386145555106,239.71650282781388,235.5374091358588,236.38235473632812,15909128
2021-05-26,235.17203681407636,242.27423554841886,235.10351565394032,240.81268310546875,17646380
2021-05-27,240.81265215768127,248.9196688969868,239.80783323998668,247.0470733642578,58822252
2021-05-28,246.17928127847748,246.77302907169425,243.27903559038475,246.04226684570312,11757252
2021-05-31,246.04230288864605,246.88724857852458,242.54828101870237,246.2021484375,10772410
2021-06-01,247.5038126695114,249.833141595831,246.4761626355249,247.91485595703125,11930088
2021-06-02,247.52667634110404,248.9197076618342,243.4389067591883,248.00624084472656,9427136
2021-06-03,249.239436880094,251.157722850322,245.85959836698774,246.2021484375,11275982
2021-06-04,248.23460907840413,249.14807590113975,246.84157774909133,247.1841278076172,9543432
2021-06-07,248.78262463872133,251.751390975993,247.869158073407,250.40402221679688,8696866
2021-06-08,251.20337284101706,253.71540656942722,250.8151605973443,251.47740173339844,10859468
2021-06-09,252.5735696245463,252.68775297428616,247.6408544911437,248.5543212890625,12413798
2021-06-10,249.17085428362864,253.71535634069653,249.17085428362864,253.14443969726562,11441488
2021-06-11,253.48700101446312,255.29110326370792,251.88843434139892,253.1672821044922,11224718
2021-06-14,252.98460988584532,257.0495199132328,252.57353872635187,256.5014343261719,11904318
2021-06-15,256.45579826574397,257.59763173976773,254.40049801250112,254.8115692138672,7674490
2021-06-16,255.7250637080066,256.9353905955681,252.80195854698843,253.6012420654297,10994538
2021-06-17,252.34518843170238,256.455788786246,250.997819406799,255.17694091796875,8798696
2021-06-18,255.7706854288164,256.6613210695074,249.39924938607936,251.11199951171875,20014232
2021-06-21,248.80550710401226,248.80550710401226,244.4437089293143,247.61801147460938,10781642
2021-06-22,249.03386488918426,255.7478508659567,247.68649589993666,254.1949462890625,11505842
2021-06-23,255.770690425498,256.1589026441767,245.90526065980313,246.7045440673828,22485404
2021-06-24,247.50384309810124,251.4545703217289,246.270657330349,250.76947021484375,17337360
2021-06-25,251.13482039643273,251.66007489766162,246.8643747408096,250.06150817871094,10079644
2021-06-28,251.08916613341745,251.5687305888732,248.57713263867657,250.01585388183594,6519660
2021-06-29,250.19855136383023,252.9161206737422,247.09276981398563,247.8235321044922,15855760
2021-06-30,248.85117424167376,250.28989555846633,247.54949524213276,249.21658325195312,8586644
2021-07-01,248.91968122185745,249.33075239661034,245.7225477015767,246.33912658691406,8658748
2021-07-02,246.68166678524364,247.68648571268312,243.71290006318523,245.99656677246094,8314614
2021-07-05,247.9605281054829,247.9605281054829,244.60352151089296,244.96890258789062,6878338
2021-07-06,245.06031292623567,245.85959641776077,242.91366025935196,243.25621032714844,8386882
2021-07-07,243.9184358037117,244.99177588385575,239.83066681604632,243.0506591796875,10755374
2021-07-08,243.84994373330585,245.24297485841007,241.15520585054733,242.52540588378906,9131020
2021-07-09,240.88118071341907,242.50257853576193,238.98572615412223,240.150390625,11449216
2021-07-12,242.41122230958388,243.0506601418517,238.96289113800404,240.1732177734375,7731112
2021-07-13,241.15519757668847,241.84029756980405,238.6888264507563,239.7164764404297,8344716
2021-07-14,240.35591688396246,257.2778813239028,240.05902906631124,256.547119140625,58696166
2021-07-15,256.2274073487639,264.74549541045087,255.31394065589845,263.0327453613281,62132402
2021-07-16,264.90533555549547,269.1301189242684,259.56154993531095,263.877685546875,73815654
2021-07-19,261.50269167228333,266.7322944592139,260.33802712628756,262.0736083984375,21715702
2021-07-20,262.94143608756673,264.06043854455675,256.47864702865365,259.4702453613281,21047054
2021-07-22,263.580815280117,267.1890200347217,260.79475288859163,266.8236389160156,24086770
2021-07-23,267.874106476521,274.8621210701155,266.5952586876264,273.65179443359375,28114910
2021-07-26,274.0857139468196,274.2684184653749,268.6734340753652,269.6782531738281,12199806
2021-07-27,268.97025386310554,271.5964703609766,266.8007706692121,270.1349182128906,7966274
2021-07-28,269.906578418153,271.00272173069857,266.27554271486474,270.3633117675781,9147860
2021-07-29,271.11694671946753,273.12658491639337,268.513588529226,269.6782531738281,11668940
2021-07-30,268.94741436175974,270.8428688611671,267.18900216489504,268.1709899902344,6356412
2021-08-02,268.65057113860706,271.9390569452736,265.93300203876487,270.5003356933594,9247796
2021-08-03,275.866984299282,275.866984299282,271.3681712855169,273.7660217285156,10331214
2021-08-04,275.6385797472707,275.86694642477465,271.43662730583964,272.5784606933594,9018712
2021-08-05,272.89814544141854,280.66261150418694,272.89814544141854,274.4510498046875,22588728
2021-08-06,275.7527732849121,276.96312787116545,272.350104088895,273.1265563964844,10540400
2021-08-09,274.040013004743,276.7804131347904,271.98471290720744,272.5784606933594,9293502
2021-08-10,273.3092568578383,278.12778828483636,270.88854772109744,275.7984313964844,14055564
2021-08-11,274.9078192297919,277.00878152510234,273.33208356991315,274.6109313964844,8565026
2021-08-12,274.9535016561145,278.1049732078739,274.33692272836737,276.7119140625,7905016
2021-08-13,276.78041781960803,283.38022048653966,276.78041781960803,281.119384765625,16729368
2021-08-16,281.3934206443208,283.58576314152884,278.8357248999686,280.4571228027344,7144852
2021-08-17,280.3200601180404,290.9619403280194,279.1553957898526,289.97998046875,23645544
2021-08-18,290.3682327370106,291.94396839957733,285.27564463778003,287.4679870605469,13847154
2021-08-20,284.3165426932584,288.63267891673183,282.2612423846324,283.1975402832031,12341386
2021-08-23,285.9150874136836,290.91632335194913,284.77325399749475,287.2167663574219,14072750
2021-08-24,290.4824362194407,290.4824362194407,285.04729772436565,289.3634338378906,8967436
2021-08-25,290.0256509015307,293.5881651325225,287.53644879481334,288.49560546875,12815436
2021-08-26,288.74686526107376,291.6242801476256,285.91511256446927,287.2624816894531,8416702
2021-08-27,287.513666126407,290.4824331316836,285.5953803322541,290.00286865234375,8743108
2021-08-30,290.4596204169432,292.0810184624468,287.99324882885645,288.8610534667969,8743710
2021-08-31,289.8429820239539,293.4740178478762,287.2396241471721,292.7432556152344,15591816
2021-09-01,294.0449499337617,295.6663478875384,290.1398850375408,293.24566650390625,9450444
2021-09-02,294.59300480626666,300.0738048956856,292.6518881079308,297.5389404296875,9077556
2021-09-03,298.246925648537,299.93684489143,296.64835866573475,299.2060546875,7549940
2021-09-06,299.9139788230241,314.55227776894395,299.9139788230241,313.5246276855469,24676832
2021-09-07,315.14603492813194,315.14603492813194,307.26738405492864,307.9524841308594,12812218
2021-09-08,308.47773878479404,308.47773878479404,301.4440335186417,302.4488525390625,13432462
2021-09-09,301.85509290474766,303.5221529654815,298.70362152691195,302.517333984375,11611460
2021-09-13,302.51734083937015,306.8563079170569,300.4620406446764,306.3539123535156,11177578
2021-09-14,306.4680948231367,308.61474726238316,306.01136144784147,307.58709716796875,7322676
2021-09-15,307.83831392471774,310.8299121419507,306.0113803109212,307.86114501953125,8290832
2021-09-16,310.46452700973697,310.9212604073239,303.72770939532927,305.0293884277344,9315692
2021-09-17,306.65077913399927,308.0209791696708,302.70002454709663,303.84185791015625,10815562
2021-09-20,300.4163625234928,306.2397127662515,298.42958359138584,302.5858459472656,9092860
2021-09-21,301.67236562802674,305.5545989479938,300.1194611493238,304.9151611328125,7367102
2021-09-22,305.554624567346,308.06665810265304,302.8142243470111,305.1664123535156,9583304
2021-09-23,307.33590127602895,309.2084969755328,306.6508012088749,307.9753112792969,6462586
2021-09-24,310.8070665854308,319.3251553141324,308.2950329833443,308.9801330566406,24253176
2021-09-27,309.688021395385,309.8250358157372,297.3333906908836,298.6579284667969,16798164
2021-09-28,298.6579573443502,298.6579573443502,290.13986897003457,292.12664794921875,16224924
2021-09-29,287.7192315233641,295.2781642596795,286.5317078721893,292.6519470214844,17679132
2021-09-30,291.7384761245783,295.3923435359233,288.90672330542674,289.6146545410156,12027918
2021-10-01,289.9343192151318,292.1951548278449,287.83335699780105,290.5965881347656,8417708
2021-10-04,292.2637137458807,293.95360502407027,290.459611240922,292.7889404296875,10494244
2021-10-05,290.6880076800038,296.64837358310393,289.5918362573843,295.4380187988281,10912148
2021-10-06,297.05934855517114,297.0821796447431,289.75161577769376,290.3681945800781,9673198
2021-10-07,291.85266614790663,296.21446489447607,290.8935370812378,293.6567687988281,7448686
2021-10-08,295.11826847405814,304.892345544655,294.5930139651091,301.9692687988281,22091966
2021-10-11,296.39710537690974,304.3214176433395,290.0256697341633,298.155517578125,20422932
2021-10-12,297.7901631438024,302.5402014366907,293.47402713637484,301.032958984375,18680432
2021-10-13,303.7276599160172,308.1579787262404,299.6170600073794,307.1988220214844,18925882
2021-10-14,318.3431943280092,337.91421026044037,317.42972748632195,323.4814453125,118377606
2021-10-18,328.3912565923988,329.2133709918202,320.80949464237216,324.1664733886719,21198892
2021-10-19,327.52348151764454,333.3925219235251,323.3672190896665,324.9886169433594,21865148
2021-10-20,325.92493109434855,330.1040527012632,317.77225135510736,320.60400390625,16108782
2021-10-21,323.8010946645982,323.82392575537256,311.35511162251936,318.0234069824219,15916912
2021-10-22,320.5126139802881,322.2253639659327,309.7793807369154,311.6748352050781,10758302
2021-10-25,311.8347081021357,312.4969770634307,301.8094050638085,304.96087646484375,17621916
2021-10-26,306.49092240060196,310.03060601853457,303.7276910871227,305.1664123535156,12193966
2021-10-27,305.16642224383696,308.08949918085443,303.01976975964396,306.5137634277344,12631178
2021-10-28,306.4680348705941,306.74206369144747,299.1603022954384,300.0281066894531,10357542
2021-10-29,300.6447371581276,301.16999167797763,294.250470055638,295.3923034667969,13522634
2021-11-01,297.3790987910614,300.0510058460571,295.734869739367,299.36590576171875,8802466
2021-11-02,300.0738572081653,301.900790889798,297.3791188770388,298.6123046875,8079378
2021-11-03,301.1699955762289,302.2889700322144,296.9680429934171,298.0185241699219,6871182
2021-11-04,299.16036769922863,300.37072232231696,295.6892051178634,298.5666198730469,1565810
2021-11-08,298.22405572932075,301.90075373576707,295.7348533190759,300.6903991699219,9504460
2021-11-09,302.859877364765,304.29859858760324,299.93680061097416,300.736083984375,8284130
2021-11-10,299.5714208505745,300.9872831105447,297.5846140159548,298.0641784667969,8091390
2021-11-11,296.7625055740467,296.7625055740467,290.8478028887476,293.1314697265625,12067796
2021-11-12,295.96325628968196,302.58589088258384,294.9584371898826,301.4668884277344,12126506
2021-11-15,302.15194654219744,304.1844155548215,300.14233649884125,300.9416198730469,9435996
2021-11-16,300.7132311466244,305.4404098910447,299.0004811846186,302.10626220703125,11327094
2021-11-17,302.10629826734385,305.09789631604224,300.530562538856,302.2661437988281,8854994
2021-11-18,302.99690942742535,304.1615738710687,294.7071881414629,297.5389404296875,7842498
2021-11-22,300.53061703743754,301.64961959112804,291.39594782657315,294.1591796875,11582434
2021-11-23,293.54253361587627,296.3971170922311,285.93791208415035,293.58819580078125,9134924
2021-11-24,294.2733304518958,295.7805451293537,289.15791068515813,290.7108154296875,7985552
2021-11-25,290.9391384504893,293.1314529136905,289.1122050850231,290.8021240234375,6661362
2021-11-26,288.65550685991144,289.7516781632617,283.0148605585407,283.83697509765625,8277074
2021-11-29,281.5989539668294,289.0437023295743,275.84412465005545,288.01605224609375,10376060
2021-11-30,288.0160264172487,294.8213641771666,287.9703642350171,291.0533142089844,26850200
2021-12-01,293.4968407408589,295.0269141955936,289.22639505188323,289.934326171875,9453644
2021-12-02,290.89348709349434,296.00887840575075,287.2852824116927,295.4151306152344,10210456
2021-12-03,294.47888075240274,298.6808339088742,292.26373475438277,292.6519470214844,13405010
2021-12-06,291.0533307505379,294.227633146165,284.6134015896303,285.22998046875,9409906
2021-12-07,286.8285275066445,289.82012520384785,284.54486088636867,288.8381652832031,8557090
2021-12-08,291.8525689503694,298.24683493676247,291.5100189868126,293.08575439453125,15360658
2021-12-09,293.1086051407884,295.7804838850063,291.32733406011704,293.7708740234375,6865604
2021-12-10,293.2913113745448,295.00406131745433,290.0713191804433,291.5100402832031,8525212
2021-12-13,293.90795219776675,299.8683176809638,292.40073750544497,294.7757568359375,13123680
2021-12-14,295.0497442637428,297.74448218095483,291.9667941495319,295.4608154296875,8609412
2021-12-15,295.36947879613683,295.36947879613683,290.1855382706861,290.6651306152344,7123544
2021-12-16,294.13627048568844,296.83100833805935,292.0353082757927,294.2732849121094,12437240
2021-12-17,301.44402467356247,309.11713972625824,296.92235315274195,306.3767395019531,104600018
2021-12-20,304.89235281084615,309.43685537660645,302.8142215714983,304.1615905761719,26298202
2021-12-21,308.75179498407283,318.3888590909934,306.4681278614095,315.5114440917969,27362096
2021-12-22,317.8407576819101,317.8407576819101,311.12677168693887,313.15924072265625,12327754
2021-12-23,315.19168257116405,320.6268207401252,314.73494920828637,317.2241516113281,12944908
2021-12-24,318.6857436772534,320.8095652301203,315.2145808373631,319.0054626464844,13182426
2021-12-27,319.64482298562984,320.17007748743134,315.6712651527681,319.5306396484375,10188656
2021-12-28,321.083573302274,323.1388735581207,320.42130431114236,322.20257568359375,10158044
2021-12-29,322.11119038414853,324.2806737649705,319.73617142346944,321.40325927734375,7898416
2021-12-30,322.0426593139597,328.80233488851223,321.5402638024844,326.15325927734375,18087350
2021-12-31,326.92974824310363,328.29994838484066,323.8696290178655,326.7242126464844,8549558
2022-01-03,327.93452304469884,331.95377067657404,327.02105640669134,328.2542419433594,9280810
2022-01-04,330.10402825898126,330.2638737805451,324.9886091706509,329.5331115722656,10228800
2022-01-05,328.84800868846355,329.23622088133766,321.0835418166526,325.8792419433594,14711264
2022-01-06,322.3624001844577,325.30833593430015,319.6905211769216,322.3395690917969,12883220
2022-01-07,323.36722301448305,329.5331234533185,323.18451851743026,324.9657897949219,13120326
2022-01-10,323.82393456467986,323.82393456467986,315.14600119834853,316.74456787109375,27537820
2022-01-11,317.4296855944375,319.0054212637539,314.68928543103226,317.0414733886719,15487458
2022-01-12,319.7133585554898,320.5126419518785,312.04024352551653,315.7626037597656,23460682
2022-01-13,302.9055817134165,304.1844295958181,295.9632287959311,296.76251220703125,61505934
2022-01-14,296.5341846607335,296.5341846607335,290.71083332546306,292.2180480957031,26514548
2022-01-17,292.0809641959188,297.6302852996926,289.13502864548076,295.34661865234375,20457876
2022-01-18,296.37426307489426,296.8766585771551,288.26724662913347,289.24920654296875,14329980
2022-01-19,288.198763830557,288.49565167935657,282.7179632505781,283.699951171875,17382766
2022-01-20,283.4715939459671,284.27087739056816,278.83573881656287,280.9823913574219,16827124
2022-01-21,279.06096444325055,279.5184414341411,274.8521705426213,276.79644775390625,19646694
2022-01-24,277.0022983692557,277.0022983692557,260.05278264141884,262.0199279785156,26150716
2022-01-25,257.3308012656524,261.67683257591676,251.93257848575985,257.42230224609375,34712370
2022-01-27,253.89969453290823,254.76891186324255,245.75661081520687,249.21055603027344,31351744
2022-01-28,251.65808183658686,258.4516319131651,250.0798085537728,252.59593200683594,29899780
2022-01-31,260.30441839761284,262.7748054177103,257.3536861019911,261.9513244628906,26252174
2022-02-01,265.2909078283597,266.4346002609321,259.1378369566846,263.8041076660156,20920202
2022-02-02,266.2515981246014,269.91141390638285,263.04925931554266,268.9964599609375,16368826
2022-02-03,267.48677311506214,269.3624174051885,263.5753508520768,264.5360412597656,14082780
2022-02-04,263.9642236840532,264.3301996922468,259.86979903207435,261.5624694824219,13633558
2022-02-07,261.63113162257577,262.500321249511,254.17423349641317,254.81471252441406,15091358
2022-02-08,256.8275622804348,258.84044403958166,253.64809200019374,256.30145263671875,13953814
2022-02-09,258.1999797796682,261.1049469961253,257.6967384241807,260.281494140625,10207476
2022-02-10,261.859824938504,262.9348846332922,259.0234621818606,262.4316711425781,11603824
2022-02-11,258.9319786054633,258.9319786054633,254.86042218996838,256.8504638671875,15442458
2022-02-14,251.6123303181569,254.8833017811641,247.03756067600858,247.81527709960938,16241546
2022-02-15,249.59941894573652,258.58885240520885,248.5243592554263,257.7196350097656,13676992
2022-02-16,258.54312919012045,260.8991189090936,255.06628735150548,257.9712829589844,14607822
2022-02-17,261.67681664668174,261.8598185964245,256.71320288440495,258.4287414550781,14228840
2022-02-18,255.7296819237734,258.7947838747385,254.0598794507462,257.3079833984375,13411838
2022-02-21,254.24284531725718,261.9970861299929,254.08273953451257,261.12786865234375,17534002
2022-02-22,254.47155325296868,260.304384361239,254.4029205416476,258.08563232421875,21490124
2022-02-23,260.3958990623162,261.17361550218476,257.39943046846633,259.4351806640625,14408512
2022-02-24,250.69739415176076,254.76895059061573,242.98891792746275,245.73377990722656,26953888
2022-02-25,250.69737587851054,255.61525323379155,250.46863739686955,254.0140838623047,15922624
2022-02-28,252.06984761636187,256.2328774879769,248.91324488931664,254.26573181152344,18316874
2022-03-02,253.89972521537925,255.4093936727646,251.79534226534864,253.99122619628906,16354110
2022-03-03,257.55953122041274,263.4838634998827,256.3472060946426,260.5559997558594,25911326
2022-03-04,256.6446076504541,265.3366710111647,253.4651367840737,263.1865234375,26948372
2022-03-07,257.5595249429246,265.17652739119114,257.21641722763655,261.6081848144531,21112334
2022-03-08,261.6768477121713,270.25454158385526,261.6768477121713,268.744873046875,22039998
2022-03-09,268.9964450539736,272.8392625807583,266.3202160807258,267.8527526855469,23527232
2022-03-10,272.1988095317148,272.88502501792925,267.4410376584231,269.11083984375,16161966
2022-03-11,268.53898014025174,269.91141104386463,266.4345972569166,268.1730041503906,9927188
2022-03-14,268.2645076377814,274.85215928343797,268.0815056800499,273.6398620605469,15006442
2022-03-15,276.1788226261316,276.1788226261316,267.30375919519605,268.85919189453125,13853244
2022-03-16,272.3131769469628,274.2345858798695,271.0551152307022,273.68560791015625,11150296
2022-03-17,276.77356312818773,279.51842491127724,274.0287013450983,275.03515625,16881290
2022-03-21,276.8192968603037,281.8058068847656,273.5712216186523,274.4861755371094,15592952
2022-03-22,276.04165674595265,279.5184710765589,272.7249482102652,279.0838623046875,15580500
2022-03-23,280.8680472696901,281.3483925994475,278.0088156375819,279.6099853515625,11393836
2022-03-24,277.68852336105533,280.7993612014222,277.1395454075368,279.31256103515625,7751490
2022-03-25,279.518386215634,280.89081691718377,273.22807883353096,276.0186767578125,11986194
2022-03-28,278.1459818133136,278.6034587570855,273.15947195732923,274.5776672363281,11476810
2022-03-29,275.8586518473645,276.93371170973757,274.09737643313235,275.6299133300781,9402006
2022-03-30,276.8192876084858,278.740696357464,274.2574278912993,274.8521423339844,15488764
2022-03-31,274.48622300774724,275.9958916498533,270.0029536163905,270.7806701660156,14476178
2022-04-01,270.6891851909862,276.0416724407883,269.5912290651146,275.3096923828125,8567994
2022-04-04,276.77352917462446,277.45974453621443,274.02866772826457,277.0480041503906,8855948
2022-04-05,279.28530436955697,281.1535049652248,275.8717804961494,276.37921142578125,12862488
2022-04-06,275.8486852530401,275.8486852530401,272.6196872651283,273.79595947265625,8235902
2022-04-07,273.08096570997805,273.08096570997805,266.3923271917438,267.9376220703125,15721530
2022-04-08,270.3133188085737,270.7746043355508,267.77624841019974,269.22930908203125,8636632
2022-04-11,269.3907184236834,269.5060397928716,262.0562680814601,263.44012451171875,17164216
2022-04-12,262.01016436886295,262.01016436886295,256.5670010921265,257.72021484375,16338532
2022-04-13,258.3198589206011,260.8569289635713,255.82890616201468,257.9508361816406,11204576
2022-04-18,253.6378262418382,253.6378262418382,247.24903319446872,248.4483642578125,18930062
2022-04-19,250.93930117422917,251.6542880374574,242.65922117551352,244.6888885498047,13286008
2022-04-20,247.24903253873487,249.3478759713367,245.10404366250643,247.47967529296875,8660976
2022-04-21,249.55546699873776,250.24739528061966,247.87176358430492,248.72515869140625,13388782
2022-04-22,246.78774190586103,249.48625081251137,244.78116124754487,248.03321838378906,9782424
2022-04-25,244.4582457002459,245.01179390704382,241.3906859971046,244.18145751953125,9473768
2022-04-26,247.71030800467568,248.05627212200065,243.14357039413335,244.13534545898438,8718740
2022-04-27,243.0974520425048,243.0974520425048,237.3313834456712,239.3841094970703,16275078
2022-04-28,241.71357779088822,242.93599550530854,238.02329416049298,241.04470825195312,13241338
2022-04-29,243.78938687017157,243.78938687017157,233.87174861528285,234.70205688476562,24151260
2022-05-02,237.79265568280462,239.40715479995265,227.22922141749902,228.3363037109375,43822854
2022-05-04,230.64273277635678,232.41868463419777,225.6839140216651,226.83712768554688,17267854
2022-05-05,231.10402776621615,232.3495042054634,228.93598035784228,231.1732177734375,10869532
2022-05-06,226.02987294030729,226.4450270343265,221.8783038454853,223.7695770263672,18441782
2022-05-09,222.33961116000336,225.73006240290653,218.92610127301015,222.87008666992188,16675250
2022-05-10,222.80087252865277,223.14683661643016,219.64106437815613,220.33299255371094,14969534
2022-05-11,221.44009218602883,222.3165458723211,213.36759617145387,217.6806182861328,21029342
2022-05-12,215.9277338489295,219.5718862891049,213.1830796393895,218.5570526123047,14573000
2022-05-13,221.18639264705106,221.18639264705106,215.42032401704452,216.1814422607422,16775318
2022-05-16,218.6493199666341,218.81077270190386,214.49775060017902,215.88160705566406,7314066
2022-05-17,217.2654585033362,225.56859704486496,216.01998209118065,224.4845733642578,11321450
2022-05-18,226.44503914818844,228.4516338001598,221.69380433864697,221.99363708496094,15390968
2022-05-19,215.02823016228604,218.5570613750965,207.5784722513937,208.10894775390625,22945978
2022-05-20,213.11388773555257,213.20615046073655,209.88488943652905,212.00680541992188,12731912
2022-05-23,213.94421166785125,215.78935368853928,211.03811861619417,214.95904541015625,14111568
2022-05-24,216.08916964172167,216.6196450813819,211.26873117076426,212.16824340820312,13779460
2022-05-25,212.26049683140852,212.58340227707484,204.4417169065826,205.2028350830078,15481506
2022-05-26,205.7333131251568,209.74650221838965,204.81074221428167,209.12376403808594,11583082
2022-05-27,212.19132282571005,215.85854805764592,210.4615022591961,215.3972625732422,11414472
2022-05-30,218.257222278028,222.10895885557642,218.257222278028,219.6872100830078,12291148
2022-05-31,219.52574093761004,221.76297816619004,216.98867098459073,220.5175018310547,31587004
2022-06-01,220.93269316930437,220.93269316930437,216.11225412199616,217.150146484375,10514566
2022-06-02,217.63449735733744,219.77948623448407,215.92774942166594,218.71852111816406,10535040
2022-06-03,221.25557950100267,225.10731610640116,218.87996207476917,219.34124755859375,23269778
2022-06-06,217.72674050475763,219.34123963985647,214.1287194917492,218.28028869628906,13791156
2022-06-07,216.8041621761484,217.15012626472736,214.56692492120817,215.7201385498047,4701342
2022-06-08,217.28851071261911,217.72673753137315,214.17483385173614,216.98867797851562,5627652
2022-06-09,215.44338306210665,219.64108384803683,214.15178931750475,219.1336669921875,7402238
2022-06-10,215.5125968278023,215.5125968278023,210.4845734853712,212.6295623779297,17453098
2022-06-13,207.60153400344402,208.96233186172617,205.27204785533806,205.7794647216797,14130822
2022-06-14,202.96561327979379,209.28523005147733,202.04304231034016,205.68719482421875,13056384
2022-06-15,206.86348596823828,207.87830561136155,202.64271242500192,203.01174926757812,11391596
2022-06-16,205.7333132147115,206.07927730644028,193.62457000420437,194.80084228515625,17944686
2022-06-17,191.89474960599037,193.16328460939533,185.45981186688275,186.91287231445312,41550546
2022-06-20,188.66574327654652,192.77118084045105,186.42850609704635,191.27200317382812,20750838
2022-06-21,193.7399068214307,196.85358389534656,192.19459760632037,196.1155242919922,12187804
2022-06-22,194.9853835851022,194.9853835851022,189.265432208199,189.7036590576172,16202862
2022-06-23,190.2802521296034,194.10891581425486,189.72670394702763,193.30166625976562,19655010
2022-06-24,194.20119191639458,196.50761937383396,191.77944308608326,193.16329956054688,15362102
2022-06-27,196.968916025521,198.69873671661165,195.58505947264848,196.00021362304688,12447870
2022-06-28,194.66247965732884,197.93760950020211,191.75638665829996,197.084228515625,12091828
2022-06-29,193.7399275672627,195.9540925371044,192.54058234304946,194.0858917236328,16684176
2022-06-30,194.6163544785278,195.12377135662064,191.43348726476964,191.91783142089844,12123284
2022-07-01,191.43347717574423,195.21602380146842,189.77284660646737,194.6624755859375,8907248
2022-07-04,194.1781274619955,194.54715021321644,191.8947587165336,193.87828063964844,6372716
2022-07-05,194.24731498866362,195.14681321227613,190.53395849431837,190.7876739501953,11513210
2022-07-06,193.09411792156592,193.09411792156592,190.55704760841837,191.91783142089844,10522910
2022-07-07,193.7398944967841,195.56197770690613,192.44830083106496,194.10891723632812,10706024
2022-07-08,195.58504890640248,195.90795438222156,192.1484663548329,193.3247528076172,9535432
2022-07-11,191.318130138616,191.43345149493825,187.07429859503154,189.68057250976562,16689574
2022-07-12,188.66574957296646,191.36427227840952,188.2044641216878,188.7349395751953,9777472
2022-07-13,190.049620064793,190.049620064793,186.98207440105503,187.6048126220703,11956780
2022-07-14,189.4038345825394,189.4038345825394,184.7448480825961,185.18307495117188,13161242
2022-07-15,184.952406109413,186.40545245595837,180.36261026833387,181.67727661132812,22328354
2022-07-18,184.0529153693083,187.14353386483225,182.96889162372506,186.70530700683594,13632394
2022-07-19,185.8980491695254,188.11221385128823,185.06774093319325,187.12045288085938,12897178
2022-07-20,189.4960693316784,192.58668767499378,187.78932150406186,190.0957489013672,25237412
2022-07-21,188.5965658893262,192.58668236110523,185.7135317222438,190.97218322753906,45382342
2022-07-22,191.77943046556743,192.54054866097198,188.688812245058,189.51913452148438,15468542
2022-07-25,189.35771015083247,191.73332781594587,188.45819773599786,191.3412322998047,12535662
2022-07-26,191.34120142812404,191.6179755170572,186.49770414239592,186.91287231445312,15186298
2022-07-27,186.7975644479025,187.92770544984378,185.41370798055854,187.5817413330078,14084158
2022-07-28,189.95735548034784,192.3560456129221,189.54220136283345,191.89476013183594,15898464
2022-07-29,194.01665238306683,195.7234000075299,192.72504474792595,195.44664001464844,15919784
2022-08-01,196.599885723165,198.76791912668963,194.9392551077673,197.8914794921875,10365748
2022-08-02,197.86839542840798,199.1138576719673,195.8848595869169,198.16822814941406,16912426
2022-08-03,197.8914585016353,199.73660030584634,197.19953032505614,199.436767578125,12034938
2022-08-04,201.60480311075196,203.10398084421598,197.01502126545873,200.8898162841797,17789134
2022-08-05,201.18965481545735,203.88817762895064,201.18965481545735,202.96560668945312,12967586
2022-08-08,204.25721051761593,204.25721051761593,200.75145203527518,201.05128479003906,9557496
2022-08-10,200.6591733116805,201.1204587675694,196.6459842145209,198.42193603515625,11329742
2022-08-11,202.04302626899042,203.88816806140127,201.2588353762899,202.2506103515625,9154644
2022-08-12,201.6278809270961,202.27367776698944,200.65917862859843,201.16659545898438,7092398
2022-08-16,202.27368076058377,202.87334624707776,201.3972411736635,201.6278839111328,4774208
2022-08-17,201.69706284058907,205.2258937146184,201.420288755362,204.3725128173828,10401476
2022-08-18,203.77286945490926,203.77286945490926,200.22096547694753,200.6822509765625,16888260
2022-08-19,202.48125026856158,204.11880795569846,198.81402537605882,199.48289489746094,17253908
2022-08-22,198.76790752243915,198.76790752243915,193.3016718513155,193.73989868164062,12900580
2022-08-23,191.43347709885168,193.04797630329983,189.12704966392576,192.19459533691406,17028776
2022-08-24,192.7250616833796,193.50925260495748,191.13363527521068,191.9639434814453,7429170
2022-08-25,193.41700082921545,193.78603766856503,191.41042020434844,191.52574157714844,8753902
2022-08-26,193.04798138563044,194.8931233821478,192.03314765661938,192.47137451171875,7904194
2022-08-29,186.8206304938338,187.44336874427654,184.0529174494807,186.5207977294922,23519514
2022-08-30,188.73493428902805,191.87168371625634,187.3972093332505,190.76458740234375,19750992
2022-09-01,189.08090979132615,189.88815935722485,186.75142381780168,189.33462524414062,11778706
2022-09-02,190.30332445278768,190.3955871822882,187.78932696303323,188.06610107421875,9815080
2022-09-05,187.74318246335784,188.20446792395578,186.35932608156403,187.05125427246094,18018508
2022-09-06,187.7431820812437,187.90463480758737,185.090790688204,186.56690979003906,18226162
2022-09-07,185.4828799455329,188.59655669417245,184.97546314140277,187.9507598876953,12248532
2022-09-08,189.1270464261978,191.13364107569498,188.9425350500256,190.41864013671875,14064948
2022-09-09,192.35602667491685,193.48618162323717,189.74976677883708,192.4252166748047,14671342
2022-09-12,193.67071460398418,195.76955793968344,192.8403922806878,194.6624755859375,11678424
2022-09-13,196.00021849023258,196.507635387683,194.43185050682717,194.9623260498047,9408334
2022-09-14,188.66577866596177,194.98539595391466,188.66577866596177,192.0331573486328,17583964
2022-09-15,193.6015163963045,194.15505051107436,190.62621949914848,191.45652770996094,10640314
2022-09-16,190.39557040746914,190.39557040746914,184.60644361292265,185.27529907226562,20192486
2022-09-19,186.8206420603658,187.3741903344346,183.13035777275363,185.41372680664062,13584188
2022-09-20,187.28189190596788,188.8502596138554,186.56690509242517,186.77447509765625,8989822
2022-09-21,187.23577056736036,187.23577056736036,184.28354635732438,184.8601531982422,19290112
2022-09-22,183.59163164245226,184.67565539851796,182.20777512253426,183.56857299804688,16500324
2022-09-23,183.63774898459198,184.23741446650146,181.5850230058823,181.90792846679688,13966710
2022-09-26,180.82391526934856,184.14517648685492,177.41040539860472,182.11550903320312,18994144
2022-09-27,183.03807869854973,185.1599947900099,180.82391395452285,183.77613830566406,12454694
2022-09-28,182.66905542783567,184.74484014860653,182.3692226725209,183.61468505859375,8921590
2022-09-29,184.975478721214,185.3906328405366,180.61632527503713,181.19293212890625,11883068
2022-09-30,181.03147772226197,182.9919408548602,178.7481091486629,181.86178588867188,13570530
2022-10-03,181.7003377282187,183.5916109072996,180.1781013591595,181.97711181640625,8140834
2022-10-04,184.49112559706845,187.2818970027599,184.0528987785744,187.05125427246094,12591696
2022-10-06,188.82722052042078,190.51090976462066,187.9507808938676,189.1962432861328,11203878
2022-10-07,189.03478723428682,189.93429956625556,187.39722938382835,188.2506103515625,7580186
2022-10-10,184.65257473314475,190.74154878976617,184.3988733463338,189.72671508789062,18714926
2022-10-11,191.38733586453398,192.7711922541218,185.57513621280205,186.54383850097656,22723292
2022-10-12,186.47466500609752,188.94254526814737,185.2522612358684,188.18142700195312,12610118
2022-10-13,178.5174738690726,180.98535390727343,174.41203607100914,174.87332153320312,84896212
2022-10-14,178.51747388211268,178.74811661322653,173.5586551631651,174.04299926757812,27864794
2022-10-17,174.0430025731848,174.80413486216878,171.78270658080226,173.02818298339844,16909538
2022-10-18,176.9952281011005,177.24892946094516,174.55040683456093,174.96556091308594,22328480
2022-10-19,175.842022246761,175.842022246761,173.92767633392336,174.3889617919922,10198278
2022-10-20,173.90463816791498,176.48783985271606,173.44335265553326,175.9804229736328,11868814
2022-10-21,176.44169355452456,176.8107163022745,175.38074259675687,176.46475219726562,8931540
2022-10-24,178.24070457039346,178.24070457039346,177.13362224681396,177.45652770996094,3472470
2022-10-25,178.263794058461,178.263794058461,176.97218616169673,177.4334716796875,5783256
2022-10-27,178.05620402474742,178.494430883196,175.79590787720224,176.51089477539062,11723118
2022-10-28,176.5800745962631,177.9870037445671,176.21105184635925,176.78765869140625,7609676
2022-10-31,178.3098907470703,179.1632716722198,177.47958254154472,178.3098907470703,6638382
2022-11-01,178.97876951785415,181.28519696009454,178.33297264949002,181.0084228515625,11540196
2022-11-02,181.2160175657677,182.13858859669708,180.20118380081865,181.7234344482422,6716614
2022-11-03,179.78600317170722,181.6311449617953,177.84859866118884,179.2093963623047,10312476
2022-11-04,179.20939974254432,181.0084102063501,177.89473337684643,180.155029296875,9023630
2022-11-07,181.28517460731712,182.1385554711859,178.79423609229772,180.59324645996094,8252598
2022-11-09,181.76952747824492,181.93098020257278,179.50923156959945,180.3395538330078,6862546
2022-11-10,179.34778953483502,180.4087545884293,178.51748129925315,179.3939208984375,5494908
2022-11-11,183.8222605187148,187.2127115520262,183.2456536789447,184.3758087158203,28417046
2022-11-14,185.7366043846999,185.7366043846999,182.461474508213,182.92276000976562,17623428
2022-11-15,183.61467803859995,184.30660625240296,181.74647749225804,183.19952392578125,12462712
2022-11-16,184.0529038021569,185.29838021069168,182.76131010815567,183.70693969726562,11039528
2022-11-17,183.54547483328594,183.59160619301846,182.20774986493038,183.01499938964844,6057616
2022-11-18,183.52241840435457,184.00676249409813,181.19291844426988,181.67727661132812,9546202
2022-11-21,181.67728504389882,181.95405914116225,178.79425085847868,179.27859497070312,7904612
2022-11-22,179.44007157502574,179.62458297197878,177.36428668534035,179.34780883789062,8410828
2022-11-23,180.2473085458639,180.80085677501185,178.9787734249397,179.32473754882812,6717760
2022-11-24,179.8552031806797,184.39886790704819,179.50923907578843,183.70693969726562,13370266
2022-11-25,184.0528918209403,186.54383039854275,182.62290413168063,185.80577087402344,13648550
2022-11-28,185.80578644223706,188.8733461581277,185.43676368771514,187.12045288085938,13679200
2022-11-29,185.8980401033297,188.61962149781615,185.85190874193532,186.88980102539062,9102602
2022-11-30,187.69705200195312,188.20446882650722,185.73658878501033,187.69705200195312,13892346
2022-12-01,190.441721038787,192.05622028495785,189.88817280917334,190.8338165283203,15852984
2022-12-02,190.87992772176048,190.92605908564138,188.6888216719169,190.234130859375,11726622
2022-12-05,190.62621366300854,191.41040456490148,189.42686866841956,190.2110595703125,9947062
2022-12-06,189.35769090067248,190.32639323109646,188.11221446479658,189.74978637695312,8832518
2022-12-07,188.66576453408152,188.8964072780107,186.9590025980791,187.4202880859375,6568616
2022-12-08,187.85852042326678,188.2044845492765,186.03643706202251,186.22096252441406,8940712
2022-12-09,187.28191389093905,187.28191389093905,180.4779527335712,181.76954650878906,15423336
2022-12-12,181.23906481190468,183.3609808650515,178.97876874374836,182.83050537109375,10365880
2022-12-13,183.7530772092241,184.21436269784908,182.66905349549222,183.47630310058594,6813842
2022-12-14,184.8832108067169,186.58997267721213,184.16822395890466,184.53724670410156,9995152
2022-12-15,184.39889237874476,184.39889237874476,181.7695592017044,182.300048828125,7766926
2022-12-16,180.54712894718529,182.1154967193385,179.00181981745325,179.7860107421875,18012634
2022-12-19,179.18635946658736,180.13198911784153,177.91782433195468,179.46311950683594,8838046
2022-12-20,179.34778810399052,179.85520494493824,176.67233796417983,179.4169921875,8778558
2022-12-21,180.31649694995494,181.40052067728496,178.9095818229266,179.6707000732422,10215214
2022-12-22,179.94747578729053,180.80085677501185,178.05620242790394,179.32473754882812,9093800
2022-12-23,177.13361802399788,177.98699894712863,173.90461977876876,174.20445251464844,12120710
2022-12-26,174.36592075984518,176.0265513920689,173.58172977100395,175.51913452148438,7261148
2022-12-27,176.44167373362512,178.67891084348813,175.40378153519202,178.33294677734375,7685840
2022-12-28,177.5949114022269,179.693754724236,176.78766180494404,178.88650512695312,7676002
2022-12-29,178.17149947563655,180.87002208898284,177.50262996318418,180.24728393554688,9485398
2022-12-30,181.28516693406618,182.80740316289243,180.61629745567407,181.1698455810547,8256556
2023-01-02,181.2852146696811,181.7003688343772,180.13200083590448,181.3082733154297,5559512
2023-01-03,181.30825466223303,183.4763020776088,180.68553051791406,183.1533966064453,5994422
2023-01-04,183.36096021125024,183.36096021125024,179.25552265971908,179.762939453125,8926522
2023-01-05,179.90136251641533,180.91619634615293,177.01832786070355,178.47137451171875,9568980
2023-01-06,178.5174715930879,179.3477797835251,175.93427022227272,176.21104431152344,8484754
2023-01-09,178.0562085825901,181.28520718382876,177.64105443503703,180.73165893554688,7347432
2023-01-10,180.82392913617045,181.7003688343772,178.67895422080943,181.3082733154297,7879496
2023-01-11,181.28518116484707,182.6690375096169,180.59325299246217,181.67727661132812,7656600
2023-01-12,182.55371863458245,183.54547954638252,180.13196999824245,181.97711181640625,9510500
2023-01-13,182.6690502246207,182.94582432830296,178.28683816115125,181.70034790039062,13621860
2023-01-16,179.90133504832014,184.97547526763174,179.44004957383726,183.86839294433594,23867444
2023-01-17,184.53725322458018,185.45982419748609,181.63116029085288,182.83050537109375,14310032
2023-01-18,183.8222482069031,186.29012813129182,183.59160548644275,185.99029541015625,16080426
2023-01-19,185.4828845872316,186.35932413776302,183.9375754948837,186.08255004882812,9447456
2023-01-20,186.1517354834173,187.00511637114275,185.11384323336833,185.96722412109375,9265614
2023-01-23,186.91287113703484,188.08914341094746,185.6673947833387,187.74317932128906,8815290
2023-01-24,188.85301379061772,189.6853812928348,187.35014331071494,188.02066040039062,9552640
2023-01-25,187.28076989722595,187.69694656348867,184.96866162688983,185.68540954589844,6355554
2023-01-27,185.68541615445412,186.63338904622373,182.28662816568811,184.0669403076172,7410134
2023-01-30,184.06693291408286,187.18827906474843,182.67966795823148,186.0091094970703,7261256
2023-01-31,186.03222058437586,186.14782599465997,183.9050923247393,184.43687438964844,9566846
2023-02-01,185.662299274305,186.77210845255058,184.2056738458584,186.07847595214844,7029896
2023-02-02,186.07848070929035,189.59288829023905,186.07848070929035,189.33856201171875,10835460
2023-02-03,190.77203815649642,190.98013353516782,187.81254254154524,188.6217803955078,8850236
2023-02-06,187.46572796934512,187.83567374446463,185.7085314014897,187.11891174316406,5958022
2023-02-07,187.51198317852806,187.51198317852806,184.5293578259605,185.1998748779297,6683580
2023-02-08,185.4310719889223,188.48305754230967,185.4310719889223,188.08999633789062,8300976
2023-02-09,188.09001474978947,189.1073480711668,186.61025975723874,188.8067626953125,5277374
2023-02-10,188.20560741338022,188.20560741338022,186.2634308812723,187.65069580078125,5160140
2023-02-13,187.58133261072683,187.58133261072683,184.5987215449637,185.24610900878906,4825356
2023-02-14,186.35592283203724,187.95128315120127,185.66229036492047,187.32701110839844,4638822
2023-02-15,186.2172059146447,188.59867461295642,185.13051220415616,188.3905792236328,5227672
2023-02-16,189.03796422373023,191.0957462039341,188.92235881162864,189.546630859375,11189362
2023-02-17,188.13626788758907,188.66805001007236,186.81836324526773,187.88192749023438,5616244
2023-02-20,187.41949135082913,188.5755454897116,185.9859955082061,188.22872924804688,6497188
2023-02-21,188.39058385161576,188.6680396735335,185.93975466731902,186.24032592773438,5761172
2023-02-22,184.73745873485078,185.1305199800888,182.40223492630244,182.72592163085938,6883372
2023-02-23,183.02650462861558,184.36753885856393,181.91669536244322,182.17103576660156,6078322
2023-02-24,183.09588170183503,183.35020799751453,181.52363659839244,181.87045288085938,5106634
2023-02-27,181.61611106654848,181.87043734049644,178.24043851710925,180.5063018798828,5554710
2023-02-28,181.19993337627795,181.82420545029694,178.3560429412907,178.9803009033203,10061602
2023-03-01,179.46584789661338,181.1536841221952,179.09590210383539,180.78375244140625,4542612
2023-03-02,179.74331915710403,180.50631213428227,179.09591749211376,179.44273376464844,4438972
2023-03-03,180.62191169939018,181.01497295124398,179.9282791768211,180.55255126953125,4393936
2023-03-06,181.4773792380804,183.41954166932473,181.3155288408129,182.07852172851562,6727722
2023-03-08,181.10743147056033,181.7317035034661,179.8126565305982,181.54673767089844,4908842
2023-03-09,181.6392313703894,182.12478260455364,180.1594904525309,180.3907012939453,4157054
2023-03-10,179.3733568029019,180.2982001111014,178.77221429736778,179.9282684326172,4567396
2023-03-13,179.88200857199908,181.54672921151538,177.4542950887009,178.24041748046875,5982520
2023-03-14,178.7490944988607,179.02655032885454,174.4948235162508,175.46591186523438,8094852
2023-03-15,177.43120179741246,177.43120179741246,173.3618826027154,173.75494384765625,7687926
2023-03-16,173.5699793639285,174.19425145056263,171.09602056844628,172.41392517089844,7686620
2023-03-17,174.4254463948161,174.95722845275387,172.87633109491958,174.10174560546875,9044282
2023-03-20,173.40811947962436,173.84742569376832,168.8532633855618,169.77810668945312,8184754
2023-03-21,170.63358878478985,171.21161584706894,168.99199757271273,169.43128967285156,7211152
2023-03-22,170.10180670989084,171.09601043461313,169.17696341024427,169.43128967285156,5374846
2023-03-23,168.7376512639356,168.7376512639356,166.63363847602932,167.16542053222656,9485192
2023-03-24,168.02091385920755,169.6393896776439,166.93422013014535,167.28103637695312,7906696
2023-03-27,167.28103076974415,168.32147947529197,166.10186121491878,167.04981994628906,6227714
2023-03-28,167.8590612272384,168.34459832152984,164.34465381716288,164.714599609375,7813096
2023-03-29,165.54693366538183,166.8185930720293,164.15966885813,166.032470703125,8823840
2023-03-31,168.0209073132818,169.13071643743183,167.07293447507908,168.89950561523438,7914212
2023-04-03,170.14805603027344,170.35613731079962,168.85326691060177,170.14805603027344,4053500
2023-04-05,170.9572922767841,171.97461145522325,169.80123813401977,170.98040771484375,6443110
2023-04-06,170.63358392733645,171.304100945288,169.17695859425686,169.54689025878906,6429614
2023-04-10,170.1711649507443,173.1306606492291,169.98619911558689,172.6219940185547,5624940
2023-04-11,172.71449458027593,173.3387666601929,170.44863120871574,171.2116241455078,6784354
2023-04-12,171.3734620659931,172.69136655823493,170.7954350178158,172.0902099609375,5578210
2023-04-13,171.04976822118408,171.04976822118408,169.24632658002426,170.3098907470703,6724634
2023-04-17,166.44868183560402,167.3735251537916,162.77242400101278,167.0960693359375,13603290
2023-04-18,168.06715581268375,170.58734536011409,166.1249792208387,170.1249237060547,8024898
2023-04-19,170.12493257726646,170.12493257726646,166.6567699909727,166.84173583984375,7475944
2023-04-20,166.70300963786903,168.18276460538644,166.00937714284322,167.78970336914062,4423266
2023-04-21,168.3677179350544,170.49486025077314,168.15962255721684,170.19427490234375,5299988
2023-04-24,173.4081282450411,175.0728490985914,171.35034614507077,174.77227783203125,17779044
2023-04-25,174.88787816296264,175.21156485907616,172.99194652690937,173.7086944580078,7528552
2023-04-26,174.633537437178,174.633537437178,172.66824537812013,173.2000274658203,7008146
2023-04-27,174.05550430044914,174.1479942742153,172.0439673229388,173.1306610107422,8491700
2023-04-28,175.72024020900975,179.41961368709417,175.72024020900975,178.0323486328125,27709406
2023-05-02,179.882037951812,181.33866345730144,179.16528997494916,179.5814666748047,9746608
2023-05-03,179.58145314749203,179.58145314749203,176.66818824397032,178.07858276367188,4828488
2023-05-04,177.9167505230619,178.56413808593288,177.1306279818675,177.43121337890625,6253358
2023-05-05,176.99189496467193,177.7548879011028,175.25781369460657,175.44277954101562,7902194
2023-05-08,176.1826360479388,177.10747928178623,175.53524860664314,175.88206481933594,9613544
2023-05-09,176.8762881962666,177.31559442612496,175.74334946367776,176.78379821777344,5716698
2023-05-10,177.56992060260586,177.82424687533987,176.64507726613397,177.45431518554688,3670402
2023-05-11,178.35603459416805,178.8878166649302,177.15373549158267,177.8704833984375,4049964
2023-05-12,177.84738612222375,178.14795740056644,176.43699149001543,177.22311401367188,4580358
2023-05-15,177.22309627273373,178.95717744957065,176.87628003736634,178.379150390625,5089694
2023-05-16,179.18837775989076,179.78952022112875,178.72595613986522,178.93405151367188,4059352
2023-05-17,178.58725401446415,179.11903611082627,176.34450609990444,176.78379821777344,5376102
2023-05-18,178.12483027441112,178.19419070147964,176.76068072344367,176.9225311279297,4237016
2023-05-19,177.93983294235008,179.51207773297023,177.33869048381027,178.5872344970703,7281582
2023-05-22,178.72597183160065,183.39643342631197,178.21730518251522,183.0033721923828,12197390
2023-05-23,183.58140200511198,185.93975533185764,183.14209577617302,183.88197326660156,12725634
2023-05-24,182.42534254968746,185.1767570364872,181.89356046984915,184.82994079589844,8256974
2023-05-25,184.506234924638,184.506234924638,181.56985467925418,182.24037170410156,13605054
2023-05-26,182.7259208414192,186.147838391316,182.65656041302734,185.75479125976562,7926180
2023-05-29,186.81835155304555,187.74319487756557,184.66809364593433,184.8761749267578,7959308
2023-05-30,184.96865598311336,186.74898211934854,184.714329725932,186.1247100830078,7378972
2023-05-31,185.77791102468223,187.18829151212097,185.19988392130736,186.65650939941406,11783582
2023-06-01,187.28077487741064,188.66803987650255,186.84146864956912,188.2749786376953,7065484
2023-06-02,188.9917411653565,189.50039371005084,186.81835368315768,187.25765991210938,6320754
2023-06-05,189.0842162568109,189.4772774950007,186.67963206268902,186.9108428955078,7252860
2023-06-06,186.51778753090568,186.51778753090568,182.91088995815497,184.945556640625,13707400
2023-06-07,186.07847714759973,186.63338879628216,185.4310896321298,186.26344299316406,8215860
2023-06-08,186.86460142629602,187.16517269222408,184.390642646138,184.7605743408203,10615052
2023-06-09,184.71434116810272,185.13051784744718,183.1420962052624,183.72012329101562,12018232
2023-06-12,184.87616818073485,184.87616818073485,182.47158409191817,182.9340057373047,11973622
2023-06-13,184.02071198614124,184.27503826366663,182.42535155587575,182.910888671875,13016186
2023-06-14,183.25769760519356,183.65075883728727,181.592990924308,183.3270721435547,18512564
2023-06-15,183.62763550971613,183.7894859056232,179.53520118572496,179.85890197753906,28702320
2023-06-16,178.28665732275863,179.72016722646725,175.32716165470802,176.3213653564453,41110648
2023-06-19,176.64507947695847,176.64507947695847,174.37921609664147,175.7895965576172,10629440
2023-06-20,176.55258093736336,178.009220429505,175.99768342263266,176.87628173828125,11802658
2023-06-21,177.68552273009382,179.07278770911864,177.1537406438655,178.2635498046875,8829264
2023-06-22,178.49476403597097,178.49476403597097,176.4601115170262,176.78379821777344,9356174
2023-06-23,176.78379263413999,177.10749343665267,174.84163015503063,175.69711303710938,6470406
2023-06-26,175.7202521109327,176.5988505490892,175.28094583585903,176.1364288330078,4100400
2023-06-27,177.6855240496618,177.6855240496618,176.41386447611185,176.9225311279297,5880750
2023-06-28,177.45432172506102,177.45432172506102,176.09017210869783,176.50636291503906,7140112
2023-06-30,178.03233843857433,180.2288413154139,177.1074951220103,179.95138549804688,9070810
2023-07-03,182.14788421331286,182.14788421331286,180.113231785756,181.08432006835938,9036924
2023-07-04,182.07852245059343,183.74324319253944,181.7317062173542,183.09585571289062,12617234
2023-07-05,182.24037815994865,182.8415206702883,181.1999294299068,182.14788818359375,12366958
2023-07-06,182.42533387939412,183.55827252293344,181.80106185360688,183.21145629882812,9037242
2023-07-07,182.65656033865145,183.78949907921861,181.82420697430908,183.04962158203125,9065220
2023-07-10,183.0496043643433,183.0496043643433,180.18258462441085,180.32131958007812,5630400
2023-07-11,180.34444542697133,181.6392204160104,179.35024169124608,181.2924041748047,9634838
2023-07-12,182.1478640234573,182.17099357047266,180.50627300081683,181.1999053955078,6848220
2023-07-13,181.19993062274366,184.321276833417,180.92247480384154,182.33285522460938,13595726
2023-07-14,182.54094155866662,187.5119741660274,181.43113245011864,187.3038787841797,31366784
2023-07-17,188.2056056142643,196.50607961477473,187.65069400696987,192.0205841064453,45759860
2023-07-18,193.29224917909033,194.35581332642857,190.63332469875596,192.9223175048828,17769026
2023-07-19,194.21709326046013,194.67951491108028,191.5119237819345,193.26913452148438,10830990
2023-07-20,193.5234475510858,194.21707997958433,191.74312149554206,193.13038635253906,8255710
2023-07-21,187.28078018521688,191.60442571065627,185.4310934673382,187.14205932617188,23514212
2023-07-24,187.88190988937353,188.66803233556723,186.58713492010142,186.84146118164062,6808460
2023-07-25,187.5119787212296,187.5119787212296,184.968659651028,185.15362548828125,6458200
2023-07-26,186.58714217713427,186.63338716611878,185.61605385641673,186.24032592773438,5329662
2023-07-27,186.81835880063747,188.02065799155437,184.50625039963947,184.945556640625,8948358
2023-07-28,185.45418910442103,186.28655650578324,183.37329176899783,184.390625,6760060
2023-07-31,184.85304974813675,187.7431849849744,184.4831180826169,187.3038787841797,6762180
2023-08-01,187.51196287901752,188.6680169041656,186.8414458996366,188.18247985839844,7181804
2023-08-02,187.6969529922692,187.6969529922692,184.5062462923187,186.26344299316406,5399618
2023-08-03,185.89351751345535,185.89351751345535,183.60452452614294,184.80682373046875,6821698
2023-08-04,185.36173791705997,189.59289357318548,185.10739751946286,189.0611114501953,12481540
2023-08-07,189.56976677710585,190.98014720732797,188.69115432602797,190.12466430664062,8822866
2023-08-08,190.70267999042656,193.06103315798768,189.56975544866853,192.5292510986328,15724284
2023-08-09,192.136188695494,193.5234535958225,190.77203923204235,193.1997528076172,9309388
2023-08-10,192.87605610529513,194.58700759290173,192.15929414352456,193.59280395507812,9901644
2023-08-11,193.59282955840476,195.21130540537192,190.6795786786596,191.00326538085938,7571468
2023-08-14,191.0957516410136,192.45990118742088,189.36167041015142,191.97434997558594,5792180
2023-08-16,191.51190671275484,194.3095659168487,191.44254629374157,193.59280395507812,8131780
2023-08-17,193.5928188535688,194.40205673230506,191.67377184924908,193.0841522216797,6340960
2023-08-18,191.92809903130976,192.529255639881,188.66803206324767,190.37899780273438,10602392
2023-08-21,190.42524256446782,192.99169136085405,190.35588213472545,191.72003173828125,7334260
2023-08-22,191.90499503458304,193.33850504880556,190.86454626632326,192.87608337402344,6350240
2023-08-23,192.9454273772771,193.26912816686357,191.72001286582267,192.0205841064453,6134234
2023-08-24,193.63906066682864,194.2170877135953,190.51771461428874,190.84141540527344,5776956
2023-08-25,189.59288345294803,190.19402597519823,188.25186344116653,189.45416259765625,6598510
2023-08-28,190.26339173528606,190.7258133809064,188.50618101473555,188.69114685058594,3401974
2023-08-29,189.4310424080022,190.47149121007325,188.2518727437844,188.71429443359375,3998562
2023-08-30,189.5928706382985,189.68536061023448,188.04375533629522,188.298095703125,4018182
2023-08-31,188.66804623457992,189.5928895984749,187.9512982723572,188.85301208496094,22061952
2023-09-01,188.6449121760554,193.17663856706432,188.4368167949221,192.5292510986328,8476130
2023-09-04,193.29226686268404,201.84706814727653,192.36742348056595,200.7372589111328,27634648
2023-09-05,201.52334965492793,202.3094721056196,198.9800305770287,199.69679260253906,17973426
2023-09-06,200.5753906292763,201.40774395423918,196.94537785543227,198.51760864257812,13531912
2023-09-07,198.81820542462654,200.55228671122816,197.33845041526396,200.1592254638672,9322650
2023-09-08,200.4366843049891,200.4366843049891,198.51762302937854,198.84132385253906,5748410
2023-09-11,200.22856258594803,202.30945988764955,198.88754270280464,201.08404541015625,8253314
2023-09-12,202.12451545667523,204.15916798909504,197.40780876207475,201.15342712402344,14545328
2023-09-13,201.1302955904969,202.51756049413433,199.5349353065185,201.47711181640625,7445670
2023-09-14,202.7256425567118,204.96839031544314,201.292132661606,201.8239288330078,14895010
2023-09-15,203.37303799537693,205.19960917536736,202.656290075729,203.95106506347656,19835876
2023-09-18,203.9510729269452,203.9510729269452,201.24591743353105,201.66209411621094,6025196
2023-09-20,200.80660504223326,202.00890417576474,198.40200677517024,198.88755798339844,9102700
2023-09-21,198.79505073685763,199.4193227434957,195.62745983146192,198.3557586669922,8893070
2023-09-22,196.2517530358104,197.3384467777813,192.6448696709595,193.52346801757812,19818260
2023-09-25,193.52346782193743,194.10149490623235,190.51772698360386,191.4888153076172,9301132
2023-09-26,192.7373559645631,192.7373559645631,190.3790166202595,190.9339141845703,6480566
2023-09-27,190.63332039955304,192.62172779955588,189.73159256002356,192.20555114746094,7773994
2023-09-28,192.59862575662476,192.59862575662476,186.8183548755736,187.442626953125,16876116
2023-09-29,187.28077454149226,189.2460666200141,185.66229871212133,187.7663116455078,12780272
2023-10-03,187.95129802411017,188.7142909759178,186.6333934099025,187.48887634277344,5728104
2023-10-04,186.2171932257009,187.48885268894276,185.26922043136418,187.23451232910156,6905870
2023-10-05,188.64490956730944,189.7778340934004,187.2807601142744,188.1131134033203,8125304
2023-10-06,188.66803901610763,189.5003923669712,188.1825019134354,188.5986785888672,6365004
2023-10-09,186.91085524558088,190.05531713489,186.54090942143318,187.55824279785156,6030450
2023-10-10,187.92815714464697,189.01485085268095,187.83568128114788,188.55242919921875,5128014
2023-10-11,189.1304655649904,196.04367526894666,189.1304655649904,194.74888610839844,19092228
2023-10-12,195.0263413393624,195.0957017681818,191.76627417694425,192.87608337402344,10234398
2023-10-13,190.4714608542962,191.6275148945772,189.15355642597834,190.07839965820312,10914054
2023-10-16,190.0552954394598,190.47147209612658,188.7373909333578,189.68536376953125,5277652
2023-10-17,190.3790151253481,191.37321893492285,190.07842973771778,190.2402801513672,5979388
2023-10-18,189.13045947809513,191.280717380815,188.20561615546384,188.41371154785156,4881066
2023-10-19,181.24617158731627,183.46578986527643,180.3906887113564,182.79527282714844,25629102
2023-10-20,182.67964603698962,183.1420676334503,180.80684421611883,181.1999053955078,8429336
2023-10-23,180.7375016545418,181.73170536275458,176.73755727239035,177.17684936523438,8837826
2023-10-25,177.7548837023234,179.2808836511287,176.22889786550726,176.57571411132812,6678294
2023-10-26,175.16530647439055,175.97454432077012,173.4312253750058,174.91098022460938,10995582
2023-10-27,175.2809154177607,177.73175855486943,175.2809154177607,176.80691528320312,6202812
2023-10-30,177.56992392015707,177.7317743294614,175.90520306100765,176.64508056640625,4688744
2023-10-31,177.1999833920611,177.61616005810941,175.32716722686038,176.55258178710938,6153536
2023-11-01,177.5005505826663,178.28665890899262,175.78958485785785,176.15953063964844,4241952
2023-11-02,177.47742622201554,178.1016982810475,176.69131787270666,177.40806579589844,4742730
2023-11-03,178.49477043826442,178.81847126261164,176.94565497087115,177.36183166503906,5291528
2023-11-06,178.49475544324036,178.70285082883754,177.10749050456232,177.8704833984375,4939936
2023-11-07,177.9861086178008,178.9571970053441,177.03814978233603,177.24623107910156,5692178
2023-11-08,177.84737324845418,178.42540032342185,176.4138632801365,176.73756408691406,7102052
2023-11-09,177.10750028065596,177.56992195240701,175.58151440867326,176.11329650878906,9231126
2023-11-10,175.8589365127663,176.55256894304856,174.3329508109405,175.39651489257812,10710700
2023-11-13,176.92253682972742,177.0612576883351,175.7202376444987,176.4832305908203,3585902
2023-11-15,178.286662234964,181.38489294731085,177.68551973232425,181.10743713378906,10792518
2023-11-16,181.10745118624453,184.73746425750718,180.02075739762589,183.62765502929688,13843576
2023-11-17,184.04382135963453,184.50624302134216,182.42534554365784,182.84152221679688,7886928
2023-11-20,181.82420554972,185.47733390547293,181.82420554972,185.0611572265625,8610496
2023-11-21,186.17096924437809,186.17096924437809,184.99178550551008,185.2692413330078,5440248
2023-11-22,186.12470770984197,186.1709526956458,184.5524769764298,185.08425903320312,5318582
2023-11-23,185.19986680309225,187.2807641829023,185.19986680309225,186.1247100830078,9677360
2023-11-24,186.12472900236497,186.58715068932736,182.9108926331803,183.11898803710938,6250566
2023-11-28,183.58139961139594,184.39063751900284,181.77795795398407,183.5120391845703,8145314
2023-11-29,184.04381655649038,188.92235931539076,184.04381655649038,187.85879516601562,15544086
2023-11-30,188.18250448002243,191.67378244797013,186.8414703458009,191.00326538085938,19825958
2023-12-01,191.32693916509925,191.32693916509925,187.97438252716094,188.50616455078125,9830426
2023-12-04,190.84142526975864,190.98014612335766,188.09001074013494,188.41371154785156,10662472
2023-12-05,188.3905898314509,189.13046734272015,185.93976056936071,186.98020935058594,11165368
2023-12-06,188.09002354863864,194.40207683303572,187.72009183919027,193.6390838623047,22082070
2023-12-07,194.21709004805177,194.9107225125091,192.66797472169935,193.40785217285156,11250552
2023-12-08,193.66219224039233,196.29800143806682,191.90499551660244,195.41940307617188,15479122
2023-12-11,194.21709679448617,195.2344300891577,192.94543723214133,194.4945526123047,10084242
2023-12-12,194.54078832090212,197.87021563994145,194.28644795337186,195.2344207763672,11903364
2023-12-13,195.85867837525802,196.20549460242137,191.9049790303911,194.05523681640625,9696816
2023-12-14,195.83558303292884,201.61585407876498,195.71997761201212,200.8759765625,24681376
2023-12-15,201.63895737942096,207.85853429511602,200.4597878018527,206.494384765625,41567234
2023-12-18,206.24006576580922,209.7082283067141,204.39037907732663,205.89324951171875,20182072
2023-12-19,206.05508638852584,206.8643242615975,201.15341416352274,202.8643798828125,16064694
2023-12-20,204.3903584238051,207.8585206142543,198.54072768497844,199.74302673339844,26449942
2023-12-21,198.33264104688803,201.84704837711178,197.54653271627805,200.6909942626953,10663008
2023-12-22,201.2921416872002,215.6272130570414,200.6909991777767,213.9393768310547,46080814
2023-12-26,209.939438220796,220.02022498395914,207.32675860718618,217.38442993164062,54628644
2023-12-27,216.6445575745087,219.8352643513938,214.6099050002624,217.77749633789062,25262992
2023-12-28,218.5173582163859,220.76010617628617,216.25149481738973,217.0838623046875,16839956
2023-12-29,217.77747950962635,219.81213192664947,215.53473170741245,217.93931579589844,15961140
2024-01-01,218.72546871809095,223.5808966706067,216.55208103740668,220.64451599121094,20347278
2024-01-02,221.0375513845887,221.0375513845887,214.7023690578499,216.96824645996094,14282514
2024-01-03,214.51741234271665,214.51741234271665,210.40186225507034,210.8180389404297,19534364
2024-01-04,211.3266968842861,212.64460142685942,208.73713278715744,209.19955444335938,15170336
2024-01-05,210.4249616236655,214.10121930622438,209.70821372650704,211.1417236328125,16889130
2024-01-08,211.55792979622174,212.71398405740328,207.65046074863193,208.25161743164062,10082886
2024-01-09,211.78912634487227,213.87002387446162,208.06663752006935,208.4365692138672,14465048
2024-01-10,208.7602670642466,210.86428000281225,207.6273283361024,209.7544708251953,8874676
2024-01-11,210.3787623095369,211.28047617555768,206.56378320747268,207.25741577148438,8638818
2024-01-12,210.4018644341617,216.87576795521284,210.4018644341617,215.2341766357422,36086734
2024-01-15,236.73676336379586,244.62104665172626,226.19354154374955,228.7137451171875,127844264
2024-01-16,228.89870665245448,228.89870665245448,222.19359302324116,224.2744903564453,25912492
2024-01-17,219.71964757545996,227.28024449236472,218.26302217781515,223.07220458984375,28668932
2024-01-18,223.0722150148785,226.1242009171397,216.5983115121383,223.1878204345703,26144924
2024-01-19,225.66178758708097,228.13574648241115,223.6271349476283,224.29763793945312,15498620
2024-01-23,221.06066478854174,224.73692256166075,215.97402662356586,217.29193115234375,19972336
2024-01-24,218.26508499150512,221.97234758159436,216.8980262545759,221.5321044921875,11708750
2024-01-25,221.53210891751732,222.13454758569182,217.12973450384442,217.8016815185547,12852980
2024-01-29,217.80167109870507,221.04552577464324,217.80167109870507,219.19189453125,10051300
2024-01-30,219.8406924685818,223.77965939527763,218.49681246318517,218.96022033691406,11828014
2024-01-31,218.96020916875324,222.3894244310214,217.33828169342914,221.57846069335938,10584480
2024-02-01,221.3004120409784,221.36993453181054,218.07973598429714,218.4272918701172,7828120
2024-02-02,220.11872152853306,225.44791162869754,220.11872152853306,223.89549255371094,16296222
2024-02-05,223.82597726951352,226.83812810233306,222.0418543324266,223.52476501464844,11566604
2024-02-06,224.61379381518307,232.53805685164417,223.87233841599362,231.54173278808594,29024038
2024-02-07,232.1441790027133,232.49173490651486,228.25154156646667,229.47958374023438,9103534
2024-02-08,229.80396137590307,231.75028009919873,224.79916200469418,226.5369415283203,11303840
2024-02-09,227.48690639092166,229.27102940775677,223.710135313986,227.27838134765625,7893788
2024-02-12,227.5332521093309,236.70872179213993,227.5332521093309,232.37586975097656,48873500
2024-02-13,233.14050090081696,237.7282359593343,227.8576540412489,237.0794677734375,22373576
2024-02-14,233.5343926621943,239.58185947370018,230.3368671698635,238.42333984375,22594656
2024-02-15,239.55867058018234,242.29275966064938,237.75136882604505,240.27694702148438,14570776
2024-02-16,242.130631083283,252.5573089768215,241.41235448522957,251.6304931640625,34942644
2024-02-19,252.9743785187898,252.9743785187898,246.23177109050891,248.36346435546875,18602758
2024-02-20,248.29392030974327,249.38294572746742,243.8683810002078,246.5098114013672,10374126
2024-02-21,248.34029439199458,248.52564057363023,240.74039384062357,241.62088012695312,13115574
2024-02-22,242.26961298290433,246.99637860554805,241.64402371286218,246.0927276611328,14596482
2024-02-23,247.92318541230804,250.81948430731163,247.13538645603327,248.45611572265625,19860994
2024-02-26,248.5024322792123,248.6182842289928,243.77566707133366,246.9500274658203,8820636
2024-02-27,247.4597757140378,249.0353736146486,244.47078962020865,246.27809143066406,10399260
2024-02-28,245.6061452863046,246.04638837336853,238.6550279668809,239.90623474121094,12789056
2024-02-29,239.72087866565084,242.94156892724294,237.82091776644046,240.32330322265625,14462764
2024-03-01,242.08427649432707,243.38181284075827,239.83673141102545,240.5550079345703,9420630
2024-03-04,242.33915132529654,243.9379141339737,240.30014538319062,241.20379638671875,5662370
2024-03-05,239.92941916599077,241.20379077913702,236.6392205363597,237.86724853515625,10521548
2024-03-06,238.05261340650839,238.5855154527713,231.70392033256218,237.79774475097656,11091922
2024-03-07,238.07578552127694,241.1574590708898,236.56970999243188,238.88674926757812,9707982
2024-03-11,239.767232023702,240.48550853173177,237.40383502687354,238.44650268554688,11131512
2024-03-12,237.61237516303473,242.13060170197102,235.29533591229816,236.73190307617188,11652760
2024-03-13,238.09895094328493,240.36966075313973,230.22101738508715,233.742919921875,13580480
2024-03-14,232.23684934695964,240.4623531151313,229.4564021494095,240.02210998535156,12825472
2024-03-15,238.53919571926332,240.16112322779642,234.66973726334578,239.5818634033203,13649086
2024-03-18,240.04525472008586,240.30012336845675,235.8745842712813,236.43067932128906,6393960
2024-03-19,235.87461691143116,235.87461691143116,228.52959899844376,229.31739807128906,9617386
2024-03-20,229.87345681378002,232.28318327466044,226.699124375964,228.6917724609375,8385344
2024-03-21,231.54172556807137,234.1599770485509,230.98564464258328,231.91246032714844,11644580
2024-03-22,226.72227613389467,227.41738786450446,222.22721461911758,225.7259521484375,28646502
2024-03-26,225.21621212530746,227.5100866093437,221.99552195351276,222.3662567138672,18273346
2024-03-27,222.29673711945608,222.87599689499973,218.38093537994743,218.8675079345703,14320668
2024-03-28,220.90653280161894,223.84916140271739,220.25775048311996,222.48211669921875,15455150
2024-04-01,224.15038495706256,225.40157767939994,223.15404675586996,224.72964477539062,6041008
2024-04-02,223.33942295914633,223.68697885286295,222.2504116637504,222.9918670654297,6932654
2024-04-03,222.4357599312546,226.00400590365237,220.55896386366854,223.91867065429688,13794516
2024-04-04,225.12351961436963,227.97348910098495,222.250399535023,225.86497497558594,16004046
2024-04-05,225.4479174937546,225.7491297657917,223.61745084185304,224.77597045898438,6414344
2024-04-08,227.06984156740927,227.81129693971985,221.6016347130281,222.38941955566406,26640770
2024-04-09,224.2662415844654,224.86866615122017,220.2114227718468,220.4894561767578,15801250
2024-04-10,221.27724227799118,222.18089321742633,219.23825062259002,221.18455505371094,10771534
2024-04-12,220.11872958579852,222.4357688445964,217.80169032700064,218.1492462158203,13170046
2024-04-15,216.15659253400318,217.0370646012162,212.3334778556097,212.86639404296875,12176472
2024-04-16,209.94691397878205,212.47249233623202,206.1237993402348,207.76890563964844,21439424
2024-04-18,209.69205439305802,211.05911322217844,205.2201714206066,205.915283203125,21986258
2024-04-19,203.89945693202995,210.34082331123835,202.50923336203883,209.8079071044922,20470106
2024-04-22,209.8079138338824,216.017576483928,208.53354218718295,214.0944366455078,18881740
2024-04-23,216.31877065764257,216.31877065764257,213.26029027534733,214.14076232910156,10322712
2024-04-24,214.9749083378248,215.32246424076655,212.5188522805374,213.12127685546875,5915168
2024-04-25,212.6578678701269,214.3493037604931,211.22130065041426,213.6310272216797,11805090
2024-04-26,214.04807906037277,220.48944522579464,213.90906236482175,215.29928588867188,21478294
2024-04-29,216.712676359762,216.87487193428376,213.90906454821484,214.53466796875,7249940
2024-04-30,214.55783269225958,216.2956121147131,213.86272092327818,214.27978515625,8902956
2024-05-02,214.2797617552195,214.55780926086413,211.0590860625798,211.9627227783203,14937276
2024-05-03,213.35297878930473,214.09443420370874,210.01645063761526,211.93959045410156,9730626
2024-05-06,212.61150053155103,214.3724587193209,211.31396430231786,212.5419921875,6918126
2024-05-07,214.0017399762872,215.64684633290605,210.3871643946234,214.9748992919922,9278528
2024-05-08,215.48464113318775,216.13340926732235,213.77002650389628,214.6505126953125,8205680
2024-05-09,213.9785779517959,215.20660594432576,210.4103317963611,211.26763916015625,9233484
2024-05-10,211.33714309638256,212.00909013177636,208.67254797450778,209.39083862304688,6654714
2024-05-13,209.3908359528754,210.0396041023808,206.2164894110523,209.4371795654297,7111608
2024-05-14,209.78473002262027,213.12125790899233,209.55302610792424,211.47616577148438,4909420
2024-05-15,211.4761697196206,213.0517535405519,210.6883707381125,212.3798065185547,4793424
2024-05-16,214.0944272124406,216.64317039354108,211.3603237193135,215.2297821044922,14621472
2024-05-17,215.20661114500592,215.20661114500592,213.1907840900935,213.6310272216797,6876820
2024-05-21,214.5578303147151,215.39195877141563,213.0285900967358,213.5846710205078,8467448
2024-05-22,214.5114748641128,214.76635764776665,212.63467886906759,213.77001953125,7765884
2024-05-23,214.32613690429628,216.874880153969,213.97858100661364,215.85537719726562,13171332
2024-05-24,216.4114737472802,218.03340128071807,214.09443441379756,214.8590545654297,8205526
2024-05-27,214.094423522324,214.16393187037528,209.2749847822731,209.66888427734375,40983758
2024-05-28,210.38717770512358,211.89325331644878,209.97011344117382,211.337158203125,15778126
2024-05-29,210.38716186109573,211.08227362935926,208.30182655630512,208.9042510986328,9756036
2024-05-30,208.0701277442946,208.30183167274038,201.62876136191952,202.48606872558594,20724568
2024-05-31,202.76409646374063,204.89577537433027,201.81411604047597,203.06532287597656,21438004
2024-06-03,208.62621385158351,208.78839528084802,204.61772474830082,205.79942321777344,8964424
2024-06-04,206.63355557974873,206.63355557974873,193.2410716667529,203.04214477539062,17730732
2024-06-05,203.76043089410726,210.85056511930716,203.45920448741182,209.2286376953125,12267428
2024-06-06,210.82741527614706,214.0944350898395,209.7384039575543,213.6310272216797,15425568
2024-06-07,217.8016872558767,225.40157308915408,217.0138882621597,224.5442657470703,72672440
2024-06-10,226.32838356001758,226.32838356001758,219.35410130705228,220.2345733642578,18311752
2024-06-11,222.06504694162768,222.06504694162768,219.81751604511538,220.6053009033203,9371714
2024-06-12,221.50895801954803,224.47476550771063,220.3736031008981,220.99920654296875,13875116
2024-06-13,222.4357769717748,224.91501189768988,221.5784695862789,223.64064025878906,12995932
2024-06-14,224.75281113230122,225.03085867552116,220.67482763869367,221.27725219726562,11322596
2024-06-18,222.89919144706184,228.46008603617773,222.4589483019223,227.9271697998047,31870984
2024-06-19,228.11249344864697,230.38318887903844,225.5637505050867,229.7344207763672,20880284
2024-06-20,230.54538627917475,230.54538627917475,226.25886402172276,227.25518798828125,12571126
2024-06-21,230.753951801255,232.14417539485527,226.652789371717,227.32472229003906,95171176
2024-06-24,227.11619723625043,229.3405493291766,226.81498495272086,227.32472229003906,9934518
2024-06-25,227.32470854606578,230.77710258494355,226.74544875042085,230.2441864013672,9258210
2024-06-26,230.2442039001807,231.6575922521395,228.830801406136,229.47958374023438,12812090
2024-06-27,228.06617137037998,237.2416553186733,226.69912669320823,236.70872497558594,42137138
2024-06-28,237.26482442478053,239.2574725668263,234.41486891293906,238.5855255126953,16405832
2024-07-01,239.99893133799173,248.29391469271746,238.2379589209427,244.37811279296875,30757528
2024-07-02,245.28175645031476,252.55726496957485,244.8183486246825,249.40609741210938,36276968
2024-07-03,251.1207036556009,252.7657957249416,248.15488235671796,249.7768096923828,16049384
2024-07-04,250.8890114492631,254.3182124340688,245.18907249080857,245.9305419921875,19524632
2024-07-05,246.2317336160571,248.61829520052174,245.351275729371,247.96951293945312,10376090
2024-07-08,248.3634496632824,251.63046943838296,247.92320653689666,250.7963409423828,12176360
2024-07-09,252.0938673319085,252.53411044088466,249.12804581433562,250.70364379882812,8681444
2024-07-10,250.70364852456296,251.79264566566866,246.41712588343134,248.17807006835938,9233748
2024-07-11,248.7109961422744,250.03169718724894,245.60615792301732,247.50611877441406,8807618
2024-07-12,252.55730102038703,261.73277162080683,250.9585381369096,259.57794189453125,54186042
2024-07-15,262.70592701274563,262.70592701274563,257.7242925203041,259.369384765625,16099478
2024-07-16,260.36569469361064,260.7132505884321,257.84014448524465,259.369384765625,11239032
2024-07-18,257.90964437970473,266.1814918293242,257.8169571488747,265.6253967285156,25019786
2024-07-19,268.73024100061184,268.73024100061184,257.05235676452065,258.21087646484375,26523490
2024-07-22,241.43549833975442,244.10009357095132,232.42220968348013,234.39169311523438,76014568
2024-07-23,235.41119552211305,235.41119552211305,225.37841806892834,231.95880126953125,25847632
2024-07-24,232.86245069879516,234.64657379624785,231.63442269268134,231.75027465820312,12240276
2024-07-25,229.85028751309346,235.1794776469656,228.59908069439388,234.87826538085938,21887890
2024-07-26,236.33801091212788,244.93422114239158,235.6428991153275,243.19644165039062,26153996
2024-07-29,244.67935012226818,245.86103450863808,242.29278832918743,243.01109313964844,12011554
2024-07-30,243.0110692688597,244.19275353915367,240.85621161748898,241.66717529296875,10816526
2024-07-31,241.80619278482885,243.24277398524399,240.71719573065815,241.8988800048828,7758508
2024-08-01,242.36230041866222,244.12324455454507,239.81355729762464,241.6903533935547,10759752
2024-08-02,238.6550345860825,240.62451788121035,232.16732490801425,232.7002410888672,15652228
2024-08-05,227.06984687097292,229.78078562631896,222.55162032609132,224.7528076171875,21938080
2024-08-06,226.95400199071867,231.4027203252326,225.49427004369778,226.83815002441406,11271584
2024-08-07,231.10152322226568,231.75029144777176,228.29789696827325,230.49908447265625,7079826
2024-08-08,228.92348767642173,228.92348767642173,225.3784203009429,225.8186492919922,13160570
2024-08-09,229.54908201187524,230.05883347681558,226.90765160214778,227.67227172851562,6065948
2024-08-12,227.7881278036739,228.92348271689758,225.86498801412517,226.62960815429688,7338468
2024-08-13,226.6295971685525,228.3210470883193,225.74912510612347,227.30154418945312,6289418
2024-08-14,228.46006634792133,230.2441893699276,227.27838200640403,229.45639038085938,11121756
2024-08-16,232.1673291074739,239.7903937739246,230.75394084459177,239.2342987060547,25931140
2024-08-19,239.11845224003426,242.4549944397526,238.0526198345582,240.85623168945312,11466562
2024-08-20,240.92575059636516,244.49396838541048,240.80989863479434,243.12693786621094,9543812
2024-08-21,242.54767287913188,244.72566708281957,241.45864749311832,243.91470336914062,6454402
2024-08-22,244.58665029398796,245.86102184356122,240.06842389095553,240.5086669921875,11496506
2024-08-23,240.92575421178032,241.64403072746413,236.96360858134955,237.4501953125,11277706
2024-08-26,239.11844505896937,243.19642838763718,239.09528032384026,240.97207641601562,17351380
2024-08-27,240.97209885629456,242.4781744741464,239.11846732663076,239.65139770507812,7965796
2024-08-28,240.97206539735762,249.3597355907905,239.97572727483572,247.73780822753906,34375566
2024-08-29,247.92320266084724,251.14389291299523,247.48295954134426,249.6378173828125,25685318
2024-08-30,251.0280194319146,251.16703611979668,248.24757253759952,249.498779296875,19434804
2024-09-02,249.49879848570532,251.1670554369318,246.4634544319631,246.74151611328125,15735982
2024-09-03,246.99638648069836,250.63412682532925,245.37445898973692,248.40977478027344,15056686
2024-09-04,244.67933401318686,244.79518597057947,239.4659959305195,240.57818603515625,20402128
2024-09-05,241.52816761764348,243.752519553695,240.74036864666266,243.21958923339844,12069118
2024-09-06,243.2196054872966,245.55983782187357,240.25381213575275,241.2501220703125,14579954
2024-09-09,239.62819319815577,241.78305106177586,237.9367714789115,238.5855255126953,11919540
2024-09-10,239.48916713018156,244.67934061831312,238.19163082919118,243.6366729736328,10287272
2024-09-11,243.2891102347068,243.8683700209799,237.84406824373954,238.3538055419922,8261524
2024-09-12,241.1806293001536,246.5329844908173,239.92942240624186,245.62933349609375,15779474
2024-09-13,247.3671273313053,256.03286057689644,246.00006839175242,255.15237426757812,35919706
2024-09-16,256.2645438454469,258.04865277374057,254.41091242522668,255.7548065185547,11088578
2024-09-17,254.41091242522668,257.14503008371986,253.50726145103516,255.7548065185547,8728238
2024-09-18,254.4340940732339,254.4340940732339,246.8342217156743,249.38296508789062,16665520
2024-09-19,252.1865459881025,255.54625274554772,245.21226382430865,247.15855407714844,20969182
2024-09-20,249.26709908915598,250.5878001758596,246.06957354300775,249.8231658935547,16664232
2024-09-23,249.82316722516657,250.42562007342826,246.5329827168619,247.8768768310547,8544290
2024-09-24,246.62565622057346,251.12071789106443,245.3049269161621,250.0316925048828,12355694
2024-09-25,249.68415824748493,249.9622199439396,245.9537304978053,248.47930908203125,8065196
2024-09-26,249.6378015799018,251.67677904426486,248.2475781015851,251.12071228027344,11403400
2024-09-27,254.36459955278676,258.9986784057494,250.56464923652288,251.0743865966797,26462384
2024-09-30,249.31343809353433,252.32558929726662,247.45980658354523,250.91220092773438,8199446
2024-10-01,250.33293969131014,254.68895674510176,250.33293969131014,253.36825561523438,9411274
2024-10-03,250.28655975812168,251.35242040335237,243.86837257272583,245.67567443847656,14035368
2024-10-04,244.70250806106213,251.1438884509139,244.70250806106213,247.25125122070312,11922754
2024-10-07,249.31340699279463,251.02802158247843,243.7293484223734,246.27809143066406,9878074
2024-10-08,246.32444440130521,247.36711209508908,241.1111059323859,244.19277954101562,11502804
2024-10-09,245.51346631204072,249.6378073737701,244.91104178095557,246.1390838623047,8841688
2024-10-10,247.9231865292504,249.1280355613324,242.57083180400411,243.2891082763672,12620244
2024-10-11,241.13424631344554,247.64514877101183,241.13424631344554,244.81834411621094,8436982
2024-10-14,249.6377928027883,255.73158853132088,248.52560274557126,254.66575622558594,33136266
2024-10-15,256.1950201261074,256.1950201261074,246.00004736373958,246.9732208251953,21601252
2024-10-16,246.99639391949256,249.6841539000561,245.14276244542506,246.60250854492188,12553622
2024-10-17,247.9000355784898,249.3134238673722,243.31228653938106,245.0269012451172,23755278
2024-10-18,246.53298134336742,258.76696015227066,243.1964390969237,254.2487335205078,74653054
2024-10-21,255.61577830712454,260.3889021547204,253.4841133476688,253.9938507080078,23966964
2024-10-22,254.7815901039063,257.42302008928846,252.0243081742895,252.76577758789062,18478300
2024-10-23,253.71581419245817,256.9596693510832,251.25975808633368,253.57679748535156,12698576
2024-10-24,253.57679136195273,255.1060316715418,252.6268108881301,253.43777465820312,9576604
2024-10-25,254.75846834696316,255.80113602096165,250.4719456871916,251.83900451660156,10124540
2024-10-28,251.83900703597095,259.4157142291548,251.4914511411612,258.859619140625,11185858
2024-10-29,259.4157029377561,261.0839881307313,256.38038724536796,260.52789306640625,12055630
2024-10-30,260.66691260694245,268.19729008225414,260.018130310786,261.9412841796875,20755492
2024-10-31,261.73275246972935,262.42786425653856,254.08652281482796,255.7084503173828,15680094
2024-11-01,255.662118166324,257.1450289528126,254.87431915936094,255.49990844726562,1962810
2024-11-04,255.3377121375205,256.0096591420846,247.55246631720306,250.61094665527344,9855560
2024-11-05,251.6304733362139,252.71947051672586,250.4256241882359,251.95486450195312,6862260
2024-11-06,253.69263936917218,262.21932704805664,250.70365300643863,261.3157043457031,19554884
2024-11-07,262.28883342689744,264.0034480654973,256.93647861362416,261.083984375,11997142
2024-11-08,261.82544567463475,268.2204686024198,261.82544567463475,263.6790771484375,20852658
2024-11-11,263.67903867553605,270.25943510423707,262.3119800062371,265.7643737792969,16139444
2024-11-12,266.4594771074054,268.6374993597253,263.70219512224327,264.44366455078125,11260890
2024-11-13,264.14248501688814,265.810742029642,262.0803143454483,263.6790771484375,11391200
2024-11-14,263.6559184603556,266.2509912695441,261.45473103471767,262.6132507324219,9783520
2024-11-18,262.61322273577076,262.61322273577076,250.37924471858454,256.19500732421875,15289764
2024-11-19,257.6547640871747,264.04978674761225,257.05233954020787,260.4352111816406,12919778
2024-11-21,260.4351997612711,263.030272288641,257.3303616517673,258.18768310546875,11672608
2024-11-22,260.4120427628762,265.81072715777213,258.53524665749035,264.9071044921875,14733232
2024-11-25,266.69123583587776,272.2752951518014,265.94979453905603,269.91192626953125,23297474
2024-11-26,271.0936036296126,273.5728244175138,268.4521731168999,272.9472351074219,15771340
2024-11-27,274.1057491627954,276.19108453258843,269.65704502090534,270.1204528808594,13659676
2024-11-28,271.4411270090161,271.55697896249836,264.39732258045893,265.1619567871094,11896556
2024-11-29,266.4595113553808,269.12410646893466,264.8839133658722,267.78021240234375,8540112
2024-12-02,269.9119255657187,271.34847868112956,267.94244207423833,270.88507080078125,11194000
2024-12-03,273.73501544621195,274.5228144273085,268.12776363831125,270.3057861328125,15445286
2024-12-04,273.0862196685626,275.26424205546476,270.44478946675224,272.4837951660156,14036431
2024-12-05,273.41063875648973,278.87884587478527,272.3911358025974,277.39593505859375,13487264
2024-12-06,277.25687980552044,277.25687980552044,274.52279076862004,275.588623046875,7894350
2024-12-09,273.4106264467593,283.32756556714025,272.2521068431713,281.520263671875,9285213
2024-12-10,283.605591858255,288.2396701565925,281.2422232397706,285.5519104003906,17028502
2024-12-11,285.59827880590586,287.2202064314447,283.1885521054135,286.3860778808594,8608406
2024-12-12,285.4592263542335,290.8347459264571,284.9494890494117,286.4787292480469,12958440
2024-12-13,286.4787110833993,288.28598455476794,281.93732024527924,287.2665100097656,7382211
2024-12-16,287.312852341316,288.6103885982817,284.62509260527946,286.5714111328125,7221189
2024-12-17,288.2396571992186,289.3981767217235,284.8104280989368,286.24700927734375,10568517
2024-12-18,286.38605301799413,290.32501976662354,285.96897463682393,289.72259521484375,10965226
2024-12-19,283.9300180043784,290.46405789700987,279.1105646662039,289.86163330078125,12405595
2024-12-20,292.4103567676726,296.5810274664192,282.12269672059705,282.8641662597656,22214824
2024-12-23,284.16169754188377,287.915289790298,282.67878677410357,285.3665466308594,6693583
2024-12-24,284.9958234498559,286.5714214297508,280.63977841191365,282.9568176269531,8837902
2024-12-26,283.0494887847751,284.48606998705253,281.7519525548431,282.72509765625,6516148
2024-12-27,282.8641537919538,288.14698614034535,282.4007459569632,286.4787292480469,8063921
2024-12-30,286.4787370862806,286.7567704812143,280.5007645376725,281.47393798828125,13709891
2024-12-31,278.9252098649609,280.8251708291793,273.6423488030204,279.75933837890625,9337030
2025-01-01,278.04469001232695,281.149528040965,277.0715449109512,278.3227233886719,7878201
2025-01-02,276.19106978078577,282.1690421685679,275.4032708041073,281.56658935546875,8800435
2025-01-03,281.1031747648865,281.56658258895266,272.4838005509228,272.90087890625,12535720
2025-01-06,273.410653694224,276.0057265512119,269.28631218076066,272.7618713378906,9173687
2025-01-07,272.76182475384616,275.72764604174387,269.981377903005,272.5301208496094,7381943
2025-01-08,271.55701695097434,276.60817414308286,268.12778733451154,275.7740173339844,7937785
2025-01-09,275.2642479927618,276.1910636425691,270.0277452281845,270.908203125,7964702
2025-01-10,272.7618751997234,281.05688781918565,272.7618751997234,278.5544738769531,19505556
2025-01-13,277.07154659615924,277.34957997419525,269.0082392230916,270.49114990234375,9541248
2025-01-14,270.4447953470321,272.99353838444443,265.5790131846994,271.41796875,7670070
2025-01-15,271.55699612755757,273.1325941081773,268.4985156759664,271.23260498046875,4662694
2025-01-16,274.24474683452576,274.80084188471824,265.71805977352847,266.96923828125,10345666
2025-01-17,266.7375536965091,266.7375536965091,259.9718102340334,261.3157043457031,9358955
2025-01-20,279.8983557809898,283.04952366606057,275.2179475691818,278.27642822265625,39380165
2025-01-21,280.269095651396,283.466621513721,276.0057372630207,276.5155029296875,15619474
2025-01-22,277.44227646572944,287.3128576941961,277.44227646572944,286.4787292480469,30859317
2025-01-23,288.33238180897615,300.8443942745946,287.91530341312017,294.4493713378906,39904371
2025-01-24,295.65417273292104,298.8980272926866,293.42982097734375,296.6736755371094,17479586
2025-01-27,294.5419832505477,295.79318995414536,284.3006822925513,285.4128723144531,12372895
2025-01-28,287.35062133325425,290.75346340775667,285.03479064258164,286.9725341796875,12077491
2025-01-29,288.34308782643825,297.46460216342535,288.34308782643825,295.33782958984375,16338112
2025-01-30,293.96724683644317,296.5193855982624,289.19383523497476,292.0767822265625,9984186
2025-01-31,294.62890298718787,298.40983197594255,292.5966305787731,294.81793212890625,15597644
2025-02-01,295.4323310131383,296.0940051329207,286.73621153802355,288.1067810058594,6046117
2025-02-03,286.4053677265913,296.80292233052694,283.853229148964,296.4248352050781,14877076
2025-02-04,300.5838438735178,301.3872970241803,296.18851985026726,298.9296875,15366864
2025-02-05,300.39479956868666,303.8449203817731,297.6536317941544,299.733154296875,9628027
2025-02-06,302.4743050544479,305.87714675555,297.3227780080103,300.5365905761719,15062390
2025-02-07,301.5290945760859,301.5290945760859,296.802933219094,300.5838623046875,8589587
2025-02-10,301.3400164108601,303.4195388072079,298.5515987046184,301.5763244628906,12304840
2025-02-11,302.0017373569476,302.85244070702254,294.5344075233089,295.85772705078125,10627890
2025-02-12,296.2830952628925,298.4571181559513,292.40763681134194,293.2110900878906,9668342
2025-02-13,293.3055848247693,296.47211894662615,290.1390795491144,291.65142822265625,8832731
2025-02-14,293.0692598759002,295.29056152588134,287.87048228267616,291.22607421875,7371341
2025-02-17,291.22609799318985,293.3055918925202,285.46017478621457,288.626708984375,7507772
2025-02-18,288.626685037522,295.6213982025714,288.626685037522,295.1015319824219,10368789
2025-02-19,294.2035734470454,299.16604336061,291.4151264333233,296.8974914550781,7835672
2025-02-20,294.156270817703,297.0864675471898,293.25828869337806,296.1412353515625,7697134
2025-02-21,295.66862998951336,295.66862998951336,288.34308020740997,289.5718994140625,8722925
2025-02-24,286.3581358083803,286.68894403524723,277.2838999913071,278.8907775878906,12600963
2025-02-25,278.22913674738044,280.0723224476686,274.2118994222332,275.3461608886719,10810040
2025-02-27,277.8983249631924,279.59973174081216,275.393464878173,278.3709411621094,15555649
2025-02-28,277.8982784744178,277.8982784744178,261.8293303993664,262.4437255859375,17458839
2025-03-03,264.1451701244187,270.66726703631304,264.0033622065647,268.0205993652344,11471554
2025-03-04,263.7198371887207,267.5952957625268,261.1676981935743,264.6650695800781,9331785
2025-03-05,265.98837706354647,271.2344339047502,263.3889881055146,269.4857482910156,10285712
2025-03-06,272.6522725505603,276.0078357272572,267.9733610571144,270.2419128417969,9782051
2025-03-07,271.6597273991046,271.9433143656627,267.4061825165105,269.2021179199219,8097300
2025-03-10,268.87133904012046,270.00560049141563,262.727329095453,265.5157470703125,8165123
2025-03-11,261.82931438895844,264.0033368688717,258.2374436361807,262.5382385253906,8602609
2025-03-12,262.4910473077437,262.4910473077437,247.83994520322958,253.84214782714844,18584311
2025-03-13,253.84213163878306,256.2524913970794,248.9269408119973,249.5413360595703,8683943
2025-03-17,249.54134565076077,250.67563603310893,244.72065479508507,245.61863708496094,12697926
2025-03-19,247.65086801084897,251.9044134537834,242.2157821670994,251.1482391357422,14044300
2025-03-20,254.45654063767392,258.94639395573176,252.84963422746802,253.32225036621094,17038774
2025-03-21,249.54133197976765,254.78735980677095,245.9494607094484,249.82489013671875,22659168
2025-03-24,252.42428236018995,256.7723568503959,250.86465478386648,254.6455841064453,9269617
2025-03-25,257.10319130535055,259.65533011046506,254.59833142400558,256.157958984375,12563930
2025-03-26,257.10320157248844,257.33950966216906,252.14073168919592,252.755126953125,7308412
2025-03-27,255.21271378840623,258.56827682010726,254.83462664833004,257.292236328125,14783522
2025-03-28,256.15794356557956,256.96139675928714,247.27276605247096,247.8871612548828,14283389
2025-04-01,246.0912448189095,248.5961047438563,244.3425592254253,248.218017578125,8388635
2025-04-02,248.40703538229513,251.00642419139763,246.80015778984293,249.16323852539062,7136992
2025-04-03,245.66586581741328,246.23301095930432,241.31780594761577,242.310302734375,12262561
2025-04-04,239.14376814769022,240.0417359339805,231.44013079280504,232.8107147216797,14639785
2025-04-07,218.3959295353868,230.49490606696565,215.51296808645233,229.596923828125,13011904
2025-04-08,231.34559851975243,235.83545181073845,230.4948952443845,233.70867919921875,13806651
2025-04-09,227.5174180491881,229.0297955404645,221.184364347782,223.68922424316406,19063559
2025-04-11,231.58193100977988,231.58193100977988,225.29614150875497,226.6194610595703,11205821
2025-04-15,231.62918506230451,231.62918506230451,228.13182833028546,230.63668823242188,10694621
2025-04-16,230.636684557415,234.84296546902647,227.9900311942672,234.08677673339844,16203319
2025-04-17,222.12958628391345,224.77623955829924,219.4356685108047,223.92552185058594,54875421
2025-04-21,224.39814345384784,227.61194194493845,224.39814345384784,225.39064025878906,16298364
2025-04-22,225.39062766799265,225.91050829135835,220.71173090390033,221.3261260986328,18367713
2025-04-23,224.2090954124215,231.91274719916893,223.16934855141332,230.2585906982422,31898042
2025-04-24,231.3928528580686,231.72367548480838,228.27358361351259,229.4551239013672,23000820
2025-04-25,230.58941276645146,232.66892090635434,225.01254806083466,227.70645141601562,16620430
2025-04-28,227.32838439941406,228.69896844776324,225.67422775617507,227.32838439941406,14218414
2025-04-29,228.36811988020682,230.25858440099296,226.71396342451894,228.17906188964844,16647246
2025-04-30,228.3208545853652,230.06952560712693,226.09955301195748,228.27359008789062,14206640
2025-05-02,228.78400977633075,232.33809230334896,227.56466650756312,228.4437255859375,10822257
2025-05-05,230.6366828369607,233.34949494182297,229.4078779536191,230.23023986816406,12170446
2025-05-06,231.10930756389027,232.43262707313434,227.4323543313111,227.9805908203125,8869045
2025-05-07,223.08427003425385,231.06203295765368,223.08427003425385,230.6744842529297,9130056
2025-05-08,229.79543416856885,232.3664672806633,226.2035484011045,228.33978271484375,11434833
2025-05-09,223.64196529010107,229.64418166987357,223.54743629198492,228.7556610107422,10582438
2025-05-12,231.66699222533316,243.81323364097437,231.46850150960478,243.1893768310547,19791711
2025-05-13,242.87745343899135,242.87745343899135,236.89411676661243,237.79209899902344,11714159
2025-05-14,237.79208780407996,239.79597559027687,237.01699042377373,239.08705139160156,8839105
2025-05-15,239.3328220246312,243.0192367493687,236.89412089312503,242.5182647705078,12083645
2025-05-16,242.9246961862327,242.9246961862327,239.64473901773013,240.38201904296875,6640387
2025-05-19,240.38202690759667,240.78848430168534,237.5179741566736,237.9622344970703,6788784
2025-05-20,239.1437740127632,240.6561514753647,235.65586448725253,236.03396606445312,9366429
2025-05-21,236.03396558478877,238.3025173509805,234.51214099451252,237.1776885986328,5313593
2025-05-22,235.3628369261451,236.20409307558361,231.58190781889778,232.47042846679688,11469037
2025-05-23,232.62168031276735,236.77124963119516,232.14906415156557,233.8126678466797,7437642
2025-05-26,234.88078605521952,237.11153492316714,234.6066606035387,236.53494262695312,3690751
2025-05-27,237.24387249291274,237.24387249291274,234.4081754456129,234.6539306640625,6861143
2025-05-28,235.92051987121295,236.44040050667638,233.43456879761493,233.87881469726562,6205160
2025-05-29,235.97723016583672,237.95277656942864,234.51213168749553,236.44039916992188,11785042
2025-05-30,236.30808318573352,237.3572916520022,234.9091433717422,235.99615478515625,13858429
2025-06-02,234.0395216723142,234.81460465307967,232.7161878073705,234.11512756347656,5846259
2025-06-03,234.41760446060843,235.8354528746847,232.27192315550505,232.73509216308594,8573438
2025-06-04,233.00918980859203,236.12845902521863,233.00918980859203,233.34002685546875,6698150
2025-06-05,233.3778360063382,235.82599848753233,233.35894174603055,234.3608856201172,6468060
2025-06-06,233.56689394482285,236.28915300779786,233.56689394482285,234.97528076171875,4445411
2025-06-09,235.93000471693117,239.52187617524987,235.57081180185875,237.52743530273438,9193904
2025-06-10,239.04923769127885,241.7904199554018,238.03784665233175,240.91134643554688,10739851
2025-06-11,241.99836620570386,247.27277866210773,240.1835363199957,244.73956298828125,17268454
2025-06-12,245.76040860948171,248.59610563189884,242.28196051840519,245.39175415039062,14528657
2025-06-13,241.03424053378612,247.8871748234722,240.08900821796735,245.95889282226562,8692116
2025-06-16,245.76037625458824,250.77955701578418,243.86991182186065,248.4921112060547,10935361
2025-06-17,248.49213784277083,250.9119302683521,247.3294917073841,248.5110321044922,7528454
2025-06-18,248.50155762814506,251.0536962916646,246.73397790137986,247.2633056640625,5016660
2025-06-19,248.4543242342835,251.84770484460353,247.47127453207165,251.0347900390625,14184486
2025-06-20,251.43179669573433,252.5660870163008,248.47321492373445,251.94223022460938,12904674
2025-06-23,249.5413380806154,250.67562842855347,247.47127694565958,248.8229522705078,6214062
2025-06-24,250.95917814689415,253.93665415227815,250.21243654552836,250.4582061767578,6319428
2025-06-25,251.33726985871147,255.1749107967825,251.29001978086484,254.65504455566406,5331739
2025-06-26,254.36201736664765,256.44151111620823,252.55662021446423,253.8137664794922,8564099
2025-06-27,254.26749265816466,255.21272497287902,250.01394724195,250.5338134765625,8906108
2025-06-30,251.52632609502723,252.1312597797396,248.50157113286198,251.41290283203125,7119563
2025-07-01,250.95916994721514,253.6530877102388,249.25776338435804,250.06118774414062,3886095
2025-07-02,250.48656477910305,253.98393590129174,249.96669854162687,252.3770294189453,8750887
2025-07-03,253.70037065804607,256.01620157896735,251.85718478382634,252.42430114746094,9357962
2025-07-04,253.6058378300009,256.5360639982065,252.84966345907185,255.25999450683594,7141779
2025-07-07,255.2599601585324,255.73257628831766,252.66057144471353,253.0859375,4849218
2025-07-08,253.13319620480237,255.4962769342953,252.70785898121383,254.8818817138672,5519016
2025-07-09,253.3222519648968,254.64557139248834,250.34477604126582,253.13319396972656,11564433
2025-07-10,252.89689426334843,252.89689426334843,248.7378778478454,250.5338134765625,6911031
2025-07-11,246.70562687219976,247.6981092349297,243.63362193988308,244.1534881591797,13109857
2025-07-14,244.15348123884672,245.33502156394024,237.86769247858902,240.32530212402344,10388421
2025-07-15,240.08901126482797,245.6186261517818,238.95473535607098,243.30279541015625,8750149
2025-07-16,243.30279467156922,249.5413337854456,242.02672526365336,248.40704345703125,12179338
2025-07-17,249.3995501661673,249.87216632003677,243.86993539665417,246.32754516601562,7484171
2025-07-18,253.88940046833872,257.0086555065787,251.05370358041134,252.32977294921875,30319126
2025-07-21,252.32977117871144,252.51880032885998,245.0042209362998,246.0912322998047,12190000
2025-07-22,247.36730173748478,247.792638960103,244.57885494456423,245.47683715820312,6724044
2025-07-23,245.9966983750615,247.41454678068146,244.01170483795366,247.08370971679688,6510321
2025-07-24,247.6508733201784,248.97419282822142,245.99671672357414,247.50909423828125,8139900
2025-07-25,247.46180761756264,247.69811569544274,242.0267218263203,245.0042266845703,8427780
2025-07-28,244.81145305592867,244.81145305592867,239.99232996427654,241.0043487548828,8998911
2025-07-29,240.18509016724929,243.55847630641514,238.3056351167876,242.6910400390625,12923128
2025-07-30,242.35369126518586,243.36571003043403,240.18508592828098,241.14891052246094,6057152
2025-07-31,239.1248954869482,241.10072420393195,237.14905206316777,239.31765747070312,7338764
2025-08-01,237.58275644320048,237.96828038838186,233.43830785191935,233.96841430664062,7436999
2025-08-04,233.96842370230374,237.50565825051578,232.37811898107256,237.1490478515625,5234393
2025-08-05,237.1490492375832,238.01648550754334,235.68403170626723,237.0141143798828,7383968
2025-08-06,237.10085203381732,237.10085203381732,230.6528630949322,231.27935791015625,7700190
2025-08-07,230.46011719596964,234.38287595131794,229.97820486146313,233.5540008544922,6190830
2025-08-08,233.63108642890066,234.45034325413127,229.77578787590363,230.40228271484375,8922847
2025-08-11,230.40228132073725,235.89607878415703,229.98782908126344,232.87930297851562,3047287
2025-08-12,233.9202214560127,237.38034815129546,232.37811095979444,232.97567749023438,8101435
2025-08-13,234.10336623188985,234.10336623188985,231.43356786106628,232.90821838378906,5820844
2025-08-14,234.30578003705884,239.44295251771263,233.64073867053446,237.88156127929688,12857225
2025-08-18,239.64535848548027,240.00196889697452,235.9057141669896,236.33944702148438,5789317
2025-08-19,236.58040135331547,238.54659713751897,235.92499295404977,238.02613830566406,4090961
2025-08-20,236.4261804455338,243.74160572656993,236.4261804455338,241.76576232910156,10099384
2025-08-21,243.59704073359595,243.59704073359595,240.58026495468013,240.86941528320312,7607486
2025-08-22,242.8838065671094,243.84763119634394,238.65261703304154,239.64535522460938,13572686
2025-08-25,241.53445941620683,247.98244857751075,241.53445941620683,244.65724182128906,16391069
2025-08-26,243.8476307919132,245.60179867347316,242.21876481812083,242.9127197265625,15797327
2025-08-28,242.90307602481874,243.221139902678,240.06942939188718,241.58262634277344,5851451
2025-08-29,241.4380775577911,243.94402755887427,239.66464371134924,240.38751220703125,10117017
2025-09-01,240.39714881418757,243.8380099652114,240.37786820277304,241.3031463623047,3198345
2025-09-02,241.30312092650578,243.99218501688193,240.5706195447378,241.8524932861328,5046939
2025-09-03,242.78742009478904,243.26933241312472,240.1079887813865,240.53207397460938,3862765
2025-09-04,240.47424823197494,241.28385740180204,235.5972978954681,236.10812377929688,5021036
2025-09-05,237.19724983867712,238.37311707627845,232.54197506164175,234.8551483154297,6233782
2025-09-08,235.52018364088656,238.05504708592366,233.4383189416955,233.7467498779297,6596932
2025-09-09,236.1370204995084,240.81157556354356,236.1370204995084,240.1368865966797,12836972
2025-09-10,240.28147277531497,247.86678228493443,240.2332786045466,246.49813842773438,15261331
2025-09-11,246.44995580925047,246.44995580925047,243.0476560300271,244.72471618652344,5865301
2025-09-12,245.65963564141035,246.64272621209707,241.74650984950006,242.82598876953125,5345794
2025-09-15,242.40189244691152,242.68139511631705,240.57063154772504,242.18984985351562,3700703
2025-09-16,242.88379333468254,245.29335477649488,241.14890615521847,244.82107543945312,7316998
2025-09-17,244.13676684961214,246.25717796509528,243.70304873388994,244.9560089111328,7339871
2025-09-18,247.702927053092,250.4016242205289,246.73910243420838,247.6354522705078,10498239
2025-09-19,247.7029224504322,248.33905021670643,245.4861229268317,246.62344360351562,10741757
2025-09-22,239.5586090738771,242.67175843739852,238.26708762979038,241.2742156982422,15784007
2025-09-23,241.16820134485926,242.88380801860566,239.75137795487365,240.59954833984375,8674114
2025-09-24,239.34657654249048,240.1079915432284,235.41417021482334,235.7418670654297,7888797
2025-09-25,236.57075171358017,236.75388074576497,232.5516047845229,233.2455596923828,7957740
2025-09-26,232.71544644179085,232.81183478439056,226.50841367235438,227.22164916992188,16999628
2025-09-29,228.3107813425008,232.07932444027642,227.74211363791463,230.97093200683594,8894412
2025-09-30,231.2504327906244,232.76364449525963,230.3540829580416,230.710693359375,5590909
2025-10-01,231.317898033036,234.75875882553942,229.23603342110766,232.3491973876953,9479378
2025-10-03,232.262451171875,232.6672557446049,229.44808506613637,232.262451171875,10968346
2025-10-06,231.31791367809595,234.17084108444976,230.66251998193718,233.37086486816406,6064946
2025-10-07,234.11300061064694,236.1370382497925,233.38049917419653,234.72021484375,6587728
2025-10-08,234.45033594384577,237.43819811197406,233.7949422695343,235.43344116210938,7360563
2025-10-09,235.16356780872852,237.8719125627567,234.36359163149092,237.4863739013672,4629760
2025-10-10,239.02851172567705,242.16094181885626,237.34181859858052,239.70318603515625,7070200
2025-10-13,237.15867892104916,238.7393506780979,235.66474784844178,236.2623291015625,6717589
2025-10-14,236.908088103363,241.10071626242086,236.2430467805369,239.4333038330078,7888607
2025-10-15,240.9561596908066,243.00911087754727,239.5489692472217,241.1585693359375,13278925
2025-10-16,241.34168090575858,244.87893023158037,239.79957032543737,244.62832641601562,10661302
2025-10-17,240.95615856523548,240.95615856523548,230.4601088864057,232.1853485107422,43802251
2025-10-20,232.18534996856562,233.18773583029687,230.6143258054781,232.5130615234375,9871824
2025-10-21,232.28173043872368,233.3997705132051,231.66488327811263,232.6287078857422,2082336
2025-10-23,235.94426887525432,238.83574272248345,234.5659920272076,235.4623565673828,18964626
2025-10-24,236.13702377747413,236.98519412007408,233.39976548046016,234.19009399414062,6803979
2025-10-27,234.48889027997774,236.84062475552142,234.26721473060016,235.0864715576172,9550336
2025-10-28,234.8455107449142,235.84788188003014,232.6672576885254,233.61181640625,8780789
2025-10-29,234.78768218729533,234.78768218729533,232.8985794701761,233.5154266357422,8776917
2025-10-30,234.10335279619028,235.9153477216527,231.7998126269634,233.16844177246094,8344622
2025-10-31,233.3515786248974,234.3925109761388,231.7998204031574,231.9636688232422,5659566
2025-11-03,231.96368363562567,232.56125023018706,230.83601052647072,231.79983520507812,4902693
2025-11-04,231.79982545899986,232.1275223063169,228.92763215541518,229.3131561279297,6848284
2025-11-06,231.31790995337695,231.91547651458157,229.74687110876866,231.36610412597656,7141517
2025-11-07,230.06493493145234,230.59504141629742,227.46261138660896,227.9348907470703,5520619
2025-11-10,228.85052305418253,232.81184288134213,228.44571847341837,231.1636962890625,8566758
2025-11-11,232.37812434127608,233.29375479906906,230.1709577011974,232.94677734375,8831094
2025-11-12,233.96842732113487,237.39000767542942,233.34194719866818,236.3490753173828,13152546
2025-11-13,237.10085410780368,237.10085410780368,235.17320488741504,236.45509338378906,6211124
2025-11-14,235.09609753988767,237.00446615330358,233.39012385913895,235.52981567382812,6841554
2025-11-17,235.14429729370875,235.92499289469308,233.91060293789207,235.22140502929688,6559062
2025-11-18,234.14191134174817,235.17321075966981,231.6070625542637,232.1853485107422,4730012
2025-11-19,232.47448403171438,237.92010169243312,231.83835628399785,237.16831970214844,13298452
2025-11-20,238.54658822676524,238.83573854779328,236.8213486657317,237.3514404296875,6705862
2025-11-21,236.13703782780354,238.30564327724255,234.7973221606442,235.64549255371094,5516450
2025-11-24,236.15631523428277,240.3585912142264,236.15631523428277,238.32492065429688,19711070
2025-11-25,239.02851779723068,239.02851779723068,235.1732191230818,236.75389099121094,8188793
2025-11-26,237.10085474589258,241.4862596754381,236.7345966868582,241.1392822265625,8202096
2025-11-27,241.34168313978205,242.80670070542558,238.72972661020898,240.53207397460938,5268129
2025-11-28,241.91998195093092,242.87417362837147,239.60680872336184,240.50315856933594,7049965
2025-12-01,241.05254706736605,241.67902719732234,239.85739922566225,241.2260284423828,3865446
2025-12-02,240.95616195066575,242.3537047486202,239.8670353924737,241.12001037597656,8535708
2025-12-03,241.53446219198148,247.8282359543822,241.48626801831776,245.47650146484375,17215454
2025-12-04,246.73910243420838,249.43779960164528,246.25719012476657,247.6354522705078,10687381
2025-12-05,248.8595280516743,251.65461356024184,248.37761574283184,250.50765991210938,7886562
2025-12-08,250.60404922775925,253.55335021621693,250.31488419317733,251.9244842529297,9684253
2025-12-09,251.92448366960394,252.34856885513423,247.75110659690662,248.0980987548828,8560580
2025-12-10,248.67640501776216,250.95101705182338,247.94388887830812,248.64749145507812,7944200
2025-12-11,248.96552354276986,250.5751235245322,248.39687057331622,249.87152099609375,6473376
2025-12-12,250.11248602204785,251.3847415651217,248.04988724037423,251.17269897460938,4008271
2025-12-15,250.584745567307,253.0039546988724,249.1872175609352,252.2714385986328,4023911
2025-12-16,252.27144831941544,252.28109597802998,249.43780156451172,249.84262084960938,2982041
2025-12-17,249.63057745696057,252.6473532343335,248.9655361137368,251.69317626953125,4923276
2025-12-18,251.73172045075162,255.40389009327302,251.5582390692769,254.30514526367188,9008412
2025-12-19,257.3411791797771,257.3411791797771,253.77501624218536,254.88343811035156,12750745
2025-12-22,257.8327523758314,263.22052886625846,257.148415667767,262.80609130859375,14651313
2025-12-23,262.1603013976354,262.62294781252496,260.43504706071974,261.5820007324219,7572420
2025-12-24,261.1386430787878,261.1772042991256,257.53394843742046,258.3628234863281,4694861
2025-12-26,257.5339390398559,259.1531572718402,256.1267339780104,256.6664733886719,2899112
2025-12-29,256.3677081449363,257.71708618004163,254.0641825363549,254.68101501464844,3755074
2025-12-30,254.44971023637032,255.1436651681042,253.50515148068982,254.11236572265625,5117699
2025-12-31,254.4497074877141,255.0280081601777,251.80883736022957,253.75575256347656,5705044
2026-01-01,254.93162167792454,258.35318744351383,254.20875318545407,257.67852783203125,3639755
2026-01-02,257.6784942347598,262.5457963506695,256.52189303217216,259.268798828125,8286204
2026-01-05,259.70255406352106,259.89530133820665,252.23291330341655,253.77500915527344,7006599
2026-01-06,253.7750070466501,256.4737335921618,253.4376919653548,255.9918212890625,4083654
2026-01-07,255.41352165429623,262.6422062294178,254.93160934928812,261.0036926269531,10242615
2026-01-08,261.1000850822397,261.1000850822397,251.8955716770777,252.71482849121094,9269522
2026-01-09,251.89557628471195,254.40152623877253,251.02813998888934,252.473876953125,4735387
2026-01-12,251.26908695640975,254.9316086997018,249.67875282306102,253.58226013183594,3802164
2026-01-13,253.9196028628292,255.2689514213191,251.84735644009945,254.64247131347656,6931244
2026-01-14,254.4497075731208,254.4497075731208,250.2088849962876,250.7871856689453,5625861
2026-01-16,253.72682723776734,260.0398666343716,253.4858710865444,257.77490234375,12028289
2026-01-19,242.88379986846235,242.88379986846235,232.81183571210164,237.0526580810547,65833247
2026-01-20,237.05265351593278,237.10084768649656,230.73959954877458,231.2215118408203,16796201
2026-01-21,231.22153085790316,233.82386921441923,229.0047458976076,230.8842010498047,14397792
2026-01-22,233.24555079315903,234.11298704148953,230.54683899964755,231.9443817138672,8537915
2026-01-23,233.53469674981093,234.73947746487724,229.24568034553408,229.77577209472656,13546802
2026-01-27,232.54415887455278,233.73060566282555,229.133118700835,232.148681640625,15677537
2026-01-28,232.8407751991807,235.41142248862946,232.29698268566392,234.66989135742188,10155128
2026-01-29,233.53286864540675,238.179794065089,232.79133751184608,237.09222412109375,12201949
2026-01-30,235.31254535287096,235.31254535287096,232.64303630103964,234.22496032714844,11362317
2026-02-02,241.24479625234574,241.32389471723346,236.58797408007496,239.56399536132812,12335721
2026-02-03,256.28304914464417,256.9553936654125,239.54422622894785,239.94960021972656,25915412
2026-02-04,233.2461570142917,233.25603866523716,223.70511375338745,230.70516967773438,25995324
2026-02-05,230.70516972657904,232.90999989357695,229.0836888682677,230.75460815429688,10102736
2026-02-06,230.29979806673384,230.29979806673384,226.01870475724127,228.11476135253906,12279085
2026-02-09,229.23199706912882,230.29978862509608,227.0172853196085,227.4819793701172,9112474
2026-02-10,227.38311204673963,230.23059654595468,224.63450440404904,228.85629272460938,12435622
2026-02-11,228.85628607253213,230.36900839714787,226.90852973023792,227.21502685546875,7874912
2026-02-12,223.64579895262358,223.70511903267632,216.03274858721431,216.606201171875,40899346
2026-02-13,208.27137256697807,214.035543080168,206.64989175146505,211.6725311279297,23721186
2026-02-16,212.19654190349303,214.4606920536062,207.73747350293795,210.85189819335938,20754327
2026-02-17,210.85190209079795,216.91268809220367,209.8631939058503,213.2544708251953,26941553
2026-02-18,213.75871154399292,213.95645016828723,207.8857823748628,209.55670166015625,22679760
2026-02-19,211.5835471232585,213.00728929344024,208.02419169780424,208.82505798339844,14151588
2026-02-20,207.33211373068798,209.56660399572445,205.89848980814543,207.4903106689453,17690420
2026-02-23,207.98465123840498,209.34907334064056,201.97330375460703,203.56512451171875,20946229
2026-02-24,200.70775660195747,200.9944753304764,197.10885950083022,197.8800506591797,25036686
2026-02-25,199.0368410208734,203.1597523152721,199.0368410208734,199.63995361328125,13979068
2026-02-26,201.40975565647489,202.31936539730586,196.87157351677192,198.8094482421875,14378069
2026-02-27,201.69647751747044,201.69647751747044,197.7910830534253,198.69081115722656,13288519
2026-03-02,192.79809388477366,198.0975702996301,192.50147841534536,196.32778930664062,10486866
2026-03-04,193.79668574400895,194.8941524318745,192.31362346778468,193.34188842773438,19562075
2026-03-05,194.18228431846163,194.74585523360835,191.03819948603214,193.4704132080078,13149281
2026-03-06,193.39132670391479,196.68371167846257,192.79809575929033,193.19357299804688,9022914
2026-03-09,191.8093886657331,197.24728370522553,190.85034051548527,196.50575256347656,25862728
2026-03-10,198.23599552495915,199.03684675887746,195.1907724366907,198.6611328125,12982340
2026-03-11,200.40126932343745,203.62445265408158,199.30380260783787,199.9464569091797,29199002
2026-03-12,198.78967321086512,201.49873917722337,197.44502942203997,200.22329711914062,19042475
2026-03-13,198.33487150232247,199.78827376725542,193.82634942522014,195.34896850585938,12629652
2026-03-16,194.02410546172283,196.05094523243446,190.59328675018614,192.9068603515625,12631649
2026-03-17,192.79809150296356,192.90685000419404,186.12431141247635,189.15965270996094,21778468
2026-03-18,190.8206791535338,195.76422006424713,190.5141820309079,192.1060028076172,24529164
2026-03-19,189.81219692550877,190.61304815752558,185.560748627745,186.2825164794922,13685195
2026-03-20,189.0311185851019,190.12858526393205,186.28251106271452,188.744384765625,24395304
2026-03-23,187.27122739211956,188.4675558887426,184.88843696343739,185.42233276367188,12014988
2026-03-24,189.33762442635032,189.33762442635032,185.67940702392252,186.60879516601562,11843191
2026-03-25,186.8658447771559,188.46754719042633,185.7782597517936,186.915283203125,13862888
2026-03-27,186.91528404898315,190.11868889002054,185.7782605925063,189.43649291992188,26269256
2026-03-30,187.84468006738422,189.46616094402066,184.3940829499458,185.52120971679688,27946986
2026-04-01,189.34750048944647,192.29386176497866,188.25993052973445,189.02122497558594,11769673
2026-04-02,188.3489148575087,193.1342589948106,186.4505968960953,192.70912170410156,16623045
2026-04-06,194.7755218511451,198.90831502251189,193.89557212745996,195.06224060058594,23282287
2026-04-07,194.785393724234,202.95213297211242,194.785393724234,202.40834045410156,24771466
2026-04-08,205.35468616494666,206.64000981747287,200.51002211291274,201.12301635742188,22084158
2026-04-09,201.40974996967785,201.8546656333442,199.35323514506428,200.5792236328125,14540807
2026-04-10,206.34340110912888,206.34340110912888,198.35463693487117,202.56654357910156,51219565
2026-04-13,200.71764227509874,201.10323786200135,198.04813320527367,200.6781005859375,21930624
2026-04-15,204.1682443539207,208.11319552342096,202.78405890137145,207.3815460205078,27890080
2026-04-16,210.57506011256086,210.57506011256086,205.85893304222714,207.88577270507812,36305074
2026-04-17,202.6851774819952,204.11880132981383,200.2134070248977,202.0128631591797,80542603
2026-04-20,202.19082884058898,202.8829215699336,199.71905831686541,200.19363403320312,27927164
2026-04-21,200.70777025254299,203.37727945042653,200.1936377498463,202.695068359375,21530723
2026-04-22,201.20211806951784,203.06089430736998,199.91679439624752,201.69647216796875,21790433
2026-04-23,201.69647787313727,202.58630924092267,200.01567690815918,200.47047424316406,20307250
2026-04-24,200.46059172429597,200.46059172429597,195.64558751770736,197.10887145996094,39363394
2026-04-27,197.1088670767416,202.9323577630474,197.1088670767416,202.734619140625,42632215
2026-04-28,202.25014872750128,203.35749709340243,198.7501283072838,199.30380249023438,23455983
2026-04-29,199.30380212644286,201.30099692828904,198.03825682872588,198.41395568847656,15667662
2026-04-30,198.6215879996505,199.8673548898837,197.74163831261896,198.38429260253906,15300274
2026-05-04,200.11453203796404,201.0735801911796,197.80095848930563,198.48316955566406,8446995
2026-05-05,197.74164115770049,200.015673048312,197.34616390998104,197.5241241455078,8899200
2026-05-06,198.2458705308143,198.85887985748613,196.01139548878703,196.87156677246094,13166683
2026-05-07,197.2472894503983,198.01848065336037,194.96337588112686,195.13145446777344,19303572
2026-05-08,195.76422731131214,196.69361545076993,194.47890360964692,195.6752471923828,15970687
2026-05-11,195.64558361432836,196.00151917009842,193.93510756456368,194.45912170410156,9199527
2026-05-12,193.88567590965667,193.92521759794002,186.964718800399,187.42941284179688,27435195
2026-05-13,188.51698520689447,189.13987618247523,185.19492514794618,185.6793975830078,17242394
2026-05-14,186.12431340514985,188.03251293586302,184.88842818997622,186.1737518310547,18280387
2026-05-15,187.75567637057486,189.73309272028703,186.66810643012684,187.85455322265625,17902610
2026-05-18,188.83337738613744,190.57349832099325,187.0635813268366,190.0000457763672,16327369
2026-05-19,190.22744541611505,195.76421718940094,190.22744541611505,192.96617126464844,20534622
2026-05-20,192.41249770295815,195.70489772176057,191.81926676594372,194.89414978027344,16201692
2026-05-21,196.25856981438196,197.7811737431486,195.269861654108,197.4845733642578,18980608
2026-05-22,197.74164513500358,203.08066351905256,196.58485832134264,200.8165283203125,40014399
2026-05-25,204.6625914594157,207.18380031353246,201.7557870219509,204.50439453125,72041558
2026-05-26,204.65271807734212,206.33351901916558,200.64844680449008,201.4295196533203,46458415
2026-05-27,201.54817434786398,203.66400931070504,197.9393803347562,199.30380249023438,39465643
2026-05-29,208.6174296235513,208.6174296235513,201.35041833903546,201.9436492919922,82734524
2026-06-01,202.78406404150158,205.40413481684354,202.78406404150158,204.0792694091797,26491139
2026-06-02,205.65130059655002,207.80667717859504,204.1781199832558,207.47052001953125,42476874
2026-06-03,205.6513050563035,206.046782300662,199.71905587198705,201.79534912109375,62282204
2026-06-04,200.7077611163172,202.7741575976932,199.81792978635795,202.0128631591797,40659957
2026-06-05,189.3573934689589,196.7529263768986,186.0254366679845,196.13003540039062,43539069
2026-06-08,191.20627694364634,191.70063104041222,178.95618302924748,179.7075958251953,75164049
2026-06-09,181.8926537660442,182.26836772005944,178.5607118680362,179.61862182617188,28381665
2026-06-10,180.04376407844163,180.2316059583898,176.4844086261751,176.9095458984375,16935979
2026-06-11,174.9716949876097,176.18780187459916,173.844568219707,175.36717224121094,14468882
2026-06-12,176.63271533495106,178.4123931267533,175.5649237463597,178.10589599609375,13850153
2026-06-15,180.93359633950593,180.93359633950593,178.86719987092152,179.33189392089844,13870660
2026-06-16,180.33049322515495,181.30931980268286,179.57908040249603,180.60733032226562,11706020
2026-06-17,181.92231459128,183.15819988062296,181.50705894443965,182.3870086669922,16131548
2026-06-18,182.38700509722617,182.6737238406862,179.65817586290345,180.77540588378906,18165845
2026-06-19,174.7640487007675,179.43075241675308,172.91516927167407,178.75843811035156,37469436
2026-06-22,178.7979825340377,180.34036487136882,177.96747128878084,178.1454315185547,10368112
2026-06-23,177.47312174316596,177.47312174316596,172.03522664797148,172.5196990966797,23954730
2026-06-24,169.56345003957682,173.50840104306232,169.553568389078,172.50979614257812,56627728
2026-06-25,174.01264927455358,174.39824488255462,170.74002743214902,173.02394104003906,21544904
2026-06-29,174.2894741882829,174.6948481568508,172.62845171194016,173.49850463867188,24484011
2026-06-30,173.02393352580475,173.41941076783928,168.12983099480138,168.4659881591797,26845383
2026-07-01,169.0690946075389,170.2061029518828,167.33885533523951,168.20892333984375,34638511
2026-07-02,167.57616384420143,172.99428073688537,167.0916913788894,172.0352325439453,43447174
2026-07-03,174.21037599219633,176.1284722498395,172.61855524001209,174.09173583984375,29538753
2026-07-06,174.09174456499278,174.30926157953363,171.61009237280982,172.35162353515625,8304046
2026-07-07,171.93635542159686,174.210387371323,170.81912537882604,171.04652404785156,18837725
2026-07-08,171.04652093074372,173.4194146084817,170.29510811964104,170.76968383789062,16482564
2026-07-09,171.0465147541525,172.32194166541998,169.71175267956764,170.80921936035156,10270117
2026-07-10,173.25133076236907,175.21886547857812,173.0239321043918,173.47874450683594,16249590
2026-07-13,172.62845263285115,177.91803229401972,172.39115724075515,176.41519165039062,22417855
2026-07-14,176.48441426759663,178.46183067395626,174.71463322196033,175.1397705078125,14461463
2026-07-15,173.14258103959983,174.60588008759453,172.51970511124802,172.67788696289062,10398720
2026-07-16,173.61716675469336,175.98017876012347,173.42930978198925,175.73300170898438,11184572
2026-07-17,171.59031737522906,174.26970824635646,171.59031737522906,174.0126495361328,22960032
2026-07-20,175.0013456767054,175.79231522813527,173.8643373184864,174.3883514404297,10183661
2026-07-21,174.12140471814374,175.49570853646264,172.52958388514213,172.99427795410156,11350578
2026-07-22,172.79653613611436,172.984393107733,171.46177403307956,172.4702606201172,5057035
2026-07-23,171.84737282841516,173.5776122086231,171.3530187197843,172.84597778320312,9055905
2026-07-24,172.0352302981391,175.89118632194962,170.84878345131204,175.1199951171875,13282944
2026-07-27,177.5,178.77999877929688,175.61000061035156,178.52999877929688,12504426
2026-07-28,178.5500030517578,181.6999969482422,178.5500030517578,181.1199951171875,26873060
2026-07-29,183.0,185.75999450683594,181.4499969482422,183.61000061035156,26147867
2026-07-30,183.39999389648438,191.33999633789062,183.39999389648438,186.3300018310547,54015268
2026-07-31,184.85000610351562,185.24000549316406,180.8300018310547,183.64999389648438,18762810
2026-08-03,184.02000427246094,189.80999755859375,184.02000427246094,188.66000366210938,15840516
2026-08-04,189.0,189.39999389648438,186.3000030517578,186.3000030517578,11903457
2026-08-05,187.0,188.5399932861328,186.07000732421875,186.99000549316406,8829250
2026-08-06,186.0,188.24000549316406,185.41000366210938,186.1199951171875,6629768
2026-08-07,185.8699951171875,188.3699951171875,185.64999389648438,187.52999877929688,7823102
2026-08-10,187.52999877929688,187.88999938964844,185.0,185.5,5337618
2026-08-11,185.5,187.47999572753906,183.30999755859375,184.60000610351562,9182421
2026-08-12,184.50999450683594,185.0,181.91000366210938,183.94000244140625,8624548
2026-08-13,183.49000549316406,183.75,181.72000122070312,183.10000610351562,5434084
2026-08-14,183.5500030517578,185.83999633789062,183.10000610351562,184.0,7366162
2026-08-17,183.5,183.7100067138672,181.0,181.89999389648438,4436515
2026-08-18,181.89999389648438,181.99000549316406,178.05999755859375,178.05999755859375,7074731
2026-08-19,179.05999755859375,179.9499969482422,178.22000122070312,179.5500030517578,5964187
2026-08-20,181.55999755859375,182.4600067138672,180.50999450683594,181.0,5364164
2026-08-21,180.60000610351562,181.75999450683594,180.0,180.7899932861328,4637869
2026-08-24,181.0,183.9199981689453,180.55999755859375,181.30999755859375,9441129
2026-08-25,181.2899932861328,181.2899932861328,178.38999938964844,180.08999633789062,8352475
2026-08-26,180.08999633789062,180.9499969482422,176.66000366210938,177.35000610351562,9355776
2026-08-27,177.35000610351562,178.6999969482422,176.39999389648438,176.39999389648438,4695019
2026-08-28,178.25,181.85000610351562,178.25,180.9499969482422,14686269
2026-08-31,180.1699981689453,184.5,176.1699981689453,184.5,16666567
2026-09-01,181.0,182.10000610351562,178.5,181.6999969482422,6813425
2026-09-02,180.0,180.38999938964844,176.8000030517578,177.08999633789062,12056634
2026-09-03,177.5,178.0399932861328,175.72000122070312,175.72000122070312,6496396
2026-09-04,176.74000549316406,178.75,176.39999389648438,176.39999389648438,6882678
2026-09-07,175.88999938964844,176.47000122070312,172.64999389648438,172.8000030517578,10720636
2026-09-08,172.8000030517578,172.89999389648438,171.1300048828125,171.5,6948945
2026-09-09,168.6999969482422,169.14999389648438,166.3699951171875,167.0,12001620
2026-09-10,167.89999389648438,169.19000244140625,166.0,166.3000030517578,9586645
2026-09-11,165.1999969482422,167.75,165.16000366210938,167.39999389648438,8484897
2026-09-15,172.1999969482422,173.35000610351562,169.00999450683594,170.0,11722173
2026-09-16,170.02000427246094,170.88999938964844,166.11000061035156,166.88999938964844,11030339
2026-09-17,165.75,167.60000610351562,165.02000427246094,166.39999389648438,9129514
2026-09-18,166.89999389648438,166.89999389648438,163.3000030517578,166.8300018310547,23606474
2026-09-21,165.24000549316406,165.5,163.33999633789062,164.5500030517578,9282035
2026-09-22,164.80999755859375,166.0,163.2100067138672,166.0,14726893
2026-09-23,164.6999969482422,165.6999969482422,164.10000610351562,164.89999389648438,10856986
2026-09-24,164.16000366210938,165.6699981689453,163.36000061035156,163.63999938964844,7033397
2026-09-25,163.0500030517578,164.5,161.66000366210938,164.02000427246094,9700283
2026-09-28,164.02000427246094,164.4499969482422,160.97000122070312,161.55999755859375,10309220
2026-09-29,161.0,162.42999267578125,156.7899932861328,156.7899932861328,164453787
2026-09-30,157.00999450683594,161.72999572753906,157.00999450683594,158.5,15966068
